================================================================================
CRAWLER V2
================================================================================
Fuente: ADA Bolivia
URL configurada: https://www.adascz.com.bo
Timeout HTTP: 15 s
Pausa HTTP:   aleatoria 0.30s - 0.90s


Resolución de fuente:
  Original: https://www.adascz.com.bo
  Utilizada: https://www.adascz.com.bo/
  Fallback: sí
  Intentos: 1
    - usable         | HTTP=200 | https://www.adascz.com.bo/

URL de trabajo: https://www.adascz.com.bo/
Seeds: 1
Máx páginas: 10000
Máx archivos: 100000
Máx profundidad: 20

[FULL_3_ADA] t=   0.0s | pag=  0 | files=   0 | data=  0 | cola=   0 | prio= 0 | https://www.adascz.com.bo/
[FULL_3_ADA] DATASETS=1 | data_html_table | https://www.adascz.com.bo/
[FULL_3_ADA] t=   1.7s | pag=  1 | files=   1 | data=  1 | cola=  34 | prio=10 | https://www.adascz.com.bo/publicaciones/boletin-ada-informa
[FULL_3_ADA] t=   2.6s | pag=  2 | files=   1 | data=  1 | cola=  72 | prio=10 | https://www.adascz.com.bo/publicaciones/boletin-de-precios
[FULL_3_ADA] t=   4.7s | pag=  3 | files=1070 | data=  1 | cola=1142 | prio=10 | https://www.adascz.com.bo/publicaciones/recetarios
[FULL_3_ADA] t=   5.0s | pag=  4 | files=1070 | data=  1 | cola=1149 | prio=10 | https://www.adascz.com.bo/publicaciones/recetas
[FULL_3_ADA] t=   5.8s | pag=  5 | files=1070 | data=  1 | cola=1152 | prio=10 | https://www.adascz.com.bo/publicaciones/memorias
[FULL_3_ADA] t=   6.7s | pag=  6 | files=1071 | data=  1 | cola=1152 | prio=10 | https://www.adascz.com.bo/publicaciones/estadisticas-del-sector
[FULL_3_ADA] t=   7.6s | pag=  7 | files=1072 | data=  1 | cola=1151 | prio=10 | https://www.adascz.com.bo/publicaciones/notas-de-prensa
[FULL_3_ADA] t=   8.5s | pag=  8 | files=1072 | data=  1 | cola=1158 | prio=10 | https://www.adascz.com.bo/publicaciones/anuncios
[FULL_3_ADA] t=   9.2s | pag=  9 | files=1072 | data=  1 | cola=1157 | prio=10 | https://www.adascz.com.bo/publicaciones/produccion-de-pollo
[FULL_3_ADA] t=   9.9s | pag= 10 | files=1072 | data=  1 | cola=1156 | prio=10 | https://www.adascz.com.bo/publicaciones/produccion-de-huevo
[FULL_3_ADA] t=  10.8s | pag= 11 | files=1072 | data=  1 | cola=1155 | prio=10 | https://www.adascz.com.bo/publicaciones/notas-de-prensa/este-3-de-julio-el-dia-latinoamericano-del-pollo-celebra-a-la-cadena-productiva-y-lanza-una-guia-para-los-consumidores
[FULL_3_ADA] t=  11.4s | pag= 12 | files=1072 | data=  1 | cola=1154 | prio=10 | https://www.adascz.com.bo/publicaciones/notas-de-prensa/dia-latinoamericano-del-pollo-se-celebra-este-viernes-con-foco-en-seguridad-alimentaria-y-desarrollo-regional
[FULL_3_ADA] t=  11.9s | pag= 13 | files=1072 | data=  1 | cola=1153 | prio=10 | https://www.adascz.com.bo/publicaciones/notas-de-prensa/bolivia-se-declara-libre-de-influenza-aviar-de-alta-patogenicidad
[FULL_3_ADA] t=  12.6s | pag= 14 | files=1072 | data=  1 | cola=1152 | prio=10 | https://www.adascz.com.bo/publicaciones/notas-de-prensa/santa-cruz-consolida-liderazgo-avicola-con-el-cierre-exitoso-del-2do-seminario-internacional-de-bioseguridad-y-productividad-avicola-sibpa
[FULL_3_ADA] t=  13.7s | pag= 15 | files=1072 | data=  1 | cola=1151 | prio=10 | https://www.adascz.com.bo/publicaciones/notas-de-prensa/ada-y-la-universidad-evangelica-boliviana-firman-convenio-para-impulsar-la-innovacion-e-investigacion-avicola-en-santa-cruz
[FULL_3_ADA] t=  14.6s | pag= 16 | files=1072 | data=  1 | cola=1150 | prio=10 | https://www.adascz.com.bo/publicaciones/notas-de-prensa/santa-cruz-mantiene-un-crecimiento-avicola-sostenido-y-preve-un-2026-con-mayor-desarrollo-del-sector
[FULL_3_ADA] t=  15.6s | pag= 17 | files=1072 | data=  1 | cola=1149 | prio=10 | https://www.adascz.com.bo/publicaciones/anuncios/productor-asociado-solicite-apoyo-de-ada-para-la-renovacion-del-registro-sanitario-de-su-granja
[FULL_3_ADA] t=  16.7s | pag= 18 | files=1072 | data=  1 | cola=1148 | prio=10 | https://www.adascz.com.bo/publicaciones/anuncios/conozca-los-servicios-que-brinda-ada-a-sus-asociados-y-productores-no-afiliados
[FULL_3_ADA] t=  17.7s | pag= 19 | files=1072 | data=  1 | cola=1147 | prio=10 | https://www.adascz.com.bo/boletin-ada/boletin-ada-informa-039
[FULL_3_ADA] t=  18.3s | pag= 20 | files=1073 | data=  1 | cola=1146 | prio=10 | https://www.adascz.com.bo/boletin-ada/boletin-ada-informa-038
[FULL_3_ADA] t=  19.4s | pag= 21 | files=1074 | data=  1 | cola=1145 | prio=10 | https://www.adascz.com.bo/boletin-ada/boletin-ada-informa-037
[FULL_3_ADA] t=  20.4s | pag= 22 | files=1075 | data=  1 | cola=1144 | prio=10 | https://www.adascz.com.bo/boletin-ada/boletin-ada-informa-036
[FULL_3_ADA] t=  21.1s | pag= 23 | files=1076 | data=  1 | cola=1143 | prio=10 | https://www.adascz.com.bo/boletin-ada/boletin-ada-informa-035
[FULL_3_ADA] t=  21.9s | pag= 24 | files=1077 | data=  1 | cola=1142 | prio=10 | https://www.adascz.com.bo/boletin-ada/boletin-ada-informa-034
[FULL_3_ADA] t=  22.5s | pag= 25 | files=1078 | data=  1 | cola=1141 | prio=10 | https://www.adascz.com.bo/boletin-ada/boletin-ada-informa-033
[FULL_3_ADA] t=  23.6s | pag= 26 | files=1079 | data=  1 | cola=1140 | prio=10 | https://www.adascz.com.bo/boletin-ada/boletin-ada-informa-032ok
[FULL_3_ADA] t=  24.6s | pag= 27 | files=1080 | data=  1 | cola=1139 | prio=10 | https://www.adascz.com.bo/boletin-ada/boletin-ada-informa-031
[FULL_3_ADA] t=  25.4s | pag= 28 | files=1081 | data=  1 | cola=1138 | prio=10 | https://www.adascz.com.bo/boletin-ada/boletin-ada-informa-030
[FULL_3_ADA] t=  26.3s | pag= 29 | files=1082 | data=  1 | cola=1137 | prio=10 | https://www.adascz.com.bo/boletin-ada/boletin-ada-informa-029
[FULL_3_ADA] t=  27.1s | pag= 30 | files=1083 | data=  1 | cola=1136 | prio=10 | https://www.adascz.com.bo/boletin-ada/boletin-ada-informa-28
[FULL_3_ADA] t=  28.1s | pag= 31 | files=1084 | data=  1 | cola=1135 | prio=10 | https://www.adascz.com.bo/boletin-ada/boletin-ada-informa-027
[FULL_3_ADA] t=  28.7s | pag= 32 | files=1085 | data=  1 | cola=1134 | prio=10 | https://www.adascz.com.bo/boletin-ada/boletin-ada-informa-026
[FULL_3_ADA] t=  29.4s | pag= 33 | files=1086 | data=  1 | cola=1133 | prio=10 | https://www.adascz.com.bo/boletin-ada/boletin-ada-informa-025
[FULL_3_ADA] t=  30.5s | pag= 34 | files=1087 | data=  1 | cola=1132 | prio=10 | https://www.adascz.com.bo/boletin-ada/boletin-ada-informa-024
[FULL_3_ADA] t=  31.1s | pag= 35 | files=1088 | data=  1 | cola=1131 | prio=10 | https://www.adascz.com.bo/boletin-ada/boletin-ada-informa-023
[FULL_3_ADA] t=  31.8s | pag= 36 | files=1089 | data=  1 | cola=1130 | prio=10 | https://www.adascz.com.bo/boletin-ada/boletin-ada-informa-23
[FULL_3_ADA] t=  32.7s | pag= 37 | files=1090 | data=  1 | cola=1129 | prio=10 | https://www.adascz.com.bo/boletin-ada/boletin-ada-informa-021
[FULL_3_ADA] t=  33.7s | pag= 38 | files=1091 | data=  1 | cola=1128 | prio=10 | https://www.adascz.com.bo/boletin-ada/boletin-ada-informa-020
[FULL_3_ADA] t=  34.7s | pag= 39 | files=1092 | data=  1 | cola=1127 | prio=10 | https://www.adascz.com.bo/boletin-ada/boletin-ada-informa-019
[FULL_3_ADA] t=  35.6s | pag= 40 | files=1093 | data=  1 | cola=1126 | prio=10 | https://www.adascz.com.bo/boletin-ada/boletin-ada-informa-018
[FULL_3_ADA] t=  36.7s | pag= 41 | files=1094 | data=  1 | cola=1125 | prio=10 | https://www.adascz.com.bo/boletin-ada/boletin-ada-informa-017
[FULL_3_ADA] t=  37.4s | pag= 42 | files=1095 | data=  1 | cola=1124 | prio=10 | https://www.adascz.com.bo/boletin-ada/boletin-ada-informa-016
[FULL_3_ADA] t=  38.0s | pag= 43 | files=1096 | data=  1 | cola=1123 | prio=10 | https://www.adascz.com.bo/boletin-ada/boletin-ada-informa-015
[FULL_3_ADA] t=  38.7s | pag= 44 | files=1097 | data=  1 | cola=1122 | prio=10 | https://www.adascz.com.bo/boletin-ada/boletin-ada-informa-014
[FULL_3_ADA] t=  39.8s | pag= 45 | files=1098 | data=  1 | cola=1121 | prio=10 | https://www.adascz.com.bo/boletin-ada/boletin-ada-informa-15
[FULL_3_ADA] t=  40.6s | pag= 46 | files=1099 | data=  1 | cola=1120 | prio=10 | https://www.adascz.com.bo/boletin-ada/boletin-ada-informa-012
[FULL_3_ADA] t=  41.8s | pag= 47 | files=1100 | data=  1 | cola=1119 | prio=10 | https://www.adascz.com.bo/boletin-ada/boletin-ada-informa-14
[FULL_3_ADA] t=  42.7s | pag= 48 | files=1101 | data=  1 | cola=1118 | prio=10 | https://www.adascz.com.bo/boletin-ada/boletin-ada-informa-010
[FULL_3_ADA] t=  43.8s | pag= 49 | files=1102 | data=  1 | cola=1117 | prio=10 | https://www.adascz.com.bo/boletin-ada/boletin-ada-informa-009
[FULL_3_ADA] t=  44.8s | pag= 50 | files=1103 | data=  1 | cola=1116 | prio=10 | https://www.adascz.com.bo/boletin-ada/boletin-ada-informa-008
[FULL_3_ADA] t=  45.7s | pag= 51 | files=1104 | data=  1 | cola=1115 | prio=10 | https://www.adascz.com.bo/boletin-ada/boletin-ada-informa-006
[FULL_3_ADA] t=  46.6s | pag= 52 | files=1105 | data=  1 | cola=1114 | prio=10 | https://www.adascz.com.bo/boletin-ada/boletin-ada-informa-007
[FULL_3_ADA] t=  47.2s | pag= 53 | files=1106 | data=  1 | cola=1113 | prio=10 | https://www.adascz.com.bo/boletin-ada/boletin-5
[FULL_3_ADA] t=  48.1s | pag= 54 | files=1107 | data=  1 | cola=1112 | prio=10 | https://www.adascz.com.bo/boletin-ada/boletin-ada-informa-4
[FULL_3_ADA] t=  48.7s | pag= 55 | files=1108 | data=  1 | cola=1111 | prio=10 | https://www.adascz.com.bo/boletin-ada/boletin-ada-informa-3
[FULL_3_ADA] t=  49.5s | pag= 56 | files=1109 | data=  1 | cola=1110 | prio=10 | https://www.adascz.com.bo/boletin-ada/boletin-ada-informa-2
[FULL_3_ADA] t=  50.1s | pag= 57 | files=1110 | data=  1 | cola=1109 | prio=10 | https://www.adascz.com.bo/boletin-ada/boletin-ada-informa-001
[FULL_3_ADA] t=  50.8s | pag= 58 | files=1111 | data=  1 | cola=1108 | prio=10 | https://www.adascz.com.bo/boletin-precios/boletin-precios-avicolas-21-de-agosto-7
[FULL_3_ADA] t=  51.6s | pag= 59 | files=1111 | data=  1 | cola=1107 | prio=10 | https://www.adascz.com.bo/boletin-precios/boletin-precios-avicolas-20-de-agosto-3
[FULL_3_ADA] t=  52.5s | pag= 60 | files=1111 | data=  1 | cola=1106 | prio=10 | https://www.adascz.com.bo/boletin-precios/boletin-precios-avicolas-19-de-agosto-4
[FULL_3_ADA] t=  53.6s | pag= 61 | files=1111 | data=  1 | cola=1105 | prio=10 | https://www.adascz.com.bo/boletin-precios/boletin-precios-avicolas-18-de-agosto-5
[FULL_3_ADA] t=  54.4s | pag= 62 | files=1111 | data=  1 | cola=1104 | prio=10 | https://www.adascz.com.bo/boletin-precios/boletin-precios-avicolas-17-de-agosto-3
[FULL_3_ADA] t=  55.4s | pag= 63 | files=1111 | data=  1 | cola=1103 | prio=10 | https://www.adascz.com.bo/boletin-precios/boletin-precios-avicolas-14-de-agosto-4
[FULL_3_ADA] t=  56.0s | pag= 64 | files=1111 | data=  1 | cola=1102 | prio=10 | https://www.adascz.com.bo/boletin-precios/boletin-precios-avicolas-13-de-agosto-3
[FULL_3_ADA] t=  56.9s | pag= 65 | files=1111 | data=  1 | cola=1101 | prio=10 | https://www.adascz.com.bo/boletin-precios/boletin-precios-avicolas-12-de-agosto-4
[FULL_3_ADA] t=  57.5s | pag= 66 | files=1111 | data=  1 | cola=1100 | prio=10 | https://www.adascz.com.bo/boletin-precios/boletin-precios-avicolas-11-de-agosto-4
[FULL_3_ADA] t=  58.3s | pag= 67 | files=1111 | data=  1 | cola=1099 | prio=10 | https://www.adascz.com.bo/boletin-precios/boletin-precios-avicolas-10-de-agosto-3
[FULL_3_ADA] t=  58.9s | pag= 68 | files=1111 | data=  1 | cola=1098 | prio=10 | https://www.adascz.com.bo/boletin-precios/boletin-precios-avicolas-05-de-agosto-4
[FULL_3_ADA] t=  60.0s | pag= 69 | files=1111 | data=  1 | cola=1097 | prio=10 | https://www.adascz.com.bo/boletin-precios/boletin-precios-avicolas-04-de-agosto-4
[FULL_3_ADA] t=  60.6s | pag= 70 | files=1111 | data=  1 | cola=1096 | prio=10 | https://www.adascz.com.bo/boletin-precios/boletin-precios-avicolas-03-de-agosto-3
[FULL_3_ADA] t=  61.2s | pag= 71 | files=1111 | data=  1 | cola=1095 | prio=10 | https://www.adascz.com.bo/boletin-precios/boletin-precios-avicolas-31-de-julio-4
[FULL_3_ADA] t=  62.0s | pag= 72 | files=1111 | data=  1 | cola=1094 | prio=10 | https://www.adascz.com.bo/boletin-precios/boletin-precios-avicolas-30-de-julio-2
[FULL_3_ADA] t=  62.9s | pag= 73 | files=1111 | data=  1 | cola=1093 | prio=10 | https://www.adascz.com.bo/boletin-precios/boletin-precios-avicolas-29-de-julio-4
[FULL_3_ADA] t=  63.7s | pag= 74 | files=1111 | data=  1 | cola=1092 | prio=10 | https://www.adascz.com.bo/boletin-precios/boletin-precios-avicolas-28-de-julio-4
[FULL_3_ADA] t=  64.4s | pag= 75 | files=1111 | data=  1 | cola=1091 | prio=10 | https://www.adascz.com.bo/boletin-precios/boletin-precios-avicolas-27-de-julio-3
[FULL_3_ADA] t=  65.5s | pag= 76 | files=1111 | data=  1 | cola=1090 | prio=10 | https://www.adascz.com.bo/boletin-precios/boletin-precios-avicolas-24-de-julio-4
[FULL_3_ADA] t=  67.3s | pag= 77 | files=1111 | data=  1 | cola=1089 | prio=10 | https://www.adascz.com.bo/boletin-precios/boletin-precios-avicolas-23-de-julio-3
[FULL_3_ADA] t=  68.2s | pag= 78 | files=1111 | data=  1 | cola=1088 | prio=10 | https://www.adascz.com.bo/boletin-precios/boletin-precios-avicolas-22-de-julio-4
[FULL_3_ADA] t=  69.3s | pag= 79 | files=1111 | data=  1 | cola=1087 | prio=10 | https://www.adascz.com.bo/boletin-precios/boletin-precios-avicolas-21-de-julio-4
[FULL_3_ADA] t=  70.3s | pag= 80 | files=1111 | data=  1 | cola=1086 | prio=10 | https://www.adascz.com.bo/boletin-precios/boletin-precios-avicolas-20-de-julio-3
[FULL_3_ADA] t=  71.3s | pag= 81 | files=1111 | data=  1 | cola=1085 | prio=10 | https://www.adascz.com.bo/boletin-precios/boletin-precios-avicolas-17-de-julio-4
[FULL_3_ADA] t=  72.1s | pag= 82 | files=1111 | data=  1 | cola=1084 | prio=10 | https://www.adascz.com.bo/boletin-precios/boletin-precios-avicolas-16-de-julio-3
[FULL_3_ADA] t=  73.2s | pag= 83 | files=1111 | data=  1 | cola=1083 | prio=10 | https://www.adascz.com.bo/boletin-precios/boletin-precios-avicolas-15-de-julio-4
[FULL_3_ADA] t=  74.2s | pag= 84 | files=1111 | data=  1 | cola=1082 | prio=10 | https://www.adascz.com.bo/boletin-precios/boletin-precios-avicolas-14-de-julio-4
[FULL_3_ADA] t=  74.8s | pag= 85 | files=1111 | data=  1 | cola=1081 | prio=10 | https://www.adascz.com.bo/boletin-precios/boletin-precios-avicolas-13-de-julio-3
[FULL_3_ADA] t=  75.5s | pag= 86 | files=1111 | data=  1 | cola=1080 | prio=10 | https://www.adascz.com.bo/boletin-precios/boletin-precios-avicolas-10-de-julio-3
[FULL_3_ADA] t=  76.1s | pag= 87 | files=1111 | data=  1 | cola=1079 | prio=10 | https://www.adascz.com.bo/boletin-precios/boletin-precios-avicolas-09-de-julio-2
[FULL_3_ADA] t=  77.0s | pag= 88 | files=1111 | data=  1 | cola=1078 | prio=10 | https://www.adascz.com.bo/boletin-precios/boletin-precios-avicolas-08-de-julio-4
[FULL_3_ADA] t=  77.9s | pag= 89 | files=1111 | data=  1 | cola=1077 | prio=10 | https://www.adascz.com.bo/boletin-precios/boletin-precios-avicolas-07-de-julio-4
[FULL_3_ADA] t=  78.6s | pag= 90 | files=1111 | data=  1 | cola=1076 | prio=10 | https://www.adascz.com.bo/boletin-precios/boletin-precios-avicolas-06-de-julio-3
[FULL_3_ADA] t=  79.2s | pag= 91 | files=1111 | data=  1 | cola=1075 | prio=10 | https://www.adascz.com.bo/boletin-precios/boletin-precios-avicolas-03-de-julio-4
[FULL_3_ADA] t=  80.0s | pag= 92 | files=1111 | data=  1 | cola=1074 | prio=10 | https://www.adascz.com.bo/boletin-precios/boletin-precios-avicolas-02-de-julio-3
[FULL_3_ADA] t=  81.0s | pag= 93 | files=1111 | data=  1 | cola=1073 | prio=10 | https://www.adascz.com.bo/boletin-precios/boletin-precios-avicolas-01-de-julio-4
[FULL_3_ADA] t=  82.2s | pag= 94 | files=1111 | data=  1 | cola=1072 | prio=10 | https://www.adascz.com.bo/boletin-precios/boletin-precios-avicolas-30-de-junio-4
[FULL_3_ADA] t=  83.2s | pag= 95 | files=1111 | data=  1 | cola=1071 | prio=10 | https://www.adascz.com.bo/boletin-precios/boletin-precios-avicolas-29-de-junio-3
[FULL_3_ADA] t=  83.7s | pag= 96 | files=1111 | data=  1 | cola=1070 | prio=10 | https://www.adascz.com.bo/boletin-precios/boletin-precios-avicolas-26-de-junio-4
[FULL_3_ADA] t=  84.6s | pag= 97 | files=1111 | data=  1 | cola=1069 | prio=10 | https://www.adascz.com.bo/boletin-precios/boletin-precios-avicolas-25-de-junio-3
[FULL_3_ADA] t=  85.7s | pag= 98 | files=1111 | data=  1 | cola=1068 | prio=10 | https://www.adascz.com.bo/boletin-precios/boletin-precios-avicolas-24-de-junio-4
[FULL_3_ADA] t=  86.8s | pag= 99 | files=1111 | data=  1 | cola=1067 | prio=10 | https://www.adascz.com.bo/boletin-precios/boletin-precios-avicolas-23-de-junio-3
[FULL_3_ADA] t=  87.8s | pag=100 | files=1111 | data=  1 | cola=1066 | prio=10 | https://www.adascz.com.bo/boletin-precios/boletin-precios-avicolas-19-de-junio-3
[FULL_3_ADA] t=  89.0s | pag=101 | files=1111 | data=  1 | cola=1065 | prio=10 | https://www.adascz.com.bo/boletin-precios/boletin-precios-avicolas-18-de-junio-2
[FULL_3_ADA] t=  89.8s | pag=102 | files=1111 | data=  1 | cola=1064 | prio=10 | https://www.adascz.com.bo/boletin-precios/boletin-precios-avicolas-17-de-junio-3
[FULL_3_ADA] t=  90.9s | pag=103 | files=1111 | data=  1 | cola=1063 | prio=10 | https://www.adascz.com.bo/boletin-precios/boletin-precios-avicolas-16-de-junio-3
[FULL_3_ADA] t=  92.1s | pag=104 | files=1111 | data=  1 | cola=1062 | prio=10 | https://www.adascz.com.bo/boletin-precios/boletin-precios-avicolas-15-de-junio-3
[FULL_3_ADA] t=  92.8s | pag=105 | files=1111 | data=  1 | cola=1061 | prio=10 | https://www.adascz.com.bo/boletin-precios/boletin-precios-avicolas-11-de-junio-3
[FULL_3_ADA] t=  94.3s | pag=106 | files=1111 | data=  1 | cola=1060 | prio=10 | https://www.adascz.com.bo/boletin-precios/boletin-precios-avicolas-10-de-junio-4
[FULL_3_ADA] t=  94.9s | pag=107 | files=1111 | data=  1 | cola=1059 | prio=10 | https://www.adascz.com.bo/boletin-precios/boletin-precios-avicolas-09-de-junio-4
[FULL_3_ADA] t=  95.4s | pag=108 | files=1111 | data=  1 | cola=1058 | prio=10 | https://www.adascz.com.bo/boletin-precios/boletin-precios-avicolas-08-de-junio-2
[FULL_3_ADA] t=  96.2s | pag=109 | files=1111 | data=  1 | cola=1057 | prio=10 | https://www.adascz.com.bo/boletin-precios/boletin-precios-avicolas-03-de-junio-4
[FULL_3_ADA] t=  97.1s | pag=110 | files=1111 | data=  1 | cola=1056 | prio=10 | https://www.adascz.com.bo/boletin-precios/boletin-precios-avicolas-02-de-junio-4
[FULL_3_ADA] t=  97.9s | pag=111 | files=1111 | data=  1 | cola=1055 | prio=10 | https://www.adascz.com.bo/boletin-precios/boletin-precios-avicolas-01-de-junio-3
[FULL_3_ADA] t=  98.8s | pag=112 | files=1111 | data=  1 | cola=1054 | prio=10 | https://www.adascz.com.bo/boletin-precios/boletin-precios-avicolas-29-de-mayo-3
[FULL_3_ADA] t=  99.7s | pag=113 | files=1111 | data=  1 | cola=1053 | prio=10 | https://www.adascz.com.bo/boletin-precios/boletin-precios-avicolas-28-de-mayo-2
[FULL_3_ADA] t= 100.3s | pag=114 | files=1111 | data=  1 | cola=1052 | prio=10 | https://www.adascz.com.bo/boletin-precios/boletin-precios-avicolas-27-de-mayo-4
[FULL_3_ADA] t= 101.0s | pag=115 | files=1111 | data=  1 | cola=1051 | prio=10 | https://www.adascz.com.bo/boletin-precios/boletin-precios-avicolas-26-de-mayo-3
[FULL_3_ADA] t= 102.1s | pag=116 | files=1111 | data=  1 | cola=1050 | prio=10 | https://www.adascz.com.bo/boletin-precios/boletin-precios-avicolas-25-de-mayo-3
[FULL_3_ADA] t= 102.9s | pag=117 | files=1111 | data=  1 | cola=1049 | prio=10 | https://www.adascz.com.bo/boletin-precios/boletin-precios-avicolas-22-de-mayo-4
[FULL_3_ADA] t= 103.6s | pag=117 | files=1111 | data=  1 | cola=1048 | prio=10 | https://www.adascz.com.bo/boletin-precios/boletin-precios-avicolas-21-de-mayo-3
[FULL_3_ADA] t= 105.0s | pag=118 | files=1111 | data=  1 | cola=1047 | prio=10 | https://www.adascz.com.bo/boletin-precios/boletin-precios-avicolas-20-de-mayo-4
[FULL_3_ADA] t= 105.9s | pag=119 | files=1111 | data=  1 | cola=1046 | prio=10 | https://www.adascz.com.bo/boletin-precios/boletin-precios-avicolas-19-de-mayo-4
[FULL_3_ADA] t= 106.7s | pag=120 | files=1111 | data=  1 | cola=1045 | prio=10 | https://www.adascz.com.bo/boletin-precios/boletin-precios-avicolas-18-de-mayo-3
[FULL_3_ADA] t= 107.9s | pag=121 | files=1111 | data=  1 | cola=1044 | prio=10 | https://www.adascz.com.bo/boletin-precios/boletin-precios-avicolas-15-de-mayo-4
[FULL_3_ADA] t= 108.6s | pag=122 | files=1111 | data=  1 | cola=1043 | prio=10 | https://www.adascz.com.bo/boletin-precios/boletin-precios-avicolas-14-de-mayo-3
[FULL_3_ADA] t= 109.4s | pag=123 | files=1111 | data=  1 | cola=1042 | prio=10 | https://www.adascz.com.bo/boletin-precios/boletin-precios-avicolas-13-de-mayo-4
[FULL_3_ADA] t= 110.5s | pag=124 | files=1111 | data=  1 | cola=1041 | prio=10 | https://www.adascz.com.bo/boletin-precios/boletin-precios-avicolas-12-de-mayo-4
[FULL_3_ADA] t= 111.6s | pag=125 | files=1111 | data=  1 | cola=1040 | prio=10 | https://www.adascz.com.bo/boletin-precios/boletin-precios-avicolas-11-de-mayo-3
[FULL_3_ADA] t= 112.4s | pag=126 | files=1111 | data=  1 | cola=1039 | prio=10 | https://www.adascz.com.bo/boletin-precios/boletin-precios-avicolas-08-de-mayo-3
[FULL_3_ADA] t= 113.5s | pag=127 | files=1111 | data=  1 | cola=1038 | prio=10 | https://www.adascz.com.bo/boletin-precios/boletin-precios-avicolas-07-de-mayo-3
[FULL_3_ADA] t= 114.5s | pag=128 | files=1111 | data=  1 | cola=1037 | prio=10 | https://www.adascz.com.bo/boletin-precios/boletin-precios-avicolas-06-de-mayo-4
[FULL_3_ADA] t= 115.6s | pag=129 | files=1111 | data=  1 | cola=1036 | prio=10 | https://www.adascz.com.bo/boletin-precios/boletin-precios-avicolas-05-de-mayo-3
[FULL_3_ADA] t= 116.6s | pag=130 | files=1111 | data=  1 | cola=1035 | prio=10 | https://www.adascz.com.bo/boletin-precios/boletin-precios-avicolas-04-de-mayo-2
[FULL_3_ADA] t= 117.2s | pag=131 | files=1111 | data=  1 | cola=1034 | prio=10 | https://www.adascz.com.bo/boletin-precios/boletin-precios-avicolas-30-de-abril-3
[FULL_3_ADA] t= 118.2s | pag=132 | files=1111 | data=  1 | cola=1033 | prio=10 | https://www.adascz.com.bo/boletin-precios/boletin-precios-avicolas-29-de-abril-4
[FULL_3_ADA] t= 118.8s | pag=133 | files=1111 | data=  1 | cola=1032 | prio=10 | https://www.adascz.com.bo/boletin-precios/boletin-precios-avicolas-28-de-abril-5
[FULL_3_ADA] t= 119.6s | pag=134 | files=1111 | data=  1 | cola=1031 | prio=10 | https://www.adascz.com.bo/boletin-precios/boletin-precios-avicolas-27-de-abril-3
[FULL_3_ADA] t= 120.5s | pag=135 | files=1111 | data=  1 | cola=1030 | prio=10 | https://www.adascz.com.bo/boletin-precios/boletin-precios-avicolas-24-de-abril-4
[FULL_3_ADA] t= 121.5s | pag=136 | files=1111 | data=  1 | cola=1029 | prio=10 | https://www.adascz.com.bo/boletin-precios/boletin-precios-avicolas-23-de-abril-3
[FULL_3_ADA] t= 122.2s | pag=137 | files=1111 | data=  1 | cola=1028 | prio=10 | https://www.adascz.com.bo/boletin-precios/boletin-precios-avicolas-22-de-abril-4
[FULL_3_ADA] t= 123.3s | pag=138 | files=1111 | data=  1 | cola=1027 | prio=10 | https://www.adascz.com.bo/boletin-precios/boletin-precios-avicolas-21-de-abril-5
[FULL_3_ADA] t= 124.0s | pag=139 | files=1111 | data=  1 | cola=1026 | prio=10 | https://www.adascz.com.bo/boletin-precios/boletin-precios-avicolas-20-de-abril-3
[FULL_3_ADA] t= 124.7s | pag=140 | files=1111 | data=  1 | cola=1025 | prio=10 | https://www.adascz.com.bo/boletin-precios/boletin-precios-avicolas-17-de-abril-3
[FULL_3_ADA] t= 125.8s | pag=141 | files=1111 | data=  1 | cola=1024 | prio=10 | https://www.adascz.com.bo/boletin-precios/boletin-precios-avicolas-16-de-abril-3
[FULL_3_ADA] t= 126.9s | pag=142 | files=1111 | data=  1 | cola=1023 | prio=10 | https://www.adascz.com.bo/boletin-precios/boletin-precios-avicolas-15-de-abril-3
[FULL_3_ADA] t= 127.6s | pag=143 | files=1111 | data=  1 | cola=1022 | prio=10 | https://www.adascz.com.bo/boletin-precios/boletin-precios-avicolas-14-de-abril-4
[FULL_3_ADA] t= 128.3s | pag=144 | files=1111 | data=  1 | cola=1021 | prio=10 | https://www.adascz.com.bo/boletin-precios/boletin-precios-avicolas-13-de-abril-3
[FULL_3_ADA] t= 129.2s | pag=145 | files=1111 | data=  1 | cola=1020 | prio=10 | https://www.adascz.com.bo/boletin-precios/boletin-precios-avicolas-08-de-abril-4
[FULL_3_ADA] t= 130.2s | pag=146 | files=1111 | data=  1 | cola=1019 | prio=10 | https://www.adascz.com.bo/boletin-precios/boletin-precios-avicolas-07-de-abril-3
[FULL_3_ADA] t= 131.1s | pag=147 | files=1111 | data=  1 | cola=1018 | prio=10 | https://www.adascz.com.bo/boletin-precios/boletin-precios-avicolas-06-de-abril-3
[FULL_3_ADA] t= 131.9s | pag=148 | files=1111 | data=  1 | cola=1017 | prio=10 | https://www.adascz.com.bo/boletin-precios/boletin-precios-avicolas-02-de-abril-3
[FULL_3_ADA] t= 132.6s | pag=149 | files=1111 | data=  1 | cola=1016 | prio=10 | https://www.adascz.com.bo/boletin-precios/boletin-precios-avicolas-01-de-abril-4
[FULL_3_ADA] t= 133.7s | pag=150 | files=1111 | data=  1 | cola=1015 | prio=10 | https://www.adascz.com.bo/boletin-precios/boletin-precios-avicolas-31-de-marzo-4
[FULL_3_ADA] t= 134.4s | pag=151 | files=1111 | data=  1 | cola=1014 | prio=10 | https://www.adascz.com.bo/boletin-precios/boletin-precios-avicolas-30-de-marzo-3
[FULL_3_ADA] t= 135.4s | pag=152 | files=1111 | data=  1 | cola=1013 | prio=10 | https://www.adascz.com.bo/boletin-precios/boletin-precios-avicolas-27-de-marzo-4
[FULL_3_ADA] t= 136.3s | pag=153 | files=1111 | data=  1 | cola=1012 | prio=10 | https://www.adascz.com.bo/boletin-precios/boletin-precios-avicolas-26-de-marzo-3
[FULL_3_ADA] t= 137.0s | pag=154 | files=1111 | data=  1 | cola=1011 | prio=10 | https://www.adascz.com.bo/boletin-precios/boletin-precios-avicolas-25-de-marzo-4
[FULL_3_ADA] t= 137.9s | pag=155 | files=1111 | data=  1 | cola=1010 | prio=10 | https://www.adascz.com.bo/boletin-precios/boletin-precios-avicolas-24-de-marzo-4
[FULL_3_ADA] t= 138.5s | pag=156 | files=1111 | data=  1 | cola=1009 | prio=10 | https://www.adascz.com.bo/boletin-precios/boletin-precios-avicolas-23-de-marzo-3
[FULL_3_ADA] t= 139.2s | pag=157 | files=1111 | data=  1 | cola=1008 | prio=10 | https://www.adascz.com.bo/boletin-precios/boletin-precios-avicolas-20-de-marzo-4
[FULL_3_ADA] t= 139.9s | pag=158 | files=1111 | data=  1 | cola=1007 | prio=10 | https://www.adascz.com.bo/boletin-precios/boletin-precios-avicolas-19-de-marzo-3
[FULL_3_ADA] t= 140.9s | pag=159 | files=1111 | data=  1 | cola=1006 | prio=10 | https://www.adascz.com.bo/boletin-precios/boletin-precios-avicolas-18-de-marzo-4
[FULL_3_ADA] t= 141.7s | pag=160 | files=1111 | data=  1 | cola=1005 | prio=10 | https://www.adascz.com.bo/boletin-precios/boletin-precios-avicolas-17-de-marzo-4
[FULL_3_ADA] t= 142.5s | pag=161 | files=1111 | data=  1 | cola=1004 | prio=10 | https://www.adascz.com.bo/boletin-precios/boletin-precios-avicolas-16-de-marzo-3
[FULL_3_ADA] t= 143.4s | pag=162 | files=1111 | data=  1 | cola=1003 | prio=10 | https://www.adascz.com.bo/boletin-precios/boletin-precios-avicolas-13-de-marzo-4
[FULL_3_ADA] t= 144.2s | pag=163 | files=1111 | data=  1 | cola=1002 | prio=10 | https://www.adascz.com.bo/boletin-precios/boletin-precios-avicolas-12-de-marzo-3
[FULL_3_ADA] t= 145.0s | pag=164 | files=1111 | data=  1 | cola=1001 | prio=10 | https://www.adascz.com.bo/boletin-precios/boletin-precios-avicolas-11-de-marzo-4
[FULL_3_ADA] t= 145.7s | pag=165 | files=1111 | data=  1 | cola=1000 | prio=10 | https://www.adascz.com.bo/boletin-precios/boletin-precios-avicolas-10-de-marzo-4
[FULL_3_ADA] t= 146.3s | pag=166 | files=1111 | data=  1 | cola= 999 | prio=10 | https://www.adascz.com.bo/boletin-precios/boletin-precios-avicolas-09-de-marzo
[FULL_3_ADA] t= 147.3s | pag=167 | files=1111 | data=  1 | cola= 998 | prio=10 | https://www.adascz.com.bo/boletin-precios/boletin-precios-avicolas-06-de-marzo-4
[FULL_3_ADA] t= 148.3s | pag=168 | files=1111 | data=  1 | cola= 997 | prio=10 | https://www.adascz.com.bo/boletin-precios/boletin-precios-avicolas-05-de-marzo-2
[FULL_3_ADA] t= 149.4s | pag=169 | files=1111 | data=  1 | cola= 996 | prio=10 | https://www.adascz.com.bo/boletin-precios/boletin-precios-avicolas-04-de-marzo-2
[FULL_3_ADA] t= 150.3s | pag=170 | files=1111 | data=  1 | cola= 995 | prio=10 | https://www.adascz.com.bo/boletin-precios/boletin-precios-avicolas-03-de-marzo-2
[FULL_3_ADA] t= 151.3s | pag=171 | files=1111 | data=  1 | cola= 994 | prio=10 | https://www.adascz.com.bo/boletin-precios/boletin-precios-avicolas-02-de-marzo-2
[FULL_3_ADA] t= 152.3s | pag=172 | files=1111 | data=  1 | cola= 993 | prio=10 | https://www.adascz.com.bo/boletin-precios/boletin-precios-avicolas-27-de-febrero-3
[FULL_3_ADA] t= 153.3s | pag=173 | files=1111 | data=  1 | cola= 992 | prio=10 | https://www.adascz.com.bo/boletin-precios/boletin-precios-avicolas-26-de-febrero-3
[FULL_3_ADA] t= 154.2s | pag=174 | files=1111 | data=  1 | cola= 991 | prio=10 | https://www.adascz.com.bo/boletin-precios/boletin-precios-avicolas-25-de-febrero-3
[FULL_3_ADA] t= 154.8s | pag=175 | files=1111 | data=  1 | cola= 990 | prio=10 | https://www.adascz.com.bo/boletin-precios/boletin-precios-avicolas-24-de-febrero-5
[FULL_3_ADA] t= 155.7s | pag=176 | files=1111 | data=  1 | cola= 989 | prio=10 | https://www.adascz.com.bo/boletin-precios/boletin-precios-avicolas-23-de-febrero-3
[FULL_3_ADA] t= 156.5s | pag=177 | files=1111 | data=  1 | cola= 988 | prio=10 | https://www.adascz.com.bo/boletin-precios/boletin-precios-avicolas-20-de-febrero-3
[FULL_3_ADA] t= 157.1s | pag=178 | files=1111 | data=  1 | cola= 987 | prio=10 | https://www.adascz.com.bo/boletin-precios/boletin-precios-avicolas-19-de-febrero-3
[FULL_3_ADA] t= 157.8s | pag=179 | files=1111 | data=  1 | cola= 986 | prio=10 | https://www.adascz.com.bo/boletin-precios/boletin-precios-avicolas-18-de-febrero-2
[FULL_3_ADA] t= 158.9s | pag=180 | files=1111 | data=  1 | cola= 985 | prio=10 | https://www.adascz.com.bo/boletin-precios/boletin-precios-avicolas-13-de-febrero-3
[FULL_3_ADA] t= 159.6s | pag=181 | files=1111 | data=  1 | cola= 984 | prio=10 | https://www.adascz.com.bo/boletin-precios/boletin-precios-avicolas-12-de-febrero-2
[FULL_3_ADA] t= 160.4s | pag=182 | files=1111 | data=  1 | cola= 983 | prio=10 | https://www.adascz.com.bo/boletin-precios/boletin-precios-avicolas-11-de-febrero-3
[FULL_3_ADA] t= 161.5s | pag=183 | files=1111 | data=  1 | cola= 982 | prio=10 | https://www.adascz.com.bo/boletin-precios/boletin-precios-avicolas-10-de-febrero-3
[FULL_3_ADA] t= 162.4s | pag=184 | files=1111 | data=  1 | cola= 981 | prio=10 | https://www.adascz.com.bo/boletin-precios/boletin-precios-avicolas-09-de-febrero-3
[FULL_3_ADA] t= 163.4s | pag=185 | files=1111 | data=  1 | cola= 980 | prio=10 | https://www.adascz.com.bo/boletin-precios/boletin-precios-avicolas-06-de-febrero-4
[FULL_3_ADA] t= 164.3s | pag=186 | files=1111 | data=  1 | cola= 979 | prio=10 | https://www.adascz.com.bo/boletin-precios/boletin-precios-avicolas-05-de-febrero-3
[FULL_3_ADA] t= 165.3s | pag=187 | files=1111 | data=  1 | cola= 978 | prio=10 | https://www.adascz.com.bo/boletin-precios/boletin-precios-avicolas-04-de-febrero-3
[FULL_3_ADA] t= 166.3s | pag=188 | files=1111 | data=  1 | cola= 977 | prio=10 | https://www.adascz.com.bo/boletin-precios/boletin-precios-avicolas-03-de-febrero-4
[FULL_3_ADA] t= 167.4s | pag=189 | files=1111 | data=  1 | cola= 976 | prio=10 | https://www.adascz.com.bo/boletin-precios/boletin-precios-avicolas-02-de-febrero-4
[FULL_3_ADA] t= 168.3s | pag=190 | files=1111 | data=  1 | cola= 975 | prio=10 | https://www.adascz.com.bo/boletin-precios/boletin-precios-avicolas-30-de-enero-4
[FULL_3_ADA] t= 169.0s | pag=191 | files=1111 | data=  1 | cola= 974 | prio=10 | https://www.adascz.com.bo/boletin-precios/boletin-precios-avicolas-29-de-enero-3
[FULL_3_ADA] t= 169.7s | pag=192 | files=1111 | data=  1 | cola= 973 | prio=10 | https://www.adascz.com.bo/boletin-precios/boletin-precios-avicolas-28-de-enero-3
[FULL_3_ADA] t= 170.3s | pag=193 | files=1111 | data=  1 | cola= 972 | prio=10 | https://www.adascz.com.bo/boletin-precios/boletin-precios-avicolas-27-de-enero-3
[FULL_3_ADA] t= 171.9s | pag=194 | files=1111 | data=  1 | cola= 971 | prio=10 | https://www.adascz.com.bo/boletin-precios/boletin-precios-avicolas-26-de-enero-3
[FULL_3_ADA] t= 172.7s | pag=195 | files=1111 | data=  1 | cola= 970 | prio=10 | https://www.adascz.com.bo/boletin-precios/boletin-precios-avicolas-22-de-enero
[FULL_3_ADA] t= 173.6s | pag=196 | files=1111 | data=  1 | cola= 969 | prio=10 | https://www.adascz.com.bo/boletin-precios/boletin-precios-avicolas-21-de-enero-2
[FULL_3_ADA] t= 174.4s | pag=197 | files=1111 | data=  1 | cola= 968 | prio=10 | https://www.adascz.com.bo/boletin-precios/boletin-precios-avicolas-20-de-enero-3
[FULL_3_ADA] t= 175.2s | pag=198 | files=1111 | data=  1 | cola= 967 | prio=10 | https://www.adascz.com.bo/boletin-precios/boletin-precios-avicolas-19-de-enero-3
[FULL_3_ADA] t= 176.1s | pag=199 | files=1111 | data=  1 | cola= 966 | prio=10 | https://www.adascz.com.bo/boletin-precios/boletin-precios-avicolas-15-de-enero-3
[FULL_3_ADA] t= 176.9s | pag=200 | files=1111 | data=  1 | cola= 965 | prio=10 | https://www.adascz.com.bo/boletin-precios/boletin-precios-avicolas-14-de-enero-2
[FULL_3_ADA] t= 177.5s | pag=201 | files=1111 | data=  1 | cola= 964 | prio=10 | https://www.adascz.com.bo/boletin-precios/boletin-precios-avicolas-13-de-enero-3
[FULL_3_ADA] t= 178.3s | pag=202 | files=1111 | data=  1 | cola= 963 | prio=10 | https://www.adascz.com.bo/boletin-precios/boletin-precios-avicolas-12-de-enero-3
[FULL_3_ADA] t= 179.0s | pag=203 | files=1111 | data=  1 | cola= 962 | prio=10 | https://www.adascz.com.bo/boletin-precios/boletin-precios-avicolas-09-de-enero-4
[FULL_3_ADA] t= 179.8s | pag=204 | files=1111 | data=  1 | cola= 961 | prio=10 | https://www.adascz.com.bo/boletin-precios/boletin-precios-avicolas-08-de-enero-3
[FULL_3_ADA] t= 180.4s | pag=205 | files=1111 | data=  1 | cola= 960 | prio=10 | https://www.adascz.com.bo/boletin-precios/boletin-precios-avicolas-07-de-enero-2
[FULL_3_ADA] t= 181.2s | pag=206 | files=1111 | data=  1 | cola= 959 | prio=10 | https://www.adascz.com.bo/boletin-precios/boletin-precios-avicolas-06-de-enero-3
[FULL_3_ADA] t= 181.8s | pag=207 | files=1111 | data=  1 | cola= 958 | prio=10 | https://www.adascz.com.bo/boletin-precios/boletin-precios-avicolas-05-de-enero-3
[FULL_3_ADA] t= 182.4s | pag=208 | files=1111 | data=  1 | cola= 957 | prio=10 | https://www.adascz.com.bo/boletin-precios/boletin-precios-avicolas-30-de-diciembre-2
[FULL_3_ADA] t= 183.4s | pag=209 | files=1111 | data=  1 | cola= 956 | prio=10 | https://www.adascz.com.bo/boletin-precios/boletin-precios-avicolas-29-de-diciembre-3
[FULL_3_ADA] t= 184.0s | pag=210 | files=1111 | data=  1 | cola= 955 | prio=10 | https://www.adascz.com.bo/boletin-precios/boletin-precios-avicolas-24-de-diciembre-2
[FULL_3_ADA] t= 185.2s | pag=211 | files=1111 | data=  1 | cola= 954 | prio=10 | https://www.adascz.com.bo/boletin-precios/boletin-precios-avicolas-23-de-diciembre-3
[FULL_3_ADA] t= 186.0s | pag=212 | files=1111 | data=  1 | cola= 953 | prio=10 | https://www.adascz.com.bo/boletin-precios/boletin-precios-avicolas-22-de-diciembre-3
[FULL_3_ADA] t= 187.0s | pag=213 | files=1111 | data=  1 | cola= 952 | prio=10 | https://www.adascz.com.bo/boletin-precios/boletin-precios-avicolas-19-de-diciembre-4
[FULL_3_ADA] t= 188.0s | pag=214 | files=1111 | data=  1 | cola= 951 | prio=10 | https://www.adascz.com.bo/boletin-precios/boletin-precios-avicolas-18-de-diciembre-3
[FULL_3_ADA] t= 188.8s | pag=215 | files=1111 | data=  1 | cola= 950 | prio=10 | https://www.adascz.com.bo/boletin-precios/boletin-precios-avicolas-17-de-diciembre-3
[FULL_3_ADA] t= 189.5s | pag=216 | files=1111 | data=  1 | cola= 949 | prio=10 | https://www.adascz.com.bo/boletin-precios/boletin-precios-avicolas-16-de-diciembre-3
[FULL_3_ADA] t= 190.6s | pag=217 | files=1111 | data=  1 | cola= 948 | prio=10 | https://www.adascz.com.bo/boletin-precios/boletin-precios-avicolas-15-de-diciembre-3
[FULL_3_ADA] t= 191.3s | pag=218 | files=1111 | data=  1 | cola= 947 | prio=10 | https://www.adascz.com.bo/boletin-precios/boletin-precios-avicolas-12-de-diciembre-4
[FULL_3_ADA] t= 191.9s | pag=219 | files=1111 | data=  1 | cola= 946 | prio=10 | https://www.adascz.com.bo/boletin-precios/boletin-precios-avicolas-11-de-diciembre-3
[FULL_3_ADA] t= 192.9s | pag=220 | files=1111 | data=  1 | cola= 945 | prio=10 | https://www.adascz.com.bo/boletin-precios/boletin-precios-avicolas-10-de-diciembre
[FULL_3_ADA] t= 193.9s | pag=221 | files=1111 | data=  1 | cola= 944 | prio=10 | https://www.adascz.com.bo/boletin-precios/boletin-precios-avicolas-09-de-diciembre-3
[FULL_3_ADA] t= 194.8s | pag=222 | files=1111 | data=  1 | cola= 943 | prio=10 | https://www.adascz.com.bo/boletin-precios/boletin-precios-avicolas-08-de-diciembre-3
[FULL_3_ADA] t= 195.8s | pag=223 | files=1111 | data=  1 | cola= 942 | prio=10 | https://www.adascz.com.bo/boletin-precios/boletin-precios-avicolas-05-de-diciembre-3
[FULL_3_ADA] t= 197.0s | pag=224 | files=1111 | data=  1 | cola= 941 | prio=10 | https://www.adascz.com.bo/boletin-precios/boletin-precios-avicolas-04-de-diciembre-3
[FULL_3_ADA] t= 197.9s | pag=225 | files=1111 | data=  1 | cola= 940 | prio=10 | https://www.adascz.com.bo/boletin-precios/boletin-precios-avicolas-03-de-diciembre-2
[FULL_3_ADA] t= 198.5s | pag=226 | files=1111 | data=  1 | cola= 939 | prio=10 | https://www.adascz.com.bo/boletin-precios/boletin-precios-avicolas-01-de-diciembre-3
[FULL_3_ADA] t= 199.4s | pag=227 | files=1111 | data=  1 | cola= 938 | prio=10 | https://www.adascz.com.bo/boletin-precios/boletin-precios-avicolas-21-de-noviembre-4
[FULL_3_ADA] t= 200.1s | pag=228 | files=1111 | data=  1 | cola= 937 | prio=10 | https://www.adascz.com.bo/boletin-precios/boletin-precios-avicolas-19-de-noviembre-2
[FULL_3_ADA] t= 200.7s | pag=229 | files=1111 | data=  1 | cola= 936 | prio=10 | https://www.adascz.com.bo/boletin-precios/boletin-precios-avicolas-18-de-noviembre-3
[FULL_3_ADA] t= 201.3s | pag=230 | files=1111 | data=  1 | cola= 935 | prio=10 | https://www.adascz.com.bo/boletin-precios/boletin-precios-avicolas-14-de-noviembre-4
[FULL_3_ADA] t= 201.9s | pag=231 | files=1111 | data=  1 | cola= 934 | prio=10 | https://www.adascz.com.bo/boletin-precios/boletin-precios-avicolas-12-de-noviembre-2
[FULL_3_ADA] t= 202.5s | pag=232 | files=1111 | data=  1 | cola= 933 | prio=10 | https://www.adascz.com.bo/boletin-precios/boletin-precios-avicolas-11-de-noviembre-3
[FULL_3_ADA] t= 203.2s | pag=233 | files=1111 | data=  1 | cola= 932 | prio=10 | https://www.adascz.com.bo/boletin-precios/boletin-precios-avicolas-10-de-noviembre-2
[FULL_3_ADA] t= 204.2s | pag=234 | files=1111 | data=  1 | cola= 931 | prio=10 | https://www.adascz.com.bo/boletin-precios/boletin-precios-avicolas-07-de-noviembre-4
[FULL_3_ADA] t= 205.1s | pag=235 | files=1111 | data=  1 | cola= 930 | prio=10 | https://www.adascz.com.bo/boletin-precios/boletin-precios-avicolas-06-de-noviembre-3
[FULL_3_ADA] t= 205.7s | pag=236 | files=1111 | data=  1 | cola= 929 | prio=10 | https://www.adascz.com.bo/boletin-precios/boletin-precios-avicolas-05-de-noviembre
[FULL_3_ADA] t= 206.5s | pag=237 | files=1111 | data=  1 | cola= 928 | prio=10 | https://www.adascz.com.bo/boletin-precios/boletin-precios-avicolas-04-de-noviembre-2
[FULL_3_ADA] t= 207.3s | pag=238 | files=1111 | data=  1 | cola= 927 | prio=10 | https://www.adascz.com.bo/boletin-precios/boletin-precios-avicolas-31-de-octubre-4
[FULL_3_ADA] t= 208.1s | pag=239 | files=1111 | data=  1 | cola= 926 | prio=10 | https://www.adascz.com.bo/boletin-precios/boletin-precios-avicolas-30-de-octubre-3
[FULL_3_ADA] t= 209.0s | pag=240 | files=1111 | data=  1 | cola= 925 | prio=10 | https://www.adascz.com.bo/boletin-precios/boletin-precios-avicolas-29-de-octubre-2
[FULL_3_ADA] t= 210.0s | pag=241 | files=1111 | data=  1 | cola= 924 | prio=10 | https://www.adascz.com.bo/boletin-precios/boletin-precios-avicolas-27-de-octubre-3
[FULL_3_ADA] t= 210.7s | pag=242 | files=1111 | data=  1 | cola= 923 | prio=10 | https://www.adascz.com.bo/boletin-precios/boletin-precios-avicolas-24-de-octubre-3
[FULL_3_ADA] t= 211.7s | pag=243 | files=1111 | data=  1 | cola= 922 | prio=10 | https://www.adascz.com.bo/boletin-precios/boletin-precios-avicolas-23-de-octubre-3
[FULL_3_ADA] t= 212.8s | pag=244 | files=1111 | data=  1 | cola= 921 | prio=10 | https://www.adascz.com.bo/boletin-precios/boletin-precios-avicolas-22-de-octubre-2
[FULL_3_ADA] t= 213.4s | pag=245 | files=1111 | data=  1 | cola= 920 | prio=10 | https://www.adascz.com.bo/boletin-precios/boletin-precios-avicolas-21-de-octubre-3
[FULL_3_ADA] t= 214.0s | pag=246 | files=1111 | data=  1 | cola= 919 | prio=10 | https://www.adascz.com.bo/boletin-precios/boletin-precios-avicolas-20-de-octubre-3
[FULL_3_ADA] t= 215.0s | pag=247 | files=1111 | data=  1 | cola= 918 | prio=10 | https://www.adascz.com.bo/boletin-precios/boletin-precios-avicolas-17-de-octubre-4
[FULL_3_ADA] t= 216.2s | pag=248 | files=1111 | data=  1 | cola= 917 | prio=10 | https://www.adascz.com.bo/boletin-precios/boletin-precios-avicolas-16-de-octubre-3
[FULL_3_ADA] t= 217.2s | pag=249 | files=1111 | data=  1 | cola= 916 | prio=10 | https://www.adascz.com.bo/boletin-precios/boletin-precios-avicolas-15-de-octubre-2
[FULL_3_ADA] t= 217.9s | pag=250 | files=1111 | data=  1 | cola= 915 | prio=10 | https://www.adascz.com.bo/boletin-precios/boletin-precios-avicolas-14-de-octubre-3
[FULL_3_ADA] t= 218.7s | pag=251 | files=1111 | data=  1 | cola= 914 | prio=10 | https://www.adascz.com.bo/boletin-precios/boletin-precios-avicolas-13-de-octubre-3
[FULL_3_ADA] t= 219.7s | pag=252 | files=1111 | data=  1 | cola= 913 | prio=10 | https://www.adascz.com.bo/boletin-precios/boletin-precios-avicolas-10-de-octubre-4
[FULL_3_ADA] t= 220.8s | pag=253 | files=1111 | data=  1 | cola= 912 | prio=10 | https://www.adascz.com.bo/boletin-precios/boletin-precios-avicolas-09-de-octubre-3
[FULL_3_ADA] t= 221.8s | pag=254 | files=1111 | data=  1 | cola= 911 | prio=10 | https://www.adascz.com.bo/boletin-precios/boletin-precios-avicolas-08-de-octubre-2
[FULL_3_ADA] t= 222.9s | pag=255 | files=1111 | data=  1 | cola= 910 | prio=10 | https://www.adascz.com.bo/boletin-precios/boletin-precios-avicolas-07-de-octubre-3
[FULL_3_ADA] t= 224.0s | pag=256 | files=1111 | data=  1 | cola= 909 | prio=10 | https://www.adascz.com.bo/boletin-precios/boletin-precios-avicolas-06-de-octubre-3
[FULL_3_ADA] t= 225.1s | pag=257 | files=1111 | data=  1 | cola= 908 | prio=10 | https://www.adascz.com.bo/boletin-precios/boletin-precios-avicolas-03-de-octubre-2
[FULL_3_ADA] t= 226.1s | pag=258 | files=1111 | data=  1 | cola= 907 | prio=10 | https://www.adascz.com.bo/boletin-precios/boletin-precios-avicolas-02-de-octubre-3
[FULL_3_ADA] t= 227.3s | pag=259 | files=1111 | data=  1 | cola= 906 | prio=10 | https://www.adascz.com.bo/boletin-precios/boletin-precios-avicolas-01-de-octubre-2
[FULL_3_ADA] t= 228.2s | pag=260 | files=1111 | data=  1 | cola= 905 | prio=10 | https://www.adascz.com.bo/boletin-precios/boletin-precios-avicolas-30-de-septiembre-3
[FULL_3_ADA] t= 229.1s | pag=261 | files=1111 | data=  1 | cola= 904 | prio=10 | https://www.adascz.com.bo/boletin-precios/boletin-precios-avicolas-29-de-septiembre-3
[FULL_3_ADA] t= 230.0s | pag=262 | files=1111 | data=  1 | cola= 903 | prio=10 | https://www.adascz.com.bo/boletin-precios/boletin-precios-avicolas-26-de-septiembre-4
[FULL_3_ADA] t= 230.7s | pag=263 | files=1111 | data=  1 | cola= 902 | prio=10 | https://www.adascz.com.bo/boletin-precios/boletin-precios-avicolas-25-de-septiembre-2
[FULL_3_ADA] t= 231.3s | pag=264 | files=1111 | data=  1 | cola= 901 | prio=10 | https://www.adascz.com.bo/boletin-precios/boletin-precios-avicolas-23-de-septiembre-3
[FULL_3_ADA] t= 232.3s | pag=265 | files=1111 | data=  1 | cola= 900 | prio=10 | https://www.adascz.com.bo/boletin-precios/boletin-precios-avicolas-22-de-septiembre-3
[FULL_3_ADA] t= 233.2s | pag=266 | files=1111 | data=  1 | cola= 899 | prio=10 | https://www.adascz.com.bo/boletin-precios/boletin-precios-avicolas-19-de-septiembre-4
[FULL_3_ADA] t= 234.0s | pag=267 | files=1111 | data=  1 | cola= 898 | prio=10 | https://www.adascz.com.bo/boletin-precios/boletin-precios-avicolas-18-de-septiembre-2
[FULL_3_ADA] t= 235.0s | pag=268 | files=1111 | data=  1 | cola= 897 | prio=10 | https://www.adascz.com.bo/boletin-precios/boletin-precios-avicolas-17-de-septiembre-2
[FULL_3_ADA] t= 236.1s | pag=269 | files=1111 | data=  1 | cola= 896 | prio=10 | https://www.adascz.com.bo/boletin-precios/boletin-precios-avicolas-16-de-septiembre-3
[FULL_3_ADA] t= 237.7s | pag=270 | files=1111 | data=  1 | cola= 895 | prio=10 | https://www.adascz.com.bo/boletin-precios/boletin-precios-avicolas-15-de-septiembre-3
[FULL_3_ADA] t= 238.6s | pag=271 | files=1111 | data=  1 | cola= 894 | prio=10 | https://www.adascz.com.bo/boletin-precios/boletin-precios-avicolas-12-de-septiembre-3
[FULL_3_ADA] t= 239.6s | pag=272 | files=1111 | data=  1 | cola= 893 | prio=10 | https://www.adascz.com.bo/boletin-precios/boletin-precios-avicolas-11-de-septiembre-2
[FULL_3_ADA] t= 240.7s | pag=273 | files=1111 | data=  1 | cola= 892 | prio=10 | https://www.adascz.com.bo/boletin-precios/boletin-precios-avicolas-10-de-septiembre-2
[FULL_3_ADA] t= 241.6s | pag=274 | files=1111 | data=  1 | cola= 891 | prio=10 | https://www.adascz.com.bo/boletin-precios/boletin-precios-avicolas-09-de-septiembre-3
[FULL_3_ADA] t= 242.2s | pag=275 | files=1111 | data=  1 | cola= 890 | prio=10 | https://www.adascz.com.bo/boletin-precios/boletin-precios-avicolas-08-de-septiembre-3
[FULL_3_ADA] t= 243.7s | pag=276 | files=1111 | data=  1 | cola= 889 | prio=10 | https://www.adascz.com.bo/boletin-precios/boletin-precios-avicolas-05-de-septiembre-4
[FULL_3_ADA] t= 244.8s | pag=277 | files=1111 | data=  1 | cola= 888 | prio=10 | https://www.adascz.com.bo/boletin-precios/boletin-precios-avicolas-04-de-septiembre-3
[FULL_3_ADA] t= 245.9s | pag=278 | files=1111 | data=  1 | cola= 887 | prio=10 | https://www.adascz.com.bo/boletin-precios/boletin-precios-avicolas-03-de-septiembre-2
[FULL_3_ADA] t= 246.5s | pag=279 | files=1111 | data=  1 | cola= 886 | prio=10 | https://www.adascz.com.bo/boletin-precios/boletin-precios-avicolas-02-de-septiembre-3
[FULL_3_ADA] t= 247.6s | pag=280 | files=1111 | data=  1 | cola= 885 | prio=10 | https://www.adascz.com.bo/boletin-precios/boletin-precios-avicolas-01-de-septiembre-3
[FULL_3_ADA] t= 248.7s | pag=281 | files=1111 | data=  1 | cola= 884 | prio=10 | https://www.adascz.com.bo/boletin-precios/boletin-precios-avicolas-29-de-agosto-4
[FULL_3_ADA] t= 249.5s | pag=282 | files=1111 | data=  1 | cola= 883 | prio=10 | https://www.adascz.com.bo/boletin-precios/boletin-precios-avicolas-28-de-agosto-3
[FULL_3_ADA] t= 250.4s | pag=283 | files=1111 | data=  1 | cola= 882 | prio=10 | https://www.adascz.com.bo/boletin-precios/boletin-precios-avicolas-27-de-agosto-2
[FULL_3_ADA] t= 251.5s | pag=284 | files=1111 | data=  1 | cola= 881 | prio=10 | https://www.adascz.com.bo/boletin-precios/boletin-precios-avicolas-26-de-agosto-3
[FULL_3_ADA] t= 252.2s | pag=285 | files=1111 | data=  1 | cola= 880 | prio=10 | https://www.adascz.com.bo/boletin-precios/boletin-precios-avicolas-25-de-agosto-3
[FULL_3_ADA] t= 253.0s | pag=286 | files=1111 | data=  1 | cola= 879 | prio=10 | https://www.adascz.com.bo/boletin-precios/boletin-precios-avicolas-22-de-agosto-4
[FULL_3_ADA] t= 253.9s | pag=287 | files=1111 | data=  1 | cola= 878 | prio=10 | https://www.adascz.com.bo/boletin-precios/boletin-precios-avicolas-21-de-agosto-6
[FULL_3_ADA] t= 254.7s | pag=288 | files=1111 | data=  1 | cola= 877 | prio=10 | https://www.adascz.com.bo/boletin-precios/boletin-precios-avicolas-20-de-agosto-2
[FULL_3_ADA] t= 255.3s | pag=289 | files=1111 | data=  1 | cola= 876 | prio=10 | https://www.adascz.com.bo/boletin-precios/boletin-precios-avicolas-19-de-agosto-3
[FULL_3_ADA] t= 256.2s | pag=290 | files=1111 | data=  1 | cola= 875 | prio=10 | https://www.adascz.com.bo/boletin-precios/boletin-precios-avicolas-18-de-agosto-4
[FULL_3_ADA] t= 257.3s | pag=291 | files=1111 | data=  1 | cola= 874 | prio=10 | https://www.adascz.com.bo/boletin-precios/boletin-precios-avicolas-15-de-agosto-4
[FULL_3_ADA] t= 258.3s | pag=292 | files=1111 | data=  1 | cola= 873 | prio=10 | https://www.adascz.com.bo/boletin-precios/boletin-precios-avicolas-14-de-agosto-3
[FULL_3_ADA] t= 259.3s | pag=293 | files=1111 | data=  1 | cola= 872 | prio=10 | https://www.adascz.com.bo/boletin-precios/boletin-precios-avicolas-13-de-agosto-2
[FULL_3_ADA] t= 259.8s | pag=294 | files=1111 | data=  1 | cola= 871 | prio=10 | https://www.adascz.com.bo/boletin-precios/boletin-precios-avicolas-12-de-agosto-3
[FULL_3_ADA] t= 260.8s | pag=295 | files=1111 | data=  1 | cola= 870 | prio=10 | https://www.adascz.com.bo/boletin-precios/boletin-precios-avicolas-11-de-agosto-3
[FULL_3_ADA] t= 261.6s | pag=296 | files=1111 | data=  1 | cola= 869 | prio=10 | https://www.adascz.com.bo/boletin-precios/boletin-precios-avicolas-08-de-agosto-3
[FULL_3_ADA] t= 262.5s | pag=297 | files=1111 | data=  1 | cola= 868 | prio=10 | https://www.adascz.com.bo/boletin-precios/boletin-precios-avicolas-05-de-agosto-3
[FULL_3_ADA] t= 263.4s | pag=298 | files=1111 | data=  1 | cola= 867 | prio=10 | https://www.adascz.com.bo/boletin-precios/boletin-precios-avicolas-04-de-agosto-3
[FULL_3_ADA] t= 264.2s | pag=299 | files=1111 | data=  1 | cola= 866 | prio=10 | https://www.adascz.com.bo/boletin-precios/boletin-precios-avicolas-01-de-agosto-3
[FULL_3_ADA] t= 265.0s | pag=300 | files=1111 | data=  1 | cola= 865 | prio=10 | https://www.adascz.com.bo/boletin-precios/boletin-precios-avicolas-31-de-julio-3
[FULL_3_ADA] t= 266.0s | pag=301 | files=1111 | data=  1 | cola= 864 | prio=10 | https://www.adascz.com.bo/boletin-precios/boletin-precios-avicolas-29-de-julio-3
[FULL_3_ADA] t= 267.1s | pag=302 | files=1111 | data=  1 | cola= 863 | prio=10 | https://www.adascz.com.bo/boletin-precios/boletin-precios-avicolas-28-de-julio-3
[FULL_3_ADA] t= 267.8s | pag=303 | files=1111 | data=  1 | cola= 862 | prio=10 | https://www.adascz.com.bo/boletin-precios/boletin-precios-avicolas-25-de-julio-3
[FULL_3_ADA] t= 268.7s | pag=304 | files=1111 | data=  1 | cola= 861 | prio=10 | https://www.adascz.com.bo/boletin-precios/boletin-precios-avicolas-24-de-julio-3
[FULL_3_ADA] t= 269.4s | pag=305 | files=1111 | data=  1 | cola= 860 | prio=10 | https://www.adascz.com.bo/boletin-precios/boletin-precios-avicolas-23-de-julio-2
[FULL_3_ADA] t= 270.1s | pag=306 | files=1111 | data=  1 | cola= 859 | prio=10 | https://www.adascz.com.bo/boletin-precios/boletin-precios-avicolas-22-de-julio-3
[FULL_3_ADA] t= 270.7s | pag=307 | files=1111 | data=  1 | cola= 858 | prio=10 | https://www.adascz.com.bo/boletin-precios/boletin-precios-avicolas-21-de-julio-3
[FULL_3_ADA] t= 271.9s | pag=308 | files=1111 | data=  1 | cola= 857 | prio=10 | https://www.adascz.com.bo/boletin-precios/boletin-precios-avicolas-18-de-julio-4
[FULL_3_ADA] t= 273.0s | pag=309 | files=1111 | data=  1 | cola= 856 | prio=10 | https://www.adascz.com.bo/boletin-precios/boletin-precios-avicolas-17-de-julio-3
[FULL_3_ADA] t= 273.6s | pag=310 | files=1111 | data=  1 | cola= 855 | prio=10 | https://www.adascz.com.bo/boletin-precios/boletin-precios-avicolas-16-de-julio-2
[FULL_3_ADA] t= 274.4s | pag=311 | files=1111 | data=  1 | cola= 854 | prio=10 | https://www.adascz.com.bo/boletin-precios/boletin-precios-avicolas-15-de-julio-3
[FULL_3_ADA] t= 275.1s | pag=312 | files=1111 | data=  1 | cola= 853 | prio=10 | https://www.adascz.com.bo/boletin-precios/boletin-precios-avicolas-14-de-julio-3
[FULL_3_ADA] t= 276.0s | pag=313 | files=1111 | data=  1 | cola= 852 | prio=10 | https://www.adascz.com.bo/boletin-precios/boletin-precios-avicolas-11-de-julio-5
[FULL_3_ADA] t= 277.0s | pag=314 | files=1111 | data=  1 | cola= 851 | prio=10 | https://www.adascz.com.bo/boletin-precios/boletin-precios-avicolas-10-de-julio-2
[FULL_3_ADA] t= 277.9s | pag=315 | files=1111 | data=  1 | cola= 850 | prio=10 | https://www.adascz.com.bo/boletin-precios/boletin-precios-avicolas-08-de-julio-3
[FULL_3_ADA] t= 278.7s | pag=316 | files=1111 | data=  1 | cola= 849 | prio=10 | https://www.adascz.com.bo/boletin-precios/boletin-precios-avicolas-07-de-julio-3
[FULL_3_ADA] t= 279.5s | pag=317 | files=1111 | data=  1 | cola= 848 | prio=10 | https://www.adascz.com.bo/boletin-precios/boletin-precios-avicolas-04-de-julio-4
[FULL_3_ADA] t= 280.6s | pag=318 | files=1111 | data=  1 | cola= 847 | prio=10 | https://www.adascz.com.bo/boletin-precios/boletin-precios-avicolas-03-de-julio-3
[FULL_3_ADA] t= 282.4s | pag=319 | files=1111 | data=  1 | cola= 846 | prio=10 | https://www.adascz.com.bo/boletin-precios/boletin-precios-avicolas-02-de-julio-2
[FULL_3_ADA] t= 283.7s | pag=320 | files=1111 | data=  1 | cola= 845 | prio=10 | https://www.adascz.com.bo/boletin-precios/boletin-precios-avicolas-01-de-julio-3
[FULL_3_ADA] t= 284.5s | pag=321 | files=1111 | data=  1 | cola= 844 | prio=10 | https://www.adascz.com.bo/boletin-precios/boletin-precios-avicolas-30-de-junio-3
[FULL_3_ADA] t= 285.5s | pag=322 | files=1111 | data=  1 | cola= 843 | prio=10 | https://www.adascz.com.bo/boletin-precios/boletin-precios-avicolas-27-de-junio-4
[FULL_3_ADA] t= 286.4s | pag=323 | files=1111 | data=  1 | cola= 842 | prio=10 | https://www.adascz.com.bo/boletin-precios/boletin-precios-avicolas-26-de-junio-3
[FULL_3_ADA] t= 287.0s | pag=324 | files=1111 | data=  1 | cola= 841 | prio=10 | https://www.adascz.com.bo/boletin-precios/boletin-precios-avicolas-25-de-junio-2
[FULL_3_ADA] t= 288.2s | pag=325 | files=1111 | data=  1 | cola= 840 | prio=10 | https://www.adascz.com.bo/boletin-precios/boletin-precios-avicolas-24-de-junio-3
[FULL_3_ADA] t= 289.2s | pag=326 | files=1111 | data=  1 | cola= 839 | prio=10 | https://www.adascz.com.bo/boletin-precios/boletin-precios-avicolas-23-de-junio-2
[FULL_3_ADA] t= 290.0s | pag=327 | files=1111 | data=  1 | cola= 838 | prio=10 | https://www.adascz.com.bo/boletin-precios/boletin-precios-avicolas-16-de-junio-2
[FULL_3_ADA] t= 291.1s | pag=328 | files=1111 | data=  1 | cola= 837 | prio=10 | https://www.adascz.com.bo/boletin-precios/boletin-precios-avicolas-13-de-junio-4
[FULL_3_ADA] t= 291.9s | pag=329 | files=1111 | data=  1 | cola= 836 | prio=10 | https://www.adascz.com.bo/boletin-precios/boletin-precios-avicolas-12-de-junio-3
[FULL_3_ADA] t= 292.9s | pag=330 | files=1111 | data=  1 | cola= 835 | prio=10 | https://www.adascz.com.bo/boletin-precios/boletin-precios-avicolas-11-de-junio-2
[FULL_3_ADA] t= 293.8s | pag=331 | files=1111 | data=  1 | cola= 834 | prio=10 | https://www.adascz.com.bo/boletin-precios/boletin-precios-avicolas-10-de-junio-3
[FULL_3_ADA] t= 294.9s | pag=332 | files=1111 | data=  1 | cola= 833 | prio=10 | https://www.adascz.com.bo/boletin-precios/boletin-precios-avicolas-09-de-junio-3
[FULL_3_ADA] t= 295.8s | pag=333 | files=1111 | data=  1 | cola= 832 | prio=10 | https://www.adascz.com.bo/boletin-precios/boletin-precios-avicolas-06-de-junio-4
[FULL_3_ADA] t= 296.6s | pag=334 | files=1111 | data=  1 | cola= 831 | prio=10 | https://www.adascz.com.bo/boletin-precios/boletin-precios-avicolas-05-de-junio-3
[FULL_3_ADA] t= 297.8s | pag=335 | files=1111 | data=  1 | cola= 830 | prio=10 | https://www.adascz.com.bo/boletin-precios/boletin-precios-avicolas-04-de-junio-2
[FULL_3_ADA] t= 298.4s | pag=336 | files=1111 | data=  1 | cola= 829 | prio=10 | https://www.adascz.com.bo/boletin-precios/boletin-precios-avicolas-03-de-junio-3
[FULL_3_ADA] t= 299.2s | pag=337 | files=1111 | data=  1 | cola= 828 | prio=10 | https://www.adascz.com.bo/boletin-precios/boletin-precios-avicolas-02-de-junio-3
[FULL_3_ADA] t= 300.0s | pag=338 | files=1111 | data=  1 | cola= 827 | prio=10 | https://www.adascz.com.bo/boletin-precios/boletin-precios-avicolas-30-de-mayo-3
[FULL_3_ADA] t= 301.1s | pag=339 | files=1111 | data=  1 | cola= 826 | prio=10 | https://www.adascz.com.bo/boletin-precios/boletin-precios-avicolas-27-de-mayo-3
[FULL_3_ADA] t= 302.0s | pag=340 | files=1111 | data=  1 | cola= 825 | prio=10 | https://www.adascz.com.bo/boletin-precios/boletin-precios-avicolas-26-de-mayo-2
[FULL_3_ADA] t= 303.1s | pag=341 | files=1111 | data=  1 | cola= 824 | prio=10 | https://www.adascz.com.bo/boletin-precios/boletin-precios-avicolas-23-de-mayo-4
[FULL_3_ADA] t= 304.1s | pag=342 | files=1111 | data=  1 | cola= 823 | prio=10 | https://www.adascz.com.bo/boletin-precios/boletin-precios-avicolas-22-de-mayo-3
[FULL_3_ADA] t= 305.2s | pag=343 | files=1111 | data=  1 | cola= 822 | prio=10 | https://www.adascz.com.bo/boletin-precios/boletin-precios-avicolas-21-de-mayo-2
[FULL_3_ADA] t= 306.3s | pag=344 | files=1111 | data=  1 | cola= 821 | prio=10 | https://www.adascz.com.bo/boletin-precios/boletin-precios-avicolas-20-de-mayo-3
[FULL_3_ADA] t= 307.2s | pag=345 | files=1111 | data=  1 | cola= 820 | prio=10 | https://www.adascz.com.bo/boletin-precios/boletin-precios-avicolas-19-de-mayo-3
[FULL_3_ADA] t= 308.2s | pag=346 | files=1111 | data=  1 | cola= 819 | prio=10 | https://www.adascz.com.bo/boletin-precios/boletin-precios-avicolas-16-de-mayo-4
[FULL_3_ADA] t= 309.3s | pag=347 | files=1111 | data=  1 | cola= 818 | prio=10 | https://www.adascz.com.bo/boletin-precios/boletin-precios-avicolas-15-de-mayo-3
[FULL_3_ADA] t= 310.4s | pag=348 | files=1111 | data=  1 | cola= 817 | prio=10 | https://www.adascz.com.bo/boletin-precios/boletin-precios-avicolas-14-de-mayo-2
[FULL_3_ADA] t= 311.3s | pag=349 | files=1111 | data=  1 | cola= 816 | prio=10 | https://www.adascz.com.bo/boletin-precios/boletin-precios-avicolas-13-de-mayo-3
[FULL_3_ADA] t= 312.0s | pag=350 | files=1111 | data=  1 | cola= 815 | prio=10 | https://www.adascz.com.bo/boletin-precios/boletin-precios-avicolas-12-de-mayo-3
[FULL_3_ADA] t= 312.7s | pag=351 | files=1111 | data=  1 | cola= 814 | prio=10 | https://www.adascz.com.bo/boletin-precios/boletin-precios-avicolas-09-de-mayo-3
[FULL_3_ADA] t= 314.4s | pag=352 | files=1111 | data=  1 | cola= 813 | prio=10 | https://www.adascz.com.bo/boletin-precios/boletin-precios-avicolas-08-de-mayo-2
[FULL_3_ADA] t= 315.3s | pag=353 | files=1111 | data=  1 | cola= 812 | prio=10 | https://www.adascz.com.bo/boletin-precios/boletin-precios-avicolas-07-de-mayo-2
[FULL_3_ADA] t= 315.9s | pag=354 | files=1111 | data=  1 | cola= 811 | prio=10 | https://www.adascz.com.bo/boletin-precios/boletin-precios-avicolas-06-de-mayo-3
[FULL_3_ADA] t= 316.7s | pag=355 | files=1111 | data=  1 | cola= 810 | prio=10 | https://www.adascz.com.bo/boletin-precios/boletin-precios-avicolas-05-de-mayo-2
[FULL_3_ADA] t= 317.6s | pag=356 | files=1111 | data=  1 | cola= 809 | prio=10 | https://www.adascz.com.bo/boletin-precios/boletin-precios-avicolas-02-de-mayo-2
[FULL_3_ADA] t= 318.4s | pag=357 | files=1111 | data=  1 | cola= 808 | prio=10 | https://www.adascz.com.bo/boletin-precios/boletin-precios-avicolas-30-de-abril-2
[FULL_3_ADA] t= 319.2s | pag=358 | files=1111 | data=  1 | cola= 807 | prio=10 | https://www.adascz.com.bo/boletin-precios/boletin-precios-avicolas-29-de-abril-3
[FULL_3_ADA] t= 320.4s | pag=359 | files=1111 | data=  1 | cola= 806 | prio=10 | https://www.adascz.com.bo/boletin-precios/boletin-precios-avicolas-28-de-abril-4
[FULL_3_ADA] t= 321.1s | pag=360 | files=1111 | data=  1 | cola= 805 | prio=10 | https://www.adascz.com.bo/boletin-precios/boletin-precios-avicolas-24-de-abril-3
[FULL_3_ADA] t= 322.2s | pag=361 | files=1111 | data=  1 | cola= 804 | prio=10 | https://www.adascz.com.bo/boletin-precios/boletin-precios-avicolas-23-de-abril-2
[FULL_3_ADA] t= 323.3s | pag=362 | files=1111 | data=  1 | cola= 803 | prio=10 | https://www.adascz.com.bo/boletin-precios/boletin-precios-avicolas-22-de-abril-3
[FULL_3_ADA] t= 323.9s | pag=363 | files=1111 | data=  1 | cola= 802 | prio=10 | https://www.adascz.com.bo/boletin-precios/boletin-precios-avicolas-21-de-abril-4
[FULL_3_ADA] t= 324.8s | pag=364 | files=1111 | data=  1 | cola= 801 | prio=10 | https://www.adascz.com.bo/boletin-precios/boletin-precios-avicolas-17-de-abril-2
[FULL_3_ADA] t= 325.7s | pag=365 | files=1111 | data=  1 | cola= 800 | prio=10 | https://www.adascz.com.bo/boletin-precios/boletin-precios-avicolas-16-de-abril-2
[FULL_3_ADA] t= 326.6s | pag=366 | files=1111 | data=  1 | cola= 799 | prio=10 | https://www.adascz.com.bo/boletin-precios/boletin-precios-avicolas-15-de-abril-2
[FULL_3_ADA] t= 327.4s | pag=367 | files=1111 | data=  1 | cola= 798 | prio=10 | https://www.adascz.com.bo/boletin-precios/boletin-precios-avicolas-14-de-abril-3
[FULL_3_ADA] t= 328.0s | pag=368 | files=1111 | data=  1 | cola= 797 | prio=10 | https://www.adascz.com.bo/boletin-precios/boletin-precios-avicolas-11-de-abril-3
[FULL_3_ADA] t= 328.8s | pag=369 | files=1111 | data=  1 | cola= 796 | prio=10 | https://www.adascz.com.bo/boletin-precios/boletin-precios-avicolas-09-de-abril-2
[FULL_3_ADA] t= 329.7s | pag=370 | files=1111 | data=  1 | cola= 795 | prio=10 | https://www.adascz.com.bo/boletin-precios/boletin-precios-avicolas-08-de-abril-3
[FULL_3_ADA] t= 330.4s | pag=371 | files=1111 | data=  1 | cola= 794 | prio=10 | https://www.adascz.com.bo/boletin-precios/boletin-precios-avicolas-07-de-abril-2
[FULL_3_ADA] t= 331.1s | pag=372 | files=1111 | data=  1 | cola= 793 | prio=10 | https://www.adascz.com.bo/boletin-precios/boletin-precios-avicolas-02-de-abril-2
[FULL_3_ADA] t= 332.1s | pag=373 | files=1111 | data=  1 | cola= 792 | prio=10 | https://www.adascz.com.bo/boletin-precios/boletin-precios-avicolas-01-de-abril-3
[FULL_3_ADA] t= 333.2s | pag=374 | files=1111 | data=  1 | cola= 791 | prio=10 | https://www.adascz.com.bo/boletin-precios/boletin-precios-avicolas-31-de-marzo-3
[FULL_3_ADA] t= 333.8s | pag=375 | files=1111 | data=  1 | cola= 790 | prio=10 | https://www.adascz.com.bo/boletin-precios/boletin-precios-avicolas-28-de-marzo-4
[FULL_3_ADA] t= 334.8s | pag=376 | files=1111 | data=  1 | cola= 789 | prio=10 | https://www.adascz.com.bo/boletin-precios/boletin-precios-avicolas-27-de-marzo-3
[FULL_3_ADA] t= 335.6s | pag=377 | files=1111 | data=  1 | cola= 788 | prio=10 | https://www.adascz.com.bo/boletin-precios/boletin-precios-avicolas-26-de-marzo-2
[FULL_3_ADA] t= 336.3s | pag=378 | files=1111 | data=  1 | cola= 787 | prio=10 | https://www.adascz.com.bo/boletin-precios/boletin-precios-avicolas-25-de-marzo-3
[FULL_3_ADA] t= 337.5s | pag=379 | files=1111 | data=  1 | cola= 786 | prio=10 | https://www.adascz.com.bo/boletin-precios/boletin-precios-avicolas-24-de-marzo-3
[FULL_3_ADA] t= 338.1s | pag=380 | files=1111 | data=  1 | cola= 785 | prio=10 | https://www.adascz.com.bo/boletin-precios/boletin-precios-avicolas-21-de-marzo-5
[FULL_3_ADA] t= 339.2s | pag=381 | files=1111 | data=  1 | cola= 784 | prio=10 | https://www.adascz.com.bo/boletin-precios/boletin-precios-avicolas-20-de-marzo-3
[FULL_3_ADA] t= 339.9s | pag=382 | files=1111 | data=  1 | cola= 783 | prio=10 | https://www.adascz.com.bo/boletin-precios/boletin-precios-avicolas-19-de-marzo-2
[FULL_3_ADA] t= 340.8s | pag=383 | files=1111 | data=  1 | cola= 782 | prio=10 | https://www.adascz.com.bo/boletin-precios/boletin-precios-avicolas-18-de-marzo-3
[FULL_3_ADA] t= 341.5s | pag=384 | files=1111 | data=  1 | cola= 781 | prio=10 | https://www.adascz.com.bo/boletin-precios/boletin-precios-avicolas-17-de-marzo-3
[FULL_3_ADA] t= 342.3s | pag=385 | files=1111 | data=  1 | cola= 780 | prio=10 | https://www.adascz.com.bo/boletin-precios/boletin-precios-avicolas-14-de-marzo-4
[FULL_3_ADA] t= 343.2s | pag=386 | files=1111 | data=  1 | cola= 779 | prio=10 | https://www.adascz.com.bo/boletin-precios/boletin-precios-avicolas-13-de-marzo-3
[FULL_3_ADA] t= 343.7s | pag=387 | files=1111 | data=  1 | cola= 778 | prio=10 | https://www.adascz.com.bo/boletin-precios/boletin-precios-avicolas-12-de-marzo-2
[FULL_3_ADA] t= 344.7s | pag=388 | files=1111 | data=  1 | cola= 777 | prio=10 | https://www.adascz.com.bo/boletin-precios/boletin-precios-avicolas-11-de-marzo-3
[FULL_3_ADA] t= 345.5s | pag=389 | files=1111 | data=  1 | cola= 776 | prio=10 | https://www.adascz.com.bo/boletin-precios/boletin-precios-avicolas-10-de-marzo-3
[FULL_3_ADA] t= 346.4s | pag=390 | files=1111 | data=  1 | cola= 775 | prio=10 | https://www.adascz.com.bo/boletin-precios/boletin-precios-avicolas-07-de-marzo-3
[FULL_3_ADA] t= 347.5s | pag=391 | files=1111 | data=  1 | cola= 774 | prio=10 | https://www.adascz.com.bo/boletin-precios/boletin-precios-avicolas-06-de-marzo-3
[FULL_3_ADA] t= 348.6s | pag=392 | files=1111 | data=  1 | cola= 773 | prio=10 | https://www.adascz.com.bo/boletin-precios/boletin-precios-avicolas-28-de-febrero-3
[FULL_3_ADA] t= 349.7s | pag=393 | files=1111 | data=  1 | cola= 772 | prio=10 | https://www.adascz.com.bo/boletin-precios/boletin-precios-avicolas-27-de-febrero-2
[FULL_3_ADA] t= 350.5s | pag=394 | files=1111 | data=  1 | cola= 771 | prio=10 | https://www.adascz.com.bo/boletin-precios/boletin-precios-avicolas-26-de-febrero-2
[FULL_3_ADA] t= 351.0s | pag=395 | files=1111 | data=  1 | cola= 770 | prio=10 | https://www.adascz.com.bo/boletin-precios/boletin-precios-avicolas-25-de-febrero-2
[FULL_3_ADA] t= 351.7s | pag=396 | files=1111 | data=  1 | cola= 769 | prio=10 | https://www.adascz.com.bo/boletin-precios/boletin-precios-avicolas-24-de-febrero-4
[FULL_3_ADA] t= 352.4s | pag=397 | files=1111 | data=  1 | cola= 768 | prio=10 | https://www.adascz.com.bo/boletin-precios/boletin-precios-avicolas-21-de-febrero-3
[FULL_3_ADA] t= 353.3s | pag=398 | files=1111 | data=  1 | cola= 767 | prio=10 | https://www.adascz.com.bo/boletin-precios/boletin-precios-avicolas-20-de-febrero-2
[FULL_3_ADA] t= 354.2s | pag=399 | files=1111 | data=  1 | cola= 766 | prio=10 | https://www.adascz.com.bo/boletin-precios/boletin-precios-avicolas-19-de-febrero-2
[FULL_3_ADA] t= 354.8s | pag=400 | files=1111 | data=  1 | cola= 765 | prio=10 | https://www.adascz.com.bo/boletin-precios/boletin-precios-avicolas-17-de-febrero-3
[FULL_3_ADA] t= 355.9s | pag=401 | files=1111 | data=  1 | cola= 764 | prio=10 | https://www.adascz.com.bo/boletin-precios/boletin-precios-avicolas-13-de-febrero-2
[FULL_3_ADA] t= 356.6s | pag=402 | files=1111 | data=  1 | cola= 763 | prio=10 | https://www.adascz.com.bo/boletin-precios/boletin-precios-avicolas-12-de-febrero
[FULL_3_ADA] t= 357.6s | pag=403 | files=1111 | data=  1 | cola= 762 | prio=10 | https://www.adascz.com.bo/boletin-precios/boletin-precios-avicolas-11-de-febrero-2
[FULL_3_ADA] t= 358.5s | pag=404 | files=1111 | data=  1 | cola= 761 | prio=10 | https://www.adascz.com.bo/boletin-precios/boletin-precios-avicolas-07-de-febrero-4
[FULL_3_ADA] t= 359.5s | pag=405 | files=1111 | data=  1 | cola= 760 | prio=10 | https://www.adascz.com.bo/boletin-precios/boletin-precios-avicolas-06-de-febrero-3
[FULL_3_ADA] t= 360.4s | pag=406 | files=1111 | data=  1 | cola= 759 | prio=10 | https://www.adascz.com.bo/boletin-precios/boletin-precios-avicolas-05-de-febrero-2
[FULL_3_ADA] t= 361.0s | pag=407 | files=1111 | data=  1 | cola= 758 | prio=10 | https://www.adascz.com.bo/boletin-precios/boletin-precios-avicolas-04-de-febrero-2
[FULL_3_ADA] t= 362.2s | pag=408 | files=1111 | data=  1 | cola= 757 | prio=10 | https://www.adascz.com.bo/boletin-precios/boletin-precios-avicolas-31-de-enero-4
[FULL_3_ADA] t= 362.8s | pag=409 | files=1111 | data=  1 | cola= 756 | prio=10 | https://www.adascz.com.bo/boletin-precios/boletin-precios-avicolas-30-de-enero-3
[FULL_3_ADA] t= 363.4s | pag=410 | files=1111 | data=  1 | cola= 755 | prio=10 | https://www.adascz.com.bo/boletin-precios/boletin-precios-avicolas-29-de-enero-2
[FULL_3_ADA] t= 364.4s | pag=411 | files=1111 | data=  1 | cola= 754 | prio=10 | https://www.adascz.com.bo/boletin-precios/boletin-precios-avicolas-28-de-enero-2
[FULL_3_ADA] t= 365.5s | pag=412 | files=1111 | data=  1 | cola= 753 | prio=10 | https://www.adascz.com.bo/boletin-precios/boletin-precios-avicolas-27-de-enero-2
[FULL_3_ADA] t= 366.4s | pag=413 | files=1111 | data=  1 | cola= 752 | prio=10 | https://www.adascz.com.bo/boletin-precios/boletin-precios-avicolas-24-de-enero-3
[FULL_3_ADA] t= 367.1s | pag=414 | files=1111 | data=  1 | cola= 751 | prio=10 | https://www.adascz.com.bo/boletin-precios/boletin-precios-avicolas-23-de-enero-2
[FULL_3_ADA] t= 368.1s | pag=415 | files=1111 | data=  1 | cola= 750 | prio=10 | https://www.adascz.com.bo/boletin-precios/boletin-precios-avicolas-20-de-enero-2
[FULL_3_ADA] t= 369.2s | pag=416 | files=1111 | data=  1 | cola= 749 | prio=10 | https://www.adascz.com.bo/boletin-precios/boletin-precios-avicolas-17-de-enero-3
[FULL_3_ADA] t= 370.0s | pag=417 | files=1111 | data=  1 | cola= 748 | prio=10 | https://www.adascz.com.bo/boletin-precios/boletin-precios-avicolas-16-de-enero-3
[FULL_3_ADA] t= 370.6s | pag=418 | files=1111 | data=  1 | cola= 747 | prio=10 | https://www.adascz.com.bo/boletin-precios/boletin-precios-avicolas-15-de-enero-2
[FULL_3_ADA] t= 371.6s | pag=419 | files=1111 | data=  1 | cola= 746 | prio=10 | https://www.adascz.com.bo/boletin-precios/boletin-precios-avicolas-14-de-enero
[FULL_3_ADA] t= 372.5s | pag=420 | files=1111 | data=  1 | cola= 745 | prio=10 | https://www.adascz.com.bo/boletin-precios/boletin-precios-avicolas-13-de-enero-2
[FULL_3_ADA] t= 373.4s | pag=421 | files=1111 | data=  1 | cola= 744 | prio=10 | https://www.adascz.com.bo/boletin-precios/boletin-precios-avicolas-10-de-enero-3
[FULL_3_ADA] t= 374.3s | pag=422 | files=1111 | data=  1 | cola= 743 | prio=10 | https://www.adascz.com.bo/boletin-precios/boletin-precios-avicolas-09-de-enero-3
[FULL_3_ADA] t= 374.9s | pag=423 | files=1111 | data=  1 | cola= 742 | prio=10 | https://www.adascz.com.bo/boletin-precios/boletin-precios-avicolas-08-de-enero-2
[FULL_3_ADA] t= 375.8s | pag=424 | files=1111 | data=  1 | cola= 741 | prio=10 | https://www.adascz.com.bo/boletin-precios/boletin-precios-avicolas-07-de-enero
[FULL_3_ADA] t= 376.6s | pag=425 | files=1111 | data=  1 | cola= 740 | prio=10 | https://www.adascz.com.bo/boletin-precios/boletin-precios-avicolas-06-de-enero-2
[FULL_3_ADA] t= 377.5s | pag=426 | files=1111 | data=  1 | cola= 739 | prio=10 | https://www.adascz.com.bo/boletin-precios/boletin-precios-avicolas-03-de-enero-3
[FULL_3_ADA] t= 379.1s | pag=427 | files=1111 | data=  1 | cola= 738 | prio=10 | https://www.adascz.com.bo/boletin-precios/boletin-precios-avicolas-02-de-enero-2
[FULL_3_ADA] t= 380.2s | pag=428 | files=1111 | data=  1 | cola= 737 | prio=10 | https://www.adascz.com.bo/boletin-precios/boletin-precios-avicolas-31-de-diciembre
[FULL_3_ADA] t= 381.0s | pag=429 | files=1111 | data=  1 | cola= 736 | prio=10 | https://www.adascz.com.bo/boletin-precios/boletin-precios-avicolas-30-de-diciembre
[FULL_3_ADA] t= 381.8s | pag=430 | files=1111 | data=  1 | cola= 735 | prio=10 | https://www.adascz.com.bo/boletin-precios/boletin-precios-avicolas-27-de-diciembre-3
[FULL_3_ADA] t= 382.4s | pag=431 | files=1111 | data=  1 | cola= 734 | prio=10 | https://www.adascz.com.bo/boletin-precios/boletin-precios-avicolas-26-de-diciembre-2
[FULL_3_ADA] t= 383.5s | pag=432 | files=1111 | data=  1 | cola= 733 | prio=10 | https://www.adascz.com.bo/boletin-precios/boletin-precios-avicolas-24-de-diciembre
[FULL_3_ADA] t= 384.3s | pag=433 | files=1111 | data=  1 | cola= 732 | prio=10 | https://www.adascz.com.bo/boletin-precios/boletin-precios-avicolas-23-de-diciembre-2
[FULL_3_ADA] t= 385.5s | pag=434 | files=1111 | data=  1 | cola= 731 | prio=10 | https://www.adascz.com.bo/boletin-precios/boletin-precios-avicolas-20-de-diciembre-3
[FULL_3_ADA] t= 386.2s | pag=435 | files=1111 | data=  1 | cola= 730 | prio=10 | https://www.adascz.com.bo/boletin-precios/boletin-precios-avicolas-19-de-diciembre-3
[FULL_3_ADA] t= 386.9s | pag=436 | files=1111 | data=  1 | cola= 729 | prio=10 | https://www.adascz.com.bo/boletin-precios/boletin-precios-avicolas-18-de-diciembre-2
[FULL_3_ADA] t= 388.1s | pag=437 | files=1111 | data=  1 | cola= 728 | prio=10 | https://www.adascz.com.bo/boletin-precios/boletin-precios-avicolas-17-de-diciembre-2
[FULL_3_ADA] t= 389.0s | pag=438 | files=1111 | data=  1 | cola= 727 | prio=10 | https://www.adascz.com.bo/boletin-precios/boletin-precios-avicolas-16-de-diciembre-2
[FULL_3_ADA] t= 389.8s | pag=439 | files=1111 | data=  1 | cola= 726 | prio=10 | https://www.adascz.com.bo/boletin-precios/boletin-precios-avicolas-13-de-diciembre-3
[FULL_3_ADA] t= 390.7s | pag=440 | files=1111 | data=  1 | cola= 725 | prio=10 | https://www.adascz.com.bo/boletin-precios/boletin-precios-avicolas-12-de-diciembre-3
[FULL_3_ADA] t= 391.8s | pag=441 | files=1111 | data=  1 | cola= 724 | prio=10 | https://www.adascz.com.bo/boletin-precios/boletin-precios-avicolas-11-de-diciembre-2
[FULL_3_ADA] t= 392.8s | pag=442 | files=1111 | data=  1 | cola= 723 | prio=10 | https://www.adascz.com.bo/boletin-precios/boletin-precios-avicolas-09-de-diciembre-2
[FULL_3_ADA] t= 393.8s | pag=443 | files=1111 | data=  1 | cola= 722 | prio=10 | https://www.adascz.com.bo/boletin-precios/boletin-precios-avicolas-06-de-diciembre-3
[FULL_3_ADA] t= 394.6s | pag=444 | files=1111 | data=  1 | cola= 721 | prio=10 | https://www.adascz.com.bo/boletin-precios/boletin-precios-avicolas-05-de-diciembre-2
[FULL_3_ADA] t= 395.2s | pag=445 | files=1111 | data=  1 | cola= 720 | prio=10 | https://www.adascz.com.bo/boletin-precios/boletin-precios-avicolas-04-de-diciembre-2
[FULL_3_ADA] t= 396.2s | pag=446 | files=1111 | data=  1 | cola= 719 | prio=10 | https://www.adascz.com.bo/boletin-precios/boletin-precios-avicolas-03-de-diciembre
[FULL_3_ADA] t= 397.2s | pag=447 | files=1111 | data=  1 | cola= 718 | prio=10 | https://www.adascz.com.bo/boletin-precios/boletin-precios-avicolas-02-de-diciembre-2
[FULL_3_ADA] t= 398.0s | pag=448 | files=1111 | data=  1 | cola= 717 | prio=10 | https://www.adascz.com.bo/boletin-precios/boletin-precios-avicolas-26-de-noviembre
[FULL_3_ADA] t= 398.7s | pag=449 | files=1111 | data=  1 | cola= 716 | prio=10 | https://www.adascz.com.bo/boletin-precios/boletin-precios-avicolas-21-de-noviembre-3
[FULL_3_ADA] t= 399.3s | pag=450 | files=1111 | data=  1 | cola= 715 | prio=10 | https://www.adascz.com.bo/boletin-precios/boletin-precios-avicolas-20-de-noviembre-2
[FULL_3_ADA] t= 400.4s | pag=451 | files=1111 | data=  1 | cola= 714 | prio=10 | https://www.adascz.com.bo/boletin-precios/boletin-precios-avicolas-19-de-noviembre
[FULL_3_ADA] t= 401.5s | pag=452 | files=1111 | data=  1 | cola= 713 | prio=10 | https://www.adascz.com.bo/boletin-precios/boletin-precios-avicolas-18-de-noviembre-2
[FULL_3_ADA] t= 402.6s | pag=453 | files=1111 | data=  1 | cola= 712 | prio=10 | https://www.adascz.com.bo/boletin-precios/boletin-precios-avicolas-15-de-noviembre-3
[FULL_3_ADA] t= 403.4s | pag=454 | files=1111 | data=  1 | cola= 711 | prio=10 | https://www.adascz.com.bo/boletin-precios/boletin-precios-avicolas-14-de-noviembre-3
[FULL_3_ADA] t= 404.0s | pag=455 | files=1111 | data=  1 | cola= 710 | prio=10 | https://www.adascz.com.bo/boletin-precios/boletin-precios-avicolas-13-de-noviembre-2
[FULL_3_ADA] t= 405.0s | pag=456 | files=1111 | data=  1 | cola= 709 | prio=10 | https://www.adascz.com.bo/boletin-precios/boletin-precios-avicolas-12-de-noviembre
[FULL_3_ADA] t= 406.0s | pag=457 | files=1111 | data=  1 | cola= 708 | prio=10 | https://www.adascz.com.bo/boletin-precios/boletin-precios-avicolas-11-de-noviembre-2
[FULL_3_ADA] t= 406.7s | pag=458 | files=1111 | data=  1 | cola= 707 | prio=10 | https://www.adascz.com.bo/boletin-precios/boletin-precios-avicolas-07-de-noviembre-3
[FULL_3_ADA] t= 407.4s | pag=459 | files=1111 | data=  1 | cola= 706 | prio=10 | https://www.adascz.com.bo/boletin-precios/boletin-precios-avicolas-06-de-noviembre-2
[FULL_3_ADA] t= 408.2s | pag=460 | files=1111 | data=  1 | cola= 705 | prio=10 | https://www.adascz.com.bo/boletin-precios/boletin-precios-avicolas-01-de-noviembre-3
[FULL_3_ADA] t= 408.9s | pag=461 | files=1111 | data=  1 | cola= 704 | prio=10 | https://www.adascz.com.bo/boletin-precios/boletin-precios-avicolas-31-de-octubre-3
[FULL_3_ADA] t= 409.5s | pag=462 | files=1111 | data=  1 | cola= 703 | prio=10 | https://www.adascz.com.bo/boletin-precios/boletin-precios-avicolas-30-de-octubre-2
[FULL_3_ADA] t= 410.4s | pag=463 | files=1111 | data=  1 | cola= 702 | prio=10 | https://www.adascz.com.bo/boletin-precios/boletin-precios-avicolas-29-de-octubre
[FULL_3_ADA] t= 411.0s | pag=464 | files=1111 | data=  1 | cola= 701 | prio=10 | https://www.adascz.com.bo/boletin-precios/boletin-precios-avicolas-28-de-octubre
[FULL_3_ADA] t= 411.8s | pag=465 | files=1111 | data=  1 | cola= 700 | prio=10 | https://www.adascz.com.bo/boletin-precios/boletin-precios-avicolas-25-de-octubre-3
[FULL_3_ADA] t= 412.7s | pag=466 | files=1111 | data=  1 | cola= 699 | prio=10 | https://www.adascz.com.bo/boletin-precios/boletin-precios-avicolas-24-de-octubre-2
[FULL_3_ADA] t= 413.7s | pag=467 | files=1111 | data=  1 | cola= 698 | prio=10 | https://www.adascz.com.bo/boletin-precios/boletin-precios-avicolas-23-de-octubre-2
[FULL_3_ADA] t= 414.4s | pag=468 | files=1111 | data=  1 | cola= 697 | prio=10 | https://www.adascz.com.bo/boletin-precios/boletin-precios-avicolas-22-de-octubre
[FULL_3_ADA] t= 415.3s | pag=469 | files=1111 | data=  1 | cola= 696 | prio=10 | https://www.adascz.com.bo/boletin-precios/boletin-precios-avicolas-21-de-octubre-2
[FULL_3_ADA] t= 416.1s | pag=470 | files=1111 | data=  1 | cola= 695 | prio=10 | https://www.adascz.com.bo/boletin-precios/boletin-precios-avicolas-18-de-octubre-3
[FULL_3_ADA] t= 417.2s | pag=471 | files=1111 | data=  1 | cola= 694 | prio=10 | https://www.adascz.com.bo/boletin-precios/boletin-precios-avicolas-17-de-octubre-3
[FULL_3_ADA] t= 417.7s | pag=472 | files=1111 | data=  1 | cola= 693 | prio=10 | https://www.adascz.com.bo/boletin-precios/boletin-precios-avicolas-16-de-octubre-2
[FULL_3_ADA] t= 418.8s | pag=473 | files=1111 | data=  1 | cola= 692 | prio=10 | https://www.adascz.com.bo/boletin-precios/boletin-precios-avicolas-15-de-octubre
[FULL_3_ADA] t= 419.5s | pag=474 | files=1111 | data=  1 | cola= 691 | prio=10 | https://www.adascz.com.bo/boletin-precios/boletin-precios-avicolas-14-de-octubre-2
[FULL_3_ADA] t= 420.6s | pag=475 | files=1111 | data=  1 | cola= 690 | prio=10 | https://www.adascz.com.bo/boletin-precios/boletin-precios-avicolas-11-de-octubre-3
[FULL_3_ADA] t= 421.6s | pag=476 | files=1111 | data=  1 | cola= 689 | prio=10 | https://www.adascz.com.bo/boletin-precios/boletin-precios-avicolas-10-de-octubre-3
[FULL_3_ADA] t= 422.7s | pag=477 | files=1111 | data=  1 | cola= 688 | prio=10 | https://www.adascz.com.bo/boletin-precios/boletin-precios-avicolas-09-de-octubre-2
[FULL_3_ADA] t= 423.8s | pag=478 | files=1111 | data=  1 | cola= 687 | prio=10 | https://www.adascz.com.bo/boletin-precios/boletin-precios-avicolas-08-de-octubre
[FULL_3_ADA] t= 424.5s | pag=479 | files=1111 | data=  1 | cola= 686 | prio=10 | https://www.adascz.com.bo/boletin-precios/boletin-precios-avicolas-07-de-octubre-2
[FULL_3_ADA] t= 425.1s | pag=480 | files=1111 | data=  1 | cola= 685 | prio=10 | https://www.adascz.com.bo/boletin-precios/boletin-precios-avicolas-03-de-octubre
[FULL_3_ADA] t= 426.1s | pag=481 | files=1111 | data=  1 | cola= 684 | prio=10 | https://www.adascz.com.bo/boletin-precios/boletin-precios-avicolas-02-de-octubre-2
[FULL_3_ADA] t= 427.0s | pag=482 | files=1111 | data=  1 | cola= 683 | prio=10 | https://www.adascz.com.bo/boletin-precios/boletin-precios-avicolas-01-de-octubre
[FULL_3_ADA] t= 428.1s | pag=483 | files=1111 | data=  1 | cola= 682 | prio=10 | https://www.adascz.com.bo/boletin-precios/boletin-precios-avicolas-30-de-septiembre-2
[FULL_3_ADA] t= 429.2s | pag=484 | files=1111 | data=  1 | cola= 681 | prio=10 | https://www.adascz.com.bo/boletin-precios/boletin-precios-avicolas-27-de-septiembre-3
[FULL_3_ADA] t= 430.3s | pag=485 | files=1111 | data=  1 | cola= 680 | prio=10 | https://www.adascz.com.bo/boletin-precios/boletin-precios-avicolas-26-de-septiembre-3
[FULL_3_ADA] t= 431.4s | pag=486 | files=1111 | data=  1 | cola= 679 | prio=10 | https://www.adascz.com.bo/boletin-precios/boletin-precios-avicolas-25-de-septiembre
[FULL_3_ADA] t= 432.2s | pag=487 | files=1111 | data=  1 | cola= 678 | prio=10 | https://www.adascz.com.bo/boletin-precios/boletin-precios-avicolas-23-de-septiembre-2
[FULL_3_ADA] t= 432.8s | pag=488 | files=1111 | data=  1 | cola= 677 | prio=10 | https://www.adascz.com.bo/boletin-precios/boletin-precios-avicolas-20-de-septiembre-3
[FULL_3_ADA] t= 433.4s | pag=489 | files=1111 | data=  1 | cola= 676 | prio=10 | https://www.adascz.com.bo/boletin-precios/boletin-precios-avicolas-19-de-septiembre-3
[FULL_3_ADA] t= 434.2s | pag=490 | files=1111 | data=  1 | cola= 675 | prio=10 | https://www.adascz.com.bo/boletin-precios/boletin-precios-avicolas-17-de-septiembre
[FULL_3_ADA] t= 435.4s | pag=491 | files=1111 | data=  1 | cola= 674 | prio=10 | https://www.adascz.com.bo/boletin-precios/boletin-precios-avicolas-16-de-septiembre-2
[FULL_3_ADA] t= 436.2s | pag=492 | files=1111 | data=  1 | cola= 673 | prio=10 | https://www.adascz.com.bo/boletin-precios/boletin-precios-avicolas-13-de-septiembre-3
[FULL_3_ADA] t= 437.0s | pag=493 | files=1111 | data=  1 | cola= 672 | prio=10 | https://www.adascz.com.bo/boletin-precios/boletin-precios-avicolas-12-de-septiembre-2
[FULL_3_ADA] t= 437.8s | pag=494 | files=1111 | data=  1 | cola= 671 | prio=10 | https://www.adascz.com.bo/boletin-precios/boletin-precios-avicolas-10-de-septiembre
[FULL_3_ADA] t= 438.7s | pag=495 | files=1111 | data=  1 | cola= 670 | prio=10 | https://www.adascz.com.bo/boletin-precios/boletin-precios-avicolas-09-de-septiembre-2
[FULL_3_ADA] t= 439.7s | pag=496 | files=1111 | data=  1 | cola= 669 | prio=10 | https://www.adascz.com.bo/boletin-precios/boletin-precios-avicolas-05-de-septiembre-3
[FULL_3_ADA] t= 440.3s | pag=497 | files=1111 | data=  1 | cola= 668 | prio=10 | https://www.adascz.com.bo/boletin-precios/boletin-precios-avicolas-04-de-septiembre-2
[FULL_3_ADA] t= 441.4s | pag=498 | files=1111 | data=  1 | cola= 667 | prio=10 | https://www.adascz.com.bo/boletin-precios/boletin-precios-avicolas-03-de-septiembre
[FULL_3_ADA] t= 442.1s | pag=499 | files=1111 | data=  1 | cola= 666 | prio=10 | https://www.adascz.com.bo/boletin-precios/boletin-precios-avicolas-02-de-septiembre-2
[FULL_3_ADA] t= 442.8s | pag=500 | files=1111 | data=  1 | cola= 665 | prio=10 | https://www.adascz.com.bo/boletin-precios/boletin-precios-avicolas-30-de-agosto-3
[FULL_3_ADA] t= 443.8s | pag=501 | files=1111 | data=  1 | cola= 664 | prio=10 | https://www.adascz.com.bo/boletin-precios/boletin-precios-avicolas-29-de-agosto-3
[FULL_3_ADA] t= 444.4s | pag=502 | files=1111 | data=  1 | cola= 663 | prio=10 | https://www.adascz.com.bo/boletin-precios/boletin-precios-avicolas-28-de-agosto-2
[FULL_3_ADA] t= 446.2s | pag=503 | files=1111 | data=  1 | cola= 662 | prio=10 | https://www.adascz.com.bo/boletin-precios/boletin-precios-avicolas-27-de-agosto
[FULL_3_ADA] t= 447.2s | pag=504 | files=1111 | data=  1 | cola= 661 | prio=10 | https://www.adascz.com.bo/boletin-precios/boletin-precios-avicolas-26-de-agosto-2
[FULL_3_ADA] t= 448.1s | pag=505 | files=1111 | data=  1 | cola= 660 | prio=10 | https://www.adascz.com.bo/boletin-precios/boletin-precios-avicolas-23-de-agosto-3
[FULL_3_ADA] t= 449.2s | pag=506 | files=1111 | data=  1 | cola= 659 | prio=10 | https://www.adascz.com.bo/boletin-precios/boletin-precios-avicolas-22-de-agosto-3
[FULL_3_ADA] t= 450.0s | pag=507 | files=1111 | data=  1 | cola= 658 | prio=10 | https://www.adascz.com.bo/boletin-precios/boletin-precios-avicolas-21-de-agosto-5
[FULL_3_ADA] t= 451.0s | pag=508 | files=1111 | data=  1 | cola= 657 | prio=10 | https://www.adascz.com.bo/boletin-precios/boletin-precios-avicolas-20-de-agosto
[FULL_3_ADA] t= 451.7s | pag=509 | files=1111 | data=  1 | cola= 656 | prio=10 | https://www.adascz.com.bo/boletin-precios/boletin-precios-avicolas-19-de-agosto-2
[FULL_3_ADA] t= 452.4s | pag=510 | files=1111 | data=  1 | cola= 655 | prio=10 | https://www.adascz.com.bo/boletin-precios/boletin-precios-avicolas-16-de-agosto-3
[FULL_3_ADA] t= 453.0s | pag=511 | files=1111 | data=  1 | cola= 654 | prio=10 | https://www.adascz.com.bo/boletin-precios/boletin-precios-avicolas-15-de-agosto-3
[FULL_3_ADA] t= 453.8s | pag=512 | files=1111 | data=  1 | cola= 653 | prio=10 | https://www.adascz.com.bo/boletin-precios/boletin-precios-avicolas-14-de-agosto-2
[FULL_3_ADA] t= 455.0s | pag=513 | files=1111 | data=  1 | cola= 652 | prio=10 | https://www.adascz.com.bo/boletin-precios/boletin-precios-avicolas-13-de-agosto
[FULL_3_ADA] t= 455.9s | pag=514 | files=1111 | data=  1 | cola= 651 | prio=10 | https://www.adascz.com.bo/boletin-precios/boletin-precios-avicolas-12-de-agosto-2
[FULL_3_ADA] t= 456.8s | pag=515 | files=1111 | data=  1 | cola= 650 | prio=10 | https://www.adascz.com.bo/boletin-precios/boletin-precios-avicolas-09-de-agosto-2
[FULL_3_ADA] t= 457.6s | pag=516 | files=1111 | data=  1 | cola= 649 | prio=10 | https://www.adascz.com.bo/boletin-precios/boletin-precios-avicolas-08-de-agosto-2
[FULL_3_ADA] t= 458.3s | pag=517 | files=1111 | data=  1 | cola= 648 | prio=10 | https://www.adascz.com.bo/boletin-precios/boletin-precios-avicolas-07-de-agosto
[FULL_3_ADA] t= 459.0s | pag=518 | files=1111 | data=  1 | cola= 647 | prio=10 | https://www.adascz.com.bo/boletin-precios/boletin-precios-avicolas-05-de-agosto-2
[FULL_3_ADA] t= 460.0s | pag=519 | files=1111 | data=  1 | cola= 646 | prio=10 | https://www.adascz.com.bo/boletin-precios/boletin-precios-avicolas-02-de-agosto-3
[FULL_3_ADA] t= 460.6s | pag=520 | files=1111 | data=  1 | cola= 645 | prio=10 | https://www.adascz.com.bo/boletin-precios/boletin-precios-avicolas-31-de-julio-2
[FULL_3_ADA] t= 461.2s | pag=521 | files=1111 | data=  1 | cola= 644 | prio=10 | https://www.adascz.com.bo/boletin-precios/boletin-precios-avicolas-30-de-julio
[FULL_3_ADA] t= 462.4s | pag=522 | files=1111 | data=  1 | cola= 643 | prio=10 | https://www.adascz.com.bo/boletin-precios/boletin-precios-avicolas-29-de-julio-2
[FULL_3_ADA] t= 463.0s | pag=523 | files=1111 | data=  1 | cola= 642 | prio=10 | https://www.adascz.com.bo/boletin-precios/boletin-precios-avicolas-26-de-julio-3
[FULL_3_ADA] t= 463.8s | pag=524 | files=1111 | data=  1 | cola= 641 | prio=10 | https://www.adascz.com.bo/boletin-precios/boletin-precios-avicolas-25-de-julio-2
[FULL_3_ADA] t= 464.8s | pag=525 | files=1111 | data=  1 | cola= 640 | prio=10 | https://www.adascz.com.bo/boletin-precios/boletin-precios-avicolas-24-de-julio-2
[FULL_3_ADA] t= 465.5s | pag=526 | files=1111 | data=  1 | cola= 639 | prio=10 | https://www.adascz.com.bo/boletin-precios/boletin-precios-avicolas-23-de-julio
[FULL_3_ADA] t= 466.2s | pag=527 | files=1111 | data=  1 | cola= 638 | prio=10 | https://www.adascz.com.bo/boletin-precios/boletin-precios-avicolas-22-de-julio-2
[FULL_3_ADA] t= 467.4s | pag=528 | files=1111 | data=  1 | cola= 637 | prio=10 | https://www.adascz.com.bo/boletin-precios/boletin-precios-avicolas-19-de-julio-3
[FULL_3_ADA] t= 468.4s | pag=529 | files=1111 | data=  1 | cola= 636 | prio=10 | https://www.adascz.com.bo/boletin-precios/boletin-precios-avicolas-18-de-julio-3
[FULL_3_ADA] t= 469.1s | pag=530 | files=1111 | data=  1 | cola= 635 | prio=10 | https://www.adascz.com.bo/boletin-precios/boletin-precios-avicolas-17-de-julio-2
[FULL_3_ADA] t= 470.1s | pag=531 | files=1111 | data=  1 | cola= 634 | prio=10 | https://www.adascz.com.bo/boletin-precios/boletin-precios-avicolas-16-de-julio
[FULL_3_ADA] t= 471.0s | pag=532 | files=1111 | data=  1 | cola= 633 | prio=10 | https://www.adascz.com.bo/boletin-precios/boletin-precios-avicolas-15-de-julio-2
[FULL_3_ADA] t= 471.6s | pag=533 | files=1111 | data=  1 | cola= 632 | prio=10 | https://www.adascz.com.bo/boletin-precios/boletin-precios-avicolas-12-de-julio-3
[FULL_3_ADA] t= 472.4s | pag=534 | files=1111 | data=  1 | cola= 631 | prio=10 | https://www.adascz.com.bo/boletin-precios/boletin-precios-avicolas-11-de-julio-4
[FULL_3_ADA] t= 473.0s | pag=535 | files=1111 | data=  1 | cola= 630 | prio=10 | https://www.adascz.com.bo/boletin-precios/boletin-precios-avicolas-10-de-julio
[FULL_3_ADA] t= 473.7s | pag=536 | files=1111 | data=  1 | cola= 629 | prio=10 | https://www.adascz.com.bo/boletin-precios/boletin-precios-avicolas-09-de-julio
[FULL_3_ADA] t= 474.4s | pag=537 | files=1111 | data=  1 | cola= 628 | prio=10 | https://www.adascz.com.bo/boletin-precios/boletin-precios-avicolas-08-de-julio-2
[FULL_3_ADA] t= 475.2s | pag=538 | files=1111 | data=  1 | cola= 627 | prio=10 | https://www.adascz.com.bo/boletin-precios/boletin-precios-avicolas-05-de-julio-3
[FULL_3_ADA] t= 475.9s | pag=539 | files=1111 | data=  1 | cola= 626 | prio=10 | https://www.adascz.com.bo/boletin-precios/boletin-precios-avicolas-04-de-julio-3
[FULL_3_ADA] t= 476.9s | pag=540 | files=1111 | data=  1 | cola= 625 | prio=10 | https://www.adascz.com.bo/boletin-precios/boletin-precios-avicolas-03-de-julio-2
[FULL_3_ADA] t= 477.7s | pag=541 | files=1111 | data=  1 | cola= 624 | prio=10 | https://www.adascz.com.bo/boletin-precios/boletin-precios-avicolas-02-de-julio
[FULL_3_ADA] t= 478.4s | pag=542 | files=1111 | data=  1 | cola= 623 | prio=10 | https://www.adascz.com.bo/boletin-precios/boletin-precios-avicolas-01-de-julio-2
[FULL_3_ADA] t= 479.4s | pag=543 | files=1111 | data=  1 | cola= 622 | prio=10 | https://www.adascz.com.bo/boletin-precios/boletin-precios-avicolas-28-de-junio-3
[FULL_3_ADA] t= 480.2s | pag=544 | files=1111 | data=  1 | cola= 621 | prio=10 | https://www.adascz.com.bo/boletin-precios/boletin-precios-avicolas-27-de-junio-3
[FULL_3_ADA] t= 481.2s | pag=545 | files=1111 | data=  1 | cola= 620 | prio=10 | https://www.adascz.com.bo/boletin-precios/boletin-precios-avicolas-26-de-junio-2
[FULL_3_ADA] t= 482.3s | pag=546 | files=1111 | data=  1 | cola= 619 | prio=10 | https://www.adascz.com.bo/boletin-precios/boletin-precios-avicolas-25-de-junio
[FULL_3_ADA] t= 483.3s | pag=547 | files=1111 | data=  1 | cola= 618 | prio=10 | https://www.adascz.com.bo/boletin-precios/boletin-precios-avicolas-24-de-junio-2
[FULL_3_ADA] t= 484.6s | pag=548 | files=1111 | data=  1 | cola= 617 | prio=10 | https://www.adascz.com.bo/boletin-precios/boletin-precios-avicolas-19-de-junio-2
[FULL_3_ADA] t= 485.4s | pag=549 | files=1111 | data=  1 | cola= 616 | prio=10 | https://www.adascz.com.bo/boletin-precios/boletin-precios-avicolas-18-de-junio
[FULL_3_ADA] t= 486.2s | pag=550 | files=1111 | data=  1 | cola= 615 | prio=10 | https://www.adascz.com.bo/boletin-precios/boletin-precios-avicolas-17-de-junio-2
[FULL_3_ADA] t= 487.0s | pag=551 | files=1111 | data=  1 | cola= 614 | prio=10 | https://www.adascz.com.bo/boletin-precios/boletin-precios-avicolas-14-de-junio-4
[FULL_3_ADA] t= 487.7s | pag=552 | files=1111 | data=  1 | cola= 613 | prio=10 | https://www.adascz.com.bo/boletin-precios/boletin-precios-avicolas-13-de-junio-3
[FULL_3_ADA] t= 488.4s | pag=553 | files=1111 | data=  1 | cola= 612 | prio=10 | https://www.adascz.com.bo/boletin-precios/boletin-precios-avicolas-12-de-junio-2
[FULL_3_ADA] t= 489.0s | pag=554 | files=1111 | data=  1 | cola= 611 | prio=10 | https://www.adascz.com.bo/boletin-precios/boletin-precios-avicolas-11-de-junio
[FULL_3_ADA] t= 489.8s | pag=555 | files=1111 | data=  1 | cola= 610 | prio=10 | https://www.adascz.com.bo/boletin-precios/boletin-precios-avicolas-10-de-junio-2
[FULL_3_ADA] t= 491.0s | pag=556 | files=1111 | data=  1 | cola= 609 | prio=10 | https://www.adascz.com.bo/boletin-precios/boletin-precios-avicolas-07-de-junio-3
[FULL_3_ADA] t= 492.1s | pag=557 | files=1111 | data=  1 | cola= 608 | prio=10 | https://www.adascz.com.bo/boletin-precios/boletin-precios-avicolas-06-de-junio-3
[FULL_3_ADA] t= 492.8s | pag=558 | files=1111 | data=  1 | cola= 607 | prio=10 | https://www.adascz.com.bo/boletin-precios/boletin-precios-avicolas-05-de-junio-2
[FULL_3_ADA] t= 493.6s | pag=559 | files=1111 | data=  1 | cola= 606 | prio=10 | https://www.adascz.com.bo/boletin-precios/boletin-precios-avicolas-04-de-junio
[FULL_3_ADA] t= 494.2s | pag=560 | files=1111 | data=  1 | cola= 605 | prio=10 | https://www.adascz.com.bo/boletin-precios/boletin-precios-avicolas-03-de-junio-2
[FULL_3_ADA] t= 494.8s | pag=561 | files=1111 | data=  1 | cola= 604 | prio=10 | https://www.adascz.com.bo/boletin-precios/boletin-precios-avicolas-31-de-mayo-3
[FULL_3_ADA] t= 495.8s | pag=562 | files=1111 | data=  1 | cola= 603 | prio=10 | https://www.adascz.com.bo/boletin-precios/boletin-precios-avicolas-29-de-mayo-2
[FULL_3_ADA] t= 496.7s | pag=563 | files=1111 | data=  1 | cola= 602 | prio=10 | https://www.adascz.com.bo/boletin-precios/boletin-precios-avicolas-28-de-mayo
[FULL_3_ADA] t= 497.3s | pag=564 | files=1111 | data=  1 | cola= 601 | prio=10 | https://www.adascz.com.bo/boletin-precios/boletin-precios-avicolas-27-de-mayo-2
[FULL_3_ADA] t= 498.5s | pag=565 | files=1111 | data=  1 | cola= 600 | prio=10 | https://www.adascz.com.bo/boletin-precios/boletin-precios-avicolas-24-de-mayo-3
[FULL_3_ADA] t= 499.2s | pag=566 | files=1111 | data=  1 | cola= 599 | prio=10 | https://www.adascz.com.bo/boletin-precios/boletin-precios-avicolas-23-de-mayo-3
[FULL_3_ADA] t= 500.4s | pag=567 | files=1111 | data=  1 | cola= 598 | prio=10 | https://www.adascz.com.bo/boletin-precios/boletin-precios-avicolas-22-de-mayo-2
[FULL_3_ADA] t= 501.4s | pag=568 | files=1111 | data=  1 | cola= 597 | prio=10 | https://www.adascz.com.bo/boletin-precios/boletin-precios-avicolas-21-de-mayo
[FULL_3_ADA] t= 502.5s | pag=569 | files=1111 | data=  1 | cola= 596 | prio=10 | https://www.adascz.com.bo/boletin-precios/boletin-precios-avicolas-20-de-mayo-2
[FULL_3_ADA] t= 503.4s | pag=570 | files=1111 | data=  1 | cola= 595 | prio=10 | https://www.adascz.com.bo/boletin-precios/boletin-precios-avicolas-17-de-mayo-3
[FULL_3_ADA] t= 504.1s | pag=571 | files=1111 | data=  1 | cola= 594 | prio=10 | https://www.adascz.com.bo/boletin-precios/boletin-precios-avicolas-16-de-mayo-3
[FULL_3_ADA] t= 505.2s | pag=572 | files=1111 | data=  1 | cola= 593 | prio=10 | https://www.adascz.com.bo/boletin-precios/boletin-precios-avicolas-15-de-mayo-2
[FULL_3_ADA] t= 505.8s | pag=573 | files=1111 | data=  1 | cola= 592 | prio=10 | https://www.adascz.com.bo/boletin-precios/boletin-precios-avicolas-14-de-mayo
[FULL_3_ADA] t= 506.5s | pag=574 | files=1111 | data=  1 | cola= 591 | prio=10 | https://www.adascz.com.bo/boletin-precios/boletin-precios-avicolas-13-de-mayo-2
[FULL_3_ADA] t= 507.2s | pag=575 | files=1111 | data=  1 | cola= 590 | prio=10 | https://www.adascz.com.bo/boletin-precios/boletin-precios-avicolas-09-de-mayo-2
[FULL_3_ADA] t= 508.3s | pag=576 | files=1111 | data=  1 | cola= 589 | prio=10 | https://www.adascz.com.bo/boletin-precios/boletin-precios-avicolas-08-de-mayo
[FULL_3_ADA] t= 509.4s | pag=577 | files=1111 | data=  1 | cola= 588 | prio=10 | https://www.adascz.com.bo/boletin-precios/boletin-precios-avicolas-07-de-mayo
[FULL_3_ADA] t= 510.5s | pag=578 | files=1111 | data=  1 | cola= 587 | prio=10 | https://www.adascz.com.bo/boletin-precios/boletin-precios-avicolas-06-de-mayo-2
[FULL_3_ADA] t= 512.0s | pag=579 | files=1111 | data=  1 | cola= 586 | prio=10 | https://www.adascz.com.bo/boletin-precios/boletin-precios-avicolas-03-de-mayo
[FULL_3_ADA] t= 512.9s | pag=580 | files=1111 | data=  1 | cola= 585 | prio=10 | https://www.adascz.com.bo/boletin-precios/boletin-precios-avicolas-02-de-mayo
[FULL_3_ADA] t= 513.7s | pag=581 | files=1111 | data=  1 | cola= 584 | prio=10 | https://www.adascz.com.bo/boletin-precios/boletin-precios-avicolas-30-de-abril
[FULL_3_ADA] t= 514.7s | pag=582 | files=1111 | data=  1 | cola= 583 | prio=10 | https://www.adascz.com.bo/boletin-precios/boletin-precios-avicolas-29-de-abril-2
[FULL_3_ADA] t= 515.5s | pag=583 | files=1111 | data=  1 | cola= 582 | prio=10 | https://www.adascz.com.bo/boletin-precios/boletin-precios-avicolas-26-de-abril-3
[FULL_3_ADA] t= 516.3s | pag=584 | files=1111 | data=  1 | cola= 581 | prio=10 | https://www.adascz.com.bo/boletin-precios/boletin-precios-avicolas-25-de-abril-3
[FULL_3_ADA] t= 517.2s | pag=585 | files=1111 | data=  1 | cola= 580 | prio=10 | https://www.adascz.com.bo/boletin-precios/boletin-precios-avicolas-24-de-abril-2
[FULL_3_ADA] t= 517.9s | pag=586 | files=1111 | data=  1 | cola= 579 | prio=10 | https://www.adascz.com.bo/boletin-precios/boletin-precios-avicolas-23-de-abril
[FULL_3_ADA] t= 518.8s | pag=587 | files=1111 | data=  1 | cola= 578 | prio=10 | https://www.adascz.com.bo/boletin-precios/boletin-precios-avicolas-22-de-abril-2
[FULL_3_ADA] t= 519.6s | pag=588 | files=1111 | data=  1 | cola= 577 | prio=10 | https://www.adascz.com.bo/boletin-precios/boletin-precios-avicolas-19-de-abril-3
[FULL_3_ADA] t= 522.2s | pag=589 | files=1111 | data=  1 | cola= 576 | prio=10 | https://www.adascz.com.bo/boletin-precios/boletin-precios-avicolas-18-de-abril-3
[FULL_3_ADA] t= 523.3s | pag=590 | files=1111 | data=  1 | cola= 575 | prio=10 | https://www.adascz.com.bo/boletin-precios/boletin-precios-avicolas-16-de-abril
[FULL_3_ADA] t= 524.3s | pag=591 | files=1111 | data=  1 | cola= 574 | prio=10 | https://www.adascz.com.bo/boletin-precios/boletin-precios-avicolas-15-de-abril
[FULL_3_ADA] t= 525.2s | pag=592 | files=1111 | data=  1 | cola= 573 | prio=10 | https://www.adascz.com.bo/boletin-precios/boletin-precios-avicolas-12-de-abril-3
[FULL_3_ADA] t= 526.2s | pag=593 | files=1111 | data=  1 | cola= 572 | prio=10 | https://www.adascz.com.bo/boletin-precios/boletin-precios-avicolas-10-de-abril-2
[FULL_3_ADA] t= 527.3s | pag=594 | files=1111 | data=  1 | cola= 571 | prio=10 | https://www.adascz.com.bo/boletin-precios/boletin-precios-avicolas-09-de-abril
[FULL_3_ADA] t= 527.9s | pag=595 | files=1111 | data=  1 | cola= 570 | prio=10 | https://www.adascz.com.bo/boletin-precios/boletin-precios-avicolas-08-de-abril-2
[FULL_3_ADA] t= 528.8s | pag=596 | files=1111 | data=  1 | cola= 569 | prio=10 | https://www.adascz.com.bo/boletin-precios/boletin-precios-avicolas-05-de-abril-2
[FULL_3_ADA] t= 529.7s | pag=597 | files=1111 | data=  1 | cola= 568 | prio=10 | https://www.adascz.com.bo/boletin-precios/boletin-precios-avicolas-04-de-abril-3
[FULL_3_ADA] t= 530.6s | pag=598 | files=1111 | data=  1 | cola= 567 | prio=10 | https://www.adascz.com.bo/boletin-precios/boletin-precios-avicolas-03-de-abril-2
[FULL_3_ADA] t= 531.2s | pag=599 | files=1111 | data=  1 | cola= 566 | prio=10 | https://www.adascz.com.bo/boletin-precios/boletin-precios-avicolas-02-de-abril
[FULL_3_ADA] t= 532.2s | pag=600 | files=1111 | data=  1 | cola= 565 | prio=10 | https://www.adascz.com.bo/boletin-precios/boletin-precios-avicolas-01-de-abril-2
[FULL_3_ADA] t= 532.8s | pag=601 | files=1111 | data=  1 | cola= 564 | prio=10 | https://www.adascz.com.bo/boletin-precios/boletin-precios-avicolas-28-de-marzo-3
[FULL_3_ADA] t= 533.8s | pag=602 | files=1111 | data=  1 | cola= 563 | prio=10 | https://www.adascz.com.bo/boletin-precios/boletin-precios-avicolas-27-de-marzo-2
[FULL_3_ADA] t= 534.6s | pag=603 | files=1111 | data=  1 | cola= 562 | prio=10 | https://www.adascz.com.bo/boletin-precios/boletin-precios-avicolas-26-de-marzo
[FULL_3_ADA] t= 536.3s | pag=604 | files=1111 | data=  1 | cola= 561 | prio=10 | https://www.adascz.com.bo/boletin-precios/boletin-precios-avicolas-25-de-marzo-2
[FULL_3_ADA] t= 537.2s | pag=605 | files=1111 | data=  1 | cola= 560 | prio=10 | https://www.adascz.com.bo/boletin-precios/boletin-precios-avicolas-22-de-marzo-3
[FULL_3_ADA] t= 537.7s | pag=606 | files=1111 | data=  1 | cola= 559 | prio=10 | https://www.adascz.com.bo/boletin-precios/boletin-precios-avicolas-21-de-marzo-4
[FULL_3_ADA] t= 538.8s | pag=607 | files=1111 | data=  1 | cola= 558 | prio=10 | https://www.adascz.com.bo/boletin-precios/boletin-precios-avicolas-20-de-marzo-2
[FULL_3_ADA] t= 539.7s | pag=608 | files=1111 | data=  1 | cola= 557 | prio=10 | https://www.adascz.com.bo/boletin-precios/boletin-precios-avicolas-19-de-marzo
[FULL_3_ADA] t= 540.8s | pag=609 | files=1111 | data=  1 | cola= 556 | prio=10 | https://www.adascz.com.bo/boletin-precios/boletin-precios-avicolas-18-de-marzo-2
[FULL_3_ADA] t= 541.6s | pag=610 | files=1111 | data=  1 | cola= 555 | prio=10 | https://www.adascz.com.bo/boletin-precios/boletin-precios-avicolas-15-de-marzo-3
[FULL_3_ADA] t= 542.5s | pag=611 | files=1111 | data=  1 | cola= 554 | prio=10 | https://www.adascz.com.bo/boletin-precios/boletin-precios-avicolas-14-de-marzo-3
[FULL_3_ADA] t= 543.6s | pag=612 | files=1111 | data=  1 | cola= 553 | prio=10 | https://www.adascz.com.bo/boletin-precios/boletin-precios-avicolas-13-de-marzo-2
[FULL_3_ADA] t= 544.3s | pag=613 | files=1111 | data=  1 | cola= 552 | prio=10 | https://www.adascz.com.bo/boletin-precios/boletin-precios-avicolas-12-de-marzo
[FULL_3_ADA] t= 545.5s | pag=614 | files=1111 | data=  1 | cola= 551 | prio=10 | https://www.adascz.com.bo/boletin-precios/boletin-precios-avicolas-11-de-marzo-2
[FULL_3_ADA] t= 546.4s | pag=615 | files=1111 | data=  1 | cola= 550 | prio=10 | https://www.adascz.com.bo/boletin-precios/boletin-precios-avicolas-08-de-marzo-2
[FULL_3_ADA] t= 547.4s | pag=616 | files=1111 | data=  1 | cola= 549 | prio=10 | https://www.adascz.com.bo/boletin-precios/boletin-precios-avicolas-07-de-marzo-2
[FULL_3_ADA] t= 548.5s | pag=617 | files=1111 | data=  1 | cola= 548 | prio=10 | https://www.adascz.com.bo/boletin-precios/boletin-precios-avicolas-06-de-marzo-2
[FULL_3_ADA] t= 549.7s | pag=618 | files=1111 | data=  1 | cola= 547 | prio=10 | https://www.adascz.com.bo/boletin-precios/boletin-precios-avicolas-05-de-marzo
[FULL_3_ADA] t= 550.5s | pag=619 | files=1111 | data=  1 | cola= 546 | prio=10 | https://www.adascz.com.bo/boletin-precios/boletin-precios-avicolas-04-de-marzo
[FULL_3_ADA] t= 551.4s | pag=620 | files=1111 | data=  1 | cola= 545 | prio=10 | https://www.adascz.com.bo/boletin-precios/boletin-precios-avicolas-01-de-marzo-2
[FULL_3_ADA] t= 552.6s | pag=621 | files=1111 | data=  1 | cola= 544 | prio=10 | https://www.adascz.com.bo/boletin-precios/boletin-precios-avicolas-29-de-febrero
[FULL_3_ADA] t= 553.2s | pag=622 | files=1111 | data=  1 | cola= 543 | prio=10 | https://www.adascz.com.bo/boletin-precios/boletin-precios-avicolas-28-de-febrero-2
[FULL_3_ADA] t= 554.1s | pag=623 | files=1111 | data=  1 | cola= 542 | prio=10 | https://www.adascz.com.bo/boletin-precios/boletin-precios-avicolas-26-de-febrero
[FULL_3_ADA] t= 554.7s | pag=624 | files=1111 | data=  1 | cola= 541 | prio=10 | https://www.adascz.com.bo/boletin-precios/boletin-precios-avicolas-24-de-febrero-3
[FULL_3_ADA] t= 555.6s | pag=625 | files=1111 | data=  1 | cola= 540 | prio=10 | https://www.adascz.com.bo/boletin-precios/boletin-precios-avicolas-23-de-febrero-2
[FULL_3_ADA] t= 556.6s | pag=626 | files=1111 | data=  1 | cola= 539 | prio=10 | https://www.adascz.com.bo/boletin-precios/boletin-precios-avicolas-22-de-febrero-3
[FULL_3_ADA] t= 557.3s | pag=627 | files=1111 | data=  1 | cola= 538 | prio=10 | https://www.adascz.com.bo/boletin-precios/boletin-precios-avicolas-21-de-febrero-2
[FULL_3_ADA] t= 558.4s | pag=628 | files=1111 | data=  1 | cola= 537 | prio=10 | https://www.adascz.com.bo/boletin-precios/boletin-precios-avicolas-20-de-febrero
[FULL_3_ADA] t= 559.1s | pag=629 | files=1111 | data=  1 | cola= 536 | prio=10 | https://www.adascz.com.bo/boletin-precios/boletin-precios-avicolas-19-de-febrero
[FULL_3_ADA] t= 560.2s | pag=630 | files=1111 | data=  1 | cola= 535 | prio=10 | https://www.adascz.com.bo/boletin-precios/boletin-precios-avicolas-16-de-febrero-3
[FULL_3_ADA] t= 560.8s | pag=631 | files=1111 | data=  1 | cola= 534 | prio=10 | https://www.adascz.com.bo/boletin-precios/boletin-precios-avicolas-15-de-febrero-3
[FULL_3_ADA] t= 561.4s | pag=632 | files=1111 | data=  1 | cola= 533 | prio=10 | https://www.adascz.com.bo/boletin-precios/boletin-precios-avicolas-14-de-febrero-3
[FULL_3_ADA] t= 562.0s | pag=633 | files=1111 | data=  1 | cola= 532 | prio=10 | https://www.adascz.com.bo/boletin-precios/boletin-precios-avicolas-08-de-febrero-3
[FULL_3_ADA] t= 562.9s | pag=634 | files=1111 | data=  1 | cola= 531 | prio=10 | https://www.adascz.com.bo/boletin-precios/boletin-precios-avicolas-07-de-febrero-3
[FULL_3_ADA] t= 563.7s | pag=635 | files=1111 | data=  1 | cola= 530 | prio=10 | https://www.adascz.com.bo/boletin-precios/boletin-precios-avicolas-06-de-febrero-2
[FULL_3_ADA] t= 564.7s | pag=636 | files=1111 | data=  1 | cola= 529 | prio=10 | https://www.adascz.com.bo/boletin-precios/boletin-precios-avicolas-05-de-febrero
[FULL_3_ADA] t= 565.8s | pag=637 | files=1111 | data=  1 | cola= 528 | prio=10 | https://www.adascz.com.bo/boletin-precios/boletin-precios-avicolas-03-de-febrero-3
[FULL_3_ADA] t= 566.7s | pag=638 | files=1111 | data=  1 | cola= 527 | prio=10 | https://www.adascz.com.bo/boletin-precios/boletin-precios-avicolas-02-de-febrero-3
[FULL_3_ADA] t= 567.3s | pag=639 | files=1111 | data=  1 | cola= 526 | prio=10 | https://www.adascz.com.bo/boletin-precios/boletin-precios-avicolas-01-de-febrero-3
[FULL_3_ADA] t= 568.1s | pag=640 | files=1111 | data=  1 | cola= 525 | prio=10 | https://www.adascz.com.bo/boletin-precios/boletin-precios-avicolas-31-de-enero-3
[FULL_3_ADA] t= 569.2s | pag=641 | files=1111 | data=  1 | cola= 524 | prio=10 | https://www.adascz.com.bo/boletin-precios/boletin-precios-avicolas-30-de-enero-2
[FULL_3_ADA] t= 569.9s | pag=642 | files=1111 | data=  1 | cola= 523 | prio=10 | https://www.adascz.com.bo/boletin-precios/boletin-precios-avicolas-29-de-enero
[FULL_3_ADA] t= 570.8s | pag=643 | files=1111 | data=  1 | cola= 522 | prio=10 | https://www.adascz.com.bo/boletin-precios/boletin-precios-avicolas-26-de-enero-2
[FULL_3_ADA] t= 571.5s | pag=644 | files=1111 | data=  1 | cola= 521 | prio=10 | https://www.adascz.com.bo/boletin-precios/boletin-precios-avicolas-25-de-enero-2
[FULL_3_ADA] t= 572.2s | pag=645 | files=1111 | data=  1 | cola= 520 | prio=10 | https://www.adascz.com.bo/boletin-precios/boletin-precios-avicolas-24-de-enero-2
[FULL_3_ADA] t= 572.8s | pag=646 | files=1111 | data=  1 | cola= 519 | prio=10 | https://www.adascz.com.bo/boletin-precios/boletin-precios-avicolas-23-de-enero
[FULL_3_ADA] t= 573.8s | pag=647 | files=1111 | data=  1 | cola= 518 | prio=10 | https://www.adascz.com.bo/boletin-precios/boletin-precios-avicolas-19-de-enero-2
[FULL_3_ADA] t= 574.6s | pag=648 | files=1111 | data=  1 | cola= 517 | prio=10 | https://www.adascz.com.bo/boletin-precios/boletin-precios-avicolas-18-de-enero-2
[FULL_3_ADA] t= 575.2s | pag=649 | files=1111 | data=  1 | cola= 516 | prio=10 | https://www.adascz.com.bo/boletin-precios/boletin-precios-avicolas-17-de-enero-2
[FULL_3_ADA] t= 576.0s | pag=650 | files=1111 | data=  1 | cola= 515 | prio=10 | https://www.adascz.com.bo/boletin-precios/boletin-precios-avicolas-16-de-enero-2
[FULL_3_ADA] t= 577.0s | pag=651 | files=1111 | data=  1 | cola= 514 | prio=10 | https://www.adascz.com.bo/boletin-precios/boletin-precios-avicolas-15-de-enero
[FULL_3_ADA] t= 578.1s | pag=652 | files=1111 | data=  1 | cola= 513 | prio=10 | https://www.adascz.com.bo/boletin-precios/boletin-precios-avicolas-12-de-enero-2
[FULL_3_ADA] t= 579.0s | pag=653 | files=1111 | data=  1 | cola= 512 | prio=10 | https://www.adascz.com.bo/boletin-precios/boletin-precios-avicolas-11-de-enero-2
[FULL_3_ADA] t= 579.7s | pag=654 | files=1111 | data=  1 | cola= 511 | prio=10 | https://www.adascz.com.bo/boletin-precios/boletin-precios-avicolas-10-de-enero-2
[FULL_3_ADA] t= 581.6s | pag=655 | files=1111 | data=  1 | cola= 510 | prio=10 | https://www.adascz.com.bo/boletin-precios/boletin-precios-avicolas-09-de-enero-2
[FULL_3_ADA] t= 582.3s | pag=656 | files=1111 | data=  1 | cola= 509 | prio=10 | https://www.adascz.com.bo/boletin-precios/boletin-precios-avicolas-08-de-enero
[FULL_3_ADA] t= 582.8s | pag=657 | files=1111 | data=  1 | cola= 508 | prio=10 | https://www.adascz.com.bo/boletin-precios/boletin-precios-avicolas-05-de-enero-2
[FULL_3_ADA] t= 583.6s | pag=658 | files=1111 | data=  1 | cola= 507 | prio=10 | https://www.adascz.com.bo/boletin-precios/boletin-precios-avicolas-04-de-enero-2
[FULL_3_ADA] t= 584.4s | pag=659 | files=1111 | data=  1 | cola= 506 | prio=10 | https://www.adascz.com.bo/boletin-precios/boletin-precios-avicolas-03-de-enero-2
[FULL_3_ADA] t= 585.2s | pag=660 | files=1111 | data=  1 | cola= 505 | prio=10 | https://www.adascz.com.bo/boletin-precios/boletin-precios-avicolas-02-de-enero
[FULL_3_ADA] t= 585.8s | pag=661 | files=1111 | data=  1 | cola= 504 | prio=10 | https://www.adascz.com.bo/boletin-precios/boletin-precios-avicolas-29-de-diciembre-2
[FULL_3_ADA] t= 586.5s | pag=662 | files=1111 | data=  1 | cola= 503 | prio=10 | https://www.adascz.com.bo/boletin-precios/boletin-precios-avicolas-28-de-diciembre-2
[FULL_3_ADA] t= 587.4s | pag=663 | files=1111 | data=  1 | cola= 502 | prio=10 | https://www.adascz.com.bo/boletin-precios/boletin-precios-avicolas-27-de-diciembre-2
[FULL_3_ADA] t= 588.2s | pag=664 | files=1111 | data=  1 | cola= 501 | prio=10 | https://www.adascz.com.bo/boletin-precios/boletin-precios-avicolas-26-de-diciembre
[FULL_3_ADA] t= 588.8s | pag=665 | files=1111 | data=  1 | cola= 500 | prio=10 | https://www.adascz.com.bo/boletin-precios/boletin-precios-avicolas-22-de-diciembre-2
[FULL_3_ADA] t= 589.8s | pag=666 | files=1111 | data=  1 | cola= 499 | prio=10 | https://www.adascz.com.bo/boletin-precios/boletin-precios-avicolas-21-de-diciembre-2
[FULL_3_ADA] t= 590.8s | pag=667 | files=1111 | data=  1 | cola= 498 | prio=10 | https://www.adascz.com.bo/boletin-precios/boletin-precios-avicolas-20-de-diciembre-2
[FULL_3_ADA] t= 591.8s | pag=668 | files=1111 | data=  1 | cola= 497 | prio=10 | https://www.adascz.com.bo/boletin-precios/boletin-precios-avicolas-19-de-diciembre-2
[FULL_3_ADA] t= 592.4s | pag=669 | files=1111 | data=  1 | cola= 496 | prio=10 | https://www.adascz.com.bo/boletin-precios/boletin-precios-avicolas-18-de-diciembre
[FULL_3_ADA] t= 593.3s | pag=670 | files=1111 | data=  1 | cola= 495 | prio=10 | https://www.adascz.com.bo/boletin-precios/boletin-precios-avicolas-15-de-diciembre-2
[FULL_3_ADA] t= 594.3s | pag=671 | files=1111 | data=  1 | cola= 494 | prio=10 | https://www.adascz.com.bo/boletin-precios/boletin-precios-avicolas-14-de-diciembre-2
[FULL_3_ADA] t= 595.1s | pag=672 | files=1111 | data=  1 | cola= 493 | prio=10 | https://www.adascz.com.bo/boletin-precios/boletin-precios-avicolas-13-de-diciembre-2
[FULL_3_ADA] t= 596.0s | pag=673 | files=1111 | data=  1 | cola= 492 | prio=10 | https://www.adascz.com.bo/boletin-precios/boletin-precios-avicolas-12-de-diciembre-2
[FULL_3_ADA] t= 597.1s | pag=674 | files=1111 | data=  1 | cola= 491 | prio=10 | https://www.adascz.com.bo/boletin-precios/boletin-precios-avicolas-11-de-diciembre
[FULL_3_ADA] t= 597.8s | pag=675 | files=1111 | data=  1 | cola= 490 | prio=10 | https://www.adascz.com.bo/boletin-precios/boletin-precios-avicolas-08-de-diciembre-2
[FULL_3_ADA] t= 598.7s | pag=676 | files=1111 | data=  1 | cola= 489 | prio=10 | https://www.adascz.com.bo/boletin-precios/boletin-precios-avicolas-07-de-diciembre-2
[FULL_3_ADA] t= 599.4s | pag=677 | files=1111 | data=  1 | cola= 488 | prio=10 | https://www.adascz.com.bo/boletin-precios/boletin-precios-avicolas-06-de-diciembre-2
[FULL_3_ADA] t= 600.5s | pag=678 | files=1111 | data=  1 | cola= 487 | prio=10 | https://www.adascz.com.bo/boletin-precios/boletin-precios-avicolas-05-de-diciembre
[FULL_3_ADA] t= 601.6s | pag=679 | files=1111 | data=  1 | cola= 486 | prio=10 | https://www.adascz.com.bo/boletin-precios/boletin-precios-avicolas-04-de-diciembre
[FULL_3_ADA] t= 602.8s | pag=680 | files=1111 | data=  1 | cola= 485 | prio=10 | https://www.adascz.com.bo/boletin-precios/boletin-precios-avicolas-01-de-diciembre-2
[FULL_3_ADA] t= 603.6s | pag=681 | files=1111 | data=  1 | cola= 484 | prio=10 | https://www.adascz.com.bo/boletin-precios/boletin-precios-avicolas-30-de-noviembre-2
[FULL_3_ADA] t= 604.6s | pag=682 | files=1111 | data=  1 | cola= 483 | prio=10 | https://www.adascz.com.bo/boletin-precios/boletin-precios-avicolas-29-de-noviembre-2
[FULL_3_ADA] t= 605.4s | pag=683 | files=1111 | data=  1 | cola= 482 | prio=10 | https://www.adascz.com.bo/boletin-precios/boletin-precios-avicolas-28-de-noviembre-2
[FULL_3_ADA] t= 606.5s | pag=684 | files=1111 | data=  1 | cola= 481 | prio=10 | https://www.adascz.com.bo/boletin-precios/boletin-precios-avicolas-27-de-noviembre
[FULL_3_ADA] t= 607.2s | pag=685 | files=1111 | data=  1 | cola= 480 | prio=10 | https://www.adascz.com.bo/boletin-precios/boletin-precios-avicolas-24-de-noviembre-2
[FULL_3_ADA] t= 607.9s | pag=686 | files=1111 | data=  1 | cola= 479 | prio=10 | https://www.adascz.com.bo/boletin-precios/boletin-precios-avicolas-23-de-noviembre-2
[FULL_3_ADA] t= 609.0s | pag=687 | files=1111 | data=  1 | cola= 478 | prio=10 | https://www.adascz.com.bo/boletin-precios/boletin-precios-avicolas-22-de-noviembre-2
[FULL_3_ADA] t= 609.6s | pag=688 | files=1111 | data=  1 | cola= 477 | prio=10 | https://www.adascz.com.bo/boletin-precios/boletin-precios-avicolas-21-de-noviembre-2
[FULL_3_ADA] t= 611.0s | pag=689 | files=1111 | data=  1 | cola= 476 | prio=10 | https://www.adascz.com.bo/boletin-precios/boletin-precios-avicolas-20-de-noviembre
[FULL_3_ADA] t= 611.8s | pag=690 | files=1111 | data=  1 | cola= 475 | prio=10 | https://www.adascz.com.bo/boletin-precios/boletin-precios-avicolas-17-de-noviembre-2
[FULL_3_ADA] t= 612.9s | pag=691 | files=1111 | data=  1 | cola= 474 | prio=10 | https://www.adascz.com.bo/boletin-precios/boletin-precios-avicolas-16-de-noviembre-2
[FULL_3_ADA] t= 614.0s | pag=692 | files=1111 | data=  1 | cola= 473 | prio=10 | https://www.adascz.com.bo/boletin-precios/boletin-precios-avicolas-15-de-noviembre-2
[FULL_3_ADA] t= 614.7s | pag=693 | files=1111 | data=  1 | cola= 472 | prio=10 | https://www.adascz.com.bo/boletin-precios/boletin-precios-avicolas-14-de-noviembre-2
[FULL_3_ADA] t= 615.6s | pag=694 | files=1111 | data=  1 | cola= 471 | prio=10 | https://www.adascz.com.bo/boletin-precios/boletin-precios-avicolas-13-de-noviembre
[FULL_3_ADA] t= 616.7s | pag=695 | files=1111 | data=  1 | cola= 470 | prio=10 | https://www.adascz.com.bo/boletin-precios/boletin-precios-avicolas-10-de-noviembre
[FULL_3_ADA] t= 618.4s | pag=696 | files=1111 | data=  1 | cola= 469 | prio=10 | https://www.adascz.com.bo/boletin-precios/boletin-precios-avicolas-09-de-noviembre-2
[FULL_3_ADA] t= 619.4s | pag=697 | files=1111 | data=  1 | cola= 468 | prio=10 | https://www.adascz.com.bo/boletin-precios/boletin-precios-avicolas-08-de-noviembre-2
[FULL_3_ADA] t= 620.2s | pag=698 | files=1111 | data=  1 | cola= 467 | prio=10 | https://www.adascz.com.bo/boletin-precios/boletin-precios-avicolas-07-de-noviembre-2
[FULL_3_ADA] t= 620.8s | pag=699 | files=1111 | data=  1 | cola= 466 | prio=10 | https://www.adascz.com.bo/boletin-precios/boletin-precios-avicolas-06-de-noviembre
[FULL_3_ADA] t= 622.6s | pag=700 | files=1111 | data=  1 | cola= 465 | prio=10 | https://www.adascz.com.bo/boletin-precios/boletin-precios-avicolas-03-de-noviembre-2
[FULL_3_ADA] t= 623.7s | pag=701 | files=1111 | data=  1 | cola= 464 | prio=10 | https://www.adascz.com.bo/boletin-precios/boletin-precios-avicolas-01-de-noviembre-2
[FULL_3_ADA] t= 624.4s | pag=702 | files=1111 | data=  1 | cola= 463 | prio=10 | https://www.adascz.com.bo/boletin-precios/boletin-precios-avicolas-31-de-octubre-2
[FULL_3_ADA] t= 625.1s | pag=703 | files=1111 | data=  1 | cola= 462 | prio=10 | https://www.adascz.com.bo/boletin-precios/boletin-precios-avicolas-30-de-octubre
[FULL_3_ADA] t= 626.1s | pag=704 | files=1111 | data=  1 | cola= 461 | prio=10 | https://www.adascz.com.bo/boletin-precios/boletin-precios-avicolas-27-de-octubre-2
[FULL_3_ADA] t= 626.9s | pag=705 | files=1111 | data=  1 | cola= 460 | prio=10 | https://www.adascz.com.bo/boletin-precios/boletin-precios-avicolas-26-de-octubre-2
[FULL_3_ADA] t= 627.9s | pag=706 | files=1111 | data=  1 | cola= 459 | prio=10 | https://www.adascz.com.bo/boletin-precios/boletin-precios-avicolas-25-de-octubre-2
[FULL_3_ADA] t= 628.9s | pag=707 | files=1111 | data=  1 | cola= 458 | prio=10 | https://www.adascz.com.bo/boletin-precios/boletin-precios-avicolas-23-de-octubre
[FULL_3_ADA] t= 629.5s | pag=708 | files=1111 | data=  1 | cola= 457 | prio=10 | https://www.adascz.com.bo/boletin-precios/boletin-precios-avicolas-20-de-octubre-2
[FULL_3_ADA] t= 630.5s | pag=709 | files=1111 | data=  1 | cola= 456 | prio=10 | https://www.adascz.com.bo/boletin-precios/boletin-precios-avicolas-19-de-octubre-2
[FULL_3_ADA] t= 631.1s | pag=710 | files=1111 | data=  1 | cola= 455 | prio=10 | https://www.adascz.com.bo/boletin-precios/boletin-precios-avicolas-18-de-octubre-2
[FULL_3_ADA] t= 632.0s | pag=711 | files=1111 | data=  1 | cola= 454 | prio=10 | https://www.adascz.com.bo/boletin-precios/boletin-precios-avicolas-17-de-octubre-2
[FULL_3_ADA] t= 632.9s | pag=712 | files=1111 | data=  1 | cola= 453 | prio=10 | https://www.adascz.com.bo/boletin-precios/boletin-precios-avicolas-16-de-octubre
[FULL_3_ADA] t= 634.0s | pag=713 | files=1111 | data=  1 | cola= 452 | prio=10 | https://www.adascz.com.bo/boletin-precios/boletin-precios-avicolas-13-de-octubre-2
[FULL_3_ADA] t= 634.6s | pag=714 | files=1111 | data=  1 | cola= 451 | prio=10 | https://www.adascz.com.bo/boletin-precios/boletin-precios-avicolas-12-de-octubre-2
[FULL_3_ADA] t= 635.7s | pag=715 | files=1111 | data=  1 | cola= 450 | prio=10 | https://www.adascz.com.bo/boletin-precios/boletin-precios-avicolas-11-de-octubre-2
[FULL_3_ADA] t= 636.5s | pag=716 | files=1111 | data=  1 | cola= 449 | prio=10 | https://www.adascz.com.bo/boletin-precios/boletin-precios-avicolas-10-de-octubre-2
[FULL_3_ADA] t= 637.6s | pag=717 | files=1111 | data=  1 | cola= 448 | prio=10 | https://www.adascz.com.bo/boletin-precios/boletin-precios-avicolas-09-de-octubre
[FULL_3_ADA] t= 638.6s | pag=718 | files=1111 | data=  1 | cola= 447 | prio=10 | https://www.adascz.com.bo/boletin-precios/boletin-precios-avicolas-06-de-octubre-2
[FULL_3_ADA] t= 639.7s | pag=719 | files=1111 | data=  1 | cola= 446 | prio=10 | https://www.adascz.com.bo/boletin-precios/boletin-precios-avicolas-05-de-octubre-2
[FULL_3_ADA] t= 640.8s | pag=720 | files=1111 | data=  1 | cola= 445 | prio=10 | https://www.adascz.com.bo/boletin-precios/boletin-precios-avicolas-04-de-octubre-2
[FULL_3_ADA] t= 641.8s | pag=721 | files=1111 | data=  1 | cola= 444 | prio=10 | https://www.adascz.com.bo/boletin-precios/boletin-precios-avicolas-02-de-octubre
[FULL_3_ADA] t= 642.8s | pag=722 | files=1111 | data=  1 | cola= 443 | prio=10 | https://www.adascz.com.bo/boletin-precios/boletin-precios-avicolas-29-de-septiembre-2
[FULL_3_ADA] t= 643.7s | pag=723 | files=1111 | data=  1 | cola= 442 | prio=10 | https://www.adascz.com.bo/boletin-precios/boletin-precios-avicolas-28-de-septiembre-2
[FULL_3_ADA] t= 644.8s | pag=724 | files=1111 | data=  1 | cola= 441 | prio=10 | https://www.adascz.com.bo/boletin-precios/boletin-precios-avicolas-27-de-septiembre-2
[FULL_3_ADA] t= 645.5s | pag=725 | files=1111 | data=  1 | cola= 440 | prio=10 | https://www.adascz.com.bo/boletin-precios/boletin-precios-avicolas-26-de-septiembre-2
[FULL_3_ADA] t= 646.6s | pag=726 | files=1111 | data=  1 | cola= 439 | prio=10 | https://www.adascz.com.bo/boletin-precios/boletin-precios-avicolas-22-de-septiembre-2
[FULL_3_ADA] t= 647.8s | pag=727 | files=1111 | data=  1 | cola= 438 | prio=10 | https://www.adascz.com.bo/boletin-precios/boletin-precios-avicolas-21-de-septiembre-2
[FULL_3_ADA] t= 648.6s | pag=728 | files=1111 | data=  1 | cola= 437 | prio=10 | https://www.adascz.com.bo/boletin-precios/boletin-precios-avicolas-20-de-septiembre-2
[FULL_3_ADA] t= 649.3s | pag=729 | files=1111 | data=  1 | cola= 436 | prio=10 | https://www.adascz.com.bo/boletin-precios/boletin-precios-avicolas-19-de-septiembre-2
[FULL_3_ADA] t= 650.2s | pag=730 | files=1111 | data=  1 | cola= 435 | prio=10 | https://www.adascz.com.bo/boletin-precios/boletin-precios-avicolas-18-de-septiembre
[FULL_3_ADA] t= 651.1s | pag=731 | files=1111 | data=  1 | cola= 434 | prio=10 | https://www.adascz.com.bo/boletin-precios/boletin-precios-avicolas-15-de-septiembre-2
[FULL_3_ADA] t= 651.8s | pag=732 | files=1111 | data=  1 | cola= 433 | prio=10 | https://www.adascz.com.bo/boletin-precios/boletin-precios-avicolas-14-de-septiembre-2
[FULL_3_ADA] t= 652.5s | pag=733 | files=1111 | data=  1 | cola= 432 | prio=10 | https://www.adascz.com.bo/boletin-precios/boletin-precios-avicolas-13-de-septiembre-2
[FULL_3_ADA] t= 653.6s | pag=734 | files=1111 | data=  1 | cola= 431 | prio=10 | https://www.adascz.com.bo/boletin-precios/boletin-precios-avicolas-12-de-septiembre
[FULL_3_ADA] t= 654.6s | pag=735 | files=1111 | data=  1 | cola= 430 | prio=10 | https://www.adascz.com.bo/boletin-precios/boletin-precios-avicolas-11-de-septiembre
[FULL_3_ADA] t= 655.5s | pag=736 | files=1111 | data=  1 | cola= 429 | prio=10 | https://www.adascz.com.bo/boletin-precios/boletin-precios-avicolas-08-de-septiembre-2
[FULL_3_ADA] t= 656.2s | pag=737 | files=1111 | data=  1 | cola= 428 | prio=10 | https://www.adascz.com.bo/boletin-precios/boletin-precios-avicolas-07-de-septiembre-2
[FULL_3_ADA] t= 657.2s | pag=738 | files=1111 | data=  1 | cola= 427 | prio=10 | https://www.adascz.com.bo/boletin-precios/boletin-precios-avicolas-06-de-septiembre-2
[FULL_3_ADA] t= 658.8s | pag=739 | files=1111 | data=  1 | cola= 426 | prio=10 | https://www.adascz.com.bo/boletin-precios/boletin-precios-avicolas-05-de-septiembre-2
[FULL_3_ADA] t= 659.6s | pag=740 | files=1111 | data=  1 | cola= 425 | prio=10 | https://www.adascz.com.bo/boletin-precios/boletin-precios-avicolas-04-de-septiembre
[FULL_3_ADA] t= 660.2s | pag=741 | files=1111 | data=  1 | cola= 424 | prio=10 | https://www.adascz.com.bo/boletin-precios/boletin-precios-avicolas-01-de-septiembre-2
[FULL_3_ADA] t= 661.2s | pag=742 | files=1111 | data=  1 | cola= 423 | prio=10 | https://www.adascz.com.bo/boletin-precios/boletin-precios-avicolas-31-de-agosto-2
[FULL_3_ADA] t= 662.0s | pag=743 | files=1111 | data=  1 | cola= 422 | prio=10 | https://www.adascz.com.bo/boletin-precios/boletin-precios-avicolas-30-de-agosto-2
[FULL_3_ADA] t= 662.8s | pag=744 | files=1111 | data=  1 | cola= 421 | prio=10 | https://www.adascz.com.bo/boletin-precios/boletin-precios-avicolas-29-de-agosto-2
[FULL_3_ADA] t= 663.9s | pag=745 | files=1111 | data=  1 | cola= 420 | prio=10 | https://www.adascz.com.bo/boletin-precios/boletin-precios-avicolas-28-de-agosto
[FULL_3_ADA] t= 664.7s | pag=746 | files=1111 | data=  1 | cola= 419 | prio=10 | https://www.adascz.com.bo/boletin-precios/boletin-precios-avicolas-25-de-agosto-2
[FULL_3_ADA] t= 665.6s | pag=747 | files=1111 | data=  1 | cola= 418 | prio=10 | https://www.adascz.com.bo/boletin-precios/boletin-precios-avicolas-24-de-agosto-2
[FULL_3_ADA] t= 666.4s | pag=748 | files=1111 | data=  1 | cola= 417 | prio=10 | https://www.adascz.com.bo/boletin-precios/boletin-precios-avicolas-23-de-agosto-2
[FULL_3_ADA] t= 667.3s | pag=749 | files=1111 | data=  1 | cola= 416 | prio=10 | https://www.adascz.com.bo/boletin-precios/boletin-precios-avicolas-22-de-agosto-2
[FULL_3_ADA] t= 669.2s | pag=750 | files=1111 | data=  1 | cola= 415 | prio=10 | https://www.adascz.com.bo/boletin-precios/boletin-precios-avicolas-21-de-agosto-4
[FULL_3_ADA] t= 670.0s | pag=751 | files=1111 | data=  1 | cola= 414 | prio=10 | https://www.adascz.com.bo/boletin-precios/boletin-precios-avicolas-18-de-agosto-2
[FULL_3_ADA] t= 670.6s | pag=752 | files=1111 | data=  1 | cola= 413 | prio=10 | https://www.adascz.com.bo/boletin-precios/boletin-precios-avicolas-17-de-agosto-2
[FULL_3_ADA] t= 671.7s | pag=753 | files=1111 | data=  1 | cola= 412 | prio=10 | https://www.adascz.com.bo/boletin-precios/boletin-precios-avicolas-16-de-agosto-2
[FULL_3_ADA] t= 672.3s | pag=754 | files=1111 | data=  1 | cola= 411 | prio=10 | https://www.adascz.com.bo/boletin-precios/boletin-precios-avicolas-15-de-agosto-2
[FULL_3_ADA] t= 673.3s | pag=755 | files=1111 | data=  1 | cola= 410 | prio=10 | https://www.adascz.com.bo/boletin-precios/boletin-precios-avicolas-14-de-agosto
[FULL_3_ADA] t= 674.1s | pag=756 | files=1111 | data=  1 | cola= 409 | prio=10 | https://www.adascz.com.bo/boletin-precios/boletin-precios-avicolas-11-de-agosto-2
[FULL_3_ADA] t= 674.8s | pag=757 | files=1111 | data=  1 | cola= 408 | prio=10 | https://www.adascz.com.bo/boletin-precios/boletin-precios-avicolas-10-de-agosto-2
[FULL_3_ADA] t= 675.6s | pag=758 | files=1111 | data=  1 | cola= 407 | prio=10 | https://www.adascz.com.bo/boletin-precios/boletin-precios-avicolas-09-de-agosto
[FULL_3_ADA] t= 676.7s | pag=759 | files=1111 | data=  1 | cola= 406 | prio=10 | https://www.adascz.com.bo/boletin-precios/boletin-precios-avicolas-08-de-agosto
[FULL_3_ADA] t= 677.4s | pag=760 | files=1111 | data=  1 | cola= 405 | prio=10 | https://www.adascz.com.bo/boletin-precios/boletin-precios-avicolas-04-de-agosto-2
[FULL_3_ADA] t= 678.2s | pag=761 | files=1111 | data=  1 | cola= 404 | prio=10 | https://www.adascz.com.bo/boletin-precios/boletin-precios-avicolas-03-de-agosto-2
[FULL_3_ADA] t= 679.0s | pag=762 | files=1111 | data=  1 | cola= 403 | prio=10 | https://www.adascz.com.bo/boletin-precios/boletin-precios-avicolas-02-de-agosto-2
[FULL_3_ADA] t= 679.7s | pag=763 | files=1111 | data=  1 | cola= 402 | prio=10 | https://www.adascz.com.bo/boletin-precios/boletin-precios-avicolas-01-de-agosto-2
[FULL_3_ADA] t= 680.8s | pag=764 | files=1111 | data=  1 | cola= 401 | prio=10 | https://www.adascz.com.bo/boletin-precios/boletin-precios-avicolas-31-de-julio
[FULL_3_ADA] t= 681.9s | pag=765 | files=1111 | data=  1 | cola= 400 | prio=10 | https://www.adascz.com.bo/boletin-precios/boletin-precios-avicolas-28-de-julio-2
[FULL_3_ADA] t= 683.0s | pag=766 | files=1111 | data=  1 | cola= 399 | prio=10 | https://www.adascz.com.bo/boletin-precios/boletin-precios-avicolas-27-de-julio-2
[FULL_3_ADA] t= 684.2s | pag=767 | files=1111 | data=  1 | cola= 398 | prio=10 | https://www.adascz.com.bo/boletin-precios/boletin-precios-avicolas-26-de-julio-2
[FULL_3_ADA] t= 684.7s | pag=768 | files=1111 | data=  1 | cola= 397 | prio=10 | https://www.adascz.com.bo/boletin-precios/boletin-precios-avicolas-25-de-julio
[FULL_3_ADA] t= 685.3s | pag=769 | files=1111 | data=  1 | cola= 396 | prio=10 | https://www.adascz.com.bo/boletin-precios/boletin-precios-avicolas-24-de-julio
[FULL_3_ADA] t= 686.1s | pag=770 | files=1111 | data=  1 | cola= 395 | prio=10 | https://www.adascz.com.bo/boletin-precios/boletin-precios-avicolas-21-de-julio-2
[FULL_3_ADA] t= 687.1s | pag=771 | files=1111 | data=  1 | cola= 394 | prio=10 | https://www.adascz.com.bo/boletin-precios/boletin-precios-avicolas-20-de-julio-2
[FULL_3_ADA] t= 689.0s | pag=772 | files=1111 | data=  1 | cola= 393 | prio=10 | https://www.adascz.com.bo/boletin-precios/boletin-precios-avicolas-19-de-julio-2
[FULL_3_ADA] t= 689.8s | pag=773 | files=1111 | data=  1 | cola= 392 | prio=10 | https://www.adascz.com.bo/boletin-precios/boletin-precios-avicolas-18-de-julio-2
[FULL_3_ADA] t= 690.4s | pag=774 | files=1111 | data=  1 | cola= 391 | prio=10 | https://www.adascz.com.bo/boletin-precios/boletin-precios-avicolas-17-de-julio
[FULL_3_ADA] t= 691.3s | pag=775 | files=1111 | data=  1 | cola= 390 | prio=10 | https://www.adascz.com.bo/boletin-precios/boletin-precios-avicolas-14-de-julio-2
[FULL_3_ADA] t= 691.9s | pag=776 | files=1111 | data=  1 | cola= 389 | prio=10 | https://www.adascz.com.bo/boletin-precios/boletin-precios-avicolas-13-de-julio-2
[FULL_3_ADA] t= 692.8s | pag=777 | files=1111 | data=  1 | cola= 388 | prio=10 | https://www.adascz.com.bo/boletin-precios/boletin-precios-avicolas-12-de-julio-2
[FULL_3_ADA] t= 693.9s | pag=778 | files=1111 | data=  1 | cola= 387 | prio=10 | https://www.adascz.com.bo/boletin-precios/boletin-precios-avicolas-11-de-julio-2
[FULL_3_ADA] t= 694.8s | pag=779 | files=1111 | data=  1 | cola= 386 | prio=10 | https://www.adascz.com.bo/boletin-precios/boletin-precios-avicolas-07-de-julio-2
[FULL_3_ADA] t= 695.8s | pag=780 | files=1111 | data=  1 | cola= 385 | prio=10 | https://www.adascz.com.bo/boletin-precios/boletin-precios-avicolas-06-de-julio-2
[FULL_3_ADA] t= 696.5s | pag=781 | files=1111 | data=  1 | cola= 384 | prio=10 | https://www.adascz.com.bo/boletin-precios/boletin-precios-avicolas-05-de-julio-2
[FULL_3_ADA] t= 697.2s | pag=782 | files=1111 | data=  1 | cola= 383 | prio=10 | https://www.adascz.com.bo/boletin-precios/boletin-precios-avicolas-04-de-julio-2
[FULL_3_ADA] t= 699.0s | pag=783 | files=1111 | data=  1 | cola= 382 | prio=10 | https://www.adascz.com.bo/boletin-precios/boletin-precios-avicolas-03-de-julio
[FULL_3_ADA] t= 699.8s | pag=784 | files=1111 | data=  1 | cola= 381 | prio=10 | https://www.adascz.com.bo/boletin-precios/boletin-precios-avicolas-30-de-junio-2
[FULL_3_ADA] t= 700.8s | pag=785 | files=1111 | data=  1 | cola= 380 | prio=10 | https://www.adascz.com.bo/boletin-precios/boletin-precios-avicolas-29-de-junio-2
[FULL_3_ADA] t= 701.6s | pag=786 | files=1111 | data=  1 | cola= 379 | prio=10 | https://www.adascz.com.bo/boletin-precios/boletin-precios-avicolas-28-de-junio-2
[FULL_3_ADA] t= 702.4s | pag=787 | files=1111 | data=  1 | cola= 378 | prio=10 | https://www.adascz.com.bo/boletin-precios/boletin-precios-avicolas-27-de-junio-2
[FULL_3_ADA] t= 703.1s | pag=788 | files=1111 | data=  1 | cola= 377 | prio=10 | https://www.adascz.com.bo/boletin-precios/boletin-precios-avicolas-26-de-junio
[FULL_3_ADA] t= 703.9s | pag=789 | files=1111 | data=  1 | cola= 376 | prio=10 | https://www.adascz.com.bo/boletin-precios/boletin-precios-avicolas-22-de-junio-2
[FULL_3_ADA] t= 704.6s | pag=790 | files=1111 | data=  1 | cola= 375 | prio=10 | https://www.adascz.com.bo/boletin-precios/boletin-precios-avicolas-20-de-junio-2
[FULL_3_ADA] t= 705.6s | pag=791 | files=1111 | data=  1 | cola= 374 | prio=10 | https://www.adascz.com.bo/boletin-precios/boletin-precios-avicolas-19-de-junio
[FULL_3_ADA] t= 706.4s | pag=792 | files=1111 | data=  1 | cola= 373 | prio=10 | https://www.adascz.com.bo/boletin-precios/boletin-precios-avicolas-16-de-junio
[FULL_3_ADA] t= 707.4s | pag=793 | files=1111 | data=  1 | cola= 372 | prio=10 | https://www.adascz.com.bo/boletin-precios/boletin-precios-avicolas-15-de-junio-2
[FULL_3_ADA] t= 708.5s | pag=794 | files=1111 | data=  1 | cola= 371 | prio=10 | https://www.adascz.com.bo/boletin-precios/boletin-precios-avicolas-14-de-junio-3
[FULL_3_ADA] t= 709.6s | pag=795 | files=1111 | data=  1 | cola= 370 | prio=10 | https://www.adascz.com.bo/boletin-precios/boletin-precios-avicolas-13-de-junio-2
[FULL_3_ADA] t= 710.2s | pag=796 | files=1111 | data=  1 | cola= 369 | prio=10 | https://www.adascz.com.bo/boletin-precios/boletin-precios-avicolas-12-de-junio
[FULL_3_ADA] t= 711.3s | pag=797 | files=1111 | data=  1 | cola= 368 | prio=10 | https://www.adascz.com.bo/boletin-precios/boletin-precios-avicolas-09-de-junio-2
[FULL_3_ADA] t= 711.9s | pag=798 | files=1111 | data=  1 | cola= 367 | prio=10 | https://www.adascz.com.bo/boletin-precios/boletin-precios-avicolas-07-de-junio-2
[FULL_3_ADA] t= 712.8s | pag=799 | files=1111 | data=  1 | cola= 366 | prio=10 | https://www.adascz.com.bo/boletin-precios/boletin-precios-avicolas-06-de-junio-2
[FULL_3_ADA] t= 713.7s | pag=800 | files=1111 | data=  1 | cola= 365 | prio=10 | https://www.adascz.com.bo/boletin-precios/boletin-precios-avicolas-05-de-junio
[FULL_3_ADA] t= 714.7s | pag=801 | files=1111 | data=  1 | cola= 364 | prio=10 | https://www.adascz.com.bo/boletin-precios/boletin-precios-avicolas-02-de-junio-2
[FULL_3_ADA] t= 715.4s | pag=802 | files=1111 | data=  1 | cola= 363 | prio=10 | https://www.adascz.com.bo/boletin-precios/boletin-precios-avicolas-01-de-junio-2
[FULL_3_ADA] t= 716.1s | pag=803 | files=1111 | data=  1 | cola= 362 | prio=10 | https://www.adascz.com.bo/boletin-precios/boletin-precios-avicolas-31-de-mayo-2
[FULL_3_ADA] t= 717.0s | pag=804 | files=1111 | data=  1 | cola= 361 | prio=10 | https://www.adascz.com.bo/boletin-precios/boletin-precios-avicolas-30-de-mayo-2
[FULL_3_ADA] t= 718.3s | pag=805 | files=1111 | data=  1 | cola= 360 | prio=10 | https://www.adascz.com.bo/boletin-precios/boletin-precios-avicolas-29-de-mayo
[FULL_3_ADA] t= 718.9s | pag=806 | files=1111 | data=  1 | cola= 359 | prio=10 | https://www.adascz.com.bo/boletin-precios/boletin-precios-avicolas-25-de-mayo-2
[FULL_3_ADA] t= 719.8s | pag=807 | files=1111 | data=  1 | cola= 358 | prio=10 | https://www.adascz.com.bo/boletin-precios/boletin-precios-avicolas-24-de-mayo-2
[FULL_3_ADA] t= 720.5s | pag=808 | files=1111 | data=  1 | cola= 357 | prio=10 | https://www.adascz.com.bo/boletin-precios/boletin-precios-avicolas-23-de-mayo-2
[FULL_3_ADA] t= 721.6s | pag=809 | files=1111 | data=  1 | cola= 356 | prio=10 | https://www.adascz.com.bo/boletin-precios/boletin-precios-avicolas-22-de-mayo
[FULL_3_ADA] t= 722.6s | pag=810 | files=1111 | data=  1 | cola= 355 | prio=10 | https://www.adascz.com.bo/boletin-precios/boletin-precios-avicolas-19-de-mayo-2
[FULL_3_ADA] t= 723.4s | pag=811 | files=1111 | data=  1 | cola= 354 | prio=10 | https://www.adascz.com.bo/boletin-precios/boletin-precios-avicolas-18-de-mayo-2
[FULL_3_ADA] t= 724.3s | pag=812 | files=1111 | data=  1 | cola= 353 | prio=10 | https://www.adascz.com.bo/boletin-precios/boletin-precios-avicolas-17-de-mayo-2
[FULL_3_ADA] t= 725.3s | pag=813 | files=1111 | data=  1 | cola= 352 | prio=10 | https://www.adascz.com.bo/boletin-precios/boletin-precios-avicolas-16-de-mayo-2
[FULL_3_ADA] t= 726.2s | pag=814 | files=1111 | data=  1 | cola= 351 | prio=10 | https://www.adascz.com.bo/boletin-precios/boletin-precios-avicolas-15-de-mayo
[FULL_3_ADA] t= 727.3s | pag=815 | files=1111 | data=  1 | cola= 350 | prio=10 | https://www.adascz.com.bo/boletin-precios/boletin-precios-avicolas-12-de-mayo-2
[FULL_3_ADA] t= 728.2s | pag=816 | files=1111 | data=  1 | cola= 349 | prio=10 | https://www.adascz.com.bo/boletin-precios/boletin-precios-avicolas-11-de-mayo-2
[FULL_3_ADA] t= 729.1s | pag=817 | files=1111 | data=  1 | cola= 348 | prio=10 | https://www.adascz.com.bo/boletin-precios/boletin-precios-avicolas-10-de-mayo-2
[FULL_3_ADA] t= 729.7s | pag=818 | files=1111 | data=  1 | cola= 347 | prio=10 | https://www.adascz.com.bo/boletin-precios/boletin-precios-avicolas-9-de-mayo
[FULL_3_ADA] t= 730.7s | pag=819 | files=1111 | data=  1 | cola= 346 | prio=10 | https://www.adascz.com.bo/boletin-precios/boletin-precios-avicolas-8-de-mayo
[FULL_3_ADA] t= 731.4s | pag=820 | files=1111 | data=  1 | cola= 345 | prio=10 | https://www.adascz.com.bo/boletin-precios/boletin-precios-avicolas-5-de-mayo
[FULL_3_ADA] t= 732.2s | pag=821 | files=1111 | data=  1 | cola= 344 | prio=10 | https://www.adascz.com.bo/boletin-precios/boletin-precios-avicolas-4-de-mayo
[FULL_3_ADA] t= 732.9s | pag=822 | files=1111 | data=  1 | cola= 343 | prio=10 | https://www.adascz.com.bo/boletin-precios/boletin-precios-avicolas-3-de-mayo-2
[FULL_3_ADA] t= 733.6s | pag=823 | files=1111 | data=  1 | cola= 342 | prio=10 | https://www.adascz.com.bo/boletin-precios/boletin-precios-avicolas-2-de-mayo
[FULL_3_ADA] t= 734.8s | pag=824 | files=1111 | data=  1 | cola= 341 | prio=10 | https://www.adascz.com.bo/boletin-precios/boletin-precios-avicolas-28-de-abril-3
[FULL_3_ADA] t= 735.4s | pag=825 | files=1111 | data=  1 | cola= 340 | prio=10 | https://www.adascz.com.bo/boletin-precios/boletin-precios-avicolas-27-de-abril-2
[FULL_3_ADA] t= 736.5s | pag=826 | files=1111 | data=  1 | cola= 339 | prio=10 | https://www.adascz.com.bo/boletin-precios/boletin-precios-avicolas-26-de-abril-2
[FULL_3_ADA] t= 737.3s | pag=827 | files=1111 | data=  1 | cola= 338 | prio=10 | https://www.adascz.com.bo/boletin-precios/boletin-precios-avicolas-25-de-abril-2
[FULL_3_ADA] t= 738.2s | pag=828 | files=1111 | data=  1 | cola= 337 | prio=10 | https://www.adascz.com.bo/boletin-precios/boletin-precios-avicolas-24-de-abril
[FULL_3_ADA] t= 738.8s | pag=829 | files=1111 | data=  1 | cola= 336 | prio=10 | https://www.adascz.com.bo/boletin-precios/boletin-precios-avicolas-21-de-abril-3
[FULL_3_ADA] t= 739.6s | pag=830 | files=1111 | data=  1 | cola= 335 | prio=10 | https://www.adascz.com.bo/boletin-precios/boletin-precios-avicolas-20-de-abril-2
[FULL_3_ADA] t= 740.2s | pag=831 | files=1111 | data=  1 | cola= 334 | prio=10 | https://www.adascz.com.bo/boletin-precios/boletin-precios-avicolas-19-de-abril-2
[FULL_3_ADA] t= 741.1s | pag=832 | files=1111 | data=  1 | cola= 333 | prio=10 | https://www.adascz.com.bo/boletin-precios/boletin-precios-avicolas-18-de-abril-2
[FULL_3_ADA] t= 741.7s | pag=833 | files=1111 | data=  1 | cola= 332 | prio=10 | https://www.adascz.com.bo/boletin-precios/boletin-precios-avicolas-17-de-abril
[FULL_3_ADA] t= 742.6s | pag=834 | files=1111 | data=  1 | cola= 331 | prio=10 | https://www.adascz.com.bo/boletin-precios/boletin-precios-avicolas-14-de-abril-2
[FULL_3_ADA] t= 743.6s | pag=835 | files=1111 | data=  1 | cola= 330 | prio=10 | https://www.adascz.com.bo/boletin-precios/boletin-precios-avicolas-13-de-abril-2
[FULL_3_ADA] t= 744.4s | pag=836 | files=1111 | data=  1 | cola= 329 | prio=10 | https://www.adascz.com.bo/boletin-precios/boletin-precios-avicolas-12-de-abril-2
[FULL_3_ADA] t= 745.5s | pag=837 | files=1111 | data=  1 | cola= 328 | prio=10 | https://www.adascz.com.bo/boletin-precios/boletin-precios-avicolas-11-de-abril-2
[FULL_3_ADA] t= 746.6s | pag=838 | files=1111 | data=  1 | cola= 327 | prio=10 | https://www.adascz.com.bo/boletin-precios/boletin-precios-avicolas-10-de-abril
[FULL_3_ADA] t= 747.5s | pag=839 | files=1111 | data=  1 | cola= 326 | prio=10 | https://www.adascz.com.bo/boletin-precios/boletin-precios-avicolas-06-de-abril-2
[FULL_3_ADA] t= 748.5s | pag=840 | files=1111 | data=  1 | cola= 325 | prio=10 | https://www.adascz.com.bo/boletin-precios/boletin-precios-avicolas-04-de-abril-2
[FULL_3_ADA] t= 749.5s | pag=841 | files=1111 | data=  1 | cola= 324 | prio=10 | https://www.adascz.com.bo/boletin-precios/boletin-precios-avicolas-03-de-abril
[FULL_3_ADA] t= 750.3s | pag=842 | files=1111 | data=  1 | cola= 323 | prio=10 | https://www.adascz.com.bo/boletin-precios/boletin-precios-avicolas-31-de-marzo-2
[FULL_3_ADA] t= 751.2s | pag=843 | files=1111 | data=  1 | cola= 322 | prio=10 | https://www.adascz.com.bo/boletin-precios/boletin-precios-avicolas-30-de-marzo-2
[FULL_3_ADA] t= 753.0s | pag=844 | files=1111 | data=  1 | cola= 321 | prio=10 | https://www.adascz.com.bo/boletin-precios/boletin-precios-avicolas-29-de-marzo-2
[FULL_3_ADA] t= 754.1s | pag=845 | files=1111 | data=  1 | cola= 320 | prio=10 | https://www.adascz.com.bo/boletin-precios/boletin-precios-avicolas-28-de-marzo-2
[FULL_3_ADA] t= 755.0s | pag=846 | files=1111 | data=  1 | cola= 319 | prio=10 | https://www.adascz.com.bo/boletin-precios/boletin-precios-avicolas-27-de-marzo
[FULL_3_ADA] t= 755.6s | pag=847 | files=1111 | data=  1 | cola= 318 | prio=10 | https://www.adascz.com.bo/boletin-precios/boletin-precios-avicolas-24-de-marzo-2
[FULL_3_ADA] t= 757.4s | pag=848 | files=1111 | data=  1 | cola= 317 | prio=10 | https://www.adascz.com.bo/boletin-precios/boletin-precios-avicolas-23-de-marzo-2
[FULL_3_ADA] t= 758.3s | pag=849 | files=1111 | data=  1 | cola= 316 | prio=10 | https://www.adascz.com.bo/boletin-precios/boletin-precios-avicolas-22-de-marzo-2
[FULL_3_ADA] t= 759.2s | pag=850 | files=1111 | data=  1 | cola= 315 | prio=10 | https://www.adascz.com.bo/boletin-precios/boletin-precios-avicolas-21-de-marzo-3
[FULL_3_ADA] t= 760.1s | pag=851 | files=1111 | data=  1 | cola= 314 | prio=10 | https://www.adascz.com.bo/boletin-precios/boletin-precios-avicolas-20-de-marzo
[FULL_3_ADA] t= 761.2s | pag=852 | files=1111 | data=  1 | cola= 313 | prio=10 | https://www.adascz.com.bo/boletin-precios/boletin-precios-avicolas-17-de-marzo-2
[FULL_3_ADA] t= 761.8s | pag=853 | files=1111 | data=  1 | cola= 312 | prio=10 | https://www.adascz.com.bo/boletin-precios/boletin-precios-avicolas-16-de-marzo-2
[FULL_3_ADA] t= 762.4s | pag=854 | files=1111 | data=  1 | cola= 311 | prio=10 | https://www.adascz.com.bo/boletin-precios/boletin-precios-avicolas-15-de-marzo-2
[FULL_3_ADA] t= 763.5s | pag=855 | files=1111 | data=  1 | cola= 310 | prio=10 | https://www.adascz.com.bo/boletin-precios/boletin-precios-avicolas-14-de-marzo-2
[FULL_3_ADA] t= 764.4s | pag=856 | files=1111 | data=  1 | cola= 309 | prio=10 | https://www.adascz.com.bo/boletin-precios/boletin-precios-avicolas-13-de-marzo
[FULL_3_ADA] t= 765.0s | pag=857 | files=1111 | data=  1 | cola= 308 | prio=10 | https://www.adascz.com.bo/boletin-precios/boletin-precios-avicolas-10-de-marzo-2
[FULL_3_ADA] t= 765.7s | pag=858 | files=1111 | data=  1 | cola= 307 | prio=10 | https://www.adascz.com.bo/boletin-precios/boletin-precios-avicolas-08-de-marzo
[FULL_3_ADA] t= 766.4s | pag=859 | files=1111 | data=  1 | cola= 306 | prio=10 | https://www.adascz.com.bo/boletin-precios/boletin-precios-avicolas-07-de-marzo
[FULL_3_ADA] t= 767.0s | pag=860 | files=1111 | data=  1 | cola= 305 | prio=10 | https://www.adascz.com.bo/boletin-precios/boletin-precios-avicolas-06-de-marzo
[FULL_3_ADA] t= 767.8s | pag=861 | files=1111 | data=  1 | cola= 304 | prio=10 | https://www.adascz.com.bo/boletin-precios/boletin-precios-avicolas-03-de-marzo
[FULL_3_ADA] t= 768.7s | pag=862 | files=1111 | data=  1 | cola= 303 | prio=10 | https://www.adascz.com.bo/boletin-precios/boletin-precios-avicolas-02-de-marzo
[FULL_3_ADA] t= 769.8s | pag=863 | files=1111 | data=  1 | cola= 302 | prio=10 | https://www.adascz.com.bo/boletin-precios/boletin-precios-avicolas-01-de-marzo
[FULL_3_ADA] t= 770.8s | pag=864 | files=1111 | data=  1 | cola= 301 | prio=10 | https://www.adascz.com.bo/boletin-precios/boletin-precios-avicolas-28-de-febrero
[FULL_3_ADA] t= 771.4s | pag=865 | files=1111 | data=  1 | cola= 300 | prio=10 | https://www.adascz.com.bo/boletin-precios/boletin-precios-avicolas-27-de-febrero
[FULL_3_ADA] t= 772.3s | pag=866 | files=1111 | data=  1 | cola= 299 | prio=10 | https://www.adascz.com.bo/boletin-precios/boletin-precios-avicolas-24-de-febrero-2
[FULL_3_ADA] t= 773.1s | pag=867 | files=1111 | data=  1 | cola= 298 | prio=10 | https://www.adascz.com.bo/boletin-precios/boletin-precios-avicolas-22-de-febrero-2
[FULL_3_ADA] t= 775.2s | pag=868 | files=1111 | data=  1 | cola= 297 | prio=10 | https://www.adascz.com.bo/boletin-precios/boletin-precios-avicolas-17-de-febrero-2
[FULL_3_ADA] t= 775.8s | pag=869 | files=1111 | data=  1 | cola= 296 | prio=10 | https://www.adascz.com.bo/boletin-precios/boletin-precios-avicolas-16-de-febrero-2
[FULL_3_ADA] t= 776.5s | pag=870 | files=1111 | data=  1 | cola= 295 | prio=10 | https://www.adascz.com.bo/boletin-precios/boletin-precios-avicolas-15-de-febrero-2
[FULL_3_ADA] t= 777.1s | pag=871 | files=1111 | data=  1 | cola= 294 | prio=10 | https://www.adascz.com.bo/boletin-precios/boletin-precios-avicolas-14-de-febrero-2
[FULL_3_ADA] t= 777.9s | pag=872 | files=1111 | data=  1 | cola= 293 | prio=10 | https://www.adascz.com.bo/boletin-precios/boletin-precios-avicolas-13-de-febrero
[FULL_3_ADA] t= 778.7s | pag=873 | files=1111 | data=  1 | cola= 292 | prio=10 | https://www.adascz.com.bo/boletin-precios/boletin-precios-avicolas-10-de-febrero-2
[FULL_3_ADA] t= 780.6s | pag=873 | files=1111 | data=  1 | cola= 291 | prio=10 | https://www.adascz.com.bo/boletin-precios/boletin-precios-avicolas-09-de-febrero-2
[FULL_3_ADA] t= 782.3s | pag=874 | files=1111 | data=  1 | cola= 290 | prio=10 | https://www.adascz.com.bo/boletin-precios/boletin-precios-avicolas-08-de-febrero-2
[FULL_3_ADA] t= 783.0s | pag=875 | files=1111 | data=  1 | cola= 289 | prio=10 | https://www.adascz.com.bo/boletin-precios/boletin-precios-avicolas-07-de-febrero-2
[FULL_3_ADA] t= 783.9s | pag=876 | files=1111 | data=  1 | cola= 288 | prio=10 | https://www.adascz.com.bo/boletin-precios/boletin-precios-avicolas-06-de-febrero
[FULL_3_ADA] t= 784.5s | pag=877 | files=1111 | data=  1 | cola= 287 | prio=10 | https://www.adascz.com.bo/boletin-precios/boletin-precios-avicolas-03-de-febrero-2
[FULL_3_ADA] t= 785.6s | pag=878 | files=1111 | data=  1 | cola= 286 | prio=10 | https://www.adascz.com.bo/boletin-precios/boletin-precios-avicolas-02-de-febrero-2
[FULL_3_ADA] t= 786.3s | pag=879 | files=1111 | data=  1 | cola= 285 | prio=10 | https://www.adascz.com.bo/boletin-precios/boletin-precios-avicolas-01-de-febrero-2
[FULL_3_ADA] t= 787.1s | pag=880 | files=1111 | data=  1 | cola= 284 | prio=10 | https://www.adascz.com.bo/boletin-precios/boletin-precios-avicolas-31-de-enero-2
[FULL_3_ADA] t= 788.3s | pag=881 | files=1111 | data=  1 | cola= 283 | prio=10 | https://www.adascz.com.bo/boletin-precios/boletin-precios-avicolas-30-de-enero
[FULL_3_ADA] t= 789.3s | pag=882 | files=1111 | data=  1 | cola= 282 | prio=10 | https://www.adascz.com.bo/boletin-precios/boletin-precios-avicolas-26-de-enero
[FULL_3_ADA] t= 790.4s | pag=883 | files=1111 | data=  1 | cola= 281 | prio=10 | https://www.adascz.com.bo/boletin-precios/boletin-precios-avicolas-25-de-enero
[FULL_3_ADA] t= 791.4s | pag=884 | files=1111 | data=  1 | cola= 280 | prio=10 | https://www.adascz.com.bo/boletin-precios/boletin-precios-avicolas-24-de-enero
[FULL_3_ADA] t= 792.2s | pag=885 | files=1111 | data=  1 | cola= 279 | prio=10 | https://www.adascz.com.bo/boletin-precios/boletin-precios-avicolas-21-de-enero
[FULL_3_ADA] t= 792.8s | pag=886 | files=1111 | data=  1 | cola= 278 | prio=10 | https://www.adascz.com.bo/boletin-precios/boletin-precios-avicolas-20-de-enero
[FULL_3_ADA] t= 793.8s | pag=887 | files=1111 | data=  1 | cola= 277 | prio=10 | https://www.adascz.com.bo/boletin-precios/boletin-precios-avicolas-19-de-enero
[FULL_3_ADA] t= 794.4s | pag=888 | files=1111 | data=  1 | cola= 276 | prio=10 | https://www.adascz.com.bo/boletin-precios/boletin-precios-avicolas-18-de-enero
[FULL_3_ADA] t= 795.5s | pag=889 | files=1111 | data=  1 | cola= 275 | prio=10 | https://www.adascz.com.bo/boletin-precios/boletin-precios-avicolas-17-de-enero
[FULL_3_ADA] t= 796.1s | pag=890 | files=1111 | data=  1 | cola= 274 | prio=10 | https://www.adascz.com.bo/boletin-precios/boletin-precios-avicolas-16-de-enero
[FULL_3_ADA] t= 797.0s | pag=891 | files=1111 | data=  1 | cola= 273 | prio=10 | https://www.adascz.com.bo/boletin-precios/boletin-precios-avicolas-13-de-enero
[FULL_3_ADA] t= 798.1s | pag=892 | files=1111 | data=  1 | cola= 272 | prio=10 | https://www.adascz.com.bo/boletin-precios/boletin-precios-avicolas-12-de-enero
[FULL_3_ADA] t= 798.9s | pag=893 | files=1111 | data=  1 | cola= 271 | prio=10 | https://www.adascz.com.bo/boletin-precios/boletin-precios-avicolas-11-de-enero
[FULL_3_ADA] t= 799.6s | pag=894 | files=1111 | data=  1 | cola= 270 | prio=10 | https://www.adascz.com.bo/boletin-precios/boletin-precios-avicolas-10-de-enero
[FULL_3_ADA] t= 800.5s | pag=895 | files=1111 | data=  1 | cola= 269 | prio=10 | https://www.adascz.com.bo/boletin-precios/boletin-precios-avicolas-09-de-enero
[FULL_3_ADA] t= 801.2s | pag=896 | files=1111 | data=  1 | cola= 268 | prio=10 | https://www.adascz.com.bo/boletin-precios/boletin-precios-avicolas-06-de-enero
[FULL_3_ADA] t= 802.2s | pag=897 | files=1111 | data=  1 | cola= 267 | prio=10 | https://www.adascz.com.bo/boletin-precios/boletin-precios-avicolas-05-de-enero
[FULL_3_ADA] t= 803.3s | pag=898 | files=1111 | data=  1 | cola= 266 | prio=10 | https://www.adascz.com.bo/boletin-precios/boletin-precios-avicolas-04-de-enero
[FULL_3_ADA] t= 804.2s | pag=899 | files=1111 | data=  1 | cola= 265 | prio=10 | https://www.adascz.com.bo/boletin-precios/boletin-precios-avicolas-03-de-enero
[FULL_3_ADA] t= 805.4s | pag=900 | files=1111 | data=  1 | cola= 264 | prio=10 | https://www.adascz.com.bo/boletin-precios/boletin-precios-avicolas-29-de-diciembre
[FULL_3_ADA] t= 806.3s | pag=901 | files=1111 | data=  1 | cola= 263 | prio=10 | https://www.adascz.com.bo/boletin-precios/boletin-precios-avicolas-28-de-diciembre
[FULL_3_ADA] t= 807.1s | pag=902 | files=1111 | data=  1 | cola= 262 | prio=10 | https://www.adascz.com.bo/boletin-precios/boletin-precios-avicolas-27-de-diciembre
[FULL_3_ADA] t= 807.7s | pag=903 | files=1111 | data=  1 | cola= 261 | prio=10 | https://www.adascz.com.bo/boletin-precios/boletin-precios-avicolas-23-de-diciembre
[FULL_3_ADA] t= 808.8s | pag=904 | files=1111 | data=  1 | cola= 260 | prio=10 | https://www.adascz.com.bo/boletin-precios/boletin-precios-avicolas-22-de-diciembre
[FULL_3_ADA] t= 809.9s | pag=905 | files=1111 | data=  1 | cola= 259 | prio=10 | https://www.adascz.com.bo/boletin-precios/boletin-precios-avicolas-21-de-diciembre
[FULL_3_ADA] t= 810.9s | pag=906 | files=1111 | data=  1 | cola= 258 | prio=10 | https://www.adascz.com.bo/boletin-precios/boletin-precios-avicolas-20-de-diciembre
[FULL_3_ADA] t= 811.5s | pag=907 | files=1111 | data=  1 | cola= 257 | prio=10 | https://www.adascz.com.bo/boletin-precios/boletin-precios-avicolas-19-de-diciembre
[FULL_3_ADA] t= 812.4s | pag=908 | files=1111 | data=  1 | cola= 256 | prio=10 | https://www.adascz.com.bo/boletin-precios/boletin-precios-avicolas-17-de-diciembre
[FULL_3_ADA] t= 813.4s | pag=909 | files=1111 | data=  1 | cola= 255 | prio=10 | https://www.adascz.com.bo/boletin-precios/boletin-precios-avicolas-16-de-diciembre
[FULL_3_ADA] t= 814.0s | pag=910 | files=1111 | data=  1 | cola= 254 | prio=10 | https://www.adascz.com.bo/boletin-precios/boletin-precios-avicolas-15-de-diciembre
[FULL_3_ADA] t= 815.0s | pag=911 | files=1111 | data=  1 | cola= 253 | prio=10 | https://www.adascz.com.bo/boletin-precios/boletin-precios-avicolas-14-de-diciembre
[FULL_3_ADA] t= 815.9s | pag=912 | files=1111 | data=  1 | cola= 252 | prio=10 | https://www.adascz.com.bo/boletin-precios/boletin-precios-avicolas-13-de-diciembre
[FULL_3_ADA] t= 816.9s | pag=913 | files=1111 | data=  1 | cola= 251 | prio=10 | https://www.adascz.com.bo/boletin-precios/boletin-precios-avicolas-12-de-diciembre
[FULL_3_ADA] t= 818.0s | pag=914 | files=1111 | data=  1 | cola= 250 | prio=10 | https://www.adascz.com.bo/boletin-precios/boletin-precios-avicolas-09-de-diciembre
[FULL_3_ADA] t= 818.7s | pag=915 | files=1111 | data=  1 | cola= 249 | prio=10 | https://www.adascz.com.bo/boletin-precios/boletin-precios-avicolas-08-de-diciembre
[FULL_3_ADA] t= 819.7s | pag=916 | files=1111 | data=  1 | cola= 248 | prio=10 | https://www.adascz.com.bo/boletin-precios/boletin-precios-avicolas-07-de-diciembre
[FULL_3_ADA] t= 820.5s | pag=917 | files=1111 | data=  1 | cola= 247 | prio=10 | https://www.adascz.com.bo/boletin-precios/boletin-precios-avicolas-06-de-diciembre
[FULL_3_ADA] t= 821.6s | pag=918 | files=1111 | data=  1 | cola= 246 | prio=10 | https://www.adascz.com.bo/boletin-precios/boletin-precios-avicolas-02-de-diciembre
[FULL_3_ADA] t= 822.6s | pag=919 | files=1111 | data=  1 | cola= 245 | prio=10 | https://www.adascz.com.bo/boletin-precios/boletin-precios-avicolas-01-de-diciembre
[FULL_3_ADA] t= 823.3s | pag=920 | files=1111 | data=  1 | cola= 244 | prio=10 | https://www.adascz.com.bo/boletin-precios/boletin-precios-avicolas-30-de-noviembre
[FULL_3_ADA] t= 824.4s | pag=921 | files=1111 | data=  1 | cola= 243 | prio=10 | https://www.adascz.com.bo/boletin-precios/boletin-precios-avicolas-29-de-noviembre
[FULL_3_ADA] t= 825.3s | pag=922 | files=1111 | data=  1 | cola= 242 | prio=10 | https://www.adascz.com.bo/boletin-precios/boletin-precios-avicolas-28-de-noviembre
[FULL_3_ADA] t= 825.9s | pag=923 | files=1111 | data=  1 | cola= 241 | prio=10 | https://www.adascz.com.bo/boletin-precios/boletin-precios-avicolas-25-de-noviembre
[FULL_3_ADA] t= 826.8s | pag=924 | files=1111 | data=  1 | cola= 240 | prio=10 | https://www.adascz.com.bo/boletin-precios/boletin-precios-avicolas-24-de-noviembre
[FULL_3_ADA] t= 827.6s | pag=925 | files=1111 | data=  1 | cola= 239 | prio=10 | https://www.adascz.com.bo/boletin-precios/boletin-precios-avicolas-23-de-noviembre
[FULL_3_ADA] t= 828.6s | pag=926 | files=1111 | data=  1 | cola= 238 | prio=10 | https://www.adascz.com.bo/boletin-precios/boletin-precios-avicolas-22-de-noviembre
[FULL_3_ADA] t= 829.3s | pag=927 | files=1111 | data=  1 | cola= 237 | prio=10 | https://www.adascz.com.bo/boletin-precios/boletin-precios-avicolas-21-de-noviembre
[FULL_3_ADA] t= 830.3s | pag=928 | files=1111 | data=  1 | cola= 236 | prio=10 | https://www.adascz.com.bo/boletin-precios/boletin-precios-avicolas-18-de-noviembre
[FULL_3_ADA] t= 831.5s | pag=929 | files=1111 | data=  1 | cola= 235 | prio=10 | https://www.adascz.com.bo/boletin-precios/boletin-precios-avicolas-17-de-noviembre
[FULL_3_ADA] t= 832.2s | pag=930 | files=1111 | data=  1 | cola= 234 | prio=10 | https://www.adascz.com.bo/boletin-precios/boletin-precios-avicolas-16-de-noviembre
[FULL_3_ADA] t= 833.0s | pag=931 | files=1111 | data=  1 | cola= 233 | prio=10 | https://www.adascz.com.bo/boletin-precios/boletin-precios-avicolas-15-de-noviembre
[FULL_3_ADA] t= 834.1s | pag=932 | files=1111 | data=  1 | cola= 232 | prio=10 | https://www.adascz.com.bo/boletin-precios/boletin-precios-avicolas-14-de-noviembre
[FULL_3_ADA] t= 835.2s | pag=933 | files=1111 | data=  1 | cola= 231 | prio=10 | https://www.adascz.com.bo/boletin-precios/boletin-precios-avicolas-11-de-noviembre
[FULL_3_ADA] t= 836.1s | pag=934 | files=1111 | data=  1 | cola= 230 | prio=10 | https://www.adascz.com.bo/boletin-precios/boletin-precios-avicolas-09-de-noviembre
[FULL_3_ADA] t= 837.2s | pag=935 | files=1111 | data=  1 | cola= 229 | prio=10 | https://www.adascz.com.bo/boletin-precios/boletin-precios-avicolas-08-de-noviembre
[FULL_3_ADA] t= 837.9s | pag=936 | files=1111 | data=  1 | cola= 228 | prio=10 | https://www.adascz.com.bo/boletin-precios/boletin-precios-avicolas-07-de-noviembre
[FULL_3_ADA] t= 838.6s | pag=937 | files=1111 | data=  1 | cola= 227 | prio=10 | https://www.adascz.com.bo/boletin-precios/boletin-precios-avicolas-04-de-noviembre
[FULL_3_ADA] t= 839.3s | pag=938 | files=1111 | data=  1 | cola= 226 | prio=10 | https://www.adascz.com.bo/boletin-precios/boletin-precios-avicolas-03-de-noviembre
[FULL_3_ADA] t= 840.1s | pag=939 | files=1111 | data=  1 | cola= 225 | prio=10 | https://www.adascz.com.bo/boletin-precios/boletin-precios-avicolas-01-de-noviembre
[FULL_3_ADA] t= 841.2s | pag=940 | files=1111 | data=  1 | cola= 224 | prio=10 | https://www.adascz.com.bo/boletin-precios/boletin-precios-avicolas-31-de-octubre
[FULL_3_ADA] t= 842.1s | pag=941 | files=1111 | data=  1 | cola= 223 | prio=10 | https://www.adascz.com.bo/boletin-precios/boletin-precios-avicolas-27-de-octubre
[FULL_3_ADA] t= 842.9s | pag=942 | files=1111 | data=  1 | cola= 222 | prio=10 | https://www.adascz.com.bo/boletin-precios/boletin-precios-avicolas-26-de-octubre
[FULL_3_ADA] t= 844.0s | pag=943 | files=1111 | data=  1 | cola= 221 | prio=10 | https://www.adascz.com.bo/boletin-precios/boletin-precios-avicolas-25-de-octubre
[FULL_3_ADA] t= 844.9s | pag=944 | files=1111 | data=  1 | cola= 220 | prio=10 | https://www.adascz.com.bo/boletin-precios/boletin-precios-avicolas-24-de-octubre
[FULL_3_ADA] t= 846.1s | pag=945 | files=1111 | data=  1 | cola= 219 | prio=10 | https://www.adascz.com.bo/boletin-precios/boletin-precios-avicolas-21-de-octubre
[FULL_3_ADA] t= 846.7s | pag=946 | files=1111 | data=  1 | cola= 218 | prio=10 | https://www.adascz.com.bo/boletin-precios/boletin-precios-avicolas-20-de-octubre
[FULL_3_ADA] t= 847.5s | pag=947 | files=1111 | data=  1 | cola= 217 | prio=10 | https://www.adascz.com.bo/boletin-precios/boletin-precios-avicolas-19-de-octubre
[FULL_3_ADA] t= 848.4s | pag=948 | files=1111 | data=  1 | cola= 216 | prio=10 | https://www.adascz.com.bo/boletin-precios/boletin-precios-avicolas-18-de-octubre
[FULL_3_ADA] t= 849.4s | pag=949 | files=1111 | data=  1 | cola= 215 | prio=10 | https://www.adascz.com.bo/boletin-precios/boletin-precios-avicolas-17-de-octubre
[FULL_3_ADA] t= 851.3s | pag=950 | files=1111 | data=  1 | cola= 214 | prio=10 | https://www.adascz.com.bo/boletin-precios/boletin-precios-avicolas-14-de-octubre
[FULL_3_ADA] t= 852.2s | pag=951 | files=1111 | data=  1 | cola= 213 | prio=10 | https://www.adascz.com.bo/boletin-precios/boletin-precios-avicolas-13-de-octubre
[FULL_3_ADA] t= 852.9s | pag=952 | files=1111 | data=  1 | cola= 212 | prio=10 | https://www.adascz.com.bo/boletin-precios/boletin-precios-avicolas-12-de-octubre
[FULL_3_ADA] t= 853.9s | pag=953 | files=1111 | data=  1 | cola= 211 | prio=10 | https://www.adascz.com.bo/boletin-precios/boletin-precios-avicolas-11-de-octubre
[FULL_3_ADA] t= 854.7s | pag=954 | files=1111 | data=  1 | cola= 210 | prio=10 | https://www.adascz.com.bo/boletin-precios/boletin-precios-avicolas-10-de-octubre
[FULL_3_ADA] t= 855.3s | pag=955 | files=1111 | data=  1 | cola= 209 | prio=10 | https://www.adascz.com.bo/boletin-precios/boletin-precios-avicolas-07-de-octubre
[FULL_3_ADA] t= 856.4s | pag=956 | files=1111 | data=  1 | cola= 208 | prio=10 | https://www.adascz.com.bo/boletin-precios/boletin-precios-avicolas-06-de-octubre
[FULL_3_ADA] t= 857.3s | pag=957 | files=1111 | data=  1 | cola= 207 | prio=10 | https://www.adascz.com.bo/boletin-precios/boletin-precios-avicolas-05-de-octubre
[FULL_3_ADA] t= 858.0s | pag=958 | files=1111 | data=  1 | cola= 206 | prio=10 | https://www.adascz.com.bo/boletin-precios/boletin-precios-avicolas-04-de-octubre
[FULL_3_ADA] t= 859.1s | pag=959 | files=1111 | data=  1 | cola= 205 | prio=10 | https://www.adascz.com.bo/boletin-precios/boletin-precios-avicolas-30-de-septiembre
[FULL_3_ADA] t= 859.9s | pag=960 | files=1111 | data=  1 | cola= 204 | prio=10 | https://www.adascz.com.bo/boletin-precios/boletin-precios-avicolas-29-de-septiembre
[FULL_3_ADA] t= 861.0s | pag=961 | files=1111 | data=  1 | cola= 203 | prio=10 | https://www.adascz.com.bo/boletin-precios/boletin-precios-avicolas-28-de-septiembre
[FULL_3_ADA] t= 861.8s | pag=962 | files=1111 | data=  1 | cola= 202 | prio=10 | https://www.adascz.com.bo/boletin-precios/boletin-precios-avicolas-27-de-septiembre
[FULL_3_ADA] t= 862.7s | pag=963 | files=1111 | data=  1 | cola= 201 | prio=10 | https://www.adascz.com.bo/boletin-precios/boletin-precios-avicolas-26-de-septiembre
[FULL_3_ADA] t= 863.7s | pag=964 | files=1111 | data=  1 | cola= 200 | prio=10 | https://www.adascz.com.bo/boletin-precios/boletin-precios-avicolas-23-de-septiembre
[FULL_3_ADA] t= 864.5s | pag=965 | files=1111 | data=  1 | cola= 199 | prio=10 | https://www.adascz.com.bo/boletin-precios/boletin-precios-avicolas-22-de-septiembre
[FULL_3_ADA] t= 865.4s | pag=966 | files=1111 | data=  1 | cola= 198 | prio=10 | https://www.adascz.com.bo/boletin-precios/boletin-precios-avicolas-21-de-septiembre
[FULL_3_ADA] t= 866.4s | pag=967 | files=1111 | data=  1 | cola= 197 | prio=10 | https://www.adascz.com.bo/boletin-precios/boletin-precios-avicolas-20-de-septiembre
[FULL_3_ADA] t= 867.0s | pag=968 | files=1111 | data=  1 | cola= 196 | prio=10 | https://www.adascz.com.bo/boletin-precios/boletin-precios-avicolas-19-de-septiembre
[FULL_3_ADA] t= 867.6s | pag=969 | files=1111 | data=  1 | cola= 195 | prio=10 | https://www.adascz.com.bo/boletin-precios/boletin-precios-avicolas-16-de-septiembre
[FULL_3_ADA] t= 868.7s | pag=970 | files=1111 | data=  1 | cola= 194 | prio=10 | https://www.adascz.com.bo/boletin-precios/boletin-precios-avicolas-15-de-septiembre
[FULL_3_ADA] t= 869.8s | pag=971 | files=1111 | data=  1 | cola= 193 | prio=10 | https://www.adascz.com.bo/boletin-precios/boletin-precios-avicolas-14-de-septiembre
[FULL_3_ADA] t= 870.6s | pag=972 | files=1111 | data=  1 | cola= 192 | prio=10 | https://www.adascz.com.bo/boletin-precios/boletin-precios-avicolas-13-de-septiembre
[FULL_3_ADA] t= 871.7s | pag=973 | files=1111 | data=  1 | cola= 191 | prio=10 | https://www.adascz.com.bo/boletin-precios/boletin-precios-avicolas-09-de-septiembre
[FULL_3_ADA] t= 872.7s | pag=974 | files=1111 | data=  1 | cola= 190 | prio=10 | https://www.adascz.com.bo/boletin-precios/boletin-precios-avicolas-08-de-septiembre
[FULL_3_ADA] t= 873.5s | pag=975 | files=1111 | data=  1 | cola= 189 | prio=10 | https://www.adascz.com.bo/boletin-precios/boletin-precios-avicolas-07-de-septiembre
[FULL_3_ADA] t= 874.2s | pag=976 | files=1111 | data=  1 | cola= 188 | prio=10 | https://www.adascz.com.bo/boletin-precios/boletin-precios-avicolas-06-de-septiembre
[FULL_3_ADA] t= 874.9s | pag=977 | files=1111 | data=  1 | cola= 187 | prio=10 | https://www.adascz.com.bo/boletin-precios/boletin-precios-avicolas-05-de-septiembre
[FULL_3_ADA] t= 875.9s | pag=978 | files=1111 | data=  1 | cola= 186 | prio=10 | https://www.adascz.com.bo/boletin-precios/boletin-precios-avicolas-02-de-septiembre
[FULL_3_ADA] t= 876.8s | pag=979 | files=1111 | data=  1 | cola= 185 | prio=10 | https://www.adascz.com.bo/boletin-precios/boletin-precios-avicolas-01-de-septiembre
[FULL_3_ADA] t= 877.6s | pag=980 | files=1111 | data=  1 | cola= 184 | prio=10 | https://www.adascz.com.bo/boletin-precios/boletin-precios-avicolas-31-de-agosto
[FULL_3_ADA] t= 878.5s | pag=981 | files=1111 | data=  1 | cola= 183 | prio=10 | https://www.adascz.com.bo/boletin-precios/boletin-precios-avicolas-30-de-agosto
[FULL_3_ADA] t= 879.6s | pag=982 | files=1111 | data=  1 | cola= 182 | prio=10 | https://www.adascz.com.bo/boletin-precios/boletin-precios-avicolas-29-de-agosto
[FULL_3_ADA] t= 880.5s | pag=983 | files=1111 | data=  1 | cola= 181 | prio=10 | https://www.adascz.com.bo/boletin-precios/boletin-precios-avicolas-26-de-agosto
[FULL_3_ADA] t= 881.1s | pag=984 | files=1111 | data=  1 | cola= 180 | prio=10 | https://www.adascz.com.bo/boletin-precios/boletin-precios-avicolas-25-de-agosto
[FULL_3_ADA] t= 882.0s | pag=985 | files=1111 | data=  1 | cola= 179 | prio=10 | https://www.adascz.com.bo/boletin-precios/boletin-precios-avicolas-24-de-agosto
[FULL_3_ADA] t= 882.8s | pag=986 | files=1111 | data=  1 | cola= 178 | prio=10 | https://www.adascz.com.bo/boletin-precios/boletin-precios-avicolas-23-de-agosto
[FULL_3_ADA] t= 883.5s | pag=987 | files=1111 | data=  1 | cola= 177 | prio=10 | https://www.adascz.com.bo/boletin-precios/boletin-precios-avicolas-22-de-agosto
[FULL_3_ADA] t= 884.4s | pag=988 | files=1111 | data=  1 | cola= 176 | prio=10 | https://www.adascz.com.bo/boletin-precios/boletin-precios-avicolas-19-de-agosto
[FULL_3_ADA] t= 885.4s | pag=989 | files=1111 | data=  1 | cola= 175 | prio=10 | https://www.adascz.com.bo/boletin-precios/boletin-precios-avicolas-18-de-agosto
[FULL_3_ADA] t= 886.5s | pag=990 | files=1111 | data=  1 | cola= 174 | prio=10 | https://www.adascz.com.bo/boletin-precios/boletin-precios-avicolas-17-de-agosto
[FULL_3_ADA] t= 887.3s | pag=991 | files=1111 | data=  1 | cola= 173 | prio=10 | https://www.adascz.com.bo/boletin-precios/boletin-precios-avicolas-16-de-agosto
[FULL_3_ADA] t= 888.3s | pag=992 | files=1111 | data=  1 | cola= 172 | prio=10 | https://www.adascz.com.bo/boletin-precios/boletin-precios-avicolas-15-de-agosto
[FULL_3_ADA] t= 889.2s | pag=993 | files=1111 | data=  1 | cola= 171 | prio=10 | https://www.adascz.com.bo/boletin-precios/boletin-precios-avicolas-12-de-agosto
[FULL_3_ADA] t= 889.9s | pag=994 | files=1111 | data=  1 | cola= 170 | prio=10 | https://www.adascz.com.bo/boletin-precios/boletin-precios-avicolas-11-de-agosto
[FULL_3_ADA] t= 890.6s | pag=995 | files=1111 | data=  1 | cola= 169 | prio=10 | https://www.adascz.com.bo/boletin-precios/boletin-precios-avicolas-10-de-agosto
[FULL_3_ADA] t= 891.3s | pag=996 | files=1111 | data=  1 | cola= 168 | prio=10 | https://www.adascz.com.bo/boletin-precios/boletin-precios-avicolas-05-de-agosto
[FULL_3_ADA] t= 891.9s | pag=997 | files=1111 | data=  1 | cola= 167 | prio=10 | https://www.adascz.com.bo/boletin-precios/boletin-precios-avicolas-04-de-agosto
[FULL_3_ADA] t= 892.8s | pag=998 | files=1111 | data=  1 | cola= 166 | prio=10 | https://www.adascz.com.bo/boletin-precios/boletin-precios-avicolas-03-de-agosto
[FULL_3_ADA] t= 893.9s | pag=999 | files=1111 | data=  1 | cola= 165 | prio=10 | https://www.adascz.com.bo/boletin-precios/boletin-precios-avicolas-02-de-agosto
[FULL_3_ADA] t= 894.6s | pag=1000 | files=1111 | data=  1 | cola= 164 | prio=10 | https://www.adascz.com.bo/boletin-precios/boletin-precios-avicolas-01-de-agosto
[FULL_3_ADA] t= 895.3s | pag=1001 | files=1111 | data=  1 | cola= 163 | prio=10 | https://www.adascz.com.bo/boletin-precios/boletin-precios-avicolas-29-de-julio
[FULL_3_ADA] t= 896.0s | pag=1002 | files=1111 | data=  1 | cola= 162 | prio=10 | https://www.adascz.com.bo/boletin-precios/boletin-precios-avicolas-28-de-julio
[FULL_3_ADA] t= 896.8s | pag=1003 | files=1111 | data=  1 | cola= 161 | prio=10 | https://www.adascz.com.bo/boletin-precios/boletin-precios-avicolas-27-de-julio
[FULL_3_ADA] t= 897.9s | pag=1004 | files=1111 | data=  1 | cola= 160 | prio=10 | https://www.adascz.com.bo/boletin-precios/boletin-precios-avicolas-26-de-julio
[FULL_3_ADA] t= 898.6s | pag=1005 | files=1111 | data=  1 | cola= 159 | prio=10 | https://www.adascz.com.bo/boletin-precios/boletin-precios-avicolas-22-de-julio
[FULL_3_ADA] t= 899.2s | pag=1006 | files=1111 | data=  1 | cola= 158 | prio=10 | https://www.adascz.com.bo/boletin-precios/boletin-precios-avicolas-21-de-julio
[FULL_3_ADA] t= 899.8s | pag=1007 | files=1111 | data=  1 | cola= 157 | prio=10 | https://www.adascz.com.bo/boletin-precios/boletin-precios-avicolas-20-de-julio
[FULL_3_ADA] t= 901.1s | pag=1008 | files=1111 | data=  1 | cola= 156 | prio=10 | https://www.adascz.com.bo/boletin-precios/boletin-precios-avicolas-19-de-julio
[FULL_3_ADA] t= 902.0s | pag=1009 | files=1111 | data=  1 | cola= 155 | prio=10 | https://www.adascz.com.bo/boletin-precios/boletin-precios-avicolas-18-de-julio
[FULL_3_ADA] t= 903.0s | pag=1010 | files=1111 | data=  1 | cola= 154 | prio=10 | https://www.adascz.com.bo/boletin-precios/boletin-precios-avicolas-15-de-julio
[FULL_3_ADA] t= 903.9s | pag=1011 | files=1111 | data=  1 | cola= 153 | prio=10 | https://www.adascz.com.bo/boletin-precios/boletin-precios-avicolas-14-de-julio
[FULL_3_ADA] t= 904.6s | pag=1012 | files=1111 | data=  1 | cola= 152 | prio=10 | https://www.adascz.com.bo/boletin-precios/boletin-precios-avicolas-13-de-julio
[FULL_3_ADA] t= 905.7s | pag=1013 | files=1111 | data=  1 | cola= 151 | prio=10 | https://www.adascz.com.bo/boletin-precios/boletin-precios-avicolas-12-de-julio
[FULL_3_ADA] t= 906.8s | pag=1014 | files=1111 | data=  1 | cola= 150 | prio=10 | https://www.adascz.com.bo/boletin-precios/boletin-precios-avicolas-11-de-julio
[FULL_3_ADA] t= 907.4s | pag=1015 | files=1111 | data=  1 | cola= 149 | prio=10 | https://www.adascz.com.bo/boletin-precios/boletin-precios-avicolas-08-de-julio
[FULL_3_ADA] t= 908.5s | pag=1016 | files=1111 | data=  1 | cola= 148 | prio=10 | https://www.adascz.com.bo/boletin-precios/boletin-precios-avicolas-07-de-julio
[FULL_3_ADA] t= 909.2s | pag=1017 | files=1111 | data=  1 | cola= 147 | prio=10 | https://www.adascz.com.bo/boletin-precios/boletin-precios-avicolas-06-de-julio
[FULL_3_ADA] t= 909.9s | pag=1018 | files=1111 | data=  1 | cola= 146 | prio=10 | https://www.adascz.com.bo/boletin-precios/boletin-precios-avicolas-05-de-julio
[FULL_3_ADA] t= 911.3s | pag=1019 | files=1111 | data=  1 | cola= 145 | prio=10 | https://www.adascz.com.bo/boletin-precios/boletin-precios-avicolas-04-de-julio
[FULL_3_ADA] t= 912.3s | pag=1020 | files=1111 | data=  1 | cola= 144 | prio=10 | https://www.adascz.com.bo/boletin-precios/boletin-precios-avicolas-01-de-julio
[FULL_3_ADA] t= 913.3s | pag=1021 | files=1111 | data=  1 | cola= 143 | prio=10 | https://www.adascz.com.bo/boletin-precios/boletin-precios-avicolas-30-de-junio
[FULL_3_ADA] t= 914.2s | pag=1022 | files=1111 | data=  1 | cola= 142 | prio=10 | https://www.adascz.com.bo/boletin-precios/boletin-precios-avicolas-29-de-junio
[FULL_3_ADA] t= 915.3s | pag=1023 | files=1111 | data=  1 | cola= 141 | prio=10 | https://www.adascz.com.bo/boletin-precios/boletin-precios-avicolas-28-de-junio
[FULL_3_ADA] t= 916.1s | pag=1024 | files=1111 | data=  1 | cola= 140 | prio=10 | https://www.adascz.com.bo/boletin-precios/boletin-precios-avicolas-27-de-junio
[FULL_3_ADA] t= 916.9s | pag=1025 | files=1111 | data=  1 | cola= 139 | prio=10 | https://www.adascz.com.bo/boletin-precios/boletin-precios-avicolas-24-de-junio
[FULL_3_ADA] t= 918.7s | pag=1026 | files=1111 | data=  1 | cola= 138 | prio=10 | https://www.adascz.com.bo/boletin-precios/boletin-precios-avicolas-23-de-junio
[FULL_3_ADA] t= 919.3s | pag=1027 | files=1111 | data=  1 | cola= 137 | prio=10 | https://www.adascz.com.bo/boletin-precios/boletin-precios-avicolas-22-de-junio
[FULL_3_ADA] t= 920.2s | pag=1028 | files=1111 | data=  1 | cola= 136 | prio=10 | https://www.adascz.com.bo/boletin-precios/boletin-precios-avicolas-20-de-junio
[FULL_3_ADA] t= 921.1s | pag=1029 | files=1111 | data=  1 | cola= 135 | prio=10 | https://www.adascz.com.bo/boletin-precios/boletin-precios-avicolas-17-de-junio
[FULL_3_ADA] t= 921.9s | pag=1030 | files=1111 | data=  1 | cola= 134 | prio=10 | https://www.adascz.com.bo/boletin-precios/boletin-precios-avicolas-15-de-junio
[FULL_3_ADA] t= 922.9s | pag=1031 | files=1111 | data=  1 | cola= 133 | prio=10 | https://www.adascz.com.bo/boletin-precios/boletin-precios-avicolas-14-de-junio-2
[FULL_3_ADA] t= 923.7s | pag=1032 | files=1111 | data=  1 | cola= 132 | prio=10 | https://www.adascz.com.bo/boletin-precios/boletin-precios-avicolas-13-de-junio
[FULL_3_ADA] t= 926.0s | pag=1033 | files=1111 | data=  1 | cola= 131 | prio=10 | https://www.adascz.com.bo/boletin-precios/boletin-precios-avicolas-10-de-junio
[FULL_3_ADA] t= 927.1s | pag=1034 | files=1111 | data=  1 | cola= 130 | prio=10 | https://www.adascz.com.bo/boletin-precios/boletin-precios-avicolas-09-de-junio
[FULL_3_ADA] t= 927.8s | pag=1035 | files=1111 | data=  1 | cola= 129 | prio=10 | https://www.adascz.com.bo/boletin-precios/boletin-precios-avicolas-08-de-junio
[FULL_3_ADA] t= 928.7s | pag=1036 | files=1111 | data=  1 | cola= 128 | prio=10 | https://www.adascz.com.bo/boletin-precios/boletin-precios-avicolas-07-de-junio
[FULL_3_ADA] t= 929.6s | pag=1037 | files=1111 | data=  1 | cola= 127 | prio=10 | https://www.adascz.com.bo/boletin-precios/boletin-precios-avicolas-06-de-junio
[FULL_3_ADA] t= 930.6s | pag=1037 | files=1111 | data=  1 | cola= 126 | prio=10 | https://www.adascz.com.bo/boletin-precios/boletin-precios-avicolas-03-de-junio
[FULL_3_ADA] t= 932.3s | pag=1038 | files=1111 | data=  1 | cola= 125 | prio=10 | https://www.adascz.com.bo/boletin-precios/boletin-precios-avicolas-02-de-junio
[FULL_3_ADA] t= 933.2s | pag=1039 | files=1111 | data=  1 | cola= 124 | prio=10 | https://www.adascz.com.bo/boletin-precios/boletin-precios-avicolas-01-de-junio
[FULL_3_ADA] t= 933.9s | pag=1040 | files=1111 | data=  1 | cola= 123 | prio=10 | https://www.adascz.com.bo/boletin-precios/boletin-precios-avicolas-31-de-mayo
[FULL_3_ADA] t= 934.9s | pag=1041 | files=1111 | data=  1 | cola= 122 | prio=10 | https://www.adascz.com.bo/boletin-precios/boletin-precios-avicolas-30-de-mayo
[FULL_3_ADA] t= 936.0s | pag=1042 | files=1111 | data=  1 | cola= 121 | prio=10 | https://www.adascz.com.bo/boletin-precios/boletin-precios-avicolas-27-de-mayo
[FULL_3_ADA] t= 937.1s | pag=1043 | files=1111 | data=  1 | cola= 120 | prio=10 | https://www.adascz.com.bo/boletin-precios/boletin-precios-avicolas-26-de-mayo
[FULL_3_ADA] t= 938.2s | pag=1044 | files=1111 | data=  1 | cola= 119 | prio=10 | https://www.adascz.com.bo/boletin-precios/boletin-precios-avicolas-25-de-mayo
[FULL_3_ADA] t= 939.3s | pag=1045 | files=1111 | data=  1 | cola= 118 | prio=10 | https://www.adascz.com.bo/boletin-precios/boletin-precios-avicolas-24-de-mayo
[FULL_3_ADA] t= 940.3s | pag=1046 | files=1111 | data=  1 | cola= 117 | prio=10 | https://www.adascz.com.bo/boletin-precios/boletin-precios-avicolas-23-de-mayo
[FULL_3_ADA] t= 941.4s | pag=1047 | files=1111 | data=  1 | cola= 116 | prio=10 | https://www.adascz.com.bo/boletin-precios/boletin-precios-avicolas-20-de-mayo
[FULL_3_ADA] t= 942.1s | pag=1048 | files=1111 | data=  1 | cola= 115 | prio=10 | https://www.adascz.com.bo/boletin-precios/boletin-precios-avicolas-19-de-mayo
[FULL_3_ADA] t= 943.3s | pag=1049 | files=1111 | data=  1 | cola= 114 | prio=10 | https://www.adascz.com.bo/boletin-precios/boletin-precios-avicolas-18-de-mayo
[FULL_3_ADA] t= 943.9s | pag=1050 | files=1111 | data=  1 | cola= 113 | prio=10 | https://www.adascz.com.bo/boletin-precios/boletin-precios-avicolas-17-de-mayo
[FULL_3_ADA] t= 944.5s | pag=1051 | files=1111 | data=  1 | cola= 112 | prio=10 | https://www.adascz.com.bo/boletin-precios/boletin-precios-avicolas-16-de-mayo
[FULL_3_ADA] t= 945.4s | pag=1052 | files=1111 | data=  1 | cola= 111 | prio=10 | https://www.adascz.com.bo/boletin-precios/boletin-precios-avicolas-13-de-mayo
[FULL_3_ADA] t= 946.3s | pag=1053 | files=1111 | data=  1 | cola= 110 | prio=10 | https://www.adascz.com.bo/boletin-precios/boletin-precios-avicolas-12-de-mayo
[FULL_3_ADA] t= 946.9s | pag=1054 | files=1111 | data=  1 | cola= 109 | prio=10 | https://www.adascz.com.bo/boletin-precios/boletin-precios-avicolas-11-de-mayo
[FULL_3_ADA] t= 948.0s | pag=1055 | files=1111 | data=  1 | cola= 108 | prio=10 | https://www.adascz.com.bo/boletin-precios/boletin-precios-avicolas-10-de-mayo
[FULL_3_ADA] t= 948.6s | pag=1056 | files=1111 | data=  1 | cola= 107 | prio=10 | https://www.adascz.com.bo/boletin-precios/boletin-precios-avicolas-09-de-mayo
[FULL_3_ADA] t= 949.5s | pag=1057 | files=1111 | data=  1 | cola= 106 | prio=10 | https://www.adascz.com.bo/boletin-precios/boletin-precios-avicolas-06-de-mayo
[FULL_3_ADA] t= 950.4s | pag=1058 | files=1111 | data=  1 | cola= 105 | prio=10 | https://www.adascz.com.bo/boletin-precios/boletin-precios-avicolas-05-de-mayo
[FULL_3_ADA] t= 951.3s | pag=1059 | files=1111 | data=  1 | cola= 104 | prio=10 | https://www.adascz.com.bo/boletin-precios/boletin-precios-avicolas-04-de-mayo
[FULL_3_ADA] t= 952.2s | pag=1060 | files=1111 | data=  1 | cola= 103 | prio=10 | https://www.adascz.com.bo/boletin-precios/boletin-precios-avicolas-3-de-mayo
[FULL_3_ADA] t= 953.1s | pag=1061 | files=1111 | data=  1 | cola= 102 | prio=10 | https://www.adascz.com.bo/boletin-precios/boletin-precios-avicolas-29-de-abril
[FULL_3_ADA] t= 953.7s | pag=1062 | files=1111 | data=  1 | cola= 101 | prio=10 | https://www.adascz.com.bo/boletin-precios/boletin-precios-avicolas-28-de-abril-2
[FULL_3_ADA] t= 954.5s | pag=1063 | files=1111 | data=  1 | cola= 100 | prio=10 | https://www.adascz.com.bo/boletin-precios/boletin-precios-avicolas-27-de-abril
[FULL_3_ADA] t= 955.2s | pag=1064 | files=1111 | data=  1 | cola=  99 | prio=10 | https://www.adascz.com.bo/boletin-precios/boletin-precios-avicolas-26-de-abril
[FULL_3_ADA] t= 956.3s | pag=1065 | files=1111 | data=  1 | cola=  98 | prio=10 | https://www.adascz.com.bo/boletin-precios/boletin-precios-avicolas-25-de-abril
[FULL_3_ADA] t= 957.2s | pag=1066 | files=1111 | data=  1 | cola=  97 | prio=10 | https://www.adascz.com.bo/boletin-precios/boletin-precios-avicolas-22-de-abril
[FULL_3_ADA] t= 957.8s | pag=1067 | files=1111 | data=  1 | cola=  96 | prio=10 | https://www.adascz.com.bo/boletin-precios/boletin-precios-avicolas-21-de-abril-2
[FULL_3_ADA] t= 958.5s | pag=1068 | files=1111 | data=  1 | cola=  95 | prio=10 | https://www.adascz.com.bo/boletin-precios/boletin-precios-avicolas-20-de-abril
[FULL_3_ADA] t= 959.3s | pag=1069 | files=1111 | data=  1 | cola=  94 | prio=10 | https://www.adascz.com.bo/boletin-precios/boletin-precios-avicolas-19-de-abril
[FULL_3_ADA] t= 960.1s | pag=1070 | files=1111 | data=  1 | cola=  93 | prio=10 | https://www.adascz.com.bo/boletin-precios/boletin-precios-avicolas-18-de-abril
[FULL_3_ADA] t= 961.0s | pag=1071 | files=1111 | data=  1 | cola=  92 | prio=10 | https://www.adascz.com.bo/boletin-precios/boletin-precios-avicolas-14-de-abril
[FULL_3_ADA] t= 961.7s | pag=1072 | files=1111 | data=  1 | cola=  91 | prio=10 | https://www.adascz.com.bo/boletin-precios/boletin-precios-avicolas-13-de-abril
[FULL_3_ADA] t= 962.3s | pag=1073 | files=1111 | data=  1 | cola=  90 | prio=10 | https://www.adascz.com.bo/boletin-precios/boletin-precios-avicolas-12-de-abril
[FULL_3_ADA] t= 963.3s | pag=1074 | files=1111 | data=  1 | cola=  89 | prio=10 | https://www.adascz.com.bo/boletin-precios/boletin-precios-avicolas-11-de-abril
[FULL_3_ADA] t= 963.9s | pag=1075 | files=1111 | data=  1 | cola=  88 | prio=10 | https://www.adascz.com.bo/boletin-precios/boletin-precios-avicolas-08-de-abril
[FULL_3_ADA] t= 964.6s | pag=1076 | files=1111 | data=  1 | cola=  87 | prio=10 | https://www.adascz.com.bo/boletin-precios/boletin-precios-avicolas-07-de-abril
[FULL_3_ADA] t= 965.6s | pag=1077 | files=1111 | data=  1 | cola=  86 | prio=10 | https://www.adascz.com.bo/boletin-precios/boletin-precios-avicolas-06-de-abril
[FULL_3_ADA] t= 966.7s | pag=1078 | files=1111 | data=  1 | cola=  85 | prio=10 | https://www.adascz.com.bo/boletin-precios/boletin-precios-avicolas-05-de-abril
[FULL_3_ADA] t= 967.5s | pag=1079 | files=1111 | data=  1 | cola=  84 | prio=10 | https://www.adascz.com.bo/boletin-precios/boletin-precios-avicolas-04-de-abril
[FULL_3_ADA] t= 968.2s | pag=1080 | files=1111 | data=  1 | cola=  83 | prio=10 | https://www.adascz.com.bo/boletin-precios/boletin-precios-avicolas-01-de-abril
[FULL_3_ADA] t= 969.1s | pag=1081 | files=1111 | data=  1 | cola=  82 | prio=10 | https://www.adascz.com.bo/boletin-precios/boletin-precios-avicolas-31-de-marzo
[FULL_3_ADA] t= 970.3s | pag=1082 | files=1111 | data=  1 | cola=  81 | prio=10 | https://www.adascz.com.bo/boletin-precios/boletin-precios-avicolas-30-de-marzo
[FULL_3_ADA] t= 971.3s | pag=1083 | files=1111 | data=  1 | cola=  80 | prio=10 | https://www.adascz.com.bo/boletin-precios/boletin-precios-avicolas-29-de-marzo
[FULL_3_ADA] t= 972.3s | pag=1084 | files=1111 | data=  1 | cola=  79 | prio=10 | https://www.adascz.com.bo/boletin-precios/boletin-precios-avicolas-28-de-marzo
[FULL_3_ADA] t= 973.4s | pag=1085 | files=1111 | data=  1 | cola=  78 | prio=10 | https://www.adascz.com.bo/boletin-precios/boletin-precios-avicolas-25-de-marzo
[FULL_3_ADA] t= 974.0s | pag=1086 | files=1111 | data=  1 | cola=  77 | prio=10 | https://www.adascz.com.bo/boletin-precios/boletin-precios-avicolas-24-de-marzo
[FULL_3_ADA] t= 974.9s | pag=1087 | files=1111 | data=  1 | cola=  76 | prio=10 | https://www.adascz.com.bo/boletin-precios/boletin-precios-avicolas-23-de-marzo
[FULL_3_ADA] t= 975.8s | pag=1088 | files=1111 | data=  1 | cola=  75 | prio=10 | https://www.adascz.com.bo/boletin-precios/boletin-precios-avicolas-22-de-marzo
[FULL_3_ADA] t= 976.6s | pag=1089 | files=1111 | data=  1 | cola=  74 | prio=10 | https://www.adascz.com.bo/boletin-precios/boletin-precios-avicolas-21-de-marzo-2
[FULL_3_ADA] t= 977.8s | pag=1090 | files=1111 | data=  1 | cola=  73 | prio=10 | https://www.adascz.com.bo/boletin-precios/boletin-precios-avicolas-21-de-marzo
[FULL_3_ADA] t= 978.4s | pag=1091 | files=1111 | data=  1 | cola=  72 | prio=10 | https://www.adascz.com.bo/boletin-precios/boletin-precios-avicolas-18-de-marzo
[FULL_3_ADA] t= 979.1s | pag=1092 | files=1111 | data=  1 | cola=  71 | prio=10 | https://www.adascz.com.bo/boletin-precios/boletin-precios-avicolas-17-de-marzo
[FULL_3_ADA] t= 980.1s | pag=1093 | files=1111 | data=  1 | cola=  70 | prio=10 | https://www.adascz.com.bo/boletin-precios/boletin-precios-avicolas-16-de-marzo
[FULL_3_ADA] t= 980.9s | pag=1094 | files=1111 | data=  1 | cola=  69 | prio=10 | https://www.adascz.com.bo/boletin-precios/boletin-precios-avicolas-15-de-marzo
[FULL_3_ADA] t= 981.8s | pag=1095 | files=1111 | data=  1 | cola=  68 | prio=10 | https://www.adascz.com.bo/boletin-precios/boletin-precios-avicolas-14-de-marzo
[FULL_3_ADA] t= 982.7s | pag=1096 | files=1111 | data=  1 | cola=  67 | prio=10 | https://www.adascz.com.bo/boletin-precios/boletin-precios-avicolas-11-de-marzo
[FULL_3_ADA] t= 983.3s | pag=1097 | files=1111 | data=  1 | cola=  66 | prio=10 | https://www.adascz.com.bo/boletin-precios/boletin-precios-avicolas-10-de-marzo
[FULL_3_ADA] t= 984.0s | pag=1098 | files=1111 | data=  1 | cola=  65 | prio=10 | https://www.adascz.com.bo/boletin-precios/boletin-precios-avicolas-9-de-marzo
[FULL_3_ADA] t= 985.0s | pag=1099 | files=1111 | data=  1 | cola=  64 | prio=10 | https://www.adascz.com.bo/boletin-precios/boletin-precios-avicolas-8-de-marzo
[FULL_3_ADA] t= 985.8s | pag=1100 | files=1111 | data=  1 | cola=  63 | prio=10 | https://www.adascz.com.bo/boletin-precios/boletin-precios-avicolas-7-de-marzo
[FULL_3_ADA] t= 986.5s | pag=1101 | files=1111 | data=  1 | cola=  62 | prio=10 | https://www.adascz.com.bo/boletin-precios/boletin-precios-avicolas-3-de-marzo
[FULL_3_ADA] t= 987.1s | pag=1102 | files=1111 | data=  1 | cola=  61 | prio=10 | https://www.adascz.com.bo/boletin-precios/boletin-precios-avicolas-2-de-marzo
[FULL_3_ADA] t= 988.0s | pag=1103 | files=1111 | data=  1 | cola=  60 | prio=10 | https://www.adascz.com.bo/boletin-precios/boletin-precios-avicolas-25-de-febrero
[FULL_3_ADA] t= 989.0s | pag=1104 | files=1111 | data=  1 | cola=  59 | prio=10 | https://www.adascz.com.bo/boletin-precios/boletin-precios-avicolas-24-de-febrero
[FULL_3_ADA] t= 990.0s | pag=1105 | files=1111 | data=  1 | cola=  58 | prio=10 | https://www.adascz.com.bo/boletin-precios/boletin-precios-avicolas-23-de-febrero
[FULL_3_ADA] t= 990.6s | pag=1106 | files=1111 | data=  1 | cola=  57 | prio=10 | https://www.adascz.com.bo/boletin-precios/boletin-precios-avicolas-22-de-febrero
[FULL_3_ADA] t= 991.5s | pag=1107 | files=1111 | data=  1 | cola=  56 | prio=10 | https://www.adascz.com.bo/boletin-precios/boletin-precios-avicolas-21-de-febrero
[FULL_3_ADA] t= 992.4s | pag=1108 | files=1111 | data=  1 | cola=  55 | prio=10 | https://www.adascz.com.bo/boletin-precios/boletin-precios-avicolas-18-de-febrero
[FULL_3_ADA] t= 993.4s | pag=1109 | files=1111 | data=  1 | cola=  54 | prio=10 | https://www.adascz.com.bo/boletin-precios/boletin-precios-avicolas-17-de-febrero
[FULL_3_ADA] t= 994.6s | pag=1110 | files=1111 | data=  1 | cola=  53 | prio=10 | https://www.adascz.com.bo/boletin-precios/boletin-precios-avicolas-16-de-febrero
[FULL_3_ADA] t= 995.6s | pag=1111 | files=1111 | data=  1 | cola=  52 | prio=10 | https://www.adascz.com.bo/boletin-precios/boletin-precios-avicolas-15-de-febrero
[FULL_3_ADA] t= 996.2s | pag=1112 | files=1111 | data=  1 | cola=  51 | prio=10 | https://www.adascz.com.bo/boletin-precios/boletin-precios-avicolas-14-de-febrero
[FULL_3_ADA] t= 996.8s | pag=1113 | files=1111 | data=  1 | cola=  50 | prio=10 | https://www.adascz.com.bo/boletin-precios/boletin-precios-avicolas-11-de-febrero
[FULL_3_ADA] t= 998.1s | pag=1114 | files=1111 | data=  1 | cola=  49 | prio=10 | https://www.adascz.com.bo/boletin-precios/boletin-precios-avicolas-10-de-febrero
[FULL_3_ADA] t= 999.1s | pag=1115 | files=1111 | data=  1 | cola=  48 | prio=10 | https://www.adascz.com.bo/boletin-precios/boletin-precios-avicolas-09-de-febrero
[FULL_3_ADA] t= 999.7s | pag=1116 | files=1111 | data=  1 | cola=  47 | prio=10 | https://www.adascz.com.bo/boletin-precios/boletin-precios-avicolas-08-de-febrero
[FULL_3_ADA] t=1000.7s | pag=1117 | files=1111 | data=  1 | cola=  46 | prio=10 | https://www.adascz.com.bo/boletin-precios/boletin-precios-avicolas-07-de-febrero
[FULL_3_ADA] t=1001.3s | pag=1118 | files=1111 | data=  1 | cola=  45 | prio=10 | https://www.adascz.com.bo/boletin-precios/boletin-precios-avicolas-04-de-febrero
[FULL_3_ADA] t=1001.9s | pag=1119 | files=1111 | data=  1 | cola=  44 | prio=10 | https://www.adascz.com.bo/boletin-precios/boletin-precios-avicolas-03-de-febrero
[FULL_3_ADA] t=1002.7s | pag=1120 | files=1111 | data=  1 | cola=  43 | prio=10 | https://www.adascz.com.bo/boletin-precios/boletin-precios-avicolas-02-de-febrero
[FULL_3_ADA] t=1003.3s | pag=1121 | files=1111 | data=  1 | cola=  42 | prio=10 | https://www.adascz.com.bo/boletin-precios/boletin-precios-avicolas-01-de-febrero
[FULL_3_ADA] t=1004.3s | pag=1122 | files=1111 | data=  1 | cola=  41 | prio=10 | https://www.adascz.com.bo/boletin-precios/boletin-precios-avicolas-31-de-enero
[FULL_3_ADA] t=1004.9s | pag=1123 | files=1111 | data=  1 | cola=  40 | prio=10 | https://www.adascz.com.bo/boletin-precios/boletin-precios-avicolas-28-de-enero
[FULL_3_ADA] t=1006.0s | pag=1124 | files=1111 | data=  1 | cola=  39 | prio=10 | https://www.adascz.com.bo/boletin-precios/boletin-precios-avicolas-27-de-enero
[FULL_3_ADA] t=1006.8s | pag=1125 | files=1111 | data=  1 | cola=  38 | prio=10 | https://www.adascz.com.bo/boletin-precios/boletin-precios-avicolas
[FULL_3_ADA] t=1007.7s | pag=1126 | files=1111 | data=  1 | cola=  37 | prio=10 | https://www.adascz.com.bo/publicaciones/recetas?catid=9&id=32&view=article
[FULL_3_ADA] t=1008.3s | pag=1127 | files=1111 | data=  1 | cola=  36 | prio=10 | https://www.adascz.com.bo/publicaciones/recetas?catid=9&id=31&view=article
[FULL_3_ADA] t=1009.2s | pag=1128 | files=1111 | data=  1 | cola=  35 | prio=10 | https://www.adascz.com.bo/publicaciones/recetas?catid=9&id=30&view=article
[FULL_3_ADA] t=1010.4s | pag=1129 | files=1111 | data=  1 | cola=  34 | prio=10 | https://www.adascz.com.bo/publicaciones/recetas?catid=9&id=29&view=article
[FULL_3_ADA] t=1011.2s | pag=1130 | files=1111 | data=  1 | cola=  33 | prio=10 | https://www.adascz.com.bo/publicaciones/notas-de-prensa?start=6
[FULL_3_ADA] t=1012.0s | pag=1131 | files=1111 | data=  1 | cola=  38 | prio=10 | https://www.adascz.com.bo/publicaciones/notas-de-prensa?start=12
[FULL_3_ADA] t=1012.9s | pag=1132 | files=1111 | data=  1 | cola=  43 | prio=10 | https://www.adascz.com.bo/publicaciones/notas-de-prensa?start=18
[FULL_3_ADA] t=1013.9s | pag=1133 | files=1111 | data=  1 | cola=  48 | prio=10 | https://www.adascz.com.bo/publicaciones/notas-de-prensa?start=24
[FULL_3_ADA] t=1014.9s | pag=1134 | files=1111 | data=  1 | cola=  53 | prio=10 | https://www.adascz.com.bo/publicaciones/notas-de-prensa?start=30
[FULL_3_ADA] t=1015.5s | pag=1135 | files=1111 | data=  1 | cola=  58 | prio=10 | https://www.adascz.com.bo/publicaciones/notas-de-prensa?start=36
[FULL_3_ADA] t=1016.8s | pag=1136 | files=1111 | data=  1 | cola=  63 | prio=10 | https://www.adascz.com.bo/publicaciones/notas-de-prensa?start=42
[FULL_3_ADA] t=1017.7s | pag=1137 | files=1111 | data=  1 | cola=  68 | prio=10 | https://www.adascz.com.bo/publicaciones/notas-de-prensa?start=48
[FULL_3_ADA] t=1018.6s | pag=1138 | files=1111 | data=  1 | cola=  69 | prio=10 | https://www.adascz.com.bo/publicaciones/notas-de-prensa/celebracion-del-dia-mundial-de-la-alimentacion-una-jornada-educativa-nutritiva-y-llena-de-compromiso-interinstitucional
[FULL_3_ADA] t=1019.7s | pag=1139 | files=1111 | data=  1 | cola=  68 | prio=10 | https://www.adascz.com.bo/publicaciones/notas-de-prensa/convenio-estrategico-entre-ada-y-puntomaq-busca-soluciones-energeticas-para-el-sector-avicola-cruceno
[FULL_3_ADA] t=1020.3s | pag=1140 | files=1111 | data=  1 | cola=  67 | prio=10 | https://www.adascz.com.bo/publicaciones/notas-de-prensa/bolivia-conmemora-el-dia-latinoamericano-de-la-carne-de-pollo-destacando-su-valor-nutricional-economico-y-social
[FULL_3_ADA] t=1021.3s | pag=1141 | files=1111 | data=  1 | cola=  66 | prio=10 | https://www.adascz.com.bo/publicaciones/notas-de-prensa/enzo-landivar-asume-la-presidencia-de-ada-de-santa-cruz
[FULL_3_ADA] t=1022.0s | pag=1142 | files=1111 | data=  1 | cola=  65 | prio=10 | https://www.adascz.com.bo/publicaciones/notas-de-prensa/cierre-exitoso-del-i-seminario-internacional-de-bioseguridad-y-productividad-avicola
[FULL_3_ADA] t=1022.8s | pag=1143 | files=1111 | data=  1 | cola=  64 | prio=10 | https://www.adascz.com.bo/publicaciones/notas-de-prensa/ada-invita-a-vivir-la-experiencia-avicola-en-agropecruz
[FULL_3_ADA] t=1023.5s | pag=1144 | files=1111 | data=  1 | cola=  63 | prio=10 | https://www.adascz.com.bo/publicaciones/notas-de-prensa/ada-elige-a-enzo-landivar-como-su-presidente-para-la-gestion-2025-2027
[FULL_3_ADA] t=1024.5s | pag=1145 | files=1111 | data=  1 | cola=  62 | prio=10 | https://www.adascz.com.bo/publicaciones/notas-de-prensa/santa-cruz-sera-sede-del-i-seminario-internacional-de-bioseguridad-y-productividad-avicola
[FULL_3_ADA] t=1025.2s | pag=1146 | files=1111 | data=  1 | cola=  61 | prio=10 | https://www.adascz.com.bo/publicaciones/notas-de-prensa/ada-y-la-universidad-evangelica-firman-convenio-para-impulsar-investigaciones-y-actividades-en-salud-y-nutricion
[FULL_3_ADA] t=1026.3s | pag=1147 | files=1111 | data=  1 | cola=  60 | prio=10 | https://www.adascz.com.bo/publicaciones/notas-de-prensa/avicultores-continuan-en-emergencia-precio-de-granos-y-escasez-de-dolares-condicionan-la-produccion-de-pollo
[FULL_3_ADA] t=1027.3s | pag=1148 | files=1111 | data=  1 | cola=  59 | prio=10 | https://www.adascz.com.bo/publicaciones/notas-de-prensa/ada-abre-ciclo-de-capacitaciones-para-avicultores-y-personal-operativo-de-granjas-de-produccion-de-huevos
[FULL_3_ADA] t=1027.9s | pag=1149 | files=1111 | data=  1 | cola=  58 | prio=10 | https://www.adascz.com.bo/publicaciones/notas-de-prensa/evaluacion-del-sector-avicultores-cierran-un-ano-complicado-por-costos-de-produccion-elevados-y-escasez-de-insumos
[FULL_3_ADA] t=1028.6s | pag=1150 | files=1111 | data=  1 | cola=  57 | prio=10 | https://www.adascz.com.bo/publicaciones/notas-de-prensa/instituciones-inauguran-charlas-sobre-el-huevo-en-unidades-educativas
[FULL_3_ADA] t=1029.3s | pag=1151 | files=1111 | data=  1 | cola=  56 | prio=10 | https://www.adascz.com.bo/publicaciones/notas-de-prensa/se-celebra-el-dia-mundial-del-huevo-uno-de-los-alimentos-mas-nutritivos-y-versatiles-del-planeta
[FULL_3_ADA] t=1030.2s | pag=1152 | files=1111 | data=  1 | cola=  55 | prio=10 | https://www.adascz.com.bo/publicaciones/notas-de-prensa/con-el-monitoreo-en-aves-de-traspatio-y-silvestres-arranca-en-santa-cruz-el-programa-de-control-y-erradicacion-de-newcastle-e-influenza-aviar
[FULL_3_ADA] t=1031.0s | pag=1153 | files=1111 | data=  1 | cola=  54 | prio=10 | https://www.adascz.com.bo/publicaciones/notas-de-prensa/finaliza-con-exito-la-primera-capacitacion-y-concienciacion-sobre-la-ram-resistencia-a-los-antimicrobianos
[FULL_3_ADA] t=1032.1s | pag=1154 | files=1111 | data=  1 | cola=  53 | prio=10 | https://www.adascz.com.bo/publicaciones/notas-de-prensa/ada-y-el-colegio-de-nutricionistas-suscriben-convenio-para-promover-la-alimentacion-saludable
[FULL_3_ADA] t=1032.9s | pag=1155 | files=1111 | data=  1 | cola=  52 | prio=10 | https://www.adascz.com.bo/publicaciones/notas-de-prensa/evaluacion-semestral-ada-advierte-menor-produccion-de-pollo-y-huevo
[FULL_3_ADA] t=1033.6s | pag=1156 | files=1111 | data=  1 | cola=  51 | prio=10 | https://www.adascz.com.bo/publicaciones/notas-de-prensa/dia-latinoamericano-de-la-carne-de-pollo-la-proteina-mas-consumida-entre-los-bolivianos
[FULL_3_ADA] t=1034.6s | pag=1157 | files=1111 | data=  1 | cola=  50 | prio=10 | https://www.adascz.com.bo/publicaciones/notas-de-prensa/profesionales-postulan-para-acreditarse-como-responsables-sanitarios-de-establecimientos-avicolas
[FULL_3_ADA] t=1035.5s | pag=1158 | files=1111 | data=  1 | cola=  49 | prio=10 | https://www.adascz.com.bo/publicaciones/notas-de-prensa/exitoso-cierre-de-la-xv-jornada-nacional-de-bioseguridad-avicola
[FULL_3_ADA] t=1036.2s | pag=1159 | files=1111 | data=  1 | cola=  48 | prio=10 | https://www.adascz.com.bo/publicaciones/notas-de-prensa/ada-santa-cruz-organiza-la-xv-jornada-nacional-de-bioseguridad
[FULL_3_ADA] t=1037.0s | pag=1160 | files=1111 | data=  1 | cola=  47 | prio=10 | https://www.adascz.com.bo/publicaciones/notas-de-prensa/productores-de-huevo-lanzan-pagina-web-con-amplia-informacion-de-este-alimento
[FULL_3_ADA] t=1037.7s | pag=1161 | files=1111 | data=  1 | cola=  46 | prio=10 | https://www.adascz.com.bo/publicaciones/notas-de-prensa/ada-y-representantes-del-coda-adoptan-medidas-para-evitar-el-ingreso-de-la-gripe-aviar-desde-argentina-y-paraguay
[FULL_3_ADA] t=1038.3s | pag=1162 | files=1111 | data=  1 | cola=  45 | prio=10 | https://www.adascz.com.bo/publicaciones/notas-de-prensa/ada-santa-cruz-reelige-a-omar-castro-como-su-presidente-para-la-gestion-2023-2025
[FULL_3_ADA] t=1039.5s | pag=1163 | files=1111 | data=  1 | cola=  44 | prio=10 | https://www.adascz.com.bo/publicaciones/notas-de-prensa/influenza-aviar-ada-capacita-a-productores-avicolas-y-mataderos-artesanales-sobre-bioseguridad-y-deteccion-temprana-de-la-enfermedad
[FULL_3_ADA] t=1040.3s | pag=1164 | files=1111 | data=  1 | cola=  43 | prio=10 | https://www.adascz.com.bo/publicaciones/notas-de-prensa/alerta-por-influenza-aviar-ada-se-reune-con-representantes-de-mataderos-artesanales
[FULL_3_ADA] t=1041.0s | pag=1165 | files=1111 | data=  1 | cola=  42 | prio=10 | https://www.adascz.com.bo/publicaciones/notas-de-prensa/reunion-del-coda-ada-pide-fortalecer-puestos-de-control-para-minimizar-riegos-de-influenza-aviar
[FULL_3_ADA] t=1041.7s | pag=1166 | files=1111 | data=  1 | cola=  41 | prio=10 | https://www.adascz.com.bo/publicaciones/notas-de-prensa/ada-se-reune-con-la-gobernacion-y-alcaldia-para-coordinar-acciones-frente-a-la-alerta-sanitaria-por-influenza-aviar
[FULL_3_ADA] t=1042.8s | pag=1167 | files=1111 | data=  1 | cola=  40 | prio=10 | https://www.adascz.com.bo/publicaciones/notas-de-prensa/pecuarios-rechazan-incremento-en-el-precio-del-maiz-y-condicionamiento-de-emapa-para-la-provision-de-este-grano
[FULL_3_ADA] t=1043.4s | pag=1168 | files=1111 | data=  1 | cola=  39 | prio=10 | https://www.adascz.com.bo/publicaciones/notas-de-prensa/productores-y-trabajadores-de-granjas-afiliadas-a-ada-inician-curso-de-manejo-en-pollos-de-engorde
[FULL_3_ADA] t=1044.6s | pag=1169 | files=1111 | data=  1 | cola=  38 | prio=10 | https://www.adascz.com.bo/publicaciones/notas-de-prensa/ada-celebra-su-51-aniversario-con-la-mirada-puesta-en-la-exportacion
[FULL_3_ADA] t=1045.4s | pag=1170 | files=1111 | data=  1 | cola=  37 | prio=10 | https://www.adascz.com.bo/publicaciones/notas-de-prensa/simposio-especialistas-derriban-mitos-sobre-el-huevo-y-elogian-sus-beneficios-para-la-salud
[FULL_3_ADA] t=1046.3s | pag=1171 | files=1111 | data=  1 | cola=  36 | prio=10 | https://www.adascz.com.bo/publicaciones/notas-de-prensa/invitan-a-la-poblacion-a-participar-de-la-semana-mundial-del-huevo
[FULL_3_ADA] t=1047.1s | pag=1172 | files=1111 | data=  1 | cola=  35 | prio=10 | https://www.adascz.com.bo/publicaciones/notas-de-prensa/firman-convenio-de-cooperacion-para-promover-la-formacion-avicola-en-el-norte-cruceno
[FULL_3_ADA] t=1047.9s | pag=1173 | files=1111 | data=  1 | cola=  34 | prio=10 | https://www.adascz.com.bo/publicaciones/notas-de-prensa/ada-y-la-facultad-de-ciencias-veterinarias-y-zootecnia-de-la-uagrm-firman-convenio
[FULL_3_ADA] t=1049.1s | pag=1174 | files=1111 | data=  1 | cola=  33 | prio=10 | https://www.adascz.com.bo/publicaciones/notas-de-prensa/ada-finaliza-con-exito-el-ciclo-de-capacitaciones-para-fortalecer-la-avicultura-departamental
[FULL_3_ADA] t=1049.8s | pag=1175 | files=1111 | data=  1 | cola=  32 | prio=10 | https://www.adascz.com.bo/publicaciones/notas-de-prensa/productores-de-huevos-advierten-escasez-debido-a-la-poca-oferta-y-elevado-costo-del-maiz
[FULL_3_ADA] t=1050.7s | pag=1176 | files=1111 | data=  1 | cola=  31 | prio=10 | https://www.adascz.com.bo/publicaciones/notas-de-prensa/ada-denuncia-discriminacion-en-la-dotacion-de-cupos-de-maiz-por-parte-de-emapa
[FULL_3_ADA] t=1051.9s | pag=1177 | files=1111 | data=  1 | cola=  30 | prio=10 | https://www.adascz.com.bo/publicaciones/notas-de-prensa/sectores-pecuarios-de-santa-cruz-denuncian-incumplimiento-de-emapa-en-el-abastecimiento-de-maiz
[FULL_3_ADA] t=1052.9s | pag=1178 | files=1111 | data=  1 | cola=  29 | prio=10 | https://www.adascz.com.bo/publicaciones/notas-de-prensa/ada-cumplio-50-anos-al-servicio-del-productor-avicola-cruceno
[FULL_3_ADA] t=1053.8s | pag=1179 | files=1111 | data=  1 | cola=  28 | prio=10 | https://www.adascz.com.bo/publicaciones/notas-de-prensa/ada-pone-en-marcha-el-segundo-ciclo-de-capacitaciones-para-el-fortalecimiento-sectorial
[FULL_3_ADA] t=1054.6s | pag=1180 | files=1111 | data=  1 | cola=  27 | prio=10 | https://www.adascz.com.bo/publicaciones/notas-de-prensa/bolivia-se-suma-a-la-celebracion-del-dia-mundial-del-huevo
[FULL_3_ADA] t=1055.7s | pag=1181 | files=1111 | data=  1 | cola=  26 | prio=10 | https://www.adascz.com.bo/publicaciones/notas-de-prensa/coda-se-reactiva-con-nuevas-mesas-de-trabajo-para-dar-solucion-a-las-demandas-del-sector-avicola
[FULL_3_ADA] t=1056.7s | pag=1182 | files=1111 | data=  1 | cola=  25 | prio=50 | https://www.adascz.com.bo/la-institucion/expresidentes-ada
[FULL_3_ADA] t=1057.6s | pag=1183 | files=1111 | data=  1 | cola=  25 | prio=50 | https://www.adascz.com.bo/la-institucion/personal
[FULL_3_ADA] t=1058.2s | pag=1184 | files=1111 | data=  1 | cola=  24 | prio=50 | https://www.adascz.com.bo/afiliese/beneficios
[FULL_3_ADA] t=1058.9s | pag=1185 | files=1111 | data=  1 | cola=  23 | prio=50 | https://www.adascz.com.bo/afiliese/requisitos
[FULL_3_ADA] t=1059.8s | pag=1186 | files=1111 | data=  1 | cola=  22 | prio=50 | https://www.adascz.com.bo/afiliese/formulario
[FULL_3_ADA] t=1060.5s | pag=1187 | files=1111 | data=  1 | cola=  21 | prio=50 | https://www.adascz.com.bo/afiliese/enlaces-de-interes
[FULL_3_ADA] t=1061.3s | pag=1188 | files=1111 | data=  1 | cola=  20 | prio=50 | https://www.adascz.com.bo/normativas
[FULL_3_ADA] t=1062.3s | pag=1189 | files=1112 | data=  1 | cola=  20 | prio=50 | https://www.adascz.com.bo/paginas-amarillas
[FULL_3_ADA] t=1064.1s | pag=1190 | files=1112 | data=  1 | cola=  19 | prio=50 | https://www.adascz.com.bo/index.php
[FULL_3_ADA] DATASETS=2 | data_html_table | https://www.adascz.com.bo/index.php
[FULL_3_ADA] t=1065.0s | pag=1191 | files=1112 | data=  2 | cola=  18 | prio=50 | https://www.adascz.com.bo/laboratorio
[FULL_3_ADA] t=1066.1s | pag=1192 | files=1112 | data=  2 | cola=  17 | prio=50 | https://www.adascz.com.bo/asistencia-tecnica
[FULL_3_ADA] t=1066.7s | pag=1193 | files=1112 | data=  2 | cola=  16 | prio=50 | https://www.adascz.com.bo/maquila-de-grano-de-soya
[FULL_3_ADA] t=1067.5s | pag=1194 | files=1112 | data=  2 | cola=  15 | prio=50 | https://www.adascz.com.bo/registro-sanitario
[FULL_3_ADA] t=1068.6s | pag=1195 | files=1112 | data=  2 | cola=  14 | prio=50 | https://www.adascz.com.bo/guia-de-movimiento-de-aves
[FULL_3_ADA] t=1069.7s | pag=1196 | files=1112 | data=  2 | cola=  13 | prio=50 | https://www.adascz.com.bo/recetarios-ada/guia-inteligente-del-pollo
[FULL_3_ADA] t=1070.7s | pag=1197 | files=1113 | data=  2 | cola=  12 | prio=50 | https://www.adascz.com.bo/recetarios-ada/recetario-el-huevo-me-alimenta-y-da-energia
[FULL_3_ADA] t=1071.7s | pag=1198 | files=1114 | data=  2 | cola=  11 | prio=50 | https://www.adascz.com.bo/recetarios-ada/recetario-sabores-que-nos-unen
[FULL_3_ADA] t=1072.5s | pag=1199 | files=1115 | data=  2 | cola=  10 | prio=50 | https://www.adascz.com.bo/recetarios-ada/recetario-dia-latinoamericano-de-la-carne-de-pollo-2
[FULL_3_ADA] t=1073.2s | pag=1200 | files=1117 | data=  2 | cola=   9 | prio=50 | https://www.adascz.com.bo/recetarios-ada/recetario-ada-3
[FULL_3_ADA] t=1074.1s | pag=1201 | files=1119 | data=  2 | cola=   8 | prio=50 | https://www.adascz.com.bo/recetarios-ada/recetario-ada-es-con-huevos
[FULL_3_ADA] t=1075.1s | pag=1202 | files=1121 | data=  2 | cola=   7 | prio=50 | https://www.adascz.com.bo/recetarios-ada/recetario-ada
[FULL_3_ADA] t=1076.1s | pag=1203 | files=1123 | data=  2 | cola=   6 | prio=50 | https://www.adascz.com.bo/recetarios-ada/recetario-navideno
[FULL_3_ADA] t=1077.0s | pag=1204 | files=1125 | data=  2 | cola=   5 | prio=50 | https://www.adascz.com.bo/memorias-ada/memoria-2019-2020
[FULL_3_ADA] t=1077.8s | pag=1205 | files=1125 | data=  2 | cola=   4 | prio=50 | https://www.adascz.com.bo/?Itemid=111
[FULL_3_ADA] t=1078.5s | pag=1205 | files=1125 | data=  2 | cola=   3 | prio=50 | https://www.adascz.com.bo/ada-normativas/reglamento-general-de-sanidad-animal-regensa
[FULL_3_ADA] t=1079.9s | pag=1206 | files=1125 | data=  2 | cola=   2 | prio=70 | https://www.adascz.com.bo/la-institucion/quienes-somos
[FULL_3_ADA] t=1080.5s | pag=1207 | files=1125 | data=  2 | cola=   1 | prio=70 | https://www.adascz.com.bo/la-institucion/directorio
[FULL_3_ADA] t=1081.6s | pag=1208 | files=1125 | data=  2 | cola=   0 | prio=70 | https://www.adascz.com.bo/contacto
[FULL_3_ADA] t=1082.8s | pag=1209 | files=1125 | data=  2 | cola=   0 | prio=50 | http://www.adascz.com.bo/
[FULL_3_ADA] DATASETS=3 | data_html_table | http://www.adascz.com.bo/
[FULL_3_ADA] t=1083.8s | pag=1210 | files=1126 | data=  3 | cola=  34 | prio=10 | http://www.adascz.com.bo/publicaciones/boletin-ada-informa
[FULL_3_ADA] t=1084.8s | pag=1211 | files=1126 | data=  3 | cola=  72 | prio=10 | http://www.adascz.com.bo/publicaciones/boletin-de-precios
[FULL_3_ADA] t=1087.1s | pag=1212 | files=2195 | data=  3 | cola=1142 | prio=10 | http://www.adascz.com.bo/publicaciones/recetarios
[FULL_3_ADA] t=1087.4s | pag=1213 | files=2195 | data=  3 | cola=1149 | prio=10 | http://www.adascz.com.bo/publicaciones/recetas
[FULL_3_ADA] t=1088.4s | pag=1214 | files=2195 | data=  3 | cola=1152 | prio=10 | http://www.adascz.com.bo/publicaciones/memorias
[FULL_3_ADA] t=1089.1s | pag=1215 | files=2196 | data=  3 | cola=1152 | prio=10 | http://www.adascz.com.bo/publicaciones/estadisticas-del-sector
[FULL_3_ADA] t=1090.1s | pag=1216 | files=2197 | data=  3 | cola=1151 | prio=10 | http://www.adascz.com.bo/publicaciones/notas-de-prensa
[FULL_3_ADA] t=1091.0s | pag=1217 | files=2197 | data=  3 | cola=1158 | prio=10 | http://www.adascz.com.bo/publicaciones/anuncios
[FULL_3_ADA] t=1091.6s | pag=1218 | files=2197 | data=  3 | cola=1157 | prio=10 | http://www.adascz.com.bo/publicaciones/produccion-de-pollo
[FULL_3_ADA] t=1092.4s | pag=1219 | files=2197 | data=  3 | cola=1156 | prio=10 | http://www.adascz.com.bo/publicaciones/produccion-de-huevo
[FULL_3_ADA] t=1092.9s | pag=1220 | files=2197 | data=  3 | cola=1155 | prio=10 | http://www.adascz.com.bo/publicaciones/notas-de-prensa/este-3-de-julio-el-dia-latinoamericano-del-pollo-celebra-a-la-cadena-productiva-y-lanza-una-guia-para-los-consumidores
[FULL_3_ADA] t=1093.7s | pag=1221 | files=2197 | data=  3 | cola=1154 | prio=10 | http://www.adascz.com.bo/publicaciones/notas-de-prensa/dia-latinoamericano-del-pollo-se-celebra-este-viernes-con-foco-en-seguridad-alimentaria-y-desarrollo-regional
[FULL_3_ADA] t=1094.6s | pag=1222 | files=2197 | data=  3 | cola=1153 | prio=10 | http://www.adascz.com.bo/publicaciones/notas-de-prensa/bolivia-se-declara-libre-de-influenza-aviar-de-alta-patogenicidad
[FULL_3_ADA] t=1095.4s | pag=1223 | files=2197 | data=  3 | cola=1152 | prio=10 | http://www.adascz.com.bo/publicaciones/notas-de-prensa/santa-cruz-consolida-liderazgo-avicola-con-el-cierre-exitoso-del-2do-seminario-internacional-de-bioseguridad-y-productividad-avicola-sibpa
[FULL_3_ADA] t=1096.4s | pag=1224 | files=2197 | data=  3 | cola=1151 | prio=10 | http://www.adascz.com.bo/publicaciones/notas-de-prensa/ada-y-la-universidad-evangelica-boliviana-firman-convenio-para-impulsar-la-innovacion-e-investigacion-avicola-en-santa-cruz
[FULL_3_ADA] t=1097.4s | pag=1225 | files=2197 | data=  3 | cola=1150 | prio=10 | http://www.adascz.com.bo/publicaciones/notas-de-prensa/santa-cruz-mantiene-un-crecimiento-avicola-sostenido-y-preve-un-2026-con-mayor-desarrollo-del-sector
[FULL_3_ADA] t=1098.3s | pag=1226 | files=2197 | data=  3 | cola=1149 | prio=10 | http://www.adascz.com.bo/publicaciones/anuncios/productor-asociado-solicite-apoyo-de-ada-para-la-renovacion-del-registro-sanitario-de-su-granja
[FULL_3_ADA] t=1099.4s | pag=1227 | files=2197 | data=  3 | cola=1148 | prio=10 | http://www.adascz.com.bo/publicaciones/anuncios/conozca-los-servicios-que-brinda-ada-a-sus-asociados-y-productores-no-afiliados
[FULL_3_ADA] t=1100.0s | pag=1228 | files=2197 | data=  3 | cola=1147 | prio=10 | http://www.adascz.com.bo/boletin-ada/boletin-ada-informa-039
[FULL_3_ADA] t=1100.9s | pag=1229 | files=2198 | data=  3 | cola=1146 | prio=10 | http://www.adascz.com.bo/boletin-ada/boletin-ada-informa-038
[FULL_3_ADA] t=1101.6s | pag=1230 | files=2199 | data=  3 | cola=1145 | prio=10 | http://www.adascz.com.bo/boletin-ada/boletin-ada-informa-037
[FULL_3_ADA] t=1102.4s | pag=1231 | files=2200 | data=  3 | cola=1144 | prio=10 | http://www.adascz.com.bo/boletin-ada/boletin-ada-informa-036
[FULL_3_ADA] t=1103.1s | pag=1232 | files=2201 | data=  3 | cola=1143 | prio=10 | http://www.adascz.com.bo/boletin-ada/boletin-ada-informa-035
[FULL_3_ADA] t=1104.0s | pag=1233 | files=2202 | data=  3 | cola=1142 | prio=10 | http://www.adascz.com.bo/boletin-ada/boletin-ada-informa-034
[FULL_3_ADA] t=1105.0s | pag=1234 | files=2203 | data=  3 | cola=1141 | prio=10 | http://www.adascz.com.bo/boletin-ada/boletin-ada-informa-033
[FULL_3_ADA] t=1105.8s | pag=1235 | files=2204 | data=  3 | cola=1140 | prio=10 | http://www.adascz.com.bo/boletin-ada/boletin-ada-informa-032ok
[FULL_3_ADA] t=1106.7s | pag=1236 | files=2205 | data=  3 | cola=1139 | prio=10 | http://www.adascz.com.bo/boletin-ada/boletin-ada-informa-031
[FULL_3_ADA] t=1107.3s | pag=1237 | files=2206 | data=  3 | cola=1138 | prio=10 | http://www.adascz.com.bo/boletin-ada/boletin-ada-informa-030
[FULL_3_ADA] t=1108.4s | pag=1238 | files=2207 | data=  3 | cola=1137 | prio=10 | http://www.adascz.com.bo/boletin-ada/boletin-ada-informa-029
[FULL_3_ADA] t=1109.5s | pag=1239 | files=2208 | data=  3 | cola=1136 | prio=10 | http://www.adascz.com.bo/boletin-ada/boletin-ada-informa-28
[FULL_3_ADA] t=1110.2s | pag=1240 | files=2209 | data=  3 | cola=1135 | prio=10 | http://www.adascz.com.bo/boletin-ada/boletin-ada-informa-027
[FULL_3_ADA] t=1111.3s | pag=1241 | files=2210 | data=  3 | cola=1134 | prio=10 | http://www.adascz.com.bo/boletin-ada/boletin-ada-informa-026
[FULL_3_ADA] t=1112.2s | pag=1242 | files=2211 | data=  3 | cola=1133 | prio=10 | http://www.adascz.com.bo/boletin-ada/boletin-ada-informa-025
[FULL_3_ADA] t=1113.1s | pag=1243 | files=2212 | data=  3 | cola=1132 | prio=10 | http://www.adascz.com.bo/boletin-ada/boletin-ada-informa-024
[FULL_3_ADA] t=1113.9s | pag=1244 | files=2213 | data=  3 | cola=1131 | prio=10 | http://www.adascz.com.bo/boletin-ada/boletin-ada-informa-023
[FULL_3_ADA] t=1114.6s | pag=1245 | files=2214 | data=  3 | cola=1130 | prio=10 | http://www.adascz.com.bo/boletin-ada/boletin-ada-informa-23
[FULL_3_ADA] t=1115.3s | pag=1246 | files=2215 | data=  3 | cola=1129 | prio=10 | http://www.adascz.com.bo/boletin-ada/boletin-ada-informa-021
[FULL_3_ADA] t=1115.9s | pag=1247 | files=2216 | data=  3 | cola=1128 | prio=10 | http://www.adascz.com.bo/boletin-ada/boletin-ada-informa-020
[FULL_3_ADA] t=1117.0s | pag=1248 | files=2217 | data=  3 | cola=1127 | prio=10 | http://www.adascz.com.bo/boletin-ada/boletin-ada-informa-019
[FULL_3_ADA] t=1117.7s | pag=1249 | files=2218 | data=  3 | cola=1126 | prio=10 | http://www.adascz.com.bo/boletin-ada/boletin-ada-informa-018
[FULL_3_ADA] t=1118.4s | pag=1250 | files=2219 | data=  3 | cola=1125 | prio=10 | http://www.adascz.com.bo/boletin-ada/boletin-ada-informa-017
[FULL_3_ADA] t=1119.5s | pag=1251 | files=2220 | data=  3 | cola=1124 | prio=10 | http://www.adascz.com.bo/boletin-ada/boletin-ada-informa-016
[FULL_3_ADA] t=1120.5s | pag=1252 | files=2221 | data=  3 | cola=1123 | prio=10 | http://www.adascz.com.bo/boletin-ada/boletin-ada-informa-015
[FULL_3_ADA] t=1121.7s | pag=1253 | files=2222 | data=  3 | cola=1122 | prio=10 | http://www.adascz.com.bo/boletin-ada/boletin-ada-informa-014
[FULL_3_ADA] t=1122.3s | pag=1254 | files=2223 | data=  3 | cola=1121 | prio=10 | http://www.adascz.com.bo/boletin-ada/boletin-ada-informa-15
[FULL_3_ADA] t=1123.0s | pag=1255 | files=2224 | data=  3 | cola=1120 | prio=10 | http://www.adascz.com.bo/boletin-ada/boletin-ada-informa-012
[FULL_3_ADA] t=1123.7s | pag=1256 | files=2225 | data=  3 | cola=1119 | prio=10 | http://www.adascz.com.bo/boletin-ada/boletin-ada-informa-14
[FULL_3_ADA] t=1124.5s | pag=1257 | files=2226 | data=  3 | cola=1118 | prio=10 | http://www.adascz.com.bo/boletin-ada/boletin-ada-informa-010
[FULL_3_ADA] t=1125.1s | pag=1258 | files=2227 | data=  3 | cola=1117 | prio=10 | http://www.adascz.com.bo/boletin-ada/boletin-ada-informa-009
[FULL_3_ADA] t=1126.0s | pag=1259 | files=2228 | data=  3 | cola=1116 | prio=10 | http://www.adascz.com.bo/boletin-ada/boletin-ada-informa-008
[FULL_3_ADA] t=1126.9s | pag=1260 | files=2229 | data=  3 | cola=1115 | prio=10 | http://www.adascz.com.bo/boletin-ada/boletin-ada-informa-006
[FULL_3_ADA] t=1127.9s | pag=1261 | files=2230 | data=  3 | cola=1114 | prio=10 | http://www.adascz.com.bo/boletin-ada/boletin-ada-informa-007
[FULL_3_ADA] t=1128.6s | pag=1262 | files=2231 | data=  3 | cola=1113 | prio=10 | http://www.adascz.com.bo/boletin-ada/boletin-5
[FULL_3_ADA] t=1129.5s | pag=1263 | files=2232 | data=  3 | cola=1112 | prio=10 | http://www.adascz.com.bo/boletin-ada/boletin-ada-informa-4
[FULL_3_ADA] t=1130.7s | pag=1264 | files=2233 | data=  3 | cola=1111 | prio=10 | http://www.adascz.com.bo/boletin-ada/boletin-ada-informa-3
[FULL_3_ADA] t=1131.6s | pag=1265 | files=2234 | data=  3 | cola=1110 | prio=10 | http://www.adascz.com.bo/boletin-ada/boletin-ada-informa-2
[FULL_3_ADA] t=1132.3s | pag=1266 | files=2235 | data=  3 | cola=1109 | prio=10 | http://www.adascz.com.bo/boletin-ada/boletin-ada-informa-001
[FULL_3_ADA] t=1133.3s | pag=1267 | files=2236 | data=  3 | cola=1108 | prio=10 | http://www.adascz.com.bo/boletin-precios/boletin-precios-avicolas-21-de-agosto-7
[FULL_3_ADA] t=1134.5s | pag=1268 | files=2236 | data=  3 | cola=1107 | prio=10 | http://www.adascz.com.bo/boletin-precios/boletin-precios-avicolas-20-de-agosto-3
[FULL_3_ADA] t=1135.1s | pag=1269 | files=2236 | data=  3 | cola=1106 | prio=10 | http://www.adascz.com.bo/boletin-precios/boletin-precios-avicolas-19-de-agosto-4
[FULL_3_ADA] t=1135.7s | pag=1270 | files=2236 | data=  3 | cola=1105 | prio=10 | http://www.adascz.com.bo/boletin-precios/boletin-precios-avicolas-18-de-agosto-5
[FULL_3_ADA] t=1136.4s | pag=1271 | files=2236 | data=  3 | cola=1104 | prio=10 | http://www.adascz.com.bo/boletin-precios/boletin-precios-avicolas-17-de-agosto-3
[FULL_3_ADA] t=1137.3s | pag=1272 | files=2236 | data=  3 | cola=1103 | prio=10 | http://www.adascz.com.bo/boletin-precios/boletin-precios-avicolas-14-de-agosto-4
[FULL_3_ADA] t=1137.9s | pag=1273 | files=2236 | data=  3 | cola=1102 | prio=10 | http://www.adascz.com.bo/boletin-precios/boletin-precios-avicolas-13-de-agosto-3
[FULL_3_ADA] t=1138.5s | pag=1274 | files=2236 | data=  3 | cola=1101 | prio=10 | http://www.adascz.com.bo/boletin-precios/boletin-precios-avicolas-12-de-agosto-4
[FULL_3_ADA] t=1139.1s | pag=1275 | files=2236 | data=  3 | cola=1100 | prio=10 | http://www.adascz.com.bo/boletin-precios/boletin-precios-avicolas-11-de-agosto-4
[FULL_3_ADA] t=1139.9s | pag=1276 | files=2236 | data=  3 | cola=1099 | prio=10 | http://www.adascz.com.bo/boletin-precios/boletin-precios-avicolas-10-de-agosto-3
[FULL_3_ADA] t=1140.4s | pag=1277 | files=2236 | data=  3 | cola=1098 | prio=10 | http://www.adascz.com.bo/boletin-precios/boletin-precios-avicolas-05-de-agosto-4
[FULL_3_ADA] t=1141.4s | pag=1278 | files=2236 | data=  3 | cola=1097 | prio=10 | http://www.adascz.com.bo/boletin-precios/boletin-precios-avicolas-04-de-agosto-4
[FULL_3_ADA] t=1142.1s | pag=1279 | files=2236 | data=  3 | cola=1096 | prio=10 | http://www.adascz.com.bo/boletin-precios/boletin-precios-avicolas-03-de-agosto-3
[FULL_3_ADA] t=1143.1s | pag=1280 | files=2236 | data=  3 | cola=1095 | prio=10 | http://www.adascz.com.bo/boletin-precios/boletin-precios-avicolas-31-de-julio-4
[FULL_3_ADA] t=1144.1s | pag=1281 | files=2236 | data=  3 | cola=1094 | prio=10 | http://www.adascz.com.bo/boletin-precios/boletin-precios-avicolas-30-de-julio-2
[FULL_3_ADA] t=1144.9s | pag=1282 | files=2236 | data=  3 | cola=1093 | prio=10 | http://www.adascz.com.bo/boletin-precios/boletin-precios-avicolas-29-de-julio-4
[FULL_3_ADA] t=1145.9s | pag=1283 | files=2236 | data=  3 | cola=1092 | prio=10 | http://www.adascz.com.bo/boletin-precios/boletin-precios-avicolas-28-de-julio-4
[FULL_3_ADA] t=1146.9s | pag=1284 | files=2236 | data=  3 | cola=1091 | prio=10 | http://www.adascz.com.bo/boletin-precios/boletin-precios-avicolas-27-de-julio-3
[FULL_3_ADA] t=1147.9s | pag=1285 | files=2236 | data=  3 | cola=1090 | prio=10 | http://www.adascz.com.bo/boletin-precios/boletin-precios-avicolas-24-de-julio-4
[FULL_3_ADA] t=1149.2s | pag=1286 | files=2236 | data=  3 | cola=1089 | prio=10 | http://www.adascz.com.bo/boletin-precios/boletin-precios-avicolas-23-de-julio-3
[FULL_3_ADA] t=1149.9s | pag=1287 | files=2236 | data=  3 | cola=1088 | prio=10 | http://www.adascz.com.bo/boletin-precios/boletin-precios-avicolas-22-de-julio-4
[FULL_3_ADA] t=1150.6s | pag=1288 | files=2236 | data=  3 | cola=1087 | prio=10 | http://www.adascz.com.bo/boletin-precios/boletin-precios-avicolas-21-de-julio-4
[FULL_3_ADA] t=1151.6s | pag=1289 | files=2236 | data=  3 | cola=1086 | prio=10 | http://www.adascz.com.bo/boletin-precios/boletin-precios-avicolas-20-de-julio-3
[FULL_3_ADA] t=1152.7s | pag=1290 | files=2236 | data=  3 | cola=1085 | prio=10 | http://www.adascz.com.bo/boletin-precios/boletin-precios-avicolas-17-de-julio-4
[FULL_3_ADA] t=1153.3s | pag=1291 | files=2236 | data=  3 | cola=1084 | prio=10 | http://www.adascz.com.bo/boletin-precios/boletin-precios-avicolas-16-de-julio-3
[FULL_3_ADA] t=1154.4s | pag=1292 | files=2236 | data=  3 | cola=1083 | prio=10 | http://www.adascz.com.bo/boletin-precios/boletin-precios-avicolas-15-de-julio-4
[FULL_3_ADA] t=1155.5s | pag=1293 | files=2236 | data=  3 | cola=1082 | prio=10 | http://www.adascz.com.bo/boletin-precios/boletin-precios-avicolas-14-de-julio-4
[FULL_3_ADA] t=1156.4s | pag=1294 | files=2236 | data=  3 | cola=1081 | prio=10 | http://www.adascz.com.bo/boletin-precios/boletin-precios-avicolas-13-de-julio-3
[FULL_3_ADA] t=1157.0s | pag=1295 | files=2236 | data=  3 | cola=1080 | prio=10 | http://www.adascz.com.bo/boletin-precios/boletin-precios-avicolas-10-de-julio-3
[FULL_3_ADA] t=1157.7s | pag=1296 | files=2236 | data=  3 | cola=1079 | prio=10 | http://www.adascz.com.bo/boletin-precios/boletin-precios-avicolas-09-de-julio-2
[FULL_3_ADA] t=1158.3s | pag=1297 | files=2236 | data=  3 | cola=1078 | prio=10 | http://www.adascz.com.bo/boletin-precios/boletin-precios-avicolas-08-de-julio-4
[FULL_3_ADA] t=1159.2s | pag=1298 | files=2236 | data=  3 | cola=1077 | prio=10 | http://www.adascz.com.bo/boletin-precios/boletin-precios-avicolas-07-de-julio-4
[FULL_3_ADA] t=1159.8s | pag=1299 | files=2236 | data=  3 | cola=1076 | prio=10 | http://www.adascz.com.bo/boletin-precios/boletin-precios-avicolas-06-de-julio-3
[FULL_3_ADA] t=1160.9s | pag=1300 | files=2236 | data=  3 | cola=1075 | prio=10 | http://www.adascz.com.bo/boletin-precios/boletin-precios-avicolas-03-de-julio-4
[FULL_3_ADA] t=1161.7s | pag=1301 | files=2236 | data=  3 | cola=1074 | prio=10 | http://www.adascz.com.bo/boletin-precios/boletin-precios-avicolas-02-de-julio-3
[FULL_3_ADA] t=1162.3s | pag=1302 | files=2236 | data=  3 | cola=1073 | prio=10 | http://www.adascz.com.bo/boletin-precios/boletin-precios-avicolas-01-de-julio-4
[FULL_3_ADA] t=1163.2s | pag=1303 | files=2236 | data=  3 | cola=1072 | prio=10 | http://www.adascz.com.bo/boletin-precios/boletin-precios-avicolas-30-de-junio-4
[FULL_3_ADA] t=1163.8s | pag=1304 | files=2236 | data=  3 | cola=1071 | prio=10 | http://www.adascz.com.bo/boletin-precios/boletin-precios-avicolas-29-de-junio-3
[FULL_3_ADA] t=1164.5s | pag=1305 | files=2236 | data=  3 | cola=1070 | prio=10 | http://www.adascz.com.bo/boletin-precios/boletin-precios-avicolas-26-de-junio-4
[FULL_3_ADA] t=1165.2s | pag=1306 | files=2236 | data=  3 | cola=1069 | prio=10 | http://www.adascz.com.bo/boletin-precios/boletin-precios-avicolas-25-de-junio-3
[FULL_3_ADA] t=1166.3s | pag=1307 | files=2236 | data=  3 | cola=1068 | prio=10 | http://www.adascz.com.bo/boletin-precios/boletin-precios-avicolas-24-de-junio-4
[FULL_3_ADA] t=1167.0s | pag=1308 | files=2236 | data=  3 | cola=1067 | prio=10 | http://www.adascz.com.bo/boletin-precios/boletin-precios-avicolas-23-de-junio-3
[FULL_3_ADA] t=1167.7s | pag=1309 | files=2236 | data=  3 | cola=1066 | prio=10 | http://www.adascz.com.bo/boletin-precios/boletin-precios-avicolas-19-de-junio-3
[FULL_3_ADA] t=1168.6s | pag=1310 | files=2236 | data=  3 | cola=1065 | prio=10 | http://www.adascz.com.bo/boletin-precios/boletin-precios-avicolas-18-de-junio-2
[FULL_3_ADA] t=1169.5s | pag=1311 | files=2236 | data=  3 | cola=1064 | prio=10 | http://www.adascz.com.bo/boletin-precios/boletin-precios-avicolas-17-de-junio-3
[FULL_3_ADA] t=1170.4s | pag=1312 | files=2236 | data=  3 | cola=1063 | prio=10 | http://www.adascz.com.bo/boletin-precios/boletin-precios-avicolas-16-de-junio-3
[FULL_3_ADA] t=1171.3s | pag=1313 | files=2236 | data=  3 | cola=1062 | prio=10 | http://www.adascz.com.bo/boletin-precios/boletin-precios-avicolas-15-de-junio-3
[FULL_3_ADA] t=1172.4s | pag=1314 | files=2236 | data=  3 | cola=1061 | prio=10 | http://www.adascz.com.bo/boletin-precios/boletin-precios-avicolas-11-de-junio-3
[FULL_3_ADA] t=1174.6s | pag=1315 | files=2236 | data=  3 | cola=1060 | prio=10 | http://www.adascz.com.bo/boletin-precios/boletin-precios-avicolas-10-de-junio-4
[FULL_3_ADA] t=1175.2s | pag=1316 | files=2236 | data=  3 | cola=1059 | prio=10 | http://www.adascz.com.bo/boletin-precios/boletin-precios-avicolas-09-de-junio-4
[FULL_3_ADA] t=1176.1s | pag=1317 | files=2236 | data=  3 | cola=1058 | prio=10 | http://www.adascz.com.bo/boletin-precios/boletin-precios-avicolas-08-de-junio-2
[FULL_3_ADA] t=1177.2s | pag=1318 | files=2236 | data=  3 | cola=1057 | prio=10 | http://www.adascz.com.bo/boletin-precios/boletin-precios-avicolas-03-de-junio-4
[FULL_3_ADA] t=1177.8s | pag=1319 | files=2236 | data=  3 | cola=1056 | prio=10 | http://www.adascz.com.bo/boletin-precios/boletin-precios-avicolas-02-de-junio-4
[FULL_3_ADA] t=1178.8s | pag=1320 | files=2236 | data=  3 | cola=1055 | prio=10 | http://www.adascz.com.bo/boletin-precios/boletin-precios-avicolas-01-de-junio-3
[FULL_3_ADA] t=1179.9s | pag=1321 | files=2236 | data=  3 | cola=1054 | prio=10 | http://www.adascz.com.bo/boletin-precios/boletin-precios-avicolas-29-de-mayo-3
[FULL_3_ADA] t=1180.4s | pag=1322 | files=2236 | data=  3 | cola=1053 | prio=10 | http://www.adascz.com.bo/boletin-precios/boletin-precios-avicolas-28-de-mayo-2
[FULL_3_ADA] t=1181.1s | pag=1323 | files=2236 | data=  3 | cola=1052 | prio=10 | http://www.adascz.com.bo/boletin-precios/boletin-precios-avicolas-27-de-mayo-4
[FULL_3_ADA] t=1181.8s | pag=1324 | files=2236 | data=  3 | cola=1051 | prio=10 | http://www.adascz.com.bo/boletin-precios/boletin-precios-avicolas-26-de-mayo-3
[FULL_3_ADA] t=1182.4s | pag=1325 | files=2236 | data=  3 | cola=1050 | prio=10 | http://www.adascz.com.bo/boletin-precios/boletin-precios-avicolas-25-de-mayo-3
[FULL_3_ADA] t=1184.2s | pag=1326 | files=2236 | data=  3 | cola=1049 | prio=10 | http://www.adascz.com.bo/boletin-precios/boletin-precios-avicolas-22-de-mayo-4
[FULL_3_ADA] t=1184.7s | pag=1327 | files=2236 | data=  3 | cola=1048 | prio=10 | http://www.adascz.com.bo/boletin-precios/boletin-precios-avicolas-21-de-mayo-3
[FULL_3_ADA] t=1185.4s | pag=1328 | files=2236 | data=  3 | cola=1047 | prio=10 | http://www.adascz.com.bo/boletin-precios/boletin-precios-avicolas-20-de-mayo-4
[FULL_3_ADA] t=1186.0s | pag=1329 | files=2236 | data=  3 | cola=1046 | prio=10 | http://www.adascz.com.bo/boletin-precios/boletin-precios-avicolas-19-de-mayo-4
[FULL_3_ADA] t=1187.1s | pag=1330 | files=2236 | data=  3 | cola=1045 | prio=10 | http://www.adascz.com.bo/boletin-precios/boletin-precios-avicolas-18-de-mayo-3
[FULL_3_ADA] t=1187.9s | pag=1331 | files=2236 | data=  3 | cola=1044 | prio=10 | http://www.adascz.com.bo/boletin-precios/boletin-precios-avicolas-15-de-mayo-4
[FULL_3_ADA] t=1188.9s | pag=1332 | files=2236 | data=  3 | cola=1043 | prio=10 | http://www.adascz.com.bo/boletin-precios/boletin-precios-avicolas-14-de-mayo-3
[FULL_3_ADA] t=1189.9s | pag=1333 | files=2236 | data=  3 | cola=1042 | prio=10 | http://www.adascz.com.bo/boletin-precios/boletin-precios-avicolas-13-de-mayo-4
[FULL_3_ADA] t=1190.9s | pag=1334 | files=2236 | data=  3 | cola=1041 | prio=10 | http://www.adascz.com.bo/boletin-precios/boletin-precios-avicolas-12-de-mayo-4
[FULL_3_ADA] t=1191.6s | pag=1335 | files=2236 | data=  3 | cola=1040 | prio=10 | http://www.adascz.com.bo/boletin-precios/boletin-precios-avicolas-11-de-mayo-3
[FULL_3_ADA] t=1192.2s | pag=1336 | files=2236 | data=  3 | cola=1039 | prio=10 | http://www.adascz.com.bo/boletin-precios/boletin-precios-avicolas-08-de-mayo-3
[FULL_3_ADA] t=1193.4s | pag=1337 | files=2236 | data=  3 | cola=1038 | prio=10 | http://www.adascz.com.bo/boletin-precios/boletin-precios-avicolas-07-de-mayo-3
[FULL_3_ADA] t=1193.9s | pag=1338 | files=2236 | data=  3 | cola=1037 | prio=10 | http://www.adascz.com.bo/boletin-precios/boletin-precios-avicolas-06-de-mayo-4
[FULL_3_ADA] t=1194.8s | pag=1339 | files=2236 | data=  3 | cola=1036 | prio=10 | http://www.adascz.com.bo/boletin-precios/boletin-precios-avicolas-05-de-mayo-3
[FULL_3_ADA] t=1195.4s | pag=1340 | files=2236 | data=  3 | cola=1035 | prio=10 | http://www.adascz.com.bo/boletin-precios/boletin-precios-avicolas-04-de-mayo-2
[FULL_3_ADA] t=1196.4s | pag=1341 | files=2236 | data=  3 | cola=1034 | prio=10 | http://www.adascz.com.bo/boletin-precios/boletin-precios-avicolas-30-de-abril-3
[FULL_3_ADA] t=1197.1s | pag=1342 | files=2236 | data=  3 | cola=1033 | prio=10 | http://www.adascz.com.bo/boletin-precios/boletin-precios-avicolas-29-de-abril-4
[FULL_3_ADA] t=1197.9s | pag=1343 | files=2236 | data=  3 | cola=1032 | prio=10 | http://www.adascz.com.bo/boletin-precios/boletin-precios-avicolas-28-de-abril-5
[FULL_3_ADA] t=1198.8s | pag=1344 | files=2236 | data=  3 | cola=1031 | prio=10 | http://www.adascz.com.bo/boletin-precios/boletin-precios-avicolas-27-de-abril-3
[FULL_3_ADA] t=1199.4s | pag=1345 | files=2236 | data=  3 | cola=1030 | prio=10 | http://www.adascz.com.bo/boletin-precios/boletin-precios-avicolas-24-de-abril-4
[FULL_3_ADA] t=1200.0s | pag=1346 | files=2236 | data=  3 | cola=1029 | prio=10 | http://www.adascz.com.bo/boletin-precios/boletin-precios-avicolas-23-de-abril-3
[FULL_3_ADA] t=1200.7s | pag=1347 | files=2236 | data=  3 | cola=1028 | prio=10 | http://www.adascz.com.bo/boletin-precios/boletin-precios-avicolas-22-de-abril-4
[FULL_3_ADA] t=1201.3s | pag=1348 | files=2236 | data=  3 | cola=1027 | prio=10 | http://www.adascz.com.bo/boletin-precios/boletin-precios-avicolas-21-de-abril-5
[FULL_3_ADA] t=1202.1s | pag=1349 | files=2236 | data=  3 | cola=1026 | prio=10 | http://www.adascz.com.bo/boletin-precios/boletin-precios-avicolas-20-de-abril-3
[FULL_3_ADA] t=1203.0s | pag=1350 | files=2236 | data=  3 | cola=1025 | prio=10 | http://www.adascz.com.bo/boletin-precios/boletin-precios-avicolas-17-de-abril-3
[FULL_3_ADA] t=1203.8s | pag=1351 | files=2236 | data=  3 | cola=1024 | prio=10 | http://www.adascz.com.bo/boletin-precios/boletin-precios-avicolas-16-de-abril-3
[FULL_3_ADA] t=1204.8s | pag=1352 | files=2236 | data=  3 | cola=1023 | prio=10 | http://www.adascz.com.bo/boletin-precios/boletin-precios-avicolas-15-de-abril-3
[FULL_3_ADA] t=1205.9s | pag=1353 | files=2236 | data=  3 | cola=1022 | prio=10 | http://www.adascz.com.bo/boletin-precios/boletin-precios-avicolas-14-de-abril-4
[FULL_3_ADA] t=1207.0s | pag=1354 | files=2236 | data=  3 | cola=1021 | prio=10 | http://www.adascz.com.bo/boletin-precios/boletin-precios-avicolas-13-de-abril-3
[FULL_3_ADA] t=1207.9s | pag=1355 | files=2236 | data=  3 | cola=1020 | prio=10 | http://www.adascz.com.bo/boletin-precios/boletin-precios-avicolas-08-de-abril-4
[FULL_3_ADA] t=1208.7s | pag=1356 | files=2236 | data=  3 | cola=1019 | prio=10 | http://www.adascz.com.bo/boletin-precios/boletin-precios-avicolas-07-de-abril-3
[FULL_3_ADA] t=1209.7s | pag=1357 | files=2236 | data=  3 | cola=1018 | prio=10 | http://www.adascz.com.bo/boletin-precios/boletin-precios-avicolas-06-de-abril-3
[FULL_3_ADA] t=1210.4s | pag=1358 | files=2236 | data=  3 | cola=1017 | prio=10 | http://www.adascz.com.bo/boletin-precios/boletin-precios-avicolas-02-de-abril-3
[FULL_3_ADA] t=1211.3s | pag=1359 | files=2236 | data=  3 | cola=1016 | prio=10 | http://www.adascz.com.bo/boletin-precios/boletin-precios-avicolas-01-de-abril-4
[FULL_3_ADA] t=1211.9s | pag=1360 | files=2236 | data=  3 | cola=1015 | prio=10 | http://www.adascz.com.bo/boletin-precios/boletin-precios-avicolas-31-de-marzo-4
[FULL_3_ADA] t=1213.1s | pag=1361 | files=2236 | data=  3 | cola=1014 | prio=10 | http://www.adascz.com.bo/boletin-precios/boletin-precios-avicolas-30-de-marzo-3
[FULL_3_ADA] t=1214.4s | pag=1362 | files=2236 | data=  3 | cola=1013 | prio=10 | http://www.adascz.com.bo/boletin-precios/boletin-precios-avicolas-27-de-marzo-4
[FULL_3_ADA] t=1215.1s | pag=1363 | files=2236 | data=  3 | cola=1012 | prio=10 | http://www.adascz.com.bo/boletin-precios/boletin-precios-avicolas-26-de-marzo-3
[FULL_3_ADA] t=1216.2s | pag=1364 | files=2236 | data=  3 | cola=1011 | prio=10 | http://www.adascz.com.bo/boletin-precios/boletin-precios-avicolas-25-de-marzo-4
[FULL_3_ADA] t=1217.2s | pag=1365 | files=2236 | data=  3 | cola=1010 | prio=10 | http://www.adascz.com.bo/boletin-precios/boletin-precios-avicolas-24-de-marzo-4
[FULL_3_ADA] t=1218.7s | pag=1366 | files=2236 | data=  3 | cola=1009 | prio=10 | http://www.adascz.com.bo/boletin-precios/boletin-precios-avicolas-23-de-marzo-3
[FULL_3_ADA] t=1223.4s | pag=1367 | files=2236 | data=  3 | cola=1008 | prio=10 | http://www.adascz.com.bo/boletin-precios/boletin-precios-avicolas-20-de-marzo-4
[FULL_3_ADA] t=1224.2s | pag=1368 | files=2236 | data=  3 | cola=1007 | prio=10 | http://www.adascz.com.bo/boletin-precios/boletin-precios-avicolas-19-de-marzo-3
[FULL_3_ADA] t=1224.7s | pag=1369 | files=2236 | data=  3 | cola=1006 | prio=10 | http://www.adascz.com.bo/boletin-precios/boletin-precios-avicolas-18-de-marzo-4
[FULL_3_ADA] t=1225.5s | pag=1370 | files=2236 | data=  3 | cola=1005 | prio=10 | http://www.adascz.com.bo/boletin-precios/boletin-precios-avicolas-17-de-marzo-4
[FULL_3_ADA] t=1226.5s | pag=1371 | files=2236 | data=  3 | cola=1004 | prio=10 | http://www.adascz.com.bo/boletin-precios/boletin-precios-avicolas-16-de-marzo-3
[FULL_3_ADA] t=1227.5s | pag=1372 | files=2236 | data=  3 | cola=1003 | prio=10 | http://www.adascz.com.bo/boletin-precios/boletin-precios-avicolas-13-de-marzo-4
[FULL_3_ADA] t=1228.5s | pag=1373 | files=2236 | data=  3 | cola=1002 | prio=10 | http://www.adascz.com.bo/boletin-precios/boletin-precios-avicolas-12-de-marzo-3
[FULL_3_ADA] t=1229.2s | pag=1374 | files=2236 | data=  3 | cola=1001 | prio=10 | http://www.adascz.com.bo/boletin-precios/boletin-precios-avicolas-11-de-marzo-4
[FULL_3_ADA] t=1230.2s | pag=1375 | files=2236 | data=  3 | cola=1000 | prio=10 | http://www.adascz.com.bo/boletin-precios/boletin-precios-avicolas-10-de-marzo-4
[FULL_3_ADA] t=1230.9s | pag=1376 | files=2236 | data=  3 | cola= 999 | prio=10 | http://www.adascz.com.bo/boletin-precios/boletin-precios-avicolas-09-de-marzo
[FULL_3_ADA] t=1231.9s | pag=1377 | files=2236 | data=  3 | cola= 998 | prio=10 | http://www.adascz.com.bo/boletin-precios/boletin-precios-avicolas-06-de-marzo-4
[FULL_3_ADA] t=1232.9s | pag=1378 | files=2236 | data=  3 | cola= 997 | prio=10 | http://www.adascz.com.bo/boletin-precios/boletin-precios-avicolas-05-de-marzo-2
[FULL_3_ADA] t=1233.5s | pag=1379 | files=2236 | data=  3 | cola= 996 | prio=10 | http://www.adascz.com.bo/boletin-precios/boletin-precios-avicolas-04-de-marzo-2
[FULL_3_ADA] t=1234.3s | pag=1380 | files=2236 | data=  3 | cola= 995 | prio=10 | http://www.adascz.com.bo/boletin-precios/boletin-precios-avicolas-03-de-marzo-2
[FULL_3_ADA] t=1235.2s | pag=1381 | files=2236 | data=  3 | cola= 994 | prio=10 | http://www.adascz.com.bo/boletin-precios/boletin-precios-avicolas-02-de-marzo-2
[FULL_3_ADA] t=1236.0s | pag=1382 | files=2236 | data=  3 | cola= 993 | prio=10 | http://www.adascz.com.bo/boletin-precios/boletin-precios-avicolas-27-de-febrero-3
[FULL_3_ADA] t=1237.2s | pag=1383 | files=2236 | data=  3 | cola= 992 | prio=10 | http://www.adascz.com.bo/boletin-precios/boletin-precios-avicolas-26-de-febrero-3
[FULL_3_ADA] t=1238.5s | pag=1384 | files=2236 | data=  3 | cola= 991 | prio=10 | http://www.adascz.com.bo/boletin-precios/boletin-precios-avicolas-25-de-febrero-3
[FULL_3_ADA] t=1239.3s | pag=1385 | files=2236 | data=  3 | cola= 990 | prio=10 | http://www.adascz.com.bo/boletin-precios/boletin-precios-avicolas-24-de-febrero-5
[FULL_3_ADA] t=1239.9s | pag=1386 | files=2236 | data=  3 | cola= 989 | prio=10 | http://www.adascz.com.bo/boletin-precios/boletin-precios-avicolas-23-de-febrero-3
[FULL_3_ADA] t=1240.7s | pag=1387 | files=2236 | data=  3 | cola= 988 | prio=10 | http://www.adascz.com.bo/boletin-precios/boletin-precios-avicolas-20-de-febrero-3
[FULL_3_ADA] t=1241.9s | pag=1388 | files=2236 | data=  3 | cola= 987 | prio=10 | http://www.adascz.com.bo/boletin-precios/boletin-precios-avicolas-19-de-febrero-3
[FULL_3_ADA] t=1242.8s | pag=1389 | files=2236 | data=  3 | cola= 986 | prio=10 | http://www.adascz.com.bo/boletin-precios/boletin-precios-avicolas-18-de-febrero-2
[FULL_3_ADA] t=1248.9s | pag=1390 | files=2236 | data=  3 | cola= 985 | prio=10 | http://www.adascz.com.bo/boletin-precios/boletin-precios-avicolas-13-de-febrero-3
[FULL_3_ADA] t=1249.4s | pag=1391 | files=2236 | data=  3 | cola= 984 | prio=10 | http://www.adascz.com.bo/boletin-precios/boletin-precios-avicolas-12-de-febrero-2
[FULL_3_ADA] t=1250.5s | pag=1392 | files=2236 | data=  3 | cola= 983 | prio=10 | http://www.adascz.com.bo/boletin-precios/boletin-precios-avicolas-11-de-febrero-3
[FULL_3_ADA] t=1251.6s | pag=1393 | files=2236 | data=  3 | cola= 982 | prio=10 | http://www.adascz.com.bo/boletin-precios/boletin-precios-avicolas-10-de-febrero-3
[FULL_3_ADA] t=1252.4s | pag=1394 | files=2236 | data=  3 | cola= 981 | prio=10 | http://www.adascz.com.bo/boletin-precios/boletin-precios-avicolas-09-de-febrero-3
[FULL_3_ADA] t=1253.5s | pag=1395 | files=2236 | data=  3 | cola= 980 | prio=10 | http://www.adascz.com.bo/boletin-precios/boletin-precios-avicolas-06-de-febrero-4
[FULL_3_ADA] t=1254.6s | pag=1396 | files=2236 | data=  3 | cola= 979 | prio=10 | http://www.adascz.com.bo/boletin-precios/boletin-precios-avicolas-05-de-febrero-3
[FULL_3_ADA] t=1255.6s | pag=1397 | files=2236 | data=  3 | cola= 978 | prio=10 | http://www.adascz.com.bo/boletin-precios/boletin-precios-avicolas-04-de-febrero-3
[FULL_3_ADA] t=1256.5s | pag=1398 | files=2236 | data=  3 | cola= 977 | prio=10 | http://www.adascz.com.bo/boletin-precios/boletin-precios-avicolas-03-de-febrero-4
[FULL_3_ADA] t=1257.1s | pag=1399 | files=2236 | data=  3 | cola= 976 | prio=10 | http://www.adascz.com.bo/boletin-precios/boletin-precios-avicolas-02-de-febrero-4
[FULL_3_ADA] t=1257.7s | pag=1400 | files=2236 | data=  3 | cola= 975 | prio=10 | http://www.adascz.com.bo/boletin-precios/boletin-precios-avicolas-30-de-enero-4
[FULL_3_ADA] t=1258.6s | pag=1401 | files=2236 | data=  3 | cola= 974 | prio=10 | http://www.adascz.com.bo/boletin-precios/boletin-precios-avicolas-29-de-enero-3
[FULL_3_ADA] t=1259.2s | pag=1402 | files=2236 | data=  3 | cola= 973 | prio=10 | http://www.adascz.com.bo/boletin-precios/boletin-precios-avicolas-28-de-enero-3
[FULL_3_ADA] t=1259.9s | pag=1403 | files=2236 | data=  3 | cola= 972 | prio=10 | http://www.adascz.com.bo/boletin-precios/boletin-precios-avicolas-27-de-enero-3
[FULL_3_ADA] t=1260.4s | pag=1404 | files=2236 | data=  3 | cola= 971 | prio=10 | http://www.adascz.com.bo/boletin-precios/boletin-precios-avicolas-26-de-enero-3
[FULL_3_ADA] t=1261.4s | pag=1405 | files=2236 | data=  3 | cola= 970 | prio=10 | http://www.adascz.com.bo/boletin-precios/boletin-precios-avicolas-22-de-enero
[FULL_3_ADA] t=1262.5s | pag=1406 | files=2236 | data=  3 | cola= 969 | prio=10 | http://www.adascz.com.bo/boletin-precios/boletin-precios-avicolas-21-de-enero-2
[FULL_3_ADA] t=1263.6s | pag=1407 | files=2236 | data=  3 | cola= 968 | prio=10 | http://www.adascz.com.bo/boletin-precios/boletin-precios-avicolas-20-de-enero-3
[FULL_3_ADA] t=1264.3s | pag=1408 | files=2236 | data=  3 | cola= 967 | prio=10 | http://www.adascz.com.bo/boletin-precios/boletin-precios-avicolas-19-de-enero-3
[FULL_3_ADA] t=1265.2s | pag=1409 | files=2236 | data=  3 | cola= 966 | prio=10 | http://www.adascz.com.bo/boletin-precios/boletin-precios-avicolas-15-de-enero-3
[FULL_3_ADA] t=1266.0s | pag=1410 | files=2236 | data=  3 | cola= 965 | prio=10 | http://www.adascz.com.bo/boletin-precios/boletin-precios-avicolas-14-de-enero-2
[FULL_3_ADA] t=1266.9s | pag=1411 | files=2236 | data=  3 | cola= 964 | prio=10 | http://www.adascz.com.bo/boletin-precios/boletin-precios-avicolas-13-de-enero-3
[FULL_3_ADA] t=1268.1s | pag=1412 | files=2236 | data=  3 | cola= 963 | prio=10 | http://www.adascz.com.bo/boletin-precios/boletin-precios-avicolas-12-de-enero-3
[FULL_3_ADA] t=1268.7s | pag=1413 | files=2236 | data=  3 | cola= 962 | prio=10 | http://www.adascz.com.bo/boletin-precios/boletin-precios-avicolas-09-de-enero-4
[FULL_3_ADA] t=1269.8s | pag=1414 | files=2236 | data=  3 | cola= 961 | prio=10 | http://www.adascz.com.bo/boletin-precios/boletin-precios-avicolas-08-de-enero-3
[FULL_3_ADA] t=1270.8s | pag=1415 | files=2236 | data=  3 | cola= 960 | prio=10 | http://www.adascz.com.bo/boletin-precios/boletin-precios-avicolas-07-de-enero-2
[FULL_3_ADA] t=1271.8s | pag=1416 | files=2236 | data=  3 | cola= 959 | prio=10 | http://www.adascz.com.bo/boletin-precios/boletin-precios-avicolas-06-de-enero-3
[FULL_3_ADA] t=1272.7s | pag=1417 | files=2236 | data=  3 | cola= 958 | prio=10 | http://www.adascz.com.bo/boletin-precios/boletin-precios-avicolas-05-de-enero-3
[FULL_3_ADA] t=1273.4s | pag=1418 | files=2236 | data=  3 | cola= 957 | prio=10 | http://www.adascz.com.bo/boletin-precios/boletin-precios-avicolas-30-de-diciembre-2
[FULL_3_ADA] t=1274.2s | pag=1419 | files=2236 | data=  3 | cola= 956 | prio=10 | http://www.adascz.com.bo/boletin-precios/boletin-precios-avicolas-29-de-diciembre-3
[FULL_3_ADA] t=1275.0s | pag=1420 | files=2236 | data=  3 | cola= 955 | prio=10 | http://www.adascz.com.bo/boletin-precios/boletin-precios-avicolas-24-de-diciembre-2
[FULL_3_ADA] t=1276.0s | pag=1421 | files=2236 | data=  3 | cola= 954 | prio=10 | http://www.adascz.com.bo/boletin-precios/boletin-precios-avicolas-23-de-diciembre-3
[FULL_3_ADA] t=1277.1s | pag=1422 | files=2236 | data=  3 | cola= 953 | prio=10 | http://www.adascz.com.bo/boletin-precios/boletin-precios-avicolas-22-de-diciembre-3
[FULL_3_ADA] t=1277.9s | pag=1423 | files=2236 | data=  3 | cola= 952 | prio=10 | http://www.adascz.com.bo/boletin-precios/boletin-precios-avicolas-19-de-diciembre-4
[FULL_3_ADA] t=1278.8s | pag=1424 | files=2236 | data=  3 | cola= 951 | prio=10 | http://www.adascz.com.bo/boletin-precios/boletin-precios-avicolas-18-de-diciembre-3
[FULL_3_ADA] t=1279.8s | pag=1425 | files=2236 | data=  3 | cola= 950 | prio=10 | http://www.adascz.com.bo/boletin-precios/boletin-precios-avicolas-17-de-diciembre-3
[FULL_3_ADA] t=1280.5s | pag=1426 | files=2236 | data=  3 | cola= 949 | prio=10 | http://www.adascz.com.bo/boletin-precios/boletin-precios-avicolas-16-de-diciembre-3
[FULL_3_ADA] t=1281.6s | pag=1427 | files=2236 | data=  3 | cola= 948 | prio=10 | http://www.adascz.com.bo/boletin-precios/boletin-precios-avicolas-15-de-diciembre-3
[FULL_3_ADA] t=1282.3s | pag=1428 | files=2236 | data=  3 | cola= 947 | prio=10 | http://www.adascz.com.bo/boletin-precios/boletin-precios-avicolas-12-de-diciembre-4
[FULL_3_ADA] t=1283.1s | pag=1429 | files=2236 | data=  3 | cola= 946 | prio=10 | http://www.adascz.com.bo/boletin-precios/boletin-precios-avicolas-11-de-diciembre-3
[FULL_3_ADA] t=1283.7s | pag=1430 | files=2236 | data=  3 | cola= 945 | prio=10 | http://www.adascz.com.bo/boletin-precios/boletin-precios-avicolas-10-de-diciembre
[FULL_3_ADA] t=1284.5s | pag=1431 | files=2236 | data=  3 | cola= 944 | prio=10 | http://www.adascz.com.bo/boletin-precios/boletin-precios-avicolas-09-de-diciembre-3
[FULL_3_ADA] t=1285.6s | pag=1432 | files=2236 | data=  3 | cola= 943 | prio=10 | http://www.adascz.com.bo/boletin-precios/boletin-precios-avicolas-08-de-diciembre-3
[FULL_3_ADA] t=1286.4s | pag=1433 | files=2236 | data=  3 | cola= 942 | prio=10 | http://www.adascz.com.bo/boletin-precios/boletin-precios-avicolas-05-de-diciembre-3
[FULL_3_ADA] t=1287.5s | pag=1434 | files=2236 | data=  3 | cola= 941 | prio=10 | http://www.adascz.com.bo/boletin-precios/boletin-precios-avicolas-04-de-diciembre-3
[FULL_3_ADA] t=1288.2s | pag=1435 | files=2236 | data=  3 | cola= 940 | prio=10 | http://www.adascz.com.bo/boletin-precios/boletin-precios-avicolas-03-de-diciembre-2
[FULL_3_ADA] t=1288.9s | pag=1436 | files=2236 | data=  3 | cola= 939 | prio=10 | http://www.adascz.com.bo/boletin-precios/boletin-precios-avicolas-01-de-diciembre-3
[FULL_3_ADA] t=1289.6s | pag=1437 | files=2236 | data=  3 | cola= 938 | prio=10 | http://www.adascz.com.bo/boletin-precios/boletin-precios-avicolas-21-de-noviembre-4
[FULL_3_ADA] t=1290.2s | pag=1438 | files=2236 | data=  3 | cola= 937 | prio=10 | http://www.adascz.com.bo/boletin-precios/boletin-precios-avicolas-19-de-noviembre-2
[FULL_3_ADA] t=1292.2s | pag=1439 | files=2236 | data=  3 | cola= 936 | prio=10 | http://www.adascz.com.bo/boletin-precios/boletin-precios-avicolas-18-de-noviembre-3
[FULL_3_ADA] t=1292.6s | pag=1440 | files=2236 | data=  3 | cola= 935 | prio=10 | http://www.adascz.com.bo/boletin-precios/boletin-precios-avicolas-14-de-noviembre-4
[FULL_3_ADA] t=1293.2s | pag=1441 | files=2236 | data=  3 | cola= 934 | prio=10 | http://www.adascz.com.bo/boletin-precios/boletin-precios-avicolas-12-de-noviembre-2
[FULL_3_ADA] t=1294.3s | pag=1442 | files=2236 | data=  3 | cola= 933 | prio=10 | http://www.adascz.com.bo/boletin-precios/boletin-precios-avicolas-11-de-noviembre-3
[FULL_3_ADA] t=1295.1s | pag=1443 | files=2236 | data=  3 | cola= 932 | prio=10 | http://www.adascz.com.bo/boletin-precios/boletin-precios-avicolas-10-de-noviembre-2
[FULL_3_ADA] t=1296.1s | pag=1444 | files=2236 | data=  3 | cola= 931 | prio=10 | http://www.adascz.com.bo/boletin-precios/boletin-precios-avicolas-07-de-noviembre-4
[FULL_3_ADA] t=1297.0s | pag=1445 | files=2236 | data=  3 | cola= 930 | prio=10 | http://www.adascz.com.bo/boletin-precios/boletin-precios-avicolas-06-de-noviembre-3
[FULL_3_ADA] t=1298.2s | pag=1446 | files=2236 | data=  3 | cola= 929 | prio=10 | http://www.adascz.com.bo/boletin-precios/boletin-precios-avicolas-05-de-noviembre
[FULL_3_ADA] t=1299.1s | pag=1447 | files=2236 | data=  3 | cola= 928 | prio=10 | http://www.adascz.com.bo/boletin-precios/boletin-precios-avicolas-04-de-noviembre-2
[FULL_3_ADA] t=1300.1s | pag=1448 | files=2236 | data=  3 | cola= 927 | prio=10 | http://www.adascz.com.bo/boletin-precios/boletin-precios-avicolas-31-de-octubre-4
[FULL_3_ADA] t=1300.7s | pag=1449 | files=2236 | data=  3 | cola= 926 | prio=10 | http://www.adascz.com.bo/boletin-precios/boletin-precios-avicolas-30-de-octubre-3
[FULL_3_ADA] t=1301.3s | pag=1450 | files=2236 | data=  3 | cola= 925 | prio=10 | http://www.adascz.com.bo/boletin-precios/boletin-precios-avicolas-29-de-octubre-2
[FULL_3_ADA] t=1302.0s | pag=1451 | files=2236 | data=  3 | cola= 924 | prio=10 | http://www.adascz.com.bo/boletin-precios/boletin-precios-avicolas-27-de-octubre-3
[FULL_3_ADA] t=1302.9s | pag=1452 | files=2236 | data=  3 | cola= 923 | prio=10 | http://www.adascz.com.bo/boletin-precios/boletin-precios-avicolas-24-de-octubre-3
[FULL_3_ADA] t=1303.8s | pag=1453 | files=2236 | data=  3 | cola= 922 | prio=10 | http://www.adascz.com.bo/boletin-precios/boletin-precios-avicolas-23-de-octubre-3
[FULL_3_ADA] t=1304.6s | pag=1454 | files=2236 | data=  3 | cola= 921 | prio=10 | http://www.adascz.com.bo/boletin-precios/boletin-precios-avicolas-22-de-octubre-2
[FULL_3_ADA] t=1305.2s | pag=1455 | files=2236 | data=  3 | cola= 920 | prio=10 | http://www.adascz.com.bo/boletin-precios/boletin-precios-avicolas-21-de-octubre-3
[FULL_3_ADA] t=1305.9s | pag=1456 | files=2236 | data=  3 | cola= 919 | prio=10 | http://www.adascz.com.bo/boletin-precios/boletin-precios-avicolas-20-de-octubre-3
[FULL_3_ADA] t=1306.7s | pag=1457 | files=2236 | data=  3 | cola= 918 | prio=10 | http://www.adascz.com.bo/boletin-precios/boletin-precios-avicolas-17-de-octubre-4
[FULL_3_ADA] t=1307.5s | pag=1458 | files=2236 | data=  3 | cola= 917 | prio=10 | http://www.adascz.com.bo/boletin-precios/boletin-precios-avicolas-16-de-octubre-3
[FULL_3_ADA] t=1308.5s | pag=1459 | files=2236 | data=  3 | cola= 916 | prio=10 | http://www.adascz.com.bo/boletin-precios/boletin-precios-avicolas-15-de-octubre-2
[FULL_3_ADA] t=1309.3s | pag=1460 | files=2236 | data=  3 | cola= 915 | prio=10 | http://www.adascz.com.bo/boletin-precios/boletin-precios-avicolas-14-de-octubre-3
[FULL_3_ADA] t=1310.4s | pag=1461 | files=2236 | data=  3 | cola= 914 | prio=10 | http://www.adascz.com.bo/boletin-precios/boletin-precios-avicolas-13-de-octubre-3
[FULL_3_ADA] t=1311.2s | pag=1462 | files=2236 | data=  3 | cola= 913 | prio=10 | http://www.adascz.com.bo/boletin-precios/boletin-precios-avicolas-10-de-octubre-4
[FULL_3_ADA] t=1312.0s | pag=1463 | files=2236 | data=  3 | cola= 912 | prio=10 | http://www.adascz.com.bo/boletin-precios/boletin-precios-avicolas-09-de-octubre-3
[FULL_3_ADA] t=1312.7s | pag=1464 | files=2236 | data=  3 | cola= 911 | prio=10 | http://www.adascz.com.bo/boletin-precios/boletin-precios-avicolas-08-de-octubre-2
[FULL_3_ADA] t=1313.3s | pag=1465 | files=2236 | data=  3 | cola= 910 | prio=10 | http://www.adascz.com.bo/boletin-precios/boletin-precios-avicolas-07-de-octubre-3
[FULL_3_ADA] t=1314.0s | pag=1466 | files=2236 | data=  3 | cola= 909 | prio=10 | http://www.adascz.com.bo/boletin-precios/boletin-precios-avicolas-06-de-octubre-3
[FULL_3_ADA] t=1315.2s | pag=1467 | files=2236 | data=  3 | cola= 908 | prio=10 | http://www.adascz.com.bo/boletin-precios/boletin-precios-avicolas-03-de-octubre-2
[FULL_3_ADA] t=1316.1s | pag=1468 | files=2236 | data=  3 | cola= 907 | prio=10 | http://www.adascz.com.bo/boletin-precios/boletin-precios-avicolas-02-de-octubre-3
[FULL_3_ADA] t=1316.9s | pag=1469 | files=2236 | data=  3 | cola= 906 | prio=10 | http://www.adascz.com.bo/boletin-precios/boletin-precios-avicolas-01-de-octubre-2
[FULL_3_ADA] t=1317.9s | pag=1470 | files=2236 | data=  3 | cola= 905 | prio=10 | http://www.adascz.com.bo/boletin-precios/boletin-precios-avicolas-30-de-septiembre-3
[FULL_3_ADA] t=1318.6s | pag=1471 | files=2236 | data=  3 | cola= 904 | prio=10 | http://www.adascz.com.bo/boletin-precios/boletin-precios-avicolas-29-de-septiembre-3
[FULL_3_ADA] t=1319.4s | pag=1472 | files=2236 | data=  3 | cola= 903 | prio=10 | http://www.adascz.com.bo/boletin-precios/boletin-precios-avicolas-26-de-septiembre-4
[FULL_3_ADA] t=1320.0s | pag=1473 | files=2236 | data=  3 | cola= 902 | prio=10 | http://www.adascz.com.bo/boletin-precios/boletin-precios-avicolas-25-de-septiembre-2
[FULL_3_ADA] t=1320.6s | pag=1474 | files=2236 | data=  3 | cola= 901 | prio=10 | http://www.adascz.com.bo/boletin-precios/boletin-precios-avicolas-23-de-septiembre-3
[FULL_3_ADA] t=1321.3s | pag=1475 | files=2236 | data=  3 | cola= 900 | prio=10 | http://www.adascz.com.bo/boletin-precios/boletin-precios-avicolas-22-de-septiembre-3
[FULL_3_ADA] t=1321.9s | pag=1476 | files=2236 | data=  3 | cola= 899 | prio=10 | http://www.adascz.com.bo/boletin-precios/boletin-precios-avicolas-19-de-septiembre-4
[FULL_3_ADA] t=1322.6s | pag=1477 | files=2236 | data=  3 | cola= 898 | prio=10 | http://www.adascz.com.bo/boletin-precios/boletin-precios-avicolas-18-de-septiembre-2
[FULL_3_ADA] t=1323.4s | pag=1478 | files=2236 | data=  3 | cola= 897 | prio=10 | http://www.adascz.com.bo/boletin-precios/boletin-precios-avicolas-17-de-septiembre-2
[FULL_3_ADA] t=1324.0s | pag=1479 | files=2236 | data=  3 | cola= 896 | prio=10 | http://www.adascz.com.bo/boletin-precios/boletin-precios-avicolas-16-de-septiembre-3
[FULL_3_ADA] t=1324.7s | pag=1480 | files=2236 | data=  3 | cola= 895 | prio=10 | http://www.adascz.com.bo/boletin-precios/boletin-precios-avicolas-15-de-septiembre-3
[FULL_3_ADA] t=1325.4s | pag=1481 | files=2236 | data=  3 | cola= 894 | prio=10 | http://www.adascz.com.bo/boletin-precios/boletin-precios-avicolas-12-de-septiembre-3
[FULL_3_ADA] t=1326.2s | pag=1482 | files=2236 | data=  3 | cola= 893 | prio=10 | http://www.adascz.com.bo/boletin-precios/boletin-precios-avicolas-11-de-septiembre-2
[FULL_3_ADA] t=1327.2s | pag=1483 | files=2236 | data=  3 | cola= 892 | prio=10 | http://www.adascz.com.bo/boletin-precios/boletin-precios-avicolas-10-de-septiembre-2
[FULL_3_ADA] t=1328.1s | pag=1484 | files=2236 | data=  3 | cola= 891 | prio=10 | http://www.adascz.com.bo/boletin-precios/boletin-precios-avicolas-09-de-septiembre-3
[FULL_3_ADA] t=1329.2s | pag=1485 | files=2236 | data=  3 | cola= 890 | prio=10 | http://www.adascz.com.bo/boletin-precios/boletin-precios-avicolas-08-de-septiembre-3
[FULL_3_ADA] t=1330.2s | pag=1486 | files=2236 | data=  3 | cola= 889 | prio=10 | http://www.adascz.com.bo/boletin-precios/boletin-precios-avicolas-05-de-septiembre-4
[FULL_3_ADA] t=1330.9s | pag=1487 | files=2236 | data=  3 | cola= 888 | prio=10 | http://www.adascz.com.bo/boletin-precios/boletin-precios-avicolas-04-de-septiembre-3
[FULL_3_ADA] t=1332.0s | pag=1488 | files=2236 | data=  3 | cola= 887 | prio=10 | http://www.adascz.com.bo/boletin-precios/boletin-precios-avicolas-03-de-septiembre-2
[FULL_3_ADA] t=1332.8s | pag=1489 | files=2236 | data=  3 | cola= 886 | prio=10 | http://www.adascz.com.bo/boletin-precios/boletin-precios-avicolas-02-de-septiembre-3
[FULL_3_ADA] t=1333.8s | pag=1490 | files=2236 | data=  3 | cola= 885 | prio=10 | http://www.adascz.com.bo/boletin-precios/boletin-precios-avicolas-01-de-septiembre-3
[FULL_3_ADA] t=1334.5s | pag=1491 | files=2236 | data=  3 | cola= 884 | prio=10 | http://www.adascz.com.bo/boletin-precios/boletin-precios-avicolas-29-de-agosto-4
[FULL_3_ADA] t=1335.7s | pag=1492 | files=2236 | data=  3 | cola= 883 | prio=10 | http://www.adascz.com.bo/boletin-precios/boletin-precios-avicolas-28-de-agosto-3
[FULL_3_ADA] t=1336.7s | pag=1493 | files=2236 | data=  3 | cola= 882 | prio=10 | http://www.adascz.com.bo/boletin-precios/boletin-precios-avicolas-27-de-agosto-2
[FULL_3_ADA] t=1337.3s | pag=1494 | files=2236 | data=  3 | cola= 881 | prio=10 | http://www.adascz.com.bo/boletin-precios/boletin-precios-avicolas-26-de-agosto-3
[FULL_3_ADA] t=1338.2s | pag=1495 | files=2236 | data=  3 | cola= 880 | prio=10 | http://www.adascz.com.bo/boletin-precios/boletin-precios-avicolas-25-de-agosto-3
[FULL_3_ADA] t=1339.1s | pag=1496 | files=2236 | data=  3 | cola= 879 | prio=10 | http://www.adascz.com.bo/boletin-precios/boletin-precios-avicolas-22-de-agosto-4
[FULL_3_ADA] t=1339.9s | pag=1497 | files=2236 | data=  3 | cola= 878 | prio=10 | http://www.adascz.com.bo/boletin-precios/boletin-precios-avicolas-21-de-agosto-6
[FULL_3_ADA] t=1340.7s | pag=1498 | files=2236 | data=  3 | cola= 877 | prio=10 | http://www.adascz.com.bo/boletin-precios/boletin-precios-avicolas-20-de-agosto-2
[FULL_3_ADA] t=1341.6s | pag=1499 | files=2236 | data=  3 | cola= 876 | prio=10 | http://www.adascz.com.bo/boletin-precios/boletin-precios-avicolas-19-de-agosto-3
[FULL_3_ADA] t=1342.3s | pag=1500 | files=2236 | data=  3 | cola= 875 | prio=10 | http://www.adascz.com.bo/boletin-precios/boletin-precios-avicolas-18-de-agosto-4
[FULL_3_ADA] t=1343.4s | pag=1501 | files=2236 | data=  3 | cola= 874 | prio=10 | http://www.adascz.com.bo/boletin-precios/boletin-precios-avicolas-15-de-agosto-4
[FULL_3_ADA] t=1344.2s | pag=1502 | files=2236 | data=  3 | cola= 873 | prio=10 | http://www.adascz.com.bo/boletin-precios/boletin-precios-avicolas-14-de-agosto-3
[FULL_3_ADA] t=1344.8s | pag=1503 | files=2236 | data=  3 | cola= 872 | prio=10 | http://www.adascz.com.bo/boletin-precios/boletin-precios-avicolas-13-de-agosto-2
[FULL_3_ADA] t=1345.9s | pag=1504 | files=2236 | data=  3 | cola= 871 | prio=10 | http://www.adascz.com.bo/boletin-precios/boletin-precios-avicolas-12-de-agosto-3
[FULL_3_ADA] t=1347.1s | pag=1505 | files=2236 | data=  3 | cola= 870 | prio=10 | http://www.adascz.com.bo/boletin-precios/boletin-precios-avicolas-11-de-agosto-3
[FULL_3_ADA] t=1348.1s | pag=1506 | files=2236 | data=  3 | cola= 869 | prio=10 | http://www.adascz.com.bo/boletin-precios/boletin-precios-avicolas-08-de-agosto-3
[FULL_3_ADA] t=1348.9s | pag=1507 | files=2236 | data=  3 | cola= 868 | prio=10 | http://www.adascz.com.bo/boletin-precios/boletin-precios-avicolas-05-de-agosto-3
[FULL_3_ADA] t=1349.9s | pag=1508 | files=2236 | data=  3 | cola= 867 | prio=10 | http://www.adascz.com.bo/boletin-precios/boletin-precios-avicolas-04-de-agosto-3
[FULL_3_ADA] t=1351.1s | pag=1509 | files=2236 | data=  3 | cola= 866 | prio=10 | http://www.adascz.com.bo/boletin-precios/boletin-precios-avicolas-01-de-agosto-3
[FULL_3_ADA] t=1352.2s | pag=1510 | files=2236 | data=  3 | cola= 865 | prio=10 | http://www.adascz.com.bo/boletin-precios/boletin-precios-avicolas-31-de-julio-3
[FULL_3_ADA] t=1353.5s | pag=1511 | files=2236 | data=  3 | cola= 864 | prio=10 | http://www.adascz.com.bo/boletin-precios/boletin-precios-avicolas-29-de-julio-3
[FULL_3_ADA] t=1354.6s | pag=1512 | files=2236 | data=  3 | cola= 863 | prio=10 | http://www.adascz.com.bo/boletin-precios/boletin-precios-avicolas-28-de-julio-3
[FULL_3_ADA] t=1355.7s | pag=1513 | files=2236 | data=  3 | cola= 862 | prio=10 | http://www.adascz.com.bo/boletin-precios/boletin-precios-avicolas-25-de-julio-3
[FULL_3_ADA] t=1356.3s | pag=1514 | files=2236 | data=  3 | cola= 861 | prio=10 | http://www.adascz.com.bo/boletin-precios/boletin-precios-avicolas-24-de-julio-3
[FULL_3_ADA] t=1357.2s | pag=1515 | files=2236 | data=  3 | cola= 860 | prio=10 | http://www.adascz.com.bo/boletin-precios/boletin-precios-avicolas-23-de-julio-2
[FULL_3_ADA] t=1358.0s | pag=1516 | files=2236 | data=  3 | cola= 859 | prio=10 | http://www.adascz.com.bo/boletin-precios/boletin-precios-avicolas-22-de-julio-3
[FULL_3_ADA] t=1358.6s | pag=1517 | files=2236 | data=  3 | cola= 858 | prio=10 | http://www.adascz.com.bo/boletin-precios/boletin-precios-avicolas-21-de-julio-3
[FULL_3_ADA] t=1359.4s | pag=1518 | files=2236 | data=  3 | cola= 857 | prio=10 | http://www.adascz.com.bo/boletin-precios/boletin-precios-avicolas-18-de-julio-4
[FULL_3_ADA] t=1360.1s | pag=1519 | files=2236 | data=  3 | cola= 856 | prio=10 | http://www.adascz.com.bo/boletin-precios/boletin-precios-avicolas-17-de-julio-3
[FULL_3_ADA] t=1360.9s | pag=1520 | files=2236 | data=  3 | cola= 855 | prio=10 | http://www.adascz.com.bo/boletin-precios/boletin-precios-avicolas-16-de-julio-2
[FULL_3_ADA] t=1361.6s | pag=1521 | files=2236 | data=  3 | cola= 854 | prio=10 | http://www.adascz.com.bo/boletin-precios/boletin-precios-avicolas-15-de-julio-3
[FULL_3_ADA] t=1362.6s | pag=1522 | files=2236 | data=  3 | cola= 853 | prio=10 | http://www.adascz.com.bo/boletin-precios/boletin-precios-avicolas-14-de-julio-3
[FULL_3_ADA] t=1363.7s | pag=1523 | files=2236 | data=  3 | cola= 852 | prio=10 | http://www.adascz.com.bo/boletin-precios/boletin-precios-avicolas-11-de-julio-5
[FULL_3_ADA] t=1364.4s | pag=1524 | files=2236 | data=  3 | cola= 851 | prio=10 | http://www.adascz.com.bo/boletin-precios/boletin-precios-avicolas-10-de-julio-2
[FULL_3_ADA] t=1365.1s | pag=1525 | files=2236 | data=  3 | cola= 850 | prio=10 | http://www.adascz.com.bo/boletin-precios/boletin-precios-avicolas-08-de-julio-3
[FULL_3_ADA] t=1366.1s | pag=1526 | files=2236 | data=  3 | cola= 849 | prio=10 | http://www.adascz.com.bo/boletin-precios/boletin-precios-avicolas-07-de-julio-3
[FULL_3_ADA] t=1366.7s | pag=1527 | files=2236 | data=  3 | cola= 848 | prio=10 | http://www.adascz.com.bo/boletin-precios/boletin-precios-avicolas-04-de-julio-4
[FULL_3_ADA] t=1367.6s | pag=1528 | files=2236 | data=  3 | cola= 847 | prio=10 | http://www.adascz.com.bo/boletin-precios/boletin-precios-avicolas-03-de-julio-3
[FULL_3_ADA] t=1368.3s | pag=1529 | files=2236 | data=  3 | cola= 846 | prio=10 | http://www.adascz.com.bo/boletin-precios/boletin-precios-avicolas-02-de-julio-2
[FULL_3_ADA] t=1369.3s | pag=1530 | files=2236 | data=  3 | cola= 845 | prio=10 | http://www.adascz.com.bo/boletin-precios/boletin-precios-avicolas-01-de-julio-3
[FULL_3_ADA] t=1370.2s | pag=1531 | files=2236 | data=  3 | cola= 844 | prio=10 | http://www.adascz.com.bo/boletin-precios/boletin-precios-avicolas-30-de-junio-3
[FULL_3_ADA] t=1370.9s | pag=1532 | files=2236 | data=  3 | cola= 843 | prio=10 | http://www.adascz.com.bo/boletin-precios/boletin-precios-avicolas-27-de-junio-4
[FULL_3_ADA] t=1371.5s | pag=1533 | files=2236 | data=  3 | cola= 842 | prio=10 | http://www.adascz.com.bo/boletin-precios/boletin-precios-avicolas-26-de-junio-3
[FULL_3_ADA] t=1372.5s | pag=1534 | files=2236 | data=  3 | cola= 841 | prio=10 | http://www.adascz.com.bo/boletin-precios/boletin-precios-avicolas-25-de-junio-2
[FULL_3_ADA] t=1373.2s | pag=1535 | files=2236 | data=  3 | cola= 840 | prio=10 | http://www.adascz.com.bo/boletin-precios/boletin-precios-avicolas-24-de-junio-3
[FULL_3_ADA] t=1373.9s | pag=1536 | files=2236 | data=  3 | cola= 839 | prio=10 | http://www.adascz.com.bo/boletin-precios/boletin-precios-avicolas-23-de-junio-2
[FULL_3_ADA] t=1374.8s | pag=1537 | files=2236 | data=  3 | cola= 838 | prio=10 | http://www.adascz.com.bo/boletin-precios/boletin-precios-avicolas-16-de-junio-2
[FULL_3_ADA] t=1375.9s | pag=1538 | files=2236 | data=  3 | cola= 837 | prio=10 | http://www.adascz.com.bo/boletin-precios/boletin-precios-avicolas-13-de-junio-4
[FULL_3_ADA] t=1376.5s | pag=1539 | files=2236 | data=  3 | cola= 836 | prio=10 | http://www.adascz.com.bo/boletin-precios/boletin-precios-avicolas-12-de-junio-3
[FULL_3_ADA] t=1377.1s | pag=1540 | files=2236 | data=  3 | cola= 835 | prio=10 | http://www.adascz.com.bo/boletin-precios/boletin-precios-avicolas-11-de-junio-2
[FULL_3_ADA] t=1378.0s | pag=1541 | files=2236 | data=  3 | cola= 834 | prio=10 | http://www.adascz.com.bo/boletin-precios/boletin-precios-avicolas-10-de-junio-3
[FULL_3_ADA] t=1378.9s | pag=1542 | files=2236 | data=  3 | cola= 833 | prio=10 | http://www.adascz.com.bo/boletin-precios/boletin-precios-avicolas-09-de-junio-3
[FULL_3_ADA] t=1379.9s | pag=1543 | files=2236 | data=  3 | cola= 832 | prio=10 | http://www.adascz.com.bo/boletin-precios/boletin-precios-avicolas-06-de-junio-4
[FULL_3_ADA] t=1380.7s | pag=1544 | files=2236 | data=  3 | cola= 831 | prio=10 | http://www.adascz.com.bo/boletin-precios/boletin-precios-avicolas-05-de-junio-3
[FULL_3_ADA] t=1381.4s | pag=1545 | files=2236 | data=  3 | cola= 830 | prio=10 | http://www.adascz.com.bo/boletin-precios/boletin-precios-avicolas-04-de-junio-2
[FULL_3_ADA] t=1382.3s | pag=1546 | files=2236 | data=  3 | cola= 829 | prio=10 | http://www.adascz.com.bo/boletin-precios/boletin-precios-avicolas-03-de-junio-3
[FULL_3_ADA] t=1383.2s | pag=1547 | files=2236 | data=  3 | cola= 828 | prio=10 | http://www.adascz.com.bo/boletin-precios/boletin-precios-avicolas-02-de-junio-3
[FULL_3_ADA] t=1384.0s | pag=1547 | files=2236 | data=  3 | cola= 827 | prio=10 | http://www.adascz.com.bo/boletin-precios/boletin-precios-avicolas-30-de-mayo-3
[FULL_3_ADA] t=1385.1s | pag=1548 | files=2236 | data=  3 | cola= 826 | prio=10 | http://www.adascz.com.bo/boletin-precios/boletin-precios-avicolas-27-de-mayo-3
[FULL_3_ADA] t=1386.2s | pag=1549 | files=2236 | data=  3 | cola= 825 | prio=10 | http://www.adascz.com.bo/boletin-precios/boletin-precios-avicolas-26-de-mayo-2
[FULL_3_ADA] t=1387.3s | pag=1550 | files=2236 | data=  3 | cola= 824 | prio=10 | http://www.adascz.com.bo/boletin-precios/boletin-precios-avicolas-23-de-mayo-4
[FULL_3_ADA] t=1388.3s | pag=1551 | files=2236 | data=  3 | cola= 823 | prio=10 | http://www.adascz.com.bo/boletin-precios/boletin-precios-avicolas-22-de-mayo-3
[FULL_3_ADA] t=1389.2s | pag=1552 | files=2236 | data=  3 | cola= 822 | prio=10 | http://www.adascz.com.bo/boletin-precios/boletin-precios-avicolas-21-de-mayo-2
[FULL_3_ADA] t=1390.2s | pag=1553 | files=2236 | data=  3 | cola= 821 | prio=10 | http://www.adascz.com.bo/boletin-precios/boletin-precios-avicolas-20-de-mayo-3
[FULL_3_ADA] t=1391.1s | pag=1554 | files=2236 | data=  3 | cola= 820 | prio=10 | http://www.adascz.com.bo/boletin-precios/boletin-precios-avicolas-19-de-mayo-3
[FULL_3_ADA] t=1392.0s | pag=1555 | files=2236 | data=  3 | cola= 819 | prio=10 | http://www.adascz.com.bo/boletin-precios/boletin-precios-avicolas-16-de-mayo-4
[FULL_3_ADA] t=1393.0s | pag=1556 | files=2236 | data=  3 | cola= 818 | prio=10 | http://www.adascz.com.bo/boletin-precios/boletin-precios-avicolas-15-de-mayo-3
[FULL_3_ADA] t=1393.9s | pag=1557 | files=2236 | data=  3 | cola= 817 | prio=10 | http://www.adascz.com.bo/boletin-precios/boletin-precios-avicolas-14-de-mayo-2
[FULL_3_ADA] t=1394.5s | pag=1558 | files=2236 | data=  3 | cola= 816 | prio=10 | http://www.adascz.com.bo/boletin-precios/boletin-precios-avicolas-13-de-mayo-3
[FULL_3_ADA] t=1395.4s | pag=1559 | files=2236 | data=  3 | cola= 815 | prio=10 | http://www.adascz.com.bo/boletin-precios/boletin-precios-avicolas-12-de-mayo-3
[FULL_3_ADA] t=1396.1s | pag=1560 | files=2236 | data=  3 | cola= 814 | prio=10 | http://www.adascz.com.bo/boletin-precios/boletin-precios-avicolas-09-de-mayo-3
[FULL_3_ADA] t=1397.2s | pag=1561 | files=2236 | data=  3 | cola= 813 | prio=10 | http://www.adascz.com.bo/boletin-precios/boletin-precios-avicolas-08-de-mayo-2
[FULL_3_ADA] t=1397.8s | pag=1562 | files=2236 | data=  3 | cola= 812 | prio=10 | http://www.adascz.com.bo/boletin-precios/boletin-precios-avicolas-07-de-mayo-2
[FULL_3_ADA] t=1398.8s | pag=1563 | files=2236 | data=  3 | cola= 811 | prio=10 | http://www.adascz.com.bo/boletin-precios/boletin-precios-avicolas-06-de-mayo-3
[FULL_3_ADA] t=1399.4s | pag=1564 | files=2236 | data=  3 | cola= 810 | prio=10 | http://www.adascz.com.bo/boletin-precios/boletin-precios-avicolas-05-de-mayo-2
[FULL_3_ADA] t=1400.6s | pag=1565 | files=2236 | data=  3 | cola= 809 | prio=10 | http://www.adascz.com.bo/boletin-precios/boletin-precios-avicolas-02-de-mayo-2
[FULL_3_ADA] t=1401.7s | pag=1566 | files=2236 | data=  3 | cola= 808 | prio=10 | http://www.adascz.com.bo/boletin-precios/boletin-precios-avicolas-30-de-abril-2
[FULL_3_ADA] t=1402.6s | pag=1567 | files=2236 | data=  3 | cola= 807 | prio=10 | http://www.adascz.com.bo/boletin-precios/boletin-precios-avicolas-29-de-abril-3
[FULL_3_ADA] t=1403.7s | pag=1568 | files=2236 | data=  3 | cola= 806 | prio=10 | http://www.adascz.com.bo/boletin-precios/boletin-precios-avicolas-28-de-abril-4
[FULL_3_ADA] t=1404.4s | pag=1569 | files=2236 | data=  3 | cola= 805 | prio=10 | http://www.adascz.com.bo/boletin-precios/boletin-precios-avicolas-24-de-abril-3
[FULL_3_ADA] t=1405.0s | pag=1570 | files=2236 | data=  3 | cola= 804 | prio=10 | http://www.adascz.com.bo/boletin-precios/boletin-precios-avicolas-23-de-abril-2
[FULL_3_ADA] t=1405.8s | pag=1571 | files=2236 | data=  3 | cola= 803 | prio=10 | http://www.adascz.com.bo/boletin-precios/boletin-precios-avicolas-22-de-abril-3
[FULL_3_ADA] t=1406.9s | pag=1572 | files=2236 | data=  3 | cola= 802 | prio=10 | http://www.adascz.com.bo/boletin-precios/boletin-precios-avicolas-21-de-abril-4
[FULL_3_ADA] t=1407.6s | pag=1573 | files=2236 | data=  3 | cola= 801 | prio=10 | http://www.adascz.com.bo/boletin-precios/boletin-precios-avicolas-17-de-abril-2
[FULL_3_ADA] t=1408.7s | pag=1574 | files=2236 | data=  3 | cola= 800 | prio=10 | http://www.adascz.com.bo/boletin-precios/boletin-precios-avicolas-16-de-abril-2
[FULL_3_ADA] t=1409.5s | pag=1575 | files=2236 | data=  3 | cola= 799 | prio=10 | http://www.adascz.com.bo/boletin-precios/boletin-precios-avicolas-15-de-abril-2
[FULL_3_ADA] t=1410.5s | pag=1576 | files=2236 | data=  3 | cola= 798 | prio=10 | http://www.adascz.com.bo/boletin-precios/boletin-precios-avicolas-14-de-abril-3
[FULL_3_ADA] t=1411.3s | pag=1577 | files=2236 | data=  3 | cola= 797 | prio=10 | http://www.adascz.com.bo/boletin-precios/boletin-precios-avicolas-11-de-abril-3
[FULL_3_ADA] t=1411.9s | pag=1578 | files=2236 | data=  3 | cola= 796 | prio=10 | http://www.adascz.com.bo/boletin-precios/boletin-precios-avicolas-09-de-abril-2
[FULL_3_ADA] t=1412.6s | pag=1579 | files=2236 | data=  3 | cola= 795 | prio=10 | http://www.adascz.com.bo/boletin-precios/boletin-precios-avicolas-08-de-abril-3
[FULL_3_ADA] t=1413.7s | pag=1580 | files=2236 | data=  3 | cola= 794 | prio=10 | http://www.adascz.com.bo/boletin-precios/boletin-precios-avicolas-07-de-abril-2
[FULL_3_ADA] t=1414.8s | pag=1581 | files=2236 | data=  3 | cola= 793 | prio=10 | http://www.adascz.com.bo/boletin-precios/boletin-precios-avicolas-02-de-abril-2
[FULL_3_ADA] t=1415.7s | pag=1582 | files=2236 | data=  3 | cola= 792 | prio=10 | http://www.adascz.com.bo/boletin-precios/boletin-precios-avicolas-01-de-abril-3
[FULL_3_ADA] t=1416.6s | pag=1583 | files=2236 | data=  3 | cola= 791 | prio=10 | http://www.adascz.com.bo/boletin-precios/boletin-precios-avicolas-31-de-marzo-3
[FULL_3_ADA] t=1417.7s | pag=1584 | files=2236 | data=  3 | cola= 790 | prio=10 | http://www.adascz.com.bo/boletin-precios/boletin-precios-avicolas-28-de-marzo-4
[FULL_3_ADA] t=1418.9s | pag=1585 | files=2236 | data=  3 | cola= 789 | prio=10 | http://www.adascz.com.bo/boletin-precios/boletin-precios-avicolas-27-de-marzo-3
[FULL_3_ADA] t=1419.9s | pag=1586 | files=2236 | data=  3 | cola= 788 | prio=10 | http://www.adascz.com.bo/boletin-precios/boletin-precios-avicolas-26-de-marzo-2
[FULL_3_ADA] t=1420.6s | pag=1587 | files=2236 | data=  3 | cola= 787 | prio=10 | http://www.adascz.com.bo/boletin-precios/boletin-precios-avicolas-25-de-marzo-3
[FULL_3_ADA] t=1421.6s | pag=1588 | files=2236 | data=  3 | cola= 786 | prio=10 | http://www.adascz.com.bo/boletin-precios/boletin-precios-avicolas-24-de-marzo-3
[FULL_3_ADA] t=1422.3s | pag=1589 | files=2236 | data=  3 | cola= 785 | prio=10 | http://www.adascz.com.bo/boletin-precios/boletin-precios-avicolas-21-de-marzo-5
[FULL_3_ADA] t=1423.3s | pag=1590 | files=2236 | data=  3 | cola= 784 | prio=10 | http://www.adascz.com.bo/boletin-precios/boletin-precios-avicolas-20-de-marzo-3
[FULL_3_ADA] t=1424.4s | pag=1591 | files=2236 | data=  3 | cola= 783 | prio=10 | http://www.adascz.com.bo/boletin-precios/boletin-precios-avicolas-19-de-marzo-2
[FULL_3_ADA] t=1425.3s | pag=1592 | files=2236 | data=  3 | cola= 782 | prio=10 | http://www.adascz.com.bo/boletin-precios/boletin-precios-avicolas-18-de-marzo-3
[FULL_3_ADA] t=1426.1s | pag=1593 | files=2236 | data=  3 | cola= 781 | prio=10 | http://www.adascz.com.bo/boletin-precios/boletin-precios-avicolas-17-de-marzo-3
[FULL_3_ADA] t=1426.9s | pag=1594 | files=2236 | data=  3 | cola= 780 | prio=10 | http://www.adascz.com.bo/boletin-precios/boletin-precios-avicolas-14-de-marzo-4
[FULL_3_ADA] t=1428.0s | pag=1595 | files=2236 | data=  3 | cola= 779 | prio=10 | http://www.adascz.com.bo/boletin-precios/boletin-precios-avicolas-13-de-marzo-3
[FULL_3_ADA] t=1429.0s | pag=1596 | files=2236 | data=  3 | cola= 778 | prio=10 | http://www.adascz.com.bo/boletin-precios/boletin-precios-avicolas-12-de-marzo-2
[FULL_3_ADA] t=1429.8s | pag=1597 | files=2236 | data=  3 | cola= 777 | prio=10 | http://www.adascz.com.bo/boletin-precios/boletin-precios-avicolas-11-de-marzo-3
[FULL_3_ADA] t=1430.4s | pag=1598 | files=2236 | data=  3 | cola= 776 | prio=10 | http://www.adascz.com.bo/boletin-precios/boletin-precios-avicolas-10-de-marzo-3
[FULL_3_ADA] t=1432.2s | pag=1599 | files=2236 | data=  3 | cola= 775 | prio=10 | http://www.adascz.com.bo/boletin-precios/boletin-precios-avicolas-07-de-marzo-3
[FULL_3_ADA] t=1432.6s | pag=1600 | files=2236 | data=  3 | cola= 774 | prio=10 | http://www.adascz.com.bo/boletin-precios/boletin-precios-avicolas-06-de-marzo-3
[FULL_3_ADA] t=1433.4s | pag=1601 | files=2236 | data=  3 | cola= 773 | prio=10 | http://www.adascz.com.bo/boletin-precios/boletin-precios-avicolas-28-de-febrero-3
[FULL_3_ADA] t=1434.4s | pag=1602 | files=2236 | data=  3 | cola= 772 | prio=10 | http://www.adascz.com.bo/boletin-precios/boletin-precios-avicolas-27-de-febrero-2
[FULL_3_ADA] t=1435.1s | pag=1603 | files=2236 | data=  3 | cola= 771 | prio=10 | http://www.adascz.com.bo/boletin-precios/boletin-precios-avicolas-26-de-febrero-2
[FULL_3_ADA] t=1436.0s | pag=1604 | files=2236 | data=  3 | cola= 770 | prio=10 | http://www.adascz.com.bo/boletin-precios/boletin-precios-avicolas-25-de-febrero-2
[FULL_3_ADA] t=1437.1s | pag=1605 | files=2236 | data=  3 | cola= 769 | prio=10 | http://www.adascz.com.bo/boletin-precios/boletin-precios-avicolas-24-de-febrero-4
[FULL_3_ADA] t=1437.8s | pag=1606 | files=2236 | data=  3 | cola= 768 | prio=10 | http://www.adascz.com.bo/boletin-precios/boletin-precios-avicolas-21-de-febrero-3
[FULL_3_ADA] t=1438.6s | pag=1607 | files=2236 | data=  3 | cola= 767 | prio=10 | http://www.adascz.com.bo/boletin-precios/boletin-precios-avicolas-20-de-febrero-2
[FULL_3_ADA] t=1439.2s | pag=1608 | files=2236 | data=  3 | cola= 766 | prio=10 | http://www.adascz.com.bo/boletin-precios/boletin-precios-avicolas-19-de-febrero-2
[FULL_3_ADA] t=1440.2s | pag=1609 | files=2236 | data=  3 | cola= 765 | prio=10 | http://www.adascz.com.bo/boletin-precios/boletin-precios-avicolas-17-de-febrero-3
[FULL_3_ADA] t=1441.2s | pag=1610 | files=2236 | data=  3 | cola= 764 | prio=10 | http://www.adascz.com.bo/boletin-precios/boletin-precios-avicolas-13-de-febrero-2
[FULL_3_ADA] t=1442.1s | pag=1611 | files=2236 | data=  3 | cola= 763 | prio=10 | http://www.adascz.com.bo/boletin-precios/boletin-precios-avicolas-12-de-febrero
[FULL_3_ADA] t=1443.1s | pag=1612 | files=2236 | data=  3 | cola= 762 | prio=10 | http://www.adascz.com.bo/boletin-precios/boletin-precios-avicolas-11-de-febrero-2
[FULL_3_ADA] t=1443.7s | pag=1613 | files=2236 | data=  3 | cola= 761 | prio=10 | http://www.adascz.com.bo/boletin-precios/boletin-precios-avicolas-07-de-febrero-4
[FULL_3_ADA] t=1444.6s | pag=1614 | files=2236 | data=  3 | cola= 760 | prio=10 | http://www.adascz.com.bo/boletin-precios/boletin-precios-avicolas-06-de-febrero-3
[FULL_3_ADA] t=1447.7s | pag=1615 | files=2236 | data=  3 | cola= 759 | prio=10 | http://www.adascz.com.bo/boletin-precios/boletin-precios-avicolas-05-de-febrero-2
[FULL_3_ADA] t=1448.9s | pag=1616 | files=2236 | data=  3 | cola= 758 | prio=10 | http://www.adascz.com.bo/boletin-precios/boletin-precios-avicolas-04-de-febrero-2
[FULL_3_ADA] t=1450.0s | pag=1617 | files=2236 | data=  3 | cola= 757 | prio=10 | http://www.adascz.com.bo/boletin-precios/boletin-precios-avicolas-31-de-enero-4
[FULL_3_ADA] t=1450.9s | pag=1618 | files=2236 | data=  3 | cola= 756 | prio=10 | http://www.adascz.com.bo/boletin-precios/boletin-precios-avicolas-30-de-enero-3
[FULL_3_ADA] t=1452.0s | pag=1619 | files=2236 | data=  3 | cola= 755 | prio=10 | http://www.adascz.com.bo/boletin-precios/boletin-precios-avicolas-29-de-enero-2
[FULL_3_ADA] t=1452.9s | pag=1620 | files=2236 | data=  3 | cola= 754 | prio=10 | http://www.adascz.com.bo/boletin-precios/boletin-precios-avicolas-28-de-enero-2
[FULL_3_ADA] t=1453.5s | pag=1621 | files=2236 | data=  3 | cola= 753 | prio=10 | http://www.adascz.com.bo/boletin-precios/boletin-precios-avicolas-27-de-enero-2
[FULL_3_ADA] t=1454.4s | pag=1622 | files=2236 | data=  3 | cola= 752 | prio=10 | http://www.adascz.com.bo/boletin-precios/boletin-precios-avicolas-24-de-enero-3
[FULL_3_ADA] t=1455.2s | pag=1623 | files=2236 | data=  3 | cola= 751 | prio=10 | http://www.adascz.com.bo/boletin-precios/boletin-precios-avicolas-23-de-enero-2
[FULL_3_ADA] t=1456.4s | pag=1624 | files=2236 | data=  3 | cola= 750 | prio=10 | http://www.adascz.com.bo/boletin-precios/boletin-precios-avicolas-20-de-enero-2
[FULL_3_ADA] t=1457.2s | pag=1625 | files=2236 | data=  3 | cola= 749 | prio=10 | http://www.adascz.com.bo/boletin-precios/boletin-precios-avicolas-17-de-enero-3
[FULL_3_ADA] t=1458.5s | pag=1626 | files=2236 | data=  3 | cola= 748 | prio=10 | http://www.adascz.com.bo/boletin-precios/boletin-precios-avicolas-16-de-enero-3
[FULL_3_ADA] t=1459.5s | pag=1627 | files=2236 | data=  3 | cola= 747 | prio=10 | http://www.adascz.com.bo/boletin-precios/boletin-precios-avicolas-15-de-enero-2
[FULL_3_ADA] t=1460.2s | pag=1628 | files=2236 | data=  3 | cola= 746 | prio=10 | http://www.adascz.com.bo/boletin-precios/boletin-precios-avicolas-14-de-enero
[FULL_3_ADA] t=1460.9s | pag=1629 | files=2236 | data=  3 | cola= 745 | prio=10 | http://www.adascz.com.bo/boletin-precios/boletin-precios-avicolas-13-de-enero-2
[FULL_3_ADA] t=1461.7s | pag=1630 | files=2236 | data=  3 | cola= 744 | prio=10 | http://www.adascz.com.bo/boletin-precios/boletin-precios-avicolas-10-de-enero-3
[FULL_3_ADA] t=1462.5s | pag=1631 | files=2236 | data=  3 | cola= 743 | prio=10 | http://www.adascz.com.bo/boletin-precios/boletin-precios-avicolas-09-de-enero-3
[FULL_3_ADA] t=1463.2s | pag=1632 | files=2236 | data=  3 | cola= 742 | prio=10 | http://www.adascz.com.bo/boletin-precios/boletin-precios-avicolas-08-de-enero-2
[FULL_3_ADA] t=1464.3s | pag=1633 | files=2236 | data=  3 | cola= 741 | prio=10 | http://www.adascz.com.bo/boletin-precios/boletin-precios-avicolas-07-de-enero
[FULL_3_ADA] t=1465.1s | pag=1634 | files=2236 | data=  3 | cola= 740 | prio=10 | http://www.adascz.com.bo/boletin-precios/boletin-precios-avicolas-06-de-enero-2
[FULL_3_ADA] t=1465.8s | pag=1635 | files=2236 | data=  3 | cola= 739 | prio=10 | http://www.adascz.com.bo/boletin-precios/boletin-precios-avicolas-03-de-enero-3
[FULL_3_ADA] t=1466.8s | pag=1636 | files=2236 | data=  3 | cola= 738 | prio=10 | http://www.adascz.com.bo/boletin-precios/boletin-precios-avicolas-02-de-enero-2
[FULL_3_ADA] t=1467.8s | pag=1637 | files=2236 | data=  3 | cola= 737 | prio=10 | http://www.adascz.com.bo/boletin-precios/boletin-precios-avicolas-31-de-diciembre
[FULL_3_ADA] t=1468.8s | pag=1638 | files=2236 | data=  3 | cola= 736 | prio=10 | http://www.adascz.com.bo/boletin-precios/boletin-precios-avicolas-30-de-diciembre
[FULL_3_ADA] t=1469.7s | pag=1639 | files=2236 | data=  3 | cola= 735 | prio=10 | http://www.adascz.com.bo/boletin-precios/boletin-precios-avicolas-27-de-diciembre-3
[FULL_3_ADA] t=1470.5s | pag=1640 | files=2236 | data=  3 | cola= 734 | prio=10 | http://www.adascz.com.bo/boletin-precios/boletin-precios-avicolas-26-de-diciembre-2
[FULL_3_ADA] t=1471.5s | pag=1641 | files=2236 | data=  3 | cola= 733 | prio=10 | http://www.adascz.com.bo/boletin-precios/boletin-precios-avicolas-24-de-diciembre
[FULL_3_ADA] t=1472.1s | pag=1642 | files=2236 | data=  3 | cola= 732 | prio=10 | http://www.adascz.com.bo/boletin-precios/boletin-precios-avicolas-23-de-diciembre-2
[FULL_3_ADA] t=1472.8s | pag=1643 | files=2236 | data=  3 | cola= 731 | prio=10 | http://www.adascz.com.bo/boletin-precios/boletin-precios-avicolas-20-de-diciembre-3
[FULL_3_ADA] t=1473.7s | pag=1644 | files=2236 | data=  3 | cola= 730 | prio=10 | http://www.adascz.com.bo/boletin-precios/boletin-precios-avicolas-19-de-diciembre-3
[FULL_3_ADA] t=1474.9s | pag=1645 | files=2236 | data=  3 | cola= 729 | prio=10 | http://www.adascz.com.bo/boletin-precios/boletin-precios-avicolas-18-de-diciembre-2
[FULL_3_ADA] t=1475.8s | pag=1646 | files=2236 | data=  3 | cola= 728 | prio=10 | http://www.adascz.com.bo/boletin-precios/boletin-precios-avicolas-17-de-diciembre-2
[FULL_3_ADA] t=1476.4s | pag=1647 | files=2236 | data=  3 | cola= 727 | prio=10 | http://www.adascz.com.bo/boletin-precios/boletin-precios-avicolas-16-de-diciembre-2
[FULL_3_ADA] t=1477.3s | pag=1648 | files=2236 | data=  3 | cola= 726 | prio=10 | http://www.adascz.com.bo/boletin-precios/boletin-precios-avicolas-13-de-diciembre-3
[FULL_3_ADA] t=1478.2s | pag=1649 | files=2236 | data=  3 | cola= 725 | prio=10 | http://www.adascz.com.bo/boletin-precios/boletin-precios-avicolas-12-de-diciembre-3
[FULL_3_ADA] t=1478.9s | pag=1650 | files=2236 | data=  3 | cola= 724 | prio=10 | http://www.adascz.com.bo/boletin-precios/boletin-precios-avicolas-11-de-diciembre-2
[FULL_3_ADA] t=1480.0s | pag=1651 | files=2236 | data=  3 | cola= 723 | prio=10 | http://www.adascz.com.bo/boletin-precios/boletin-precios-avicolas-09-de-diciembre-2
[FULL_3_ADA] t=1480.8s | pag=1652 | files=2236 | data=  3 | cola= 722 | prio=10 | http://www.adascz.com.bo/boletin-precios/boletin-precios-avicolas-06-de-diciembre-3
[FULL_3_ADA] t=1481.8s | pag=1653 | files=2236 | data=  3 | cola= 721 | prio=10 | http://www.adascz.com.bo/boletin-precios/boletin-precios-avicolas-05-de-diciembre-2
[FULL_3_ADA] t=1482.7s | pag=1654 | files=2236 | data=  3 | cola= 720 | prio=10 | http://www.adascz.com.bo/boletin-precios/boletin-precios-avicolas-04-de-diciembre-2
[FULL_3_ADA] t=1483.3s | pag=1655 | files=2236 | data=  3 | cola= 719 | prio=10 | http://www.adascz.com.bo/boletin-precios/boletin-precios-avicolas-03-de-diciembre
[FULL_3_ADA] t=1484.5s | pag=1656 | files=2236 | data=  3 | cola= 718 | prio=10 | http://www.adascz.com.bo/boletin-precios/boletin-precios-avicolas-02-de-diciembre-2
[FULL_3_ADA] t=1485.5s | pag=1657 | files=2236 | data=  3 | cola= 717 | prio=10 | http://www.adascz.com.bo/boletin-precios/boletin-precios-avicolas-26-de-noviembre
[FULL_3_ADA] t=1486.1s | pag=1658 | files=2236 | data=  3 | cola= 716 | prio=10 | http://www.adascz.com.bo/boletin-precios/boletin-precios-avicolas-21-de-noviembre-3
[FULL_3_ADA] t=1486.7s | pag=1659 | files=2236 | data=  3 | cola= 715 | prio=10 | http://www.adascz.com.bo/boletin-precios/boletin-precios-avicolas-20-de-noviembre-2
[FULL_3_ADA] t=1487.5s | pag=1660 | files=2236 | data=  3 | cola= 714 | prio=10 | http://www.adascz.com.bo/boletin-precios/boletin-precios-avicolas-19-de-noviembre
[FULL_3_ADA] t=1488.5s | pag=1661 | files=2236 | data=  3 | cola= 713 | prio=10 | http://www.adascz.com.bo/boletin-precios/boletin-precios-avicolas-18-de-noviembre-2
[FULL_3_ADA] t=1489.3s | pag=1662 | files=2236 | data=  3 | cola= 712 | prio=10 | http://www.adascz.com.bo/boletin-precios/boletin-precios-avicolas-15-de-noviembre-3
[FULL_3_ADA] t=1490.4s | pag=1663 | files=2236 | data=  3 | cola= 711 | prio=10 | http://www.adascz.com.bo/boletin-precios/boletin-precios-avicolas-14-de-noviembre-3
[FULL_3_ADA] t=1491.1s | pag=1664 | files=2236 | data=  3 | cola= 710 | prio=10 | http://www.adascz.com.bo/boletin-precios/boletin-precios-avicolas-13-de-noviembre-2
[FULL_3_ADA] t=1492.2s | pag=1665 | files=2236 | data=  3 | cola= 709 | prio=10 | http://www.adascz.com.bo/boletin-precios/boletin-precios-avicolas-12-de-noviembre
[FULL_3_ADA] t=1493.2s | pag=1666 | files=2236 | data=  3 | cola= 708 | prio=10 | http://www.adascz.com.bo/boletin-precios/boletin-precios-avicolas-11-de-noviembre-2
[FULL_3_ADA] t=1493.9s | pag=1667 | files=2236 | data=  3 | cola= 707 | prio=10 | http://www.adascz.com.bo/boletin-precios/boletin-precios-avicolas-07-de-noviembre-3
[FULL_3_ADA] t=1495.1s | pag=1668 | files=2236 | data=  3 | cola= 706 | prio=10 | http://www.adascz.com.bo/boletin-precios/boletin-precios-avicolas-06-de-noviembre-2
[FULL_3_ADA] t=1495.6s | pag=1669 | files=2236 | data=  3 | cola= 705 | prio=10 | http://www.adascz.com.bo/boletin-precios/boletin-precios-avicolas-01-de-noviembre-3
[FULL_3_ADA] t=1496.3s | pag=1670 | files=2236 | data=  3 | cola= 704 | prio=10 | http://www.adascz.com.bo/boletin-precios/boletin-precios-avicolas-31-de-octubre-3
[FULL_3_ADA] t=1496.9s | pag=1671 | files=2236 | data=  3 | cola= 703 | prio=10 | http://www.adascz.com.bo/boletin-precios/boletin-precios-avicolas-30-de-octubre-2
[FULL_3_ADA] t=1498.0s | pag=1672 | files=2236 | data=  3 | cola= 702 | prio=10 | http://www.adascz.com.bo/boletin-precios/boletin-precios-avicolas-29-de-octubre
[FULL_3_ADA] t=1498.6s | pag=1673 | files=2236 | data=  3 | cola= 701 | prio=10 | http://www.adascz.com.bo/boletin-precios/boletin-precios-avicolas-28-de-octubre
[FULL_3_ADA] t=1499.7s | pag=1674 | files=2236 | data=  3 | cola= 700 | prio=10 | http://www.adascz.com.bo/boletin-precios/boletin-precios-avicolas-25-de-octubre-3
[FULL_3_ADA] t=1500.8s | pag=1675 | files=2236 | data=  3 | cola= 699 | prio=10 | http://www.adascz.com.bo/boletin-precios/boletin-precios-avicolas-24-de-octubre-2
[FULL_3_ADA] t=1501.8s | pag=1676 | files=2236 | data=  3 | cola= 698 | prio=10 | http://www.adascz.com.bo/boletin-precios/boletin-precios-avicolas-23-de-octubre-2
[FULL_3_ADA] t=1502.9s | pag=1677 | files=2236 | data=  3 | cola= 697 | prio=10 | http://www.adascz.com.bo/boletin-precios/boletin-precios-avicolas-22-de-octubre
[FULL_3_ADA] t=1503.7s | pag=1678 | files=2236 | data=  3 | cola= 696 | prio=10 | http://www.adascz.com.bo/boletin-precios/boletin-precios-avicolas-21-de-octubre-2
[FULL_3_ADA] t=1504.3s | pag=1679 | files=2236 | data=  3 | cola= 695 | prio=10 | http://www.adascz.com.bo/boletin-precios/boletin-precios-avicolas-18-de-octubre-3
[FULL_3_ADA] t=1505.3s | pag=1680 | files=2236 | data=  3 | cola= 694 | prio=10 | http://www.adascz.com.bo/boletin-precios/boletin-precios-avicolas-17-de-octubre-3
[FULL_3_ADA] t=1506.3s | pag=1681 | files=2236 | data=  3 | cola= 693 | prio=10 | http://www.adascz.com.bo/boletin-precios/boletin-precios-avicolas-16-de-octubre-2
[FULL_3_ADA] t=1506.9s | pag=1682 | files=2236 | data=  3 | cola= 692 | prio=10 | http://www.adascz.com.bo/boletin-precios/boletin-precios-avicolas-15-de-octubre
[FULL_3_ADA] t=1507.6s | pag=1683 | files=2236 | data=  3 | cola= 691 | prio=10 | http://www.adascz.com.bo/boletin-precios/boletin-precios-avicolas-14-de-octubre-2
[FULL_3_ADA] t=1508.3s | pag=1684 | files=2236 | data=  3 | cola= 690 | prio=10 | http://www.adascz.com.bo/boletin-precios/boletin-precios-avicolas-11-de-octubre-3
[FULL_3_ADA] t=1509.0s | pag=1685 | files=2236 | data=  3 | cola= 689 | prio=10 | http://www.adascz.com.bo/boletin-precios/boletin-precios-avicolas-10-de-octubre-3
[FULL_3_ADA] t=1509.9s | pag=1686 | files=2236 | data=  3 | cola= 688 | prio=10 | http://www.adascz.com.bo/boletin-precios/boletin-precios-avicolas-09-de-octubre-2
[FULL_3_ADA] t=1511.0s | pag=1687 | files=2236 | data=  3 | cola= 687 | prio=10 | http://www.adascz.com.bo/boletin-precios/boletin-precios-avicolas-08-de-octubre
[FULL_3_ADA] t=1511.8s | pag=1688 | files=2236 | data=  3 | cola= 686 | prio=10 | http://www.adascz.com.bo/boletin-precios/boletin-precios-avicolas-07-de-octubre-2
[FULL_3_ADA] t=1512.8s | pag=1689 | files=2236 | data=  3 | cola= 685 | prio=10 | http://www.adascz.com.bo/boletin-precios/boletin-precios-avicolas-03-de-octubre
[FULL_3_ADA] t=1513.6s | pag=1690 | files=2236 | data=  3 | cola= 684 | prio=10 | http://www.adascz.com.bo/boletin-precios/boletin-precios-avicolas-02-de-octubre-2
[FULL_3_ADA] t=1514.7s | pag=1691 | files=2236 | data=  3 | cola= 683 | prio=10 | http://www.adascz.com.bo/boletin-precios/boletin-precios-avicolas-01-de-octubre
[FULL_3_ADA] t=1515.6s | pag=1692 | files=2236 | data=  3 | cola= 682 | prio=10 | http://www.adascz.com.bo/boletin-precios/boletin-precios-avicolas-30-de-septiembre-2
[FULL_3_ADA] t=1516.4s | pag=1693 | files=2236 | data=  3 | cola= 681 | prio=10 | http://www.adascz.com.bo/boletin-precios/boletin-precios-avicolas-27-de-septiembre-3
[FULL_3_ADA] t=1517.0s | pag=1694 | files=2236 | data=  3 | cola= 680 | prio=10 | http://www.adascz.com.bo/boletin-precios/boletin-precios-avicolas-26-de-septiembre-3
[FULL_3_ADA] t=1517.7s | pag=1695 | files=2236 | data=  3 | cola= 679 | prio=10 | http://www.adascz.com.bo/boletin-precios/boletin-precios-avicolas-25-de-septiembre
[FULL_3_ADA] t=1518.3s | pag=1696 | files=2236 | data=  3 | cola= 678 | prio=10 | http://www.adascz.com.bo/boletin-precios/boletin-precios-avicolas-23-de-septiembre-2
[FULL_3_ADA] t=1519.1s | pag=1697 | files=2236 | data=  3 | cola= 677 | prio=10 | http://www.adascz.com.bo/boletin-precios/boletin-precios-avicolas-20-de-septiembre-3
[FULL_3_ADA] t=1520.0s | pag=1698 | files=2236 | data=  3 | cola= 676 | prio=10 | http://www.adascz.com.bo/boletin-precios/boletin-precios-avicolas-19-de-septiembre-3
[FULL_3_ADA] t=1520.7s | pag=1699 | files=2236 | data=  3 | cola= 675 | prio=10 | http://www.adascz.com.bo/boletin-precios/boletin-precios-avicolas-17-de-septiembre
[FULL_3_ADA] t=1521.5s | pag=1700 | files=2236 | data=  3 | cola= 674 | prio=10 | http://www.adascz.com.bo/boletin-precios/boletin-precios-avicolas-16-de-septiembre-2
[FULL_3_ADA] t=1522.1s | pag=1701 | files=2236 | data=  3 | cola= 673 | prio=10 | http://www.adascz.com.bo/boletin-precios/boletin-precios-avicolas-13-de-septiembre-3
[FULL_3_ADA] t=1523.2s | pag=1702 | files=2236 | data=  3 | cola= 672 | prio=10 | http://www.adascz.com.bo/boletin-precios/boletin-precios-avicolas-12-de-septiembre-2
[FULL_3_ADA] t=1524.2s | pag=1703 | files=2236 | data=  3 | cola= 671 | prio=10 | http://www.adascz.com.bo/boletin-precios/boletin-precios-avicolas-10-de-septiembre
[FULL_3_ADA] t=1525.0s | pag=1704 | files=2236 | data=  3 | cola= 670 | prio=10 | http://www.adascz.com.bo/boletin-precios/boletin-precios-avicolas-09-de-septiembre-2
[FULL_3_ADA] t=1525.8s | pag=1705 | files=2236 | data=  3 | cola= 669 | prio=10 | http://www.adascz.com.bo/boletin-precios/boletin-precios-avicolas-05-de-septiembre-3
[FULL_3_ADA] t=1526.7s | pag=1706 | files=2236 | data=  3 | cola= 668 | prio=10 | http://www.adascz.com.bo/boletin-precios/boletin-precios-avicolas-04-de-septiembre-2
[FULL_3_ADA] t=1527.8s | pag=1707 | files=2236 | data=  3 | cola= 667 | prio=10 | http://www.adascz.com.bo/boletin-precios/boletin-precios-avicolas-03-de-septiembre
[FULL_3_ADA] t=1528.6s | pag=1708 | files=2236 | data=  3 | cola= 666 | prio=10 | http://www.adascz.com.bo/boletin-precios/boletin-precios-avicolas-02-de-septiembre-2
[FULL_3_ADA] t=1529.6s | pag=1709 | files=2236 | data=  3 | cola= 665 | prio=10 | http://www.adascz.com.bo/boletin-precios/boletin-precios-avicolas-30-de-agosto-3
[FULL_3_ADA] t=1530.2s | pag=1710 | files=2236 | data=  3 | cola= 664 | prio=10 | http://www.adascz.com.bo/boletin-precios/boletin-precios-avicolas-29-de-agosto-3
[FULL_3_ADA] t=1531.1s | pag=1711 | files=2236 | data=  3 | cola= 663 | prio=10 | http://www.adascz.com.bo/boletin-precios/boletin-precios-avicolas-28-de-agosto-2
[FULL_3_ADA] t=1532.0s | pag=1712 | files=2236 | data=  3 | cola= 662 | prio=10 | http://www.adascz.com.bo/boletin-precios/boletin-precios-avicolas-27-de-agosto
[FULL_3_ADA] t=1533.0s | pag=1713 | files=2236 | data=  3 | cola= 661 | prio=10 | http://www.adascz.com.bo/boletin-precios/boletin-precios-avicolas-26-de-agosto-2
[FULL_3_ADA] t=1534.0s | pag=1714 | files=2236 | data=  3 | cola= 660 | prio=10 | http://www.adascz.com.bo/boletin-precios/boletin-precios-avicolas-23-de-agosto-3
[FULL_3_ADA] t=1534.9s | pag=1715 | files=2236 | data=  3 | cola= 659 | prio=10 | http://www.adascz.com.bo/boletin-precios/boletin-precios-avicolas-22-de-agosto-3
[FULL_3_ADA] t=1535.7s | pag=1716 | files=2236 | data=  3 | cola= 658 | prio=10 | http://www.adascz.com.bo/boletin-precios/boletin-precios-avicolas-21-de-agosto-5
[FULL_3_ADA] t=1536.6s | pag=1717 | files=2236 | data=  3 | cola= 657 | prio=10 | http://www.adascz.com.bo/boletin-precios/boletin-precios-avicolas-20-de-agosto
[FULL_3_ADA] t=1537.3s | pag=1718 | files=2236 | data=  3 | cola= 656 | prio=10 | http://www.adascz.com.bo/boletin-precios/boletin-precios-avicolas-19-de-agosto-2
[FULL_3_ADA] t=1538.0s | pag=1719 | files=2236 | data=  3 | cola= 655 | prio=10 | http://www.adascz.com.bo/boletin-precios/boletin-precios-avicolas-16-de-agosto-3
[FULL_3_ADA] t=1538.6s | pag=1720 | files=2236 | data=  3 | cola= 654 | prio=10 | http://www.adascz.com.bo/boletin-precios/boletin-precios-avicolas-15-de-agosto-3
[FULL_3_ADA] t=1539.3s | pag=1721 | files=2236 | data=  3 | cola= 653 | prio=10 | http://www.adascz.com.bo/boletin-precios/boletin-precios-avicolas-14-de-agosto-2
[FULL_3_ADA] t=1540.2s | pag=1722 | files=2236 | data=  3 | cola= 652 | prio=10 | http://www.adascz.com.bo/boletin-precios/boletin-precios-avicolas-13-de-agosto
[FULL_3_ADA] t=1541.2s | pag=1723 | files=2236 | data=  3 | cola= 651 | prio=10 | http://www.adascz.com.bo/boletin-precios/boletin-precios-avicolas-12-de-agosto-2
[FULL_3_ADA] t=1541.9s | pag=1724 | files=2236 | data=  3 | cola= 650 | prio=10 | http://www.adascz.com.bo/boletin-precios/boletin-precios-avicolas-09-de-agosto-2
[FULL_3_ADA] t=1542.8s | pag=1725 | files=2236 | data=  3 | cola= 649 | prio=10 | http://www.adascz.com.bo/boletin-precios/boletin-precios-avicolas-08-de-agosto-2
[FULL_3_ADA] t=1543.6s | pag=1726 | files=2236 | data=  3 | cola= 648 | prio=10 | http://www.adascz.com.bo/boletin-precios/boletin-precios-avicolas-07-de-agosto
[FULL_3_ADA] t=1544.6s | pag=1727 | files=2236 | data=  3 | cola= 647 | prio=10 | http://www.adascz.com.bo/boletin-precios/boletin-precios-avicolas-05-de-agosto-2
[FULL_3_ADA] t=1545.3s | pag=1728 | files=2236 | data=  3 | cola= 646 | prio=10 | http://www.adascz.com.bo/boletin-precios/boletin-precios-avicolas-02-de-agosto-3
[FULL_3_ADA] t=1546.5s | pag=1729 | files=2236 | data=  3 | cola= 645 | prio=10 | http://www.adascz.com.bo/boletin-precios/boletin-precios-avicolas-31-de-julio-2
[FULL_3_ADA] t=1547.4s | pag=1730 | files=2236 | data=  3 | cola= 644 | prio=10 | http://www.adascz.com.bo/boletin-precios/boletin-precios-avicolas-30-de-julio
[FULL_3_ADA] t=1548.1s | pag=1731 | files=2236 | data=  3 | cola= 643 | prio=10 | http://www.adascz.com.bo/boletin-precios/boletin-precios-avicolas-29-de-julio-2
[FULL_3_ADA] t=1549.0s | pag=1732 | files=2236 | data=  3 | cola= 642 | prio=10 | http://www.adascz.com.bo/boletin-precios/boletin-precios-avicolas-26-de-julio-3
[FULL_3_ADA] t=1549.7s | pag=1733 | files=2236 | data=  3 | cola= 641 | prio=10 | http://www.adascz.com.bo/boletin-precios/boletin-precios-avicolas-25-de-julio-2
[FULL_3_ADA] t=1550.4s | pag=1734 | files=2236 | data=  3 | cola= 640 | prio=10 | http://www.adascz.com.bo/boletin-precios/boletin-precios-avicolas-24-de-julio-2
[FULL_3_ADA] t=1551.5s | pag=1735 | files=2236 | data=  3 | cola= 639 | prio=10 | http://www.adascz.com.bo/boletin-precios/boletin-precios-avicolas-23-de-julio
[FULL_3_ADA] t=1552.5s | pag=1736 | files=2236 | data=  3 | cola= 638 | prio=10 | http://www.adascz.com.bo/boletin-precios/boletin-precios-avicolas-22-de-julio-2
[FULL_3_ADA] t=1553.1s | pag=1737 | files=2236 | data=  3 | cola= 637 | prio=10 | http://www.adascz.com.bo/boletin-precios/boletin-precios-avicolas-19-de-julio-3
[FULL_3_ADA] t=1553.7s | pag=1738 | files=2236 | data=  3 | cola= 636 | prio=10 | http://www.adascz.com.bo/boletin-precios/boletin-precios-avicolas-18-de-julio-3
[FULL_3_ADA] t=1554.8s | pag=1739 | files=2236 | data=  3 | cola= 635 | prio=10 | http://www.adascz.com.bo/boletin-precios/boletin-precios-avicolas-17-de-julio-2
[FULL_3_ADA] t=1555.9s | pag=1740 | files=2236 | data=  3 | cola= 634 | prio=10 | http://www.adascz.com.bo/boletin-precios/boletin-precios-avicolas-16-de-julio
[FULL_3_ADA] t=1556.7s | pag=1741 | files=2236 | data=  3 | cola= 633 | prio=10 | http://www.adascz.com.bo/boletin-precios/boletin-precios-avicolas-15-de-julio-2
[FULL_3_ADA] t=1557.5s | pag=1742 | files=2236 | data=  3 | cola= 632 | prio=10 | http://www.adascz.com.bo/boletin-precios/boletin-precios-avicolas-12-de-julio-3
[FULL_3_ADA] t=1558.2s | pag=1743 | files=2236 | data=  3 | cola= 631 | prio=10 | http://www.adascz.com.bo/boletin-precios/boletin-precios-avicolas-11-de-julio-4
[FULL_3_ADA] t=1559.2s | pag=1744 | files=2236 | data=  3 | cola= 630 | prio=10 | http://www.adascz.com.bo/boletin-precios/boletin-precios-avicolas-10-de-julio
[FULL_3_ADA] t=1560.2s | pag=1745 | files=2236 | data=  3 | cola= 629 | prio=10 | http://www.adascz.com.bo/boletin-precios/boletin-precios-avicolas-09-de-julio
[FULL_3_ADA] t=1560.9s | pag=1746 | files=2236 | data=  3 | cola= 628 | prio=10 | http://www.adascz.com.bo/boletin-precios/boletin-precios-avicolas-08-de-julio-2
[FULL_3_ADA] t=1561.6s | pag=1747 | files=2236 | data=  3 | cola= 627 | prio=10 | http://www.adascz.com.bo/boletin-precios/boletin-precios-avicolas-05-de-julio-3
[FULL_3_ADA] t=1562.6s | pag=1748 | files=2236 | data=  3 | cola= 626 | prio=10 | http://www.adascz.com.bo/boletin-precios/boletin-precios-avicolas-04-de-julio-3
[FULL_3_ADA] t=1563.7s | pag=1749 | files=2236 | data=  3 | cola= 625 | prio=10 | http://www.adascz.com.bo/boletin-precios/boletin-precios-avicolas-03-de-julio-2
[FULL_3_ADA] t=1564.4s | pag=1750 | files=2236 | data=  3 | cola= 624 | prio=10 | http://www.adascz.com.bo/boletin-precios/boletin-precios-avicolas-02-de-julio
[FULL_3_ADA] t=1565.0s | pag=1751 | files=2236 | data=  3 | cola= 623 | prio=10 | http://www.adascz.com.bo/boletin-precios/boletin-precios-avicolas-01-de-julio-2
[FULL_3_ADA] t=1565.6s | pag=1752 | files=2236 | data=  3 | cola= 622 | prio=10 | http://www.adascz.com.bo/boletin-precios/boletin-precios-avicolas-28-de-junio-3
[FULL_3_ADA] t=1566.4s | pag=1753 | files=2236 | data=  3 | cola= 621 | prio=10 | http://www.adascz.com.bo/boletin-precios/boletin-precios-avicolas-27-de-junio-3
[FULL_3_ADA] t=1567.5s | pag=1754 | files=2236 | data=  3 | cola= 620 | prio=10 | http://www.adascz.com.bo/boletin-precios/boletin-precios-avicolas-26-de-junio-2
[FULL_3_ADA] t=1568.2s | pag=1755 | files=2236 | data=  3 | cola= 619 | prio=10 | http://www.adascz.com.bo/boletin-precios/boletin-precios-avicolas-25-de-junio
[FULL_3_ADA] t=1569.0s | pag=1756 | files=2236 | data=  3 | cola= 618 | prio=10 | http://www.adascz.com.bo/boletin-precios/boletin-precios-avicolas-24-de-junio-2
[FULL_3_ADA] t=1569.9s | pag=1757 | files=2236 | data=  3 | cola= 617 | prio=10 | http://www.adascz.com.bo/boletin-precios/boletin-precios-avicolas-19-de-junio-2
[FULL_3_ADA] t=1570.7s | pag=1758 | files=2236 | data=  3 | cola= 616 | prio=10 | http://www.adascz.com.bo/boletin-precios/boletin-precios-avicolas-18-de-junio
[FULL_3_ADA] t=1571.6s | pag=1759 | files=2236 | data=  3 | cola= 615 | prio=10 | http://www.adascz.com.bo/boletin-precios/boletin-precios-avicolas-17-de-junio-2
[FULL_3_ADA] t=1572.8s | pag=1760 | files=2236 | data=  3 | cola= 614 | prio=10 | http://www.adascz.com.bo/boletin-precios/boletin-precios-avicolas-14-de-junio-4
[FULL_3_ADA] t=1573.9s | pag=1761 | files=2236 | data=  3 | cola= 613 | prio=10 | http://www.adascz.com.bo/boletin-precios/boletin-precios-avicolas-13-de-junio-3
[FULL_3_ADA] t=1574.8s | pag=1762 | files=2236 | data=  3 | cola= 612 | prio=10 | http://www.adascz.com.bo/boletin-precios/boletin-precios-avicolas-12-de-junio-2
[FULL_3_ADA] t=1575.8s | pag=1763 | files=2236 | data=  3 | cola= 611 | prio=10 | http://www.adascz.com.bo/boletin-precios/boletin-precios-avicolas-11-de-junio
[FULL_3_ADA] t=1576.3s | pag=1764 | files=2236 | data=  3 | cola= 610 | prio=10 | http://www.adascz.com.bo/boletin-precios/boletin-precios-avicolas-10-de-junio-2
[FULL_3_ADA] t=1577.1s | pag=1765 | files=2236 | data=  3 | cola= 609 | prio=10 | http://www.adascz.com.bo/boletin-precios/boletin-precios-avicolas-07-de-junio-3
[FULL_3_ADA] t=1577.7s | pag=1766 | files=2236 | data=  3 | cola= 608 | prio=10 | http://www.adascz.com.bo/boletin-precios/boletin-precios-avicolas-06-de-junio-3
[FULL_3_ADA] t=1578.5s | pag=1767 | files=2236 | data=  3 | cola= 607 | prio=10 | http://www.adascz.com.bo/boletin-precios/boletin-precios-avicolas-05-de-junio-2
[FULL_3_ADA] t=1579.4s | pag=1768 | files=2236 | data=  3 | cola= 606 | prio=10 | http://www.adascz.com.bo/boletin-precios/boletin-precios-avicolas-04-de-junio
[FULL_3_ADA] t=1580.2s | pag=1769 | files=2236 | data=  3 | cola= 605 | prio=10 | http://www.adascz.com.bo/boletin-precios/boletin-precios-avicolas-03-de-junio-2
[FULL_3_ADA] t=1581.3s | pag=1770 | files=2236 | data=  3 | cola= 604 | prio=10 | http://www.adascz.com.bo/boletin-precios/boletin-precios-avicolas-31-de-mayo-3
[FULL_3_ADA] t=1581.9s | pag=1771 | files=2236 | data=  3 | cola= 603 | prio=10 | http://www.adascz.com.bo/boletin-precios/boletin-precios-avicolas-29-de-mayo-2
[FULL_3_ADA] t=1582.9s | pag=1772 | files=2236 | data=  3 | cola= 602 | prio=10 | http://www.adascz.com.bo/boletin-precios/boletin-precios-avicolas-28-de-mayo
[FULL_3_ADA] t=1583.6s | pag=1773 | files=2236 | data=  3 | cola= 601 | prio=10 | http://www.adascz.com.bo/boletin-precios/boletin-precios-avicolas-27-de-mayo-2
[FULL_3_ADA] t=1584.7s | pag=1774 | files=2236 | data=  3 | cola= 600 | prio=10 | http://www.adascz.com.bo/boletin-precios/boletin-precios-avicolas-24-de-mayo-3
[FULL_3_ADA] t=1585.2s | pag=1775 | files=2236 | data=  3 | cola= 599 | prio=10 | http://www.adascz.com.bo/boletin-precios/boletin-precios-avicolas-23-de-mayo-3
[FULL_3_ADA] t=1586.1s | pag=1776 | files=2236 | data=  3 | cola= 598 | prio=10 | http://www.adascz.com.bo/boletin-precios/boletin-precios-avicolas-22-de-mayo-2
[FULL_3_ADA] t=1587.2s | pag=1777 | files=2236 | data=  3 | cola= 597 | prio=10 | http://www.adascz.com.bo/boletin-precios/boletin-precios-avicolas-21-de-mayo
[FULL_3_ADA] t=1588.1s | pag=1778 | files=2236 | data=  3 | cola= 596 | prio=10 | http://www.adascz.com.bo/boletin-precios/boletin-precios-avicolas-20-de-mayo-2
[FULL_3_ADA] t=1588.9s | pag=1779 | files=2236 | data=  3 | cola= 595 | prio=10 | http://www.adascz.com.bo/boletin-precios/boletin-precios-avicolas-17-de-mayo-3
[FULL_3_ADA] t=1589.9s | pag=1780 | files=2236 | data=  3 | cola= 594 | prio=10 | http://www.adascz.com.bo/boletin-precios/boletin-precios-avicolas-16-de-mayo-3
[FULL_3_ADA] t=1590.9s | pag=1781 | files=2236 | data=  3 | cola= 593 | prio=10 | http://www.adascz.com.bo/boletin-precios/boletin-precios-avicolas-15-de-mayo-2
[FULL_3_ADA] t=1591.8s | pag=1782 | files=2236 | data=  3 | cola= 592 | prio=10 | http://www.adascz.com.bo/boletin-precios/boletin-precios-avicolas-14-de-mayo
[FULL_3_ADA] t=1592.5s | pag=1783 | files=2236 | data=  3 | cola= 591 | prio=10 | http://www.adascz.com.bo/boletin-precios/boletin-precios-avicolas-13-de-mayo-2
[FULL_3_ADA] t=1593.2s | pag=1784 | files=2236 | data=  3 | cola= 590 | prio=10 | http://www.adascz.com.bo/boletin-precios/boletin-precios-avicolas-09-de-mayo-2
[FULL_3_ADA] t=1593.9s | pag=1785 | files=2236 | data=  3 | cola= 589 | prio=10 | http://www.adascz.com.bo/boletin-precios/boletin-precios-avicolas-08-de-mayo
[FULL_3_ADA] t=1594.7s | pag=1786 | files=2236 | data=  3 | cola= 588 | prio=10 | http://www.adascz.com.bo/boletin-precios/boletin-precios-avicolas-07-de-mayo
[FULL_3_ADA] t=1595.6s | pag=1787 | files=2236 | data=  3 | cola= 587 | prio=10 | http://www.adascz.com.bo/boletin-precios/boletin-precios-avicolas-06-de-mayo-2
[FULL_3_ADA] t=1596.2s | pag=1788 | files=2236 | data=  3 | cola= 586 | prio=10 | http://www.adascz.com.bo/boletin-precios/boletin-precios-avicolas-03-de-mayo
[FULL_3_ADA] t=1597.3s | pag=1789 | files=2236 | data=  3 | cola= 585 | prio=10 | http://www.adascz.com.bo/boletin-precios/boletin-precios-avicolas-02-de-mayo
[FULL_3_ADA] t=1597.9s | pag=1790 | files=2236 | data=  3 | cola= 584 | prio=10 | http://www.adascz.com.bo/boletin-precios/boletin-precios-avicolas-30-de-abril
[FULL_3_ADA] t=1598.9s | pag=1791 | files=2236 | data=  3 | cola= 583 | prio=10 | http://www.adascz.com.bo/boletin-precios/boletin-precios-avicolas-29-de-abril-2
[FULL_3_ADA] t=1599.8s | pag=1792 | files=2236 | data=  3 | cola= 582 | prio=10 | http://www.adascz.com.bo/boletin-precios/boletin-precios-avicolas-26-de-abril-3
[FULL_3_ADA] t=1600.5s | pag=1793 | files=2236 | data=  3 | cola= 581 | prio=10 | http://www.adascz.com.bo/boletin-precios/boletin-precios-avicolas-25-de-abril-3
[FULL_3_ADA] t=1601.1s | pag=1794 | files=2236 | data=  3 | cola= 580 | prio=10 | http://www.adascz.com.bo/boletin-precios/boletin-precios-avicolas-24-de-abril-2
[FULL_3_ADA] t=1602.0s | pag=1795 | files=2236 | data=  3 | cola= 579 | prio=10 | http://www.adascz.com.bo/boletin-precios/boletin-precios-avicolas-23-de-abril
[FULL_3_ADA] t=1603.0s | pag=1796 | files=2236 | data=  3 | cola= 578 | prio=10 | http://www.adascz.com.bo/boletin-precios/boletin-precios-avicolas-22-de-abril-2
[FULL_3_ADA] t=1603.8s | pag=1797 | files=2236 | data=  3 | cola= 577 | prio=10 | http://www.adascz.com.bo/boletin-precios/boletin-precios-avicolas-19-de-abril-3
[FULL_3_ADA] t=1604.4s | pag=1798 | files=2236 | data=  3 | cola= 576 | prio=10 | http://www.adascz.com.bo/boletin-precios/boletin-precios-avicolas-18-de-abril-3
[FULL_3_ADA] t=1605.3s | pag=1799 | files=2236 | data=  3 | cola= 575 | prio=10 | http://www.adascz.com.bo/boletin-precios/boletin-precios-avicolas-16-de-abril
[FULL_3_ADA] t=1606.4s | pag=1800 | files=2236 | data=  3 | cola= 574 | prio=10 | http://www.adascz.com.bo/boletin-precios/boletin-precios-avicolas-15-de-abril
[FULL_3_ADA] t=1607.2s | pag=1801 | files=2236 | data=  3 | cola= 573 | prio=10 | http://www.adascz.com.bo/boletin-precios/boletin-precios-avicolas-12-de-abril-3
[FULL_3_ADA] t=1608.2s | pag=1802 | files=2236 | data=  3 | cola= 572 | prio=10 | http://www.adascz.com.bo/boletin-precios/boletin-precios-avicolas-10-de-abril-2
[FULL_3_ADA] t=1608.8s | pag=1803 | files=2236 | data=  3 | cola= 571 | prio=10 | http://www.adascz.com.bo/boletin-precios/boletin-precios-avicolas-09-de-abril
[FULL_3_ADA] t=1609.7s | pag=1804 | files=2236 | data=  3 | cola= 570 | prio=10 | http://www.adascz.com.bo/boletin-precios/boletin-precios-avicolas-08-de-abril-2
[FULL_3_ADA] t=1610.6s | pag=1805 | files=2236 | data=  3 | cola= 569 | prio=10 | http://www.adascz.com.bo/boletin-precios/boletin-precios-avicolas-05-de-abril-2
[FULL_3_ADA] t=1611.7s | pag=1806 | files=2236 | data=  3 | cola= 568 | prio=10 | http://www.adascz.com.bo/boletin-precios/boletin-precios-avicolas-04-de-abril-3
[FULL_3_ADA] t=1612.4s | pag=1807 | files=2236 | data=  3 | cola= 567 | prio=10 | http://www.adascz.com.bo/boletin-precios/boletin-precios-avicolas-03-de-abril-2
[FULL_3_ADA] t=1613.1s | pag=1808 | files=2236 | data=  3 | cola= 566 | prio=10 | http://www.adascz.com.bo/boletin-precios/boletin-precios-avicolas-02-de-abril
[FULL_3_ADA] t=1613.7s | pag=1809 | files=2236 | data=  3 | cola= 565 | prio=10 | http://www.adascz.com.bo/boletin-precios/boletin-precios-avicolas-01-de-abril-2
[FULL_3_ADA] t=1614.3s | pag=1810 | files=2236 | data=  3 | cola= 564 | prio=10 | http://www.adascz.com.bo/boletin-precios/boletin-precios-avicolas-28-de-marzo-3
[FULL_3_ADA] t=1615.4s | pag=1811 | files=2236 | data=  3 | cola= 563 | prio=10 | http://www.adascz.com.bo/boletin-precios/boletin-precios-avicolas-27-de-marzo-2
[FULL_3_ADA] t=1616.3s | pag=1812 | files=2236 | data=  3 | cola= 562 | prio=10 | http://www.adascz.com.bo/boletin-precios/boletin-precios-avicolas-26-de-marzo
[FULL_3_ADA] t=1617.4s | pag=1813 | files=2236 | data=  3 | cola= 561 | prio=10 | http://www.adascz.com.bo/boletin-precios/boletin-precios-avicolas-25-de-marzo-2
[FULL_3_ADA] t=1618.2s | pag=1814 | files=2236 | data=  3 | cola= 560 | prio=10 | http://www.adascz.com.bo/boletin-precios/boletin-precios-avicolas-22-de-marzo-3
[FULL_3_ADA] t=1619.0s | pag=1815 | files=2236 | data=  3 | cola= 559 | prio=10 | http://www.adascz.com.bo/boletin-precios/boletin-precios-avicolas-21-de-marzo-4
[FULL_3_ADA] t=1619.6s | pag=1816 | files=2236 | data=  3 | cola= 558 | prio=10 | http://www.adascz.com.bo/boletin-precios/boletin-precios-avicolas-20-de-marzo-2
[FULL_3_ADA] t=1620.3s | pag=1817 | files=2236 | data=  3 | cola= 557 | prio=10 | http://www.adascz.com.bo/boletin-precios/boletin-precios-avicolas-19-de-marzo
[FULL_3_ADA] t=1621.4s | pag=1818 | files=2236 | data=  3 | cola= 556 | prio=10 | http://www.adascz.com.bo/boletin-precios/boletin-precios-avicolas-18-de-marzo-2
[FULL_3_ADA] t=1622.4s | pag=1819 | files=2236 | data=  3 | cola= 555 | prio=10 | http://www.adascz.com.bo/boletin-precios/boletin-precios-avicolas-15-de-marzo-3
[FULL_3_ADA] t=1623.0s | pag=1820 | files=2236 | data=  3 | cola= 554 | prio=10 | http://www.adascz.com.bo/boletin-precios/boletin-precios-avicolas-14-de-marzo-3
[FULL_3_ADA] t=1624.3s | pag=1821 | files=2236 | data=  3 | cola= 553 | prio=10 | http://www.adascz.com.bo/boletin-precios/boletin-precios-avicolas-13-de-marzo-2
[FULL_3_ADA] t=1625.0s | pag=1822 | files=2236 | data=  3 | cola= 552 | prio=10 | http://www.adascz.com.bo/boletin-precios/boletin-precios-avicolas-12-de-marzo
[FULL_3_ADA] t=1625.8s | pag=1823 | files=2236 | data=  3 | cola= 551 | prio=10 | http://www.adascz.com.bo/boletin-precios/boletin-precios-avicolas-11-de-marzo-2
[FULL_3_ADA] t=1626.9s | pag=1824 | files=2236 | data=  3 | cola= 550 | prio=10 | http://www.adascz.com.bo/boletin-precios/boletin-precios-avicolas-08-de-marzo-2
[FULL_3_ADA] t=1627.7s | pag=1825 | files=2236 | data=  3 | cola= 549 | prio=10 | http://www.adascz.com.bo/boletin-precios/boletin-precios-avicolas-07-de-marzo-2
[FULL_3_ADA] t=1628.5s | pag=1826 | files=2236 | data=  3 | cola= 548 | prio=10 | http://www.adascz.com.bo/boletin-precios/boletin-precios-avicolas-06-de-marzo-2
[FULL_3_ADA] t=1629.2s | pag=1827 | files=2236 | data=  3 | cola= 547 | prio=10 | http://www.adascz.com.bo/boletin-precios/boletin-precios-avicolas-05-de-marzo
[FULL_3_ADA] t=1630.1s | pag=1828 | files=2236 | data=  3 | cola= 546 | prio=10 | http://www.adascz.com.bo/boletin-precios/boletin-precios-avicolas-04-de-marzo
[FULL_3_ADA] t=1631.1s | pag=1829 | files=2236 | data=  3 | cola= 545 | prio=10 | http://www.adascz.com.bo/boletin-precios/boletin-precios-avicolas-01-de-marzo-2
[FULL_3_ADA] t=1632.1s | pag=1830 | files=2236 | data=  3 | cola= 544 | prio=10 | http://www.adascz.com.bo/boletin-precios/boletin-precios-avicolas-29-de-febrero
[FULL_3_ADA] t=1632.8s | pag=1831 | files=2236 | data=  3 | cola= 543 | prio=10 | http://www.adascz.com.bo/boletin-precios/boletin-precios-avicolas-28-de-febrero-2
[FULL_3_ADA] t=1633.8s | pag=1832 | files=2236 | data=  3 | cola= 542 | prio=10 | http://www.adascz.com.bo/boletin-precios/boletin-precios-avicolas-26-de-febrero
[FULL_3_ADA] t=1634.9s | pag=1833 | files=2236 | data=  3 | cola= 541 | prio=10 | http://www.adascz.com.bo/boletin-precios/boletin-precios-avicolas-24-de-febrero-3
[FULL_3_ADA] t=1635.7s | pag=1834 | files=2236 | data=  3 | cola= 540 | prio=10 | http://www.adascz.com.bo/boletin-precios/boletin-precios-avicolas-23-de-febrero-2
[FULL_3_ADA] t=1636.8s | pag=1835 | files=2236 | data=  3 | cola= 539 | prio=10 | http://www.adascz.com.bo/boletin-precios/boletin-precios-avicolas-22-de-febrero-3
[FULL_3_ADA] t=1637.4s | pag=1836 | files=2236 | data=  3 | cola= 538 | prio=10 | http://www.adascz.com.bo/boletin-precios/boletin-precios-avicolas-21-de-febrero-2
[FULL_3_ADA] t=1638.1s | pag=1837 | files=2236 | data=  3 | cola= 537 | prio=10 | http://www.adascz.com.bo/boletin-precios/boletin-precios-avicolas-20-de-febrero
[FULL_3_ADA] t=1639.0s | pag=1838 | files=2236 | data=  3 | cola= 536 | prio=10 | http://www.adascz.com.bo/boletin-precios/boletin-precios-avicolas-19-de-febrero
[FULL_3_ADA] t=1640.1s | pag=1839 | files=2236 | data=  3 | cola= 535 | prio=10 | http://www.adascz.com.bo/boletin-precios/boletin-precios-avicolas-16-de-febrero-3
[FULL_3_ADA] t=1640.9s | pag=1840 | files=2236 | data=  3 | cola= 534 | prio=10 | http://www.adascz.com.bo/boletin-precios/boletin-precios-avicolas-15-de-febrero-3
[FULL_3_ADA] t=1641.5s | pag=1841 | files=2236 | data=  3 | cola= 533 | prio=10 | http://www.adascz.com.bo/boletin-precios/boletin-precios-avicolas-14-de-febrero-3
[FULL_3_ADA] t=1642.6s | pag=1842 | files=2236 | data=  3 | cola= 532 | prio=10 | http://www.adascz.com.bo/boletin-precios/boletin-precios-avicolas-08-de-febrero-3
[FULL_3_ADA] t=1643.5s | pag=1843 | files=2236 | data=  3 | cola= 531 | prio=10 | http://www.adascz.com.bo/boletin-precios/boletin-precios-avicolas-07-de-febrero-3
[FULL_3_ADA] t=1644.2s | pag=1844 | files=2236 | data=  3 | cola= 530 | prio=10 | http://www.adascz.com.bo/boletin-precios/boletin-precios-avicolas-06-de-febrero-2
[FULL_3_ADA] t=1645.3s | pag=1845 | files=2236 | data=  3 | cola= 529 | prio=10 | http://www.adascz.com.bo/boletin-precios/boletin-precios-avicolas-05-de-febrero
[FULL_3_ADA] t=1646.3s | pag=1846 | files=2236 | data=  3 | cola= 528 | prio=10 | http://www.adascz.com.bo/boletin-precios/boletin-precios-avicolas-03-de-febrero-3
[FULL_3_ADA] t=1647.0s | pag=1847 | files=2236 | data=  3 | cola= 527 | prio=10 | http://www.adascz.com.bo/boletin-precios/boletin-precios-avicolas-02-de-febrero-3
[FULL_3_ADA] t=1647.8s | pag=1848 | files=2236 | data=  3 | cola= 526 | prio=10 | http://www.adascz.com.bo/boletin-precios/boletin-precios-avicolas-01-de-febrero-3
[FULL_3_ADA] t=1648.5s | pag=1849 | files=2236 | data=  3 | cola= 525 | prio=10 | http://www.adascz.com.bo/boletin-precios/boletin-precios-avicolas-31-de-enero-3
[FULL_3_ADA] t=1649.3s | pag=1850 | files=2236 | data=  3 | cola= 524 | prio=10 | http://www.adascz.com.bo/boletin-precios/boletin-precios-avicolas-30-de-enero-2
[FULL_3_ADA] t=1650.2s | pag=1851 | files=2236 | data=  3 | cola= 523 | prio=10 | http://www.adascz.com.bo/boletin-precios/boletin-precios-avicolas-29-de-enero
[FULL_3_ADA] t=1651.0s | pag=1852 | files=2236 | data=  3 | cola= 522 | prio=10 | http://www.adascz.com.bo/boletin-precios/boletin-precios-avicolas-26-de-enero-2
[FULL_3_ADA] t=1651.6s | pag=1853 | files=2236 | data=  3 | cola= 521 | prio=10 | http://www.adascz.com.bo/boletin-precios/boletin-precios-avicolas-25-de-enero-2
[FULL_3_ADA] t=1652.4s | pag=1854 | files=2236 | data=  3 | cola= 520 | prio=10 | http://www.adascz.com.bo/boletin-precios/boletin-precios-avicolas-24-de-enero-2
[FULL_3_ADA] t=1653.5s | pag=1855 | files=2236 | data=  3 | cola= 519 | prio=10 | http://www.adascz.com.bo/boletin-precios/boletin-precios-avicolas-23-de-enero
[FULL_3_ADA] t=1654.4s | pag=1856 | files=2236 | data=  3 | cola= 518 | prio=10 | http://www.adascz.com.bo/boletin-precios/boletin-precios-avicolas-19-de-enero-2
[FULL_3_ADA] t=1655.0s | pag=1857 | files=2236 | data=  3 | cola= 517 | prio=10 | http://www.adascz.com.bo/boletin-precios/boletin-precios-avicolas-18-de-enero-2
[FULL_3_ADA] t=1655.6s | pag=1858 | files=2236 | data=  3 | cola= 516 | prio=10 | http://www.adascz.com.bo/boletin-precios/boletin-precios-avicolas-17-de-enero-2
[FULL_3_ADA] t=1656.4s | pag=1859 | files=2236 | data=  3 | cola= 515 | prio=10 | http://www.adascz.com.bo/boletin-precios/boletin-precios-avicolas-16-de-enero-2
[FULL_3_ADA] t=1657.2s | pag=1860 | files=2236 | data=  3 | cola= 514 | prio=10 | http://www.adascz.com.bo/boletin-precios/boletin-precios-avicolas-15-de-enero
[FULL_3_ADA] t=1658.0s | pag=1861 | files=2236 | data=  3 | cola= 513 | prio=10 | http://www.adascz.com.bo/boletin-precios/boletin-precios-avicolas-12-de-enero-2
[FULL_3_ADA] t=1658.6s | pag=1862 | files=2236 | data=  3 | cola= 512 | prio=10 | http://www.adascz.com.bo/boletin-precios/boletin-precios-avicolas-11-de-enero-2
[FULL_3_ADA] t=1659.5s | pag=1863 | files=2236 | data=  3 | cola= 511 | prio=10 | http://www.adascz.com.bo/boletin-precios/boletin-precios-avicolas-10-de-enero-2
[FULL_3_ADA] t=1660.6s | pag=1864 | files=2236 | data=  3 | cola= 510 | prio=10 | http://www.adascz.com.bo/boletin-precios/boletin-precios-avicolas-09-de-enero-2
[FULL_3_ADA] t=1661.3s | pag=1865 | files=2236 | data=  3 | cola= 509 | prio=10 | http://www.adascz.com.bo/boletin-precios/boletin-precios-avicolas-08-de-enero
[FULL_3_ADA] t=1661.9s | pag=1866 | files=2236 | data=  3 | cola= 508 | prio=10 | http://www.adascz.com.bo/boletin-precios/boletin-precios-avicolas-05-de-enero-2
[FULL_3_ADA] t=1662.9s | pag=1867 | files=2236 | data=  3 | cola= 507 | prio=10 | http://www.adascz.com.bo/boletin-precios/boletin-precios-avicolas-04-de-enero-2
[FULL_3_ADA] t=1663.5s | pag=1868 | files=2236 | data=  3 | cola= 506 | prio=10 | http://www.adascz.com.bo/boletin-precios/boletin-precios-avicolas-03-de-enero-2
[FULL_3_ADA] t=1664.5s | pag=1869 | files=2236 | data=  3 | cola= 505 | prio=10 | http://www.adascz.com.bo/boletin-precios/boletin-precios-avicolas-02-de-enero
[FULL_3_ADA] t=1665.6s | pag=1870 | files=2236 | data=  3 | cola= 504 | prio=10 | http://www.adascz.com.bo/boletin-precios/boletin-precios-avicolas-29-de-diciembre-2
[FULL_3_ADA] t=1666.7s | pag=1871 | files=2236 | data=  3 | cola= 503 | prio=10 | http://www.adascz.com.bo/boletin-precios/boletin-precios-avicolas-28-de-diciembre-2
[FULL_3_ADA] t=1667.6s | pag=1872 | files=2236 | data=  3 | cola= 502 | prio=10 | http://www.adascz.com.bo/boletin-precios/boletin-precios-avicolas-27-de-diciembre-2
[FULL_3_ADA] t=1668.5s | pag=1873 | files=2236 | data=  3 | cola= 501 | prio=10 | http://www.adascz.com.bo/boletin-precios/boletin-precios-avicolas-26-de-diciembre
[FULL_3_ADA] t=1669.3s | pag=1874 | files=2236 | data=  3 | cola= 500 | prio=10 | http://www.adascz.com.bo/boletin-precios/boletin-precios-avicolas-22-de-diciembre-2
[FULL_3_ADA] t=1669.8s | pag=1875 | files=2236 | data=  3 | cola= 499 | prio=10 | http://www.adascz.com.bo/boletin-precios/boletin-precios-avicolas-21-de-diciembre-2
[FULL_3_ADA] t=1670.6s | pag=1876 | files=2236 | data=  3 | cola= 498 | prio=10 | http://www.adascz.com.bo/boletin-precios/boletin-precios-avicolas-20-de-diciembre-2
[FULL_3_ADA] t=1671.7s | pag=1877 | files=2236 | data=  3 | cola= 497 | prio=10 | http://www.adascz.com.bo/boletin-precios/boletin-precios-avicolas-19-de-diciembre-2
[FULL_3_ADA] t=1672.6s | pag=1878 | files=2236 | data=  3 | cola= 496 | prio=10 | http://www.adascz.com.bo/boletin-precios/boletin-precios-avicolas-18-de-diciembre
[FULL_3_ADA] t=1673.4s | pag=1879 | files=2236 | data=  3 | cola= 495 | prio=10 | http://www.adascz.com.bo/boletin-precios/boletin-precios-avicolas-15-de-diciembre-2
[FULL_3_ADA] t=1674.3s | pag=1880 | files=2236 | data=  3 | cola= 494 | prio=10 | http://www.adascz.com.bo/boletin-precios/boletin-precios-avicolas-14-de-diciembre-2
[FULL_3_ADA] t=1675.6s | pag=1881 | files=2236 | data=  3 | cola= 493 | prio=10 | http://www.adascz.com.bo/boletin-precios/boletin-precios-avicolas-13-de-diciembre-2
[FULL_3_ADA] t=1676.4s | pag=1882 | files=2236 | data=  3 | cola= 492 | prio=10 | http://www.adascz.com.bo/boletin-precios/boletin-precios-avicolas-12-de-diciembre-2
[FULL_3_ADA] t=1677.0s | pag=1883 | files=2236 | data=  3 | cola= 491 | prio=10 | http://www.adascz.com.bo/boletin-precios/boletin-precios-avicolas-11-de-diciembre
[FULL_3_ADA] t=1678.1s | pag=1884 | files=2236 | data=  3 | cola= 490 | prio=10 | http://www.adascz.com.bo/boletin-precios/boletin-precios-avicolas-08-de-diciembre-2
[FULL_3_ADA] t=1678.7s | pag=1885 | files=2236 | data=  3 | cola= 489 | prio=10 | http://www.adascz.com.bo/boletin-precios/boletin-precios-avicolas-07-de-diciembre-2
[FULL_3_ADA] t=1679.9s | pag=1886 | files=2236 | data=  3 | cola= 488 | prio=10 | http://www.adascz.com.bo/boletin-precios/boletin-precios-avicolas-06-de-diciembre-2
[FULL_3_ADA] t=1680.7s | pag=1887 | files=2236 | data=  3 | cola= 487 | prio=10 | http://www.adascz.com.bo/boletin-precios/boletin-precios-avicolas-05-de-diciembre
[FULL_3_ADA] t=1681.2s | pag=1888 | files=2236 | data=  3 | cola= 486 | prio=10 | http://www.adascz.com.bo/boletin-precios/boletin-precios-avicolas-04-de-diciembre
[FULL_3_ADA] t=1682.2s | pag=1889 | files=2236 | data=  3 | cola= 485 | prio=10 | http://www.adascz.com.bo/boletin-precios/boletin-precios-avicolas-01-de-diciembre-2
[FULL_3_ADA] t=1682.9s | pag=1890 | files=2236 | data=  3 | cola= 484 | prio=10 | http://www.adascz.com.bo/boletin-precios/boletin-precios-avicolas-30-de-noviembre-2
[FULL_3_ADA] t=1683.9s | pag=1891 | files=2236 | data=  3 | cola= 483 | prio=10 | http://www.adascz.com.bo/boletin-precios/boletin-precios-avicolas-29-de-noviembre-2
[FULL_3_ADA] t=1684.9s | pag=1891 | files=2236 | data=  3 | cola= 482 | prio=10 | http://www.adascz.com.bo/boletin-precios/boletin-precios-avicolas-28-de-noviembre-2
[FULL_3_ADA] t=1686.3s | pag=1892 | files=2236 | data=  3 | cola= 481 | prio=10 | http://www.adascz.com.bo/boletin-precios/boletin-precios-avicolas-27-de-noviembre
[FULL_3_ADA] t=1687.2s | pag=1893 | files=2236 | data=  3 | cola= 480 | prio=10 | http://www.adascz.com.bo/boletin-precios/boletin-precios-avicolas-24-de-noviembre-2
[FULL_3_ADA] t=1688.4s | pag=1894 | files=2236 | data=  3 | cola= 479 | prio=10 | http://www.adascz.com.bo/boletin-precios/boletin-precios-avicolas-23-de-noviembre-2
[FULL_3_ADA] t=1689.1s | pag=1895 | files=2236 | data=  3 | cola= 478 | prio=10 | http://www.adascz.com.bo/boletin-precios/boletin-precios-avicolas-22-de-noviembre-2
[FULL_3_ADA] t=1690.1s | pag=1896 | files=2236 | data=  3 | cola= 477 | prio=10 | http://www.adascz.com.bo/boletin-precios/boletin-precios-avicolas-21-de-noviembre-2
[FULL_3_ADA] t=1690.7s | pag=1897 | files=2236 | data=  3 | cola= 476 | prio=10 | http://www.adascz.com.bo/boletin-precios/boletin-precios-avicolas-20-de-noviembre
[FULL_3_ADA] t=1691.7s | pag=1898 | files=2236 | data=  3 | cola= 475 | prio=10 | http://www.adascz.com.bo/boletin-precios/boletin-precios-avicolas-17-de-noviembre-2
[FULL_3_ADA] t=1692.5s | pag=1899 | files=2236 | data=  3 | cola= 474 | prio=10 | http://www.adascz.com.bo/boletin-precios/boletin-precios-avicolas-16-de-noviembre-2
[FULL_3_ADA] t=1693.1s | pag=1900 | files=2236 | data=  3 | cola= 473 | prio=10 | http://www.adascz.com.bo/boletin-precios/boletin-precios-avicolas-15-de-noviembre-2
[FULL_3_ADA] t=1694.1s | pag=1901 | files=2236 | data=  3 | cola= 472 | prio=10 | http://www.adascz.com.bo/boletin-precios/boletin-precios-avicolas-14-de-noviembre-2
[FULL_3_ADA] t=1695.1s | pag=1902 | files=2236 | data=  3 | cola= 471 | prio=10 | http://www.adascz.com.bo/boletin-precios/boletin-precios-avicolas-13-de-noviembre
[FULL_3_ADA] t=1695.7s | pag=1903 | files=2236 | data=  3 | cola= 470 | prio=10 | http://www.adascz.com.bo/boletin-precios/boletin-precios-avicolas-10-de-noviembre
[FULL_3_ADA] t=1696.8s | pag=1904 | files=2236 | data=  3 | cola= 469 | prio=10 | http://www.adascz.com.bo/boletin-precios/boletin-precios-avicolas-09-de-noviembre-2
[FULL_3_ADA] t=1697.9s | pag=1905 | files=2236 | data=  3 | cola= 468 | prio=10 | http://www.adascz.com.bo/boletin-precios/boletin-precios-avicolas-08-de-noviembre-2
[FULL_3_ADA] t=1698.6s | pag=1906 | files=2236 | data=  3 | cola= 467 | prio=10 | http://www.adascz.com.bo/boletin-precios/boletin-precios-avicolas-07-de-noviembre-2
[FULL_3_ADA] t=1699.5s | pag=1907 | files=2236 | data=  3 | cola= 466 | prio=10 | http://www.adascz.com.bo/boletin-precios/boletin-precios-avicolas-06-de-noviembre
[FULL_3_ADA] t=1700.3s | pag=1908 | files=2236 | data=  3 | cola= 465 | prio=10 | http://www.adascz.com.bo/boletin-precios/boletin-precios-avicolas-03-de-noviembre-2
[FULL_3_ADA] t=1701.0s | pag=1909 | files=2236 | data=  3 | cola= 464 | prio=10 | http://www.adascz.com.bo/boletin-precios/boletin-precios-avicolas-01-de-noviembre-2
[FULL_3_ADA] t=1702.1s | pag=1910 | files=2236 | data=  3 | cola= 463 | prio=10 | http://www.adascz.com.bo/boletin-precios/boletin-precios-avicolas-31-de-octubre-2
[FULL_3_ADA] t=1703.0s | pag=1911 | files=2236 | data=  3 | cola= 462 | prio=10 | http://www.adascz.com.bo/boletin-precios/boletin-precios-avicolas-30-de-octubre
[FULL_3_ADA] t=1703.9s | pag=1912 | files=2236 | data=  3 | cola= 461 | prio=10 | http://www.adascz.com.bo/boletin-precios/boletin-precios-avicolas-27-de-octubre-2
[FULL_3_ADA] t=1704.9s | pag=1913 | files=2236 | data=  3 | cola= 460 | prio=10 | http://www.adascz.com.bo/boletin-precios/boletin-precios-avicolas-26-de-octubre-2
[FULL_3_ADA] t=1705.9s | pag=1914 | files=2236 | data=  3 | cola= 459 | prio=10 | http://www.adascz.com.bo/boletin-precios/boletin-precios-avicolas-25-de-octubre-2
[FULL_3_ADA] t=1706.6s | pag=1915 | files=2236 | data=  3 | cola= 458 | prio=10 | http://www.adascz.com.bo/boletin-precios/boletin-precios-avicolas-23-de-octubre
[FULL_3_ADA] t=1707.3s | pag=1916 | files=2236 | data=  3 | cola= 457 | prio=10 | http://www.adascz.com.bo/boletin-precios/boletin-precios-avicolas-20-de-octubre-2
[FULL_3_ADA] t=1708.3s | pag=1917 | files=2236 | data=  3 | cola= 456 | prio=10 | http://www.adascz.com.bo/boletin-precios/boletin-precios-avicolas-19-de-octubre-2
[FULL_3_ADA] t=1708.9s | pag=1918 | files=2236 | data=  3 | cola= 455 | prio=10 | http://www.adascz.com.bo/boletin-precios/boletin-precios-avicolas-18-de-octubre-2
[FULL_3_ADA] t=1709.9s | pag=1919 | files=2236 | data=  3 | cola= 454 | prio=10 | http://www.adascz.com.bo/boletin-precios/boletin-precios-avicolas-17-de-octubre-2
[FULL_3_ADA] t=1710.5s | pag=1920 | files=2236 | data=  3 | cola= 453 | prio=10 | http://www.adascz.com.bo/boletin-precios/boletin-precios-avicolas-16-de-octubre
[FULL_3_ADA] t=1711.1s | pag=1921 | files=2236 | data=  3 | cola= 452 | prio=10 | http://www.adascz.com.bo/boletin-precios/boletin-precios-avicolas-13-de-octubre-2
[FULL_3_ADA] t=1712.1s | pag=1922 | files=2236 | data=  3 | cola= 451 | prio=10 | http://www.adascz.com.bo/boletin-precios/boletin-precios-avicolas-12-de-octubre-2
[FULL_3_ADA] t=1712.7s | pag=1923 | files=2236 | data=  3 | cola= 450 | prio=10 | http://www.adascz.com.bo/boletin-precios/boletin-precios-avicolas-11-de-octubre-2
[FULL_3_ADA] t=1713.6s | pag=1924 | files=2236 | data=  3 | cola= 449 | prio=10 | http://www.adascz.com.bo/boletin-precios/boletin-precios-avicolas-10-de-octubre-2
[FULL_3_ADA] t=1714.6s | pag=1925 | files=2236 | data=  3 | cola= 448 | prio=10 | http://www.adascz.com.bo/boletin-precios/boletin-precios-avicolas-09-de-octubre
[FULL_3_ADA] t=1715.4s | pag=1926 | files=2236 | data=  3 | cola= 447 | prio=10 | http://www.adascz.com.bo/boletin-precios/boletin-precios-avicolas-06-de-octubre-2
[FULL_3_ADA] t=1716.1s | pag=1927 | files=2236 | data=  3 | cola= 446 | prio=10 | http://www.adascz.com.bo/boletin-precios/boletin-precios-avicolas-05-de-octubre-2
[FULL_3_ADA] t=1716.7s | pag=1928 | files=2236 | data=  3 | cola= 445 | prio=10 | http://www.adascz.com.bo/boletin-precios/boletin-precios-avicolas-04-de-octubre-2
[FULL_3_ADA] t=1717.8s | pag=1929 | files=2236 | data=  3 | cola= 444 | prio=10 | http://www.adascz.com.bo/boletin-precios/boletin-precios-avicolas-02-de-octubre
[FULL_3_ADA] t=1718.6s | pag=1930 | files=2236 | data=  3 | cola= 443 | prio=10 | http://www.adascz.com.bo/boletin-precios/boletin-precios-avicolas-29-de-septiembre-2
[FULL_3_ADA] t=1719.7s | pag=1931 | files=2236 | data=  3 | cola= 442 | prio=10 | http://www.adascz.com.bo/boletin-precios/boletin-precios-avicolas-28-de-septiembre-2
[FULL_3_ADA] t=1720.4s | pag=1932 | files=2236 | data=  3 | cola= 441 | prio=10 | http://www.adascz.com.bo/boletin-precios/boletin-precios-avicolas-27-de-septiembre-2
[FULL_3_ADA] t=1721.1s | pag=1933 | files=2236 | data=  3 | cola= 440 | prio=10 | http://www.adascz.com.bo/boletin-precios/boletin-precios-avicolas-26-de-septiembre-2
[FULL_3_ADA] t=1721.9s | pag=1934 | files=2236 | data=  3 | cola= 439 | prio=10 | http://www.adascz.com.bo/boletin-precios/boletin-precios-avicolas-22-de-septiembre-2
[FULL_3_ADA] t=1723.0s | pag=1935 | files=2236 | data=  3 | cola= 438 | prio=10 | http://www.adascz.com.bo/boletin-precios/boletin-precios-avicolas-21-de-septiembre-2
[FULL_3_ADA] t=1724.1s | pag=1936 | files=2236 | data=  3 | cola= 437 | prio=10 | http://www.adascz.com.bo/boletin-precios/boletin-precios-avicolas-20-de-septiembre-2
[FULL_3_ADA] t=1724.9s | pag=1937 | files=2236 | data=  3 | cola= 436 | prio=10 | http://www.adascz.com.bo/boletin-precios/boletin-precios-avicolas-19-de-septiembre-2
[FULL_3_ADA] t=1726.0s | pag=1938 | files=2236 | data=  3 | cola= 435 | prio=10 | http://www.adascz.com.bo/boletin-precios/boletin-precios-avicolas-18-de-septiembre
[FULL_3_ADA] t=1726.6s | pag=1939 | files=2236 | data=  3 | cola= 434 | prio=10 | http://www.adascz.com.bo/boletin-precios/boletin-precios-avicolas-15-de-septiembre-2
[FULL_3_ADA] t=1727.3s | pag=1940 | files=2236 | data=  3 | cola= 433 | prio=10 | http://www.adascz.com.bo/boletin-precios/boletin-precios-avicolas-14-de-septiembre-2
[FULL_3_ADA] t=1728.1s | pag=1941 | files=2236 | data=  3 | cola= 432 | prio=10 | http://www.adascz.com.bo/boletin-precios/boletin-precios-avicolas-13-de-septiembre-2
[FULL_3_ADA] t=1728.9s | pag=1942 | files=2236 | data=  3 | cola= 431 | prio=10 | http://www.adascz.com.bo/boletin-precios/boletin-precios-avicolas-12-de-septiembre
[FULL_3_ADA] t=1729.8s | pag=1943 | files=2236 | data=  3 | cola= 430 | prio=10 | http://www.adascz.com.bo/boletin-precios/boletin-precios-avicolas-11-de-septiembre
[FULL_3_ADA] t=1730.4s | pag=1944 | files=2236 | data=  3 | cola= 429 | prio=10 | http://www.adascz.com.bo/boletin-precios/boletin-precios-avicolas-08-de-septiembre-2
[FULL_3_ADA] t=1731.5s | pag=1945 | files=2236 | data=  3 | cola= 428 | prio=10 | http://www.adascz.com.bo/boletin-precios/boletin-precios-avicolas-07-de-septiembre-2
[FULL_3_ADA] t=1732.3s | pag=1946 | files=2236 | data=  3 | cola= 427 | prio=10 | http://www.adascz.com.bo/boletin-precios/boletin-precios-avicolas-06-de-septiembre-2
[FULL_3_ADA] t=1733.0s | pag=1947 | files=2236 | data=  3 | cola= 426 | prio=10 | http://www.adascz.com.bo/boletin-precios/boletin-precios-avicolas-05-de-septiembre-2
[FULL_3_ADA] t=1733.8s | pag=1948 | files=2236 | data=  3 | cola= 425 | prio=10 | http://www.adascz.com.bo/boletin-precios/boletin-precios-avicolas-04-de-septiembre
[FULL_3_ADA] t=1734.9s | pag=1949 | files=2236 | data=  3 | cola= 424 | prio=10 | http://www.adascz.com.bo/boletin-precios/boletin-precios-avicolas-01-de-septiembre-2
[FULL_3_ADA] t=1735.8s | pag=1950 | files=2236 | data=  3 | cola= 423 | prio=10 | http://www.adascz.com.bo/boletin-precios/boletin-precios-avicolas-31-de-agosto-2
[FULL_3_ADA] t=1736.4s | pag=1951 | files=2236 | data=  3 | cola= 422 | prio=10 | http://www.adascz.com.bo/boletin-precios/boletin-precios-avicolas-30-de-agosto-2
[FULL_3_ADA] t=1737.5s | pag=1952 | files=2236 | data=  3 | cola= 421 | prio=10 | http://www.adascz.com.bo/boletin-precios/boletin-precios-avicolas-29-de-agosto-2
[FULL_3_ADA] t=1738.1s | pag=1953 | files=2236 | data=  3 | cola= 420 | prio=10 | http://www.adascz.com.bo/boletin-precios/boletin-precios-avicolas-28-de-agosto
[FULL_3_ADA] t=1738.7s | pag=1954 | files=2236 | data=  3 | cola= 419 | prio=10 | http://www.adascz.com.bo/boletin-precios/boletin-precios-avicolas-25-de-agosto-2
[FULL_3_ADA] t=1739.4s | pag=1955 | files=2236 | data=  3 | cola= 418 | prio=10 | http://www.adascz.com.bo/boletin-precios/boletin-precios-avicolas-24-de-agosto-2
[FULL_3_ADA] t=1740.1s | pag=1956 | files=2236 | data=  3 | cola= 417 | prio=10 | http://www.adascz.com.bo/boletin-precios/boletin-precios-avicolas-23-de-agosto-2
[FULL_3_ADA] t=1741.0s | pag=1957 | files=2236 | data=  3 | cola= 416 | prio=10 | http://www.adascz.com.bo/boletin-precios/boletin-precios-avicolas-22-de-agosto-2
[FULL_3_ADA] t=1742.1s | pag=1958 | files=2236 | data=  3 | cola= 415 | prio=10 | http://www.adascz.com.bo/boletin-precios/boletin-precios-avicolas-21-de-agosto-4
[FULL_3_ADA] t=1743.2s | pag=1959 | files=2236 | data=  3 | cola= 414 | prio=10 | http://www.adascz.com.bo/boletin-precios/boletin-precios-avicolas-18-de-agosto-2
[FULL_3_ADA] t=1744.2s | pag=1960 | files=2236 | data=  3 | cola= 413 | prio=10 | http://www.adascz.com.bo/boletin-precios/boletin-precios-avicolas-17-de-agosto-2
[FULL_3_ADA] t=1745.3s | pag=1961 | files=2236 | data=  3 | cola= 412 | prio=10 | http://www.adascz.com.bo/boletin-precios/boletin-precios-avicolas-16-de-agosto-2
[FULL_3_ADA] t=1746.1s | pag=1962 | files=2236 | data=  3 | cola= 411 | prio=10 | http://www.adascz.com.bo/boletin-precios/boletin-precios-avicolas-15-de-agosto-2
[FULL_3_ADA] t=1747.0s | pag=1963 | files=2236 | data=  3 | cola= 410 | prio=10 | http://www.adascz.com.bo/boletin-precios/boletin-precios-avicolas-14-de-agosto
[FULL_3_ADA] t=1748.0s | pag=1964 | files=2236 | data=  3 | cola= 409 | prio=10 | http://www.adascz.com.bo/boletin-precios/boletin-precios-avicolas-11-de-agosto-2
[FULL_3_ADA] t=1748.9s | pag=1965 | files=2236 | data=  3 | cola= 408 | prio=10 | http://www.adascz.com.bo/boletin-precios/boletin-precios-avicolas-10-de-agosto-2
[FULL_3_ADA] t=1749.8s | pag=1966 | files=2236 | data=  3 | cola= 407 | prio=10 | http://www.adascz.com.bo/boletin-precios/boletin-precios-avicolas-09-de-agosto
[FULL_3_ADA] t=1750.5s | pag=1967 | files=2236 | data=  3 | cola= 406 | prio=10 | http://www.adascz.com.bo/boletin-precios/boletin-precios-avicolas-08-de-agosto
[FULL_3_ADA] t=1751.8s | pag=1968 | files=2236 | data=  3 | cola= 405 | prio=10 | http://www.adascz.com.bo/boletin-precios/boletin-precios-avicolas-04-de-agosto-2
[FULL_3_ADA] t=1752.8s | pag=1969 | files=2236 | data=  3 | cola= 404 | prio=10 | http://www.adascz.com.bo/boletin-precios/boletin-precios-avicolas-03-de-agosto-2
[FULL_3_ADA] t=1753.4s | pag=1970 | files=2236 | data=  3 | cola= 403 | prio=10 | http://www.adascz.com.bo/boletin-precios/boletin-precios-avicolas-02-de-agosto-2
[FULL_3_ADA] t=1754.6s | pag=1971 | files=2236 | data=  3 | cola= 402 | prio=10 | http://www.adascz.com.bo/boletin-precios/boletin-precios-avicolas-01-de-agosto-2
[FULL_3_ADA] t=1755.3s | pag=1972 | files=2236 | data=  3 | cola= 401 | prio=10 | http://www.adascz.com.bo/boletin-precios/boletin-precios-avicolas-31-de-julio
[FULL_3_ADA] t=1756.4s | pag=1973 | files=2236 | data=  3 | cola= 400 | prio=10 | http://www.adascz.com.bo/boletin-precios/boletin-precios-avicolas-28-de-julio-2
[FULL_3_ADA] t=1757.5s | pag=1974 | files=2236 | data=  3 | cola= 399 | prio=10 | http://www.adascz.com.bo/boletin-precios/boletin-precios-avicolas-27-de-julio-2
[FULL_3_ADA] t=1758.6s | pag=1975 | files=2236 | data=  3 | cola= 398 | prio=10 | http://www.adascz.com.bo/boletin-precios/boletin-precios-avicolas-26-de-julio-2
[FULL_3_ADA] t=1759.6s | pag=1976 | files=2236 | data=  3 | cola= 397 | prio=10 | http://www.adascz.com.bo/boletin-precios/boletin-precios-avicolas-25-de-julio
[FULL_3_ADA] t=1760.2s | pag=1977 | files=2236 | data=  3 | cola= 396 | prio=10 | http://www.adascz.com.bo/boletin-precios/boletin-precios-avicolas-24-de-julio
[FULL_3_ADA] t=1761.2s | pag=1978 | files=2236 | data=  3 | cola= 395 | prio=10 | http://www.adascz.com.bo/boletin-precios/boletin-precios-avicolas-21-de-julio-2
[FULL_3_ADA] t=1761.9s | pag=1979 | files=2236 | data=  3 | cola= 394 | prio=10 | http://www.adascz.com.bo/boletin-precios/boletin-precios-avicolas-20-de-julio-2
[FULL_3_ADA] t=1762.9s | pag=1980 | files=2236 | data=  3 | cola= 393 | prio=10 | http://www.adascz.com.bo/boletin-precios/boletin-precios-avicolas-19-de-julio-2
[FULL_3_ADA] t=1763.7s | pag=1981 | files=2236 | data=  3 | cola= 392 | prio=10 | http://www.adascz.com.bo/boletin-precios/boletin-precios-avicolas-18-de-julio-2
[FULL_3_ADA] t=1764.8s | pag=1982 | files=2236 | data=  3 | cola= 391 | prio=10 | http://www.adascz.com.bo/boletin-precios/boletin-precios-avicolas-17-de-julio
[FULL_3_ADA] t=1765.6s | pag=1983 | files=2236 | data=  3 | cola= 390 | prio=10 | http://www.adascz.com.bo/boletin-precios/boletin-precios-avicolas-14-de-julio-2
[FULL_3_ADA] t=1766.3s | pag=1984 | files=2236 | data=  3 | cola= 389 | prio=10 | http://www.adascz.com.bo/boletin-precios/boletin-precios-avicolas-13-de-julio-2
[FULL_3_ADA] t=1767.2s | pag=1985 | files=2236 | data=  3 | cola= 388 | prio=10 | http://www.adascz.com.bo/boletin-precios/boletin-precios-avicolas-12-de-julio-2
[FULL_3_ADA] t=1768.1s | pag=1986 | files=2236 | data=  3 | cola= 387 | prio=10 | http://www.adascz.com.bo/boletin-precios/boletin-precios-avicolas-11-de-julio-2
[FULL_3_ADA] t=1769.0s | pag=1987 | files=2236 | data=  3 | cola= 386 | prio=10 | http://www.adascz.com.bo/boletin-precios/boletin-precios-avicolas-07-de-julio-2
[FULL_3_ADA] t=1769.8s | pag=1988 | files=2236 | data=  3 | cola= 385 | prio=10 | http://www.adascz.com.bo/boletin-precios/boletin-precios-avicolas-06-de-julio-2
[FULL_3_ADA] t=1770.6s | pag=1989 | files=2236 | data=  3 | cola= 384 | prio=10 | http://www.adascz.com.bo/boletin-precios/boletin-precios-avicolas-05-de-julio-2
[FULL_3_ADA] t=1771.6s | pag=1990 | files=2236 | data=  3 | cola= 383 | prio=10 | http://www.adascz.com.bo/boletin-precios/boletin-precios-avicolas-04-de-julio-2
[FULL_3_ADA] t=1772.8s | pag=1991 | files=2236 | data=  3 | cola= 382 | prio=10 | http://www.adascz.com.bo/boletin-precios/boletin-precios-avicolas-03-de-julio
[FULL_3_ADA] t=1773.5s | pag=1992 | files=2236 | data=  3 | cola= 381 | prio=10 | http://www.adascz.com.bo/boletin-precios/boletin-precios-avicolas-30-de-junio-2
[FULL_3_ADA] t=1774.5s | pag=1993 | files=2236 | data=  3 | cola= 380 | prio=10 | http://www.adascz.com.bo/boletin-precios/boletin-precios-avicolas-29-de-junio-2
[FULL_3_ADA] t=1775.5s | pag=1994 | files=2236 | data=  3 | cola= 379 | prio=10 | http://www.adascz.com.bo/boletin-precios/boletin-precios-avicolas-28-de-junio-2
[FULL_3_ADA] t=1776.3s | pag=1995 | files=2236 | data=  3 | cola= 378 | prio=10 | http://www.adascz.com.bo/boletin-precios/boletin-precios-avicolas-27-de-junio-2
[FULL_3_ADA] t=1777.3s | pag=1996 | files=2236 | data=  3 | cola= 377 | prio=10 | http://www.adascz.com.bo/boletin-precios/boletin-precios-avicolas-26-de-junio
[FULL_3_ADA] t=1777.9s | pag=1997 | files=2236 | data=  3 | cola= 376 | prio=10 | http://www.adascz.com.bo/boletin-precios/boletin-precios-avicolas-22-de-junio-2
[FULL_3_ADA] t=1778.8s | pag=1998 | files=2236 | data=  3 | cola= 375 | prio=10 | http://www.adascz.com.bo/boletin-precios/boletin-precios-avicolas-20-de-junio-2
[FULL_3_ADA] t=1779.7s | pag=1999 | files=2236 | data=  3 | cola= 374 | prio=10 | http://www.adascz.com.bo/boletin-precios/boletin-precios-avicolas-19-de-junio
[FULL_3_ADA] t=1780.4s | pag=2000 | files=2236 | data=  3 | cola= 373 | prio=10 | http://www.adascz.com.bo/boletin-precios/boletin-precios-avicolas-16-de-junio
[FULL_3_ADA] t=1781.6s | pag=2001 | files=2236 | data=  3 | cola= 372 | prio=10 | http://www.adascz.com.bo/boletin-precios/boletin-precios-avicolas-15-de-junio-2
[FULL_3_ADA] t=1782.4s | pag=2002 | files=2236 | data=  3 | cola= 371 | prio=10 | http://www.adascz.com.bo/boletin-precios/boletin-precios-avicolas-14-de-junio-3
[FULL_3_ADA] t=1783.0s | pag=2003 | files=2236 | data=  3 | cola= 370 | prio=10 | http://www.adascz.com.bo/boletin-precios/boletin-precios-avicolas-13-de-junio-2
[FULL_3_ADA] t=1784.1s | pag=2004 | files=2236 | data=  3 | cola= 369 | prio=10 | http://www.adascz.com.bo/boletin-precios/boletin-precios-avicolas-12-de-junio
[FULL_3_ADA] t=1784.9s | pag=2005 | files=2236 | data=  3 | cola= 368 | prio=10 | http://www.adascz.com.bo/boletin-precios/boletin-precios-avicolas-09-de-junio-2
[FULL_3_ADA] t=1786.0s | pag=2006 | files=2236 | data=  3 | cola= 367 | prio=10 | http://www.adascz.com.bo/boletin-precios/boletin-precios-avicolas-07-de-junio-2
[FULL_3_ADA] t=1787.1s | pag=2007 | files=2236 | data=  3 | cola= 366 | prio=10 | http://www.adascz.com.bo/boletin-precios/boletin-precios-avicolas-06-de-junio-2
[FULL_3_ADA] t=1787.8s | pag=2008 | files=2236 | data=  3 | cola= 365 | prio=10 | http://www.adascz.com.bo/boletin-precios/boletin-precios-avicolas-05-de-junio
[FULL_3_ADA] t=1788.6s | pag=2009 | files=2236 | data=  3 | cola= 364 | prio=10 | http://www.adascz.com.bo/boletin-precios/boletin-precios-avicolas-02-de-junio-2
[FULL_3_ADA] t=1789.3s | pag=2010 | files=2236 | data=  3 | cola= 363 | prio=10 | http://www.adascz.com.bo/boletin-precios/boletin-precios-avicolas-01-de-junio-2
[FULL_3_ADA] t=1790.2s | pag=2011 | files=2236 | data=  3 | cola= 362 | prio=10 | http://www.adascz.com.bo/boletin-precios/boletin-precios-avicolas-31-de-mayo-2
[FULL_3_ADA] t=1791.5s | pag=2012 | files=2236 | data=  3 | cola= 361 | prio=10 | http://www.adascz.com.bo/boletin-precios/boletin-precios-avicolas-30-de-mayo-2
[FULL_3_ADA] t=1792.6s | pag=2013 | files=2236 | data=  3 | cola= 360 | prio=10 | http://www.adascz.com.bo/boletin-precios/boletin-precios-avicolas-29-de-mayo
[FULL_3_ADA] t=1793.7s | pag=2014 | files=2236 | data=  3 | cola= 359 | prio=10 | http://www.adascz.com.bo/boletin-precios/boletin-precios-avicolas-25-de-mayo-2
[FULL_3_ADA] t=1794.7s | pag=2015 | files=2236 | data=  3 | cola= 358 | prio=10 | http://www.adascz.com.bo/boletin-precios/boletin-precios-avicolas-24-de-mayo-2
[FULL_3_ADA] t=1795.5s | pag=2016 | files=2236 | data=  3 | cola= 357 | prio=10 | http://www.adascz.com.bo/boletin-precios/boletin-precios-avicolas-23-de-mayo-2
[FULL_3_ADA] t=1796.3s | pag=2017 | files=2236 | data=  3 | cola= 356 | prio=10 | http://www.adascz.com.bo/boletin-precios/boletin-precios-avicolas-22-de-mayo
[FULL_3_ADA] t=1797.1s | pag=2018 | files=2236 | data=  3 | cola= 355 | prio=10 | http://www.adascz.com.bo/boletin-precios/boletin-precios-avicolas-19-de-mayo-2
[FULL_3_ADA] t=1797.9s | pag=2019 | files=2236 | data=  3 | cola= 354 | prio=10 | http://www.adascz.com.bo/boletin-precios/boletin-precios-avicolas-18-de-mayo-2
[FULL_3_ADA] t=1799.6s | pag=2020 | files=2236 | data=  3 | cola= 353 | prio=10 | http://www.adascz.com.bo/boletin-precios/boletin-precios-avicolas-17-de-mayo-2
[FULL_3_ADA] t=1800.3s | pag=2021 | files=2236 | data=  3 | cola= 352 | prio=10 | http://www.adascz.com.bo/boletin-precios/boletin-precios-avicolas-16-de-mayo-2
[FULL_3_ADA] t=1801.3s | pag=2022 | files=2236 | data=  3 | cola= 351 | prio=10 | http://www.adascz.com.bo/boletin-precios/boletin-precios-avicolas-15-de-mayo
[FULL_3_ADA] t=1802.2s | pag=2023 | files=2236 | data=  3 | cola= 350 | prio=10 | http://www.adascz.com.bo/boletin-precios/boletin-precios-avicolas-12-de-mayo-2
[FULL_3_ADA] t=1803.2s | pag=2024 | files=2236 | data=  3 | cola= 349 | prio=10 | http://www.adascz.com.bo/boletin-precios/boletin-precios-avicolas-11-de-mayo-2
[FULL_3_ADA] t=1804.3s | pag=2025 | files=2236 | data=  3 | cola= 348 | prio=10 | http://www.adascz.com.bo/boletin-precios/boletin-precios-avicolas-10-de-mayo-2
[FULL_3_ADA] t=1805.2s | pag=2026 | files=2236 | data=  3 | cola= 347 | prio=10 | http://www.adascz.com.bo/boletin-precios/boletin-precios-avicolas-9-de-mayo
[FULL_3_ADA] t=1805.9s | pag=2027 | files=2236 | data=  3 | cola= 346 | prio=10 | http://www.adascz.com.bo/boletin-precios/boletin-precios-avicolas-8-de-mayo
[FULL_3_ADA] t=1806.8s | pag=2028 | files=2236 | data=  3 | cola= 345 | prio=10 | http://www.adascz.com.bo/boletin-precios/boletin-precios-avicolas-5-de-mayo
[FULL_3_ADA] t=1807.4s | pag=2029 | files=2236 | data=  3 | cola= 344 | prio=10 | http://www.adascz.com.bo/boletin-precios/boletin-precios-avicolas-4-de-mayo
[FULL_3_ADA] t=1808.2s | pag=2030 | files=2236 | data=  3 | cola= 343 | prio=10 | http://www.adascz.com.bo/boletin-precios/boletin-precios-avicolas-3-de-mayo-2
[FULL_3_ADA] t=1809.1s | pag=2031 | files=2236 | data=  3 | cola= 342 | prio=10 | http://www.adascz.com.bo/boletin-precios/boletin-precios-avicolas-2-de-mayo
[FULL_3_ADA] t=1810.2s | pag=2032 | files=2236 | data=  3 | cola= 341 | prio=10 | http://www.adascz.com.bo/boletin-precios/boletin-precios-avicolas-28-de-abril-3
[FULL_3_ADA] t=1811.0s | pag=2033 | files=2236 | data=  3 | cola= 340 | prio=10 | http://www.adascz.com.bo/boletin-precios/boletin-precios-avicolas-27-de-abril-2
[FULL_3_ADA] t=1811.6s | pag=2034 | files=2236 | data=  3 | cola= 339 | prio=10 | http://www.adascz.com.bo/boletin-precios/boletin-precios-avicolas-26-de-abril-2
[FULL_3_ADA] t=1812.6s | pag=2035 | files=2236 | data=  3 | cola= 338 | prio=10 | http://www.adascz.com.bo/boletin-precios/boletin-precios-avicolas-25-de-abril-2
[FULL_3_ADA] t=1814.0s | pag=2036 | files=2236 | data=  3 | cola= 337 | prio=10 | http://www.adascz.com.bo/boletin-precios/boletin-precios-avicolas-24-de-abril
[FULL_3_ADA] t=1814.8s | pag=2037 | files=2236 | data=  3 | cola= 336 | prio=10 | http://www.adascz.com.bo/boletin-precios/boletin-precios-avicolas-21-de-abril-3
[FULL_3_ADA] t=1815.9s | pag=2038 | files=2236 | data=  3 | cola= 335 | prio=10 | http://www.adascz.com.bo/boletin-precios/boletin-precios-avicolas-20-de-abril-2
[FULL_3_ADA] t=1817.0s | pag=2039 | files=2236 | data=  3 | cola= 334 | prio=10 | http://www.adascz.com.bo/boletin-precios/boletin-precios-avicolas-19-de-abril-2
[FULL_3_ADA] t=1817.9s | pag=2040 | files=2236 | data=  3 | cola= 333 | prio=10 | http://www.adascz.com.bo/boletin-precios/boletin-precios-avicolas-18-de-abril-2
[FULL_3_ADA] t=1818.8s | pag=2041 | files=2236 | data=  3 | cola= 332 | prio=10 | http://www.adascz.com.bo/boletin-precios/boletin-precios-avicolas-17-de-abril
[FULL_3_ADA] t=1819.8s | pag=2042 | files=2236 | data=  3 | cola= 331 | prio=10 | http://www.adascz.com.bo/boletin-precios/boletin-precios-avicolas-14-de-abril-2
[FULL_3_ADA] t=1820.6s | pag=2043 | files=2236 | data=  3 | cola= 330 | prio=10 | http://www.adascz.com.bo/boletin-precios/boletin-precios-avicolas-13-de-abril-2
[FULL_3_ADA] t=1821.3s | pag=2044 | files=2236 | data=  3 | cola= 329 | prio=10 | http://www.adascz.com.bo/boletin-precios/boletin-precios-avicolas-12-de-abril-2
[FULL_3_ADA] t=1822.2s | pag=2045 | files=2236 | data=  3 | cola= 328 | prio=10 | http://www.adascz.com.bo/boletin-precios/boletin-precios-avicolas-11-de-abril-2
[FULL_3_ADA] t=1823.2s | pag=2046 | files=2236 | data=  3 | cola= 327 | prio=10 | http://www.adascz.com.bo/boletin-precios/boletin-precios-avicolas-10-de-abril
[FULL_3_ADA] t=1824.4s | pag=2047 | files=2236 | data=  3 | cola= 326 | prio=10 | http://www.adascz.com.bo/boletin-precios/boletin-precios-avicolas-06-de-abril-2
[FULL_3_ADA] t=1825.2s | pag=2048 | files=2236 | data=  3 | cola= 325 | prio=10 | http://www.adascz.com.bo/boletin-precios/boletin-precios-avicolas-04-de-abril-2
[FULL_3_ADA] t=1826.0s | pag=2049 | files=2236 | data=  3 | cola= 324 | prio=10 | http://www.adascz.com.bo/boletin-precios/boletin-precios-avicolas-03-de-abril
[FULL_3_ADA] t=1826.7s | pag=2050 | files=2236 | data=  3 | cola= 323 | prio=10 | http://www.adascz.com.bo/boletin-precios/boletin-precios-avicolas-31-de-marzo-2
[FULL_3_ADA] t=1827.8s | pag=2051 | files=2236 | data=  3 | cola= 322 | prio=10 | http://www.adascz.com.bo/boletin-precios/boletin-precios-avicolas-30-de-marzo-2
[FULL_3_ADA] t=1828.4s | pag=2052 | files=2236 | data=  3 | cola= 321 | prio=10 | http://www.adascz.com.bo/boletin-precios/boletin-precios-avicolas-29-de-marzo-2
[FULL_3_ADA] t=1829.5s | pag=2053 | files=2236 | data=  3 | cola= 320 | prio=10 | http://www.adascz.com.bo/boletin-precios/boletin-precios-avicolas-28-de-marzo-2
[FULL_3_ADA] t=1830.5s | pag=2054 | files=2236 | data=  3 | cola= 319 | prio=10 | http://www.adascz.com.bo/boletin-precios/boletin-precios-avicolas-27-de-marzo
[FULL_3_ADA] t=1831.6s | pag=2055 | files=2236 | data=  3 | cola= 318 | prio=10 | http://www.adascz.com.bo/boletin-precios/boletin-precios-avicolas-24-de-marzo-2
[FULL_3_ADA] t=1832.4s | pag=2056 | files=2236 | data=  3 | cola= 317 | prio=10 | http://www.adascz.com.bo/boletin-precios/boletin-precios-avicolas-23-de-marzo-2
[FULL_3_ADA] t=1833.2s | pag=2057 | files=2236 | data=  3 | cola= 316 | prio=10 | http://www.adascz.com.bo/boletin-precios/boletin-precios-avicolas-22-de-marzo-2
[FULL_3_ADA] t=1833.9s | pag=2058 | files=2236 | data=  3 | cola= 315 | prio=10 | http://www.adascz.com.bo/boletin-precios/boletin-precios-avicolas-21-de-marzo-3
[FULL_3_ADA] t=1834.6s | pag=2059 | files=2236 | data=  3 | cola= 314 | prio=10 | http://www.adascz.com.bo/boletin-precios/boletin-precios-avicolas-20-de-marzo
[FULL_3_ADA] t=1835.6s | pag=2060 | files=2236 | data=  3 | cola= 313 | prio=10 | http://www.adascz.com.bo/boletin-precios/boletin-precios-avicolas-17-de-marzo-2
[FULL_3_ADA] t=1836.3s | pag=2061 | files=2236 | data=  3 | cola= 312 | prio=10 | http://www.adascz.com.bo/boletin-precios/boletin-precios-avicolas-16-de-marzo-2
[FULL_3_ADA] t=1837.0s | pag=2062 | files=2236 | data=  3 | cola= 311 | prio=10 | http://www.adascz.com.bo/boletin-precios/boletin-precios-avicolas-15-de-marzo-2
[FULL_3_ADA] t=1837.9s | pag=2063 | files=2236 | data=  3 | cola= 310 | prio=10 | http://www.adascz.com.bo/boletin-precios/boletin-precios-avicolas-14-de-marzo-2
[FULL_3_ADA] t=1838.6s | pag=2064 | files=2236 | data=  3 | cola= 309 | prio=10 | http://www.adascz.com.bo/boletin-precios/boletin-precios-avicolas-13-de-marzo
[FULL_3_ADA] t=1839.4s | pag=2065 | files=2236 | data=  3 | cola= 308 | prio=10 | http://www.adascz.com.bo/boletin-precios/boletin-precios-avicolas-10-de-marzo-2
[FULL_3_ADA] t=1840.0s | pag=2066 | files=2236 | data=  3 | cola= 307 | prio=10 | http://www.adascz.com.bo/boletin-precios/boletin-precios-avicolas-08-de-marzo
[FULL_3_ADA] t=1840.9s | pag=2067 | files=2236 | data=  3 | cola= 306 | prio=10 | http://www.adascz.com.bo/boletin-precios/boletin-precios-avicolas-07-de-marzo
[FULL_3_ADA] t=1841.9s | pag=2068 | files=2236 | data=  3 | cola= 305 | prio=10 | http://www.adascz.com.bo/boletin-precios/boletin-precios-avicolas-06-de-marzo
[FULL_3_ADA] t=1842.8s | pag=2069 | files=2236 | data=  3 | cola= 304 | prio=10 | http://www.adascz.com.bo/boletin-precios/boletin-precios-avicolas-03-de-marzo
[FULL_3_ADA] t=1843.4s | pag=2070 | files=2236 | data=  3 | cola= 303 | prio=10 | http://www.adascz.com.bo/boletin-precios/boletin-precios-avicolas-02-de-marzo
[FULL_3_ADA] t=1844.0s | pag=2071 | files=2236 | data=  3 | cola= 302 | prio=10 | http://www.adascz.com.bo/boletin-precios/boletin-precios-avicolas-01-de-marzo
[FULL_3_ADA] t=1844.8s | pag=2072 | files=2236 | data=  3 | cola= 301 | prio=10 | http://www.adascz.com.bo/boletin-precios/boletin-precios-avicolas-28-de-febrero
[FULL_3_ADA] t=1845.5s | pag=2073 | files=2236 | data=  3 | cola= 300 | prio=10 | http://www.adascz.com.bo/boletin-precios/boletin-precios-avicolas-27-de-febrero
[FULL_3_ADA] t=1846.1s | pag=2074 | files=2236 | data=  3 | cola= 299 | prio=10 | http://www.adascz.com.bo/boletin-precios/boletin-precios-avicolas-24-de-febrero-2
[FULL_3_ADA] t=1847.3s | pag=2075 | files=2236 | data=  3 | cola= 298 | prio=10 | http://www.adascz.com.bo/boletin-precios/boletin-precios-avicolas-22-de-febrero-2
[FULL_3_ADA] t=1847.8s | pag=2076 | files=2236 | data=  3 | cola= 297 | prio=10 | http://www.adascz.com.bo/boletin-precios/boletin-precios-avicolas-17-de-febrero-2
[FULL_3_ADA] t=1848.9s | pag=2077 | files=2236 | data=  3 | cola= 296 | prio=10 | http://www.adascz.com.bo/boletin-precios/boletin-precios-avicolas-16-de-febrero-2
[FULL_3_ADA] t=1849.9s | pag=2078 | files=2236 | data=  3 | cola= 295 | prio=10 | http://www.adascz.com.bo/boletin-precios/boletin-precios-avicolas-15-de-febrero-2
[FULL_3_ADA] t=1850.8s | pag=2079 | files=2236 | data=  3 | cola= 294 | prio=10 | http://www.adascz.com.bo/boletin-precios/boletin-precios-avicolas-14-de-febrero-2
[FULL_3_ADA] t=1851.6s | pag=2080 | files=2236 | data=  3 | cola= 293 | prio=10 | http://www.adascz.com.bo/boletin-precios/boletin-precios-avicolas-13-de-febrero
[FULL_3_ADA] t=1852.4s | pag=2081 | files=2236 | data=  3 | cola= 292 | prio=10 | http://www.adascz.com.bo/boletin-precios/boletin-precios-avicolas-10-de-febrero-2
[FULL_3_ADA] t=1853.1s | pag=2082 | files=2236 | data=  3 | cola= 291 | prio=10 | http://www.adascz.com.bo/boletin-precios/boletin-precios-avicolas-09-de-febrero-2
[FULL_3_ADA] t=1854.3s | pag=2083 | files=2236 | data=  3 | cola= 290 | prio=10 | http://www.adascz.com.bo/boletin-precios/boletin-precios-avicolas-08-de-febrero-2
[FULL_3_ADA] t=1855.1s | pag=2084 | files=2236 | data=  3 | cola= 289 | prio=10 | http://www.adascz.com.bo/boletin-precios/boletin-precios-avicolas-07-de-febrero-2
[FULL_3_ADA] t=1856.0s | pag=2085 | files=2236 | data=  3 | cola= 288 | prio=10 | http://www.adascz.com.bo/boletin-precios/boletin-precios-avicolas-06-de-febrero
[FULL_3_ADA] t=1856.7s | pag=2086 | files=2236 | data=  3 | cola= 287 | prio=10 | http://www.adascz.com.bo/boletin-precios/boletin-precios-avicolas-03-de-febrero-2
[FULL_3_ADA] t=1857.6s | pag=2087 | files=2236 | data=  3 | cola= 286 | prio=10 | http://www.adascz.com.bo/boletin-precios/boletin-precios-avicolas-02-de-febrero-2
[FULL_3_ADA] t=1858.7s | pag=2088 | files=2236 | data=  3 | cola= 285 | prio=10 | http://www.adascz.com.bo/boletin-precios/boletin-precios-avicolas-01-de-febrero-2
[FULL_3_ADA] t=1859.4s | pag=2089 | files=2236 | data=  3 | cola= 284 | prio=10 | http://www.adascz.com.bo/boletin-precios/boletin-precios-avicolas-31-de-enero-2
[FULL_3_ADA] t=1860.1s | pag=2090 | files=2236 | data=  3 | cola= 283 | prio=10 | http://www.adascz.com.bo/boletin-precios/boletin-precios-avicolas-30-de-enero
[FULL_3_ADA] t=1860.7s | pag=2091 | files=2236 | data=  3 | cola= 282 | prio=10 | http://www.adascz.com.bo/boletin-precios/boletin-precios-avicolas-26-de-enero
[FULL_3_ADA] t=1861.4s | pag=2092 | files=2236 | data=  3 | cola= 281 | prio=10 | http://www.adascz.com.bo/boletin-precios/boletin-precios-avicolas-25-de-enero
[FULL_3_ADA] t=1862.0s | pag=2093 | files=2236 | data=  3 | cola= 280 | prio=10 | http://www.adascz.com.bo/boletin-precios/boletin-precios-avicolas-24-de-enero
[FULL_3_ADA] t=1863.0s | pag=2094 | files=2236 | data=  3 | cola= 279 | prio=10 | http://www.adascz.com.bo/boletin-precios/boletin-precios-avicolas-21-de-enero
[FULL_3_ADA] t=1864.2s | pag=2095 | files=2236 | data=  3 | cola= 278 | prio=10 | http://www.adascz.com.bo/boletin-precios/boletin-precios-avicolas-20-de-enero
[FULL_3_ADA] t=1865.2s | pag=2096 | files=2236 | data=  3 | cola= 277 | prio=10 | http://www.adascz.com.bo/boletin-precios/boletin-precios-avicolas-19-de-enero
[FULL_3_ADA] t=1866.1s | pag=2097 | files=2236 | data=  3 | cola= 276 | prio=10 | http://www.adascz.com.bo/boletin-precios/boletin-precios-avicolas-18-de-enero
[FULL_3_ADA] t=1866.8s | pag=2098 | files=2236 | data=  3 | cola= 275 | prio=10 | http://www.adascz.com.bo/boletin-precios/boletin-precios-avicolas-17-de-enero
[FULL_3_ADA] t=1867.7s | pag=2099 | files=2236 | data=  3 | cola= 274 | prio=10 | http://www.adascz.com.bo/boletin-precios/boletin-precios-avicolas-16-de-enero
[FULL_3_ADA] t=1868.8s | pag=2100 | files=2236 | data=  3 | cola= 273 | prio=10 | http://www.adascz.com.bo/boletin-precios/boletin-precios-avicolas-13-de-enero
[FULL_3_ADA] t=1869.8s | pag=2101 | files=2236 | data=  3 | cola= 272 | prio=10 | http://www.adascz.com.bo/boletin-precios/boletin-precios-avicolas-12-de-enero
[FULL_3_ADA] t=1870.6s | pag=2102 | files=2236 | data=  3 | cola= 271 | prio=10 | http://www.adascz.com.bo/boletin-precios/boletin-precios-avicolas-11-de-enero
[FULL_3_ADA] t=1871.6s | pag=2103 | files=2236 | data=  3 | cola= 270 | prio=10 | http://www.adascz.com.bo/boletin-precios/boletin-precios-avicolas-10-de-enero
[FULL_3_ADA] t=1872.5s | pag=2104 | files=2236 | data=  3 | cola= 269 | prio=10 | http://www.adascz.com.bo/boletin-precios/boletin-precios-avicolas-09-de-enero
[FULL_3_ADA] t=1873.2s | pag=2105 | files=2236 | data=  3 | cola= 268 | prio=10 | http://www.adascz.com.bo/boletin-precios/boletin-precios-avicolas-06-de-enero
[FULL_3_ADA] t=1873.8s | pag=2106 | files=2236 | data=  3 | cola= 267 | prio=10 | http://www.adascz.com.bo/boletin-precios/boletin-precios-avicolas-05-de-enero
[FULL_3_ADA] t=1874.9s | pag=2107 | files=2236 | data=  3 | cola= 266 | prio=10 | http://www.adascz.com.bo/boletin-precios/boletin-precios-avicolas-04-de-enero
[FULL_3_ADA] t=1876.1s | pag=2108 | files=2236 | data=  3 | cola= 265 | prio=10 | http://www.adascz.com.bo/boletin-precios/boletin-precios-avicolas-03-de-enero
[FULL_3_ADA] t=1876.9s | pag=2109 | files=2236 | data=  3 | cola= 264 | prio=10 | http://www.adascz.com.bo/boletin-precios/boletin-precios-avicolas-29-de-diciembre
[FULL_3_ADA] t=1877.9s | pag=2110 | files=2236 | data=  3 | cola= 263 | prio=10 | http://www.adascz.com.bo/boletin-precios/boletin-precios-avicolas-28-de-diciembre
[FULL_3_ADA] t=1878.9s | pag=2111 | files=2236 | data=  3 | cola= 262 | prio=10 | http://www.adascz.com.bo/boletin-precios/boletin-precios-avicolas-27-de-diciembre
[FULL_3_ADA] t=1879.8s | pag=2112 | files=2236 | data=  3 | cola= 261 | prio=10 | http://www.adascz.com.bo/boletin-precios/boletin-precios-avicolas-23-de-diciembre
[FULL_3_ADA] t=1880.5s | pag=2113 | files=2236 | data=  3 | cola= 260 | prio=10 | http://www.adascz.com.bo/boletin-precios/boletin-precios-avicolas-22-de-diciembre
[FULL_3_ADA] t=1881.2s | pag=2114 | files=2236 | data=  3 | cola= 259 | prio=10 | http://www.adascz.com.bo/boletin-precios/boletin-precios-avicolas-21-de-diciembre
[FULL_3_ADA] t=1882.0s | pag=2115 | files=2236 | data=  3 | cola= 258 | prio=10 | http://www.adascz.com.bo/boletin-precios/boletin-precios-avicolas-20-de-diciembre
[FULL_3_ADA] t=1882.6s | pag=2116 | files=2236 | data=  3 | cola= 257 | prio=10 | http://www.adascz.com.bo/boletin-precios/boletin-precios-avicolas-19-de-diciembre
[FULL_3_ADA] t=1883.2s | pag=2117 | files=2236 | data=  3 | cola= 256 | prio=10 | http://www.adascz.com.bo/boletin-precios/boletin-precios-avicolas-17-de-diciembre
[FULL_3_ADA] t=1884.3s | pag=2118 | files=2236 | data=  3 | cola= 255 | prio=10 | http://www.adascz.com.bo/boletin-precios/boletin-precios-avicolas-16-de-diciembre
[FULL_3_ADA] t=1885.1s | pag=2119 | files=2236 | data=  3 | cola= 254 | prio=10 | http://www.adascz.com.bo/boletin-precios/boletin-precios-avicolas-15-de-diciembre
[FULL_3_ADA] t=1885.8s | pag=2120 | files=2236 | data=  3 | cola= 253 | prio=10 | http://www.adascz.com.bo/boletin-precios/boletin-precios-avicolas-14-de-diciembre
[FULL_3_ADA] t=1886.8s | pag=2121 | files=2236 | data=  3 | cola= 252 | prio=10 | http://www.adascz.com.bo/boletin-precios/boletin-precios-avicolas-13-de-diciembre
[FULL_3_ADA] t=1887.9s | pag=2122 | files=2236 | data=  3 | cola= 251 | prio=10 | http://www.adascz.com.bo/boletin-precios/boletin-precios-avicolas-12-de-diciembre
[FULL_3_ADA] t=1889.0s | pag=2123 | files=2236 | data=  3 | cola= 250 | prio=10 | http://www.adascz.com.bo/boletin-precios/boletin-precios-avicolas-09-de-diciembre
[FULL_3_ADA] t=1889.6s | pag=2124 | files=2236 | data=  3 | cola= 249 | prio=10 | http://www.adascz.com.bo/boletin-precios/boletin-precios-avicolas-08-de-diciembre
[FULL_3_ADA] t=1890.3s | pag=2125 | files=2236 | data=  3 | cola= 248 | prio=10 | http://www.adascz.com.bo/boletin-precios/boletin-precios-avicolas-07-de-diciembre
[FULL_3_ADA] t=1890.9s | pag=2126 | files=2236 | data=  3 | cola= 247 | prio=10 | http://www.adascz.com.bo/boletin-precios/boletin-precios-avicolas-06-de-diciembre
[FULL_3_ADA] t=1891.6s | pag=2127 | files=2236 | data=  3 | cola= 246 | prio=10 | http://www.adascz.com.bo/boletin-precios/boletin-precios-avicolas-02-de-diciembre
[FULL_3_ADA] t=1892.6s | pag=2128 | files=2236 | data=  3 | cola= 245 | prio=10 | http://www.adascz.com.bo/boletin-precios/boletin-precios-avicolas-01-de-diciembre
[FULL_3_ADA] t=1893.2s | pag=2129 | files=2236 | data=  3 | cola= 244 | prio=10 | http://www.adascz.com.bo/boletin-precios/boletin-precios-avicolas-30-de-noviembre
[FULL_3_ADA] t=1894.2s | pag=2130 | files=2236 | data=  3 | cola= 243 | prio=10 | http://www.adascz.com.bo/boletin-precios/boletin-precios-avicolas-29-de-noviembre
[FULL_3_ADA] t=1894.9s | pag=2131 | files=2236 | data=  3 | cola= 242 | prio=10 | http://www.adascz.com.bo/boletin-precios/boletin-precios-avicolas-28-de-noviembre
[FULL_3_ADA] t=1895.8s | pag=2132 | files=2236 | data=  3 | cola= 241 | prio=10 | http://www.adascz.com.bo/boletin-precios/boletin-precios-avicolas-25-de-noviembre
[FULL_3_ADA] t=1896.9s | pag=2133 | files=2236 | data=  3 | cola= 240 | prio=10 | http://www.adascz.com.bo/boletin-precios/boletin-precios-avicolas-24-de-noviembre
[FULL_3_ADA] t=1897.6s | pag=2134 | files=2236 | data=  3 | cola= 239 | prio=10 | http://www.adascz.com.bo/boletin-precios/boletin-precios-avicolas-23-de-noviembre
[FULL_3_ADA] t=1898.7s | pag=2135 | files=2236 | data=  3 | cola= 238 | prio=10 | http://www.adascz.com.bo/boletin-precios/boletin-precios-avicolas-22-de-noviembre
[FULL_3_ADA] t=1899.9s | pag=2136 | files=2236 | data=  3 | cola= 237 | prio=10 | http://www.adascz.com.bo/boletin-precios/boletin-precios-avicolas-21-de-noviembre
[FULL_3_ADA] t=1900.6s | pag=2137 | files=2236 | data=  3 | cola= 236 | prio=10 | http://www.adascz.com.bo/boletin-precios/boletin-precios-avicolas-18-de-noviembre
[FULL_3_ADA] t=1901.6s | pag=2138 | files=2236 | data=  3 | cola= 235 | prio=10 | http://www.adascz.com.bo/boletin-precios/boletin-precios-avicolas-17-de-noviembre
[FULL_3_ADA] t=1902.4s | pag=2139 | files=2236 | data=  3 | cola= 234 | prio=10 | http://www.adascz.com.bo/boletin-precios/boletin-precios-avicolas-16-de-noviembre
[FULL_3_ADA] t=1903.3s | pag=2140 | files=2236 | data=  3 | cola= 233 | prio=10 | http://www.adascz.com.bo/boletin-precios/boletin-precios-avicolas-15-de-noviembre
[FULL_3_ADA] t=1904.1s | pag=2141 | files=2236 | data=  3 | cola= 232 | prio=10 | http://www.adascz.com.bo/boletin-precios/boletin-precios-avicolas-14-de-noviembre
[FULL_3_ADA] t=1905.2s | pag=2142 | files=2236 | data=  3 | cola= 231 | prio=10 | http://www.adascz.com.bo/boletin-precios/boletin-precios-avicolas-11-de-noviembre
[FULL_3_ADA] t=1906.1s | pag=2143 | files=2236 | data=  3 | cola= 230 | prio=10 | http://www.adascz.com.bo/boletin-precios/boletin-precios-avicolas-09-de-noviembre
[FULL_3_ADA] t=1907.1s | pag=2144 | files=2236 | data=  3 | cola= 229 | prio=10 | http://www.adascz.com.bo/boletin-precios/boletin-precios-avicolas-08-de-noviembre
[FULL_3_ADA] t=1908.2s | pag=2145 | files=2236 | data=  3 | cola= 228 | prio=10 | http://www.adascz.com.bo/boletin-precios/boletin-precios-avicolas-07-de-noviembre
[FULL_3_ADA] t=1909.0s | pag=2146 | files=2236 | data=  3 | cola= 227 | prio=10 | http://www.adascz.com.bo/boletin-precios/boletin-precios-avicolas-04-de-noviembre
[FULL_3_ADA] t=1909.6s | pag=2147 | files=2236 | data=  3 | cola= 226 | prio=10 | http://www.adascz.com.bo/boletin-precios/boletin-precios-avicolas-03-de-noviembre
[FULL_3_ADA] t=1910.5s | pag=2148 | files=2236 | data=  3 | cola= 225 | prio=10 | http://www.adascz.com.bo/boletin-precios/boletin-precios-avicolas-01-de-noviembre
[FULL_3_ADA] t=1911.1s | pag=2149 | files=2236 | data=  3 | cola= 224 | prio=10 | http://www.adascz.com.bo/boletin-precios/boletin-precios-avicolas-31-de-octubre
[FULL_3_ADA] t=1911.8s | pag=2150 | files=2236 | data=  3 | cola= 223 | prio=10 | http://www.adascz.com.bo/boletin-precios/boletin-precios-avicolas-27-de-octubre
[FULL_3_ADA] t=1912.8s | pag=2151 | files=2236 | data=  3 | cola= 222 | prio=10 | http://www.adascz.com.bo/boletin-precios/boletin-precios-avicolas-26-de-octubre
[FULL_3_ADA] t=1913.4s | pag=2152 | files=2236 | data=  3 | cola= 221 | prio=10 | http://www.adascz.com.bo/boletin-precios/boletin-precios-avicolas-25-de-octubre
[FULL_3_ADA] t=1914.5s | pag=2153 | files=2236 | data=  3 | cola= 220 | prio=10 | http://www.adascz.com.bo/boletin-precios/boletin-precios-avicolas-24-de-octubre
[FULL_3_ADA] t=1915.2s | pag=2154 | files=2236 | data=  3 | cola= 219 | prio=10 | http://www.adascz.com.bo/boletin-precios/boletin-precios-avicolas-21-de-octubre
[FULL_3_ADA] t=1916.3s | pag=2155 | files=2236 | data=  3 | cola= 218 | prio=10 | http://www.adascz.com.bo/boletin-precios/boletin-precios-avicolas-20-de-octubre
[FULL_3_ADA] t=1917.5s | pag=2156 | files=2236 | data=  3 | cola= 217 | prio=10 | http://www.adascz.com.bo/boletin-precios/boletin-precios-avicolas-19-de-octubre
[FULL_3_ADA] t=1918.3s | pag=2157 | files=2236 | data=  3 | cola= 216 | prio=10 | http://www.adascz.com.bo/boletin-precios/boletin-precios-avicolas-18-de-octubre
[FULL_3_ADA] t=1919.4s | pag=2158 | files=2236 | data=  3 | cola= 215 | prio=10 | http://www.adascz.com.bo/boletin-precios/boletin-precios-avicolas-17-de-octubre
[FULL_3_ADA] t=1920.5s | pag=2159 | files=2236 | data=  3 | cola= 214 | prio=10 | http://www.adascz.com.bo/boletin-precios/boletin-precios-avicolas-14-de-octubre
[FULL_3_ADA] t=1921.6s | pag=2160 | files=2236 | data=  3 | cola= 213 | prio=10 | http://www.adascz.com.bo/boletin-precios/boletin-precios-avicolas-13-de-octubre
[FULL_3_ADA] t=1922.7s | pag=2161 | files=2236 | data=  3 | cola= 212 | prio=10 | http://www.adascz.com.bo/boletin-precios/boletin-precios-avicolas-12-de-octubre
[FULL_3_ADA] t=1923.5s | pag=2162 | files=2236 | data=  3 | cola= 211 | prio=10 | http://www.adascz.com.bo/boletin-precios/boletin-precios-avicolas-11-de-octubre
[FULL_3_ADA] t=1924.3s | pag=2163 | files=2236 | data=  3 | cola= 210 | prio=10 | http://www.adascz.com.bo/boletin-precios/boletin-precios-avicolas-10-de-octubre
[FULL_3_ADA] t=1925.2s | pag=2164 | files=2236 | data=  3 | cola= 209 | prio=10 | http://www.adascz.com.bo/boletin-precios/boletin-precios-avicolas-07-de-octubre
[FULL_3_ADA] t=1926.3s | pag=2165 | files=2236 | data=  3 | cola= 208 | prio=10 | http://www.adascz.com.bo/boletin-precios/boletin-precios-avicolas-06-de-octubre
[FULL_3_ADA] t=1927.3s | pag=2166 | files=2236 | data=  3 | cola= 207 | prio=10 | http://www.adascz.com.bo/boletin-precios/boletin-precios-avicolas-05-de-octubre
[FULL_3_ADA] t=1928.2s | pag=2167 | files=2236 | data=  3 | cola= 206 | prio=10 | http://www.adascz.com.bo/boletin-precios/boletin-precios-avicolas-04-de-octubre
[FULL_3_ADA] t=1929.1s | pag=2168 | files=2236 | data=  3 | cola= 205 | prio=10 | http://www.adascz.com.bo/boletin-precios/boletin-precios-avicolas-30-de-septiembre
[FULL_3_ADA] t=1930.0s | pag=2169 | files=2236 | data=  3 | cola= 204 | prio=10 | http://www.adascz.com.bo/boletin-precios/boletin-precios-avicolas-29-de-septiembre
[FULL_3_ADA] t=1930.6s | pag=2170 | files=2236 | data=  3 | cola= 203 | prio=10 | http://www.adascz.com.bo/boletin-precios/boletin-precios-avicolas-28-de-septiembre
[FULL_3_ADA] t=1931.4s | pag=2171 | files=2236 | data=  3 | cola= 202 | prio=10 | http://www.adascz.com.bo/boletin-precios/boletin-precios-avicolas-27-de-septiembre
[FULL_3_ADA] t=1932.2s | pag=2172 | files=2236 | data=  3 | cola= 201 | prio=10 | http://www.adascz.com.bo/boletin-precios/boletin-precios-avicolas-26-de-septiembre
[FULL_3_ADA] t=1933.3s | pag=2173 | files=2236 | data=  3 | cola= 200 | prio=10 | http://www.adascz.com.bo/boletin-precios/boletin-precios-avicolas-23-de-septiembre
[FULL_3_ADA] t=1934.2s | pag=2174 | files=2236 | data=  3 | cola= 199 | prio=10 | http://www.adascz.com.bo/boletin-precios/boletin-precios-avicolas-22-de-septiembre
[FULL_3_ADA] t=1935.3s | pag=2175 | files=2236 | data=  3 | cola= 198 | prio=10 | http://www.adascz.com.bo/boletin-precios/boletin-precios-avicolas-21-de-septiembre
[FULL_3_ADA] t=1936.2s | pag=2176 | files=2236 | data=  3 | cola= 197 | prio=10 | http://www.adascz.com.bo/boletin-precios/boletin-precios-avicolas-20-de-septiembre
[FULL_3_ADA] t=1937.0s | pag=2177 | files=2236 | data=  3 | cola= 196 | prio=10 | http://www.adascz.com.bo/boletin-precios/boletin-precios-avicolas-19-de-septiembre
[FULL_3_ADA] t=1938.1s | pag=2178 | files=2236 | data=  3 | cola= 195 | prio=10 | http://www.adascz.com.bo/boletin-precios/boletin-precios-avicolas-16-de-septiembre
[FULL_3_ADA] t=1938.8s | pag=2179 | files=2236 | data=  3 | cola= 194 | prio=10 | http://www.adascz.com.bo/boletin-precios/boletin-precios-avicolas-15-de-septiembre
[FULL_3_ADA] t=1939.6s | pag=2180 | files=2236 | data=  3 | cola= 193 | prio=10 | http://www.adascz.com.bo/boletin-precios/boletin-precios-avicolas-14-de-septiembre
[FULL_3_ADA] t=1940.9s | pag=2181 | files=2236 | data=  3 | cola= 192 | prio=10 | http://www.adascz.com.bo/boletin-precios/boletin-precios-avicolas-13-de-septiembre
[FULL_3_ADA] t=1941.8s | pag=2182 | files=2236 | data=  3 | cola= 191 | prio=10 | http://www.adascz.com.bo/boletin-precios/boletin-precios-avicolas-09-de-septiembre
[FULL_3_ADA] t=1942.7s | pag=2183 | files=2236 | data=  3 | cola= 190 | prio=10 | http://www.adascz.com.bo/boletin-precios/boletin-precios-avicolas-08-de-septiembre
[FULL_3_ADA] t=1943.5s | pag=2184 | files=2236 | data=  3 | cola= 189 | prio=10 | http://www.adascz.com.bo/boletin-precios/boletin-precios-avicolas-07-de-septiembre
[FULL_3_ADA] t=1944.5s | pag=2185 | files=2236 | data=  3 | cola= 188 | prio=10 | http://www.adascz.com.bo/boletin-precios/boletin-precios-avicolas-06-de-septiembre
[FULL_3_ADA] t=1945.6s | pag=2186 | files=2236 | data=  3 | cola= 187 | prio=10 | http://www.adascz.com.bo/boletin-precios/boletin-precios-avicolas-05-de-septiembre
[FULL_3_ADA] t=1946.6s | pag=2187 | files=2236 | data=  3 | cola= 186 | prio=10 | http://www.adascz.com.bo/boletin-precios/boletin-precios-avicolas-02-de-septiembre
[FULL_3_ADA] t=1947.5s | pag=2188 | files=2236 | data=  3 | cola= 185 | prio=10 | http://www.adascz.com.bo/boletin-precios/boletin-precios-avicolas-01-de-septiembre
[FULL_3_ADA] t=1948.5s | pag=2189 | files=2236 | data=  3 | cola= 184 | prio=10 | http://www.adascz.com.bo/boletin-precios/boletin-precios-avicolas-31-de-agosto
[FULL_3_ADA] t=1949.8s | pag=2190 | files=2236 | data=  3 | cola= 183 | prio=10 | http://www.adascz.com.bo/boletin-precios/boletin-precios-avicolas-30-de-agosto
[FULL_3_ADA] t=1950.9s | pag=2191 | files=2236 | data=  3 | cola= 182 | prio=10 | http://www.adascz.com.bo/boletin-precios/boletin-precios-avicolas-29-de-agosto
[FULL_3_ADA] t=1951.6s | pag=2192 | files=2236 | data=  3 | cola= 181 | prio=10 | http://www.adascz.com.bo/boletin-precios/boletin-precios-avicolas-26-de-agosto
[FULL_3_ADA] t=1952.6s | pag=2193 | files=2236 | data=  3 | cola= 180 | prio=10 | http://www.adascz.com.bo/boletin-precios/boletin-precios-avicolas-25-de-agosto
[FULL_3_ADA] t=1953.2s | pag=2194 | files=2236 | data=  3 | cola= 179 | prio=10 | http://www.adascz.com.bo/boletin-precios/boletin-precios-avicolas-24-de-agosto
[FULL_3_ADA] t=1954.0s | pag=2195 | files=2236 | data=  3 | cola= 178 | prio=10 | http://www.adascz.com.bo/boletin-precios/boletin-precios-avicolas-23-de-agosto
[FULL_3_ADA] t=1954.6s | pag=2196 | files=2236 | data=  3 | cola= 177 | prio=10 | http://www.adascz.com.bo/boletin-precios/boletin-precios-avicolas-22-de-agosto
[FULL_3_ADA] t=1955.6s | pag=2197 | files=2236 | data=  3 | cola= 176 | prio=10 | http://www.adascz.com.bo/boletin-precios/boletin-precios-avicolas-19-de-agosto
[FULL_3_ADA] t=1956.4s | pag=2198 | files=2236 | data=  3 | cola= 175 | prio=10 | http://www.adascz.com.bo/boletin-precios/boletin-precios-avicolas-18-de-agosto
[FULL_3_ADA] t=1957.5s | pag=2199 | files=2236 | data=  3 | cola= 174 | prio=10 | http://www.adascz.com.bo/boletin-precios/boletin-precios-avicolas-17-de-agosto
[FULL_3_ADA] t=1958.4s | pag=2200 | files=2236 | data=  3 | cola= 173 | prio=10 | http://www.adascz.com.bo/boletin-precios/boletin-precios-avicolas-16-de-agosto
[FULL_3_ADA] t=1959.4s | pag=2201 | files=2236 | data=  3 | cola= 172 | prio=10 | http://www.adascz.com.bo/boletin-precios/boletin-precios-avicolas-15-de-agosto
[FULL_3_ADA] t=1960.1s | pag=2202 | files=2236 | data=  3 | cola= 171 | prio=10 | http://www.adascz.com.bo/boletin-precios/boletin-precios-avicolas-12-de-agosto
[FULL_3_ADA] t=1961.2s | pag=2203 | files=2236 | data=  3 | cola= 170 | prio=10 | http://www.adascz.com.bo/boletin-precios/boletin-precios-avicolas-11-de-agosto
[FULL_3_ADA] t=1962.3s | pag=2204 | files=2236 | data=  3 | cola= 169 | prio=10 | http://www.adascz.com.bo/boletin-precios/boletin-precios-avicolas-10-de-agosto
[FULL_3_ADA] t=1963.4s | pag=2205 | files=2236 | data=  3 | cola= 168 | prio=10 | http://www.adascz.com.bo/boletin-precios/boletin-precios-avicolas-05-de-agosto
[FULL_3_ADA] t=1964.0s | pag=2206 | files=2236 | data=  3 | cola= 167 | prio=10 | http://www.adascz.com.bo/boletin-precios/boletin-precios-avicolas-04-de-agosto
[FULL_3_ADA] t=1964.9s | pag=2207 | files=2236 | data=  3 | cola= 166 | prio=10 | http://www.adascz.com.bo/boletin-precios/boletin-precios-avicolas-03-de-agosto
[FULL_3_ADA] t=1965.9s | pag=2208 | files=2236 | data=  3 | cola= 165 | prio=10 | http://www.adascz.com.bo/boletin-precios/boletin-precios-avicolas-02-de-agosto
[FULL_3_ADA] t=1966.5s | pag=2209 | files=2236 | data=  3 | cola= 164 | prio=10 | http://www.adascz.com.bo/boletin-precios/boletin-precios-avicolas-01-de-agosto
[FULL_3_ADA] t=1967.2s | pag=2210 | files=2236 | data=  3 | cola= 163 | prio=10 | http://www.adascz.com.bo/boletin-precios/boletin-precios-avicolas-29-de-julio
[FULL_3_ADA] t=1968.1s | pag=2211 | files=2236 | data=  3 | cola= 162 | prio=10 | http://www.adascz.com.bo/boletin-precios/boletin-precios-avicolas-28-de-julio
[FULL_3_ADA] t=1969.0s | pag=2212 | files=2236 | data=  3 | cola= 161 | prio=10 | http://www.adascz.com.bo/boletin-precios/boletin-precios-avicolas-27-de-julio
[FULL_3_ADA] t=1970.1s | pag=2213 | files=2236 | data=  3 | cola= 160 | prio=10 | http://www.adascz.com.bo/boletin-precios/boletin-precios-avicolas-26-de-julio
[FULL_3_ADA] t=1970.8s | pag=2214 | files=2236 | data=  3 | cola= 159 | prio=10 | http://www.adascz.com.bo/boletin-precios/boletin-precios-avicolas-22-de-julio
[FULL_3_ADA] t=1971.5s | pag=2215 | files=2236 | data=  3 | cola= 158 | prio=10 | http://www.adascz.com.bo/boletin-precios/boletin-precios-avicolas-21-de-julio
[FULL_3_ADA] t=1972.5s | pag=2216 | files=2236 | data=  3 | cola= 157 | prio=10 | http://www.adascz.com.bo/boletin-precios/boletin-precios-avicolas-20-de-julio
[FULL_3_ADA] t=1973.2s | pag=2217 | files=2236 | data=  3 | cola= 156 | prio=10 | http://www.adascz.com.bo/boletin-precios/boletin-precios-avicolas-19-de-julio
[FULL_3_ADA] t=1973.8s | pag=2218 | files=2236 | data=  3 | cola= 155 | prio=10 | http://www.adascz.com.bo/boletin-precios/boletin-precios-avicolas-18-de-julio
[FULL_3_ADA] t=1974.8s | pag=2219 | files=2236 | data=  3 | cola= 154 | prio=10 | http://www.adascz.com.bo/boletin-precios/boletin-precios-avicolas-15-de-julio
[FULL_3_ADA] t=1975.9s | pag=2220 | files=2236 | data=  3 | cola= 153 | prio=10 | http://www.adascz.com.bo/boletin-precios/boletin-precios-avicolas-14-de-julio
[FULL_3_ADA] t=1976.9s | pag=2221 | files=2236 | data=  3 | cola= 152 | prio=10 | http://www.adascz.com.bo/boletin-precios/boletin-precios-avicolas-13-de-julio
[FULL_3_ADA] t=1977.7s | pag=2222 | files=2236 | data=  3 | cola= 151 | prio=10 | http://www.adascz.com.bo/boletin-precios/boletin-precios-avicolas-12-de-julio
[FULL_3_ADA] t=1978.5s | pag=2223 | files=2236 | data=  3 | cola= 150 | prio=10 | http://www.adascz.com.bo/boletin-precios/boletin-precios-avicolas-11-de-julio
[FULL_3_ADA] t=1979.3s | pag=2224 | files=2236 | data=  3 | cola= 149 | prio=10 | http://www.adascz.com.bo/boletin-precios/boletin-precios-avicolas-08-de-julio
[FULL_3_ADA] t=1980.3s | pag=2225 | files=2236 | data=  3 | cola= 148 | prio=10 | http://www.adascz.com.bo/boletin-precios/boletin-precios-avicolas-07-de-julio
[FULL_3_ADA] t=1981.3s | pag=2226 | files=2236 | data=  3 | cola= 147 | prio=10 | http://www.adascz.com.bo/boletin-precios/boletin-precios-avicolas-06-de-julio
[FULL_3_ADA] t=1981.9s | pag=2227 | files=2236 | data=  3 | cola= 146 | prio=10 | http://www.adascz.com.bo/boletin-precios/boletin-precios-avicolas-05-de-julio
[FULL_3_ADA] t=1983.0s | pag=2228 | files=2236 | data=  3 | cola= 145 | prio=10 | http://www.adascz.com.bo/boletin-precios/boletin-precios-avicolas-04-de-julio
[FULL_3_ADA] t=1984.1s | pag=2229 | files=2236 | data=  3 | cola= 144 | prio=10 | http://www.adascz.com.bo/boletin-precios/boletin-precios-avicolas-01-de-julio
[FULL_3_ADA] t=1984.7s | pag=2230 | files=2236 | data=  3 | cola= 143 | prio=10 | http://www.adascz.com.bo/boletin-precios/boletin-precios-avicolas-30-de-junio
[FULL_3_ADA] t=1985.9s | pag=2231 | files=2236 | data=  3 | cola= 142 | prio=10 | http://www.adascz.com.bo/boletin-precios/boletin-precios-avicolas-29-de-junio
[FULL_3_ADA] t=1986.8s | pag=2232 | files=2236 | data=  3 | cola= 141 | prio=10 | http://www.adascz.com.bo/boletin-precios/boletin-precios-avicolas-28-de-junio
[FULL_3_ADA] t=1987.9s | pag=2233 | files=2236 | data=  3 | cola= 140 | prio=10 | http://www.adascz.com.bo/boletin-precios/boletin-precios-avicolas-27-de-junio
[FULL_3_ADA] t=1988.8s | pag=2234 | files=2236 | data=  3 | cola= 139 | prio=10 | http://www.adascz.com.bo/boletin-precios/boletin-precios-avicolas-24-de-junio
[FULL_3_ADA] t=1989.9s | pag=2235 | files=2236 | data=  3 | cola= 138 | prio=10 | http://www.adascz.com.bo/boletin-precios/boletin-precios-avicolas-23-de-junio
[FULL_3_ADA] t=1990.7s | pag=2236 | files=2236 | data=  3 | cola= 137 | prio=10 | http://www.adascz.com.bo/boletin-precios/boletin-precios-avicolas-22-de-junio
[FULL_3_ADA] t=1991.4s | pag=2237 | files=2236 | data=  3 | cola= 136 | prio=10 | http://www.adascz.com.bo/boletin-precios/boletin-precios-avicolas-20-de-junio
[FULL_3_ADA] t=1992.3s | pag=2238 | files=2236 | data=  3 | cola= 135 | prio=10 | http://www.adascz.com.bo/boletin-precios/boletin-precios-avicolas-17-de-junio
[FULL_3_ADA] t=1993.1s | pag=2239 | files=2236 | data=  3 | cola= 134 | prio=10 | http://www.adascz.com.bo/boletin-precios/boletin-precios-avicolas-15-de-junio
[FULL_3_ADA] t=1994.2s | pag=2240 | files=2236 | data=  3 | cola= 133 | prio=10 | http://www.adascz.com.bo/boletin-precios/boletin-precios-avicolas-14-de-junio-2
[FULL_3_ADA] t=1995.2s | pag=2241 | files=2236 | data=  3 | cola= 132 | prio=10 | http://www.adascz.com.bo/boletin-precios/boletin-precios-avicolas-13-de-junio
[FULL_3_ADA] t=1996.2s | pag=2242 | files=2236 | data=  3 | cola= 131 | prio=10 | http://www.adascz.com.bo/boletin-precios/boletin-precios-avicolas-10-de-junio
[FULL_3_ADA] t=1996.8s | pag=2243 | files=2236 | data=  3 | cola= 130 | prio=10 | http://www.adascz.com.bo/boletin-precios/boletin-precios-avicolas-09-de-junio
[FULL_3_ADA] t=1997.8s | pag=2244 | files=2236 | data=  3 | cola= 129 | prio=10 | http://www.adascz.com.bo/boletin-precios/boletin-precios-avicolas-08-de-junio
[FULL_3_ADA] t=1998.6s | pag=2245 | files=2236 | data=  3 | cola= 128 | prio=10 | http://www.adascz.com.bo/boletin-precios/boletin-precios-avicolas-07-de-junio
[FULL_3_ADA] t=1999.6s | pag=2246 | files=2236 | data=  3 | cola= 127 | prio=10 | http://www.adascz.com.bo/boletin-precios/boletin-precios-avicolas-06-de-junio
[FULL_3_ADA] t=2000.4s | pag=2247 | files=2236 | data=  3 | cola= 126 | prio=10 | http://www.adascz.com.bo/boletin-precios/boletin-precios-avicolas-03-de-junio
[FULL_3_ADA] t=2001.0s | pag=2248 | files=2236 | data=  3 | cola= 125 | prio=10 | http://www.adascz.com.bo/boletin-precios/boletin-precios-avicolas-02-de-junio
[FULL_3_ADA] t=2002.1s | pag=2249 | files=2236 | data=  3 | cola= 124 | prio=10 | http://www.adascz.com.bo/boletin-precios/boletin-precios-avicolas-01-de-junio
[FULL_3_ADA] t=2003.0s | pag=2250 | files=2236 | data=  3 | cola= 123 | prio=10 | http://www.adascz.com.bo/boletin-precios/boletin-precios-avicolas-31-de-mayo
[FULL_3_ADA] t=2003.7s | pag=2251 | files=2236 | data=  3 | cola= 122 | prio=10 | http://www.adascz.com.bo/boletin-precios/boletin-precios-avicolas-30-de-mayo
[FULL_3_ADA] t=2004.5s | pag=2252 | files=2236 | data=  3 | cola= 121 | prio=10 | http://www.adascz.com.bo/boletin-precios/boletin-precios-avicolas-27-de-mayo
[FULL_3_ADA] t=2005.5s | pag=2253 | files=2236 | data=  3 | cola= 120 | prio=10 | http://www.adascz.com.bo/boletin-precios/boletin-precios-avicolas-26-de-mayo
[FULL_3_ADA] t=2006.2s | pag=2254 | files=2236 | data=  3 | cola= 119 | prio=10 | http://www.adascz.com.bo/boletin-precios/boletin-precios-avicolas-25-de-mayo
[FULL_3_ADA] t=2007.3s | pag=2255 | files=2236 | data=  3 | cola= 118 | prio=10 | http://www.adascz.com.bo/boletin-precios/boletin-precios-avicolas-24-de-mayo
[FULL_3_ADA] t=2008.1s | pag=2256 | files=2236 | data=  3 | cola= 117 | prio=10 | http://www.adascz.com.bo/boletin-precios/boletin-precios-avicolas-23-de-mayo
[FULL_3_ADA] t=2009.4s | pag=2257 | files=2236 | data=  3 | cola= 116 | prio=10 | http://www.adascz.com.bo/boletin-precios/boletin-precios-avicolas-20-de-mayo
[FULL_3_ADA] t=2010.3s | pag=2258 | files=2236 | data=  3 | cola= 115 | prio=10 | http://www.adascz.com.bo/boletin-precios/boletin-precios-avicolas-19-de-mayo
[FULL_3_ADA] t=2011.2s | pag=2259 | files=2236 | data=  3 | cola= 114 | prio=10 | http://www.adascz.com.bo/boletin-precios/boletin-precios-avicolas-18-de-mayo
[FULL_3_ADA] t=2012.0s | pag=2260 | files=2236 | data=  3 | cola= 113 | prio=10 | http://www.adascz.com.bo/boletin-precios/boletin-precios-avicolas-17-de-mayo
[FULL_3_ADA] t=2012.7s | pag=2261 | files=2236 | data=  3 | cola= 112 | prio=10 | http://www.adascz.com.bo/boletin-precios/boletin-precios-avicolas-16-de-mayo
[FULL_3_ADA] t=2013.2s | pag=2262 | files=2236 | data=  3 | cola= 111 | prio=10 | http://www.adascz.com.bo/boletin-precios/boletin-precios-avicolas-13-de-mayo
[FULL_3_ADA] t=2014.4s | pag=2263 | files=2236 | data=  3 | cola= 110 | prio=10 | http://www.adascz.com.bo/boletin-precios/boletin-precios-avicolas-12-de-mayo
[FULL_3_ADA] t=2015.4s | pag=2264 | files=2236 | data=  3 | cola= 109 | prio=10 | http://www.adascz.com.bo/boletin-precios/boletin-precios-avicolas-11-de-mayo
[FULL_3_ADA] t=2016.3s | pag=2265 | files=2236 | data=  3 | cola= 108 | prio=10 | http://www.adascz.com.bo/boletin-precios/boletin-precios-avicolas-10-de-mayo
[FULL_3_ADA] t=2017.0s | pag=2266 | files=2236 | data=  3 | cola= 107 | prio=10 | http://www.adascz.com.bo/boletin-precios/boletin-precios-avicolas-09-de-mayo
[FULL_3_ADA] t=2018.1s | pag=2267 | files=2236 | data=  3 | cola= 106 | prio=10 | http://www.adascz.com.bo/boletin-precios/boletin-precios-avicolas-06-de-mayo
[FULL_3_ADA] t=2018.9s | pag=2268 | files=2236 | data=  3 | cola= 105 | prio=10 | http://www.adascz.com.bo/boletin-precios/boletin-precios-avicolas-05-de-mayo
[FULL_3_ADA] t=2019.6s | pag=2269 | files=2236 | data=  3 | cola= 104 | prio=10 | http://www.adascz.com.bo/boletin-precios/boletin-precios-avicolas-04-de-mayo
[FULL_3_ADA] t=2020.7s | pag=2270 | files=2236 | data=  3 | cola= 103 | prio=10 | http://www.adascz.com.bo/boletin-precios/boletin-precios-avicolas-3-de-mayo
[FULL_3_ADA] t=2021.8s | pag=2271 | files=2236 | data=  3 | cola= 102 | prio=10 | http://www.adascz.com.bo/boletin-precios/boletin-precios-avicolas-29-de-abril
[FULL_3_ADA] t=2022.8s | pag=2272 | files=2236 | data=  3 | cola= 101 | prio=10 | http://www.adascz.com.bo/boletin-precios/boletin-precios-avicolas-28-de-abril-2
[FULL_3_ADA] t=2023.4s | pag=2273 | files=2236 | data=  3 | cola= 100 | prio=10 | http://www.adascz.com.bo/boletin-precios/boletin-precios-avicolas-27-de-abril
[FULL_3_ADA] t=2024.2s | pag=2274 | files=2236 | data=  3 | cola=  99 | prio=10 | http://www.adascz.com.bo/boletin-precios/boletin-precios-avicolas-26-de-abril
[FULL_3_ADA] t=2025.2s | pag=2275 | files=2236 | data=  3 | cola=  98 | prio=10 | http://www.adascz.com.bo/boletin-precios/boletin-precios-avicolas-25-de-abril
[FULL_3_ADA] t=2026.1s | pag=2276 | files=2236 | data=  3 | cola=  97 | prio=10 | http://www.adascz.com.bo/boletin-precios/boletin-precios-avicolas-22-de-abril
[FULL_3_ADA] t=2026.7s | pag=2277 | files=2236 | data=  3 | cola=  96 | prio=10 | http://www.adascz.com.bo/boletin-precios/boletin-precios-avicolas-21-de-abril-2
[FULL_3_ADA] t=2027.8s | pag=2278 | files=2236 | data=  3 | cola=  95 | prio=10 | http://www.adascz.com.bo/boletin-precios/boletin-precios-avicolas-20-de-abril
[FULL_3_ADA] t=2028.6s | pag=2279 | files=2236 | data=  3 | cola=  94 | prio=10 | http://www.adascz.com.bo/boletin-precios/boletin-precios-avicolas-19-de-abril
[FULL_3_ADA] t=2029.4s | pag=2280 | files=2236 | data=  3 | cola=  93 | prio=10 | http://www.adascz.com.bo/boletin-precios/boletin-precios-avicolas-18-de-abril
[FULL_3_ADA] t=2030.1s | pag=2281 | files=2236 | data=  3 | cola=  92 | prio=10 | http://www.adascz.com.bo/boletin-precios/boletin-precios-avicolas-14-de-abril
[FULL_3_ADA] t=2030.9s | pag=2282 | files=2236 | data=  3 | cola=  91 | prio=10 | http://www.adascz.com.bo/boletin-precios/boletin-precios-avicolas-13-de-abril
[FULL_3_ADA] t=2031.9s | pag=2283 | files=2236 | data=  3 | cola=  90 | prio=10 | http://www.adascz.com.bo/boletin-precios/boletin-precios-avicolas-12-de-abril
[FULL_3_ADA] t=2032.8s | pag=2284 | files=2236 | data=  3 | cola=  89 | prio=10 | http://www.adascz.com.bo/boletin-precios/boletin-precios-avicolas-11-de-abril
[FULL_3_ADA] t=2033.4s | pag=2285 | files=2236 | data=  3 | cola=  88 | prio=10 | http://www.adascz.com.bo/boletin-precios/boletin-precios-avicolas-08-de-abril
[FULL_3_ADA] t=2034.0s | pag=2286 | files=2236 | data=  3 | cola=  87 | prio=10 | http://www.adascz.com.bo/boletin-precios/boletin-precios-avicolas-07-de-abril
[FULL_3_ADA] t=2035.1s | pag=2287 | files=2236 | data=  3 | cola=  86 | prio=10 | http://www.adascz.com.bo/boletin-precios/boletin-precios-avicolas-06-de-abril
[FULL_3_ADA] t=2036.2s | pag=2288 | files=2236 | data=  3 | cola=  85 | prio=10 | http://www.adascz.com.bo/boletin-precios/boletin-precios-avicolas-05-de-abril
[FULL_3_ADA] t=2037.1s | pag=2289 | files=2236 | data=  3 | cola=  84 | prio=10 | http://www.adascz.com.bo/boletin-precios/boletin-precios-avicolas-04-de-abril
[FULL_3_ADA] t=2037.9s | pag=2290 | files=2236 | data=  3 | cola=  83 | prio=10 | http://www.adascz.com.bo/boletin-precios/boletin-precios-avicolas-01-de-abril
[FULL_3_ADA] t=2038.5s | pag=2291 | files=2236 | data=  3 | cola=  82 | prio=10 | http://www.adascz.com.bo/boletin-precios/boletin-precios-avicolas-31-de-marzo
[FULL_3_ADA] t=2039.1s | pag=2292 | files=2236 | data=  3 | cola=  81 | prio=10 | http://www.adascz.com.bo/boletin-precios/boletin-precios-avicolas-30-de-marzo
[FULL_3_ADA] t=2039.8s | pag=2293 | files=2236 | data=  3 | cola=  80 | prio=10 | http://www.adascz.com.bo/boletin-precios/boletin-precios-avicolas-29-de-marzo
[FULL_3_ADA] t=2040.4s | pag=2294 | files=2236 | data=  3 | cola=  79 | prio=10 | http://www.adascz.com.bo/boletin-precios/boletin-precios-avicolas-28-de-marzo
[FULL_3_ADA] t=2041.6s | pag=2295 | files=2236 | data=  3 | cola=  78 | prio=10 | http://www.adascz.com.bo/boletin-precios/boletin-precios-avicolas-25-de-marzo
[FULL_3_ADA] t=2042.5s | pag=2296 | files=2236 | data=  3 | cola=  77 | prio=10 | http://www.adascz.com.bo/boletin-precios/boletin-precios-avicolas-24-de-marzo
[FULL_3_ADA] t=2043.3s | pag=2297 | files=2236 | data=  3 | cola=  76 | prio=10 | http://www.adascz.com.bo/boletin-precios/boletin-precios-avicolas-23-de-marzo
[FULL_3_ADA] t=2044.5s | pag=2298 | files=2236 | data=  3 | cola=  75 | prio=10 | http://www.adascz.com.bo/boletin-precios/boletin-precios-avicolas-22-de-marzo
[FULL_3_ADA] t=2045.2s | pag=2299 | files=2236 | data=  3 | cola=  74 | prio=10 | http://www.adascz.com.bo/boletin-precios/boletin-precios-avicolas-21-de-marzo-2
[FULL_3_ADA] t=2046.2s | pag=2300 | files=2236 | data=  3 | cola=  73 | prio=10 | http://www.adascz.com.bo/boletin-precios/boletin-precios-avicolas-21-de-marzo
[FULL_3_ADA] t=2047.2s | pag=2301 | files=2236 | data=  3 | cola=  72 | prio=10 | http://www.adascz.com.bo/boletin-precios/boletin-precios-avicolas-18-de-marzo
[FULL_3_ADA] t=2048.4s | pag=2302 | files=2236 | data=  3 | cola=  71 | prio=10 | http://www.adascz.com.bo/boletin-precios/boletin-precios-avicolas-17-de-marzo
[FULL_3_ADA] t=2049.0s | pag=2303 | files=2236 | data=  3 | cola=  70 | prio=10 | http://www.adascz.com.bo/boletin-precios/boletin-precios-avicolas-16-de-marzo
[FULL_3_ADA] t=2049.7s | pag=2304 | files=2236 | data=  3 | cola=  69 | prio=10 | http://www.adascz.com.bo/boletin-precios/boletin-precios-avicolas-15-de-marzo
[FULL_3_ADA] t=2050.7s | pag=2305 | files=2236 | data=  3 | cola=  68 | prio=10 | http://www.adascz.com.bo/boletin-precios/boletin-precios-avicolas-14-de-marzo
[FULL_3_ADA] t=2051.8s | pag=2306 | files=2236 | data=  3 | cola=  67 | prio=10 | http://www.adascz.com.bo/boletin-precios/boletin-precios-avicolas-11-de-marzo
[FULL_3_ADA] t=2052.4s | pag=2307 | files=2236 | data=  3 | cola=  66 | prio=10 | http://www.adascz.com.bo/boletin-precios/boletin-precios-avicolas-10-de-marzo
[FULL_3_ADA] t=2053.4s | pag=2308 | files=2236 | data=  3 | cola=  65 | prio=10 | http://www.adascz.com.bo/boletin-precios/boletin-precios-avicolas-9-de-marzo
[FULL_3_ADA] t=2054.3s | pag=2309 | files=2236 | data=  3 | cola=  64 | prio=10 | http://www.adascz.com.bo/boletin-precios/boletin-precios-avicolas-8-de-marzo
[FULL_3_ADA] t=2055.0s | pag=2310 | files=2236 | data=  3 | cola=  63 | prio=10 | http://www.adascz.com.bo/boletin-precios/boletin-precios-avicolas-7-de-marzo
[FULL_3_ADA] t=2056.0s | pag=2311 | files=2236 | data=  3 | cola=  62 | prio=10 | http://www.adascz.com.bo/boletin-precios/boletin-precios-avicolas-3-de-marzo
[FULL_3_ADA] t=2056.7s | pag=2312 | files=2236 | data=  3 | cola=  61 | prio=10 | http://www.adascz.com.bo/boletin-precios/boletin-precios-avicolas-2-de-marzo
[FULL_3_ADA] t=2057.2s | pag=2313 | files=2236 | data=  3 | cola=  60 | prio=10 | http://www.adascz.com.bo/boletin-precios/boletin-precios-avicolas-25-de-febrero
[FULL_3_ADA] t=2058.3s | pag=2314 | files=2236 | data=  3 | cola=  59 | prio=10 | http://www.adascz.com.bo/boletin-precios/boletin-precios-avicolas-24-de-febrero
[FULL_3_ADA] t=2059.2s | pag=2315 | files=2236 | data=  3 | cola=  58 | prio=10 | http://www.adascz.com.bo/boletin-precios/boletin-precios-avicolas-23-de-febrero
[FULL_3_ADA] t=2059.8s | pag=2316 | files=2236 | data=  3 | cola=  57 | prio=10 | http://www.adascz.com.bo/boletin-precios/boletin-precios-avicolas-22-de-febrero
[FULL_3_ADA] t=2060.5s | pag=2317 | files=2236 | data=  3 | cola=  56 | prio=10 | http://www.adascz.com.bo/boletin-precios/boletin-precios-avicolas-21-de-febrero
[FULL_3_ADA] t=2061.2s | pag=2318 | files=2236 | data=  3 | cola=  55 | prio=10 | http://www.adascz.com.bo/boletin-precios/boletin-precios-avicolas-18-de-febrero
[FULL_3_ADA] t=2062.1s | pag=2319 | files=2236 | data=  3 | cola=  54 | prio=10 | http://www.adascz.com.bo/boletin-precios/boletin-precios-avicolas-17-de-febrero
[FULL_3_ADA] t=2062.7s | pag=2320 | files=2236 | data=  3 | cola=  53 | prio=10 | http://www.adascz.com.bo/boletin-precios/boletin-precios-avicolas-16-de-febrero
[FULL_3_ADA] t=2063.7s | pag=2321 | files=2236 | data=  3 | cola=  52 | prio=10 | http://www.adascz.com.bo/boletin-precios/boletin-precios-avicolas-15-de-febrero
[FULL_3_ADA] t=2065.1s | pag=2322 | files=2236 | data=  3 | cola=  51 | prio=10 | http://www.adascz.com.bo/boletin-precios/boletin-precios-avicolas-14-de-febrero
[FULL_3_ADA] t=2065.8s | pag=2323 | files=2236 | data=  3 | cola=  50 | prio=10 | http://www.adascz.com.bo/boletin-precios/boletin-precios-avicolas-11-de-febrero
[FULL_3_ADA] t=2066.5s | pag=2324 | files=2236 | data=  3 | cola=  49 | prio=10 | http://www.adascz.com.bo/boletin-precios/boletin-precios-avicolas-10-de-febrero
[FULL_3_ADA] t=2067.2s | pag=2325 | files=2236 | data=  3 | cola=  48 | prio=10 | http://www.adascz.com.bo/boletin-precios/boletin-precios-avicolas-09-de-febrero
[FULL_3_ADA] t=2068.3s | pag=2326 | files=2236 | data=  3 | cola=  47 | prio=10 | http://www.adascz.com.bo/boletin-precios/boletin-precios-avicolas-08-de-febrero
[FULL_3_ADA] t=2069.4s | pag=2327 | files=2236 | data=  3 | cola=  46 | prio=10 | http://www.adascz.com.bo/boletin-precios/boletin-precios-avicolas-07-de-febrero
[FULL_3_ADA] t=2070.1s | pag=2328 | files=2236 | data=  3 | cola=  45 | prio=10 | http://www.adascz.com.bo/boletin-precios/boletin-precios-avicolas-04-de-febrero
[FULL_3_ADA] t=2070.7s | pag=2329 | files=2236 | data=  3 | cola=  44 | prio=10 | http://www.adascz.com.bo/boletin-precios/boletin-precios-avicolas-03-de-febrero
[FULL_3_ADA] t=2071.6s | pag=2330 | files=2236 | data=  3 | cola=  43 | prio=10 | http://www.adascz.com.bo/boletin-precios/boletin-precios-avicolas-02-de-febrero
[FULL_3_ADA] t=2072.6s | pag=2331 | files=2236 | data=  3 | cola=  42 | prio=10 | http://www.adascz.com.bo/boletin-precios/boletin-precios-avicolas-01-de-febrero
[FULL_3_ADA] t=2073.8s | pag=2332 | files=2236 | data=  3 | cola=  41 | prio=10 | http://www.adascz.com.bo/boletin-precios/boletin-precios-avicolas-31-de-enero
[FULL_3_ADA] t=2074.6s | pag=2333 | files=2236 | data=  3 | cola=  40 | prio=10 | http://www.adascz.com.bo/boletin-precios/boletin-precios-avicolas-28-de-enero
[FULL_3_ADA] t=2075.7s | pag=2334 | files=2236 | data=  3 | cola=  39 | prio=10 | http://www.adascz.com.bo/boletin-precios/boletin-precios-avicolas-27-de-enero
[FULL_3_ADA] t=2076.7s | pag=2335 | files=2236 | data=  3 | cola=  38 | prio=10 | http://www.adascz.com.bo/boletin-precios/boletin-precios-avicolas
[FULL_3_ADA] t=2077.4s | pag=2336 | files=2236 | data=  3 | cola=  37 | prio=10 | http://www.adascz.com.bo/publicaciones/recetas?catid=9&id=32&view=article
[FULL_3_ADA] t=2078.2s | pag=2337 | files=2236 | data=  3 | cola=  36 | prio=10 | http://www.adascz.com.bo/publicaciones/recetas?catid=9&id=31&view=article
[FULL_3_ADA] t=2079.3s | pag=2338 | files=2236 | data=  3 | cola=  35 | prio=10 | http://www.adascz.com.bo/publicaciones/recetas?catid=9&id=30&view=article
[FULL_3_ADA] t=2080.0s | pag=2339 | files=2236 | data=  3 | cola=  34 | prio=10 | http://www.adascz.com.bo/publicaciones/recetas?catid=9&id=29&view=article
[FULL_3_ADA] t=2080.9s | pag=2340 | files=2236 | data=  3 | cola=  33 | prio=10 | http://www.adascz.com.bo/publicaciones/notas-de-prensa?start=6
[FULL_3_ADA] t=2081.8s | pag=2341 | files=2236 | data=  3 | cola=  38 | prio=10 | http://www.adascz.com.bo/publicaciones/notas-de-prensa?start=12
[FULL_3_ADA] t=2082.5s | pag=2342 | files=2236 | data=  3 | cola=  43 | prio=10 | http://www.adascz.com.bo/publicaciones/notas-de-prensa?start=18
[FULL_3_ADA] t=2083.5s | pag=2343 | files=2236 | data=  3 | cola=  48 | prio=10 | http://www.adascz.com.bo/publicaciones/notas-de-prensa?start=24
[FULL_3_ADA] t=2084.4s | pag=2344 | files=2236 | data=  3 | cola=  53 | prio=10 | http://www.adascz.com.bo/publicaciones/notas-de-prensa?start=30
[FULL_3_ADA] t=2085.0s | pag=2345 | files=2236 | data=  3 | cola=  58 | prio=10 | http://www.adascz.com.bo/publicaciones/notas-de-prensa?start=36
[FULL_3_ADA] t=2085.7s | pag=2346 | files=2236 | data=  3 | cola=  63 | prio=10 | http://www.adascz.com.bo/publicaciones/notas-de-prensa?start=42
[FULL_3_ADA] t=2086.9s | pag=2347 | files=2236 | data=  3 | cola=  68 | prio=10 | http://www.adascz.com.bo/publicaciones/notas-de-prensa?start=48
[FULL_3_ADA] t=2088.0s | pag=2348 | files=2236 | data=  3 | cola=  69 | prio=10 | http://www.adascz.com.bo/publicaciones/notas-de-prensa/celebracion-del-dia-mundial-de-la-alimentacion-una-jornada-educativa-nutritiva-y-llena-de-compromiso-interinstitucional
[FULL_3_ADA] t=2088.8s | pag=2349 | files=2236 | data=  3 | cola=  68 | prio=10 | http://www.adascz.com.bo/publicaciones/notas-de-prensa/convenio-estrategico-entre-ada-y-puntomaq-busca-soluciones-energeticas-para-el-sector-avicola-cruceno
[FULL_3_ADA] t=2089.6s | pag=2350 | files=2236 | data=  3 | cola=  67 | prio=10 | http://www.adascz.com.bo/publicaciones/notas-de-prensa/bolivia-conmemora-el-dia-latinoamericano-de-la-carne-de-pollo-destacando-su-valor-nutricional-economico-y-social
[FULL_3_ADA] t=2090.5s | pag=2351 | files=2236 | data=  3 | cola=  66 | prio=10 | http://www.adascz.com.bo/publicaciones/notas-de-prensa/enzo-landivar-asume-la-presidencia-de-ada-de-santa-cruz
[FULL_3_ADA] t=2091.3s | pag=2352 | files=2236 | data=  3 | cola=  65 | prio=10 | http://www.adascz.com.bo/publicaciones/notas-de-prensa/cierre-exitoso-del-i-seminario-internacional-de-bioseguridad-y-productividad-avicola
[FULL_3_ADA] t=2092.1s | pag=2353 | files=2236 | data=  3 | cola=  64 | prio=10 | http://www.adascz.com.bo/publicaciones/notas-de-prensa/ada-invita-a-vivir-la-experiencia-avicola-en-agropecruz
[FULL_3_ADA] t=2093.1s | pag=2354 | files=2236 | data=  3 | cola=  63 | prio=10 | http://www.adascz.com.bo/publicaciones/notas-de-prensa/ada-elige-a-enzo-landivar-como-su-presidente-para-la-gestion-2025-2027
[FULL_3_ADA] t=2093.8s | pag=2355 | files=2236 | data=  3 | cola=  62 | prio=10 | http://www.adascz.com.bo/publicaciones/notas-de-prensa/santa-cruz-sera-sede-del-i-seminario-internacional-de-bioseguridad-y-productividad-avicola
[FULL_3_ADA] t=2094.6s | pag=2356 | files=2236 | data=  3 | cola=  61 | prio=10 | http://www.adascz.com.bo/publicaciones/notas-de-prensa/ada-y-la-universidad-evangelica-firman-convenio-para-impulsar-investigaciones-y-actividades-en-salud-y-nutricion
[FULL_3_ADA] t=2095.5s | pag=2357 | files=2236 | data=  3 | cola=  60 | prio=10 | http://www.adascz.com.bo/publicaciones/notas-de-prensa/avicultores-continuan-en-emergencia-precio-de-granos-y-escasez-de-dolares-condicionan-la-produccion-de-pollo
[FULL_3_ADA] t=2096.5s | pag=2358 | files=2236 | data=  3 | cola=  59 | prio=10 | http://www.adascz.com.bo/publicaciones/notas-de-prensa/ada-abre-ciclo-de-capacitaciones-para-avicultores-y-personal-operativo-de-granjas-de-produccion-de-huevos
[FULL_3_ADA] t=2097.6s | pag=2359 | files=2236 | data=  3 | cola=  58 | prio=10 | http://www.adascz.com.bo/publicaciones/notas-de-prensa/evaluacion-del-sector-avicultores-cierran-un-ano-complicado-por-costos-de-produccion-elevados-y-escasez-de-insumos
[FULL_3_ADA] t=2098.4s | pag=2360 | files=2236 | data=  3 | cola=  57 | prio=10 | http://www.adascz.com.bo/publicaciones/notas-de-prensa/instituciones-inauguran-charlas-sobre-el-huevo-en-unidades-educativas
[FULL_3_ADA] t=2099.1s | pag=2361 | files=2236 | data=  3 | cola=  56 | prio=10 | http://www.adascz.com.bo/publicaciones/notas-de-prensa/se-celebra-el-dia-mundial-del-huevo-uno-de-los-alimentos-mas-nutritivos-y-versatiles-del-planeta
[FULL_3_ADA] t=2099.7s | pag=2362 | files=2236 | data=  3 | cola=  55 | prio=10 | http://www.adascz.com.bo/publicaciones/notas-de-prensa/con-el-monitoreo-en-aves-de-traspatio-y-silvestres-arranca-en-santa-cruz-el-programa-de-control-y-erradicacion-de-newcastle-e-influenza-aviar
[FULL_3_ADA] t=2100.3s | pag=2363 | files=2236 | data=  3 | cola=  54 | prio=10 | http://www.adascz.com.bo/publicaciones/notas-de-prensa/finaliza-con-exito-la-primera-capacitacion-y-concienciacion-sobre-la-ram-resistencia-a-los-antimicrobianos
[FULL_3_ADA] t=2101.3s | pag=2364 | files=2236 | data=  3 | cola=  53 | prio=10 | http://www.adascz.com.bo/publicaciones/notas-de-prensa/ada-y-el-colegio-de-nutricionistas-suscriben-convenio-para-promover-la-alimentacion-saludable
[FULL_3_ADA] t=2102.4s | pag=2365 | files=2236 | data=  3 | cola=  52 | prio=10 | http://www.adascz.com.bo/publicaciones/notas-de-prensa/evaluacion-semestral-ada-advierte-menor-produccion-de-pollo-y-huevo
[FULL_3_ADA] t=2103.2s | pag=2366 | files=2236 | data=  3 | cola=  51 | prio=10 | http://www.adascz.com.bo/publicaciones/notas-de-prensa/dia-latinoamericano-de-la-carne-de-pollo-la-proteina-mas-consumida-entre-los-bolivianos
[FULL_3_ADA] t=2103.8s | pag=2367 | files=2236 | data=  3 | cola=  50 | prio=10 | http://www.adascz.com.bo/publicaciones/notas-de-prensa/profesionales-postulan-para-acreditarse-como-responsables-sanitarios-de-establecimientos-avicolas
[FULL_3_ADA] t=2104.7s | pag=2368 | files=2236 | data=  3 | cola=  49 | prio=10 | http://www.adascz.com.bo/publicaciones/notas-de-prensa/exitoso-cierre-de-la-xv-jornada-nacional-de-bioseguridad-avicola
[FULL_3_ADA] t=2105.4s | pag=2369 | files=2236 | data=  3 | cola=  48 | prio=10 | http://www.adascz.com.bo/publicaciones/notas-de-prensa/ada-santa-cruz-organiza-la-xv-jornada-nacional-de-bioseguridad
[FULL_3_ADA] t=2106.2s | pag=2370 | files=2236 | data=  3 | cola=  47 | prio=10 | http://www.adascz.com.bo/publicaciones/notas-de-prensa/productores-de-huevo-lanzan-pagina-web-con-amplia-informacion-de-este-alimento
[FULL_3_ADA] t=2107.2s | pag=2371 | files=2236 | data=  3 | cola=  46 | prio=10 | http://www.adascz.com.bo/publicaciones/notas-de-prensa/ada-y-representantes-del-coda-adoptan-medidas-para-evitar-el-ingreso-de-la-gripe-aviar-desde-argentina-y-paraguay
[FULL_3_ADA] t=2108.0s | pag=2372 | files=2236 | data=  3 | cola=  45 | prio=10 | http://www.adascz.com.bo/publicaciones/notas-de-prensa/ada-santa-cruz-reelige-a-omar-castro-como-su-presidente-para-la-gestion-2023-2025
[FULL_3_ADA] t=2109.0s | pag=2373 | files=2236 | data=  3 | cola=  44 | prio=10 | http://www.adascz.com.bo/publicaciones/notas-de-prensa/influenza-aviar-ada-capacita-a-productores-avicolas-y-mataderos-artesanales-sobre-bioseguridad-y-deteccion-temprana-de-la-enfermedad
[FULL_3_ADA] t=2110.2s | pag=2374 | files=2236 | data=  3 | cola=  43 | prio=10 | http://www.adascz.com.bo/publicaciones/notas-de-prensa/alerta-por-influenza-aviar-ada-se-reune-con-representantes-de-mataderos-artesanales
[FULL_3_ADA] t=2111.3s | pag=2375 | files=2236 | data=  3 | cola=  42 | prio=10 | http://www.adascz.com.bo/publicaciones/notas-de-prensa/reunion-del-coda-ada-pide-fortalecer-puestos-de-control-para-minimizar-riegos-de-influenza-aviar
[FULL_3_ADA] t=2112.2s | pag=2376 | files=2236 | data=  3 | cola=  41 | prio=10 | http://www.adascz.com.bo/publicaciones/notas-de-prensa/ada-se-reune-con-la-gobernacion-y-alcaldia-para-coordinar-acciones-frente-a-la-alerta-sanitaria-por-influenza-aviar
[FULL_3_ADA] t=2113.4s | pag=2377 | files=2236 | data=  3 | cola=  40 | prio=10 | http://www.adascz.com.bo/publicaciones/notas-de-prensa/pecuarios-rechazan-incremento-en-el-precio-del-maiz-y-condicionamiento-de-emapa-para-la-provision-de-este-grano
[FULL_3_ADA] t=2114.1s | pag=2378 | files=2236 | data=  3 | cola=  39 | prio=10 | http://www.adascz.com.bo/publicaciones/notas-de-prensa/productores-y-trabajadores-de-granjas-afiliadas-a-ada-inician-curso-de-manejo-en-pollos-de-engorde
[FULL_3_ADA] t=2115.3s | pag=2379 | files=2236 | data=  3 | cola=  38 | prio=10 | http://www.adascz.com.bo/publicaciones/notas-de-prensa/ada-celebra-su-51-aniversario-con-la-mirada-puesta-en-la-exportacion
[FULL_3_ADA] t=2116.1s | pag=2380 | files=2236 | data=  3 | cola=  37 | prio=10 | http://www.adascz.com.bo/publicaciones/notas-de-prensa/simposio-especialistas-derriban-mitos-sobre-el-huevo-y-elogian-sus-beneficios-para-la-salud
[FULL_3_ADA] t=2116.6s | pag=2381 | files=2236 | data=  3 | cola=  36 | prio=10 | http://www.adascz.com.bo/publicaciones/notas-de-prensa/invitan-a-la-poblacion-a-participar-de-la-semana-mundial-del-huevo
[FULL_3_ADA] t=2117.2s | pag=2382 | files=2236 | data=  3 | cola=  35 | prio=10 | http://www.adascz.com.bo/publicaciones/notas-de-prensa/firman-convenio-de-cooperacion-para-promover-la-formacion-avicola-en-el-norte-cruceno
[FULL_3_ADA] t=2118.4s | pag=2383 | files=2236 | data=  3 | cola=  34 | prio=10 | http://www.adascz.com.bo/publicaciones/notas-de-prensa/ada-y-la-facultad-de-ciencias-veterinarias-y-zootecnia-de-la-uagrm-firman-convenio
[FULL_3_ADA] t=2119.3s | pag=2384 | files=2236 | data=  3 | cola=  33 | prio=10 | http://www.adascz.com.bo/publicaciones/notas-de-prensa/ada-finaliza-con-exito-el-ciclo-de-capacitaciones-para-fortalecer-la-avicultura-departamental
[FULL_3_ADA] t=2120.3s | pag=2385 | files=2236 | data=  3 | cola=  32 | prio=10 | http://www.adascz.com.bo/publicaciones/notas-de-prensa/productores-de-huevos-advierten-escasez-debido-a-la-poca-oferta-y-elevado-costo-del-maiz
[FULL_3_ADA] t=2121.3s | pag=2386 | files=2236 | data=  3 | cola=  31 | prio=10 | http://www.adascz.com.bo/publicaciones/notas-de-prensa/ada-denuncia-discriminacion-en-la-dotacion-de-cupos-de-maiz-por-parte-de-emapa
[FULL_3_ADA] t=2122.4s | pag=2387 | files=2236 | data=  3 | cola=  30 | prio=10 | http://www.adascz.com.bo/publicaciones/notas-de-prensa/sectores-pecuarios-de-santa-cruz-denuncian-incumplimiento-de-emapa-en-el-abastecimiento-de-maiz
[FULL_3_ADA] t=2123.0s | pag=2388 | files=2236 | data=  3 | cola=  29 | prio=10 | http://www.adascz.com.bo/publicaciones/notas-de-prensa/ada-cumplio-50-anos-al-servicio-del-productor-avicola-cruceno
[FULL_3_ADA] t=2123.6s | pag=2389 | files=2236 | data=  3 | cola=  28 | prio=10 | http://www.adascz.com.bo/publicaciones/notas-de-prensa/ada-pone-en-marcha-el-segundo-ciclo-de-capacitaciones-para-el-fortalecimiento-sectorial
[FULL_3_ADA] t=2124.6s | pag=2390 | files=2236 | data=  3 | cola=  27 | prio=10 | http://www.adascz.com.bo/publicaciones/notas-de-prensa/bolivia-se-suma-a-la-celebracion-del-dia-mundial-del-huevo
[FULL_3_ADA] t=2125.4s | pag=2391 | files=2236 | data=  3 | cola=  26 | prio=10 | http://www.adascz.com.bo/publicaciones/notas-de-prensa/coda-se-reactiva-con-nuevas-mesas-de-trabajo-para-dar-solucion-a-las-demandas-del-sector-avicola
[FULL_3_ADA] t=2126.3s | pag=2392 | files=2236 | data=  3 | cola=  25 | prio=50 | http://www.adascz.com.bo/la-institucion/expresidentes-ada
[FULL_3_ADA] t=2127.5s | pag=2393 | files=2236 | data=  3 | cola=  25 | prio=50 | http://www.adascz.com.bo/la-institucion/personal
[FULL_3_ADA] t=2128.6s | pag=2394 | files=2236 | data=  3 | cola=  24 | prio=50 | http://www.adascz.com.bo/afiliese/beneficios
[FULL_3_ADA] t=2129.5s | pag=2395 | files=2236 | data=  3 | cola=  23 | prio=50 | http://www.adascz.com.bo/afiliese/requisitos
[FULL_3_ADA] t=2130.6s | pag=2396 | files=2236 | data=  3 | cola=  22 | prio=50 | http://www.adascz.com.bo/afiliese/formulario
[FULL_3_ADA] t=2131.2s | pag=2397 | files=2236 | data=  3 | cola=  21 | prio=50 | http://www.adascz.com.bo/afiliese/enlaces-de-interes
[FULL_3_ADA] t=2132.3s | pag=2398 | files=2236 | data=  3 | cola=  20 | prio=50 | http://www.adascz.com.bo/normativas
[FULL_3_ADA] t=2133.3s | pag=2399 | files=2237 | data=  3 | cola=  20 | prio=50 | http://www.adascz.com.bo/paginas-amarillas
[FULL_3_ADA] t=2134.4s | pag=2400 | files=2237 | data=  3 | cola=  19 | prio=50 | http://www.adascz.com.bo/index.php
[FULL_3_ADA] DATASETS=4 | data_html_table | http://www.adascz.com.bo/index.php
[FULL_3_ADA] t=2135.4s | pag=2401 | files=2237 | data=  4 | cola=  18 | prio=50 | http://www.adascz.com.bo/laboratorio
[FULL_3_ADA] t=2136.5s | pag=2402 | files=2237 | data=  4 | cola=  17 | prio=50 | http://www.adascz.com.bo/asistencia-tecnica
[FULL_3_ADA] t=2137.6s | pag=2403 | files=2237 | data=  4 | cola=  16 | prio=50 | http://www.adascz.com.bo/maquila-de-grano-de-soya
[FULL_3_ADA] t=2138.2s | pag=2404 | files=2237 | data=  4 | cola=  15 | prio=50 | http://www.adascz.com.bo/registro-sanitario
[FULL_3_ADA] t=2139.3s | pag=2405 | files=2237 | data=  4 | cola=  14 | prio=50 | http://www.adascz.com.bo/guia-de-movimiento-de-aves
[FULL_3_ADA] t=2140.1s | pag=2406 | files=2237 | data=  4 | cola=  13 | prio=50 | http://www.adascz.com.bo/recetarios-ada/guia-inteligente-del-pollo
[FULL_3_ADA] t=2141.3s | pag=2407 | files=2238 | data=  4 | cola=  12 | prio=50 | http://www.adascz.com.bo/recetarios-ada/recetario-el-huevo-me-alimenta-y-da-energia
[FULL_3_ADA] t=2141.9s | pag=2408 | files=2239 | data=  4 | cola=  11 | prio=50 | http://www.adascz.com.bo/recetarios-ada/recetario-sabores-que-nos-unen
[FULL_3_ADA] t=2142.7s | pag=2409 | files=2240 | data=  4 | cola=  10 | prio=50 | http://www.adascz.com.bo/recetarios-ada/recetario-dia-latinoamericano-de-la-carne-de-pollo-2
[FULL_3_ADA] t=2143.5s | pag=2410 | files=2241 | data=  4 | cola=   9 | prio=50 | http://www.adascz.com.bo/recetarios-ada/recetario-ada-3
[FULL_3_ADA] t=2144.6s | pag=2411 | files=2242 | data=  4 | cola=   8 | prio=50 | http://www.adascz.com.bo/recetarios-ada/recetario-ada-es-con-huevos
[FULL_3_ADA] t=2145.2s | pag=2412 | files=2243 | data=  4 | cola=   7 | prio=50 | http://www.adascz.com.bo/recetarios-ada/recetario-ada
[FULL_3_ADA] t=2146.1s | pag=2413 | files=2244 | data=  4 | cola=   6 | prio=50 | http://www.adascz.com.bo/recetarios-ada/recetario-navideno
[FULL_3_ADA] t=2147.0s | pag=2414 | files=2245 | data=  4 | cola=   5 | prio=50 | http://www.adascz.com.bo/memorias-ada/memoria-2019-2020
[FULL_3_ADA] t=2148.2s | pag=2415 | files=2245 | data=  4 | cola=   4 | prio=50 | http://www.adascz.com.bo/?Itemid=111
[FULL_3_ADA] t=2149.0s | pag=2415 | files=2245 | data=  4 | cola=   3 | prio=50 | http://www.adascz.com.bo/ada-normativas/reglamento-general-de-sanidad-animal-regensa
[FULL_3_ADA] t=2149.9s | pag=2416 | files=2245 | data=  4 | cola=   2 | prio=70 | http://www.adascz.com.bo/la-institucion/quienes-somos
[FULL_3_ADA] t=2150.7s | pag=2417 | files=2245 | data=  4 | cola=   1 | prio=70 | http://www.adascz.com.bo/la-institucion/directorio
[FULL_3_ADA] t=2151.5s | pag=2418 | files=2245 | data=  4 | cola=   0 | prio=70 | http://www.adascz.com.bo/contacto

================================================================================
RESULTADO
================================================================================
Fuente:              full_3_ada
Páginas visitadas:   2419
Archivos encontrados: 2245
Datasets web:         4
Errores:              7
Motivo de parada:     frontier_exhausted
Duración:             2152.21 s

Formatos:
  - PDF    : 2245

JSON: C:\Ultimo Semestre 7\trabajo\DATAX\team crawler\crawler_asfi\Crawler_BCB\crawler_v2\output\full_3_ada.json

Trazabilidad:
  Ejecución: 24
  Estado:    PROCESSED
  Base:      C:\Ultimo Semestre 7\trabajo\DATAX\team crawler\crawler_asfi\Crawler_BCB\crawler_v2\trace\crawler_trace.sqlite
