================================================================================
CRAWLER V2
================================================================================
Fuente: Autoridad de Supervisión del Sistema Financiero
URL configurada: https://www.asfi.gob.bo/
Timeout HTTP: 15 s
Pausa HTTP:   aleatoria 0.30s - 0.90s


Resolución de fuente:
  Original: https://www.asfi.gob.bo/
  Utilizada: https://www.asfi.gob.bo/
  Fallback: no
  Intentos: 1
    - usable         | HTTP=200 | https://www.asfi.gob.bo/

URL de trabajo: https://www.asfi.gob.bo/
Seeds: 5
Máx páginas: 10000
Máx archivos: 100000
Máx profundidad: 20

[ASFI] t=   0.0s | pag=  0 | files=   0 | data=  0 | cola=   4 | prio= 0 | https://www.asfi.gob.bo/
[ASFI] t=   0.9s | pag=  1 | files=   0 | data=  0 | cola= 103 | prio= 0 | https://www.asfi.gob.bo/pb/estadisticas-intermediacion-financiera
[ASFI] t=   1.7s | pag=  2 | files=   0 | data=  0 | cola= 110 | prio= 0 | https://www.asfi.gob.bo/pb/estadisticas-mercado-valores
[ASFI] t=   2.5s | pag=  3 | files=   0 | data=  0 | cola= 114 | prio= 0 | https://www.asfi.gob.bo/la/anuario-estadistico
[ASFI] t=  16.8s | pag=  4 | files=  17 | data=  0 | cola= 113 | prio= 0 | https://www.asfi.gob.bo/pb/intermediarios
[ASFI] t=  40.1s | pag=  5 | files=  34 | data=  0 | cola= 112 | prio= 2 | https://www.asfi.gob.bo/la/mercado-valores
[ASFI] t=  40.9s | pag=  6 | files=  37 | data=  0 | cola= 111 | prio= 2 | https://www.asfi.gob.bo/pb/publicaciones-0
[ASFI] t=  41.3s | pag=  7 | files=  37 | data=  0 | cola= 112 | prio= 2 | https://www.asfi.gob.bo/pb/publicaciones-1
[ASFI] t=  42.0s | pag=  8 | files=  37 | data=  0 | cola= 114 | prio= 2 | https://www.asfi.gob.bo/pb/registro-mercado-valores
[ASFI] t=  42.4s | pag=  9 | files=  37 | data=  0 | cola= 115 | prio= 2 | https://www.asfi.gob.bo/pb/publicaciones-2
[ASFI] t=  43.3s | pag= 10 | files=  37 | data=  0 | cola= 119 | prio= 2 | https://www.asfi.gob.bo/pb/datos-sobre-reclamos-y-consultas-atendidas
[ASFI] t=  43.8s | pag= 11 | files=  37 | data=  0 | cola= 120 | prio= 2 | https://www.asfi.gob.bo/la/estadisticas-sobre-supervision-legitimacion-ganancias-ilicitas-y-financiamiento-del-terrorismo
[ASFI] DATASETS=1 | data_html_table | https://www.asfi.gob.bo/la/estadisticas-sobre-supervision-legitimacion-ganancias-ilicitas-y-financiamiento-del-terrorismo
[ASFI] t=  44.6s | pag= 12 | files=  40 | data=  1 | cola= 119 | prio= 2 | https://www.asfi.gob.bo/pb/boletines-estadisticos
[ASFI] t=  46.6s | pag= 13 | files=  41 | data=  1 | cola= 131 | prio= 2 | https://www.asfi.gob.bo/la/principales-indicadores-financieros
[ASFI] t=  47.3s | pag= 14 | files=  41 | data=  1 | cola= 130 | prio= 2 | https://www.asfi.gob.bo/pb/boletines-estadisticos-mercado-valores
[ASFI] t=  47.9s | pag= 15 | files=  41 | data=  1 | cola= 141 | prio= 2 | https://www.asfi.gob.bo/la/reportes-dinamicos
[ASFI] t=  48.3s | pag= 16 | files=  41 | data=  1 | cola= 140 | prio= 2 | https://www.asfi.gob.bo/pb/estadisticas-reclamos
[ASFI] t=  49.0s | pag= 17 | files=  41 | data=  1 | cola= 178 | prio= 2 | https://www.asfi.gob.bo/la/boletines-estadisticos-mercado-valores-2026
[ASFI] DATASETS=2 | data_html_table | https://www.asfi.gob.bo/la/boletines-estadisticos-mercado-valores-2026
[ASFI] t=  54.7s | pag= 18 | files=  45 | data=  2 | cola= 177 | prio=10 | https://www.asfi.gob.bo/pb/boletin-trimestral-actualizacion-y-emision-normativa
[ASFI] t=  55.4s | pag= 19 | files=  45 | data=  2 | cola= 195 | prio=10 | https://www.asfi.gob.bo/pb/puntos-atenci%C3%B3n-financiera
[ASFI] t=  56.3s | pag= 20 | files=  45 | data=  2 | cola= 197 | prio=10 | https://www.asfi.gob.bo/node/1008
[ASFI] t=  57.2s | pag= 21 | files=  46 | data=  2 | cola= 196 | prio=10 | https://www.asfi.gob.bo/node/1011
[ASFI] t=  57.6s | pag= 22 | files=  46 | data=  2 | cola= 195 | prio=10 | https://www.asfi.gob.bo/node/1006
[ASFI] t=  58.5s | pag= 23 | files=  46 | data=  2 | cola= 194 | prio=10 | https://www.asfi.gob.bo/pagina-lista-boletines
[ASFI] t=  59.1s | pag= 24 | files=  55 | data=  2 | cola= 195 | prio=10 | https://www.asfi.gob.bo/la/hechos-relevantes
[ASFI] t=  59.7s | pag= 25 | files=  55 | data=  2 | cola= 206 | prio=10 | https://www.asfi.gob.bo/pb/entidades-financieras-vivienda
[ASFI] t=  60.3s | pag= 26 | files=  55 | data=  2 | cola= 205 | prio=10 | https://www.asfi.gob.bo/pb/instituciones-financieras-desarrollo
[ASFI] t=  61.3s | pag= 27 | files=  55 | data=  2 | cola= 204 | prio=10 | https://www.asfi.gob.bo/la/1deg-reclamos-recibidos-entidades-financieras-primera-instancia-2026
[ASFI] t=  64.5s | pag= 28 | files=  57 | data=  2 | cola= 203 | prio=10 | https://www.asfi.gob.bo/node/959
[ASFI] t=  68.4s | pag= 29 | files=  59 | data=  2 | cola= 202 | prio=10 | https://www.asfi.gob.bo/node/962
[ASFI] t=  69.2s | pag= 30 | files=  61 | data=  2 | cola= 201 | prio=10 | https://www.asfi.gob.bo/node/965
[ASFI] t=  69.6s | pag= 31 | files=  63 | data=  2 | cola= 200 | prio=10 | https://www.asfi.gob.bo/node/968
[ASFI] t=  70.6s | pag= 32 | files=  65 | data=  2 | cola= 199 | prio=10 | https://www.asfi.gob.bo/node/971
[ASFI] t=  71.7s | pag= 33 | files=  67 | data=  2 | cola= 198 | prio=10 | https://www.asfi.gob.bo/node/974
[ASFI] t=  72.2s | pag= 34 | files=  69 | data=  2 | cola= 197 | prio=10 | https://www.asfi.gob.bo/node/977
[ASFI] t=  72.8s | pag= 35 | files=  71 | data=  2 | cola= 196 | prio=10 | https://www.asfi.gob.bo/node/980
[ASFI] t=  73.9s | pag= 36 | files=  73 | data=  2 | cola= 195 | prio=10 | https://www.asfi.gob.bo/node/983
[ASFI] t=  74.8s | pag= 37 | files=  75 | data=  2 | cola= 194 | prio=10 | https://www.asfi.gob.bo/node/986
[ASFI] t=  75.5s | pag= 38 | files=  77 | data=  2 | cola= 193 | prio=10 | https://www.asfi.gob.bo/node/989
[ASFI] t=  76.4s | pag= 39 | files=  79 | data=  2 | cola= 192 | prio=10 | https://www.asfi.gob.bo/node/992
[ASFI] t=  77.1s | pag= 40 | files=  81 | data=  2 | cola= 191 | prio=10 | https://www.asfi.gob.bo/la/boletin-trimestral-actualizacion-y-emision-normativa-2026
[ASFI] t=  77.9s | pag= 41 | files=  83 | data=  2 | cola= 190 | prio=10 | https://www.asfi.gob.bo/pb/puntos-atencion-financiera-eif
[ASFI] t=  78.8s | pag= 42 | files=  83 | data=  2 | cola= 189 | prio=10 | https://www.asfi.gob.bo/pb/puntos-atencion-financiera-mv
[ASFI] t=  79.7s | pag= 43 | files=  83 | data=  2 | cola= 188 | prio=10 | https://www.asfi.gob.bo/pb/puntos-atencion-financiera-esfc
[ASFI] t=  80.2s | pag= 44 | files=  83 | data=  2 | cola= 187 | prio=10 | https://www.asfi.gob.bo/pagina-lista-boletines?page=1
[ASFI] t=  81.1s | pag= 45 | files=  92 | data=  2 | cola= 187 | prio=10 | https://www.asfi.gob.bo/pagina-lista-boletines?page=2
[ASFI] t=  81.9s | pag= 46 | files= 100 | data=  2 | cola= 186 | prio=10 | https://www.asfi.gob.bo/pagina-lista-boletines?page=0
[ASFI] t=  82.7s | pag= 47 | files= 100 | data=  2 | cola= 185 | prio=50 | https://www.asfi.gob.bo/pagina-memoria-institucional
[ASFI] t=  83.5s | pag= 48 | files= 110 | data=  2 | cola= 187 | prio=40 | https://www.asfi.gob.bo/pagina-memoria-institucional?page=1
[ASFI] t=  84.0s | pag= 49 | files= 120 | data=  2 | cola= 187 | prio=40 | https://www.asfi.gob.bo/pagina-memoria-institucional?page=2
[ASFI] t=  85.2s | pag= 50 | files= 130 | data=  2 | cola= 186 | prio=40 | https://www.asfi.gob.bo/pagina-memoria-institucional?page=3
[ASFI] t=  86.0s | pag= 51 | files= 136 | data=  2 | cola= 185 | prio=40 | https://www.asfi.gob.bo/pagina-memoria-institucional?page=0
[ASFI] t=  86.9s | pag= 52 | files= 136 | data=  2 | cola= 184 | prio=50 | https://www.asfi.gob.bo/pb/objetivos-institucionales
[ASFI] t=  87.6s | pag= 53 | files= 136 | data=  2 | cola= 183 | prio=50 | https://www.asfi.gob.bo/pb/informacion-mae
[ASFI] t=  88.1s | pag= 54 | files= 136 | data=  2 | cola= 182 | prio=50 | https://www.asfi.gob.bo/la/politica-calidad
[ASFI] t=  88.8s | pag= 55 | files= 136 | data=  2 | cola= 181 | prio=50 | https://www.asfi.gob.bo/pb/plan-estrategico-institucional-pei
[ASFI] t=  89.4s | pag= 56 | files= 137 | data=  2 | cola= 180 | prio=50 | https://www.asfi.gob.bo/pagina-poa
[ASFI] t=  90.3s | pag= 57 | files= 140 | data=  2 | cola= 181 | prio=50 | https://www.asfi.gob.bo/la/seguimiento-y-evaluacion-al-poa
[ASFI] t=  91.0s | pag= 58 | files= 166 | data=  2 | cola= 180 | prio=50 | https://www.asfi.gob.bo/la/mapa-procesos
[ASFI] t=  91.7s | pag= 59 | files= 167 | data=  2 | cola= 179 | prio=50 | https://www.asfi.gob.bo/pb/plan-implementacion-software-libre-y-estandares-abiertos-pislea
[ASFI] t=  92.5s | pag= 60 | files= 168 | data=  2 | cola= 178 | prio=50 | https://www.asfi.gob.bo/presupuesto-institucional
[ASFI] t=  93.3s | pag= 61 | files= 170 | data=  2 | cola= 177 | prio=50 | https://www.asfi.gob.bo/pb/ejecucion-presupuestaria
[ASFI] t=  94.0s | pag= 62 | files= 171 | data=  2 | cola= 176 | prio=50 | https://www.asfi.gob.bo/pb/fuentes-financiamiento
[ASFI] t=  94.5s | pag= 63 | files= 174 | data=  2 | cola= 175 | prio=50 | https://www.asfi.gob.bo/la/balance-general
[ASFI] t=  95.5s | pag= 64 | files= 180 | data=  2 | cola= 174 | prio=50 | https://www.asfi.gob.bo/auditorias
[ASFI] t=  96.4s | pag= 65 | files= 222 | data=  2 | cola= 177 | prio=40 | https://www.asfi.gob.bo/auditorias?page=1
[ASFI] t=  97.1s | pag= 66 | files= 295 | data=  2 | cola= 177 | prio=40 | https://www.asfi.gob.bo/auditorias?page=2
[ASFI] t=  98.1s | pag= 67 | files= 354 | data=  2 | cola= 176 | prio=40 | https://www.asfi.gob.bo/auditorias?page=3
[ASFI] t=  98.6s | pag= 68 | files= 410 | data=  2 | cola= 175 | prio=40 | https://www.asfi.gob.bo/auditorias?page=4
[ASFI] t=  99.5s | pag= 69 | files= 412 | data=  2 | cola= 174 | prio=40 | https://www.asfi.gob.bo/auditorias?page=0
[ASFI] t= 100.1s | pag= 70 | files= 412 | data=  2 | cola= 173 | prio=50 | https://www.asfi.gob.bo/pb/gestion-denuncias-actoshechos-corrupcion
[ASFI] t= 101.0s | pag= 71 | files= 413 | data=  2 | cola= 172 | prio=50 | https://www.asfi.gob.bo/form/solicitud-de-informacion
[ASFI] t= 101.8s | pag= 72 | files= 413 | data=  2 | cola= 171 | prio=50 | https://www.asfi.gob.bo/rendicion
[ASFI] t= 102.5s | pag= 73 | files= 423 | data=  2 | cola= 172 | prio=40 | https://www.asfi.gob.bo/rendicion?page=1
[ASFI] t= 103.2s | pag= 74 | files= 440 | data=  2 | cola= 172 | prio=40 | https://www.asfi.gob.bo/rendicion?page=2
[ASFI] t= 103.9s | pag= 75 | files= 450 | data=  2 | cola= 171 | prio=40 | https://www.asfi.gob.bo/rendicion?page=0
[ASFI] t= 104.4s | pag= 76 | files= 450 | data=  2 | cola= 170 | prio=50 | https://www.asfi.gob.bo/la/programa-tranca-cero
[ASFI] t= 105.0s | pag= 77 | files= 452 | data=  2 | cola= 169 | prio=50 | https://www.asfi.gob.bo/p-gina-de-notas-de-prensa
[ASFI] t= 105.5s | pag= 78 | files= 452 | data=  2 | cola= 176 | prio=40 | https://www.asfi.gob.bo/p-gina-de-notas-de-prensa?page=1
[ASFI] t= 106.0s | pag= 79 | files= 452 | data=  2 | cola= 185 | prio=40 | https://www.asfi.gob.bo/p-gina-de-notas-de-prensa?page=2
[ASFI] t= 106.5s | pag= 80 | files= 452 | data=  2 | cola= 191 | prio=40 | https://www.asfi.gob.bo/p-gina-de-notas-de-prensa?page=0
[ASFI] t= 107.4s | pag= 81 | files= 452 | data=  2 | cola= 190 | prio=50 | https://www.asfi.gob.bo/pagina-de-revistas
[ASFI] t= 108.1s | pag= 82 | files= 454 | data=  2 | cola= 189 | prio=50 | https://www.asfi.gob.bo/pb/trabajos-investigacion
[ASFI] t= 109.1s | pag= 83 | files= 454 | data=  2 | cola= 191 | prio= 2 | https://www.asfi.gob.bo/pb/publicaciones
[ASFI] t= 110.0s | pag= 84 | files= 458 | data=  2 | cola= 190 | prio= 2 | https://www.asfi.gob.bo/pagina-de-otras-publicaciones
[ASFI] t= 110.7s | pag= 85 | files= 460 | data=  2 | cola= 189 | prio=50 | https://www.asfi.gob.bo/pagina-lista-campanias
[ASFI] t= 111.2s | pag= 86 | files= 460 | data=  2 | cola= 200 | prio=40 | https://www.asfi.gob.bo/pagina-lista-campanias?page=1
[ASFI] t= 111.9s | pag= 87 | files= 460 | data=  2 | cola= 209 | prio=40 | https://www.asfi.gob.bo/pagina-lista-campanias?page=2
[ASFI] t= 112.6s | pag= 88 | files= 460 | data=  2 | cola= 218 | prio=40 | https://www.asfi.gob.bo/pagina-lista-campanias?page=4
[ASFI] t= 113.7s | pag= 89 | files= 460 | data=  2 | cola= 219 | prio=40 | https://www.asfi.gob.bo/pagina-lista-campanias?page=0
[ASFI] t= 114.6s | pag= 90 | files= 460 | data=  2 | cola= 218 | prio=40 | https://www.asfi.gob.bo/pagina-lista-campanias?page=3
[ASFI] t= 115.5s | pag= 91 | files= 460 | data=  2 | cola= 226 | prio=50 | https://www.asfi.gob.bo/pagina-de-comunicados
[ASFI] t= 116.2s | pag= 92 | files= 470 | data=  2 | cola= 226 | prio=40 | https://www.asfi.gob.bo/pagina-de-comunicados?page=1
[ASFI] t= 116.7s | pag= 93 | files= 478 | data=  2 | cola= 226 | prio=40 | https://www.asfi.gob.bo/pagina-de-comunicados?page=0
[ASFI] t= 117.1s | pag= 94 | files= 478 | data=  2 | cola= 225 | prio=50 | https://www.asfi.gob.bo/pb/organigrama-institucional
[ASFI] t= 117.5s | pag= 95 | files= 479 | data=  2 | cola= 224 | prio=50 | https://www.asfi.gob.bo/la/nomina-servidores
[ASFI] t= 118.0s | pag= 96 | files= 480 | data=  2 | cola= 223 | prio=50 | https://www.asfi.gob.bo/escala-salarial
[ASFI] t= 119.0s | pag= 97 | files= 483 | data=  2 | cola= 222 | prio=50 | https://www.asfi.gob.bo/manual-de-organizaci-n-funcional
[ASFI] t= 119.6s | pag= 98 | files= 484 | data=  2 | cola= 221 | prio=50 | https://www.asfi.gob.bo/manual-de-procedimiento
[ASFI] t= 120.5s | pag= 99 | files= 485 | data=  2 | cola= 220 | prio=50 | https://www.asfi.gob.bo/poais
[ASFI] t= 121.2s | pag=100 | files= 486 | data=  2 | cola= 220 | prio=50 | https://www.asfi.gob.bo/la/manual-puestos
[ASFI] t= 121.8s | pag=101 | files= 509 | data=  2 | cola= 219 | prio=50 | https://www.asfi.gob.bo/oportunidad-de-empleo
[ASFI] t= 122.3s | pag=102 | files= 509 | data=  2 | cola= 218 | prio=50 | https://www.asfi.gob.bo/pb/terminos-referencia-consultores-linea
[ASFI] t= 122.8s | pag=103 | files= 509 | data=  2 | cola= 217 | prio=50 | https://www.asfi.gob.bo/convocatorias
[ASFI] t= 123.5s | pag=104 | files= 519 | data=  2 | cola= 219 | prio=40 | https://www.asfi.gob.bo/convocatorias?page=1
[ASFI] t= 124.1s | pag=105 | files= 529 | data=  2 | cola= 219 | prio=40 | https://www.asfi.gob.bo/convocatorias?page=2
[ASFI] t= 124.8s | pag=106 | files= 539 | data=  2 | cola= 219 | prio=40 | https://www.asfi.gob.bo/convocatorias?page=10
[ASFI] t= 126.8s | pag=107 | files= 540 | data=  2 | cola= 220 | prio=40 | https://www.asfi.gob.bo/convocatorias?page=0
[ASFI] t= 127.8s | pag=108 | files= 540 | data=  2 | cola= 219 | prio=40 | https://www.asfi.gob.bo/convocatorias?page=3
[ASFI] t= 128.7s | pag=109 | files= 550 | data=  2 | cola= 219 | prio=40 | https://www.asfi.gob.bo/convocatorias?page=9
[ASFI] t= 129.1s | pag=110 | files= 560 | data=  2 | cola= 218 | prio=40 | https://www.asfi.gob.bo/convocatorias?page=8
[ASFI] t= 129.8s | pag=111 | files= 570 | data=  2 | cola= 218 | prio=40 | https://www.asfi.gob.bo/convocatorias?page=4
[ASFI] t= 130.3s | pag=112 | files= 580 | data=  2 | cola= 218 | prio=40 | https://www.asfi.gob.bo/convocatorias?page=7
[ASFI] t= 131.8s | pag=113 | files= 590 | data=  2 | cola= 218 | prio=40 | https://www.asfi.gob.bo/convocatorias?page=5
[ASFI] t= 132.0s | pag=114 | files= 600 | data=  2 | cola= 217 | prio=40 | https://www.asfi.gob.bo/convocatorias?page=6
[ASFI] t= 132.9s | pag=115 | files= 610 | data=  2 | cola= 216 | prio=50 | https://www.asfi.gob.bo/proveedores
[ASFI] t= 133.7s | pag=116 | files= 612 | data=  2 | cola= 215 | prio=50 | https://www.asfi.gob.bo/pb/programa-anual-contrataciones
[ASFI] t= 134.1s | pag=117 | files= 614 | data=  2 | cola= 214 | prio=50 | https://www.asfi.gob.bo/la/normativa-internacional
[ASFI] t= 135.0s | pag=118 | files= 614 | data=  2 | cola= 213 | prio=50 | https://www.asfi.gob.bo/pb/reglamentos-vigentes
[ASFI] t= 135.5s | pag=119 | files= 622 | data=  2 | cola= 212 | prio=50 | https://www.asfi.gob.bo/pb/servicios-financieros
[ASFI] t= 136.4s | pag=120 | files= 623 | data=  2 | cola= 213 | prio=10 | https://www.asfi.gob.bo/node/402
[ASFI] t= 137.2s | pag=121 | files= 624 | data=  2 | cola= 212 | prio=50 | https://www.asfi.gob.bo/pb/registro-suscriptores-al-servicio-comunicacion
[ASFI] t= 138.0s | pag=122 | files= 624 | data=  2 | cola= 211 | prio=50 | https://www.asfi.gob.bo/pb/legislacion-y-disposiciones-para-regulados
[ASFI] t= 138.9s | pag=123 | files= 624 | data=  2 | cola= 217 | prio=50 | https://www.asfi.gob.bo/pb/decretos
[ASFI] t= 140.6s | pag=124 | files= 701 | data=  2 | cola= 216 | prio=50 | https://www.asfi.gob.bo/pb/normativa-nacional
[ASFI] t= 141.5s | pag=125 | files= 718 | data=  2 | cola= 215 | prio=50 | https://www.asfi.gob.bo/pb/registro-y-seguimiento-reclamos
[ASFI] t= 141.8s | pag=126 | files= 718 | data=  2 | cola= 214 | prio=50 | https://www.asfi.gob.bo/la/derechos-del-consumidor-financiero
[ASFI] t= 142.7s | pag=127 | files= 718 | data=  2 | cola= 213 | prio=50 | https://www.asfi.gob.bo/la/cajeros-automaticos-para-personas-discapacidad
[ASFI] t= 143.6s | pag=128 | files= 720 | data=  2 | cola= 212 | prio=50 | https://www.asfi.gob.bo/la/lineamientos-para-enif
[ASFI] t= 144.2s | pag=129 | files= 721 | data=  2 | cola= 211 | prio=50 | https://asfidigital.asfi.gob.bo/inicio
[ASFI] t= 144.9s | pag=130 | files= 721 | data=  2 | cola= 210 | prio=50 | https://www.asfi.gob.bo/pb/contratos-modelo-para-servicios-financieros
[ASFI] t= 145.7s | pag=131 | files= 721 | data=  2 | cola= 209 | prio=50 | https://asfi.gob.bo/la/tarifarios
[ASFI] DATASETS=3 | data_html_table | https://asfi.gob.bo/la/tarifarios
[ASFI] t= 169.9s | pag=132 | files= 739 | data=  3 | cola= 293 | prio= 2 | https://asfi.gob.bo/la/mercado-valores
[ASFI] t= 170.3s | pag=133 | files= 739 | data=  3 | cola= 292 | prio= 2 | https://asfi.gob.bo/pb/publicaciones-0
[ASFI] t= 170.9s | pag=134 | files= 739 | data=  3 | cola= 293 | prio= 2 | https://asfi.gob.bo/pb/publicaciones-1
[ASFI] t= 171.7s | pag=135 | files= 739 | data=  3 | cola= 295 | prio= 2 | https://asfi.gob.bo/pb/registro-mercado-valores
[ASFI] t= 172.3s | pag=136 | files= 739 | data=  3 | cola= 296 | prio= 2 | https://asfi.gob.bo/pb/publicaciones-2
[ASFI] t= 172.9s | pag=137 | files= 739 | data=  3 | cola= 300 | prio= 2 | https://asfi.gob.bo/pb/estadisticas-intermediacion-financiera
[ASFI] t= 173.3s | pag=138 | files= 739 | data=  3 | cola= 310 | prio= 2 | https://asfi.gob.bo/pb/estadisticas-mercado-valores
[ASFI] t= 173.9s | pag=139 | files= 739 | data=  3 | cola= 314 | prio= 2 | https://asfi.gob.bo/pb/datos-sobre-reclamos-y-consultas-atendidas
[ASFI] t= 174.5s | pag=140 | files= 739 | data=  3 | cola= 315 | prio= 2 | https://asfi.gob.bo/la/estadisticas-sobre-supervision-legitimacion-ganancias-ilicitas-y-financiamiento-del-terrorismo
[ASFI] DATASETS=4 | data_html_table | https://asfi.gob.bo/la/estadisticas-sobre-supervision-legitimacion-ganancias-ilicitas-y-financiamiento-del-terrorismo
[ASFI] t= 175.3s | pag=141 | files= 742 | data=  4 | cola= 314 | prio= 2 | https://asfi.gob.bo/pb/boletines-estadisticos
[ASFI] t= 177.2s | pag=142 | files= 743 | data=  4 | cola= 326 | prio= 2 | https://asfi.gob.bo/la/principales-indicadores-financieros
[ASFI] t= 178.4s | pag=143 | files= 743 | data=  4 | cola= 325 | prio= 2 | https://asfi.gob.bo/pb/boletines-estadisticos-mercado-valores
[ASFI] t= 179.2s | pag=144 | files= 743 | data=  4 | cola= 335 | prio= 2 | https://asfi.gob.bo/la/reportes-dinamicos
[ASFI] t= 180.1s | pag=145 | files= 743 | data=  4 | cola= 334 | prio= 2 | https://asfi.gob.bo/pb/estadisticas-reclamos
[ASFI] t= 181.3s | pag=146 | files= 743 | data=  4 | cola= 372 | prio=10 | https://asfi.gob.bo/pb/boletin-trimestral-actualizacion-y-emision-normativa
[ASFI] t= 181.6s | pag=147 | files= 743 | data=  4 | cola= 389 | prio=10 | https://asfi.gob.bo/pb/puntos-atenci%C3%B3n-financiera
[ASFI] t= 182.3s | pag=148 | files= 743 | data=  4 | cola= 391 | prio=10 | https://asfi.gob.bo/pagina-lista-boletines
[ASFI] t= 183.2s | pag=149 | files= 752 | data=  4 | cola= 392 | prio=10 | https://asfi.gob.bo/la/hechos-relevantes
[ASFI] t= 184.0s | pag=150 | files= 752 | data=  4 | cola= 403 | prio=10 | https://asfi.gob.bo/node/1008
[ASFI] t= 184.6s | pag=151 | files= 753 | data=  4 | cola= 402 | prio=10 | https://asfi.gob.bo/node/1011
[ASFI] t= 185.4s | pag=152 | files= 753 | data=  4 | cola= 401 | prio=10 | https://asfi.gob.bo/node/1006
[ASFI] t= 199.0s | pag=153 | files= 770 | data=  4 | cola= 400 | prio=10 | https://asfi.gob.bo/pb/entidades-financieras-vivienda
[ASFI] t= 199.7s | pag=154 | files= 770 | data=  4 | cola= 399 | prio=10 | https://asfi.gob.bo/pb/instituciones-financieras-desarrollo
[ASFI] t= 200.3s | pag=155 | files= 770 | data=  4 | cola= 398 | prio=10 | https://asfi.gob.bo/la/1deg-reclamos-recibidos-entidades-financieras-primera-instancia-2026
[ASFI] t= 203.9s | pag=156 | files= 772 | data=  4 | cola= 397 | prio=10 | https://asfi.gob.bo/node/959
[ASFI] t= 206.8s | pag=157 | files= 774 | data=  4 | cola= 396 | prio=10 | https://asfi.gob.bo/node/962
[ASFI] t= 207.6s | pag=158 | files= 776 | data=  4 | cola= 395 | prio=10 | https://asfi.gob.bo/node/965
[ASFI] t= 208.2s | pag=159 | files= 778 | data=  4 | cola= 394 | prio=10 | https://asfi.gob.bo/node/968
[ASFI] t= 208.9s | pag=160 | files= 780 | data=  4 | cola= 393 | prio=10 | https://asfi.gob.bo/node/971
[ASFI] t= 209.9s | pag=161 | files= 782 | data=  4 | cola= 392 | prio=10 | https://asfi.gob.bo/node/974
[ASFI] t= 210.6s | pag=162 | files= 784 | data=  4 | cola= 391 | prio=10 | https://asfi.gob.bo/node/977
[ASFI] t= 211.2s | pag=163 | files= 786 | data=  4 | cola= 390 | prio=10 | https://asfi.gob.bo/node/980
[ASFI] t= 212.3s | pag=164 | files= 788 | data=  4 | cola= 389 | prio=10 | https://asfi.gob.bo/node/983
[ASFI] t= 213.2s | pag=165 | files= 790 | data=  4 | cola= 388 | prio=10 | https://asfi.gob.bo/node/986
[ASFI] t= 213.9s | pag=166 | files= 792 | data=  4 | cola= 387 | prio=10 | https://asfi.gob.bo/node/989
[ASFI] t= 214.8s | pag=167 | files= 794 | data=  4 | cola= 386 | prio=10 | https://asfi.gob.bo/node/992
[ASFI] t= 215.3s | pag=168 | files= 796 | data=  4 | cola= 385 | prio=10 | https://asfi.gob.bo/pb/puntos-atencion-financiera-eif
[ASFI] t= 216.2s | pag=169 | files= 796 | data=  4 | cola= 384 | prio=10 | https://asfi.gob.bo/pb/puntos-atencion-financiera-mv
[ASFI] t= 216.7s | pag=170 | files= 796 | data=  4 | cola= 383 | prio=10 | https://asfi.gob.bo/pb/puntos-atencion-financiera-esfc
[ASFI] t= 217.3s | pag=171 | files= 796 | data=  4 | cola= 382 | prio=10 | https://asfi.gob.bo/pagina-lista-boletines?page=1
[ASFI] t= 218.3s | pag=172 | files= 805 | data=  4 | cola= 382 | prio=10 | https://asfi.gob.bo/pagina-lista-boletines?page=2
[ASFI] t= 218.8s | pag=173 | files= 813 | data=  4 | cola= 381 | prio=10 | https://asfi.gob.bo/pagina-lista-boletines?page=0
[ASFI] t= 219.8s | pag=174 | files= 813 | data=  4 | cola= 380 | prio=50 | https://www.asfi.gob.bo/pb/tiempos-maximos-atencion-creditos
[ASFI] t= 220.1s | pag=175 | files= 837 | data=  4 | cola= 379 | prio=50 | https://www.asfi.gob.bo/pb/entidades-supervisadas-if
[ASFI] t= 221.1s | pag=176 | files= 837 | data=  4 | cola= 384 | prio= 2 | https://www.asfi.gob.bo/la/entidades-intermediacion-financiera-licencia-funcionamiento
[ASFI] t= 222.0s | pag=177 | files= 848 | data=  4 | cola= 383 | prio=10 | https://www.asfi.gob.bo/node/1003
[ASFI] t= 222.5s | pag=178 | files= 850 | data=  4 | cola= 382 | prio=50 | https://www.asfi.gob.bo/pb/registros
[ASFI] t= 223.2s | pag=179 | files= 850 | data=  4 | cola= 383 | prio=50 | https://www.asfi.gob.bo/la/cobertura-servicios-financieros
[ASFI] t= 224.8s | pag=180 | files= 851 | data=  4 | cola= 382 | prio=50 | https://www.asfi.gob.bo/pb/entidades-supervisadas-mv
[ASFI] t= 225.5s | pag=181 | files= 851 | data=  4 | cola= 384 | prio= 2 | https://www.asfi.gob.bo/pb/entidades-inscritas-registro-del-mercado-valores
[ASFI] t= 225.9s | pag=182 | files= 851 | data=  4 | cola= 383 | prio=50 | https://www.asfi.gob.bo/pb/reglamentos-internos-fondos-inversion
[ASFI] t= 227.7s | pag=183 | files= 851 | data=  4 | cola= 406 | prio=50 | https://www.asfi.gob.bo/la/empresas-supervisadas
[ASFI] t= 227.9s | pag=184 | files= 858 | data=  4 | cola= 405 | prio=50 | https://www.asfi.gob.bo/pb/sociedades-controladoras-grupos-financieros
[ASFI] t= 228.3s | pag=185 | files= 859 | data=  4 | cola= 413 | prio=50 | https://www.asfi.gob.bo/pb/estados-financieros
[ASFI] t= 229.1s | pag=186 | files= 859 | data=  4 | cola= 503 | prio=50 | https://barometro.asfi.gob.bo/
[ASFI] t= 230.4s | pag=187 | files= 859 | data=  4 | cola= 512 | prio=10 | https://barometro.asfi.gob.bo/cifras-principales
[ASFI] t= 231.0s | pag=188 | files= 859 | data=  4 | cola= 511 | prio=10 | https://barometro.asfi.gob.bo/articles/20260818-transformacion-financiera-la-paz-el-alto
[ASFI] t= 231.7s | pag=189 | files= 859 | data=  4 | cola= 510 | prio=10 | https://barometro.asfi.gob.bo/articles/20260727-experiencia-billeteras-moviles
[ASFI] t= 232.6s | pag=190 | files= 859 | data=  4 | cola= 509 | prio=50 | https://www.asfi.gob.bo/pagina-de-direcciones
[ASFI] t= 233.6s | pag=191 | files= 859 | data=  4 | cola= 509 | prio=40 | https://www.asfi.gob.bo/pagina-de-direcciones?page=1
[ASFI] t= 234.1s | pag=192 | files= 859 | data=  4 | cola= 509 | prio=40 | https://www.asfi.gob.bo/pagina-de-direcciones?page=0
[ASFI] t= 234.8s | pag=193 | files= 859 | data=  4 | cola= 508 | prio=50 | https://www.asfi.gob.bo/pb/responsables-recibir-consultas
[ASFI] t= 235.7s | pag=194 | files= 859 | data=  4 | cola= 507 | prio=50 | https://www.asfi.gob.bo/pb/numeros-telefono-y-call-center
[ASFI] t= 236.2s | pag=195 | files= 859 | data=  4 | cola= 506 | prio=50 | https://www.asfi.gob.bo/pb/correo-electronico-y-redes-sociales
[ASFI] t= 236.9s | pag=196 | files= 859 | data=  4 | cola= 505 | prio=50 | https://www.asfi.gob.bo/pb/recepcion-correspondencia-firma-digital
[ASFI] t= 237.5s | pag=197 | files= 859 | data=  4 | cola= 505 | prio=50 | https://www.asfi.gob.bo//node/1402
[ASFI] t= 238.4s | pag=198 | files= 859 | data=  4 | cola= 504 | prio=50 | https://www.asfi.gob.bo//node/1394
[ASFI] t= 239.5s | pag=199 | files= 859 | data=  4 | cola= 503 | prio=50 | https://www.asfi.gob.bo//node/1393
[ASFI] t= 240.3s | pag=200 | files= 859 | data=  4 | cola= 502 | prio=50 | https://www.asfi.gob.bo/node/1010
[ASFI] t= 240.9s | pag=201 | files= 860 | data=  4 | cola= 501 | prio=50 | https://www.asfi.gob.bo/node/1009
[ASFI] t= 241.6s | pag=202 | files= 861 | data=  4 | cola= 500 | prio=50 | https://www.asfi.gob.bo/node/1065
[ASFI] t= 242.4s | pag=203 | files= 861 | data=  4 | cola= 501 | prio=50 | https://www.asfi.gob.bo/node/949
[ASFI] t= 243.3s | pag=204 | files= 891 | data=  4 | cola= 500 | prio=50 | https://www.asfi.gob.bo/node/1070
[ASFI] t= 243.6s | pag=205 | files= 893 | data=  4 | cola= 499 | prio=50 | https://www.asfi.gob.bo/node/1071
[ASFI] t= 244.3s | pag=206 | files= 894 | data=  4 | cola= 498 | prio=50 | https://www.asfi.gob.bo/node/1068
[ASFI] t= 244.8s | pag=207 | files= 895 | data=  4 | cola= 497 | prio=50 | https://www.asfi.gob.bo/node/1069
[ASFI] t= 245.7s | pag=208 | files= 896 | data=  4 | cola= 496 | prio=50 | https://asfidigital.asfi.gob.bo/
[ASFI] t= 246.4s | pag=209 | files= 896 | data=  4 | cola= 495 | prio=50 | https://www.asfi.gob.bo/enlaces-de-interes
[ASFI] t= 247.0s | pag=210 | files= 896 | data=  4 | cola= 498 | prio=10 | https://www.asfi.gob.bo/ei/plataforma-reporta-tu-tranca
[ASFI] t= 247.5s | pag=211 | files= 896 | data=  4 | cola= 497 | prio=10 | https://www.asfi.gob.bo/ei/unidad-investigaciones-financieras
[ASFI] t= 248.3s | pag=212 | files= 896 | data=  4 | cola= 496 | prio=50 | https://www.asfi.gob.bo/terminos-y-condiciones
[ASFI] t= 249.0s | pag=212 | files= 896 | data=  4 | cola= 495 | prio=50 | https://www.asfi.gob.bo/sitemap
[ASFI] t= 249.9s | pag=212 | files= 896 | data=  4 | cola= 494 | prio=50 | https://www.asfi.gob.bo/node/1007
[ASFI] t= 251.1s | pag=213 | files= 896 | data=  4 | cola= 509 | prio=50 | https://www.asfi.gob.bo/pb/carta-informativa
[ASFI] t= 252.3s | pag=214 | files= 926 | data=  4 | cola= 508 | prio=50 | https://www.asfi.gob.bo/node/1005
[ASFI] t= 252.6s | pag=215 | files= 937 | data=  4 | cola= 507 | prio=50 | https://www.asfi.gob.bo/la/separatas-departamentales
[ASFI] t= 253.2s | pag=216 | files= 946 | data=  4 | cola= 506 | prio=50 | https://www.asfi.gob.bo/la/inversiones
[ASFI] t= 268.0s | pag=217 | files= 957 | data=  4 | cola= 505 | prio=50 | https://www.asfi.gob.bo/node/1046
[ASFI] t= 268.7s | pag=218 | files= 959 | data=  4 | cola= 504 | prio=50 | https://www.asfi.gob.bo/node/1051
[ASFI] t= 269.3s | pag=219 | files= 959 | data=  4 | cola= 503 | prio=50 | https://www.asfi.gob.bo/la/resoluciones-entidades-liquidacion
[ASFI] t= 270.0s | pag=220 | files= 960 | data=  4 | cola= 502 | prio=50 | https://www.asfi.gob.bo/pb/prospectos
[ASFI] t= 270.7s | pag=221 | files= 960 | data=  4 | cola= 586 | prio=50 | https://www.asfi.gob.bo/la/calificaciones-riesgo
[ASFI] t= 271.8s | pag=222 | files= 961 | data=  4 | cola= 585 | prio=50 | https://www.asfi.gob.bo/la/procedimientos-inscripcion
[ASFI] t= 272.6s | pag=223 | files= 964 | data=  4 | cola= 584 | prio=50 | https://www.asfi.gob.bo/la/documentos-y-formularios
[ASFI] t= 273.1s | pag=224 | files= 972 | data=  4 | cola= 583 | prio=50 | https://www.asfi.gob.bo/la/resoluciones-caducidad
[ASFI] t= 273.8s | pag=225 | files= 986 | data=  4 | cola= 582 | prio=50 | https://www.asfi.gob.bo/la/resoluciones-prohibicion-realizar-operaciones
[ASFI] t= 274.2s | pag=226 | files= 989 | data=  4 | cola= 581 | prio=50 | https://www.asfi.gob.bo/la/resoluciones-rechazo-constitucion
[ASFI] t= 275.1s | pag=227 | files=1000 | data=  4 | cola= 580 | prio=50 | https://www.asfi.gob.bo/la/resoluciones-revocatoria
[ASFI] t= 275.7s | pag=228 | files=1020 | data=  4 | cola= 579 | prio=50 | https://www.asfi.gob.bo/node/1064
[ASFI] t= 280.1s | pag=229 | files=1028 | data=  4 | cola= 578 | prio=50 | https://www.asfi.gob.bo/la/atencion-reclamos-y-consultas
[ASFI] t= 280.9s | pag=230 | files=1029 | data=  4 | cola= 577 | prio=50 | https://www.asfi.gob.bo/pb/bancos-hasta-21072014
[ASFI] t= 281.6s | pag=231 | files=1029 | data=  4 | cola= 576 | prio=50 | https://www.asfi.gob.bo/pb/fondos-financieros-privados-hasta-21072014
[ASFI] t= 282.4s | pag=232 | files=1029 | data=  4 | cola= 575 | prio=50 | https://www.asfi.gob.bo/pb/mutuales-ahorro-y-prestamo-hasta-20112015
[ASFI] t= 283.4s | pag=233 | files=1029 | data=  4 | cola= 574 | prio=50 | https://www.asfi.gob.bo/la/entidades-segundo-piso
[ASFI] t= 284.0s | pag=234 | files=1029 | data=  4 | cola= 575 | prio=50 | https://www.asfi.gob.bo/pb/bancos-multiples
[ASFI] t= 284.5s | pag=235 | files=1029 | data=  4 | cola= 574 | prio=50 | https://www.asfi.gob.bo/pb/bancos-pyme
[ASFI] t= 285.3s | pag=236 | files=1029 | data=  4 | cola= 573 | prio=50 | https://www.asfi.gob.bo/pb/cooperativas-ahorro-y-credito-abiertas
[ASFI] t= 285.8s | pag=237 | files=1029 | data=  4 | cola= 572 | prio=50 | https://www.asfi.gob.bo/pb/bancos-desarrollo-productivo
[ASFI] t= 286.6s | pag=238 | files=1029 | data=  4 | cola= 571 | prio=50 | https://www.asfi.gob.bo/pb/estados-financieros-resumidos
[ASFI] t= 287.0s | pag=239 | files=1029 | data=  4 | cola= 581 | prio=50 | https://www.asfi.gob.bo/pb/banco-central-bolivia
[ASFI] t= 287.6s | pag=240 | files=1029 | data=  4 | cola= 591 | prio=50 | https://www.asfi.gob.bo/pb/fogavisp-fogacp-y-fogagre
[ASFI] t= 288.1s | pag=241 | files=1029 | data=  4 | cola= 599 | prio=50 | https://www.asfi.gob.bo/node/498
[ASFI] DATASETS=5 | data_html_table | https://www.asfi.gob.bo/node/498
[ASFI] t= 304.9s | pag=242 | files=1041 | data=  5 | cola= 598 | prio=50 | https://www.asfi.gob.bo/node/499
[ASFI] DATASETS=6 | data_html_table | https://www.asfi.gob.bo/node/499
[ASFI] t= 305.4s | pag=243 | files=1053 | data=  6 | cola= 597 | prio=50 | https://www.asfi.gob.bo/node/500
[ASFI] DATASETS=7 | data_html_table | https://www.asfi.gob.bo/node/500
[ASFI] t= 305.9s | pag=244 | files=1065 | data=  7 | cola= 596 | prio=50 | https://www.asfi.gob.bo/node/501
[ASFI] DATASETS=8 | data_html_table | https://www.asfi.gob.bo/node/501
[ASFI] t= 306.7s | pag=245 | files=1077 | data=  8 | cola= 595 | prio=50 | https://www.asfi.gob.bo/node/502
[ASFI] DATASETS=9 | data_html_table | https://www.asfi.gob.bo/node/502
[ASFI] t= 307.3s | pag=246 | files=1089 | data=  9 | cola= 594 | prio=50 | https://www.asfi.gob.bo/node/503
[ASFI] DATASETS=10 | data_html_table | https://www.asfi.gob.bo/node/503
[ASFI] t= 308.3s | pag=247 | files=1101 | data= 10 | cola= 593 | prio=50 | https://www.asfi.gob.bo/node/504
[ASFI] t= 309.0s | pag=248 | files=1113 | data= 11 | cola= 592 | prio=50 | https://www.asfi.gob.bo/node/505
[ASFI] t= 309.6s | pag=249 | files=1125 | data= 12 | cola= 591 | prio=50 | https://www.asfi.gob.bo/node/506
[ASFI] t= 310.2s | pag=250 | files=1136 | data= 13 | cola= 590 | prio=50 | https://www.asfi.gob.bo/node/507
[ASFI] t= 310.7s | pag=251 | files=1148 | data= 14 | cola= 589 | prio=50 | https://www.asfi.gob.bo/node/508
[ASFI] t= 311.6s | pag=252 | files=1160 | data= 15 | cola= 588 | prio=50 | https://www.asfi.gob.bo/la/2deg-reclamos-atendidos-asfi-segunda-instancia-2026
[ASFI] t= 315.1s | pag=253 | files=1162 | data= 15 | cola= 587 | prio=50 | https://www.asfi.gob.bo/la/3deg-procesos-sancionatorios-2026
[ASFI] t= 317.2s | pag=254 | files=1163 | data= 15 | cola= 586 | prio=50 | https://www.asfi.gob.bo/node/960
[ASFI] t= 320.8s | pag=255 | files=1165 | data= 15 | cola= 585 | prio=50 | https://www.asfi.gob.bo/node/961
[ASFI] t= 323.0s | pag=256 | files=1166 | data= 15 | cola= 584 | prio=50 | https://www.asfi.gob.bo/node/963
[ASFI] t= 323.6s | pag=257 | files=1168 | data= 15 | cola= 583 | prio=50 | https://www.asfi.gob.bo/node/964
[ASFI] t= 324.3s | pag=258 | files=1169 | data= 15 | cola= 582 | prio=50 | https://www.asfi.gob.bo/node/966
[ASFI] t= 325.2s | pag=259 | files=1171 | data= 15 | cola= 581 | prio=50 | https://www.asfi.gob.bo/node/967
[ASFI] t= 326.1s | pag=260 | files=1172 | data= 15 | cola= 580 | prio=50 | https://www.asfi.gob.bo/node/969
[ASFI] t= 326.6s | pag=261 | files=1174 | data= 15 | cola= 579 | prio=50 | https://www.asfi.gob.bo/node/970
[ASFI] t= 327.5s | pag=262 | files=1175 | data= 15 | cola= 578 | prio=50 | https://www.asfi.gob.bo/node/972
[ASFI] t= 328.2s | pag=263 | files=1177 | data= 15 | cola= 577 | prio=50 | https://www.asfi.gob.bo/node/973
[ASFI] t= 329.2s | pag=264 | files=1177 | data= 15 | cola= 576 | prio=50 | https://www.asfi.gob.bo/node/975
[ASFI] t= 329.9s | pag=265 | files=1179 | data= 15 | cola= 575 | prio=50 | https://www.asfi.gob.bo/node/976
[ASFI] t= 330.8s | pag=266 | files=1179 | data= 15 | cola= 574 | prio=50 | https://www.asfi.gob.bo/node/978
[ASFI] t= 331.8s | pag=267 | files=1181 | data= 15 | cola= 573 | prio=50 | https://www.asfi.gob.bo/node/979
[ASFI] t= 332.9s | pag=268 | files=1181 | data= 15 | cola= 572 | prio=50 | https://www.asfi.gob.bo/node/981
[ASFI] t= 333.4s | pag=269 | files=1183 | data= 15 | cola= 571 | prio=50 | https://www.asfi.gob.bo/node/982
[ASFI] t= 334.0s | pag=270 | files=1183 | data= 15 | cola= 570 | prio=50 | https://www.asfi.gob.bo/node/984
[ASFI] t= 334.6s | pag=271 | files=1185 | data= 15 | cola= 569 | prio=50 | https://www.asfi.gob.bo/node/985
[ASFI] t= 335.3s | pag=272 | files=1185 | data= 15 | cola= 568 | prio=50 | https://www.asfi.gob.bo/node/987
[ASFI] t= 335.9s | pag=273 | files=1187 | data= 15 | cola= 567 | prio=50 | https://www.asfi.gob.bo/node/988
[ASFI] t= 336.7s | pag=274 | files=1187 | data= 15 | cola= 566 | prio=50 | https://www.asfi.gob.bo/node/990
[ASFI] t= 337.3s | pag=275 | files=1189 | data= 15 | cola= 565 | prio=50 | https://www.asfi.gob.bo/node/991
[ASFI] t= 338.2s | pag=276 | files=1189 | data= 15 | cola= 564 | prio=50 | https://www.asfi.gob.bo/node/993
[ASFI] t= 339.2s | pag=277 | files=1191 | data= 15 | cola= 563 | prio=50 | https://www.asfi.gob.bo/node/994
[ASFI] t= 340.0s | pag=278 | files=1191 | data= 15 | cola= 562 | prio=50 | https://www.asfi.gob.bo/node/433
[ASFI] t= 340.6s | pag=279 | files=1195 | data= 15 | cola= 561 | prio=50 | https://www.asfi.gob.bo/node/432
[ASFI] t= 341.6s | pag=280 | files=1199 | data= 15 | cola= 560 | prio=50 | https://www.asfi.gob.bo/node/431
[ASFI] t= 342.4s | pag=281 | files=1203 | data= 15 | cola= 559 | prio=50 | https://www.asfi.gob.bo/node/430
[ASFI] t= 343.8s | pag=282 | files=1207 | data= 15 | cola= 558 | prio=50 | https://www.asfi.gob.bo/node/429
[ASFI] t= 344.4s | pag=283 | files=1211 | data= 15 | cola= 557 | prio=50 | https://www.asfi.gob.bo/node/428
[ASFI] t= 344.9s | pag=284 | files=1215 | data= 15 | cola= 556 | prio=50 | https://www.asfi.gob.bo/node/427
[ASFI] t= 345.3s | pag=285 | files=1219 | data= 15 | cola= 555 | prio=50 | https://www.asfi.gob.bo/node/426
[ASFI] t= 345.9s | pag=286 | files=1223 | data= 15 | cola= 554 | prio=50 | https://www.asfi.gob.bo/node/425
[ASFI] t= 346.7s | pag=287 | files=1227 | data= 15 | cola= 553 | prio=50 | https://www.asfi.gob.bo/node/424
[ASFI] t= 347.2s | pag=288 | files=1231 | data= 15 | cola= 552 | prio=50 | https://www.asfi.gob.bo/node/423
[ASFI] t= 347.8s | pag=289 | files=1235 | data= 15 | cola= 551 | prio=50 | https://www.asfi.gob.bo/node/422
[ASFI] t= 348.3s | pag=290 | files=1239 | data= 15 | cola= 550 | prio=50 | https://www.asfi.gob.bo/node/421
[ASFI] t= 348.7s | pag=291 | files=1243 | data= 15 | cola= 549 | prio=50 | https://www.asfi.gob.bo/node/420
[ASFI] t= 349.5s | pag=292 | files=1247 | data= 15 | cola= 548 | prio=50 | https://www.asfi.gob.bo/node/419
[ASFI] t= 350.0s | pag=293 | files=1251 | data= 15 | cola= 547 | prio=50 | https://www.asfi.gob.bo/node/418
[ASFI] t= 350.8s | pag=294 | files=1255 | data= 15 | cola= 546 | prio=50 | https://www.asfi.gob.bo/node/417
[ASFI] t= 351.2s | pag=295 | files=1259 | data= 15 | cola= 545 | prio=50 | https://www.asfi.gob.bo/node/399
[ASFI] t= 352.1s | pag=296 | files=1261 | data= 15 | cola= 544 | prio=50 | https://www.asfi.gob.bo/la/hechos-relevantes-2026
[ASFI] t= 352.7s | pag=297 | files=1261 | data= 15 | cola= 543 | prio=50 | https://www.asfi.gob.bo/node/470
[ASFI] t= 353.5s | pag=298 | files=1261 | data= 15 | cola= 542 | prio=50 | https://www.asfi.gob.bo/node/469
[ASFI] t= 354.3s | pag=299 | files=1261 | data= 15 | cola= 541 | prio=50 | https://www.asfi.gob.bo/node/468
[ASFI] t= 354.8s | pag=300 | files=1261 | data= 15 | cola= 540 | prio=50 | https://www.asfi.gob.bo/node/467
[ASFI] t= 355.9s | pag=301 | files=1261 | data= 15 | cola= 539 | prio=50 | https://www.asfi.gob.bo/node/466
[ASFI] t= 356.7s | pag=302 | files=1261 | data= 15 | cola= 538 | prio=50 | https://www.asfi.gob.bo/node/465
[ASFI] t= 357.3s | pag=303 | files=1261 | data= 15 | cola= 537 | prio=50 | https://www.asfi.gob.bo/node/464
[ASFI] t= 358.4s | pag=304 | files=1261 | data= 15 | cola= 536 | prio=50 | https://www.asfi.gob.bo/node/463
[ASFI] t= 359.3s | pag=305 | files=1261 | data= 15 | cola= 535 | prio=50 | https://www.asfi.gob.bo/node/462
[ASFI] t= 360.0s | pag=306 | files=1261 | data= 15 | cola= 534 | prio=50 | https://www.asfi.gob.bo/node/461
[ASFI] t= 360.6s | pag=307 | files=1261 | data= 15 | cola= 533 | prio=50 | https://www.asfi.gob.bo/node/460
[ASFI] t= 361.5s | pag=308 | files=1261 | data= 15 | cola= 532 | prio=50 | https://www.asfi.gob.bo//pagina-poa?field_tipos_poa_value=poa_institucional
[ASFI] t= 362.3s | pag=309 | files=1261 | data= 15 | cola= 531 | prio=50 | https://www.asfi.gob.bo//pagina-poa?field_tipos_poa_value=poa_por_unidad_organizacional
[ASFI] t= 363.1s | pag=310 | files=1261 | data= 15 | cola= 530 | prio=50 | https://www.asfi.gob.bo//node/1368
[ASFI] t= 363.9s | pag=311 | files=1261 | data= 15 | cola= 529 | prio=50 | https://www.asfi.gob.bo//node/1367
[ASFI] t= 364.7s | pag=312 | files=1261 | data= 15 | cola= 528 | prio=50 | https://www.asfi.gob.bo//node/1365
[ASFI] t= 365.2s | pag=313 | files=1261 | data= 15 | cola= 527 | prio=50 | https://www.asfi.gob.bo//node/1362
[ASFI] t= 366.2s | pag=314 | files=1261 | data= 15 | cola= 526 | prio=50 | https://www.asfi.gob.bo//node/1348
[ASFI] t= 366.7s | pag=315 | files=1261 | data= 15 | cola= 525 | prio=50 | https://www.asfi.gob.bo//node/1347
[ASFI] t= 367.7s | pag=316 | files=1261 | data= 15 | cola= 524 | prio=50 | https://www.asfi.gob.bo//node/1322
[ASFI] t= 368.6s | pag=317 | files=1261 | data= 15 | cola= 523 | prio=50 | https://www.asfi.gob.bo//node/1299
[ASFI] t= 369.6s | pag=318 | files=1261 | data= 15 | cola= 522 | prio=50 | https://www.asfi.gob.bo//node/1298
[ASFI] t= 370.2s | pag=319 | files=1261 | data= 15 | cola= 521 | prio=50 | https://www.asfi.gob.bo//node/1296
[ASFI] t= 371.2s | pag=320 | files=1261 | data= 15 | cola= 520 | prio=50 | https://www.asfi.gob.bo//node/1180
[ASFI] t= 371.8s | pag=321 | files=1261 | data= 15 | cola= 519 | prio=50 | https://www.asfi.gob.bo//node/1179
[ASFI] t= 372.7s | pag=322 | files=1261 | data= 15 | cola= 518 | prio=50 | https://www.asfi.gob.bo//node/1178
[ASFI] t= 373.4s | pag=323 | files=1261 | data= 15 | cola= 517 | prio=50 | https://www.asfi.gob.bo//node/1177
[ASFI] t= 374.0s | pag=324 | files=1261 | data= 15 | cola= 516 | prio=50 | https://www.asfi.gob.bo//node/1176
[ASFI] t= 374.6s | pag=325 | files=1261 | data= 15 | cola= 515 | prio=50 | https://www.asfi.gob.bo//node/1175
[ASFI] t= 375.4s | pag=326 | files=1261 | data= 15 | cola= 514 | prio=50 | https://www.asfi.gob.bo//node/857
[ASFI] t= 376.2s | pag=327 | files=1261 | data= 15 | cola= 513 | prio=50 | https://www.asfi.gob.bo//node/59
[ASFI] t= 377.1s | pag=328 | files=1261 | data= 15 | cola= 512 | prio=50 | https://www.asfi.gob.bo//node/58
[ASFI] t= 377.8s | pag=329 | files=1261 | data= 15 | cola= 511 | prio=50 | https://www.asfi.gob.bo//node/50
[ASFI] t= 378.8s | pag=330 | files=1261 | data= 15 | cola= 510 | prio=50 | https://www.asfi.gob.bo//node/49
[ASFI] t= 379.4s | pag=331 | files=1261 | data= 15 | cola= 509 | prio=50 | https://www.asfi.gob.bo//node/24
[ASFI] t= 380.2s | pag=332 | files=1261 | data= 15 | cola= 508 | prio=50 | https://www.asfi.gob.bo/pagina-de-banco-de-trabajo-de-investigacion
[ASFI] t= 380.9s | pag=333 | files=1270 | data= 15 | cola= 508 | prio=40 | https://www.asfi.gob.bo/pagina-de-banco-de-trabajo-de-investigacion?page=1
[ASFI] t= 381.3s | pag=334 | files=1275 | data= 15 | cola= 508 | prio=40 | https://www.asfi.gob.bo/pagina-de-banco-de-trabajo-de-investigacion?page=0
[ASFI] t= 382.0s | pag=335 | files=1275 | data= 15 | cola= 507 | prio=50 | https://www.asfi.gob.bo/node/31
[ASFI] t= 382.8s | pag=336 | files=1275 | data= 15 | cola= 506 | prio=50 | https://www.asfi.gob.bo/node/401
[ASFI] t= 383.2s | pag=337 | files=1276 | data= 15 | cola= 505 | prio=50 | https://www.asfi.gob.bo/pb/leyes-referidas-servicios-financieros
[ASFI] t= 384.0s | pag=338 | files=1307 | data= 15 | cola= 504 | prio=50 | https://www.asfi.gob.bo/pb/decretos-supremos-referidos-servicios-financieros
[ASFI] t= 386.1s | pag=339 | files=1409 | data= 15 | cola= 503 | prio=50 | https://www.asfi.gob.bo/node/953
[ASFI] t= 386.8s | pag=340 | files=1411 | data= 16 | cola= 502 | prio=50 | https://www.asfi.gob.bo/node/954
[ASFI] t= 388.6s | pag=341 | files=1417 | data= 17 | cola= 501 | prio=50 | https://www.asfi.gob.bo/node/955
[ASFI] t= 389.2s | pag=341 | files=1417 | data= 17 | cola= 500 | prio=50 | https://www.asfi.gob.bo/node/956
[ASFI] t= 390.2s | pag=342 | files=1419 | data= 17 | cola= 499 | prio=50 | https://asfi.gob.bo/
[ASFI] t= 390.8s | pag=343 | files=1419 | data= 17 | cola= 508 | prio=50 | https://asfi.gob.bo/pagina-memoria-institucional
[ASFI] t= 391.5s | pag=344 | files=1429 | data= 17 | cola= 510 | prio=40 | https://asfi.gob.bo/pagina-memoria-institucional?page=1
[ASFI] t= 392.3s | pag=345 | files=1439 | data= 17 | cola= 510 | prio=40 | https://asfi.gob.bo/pagina-memoria-institucional?page=2
[ASFI] t= 392.8s | pag=346 | files=1449 | data= 17 | cola= 509 | prio=40 | https://asfi.gob.bo/pagina-memoria-institucional?page=3
[ASFI] t= 393.2s | pag=347 | files=1455 | data= 17 | cola= 508 | prio=40 | https://asfi.gob.bo/pagina-memoria-institucional?page=0
[ASFI] t= 394.1s | pag=348 | files=1455 | data= 17 | cola= 507 | prio=50 | https://asfi.gob.bo/pb/objetivos-institucionales
[ASFI] t= 395.1s | pag=349 | files=1455 | data= 17 | cola= 506 | prio=50 | https://asfi.gob.bo/pb/informacion-mae
[ASFI] t= 396.0s | pag=350 | files=1455 | data= 17 | cola= 505 | prio=50 | https://asfi.gob.bo/la/politica-calidad
[ASFI] t= 396.6s | pag=351 | files=1455 | data= 17 | cola= 504 | prio=50 | https://asfi.gob.bo/pb/plan-estrategico-institucional-pei
[ASFI] t= 397.4s | pag=352 | files=1456 | data= 17 | cola= 503 | prio=50 | https://asfi.gob.bo/pagina-poa
[ASFI] t= 398.0s | pag=353 | files=1459 | data= 17 | cola= 504 | prio=50 | https://asfi.gob.bo/la/seguimiento-y-evaluacion-al-poa
[ASFI] t= 398.5s | pag=354 | files=1485 | data= 17 | cola= 503 | prio=50 | https://asfi.gob.bo/la/mapa-procesos
[ASFI] t= 398.8s | pag=355 | files=1486 | data= 17 | cola= 502 | prio=50 | https://asfi.gob.bo/pb/plan-implementacion-software-libre-y-estandares-abiertos-pislea
[ASFI] t= 399.4s | pag=356 | files=1487 | data= 17 | cola= 501 | prio=50 | https://asfi.gob.bo/presupuesto-institucional
[ASFI] t= 401.0s | pag=357 | files=1489 | data= 17 | cola= 500 | prio=50 | https://asfi.gob.bo/pb/ejecucion-presupuestaria
[ASFI] t= 401.7s | pag=358 | files=1489 | data= 17 | cola= 499 | prio=50 | https://asfi.gob.bo/pb/fuentes-financiamiento
[ASFI] t= 402.2s | pag=359 | files=1492 | data= 17 | cola= 498 | prio=50 | https://asfi.gob.bo/la/balance-general
[ASFI] t= 402.7s | pag=360 | files=1498 | data= 17 | cola= 497 | prio=50 | https://asfi.gob.bo/auditorias
[ASFI] t= 403.4s | pag=361 | files=1540 | data= 17 | cola= 500 | prio=40 | https://asfi.gob.bo/auditorias?page=1
[ASFI] t= 404.0s | pag=362 | files=1613 | data= 17 | cola= 500 | prio=40 | https://asfi.gob.bo/auditorias?page=2
[ASFI] t= 404.9s | pag=363 | files=1672 | data= 17 | cola= 499 | prio=40 | https://asfi.gob.bo/auditorias?page=3
[ASFI] t= 405.6s | pag=364 | files=1728 | data= 17 | cola= 498 | prio=40 | https://asfi.gob.bo/auditorias?page=4
[ASFI] t= 406.6s | pag=365 | files=1730 | data= 17 | cola= 497 | prio=40 | https://asfi.gob.bo/auditorias?page=0
[ASFI] t= 407.4s | pag=366 | files=1730 | data= 17 | cola= 496 | prio=50 | https://asfi.gob.bo/pb/gestion-denuncias-actoshechos-corrupcion
[ASFI] t= 408.0s | pag=367 | files=1731 | data= 17 | cola= 495 | prio=50 | https://asfi.gob.bo/form/solicitud-de-informacion
[ASFI] t= 408.8s | pag=368 | files=1731 | data= 17 | cola= 494 | prio=50 | https://asfi.gob.bo/rendicion
[ASFI] t= 409.4s | pag=369 | files=1741 | data= 17 | cola= 495 | prio=40 | https://asfi.gob.bo/rendicion?page=1
[ASFI] t= 410.6s | pag=370 | files=1758 | data= 17 | cola= 495 | prio=40 | https://asfi.gob.bo/rendicion?page=2
[ASFI] t= 410.9s | pag=371 | files=1768 | data= 17 | cola= 494 | prio=40 | https://asfi.gob.bo/rendicion?page=0
[ASFI] t= 411.4s | pag=372 | files=1768 | data= 17 | cola= 493 | prio=50 | https://asfi.gob.bo/p-gina-de-notas-de-prensa
[ASFI] t= 412.0s | pag=373 | files=1768 | data= 17 | cola= 500 | prio=40 | https://asfi.gob.bo/p-gina-de-notas-de-prensa?page=1
[ASFI] t= 412.7s | pag=374 | files=1768 | data= 17 | cola= 509 | prio=40 | https://asfi.gob.bo/p-gina-de-notas-de-prensa?page=2
[ASFI] t= 413.1s | pag=375 | files=1768 | data= 17 | cola= 515 | prio=40 | https://asfi.gob.bo/p-gina-de-notas-de-prensa?page=0
[ASFI] t= 413.8s | pag=376 | files=1768 | data= 17 | cola= 514 | prio=50 | https://asfi.gob.bo/pagina-de-revistas
[ASFI] t= 414.5s | pag=377 | files=1770 | data= 17 | cola= 513 | prio=50 | https://asfi.gob.bo/pb/trabajos-investigacion
[ASFI] t= 415.0s | pag=378 | files=1770 | data= 17 | cola= 515 | prio= 2 | https://asfi.gob.bo/pb/publicaciones
[ASFI] t= 415.6s | pag=379 | files=1774 | data= 17 | cola= 514 | prio= 2 | https://asfi.gob.bo/pagina-de-otras-publicaciones
[ASFI] t= 416.4s | pag=380 | files=1776 | data= 17 | cola= 513 | prio=50 | https://asfi.gob.bo/pagina-lista-campanias
[ASFI] t= 417.3s | pag=381 | files=1776 | data= 17 | cola= 524 | prio=40 | https://asfi.gob.bo/pagina-lista-campanias?page=1
[ASFI] t= 418.0s | pag=382 | files=1776 | data= 17 | cola= 533 | prio=40 | https://asfi.gob.bo/pagina-lista-campanias?page=2
[ASFI] t= 418.8s | pag=383 | files=1776 | data= 17 | cola= 542 | prio=40 | https://asfi.gob.bo/pagina-lista-campanias?page=4
[ASFI] t= 419.4s | pag=384 | files=1776 | data= 17 | cola= 543 | prio=40 | https://asfi.gob.bo/pagina-lista-campanias?page=0
[ASFI] t= 419.8s | pag=385 | files=1776 | data= 17 | cola= 542 | prio=40 | https://asfi.gob.bo/pagina-lista-campanias?page=3
[ASFI] t= 420.3s | pag=386 | files=1776 | data= 17 | cola= 550 | prio=50 | https://asfi.gob.bo/pagina-de-comunicados
[ASFI] t= 421.1s | pag=387 | files=1786 | data= 17 | cola= 550 | prio=40 | https://asfi.gob.bo/pagina-de-comunicados?page=1
[ASFI] t= 421.8s | pag=388 | files=1794 | data= 17 | cola= 550 | prio=40 | https://asfi.gob.bo/pagina-de-comunicados?page=0
[ASFI] t= 422.4s | pag=389 | files=1794 | data= 17 | cola= 549 | prio=50 | https://asfi.gob.bo/pb/organigrama-institucional
[ASFI] t= 422.9s | pag=390 | files=1794 | data= 17 | cola= 548 | prio=50 | https://asfi.gob.bo/la/nomina-servidores
[ASFI] t= 423.5s | pag=391 | files=1795 | data= 17 | cola= 547 | prio=50 | https://asfi.gob.bo/escala-salarial
[ASFI] t= 424.1s | pag=392 | files=1798 | data= 17 | cola= 546 | prio=50 | https://asfi.gob.bo/manual-de-organizaci-n-funcional
[ASFI] t= 424.7s | pag=393 | files=1799 | data= 17 | cola= 545 | prio=50 | https://asfi.gob.bo/manual-de-procedimiento
[ASFI] t= 425.5s | pag=394 | files=1800 | data= 17 | cola= 544 | prio=50 | https://asfi.gob.bo/poais
[ASFI] t= 426.4s | pag=395 | files=1801 | data= 17 | cola= 544 | prio=50 | https://asfi.gob.bo/la/manual-puestos
[ASFI] t= 427.1s | pag=396 | files=1824 | data= 17 | cola= 543 | prio=50 | https://asfi.gob.bo/oportunidad-de-empleo
[ASFI] t= 428.0s | pag=397 | files=1824 | data= 17 | cola= 542 | prio=50 | https://asfi.gob.bo/pb/terminos-referencia-consultores-linea
[ASFI] t= 428.4s | pag=398 | files=1824 | data= 17 | cola= 541 | prio=50 | https://asfi.gob.bo/convocatorias
[ASFI] t= 429.2s | pag=399 | files=1834 | data= 17 | cola= 543 | prio=40 | https://asfi.gob.bo/convocatorias?page=1
[ASFI] t= 429.9s | pag=400 | files=1844 | data= 17 | cola= 543 | prio=40 | https://asfi.gob.bo/convocatorias?page=2
[ASFI] t= 430.7s | pag=401 | files=1854 | data= 17 | cola= 543 | prio=40 | https://asfi.gob.bo/convocatorias?page=10
[ASFI] t= 433.0s | pag=402 | files=1855 | data= 17 | cola= 544 | prio=40 | https://asfi.gob.bo/convocatorias?page=0
[ASFI] t= 433.6s | pag=403 | files=1855 | data= 17 | cola= 543 | prio=40 | https://asfi.gob.bo/convocatorias?page=3
[ASFI] t= 434.1s | pag=404 | files=1865 | data= 17 | cola= 543 | prio=40 | https://asfi.gob.bo/convocatorias?page=9
[ASFI] t= 435.1s | pag=405 | files=1875 | data= 17 | cola= 542 | prio=40 | https://asfi.gob.bo/convocatorias?page=8
[ASFI] t= 436.3s | pag=406 | files=1885 | data= 17 | cola= 542 | prio=40 | https://asfi.gob.bo/convocatorias?page=4
[ASFI] t= 437.0s | pag=407 | files=1895 | data= 17 | cola= 542 | prio=40 | https://asfi.gob.bo/convocatorias?page=7
[ASFI] t= 437.5s | pag=408 | files=1905 | data= 17 | cola= 542 | prio=40 | https://asfi.gob.bo/convocatorias?page=5
[ASFI] t= 438.3s | pag=409 | files=1915 | data= 17 | cola= 541 | prio=40 | https://asfi.gob.bo/convocatorias?page=6
[ASFI] t= 439.1s | pag=410 | files=1925 | data= 17 | cola= 540 | prio=50 | https://asfi.gob.bo/proveedores
[ASFI] t= 439.9s | pag=411 | files=1927 | data= 17 | cola= 539 | prio=50 | https://asfi.gob.bo/pb/programa-anual-contrataciones
[ASFI] t= 441.2s | pag=412 | files=1929 | data= 17 | cola= 538 | prio=50 | https://asfi.gob.bo/la/normativa-internacional
[ASFI] t= 442.0s | pag=413 | files=1929 | data= 17 | cola= 537 | prio=50 | https://asfi.gob.bo/pb/reglamentos-vigentes
[ASFI] t= 442.7s | pag=414 | files=1936 | data= 17 | cola= 536 | prio=50 | https://asfi.gob.bo/pb/servicios-financieros
[ASFI] t= 443.1s | pag=415 | files=1936 | data= 17 | cola= 537 | prio=10 | https://asfi.gob.bo/node/402
[ASFI] t= 443.5s | pag=416 | files=1936 | data= 17 | cola= 536 | prio=50 | https://asfi.gob.bo/pb/registro-suscriptores-al-servicio-comunicacion
[ASFI] t= 444.0s | pag=417 | files=1936 | data= 17 | cola= 535 | prio=50 | https://asfi.gob.bo/pb/legislacion-y-disposiciones-para-regulados
[ASFI] t= 444.6s | pag=418 | files=1936 | data= 17 | cola= 540 | prio=50 | https://asfi.gob.bo/pb/decretos
[ASFI] t= 445.9s | pag=419 | files=2008 | data= 17 | cola= 539 | prio=50 | https://asfi.gob.bo/pb/normativa-nacional
[ASFI] t= 446.5s | pag=420 | files=2024 | data= 17 | cola= 538 | prio=50 | https://asfi.gob.bo/pb/registro-y-seguimiento-reclamos
[ASFI] t= 447.3s | pag=421 | files=2024 | data= 17 | cola= 537 | prio=50 | https://asfi.gob.bo/la/derechos-del-consumidor-financiero
[ASFI] t= 447.8s | pag=422 | files=2024 | data= 17 | cola= 536 | prio=50 | https://asfi.gob.bo/la/cajeros-automaticos-para-personas-discapacidad
[ASFI] t= 448.7s | pag=423 | files=2026 | data= 17 | cola= 535 | prio=50 | https://asfi.gob.bo/la/lineamientos-para-enif
[ASFI] t= 449.4s | pag=424 | files=2027 | data= 17 | cola= 534 | prio=50 | https://asfi.gob.bo/pb/contratos-modelo-para-servicios-financieros
[ASFI] t= 450.5s | pag=425 | files=2027 | data= 17 | cola= 533 | prio=50 | https://asfi.gob.bo/pb/tiempos-maximos-atencion-creditos
[ASFI] t= 451.5s | pag=426 | files=2051 | data= 17 | cola= 532 | prio=50 | https://asfi.gob.bo/pb/entidades-supervisadas-if
[ASFI] t= 452.3s | pag=427 | files=2051 | data= 17 | cola= 537 | prio= 2 | https://asfi.gob.bo/la/entidades-intermediacion-financiera-licencia-funcionamiento
[ASFI] t= 452.9s | pag=428 | files=2062 | data= 17 | cola= 536 | prio=10 | https://asfi.gob.bo/node/1003
[ASFI] t= 453.5s | pag=429 | files=2064 | data= 17 | cola= 535 | prio=50 | https://asfi.gob.bo/pb/registros
[ASFI] t= 454.7s | pag=430 | files=2064 | data= 17 | cola= 536 | prio=50 | https://asfi.gob.bo/la/cobertura-servicios-financieros
[ASFI] t= 456.5s | pag=431 | files=2065 | data= 17 | cola= 535 | prio=50 | https://asfi.gob.bo/pb/entidades-supervisadas-mv
[ASFI] t= 457.5s | pag=432 | files=2065 | data= 17 | cola= 537 | prio= 2 | https://asfi.gob.bo/pb/entidades-inscritas-registro-del-mercado-valores
[ASFI] t= 458.1s | pag=433 | files=2065 | data= 17 | cola= 536 | prio=50 | https://asfi.gob.bo/pb/reglamentos-internos-fondos-inversion
[ASFI] t= 458.9s | pag=434 | files=2065 | data= 17 | cola= 558 | prio=50 | https://asfi.gob.bo/la/empresas-supervisadas
[ASFI] t= 459.4s | pag=435 | files=2072 | data= 17 | cola= 557 | prio=50 | https://asfi.gob.bo/pb/sociedades-controladoras-grupos-financieros
[ASFI] t= 460.1s | pag=436 | files=2073 | data= 17 | cola= 565 | prio=50 | https://asfi.gob.bo/pb/estados-financieros
[ASFI] t= 460.5s | pag=437 | files=2073 | data= 17 | cola= 620 | prio=50 | https://asfi.gob.bo/pagina-de-direcciones
[ASFI] t= 461.5s | pag=438 | files=2073 | data= 17 | cola= 620 | prio=40 | https://asfi.gob.bo/pagina-de-direcciones?page=1
[ASFI] t= 462.4s | pag=439 | files=2073 | data= 17 | cola= 620 | prio=40 | https://asfi.gob.bo/pagina-de-direcciones?page=0
[ASFI] t= 462.9s | pag=440 | files=2073 | data= 17 | cola= 619 | prio=50 | https://asfi.gob.bo/pb/responsables-recibir-consultas
[ASFI] t= 463.6s | pag=441 | files=2073 | data= 17 | cola= 618 | prio=50 | https://asfi.gob.bo/pb/numeros-telefono-y-call-center
[ASFI] t= 464.5s | pag=442 | files=2073 | data= 17 | cola= 617 | prio=50 | https://asfi.gob.bo/pb/correo-electronico-y-redes-sociales
[ASFI] t= 465.5s | pag=443 | files=2073 | data= 17 | cola= 616 | prio=50 | https://asfi.gob.bo/pb/recepcion-correspondencia-firma-digital
[ASFI] t= 466.5s | pag=444 | files=2073 | data= 17 | cola= 615 | prio=50 | https://asfi.gob.bo/terminos-y-condiciones
[ASFI] t= 467.0s | pag=444 | files=2073 | data= 17 | cola= 614 | prio=50 | https://asfi.gob.bo/sitemap
[ASFI] t= 468.4s | pag=444 | files=2073 | data= 17 | cola= 613 | prio=50 | https://asfi.gob.bo/la/resoluciones-entidades-liquidacion
[ASFI] t= 469.9s | pag=445 | files=2074 | data= 17 | cola= 612 | prio=50 | https://asfi.gob.bo/pb/prospectos
[ASFI] t= 470.4s | pag=446 | files=2074 | data= 17 | cola= 696 | prio=50 | https://asfi.gob.bo/la/calificaciones-riesgo
[ASFI] t= 471.3s | pag=447 | files=2075 | data= 17 | cola= 695 | prio=50 | https://asfi.gob.bo/la/procedimientos-inscripcion
[ASFI] t= 472.0s | pag=448 | files=2078 | data= 17 | cola= 694 | prio=50 | https://asfi.gob.bo/la/documentos-y-formularios
[ASFI] t= 472.5s | pag=449 | files=2086 | data= 17 | cola= 693 | prio=50 | https://asfi.gob.bo/la/resoluciones-caducidad
[ASFI] t= 473.5s | pag=450 | files=2100 | data= 17 | cola= 692 | prio=50 | https://asfi.gob.bo/la/resoluciones-prohibicion-realizar-operaciones
[ASFI] t= 474.3s | pag=451 | files=2103 | data= 17 | cola= 691 | prio=50 | https://asfi.gob.bo/la/resoluciones-rechazo-constitucion
[ASFI] t= 475.2s | pag=452 | files=2114 | data= 17 | cola= 690 | prio=50 | https://asfi.gob.bo/la/resoluciones-revocatoria
[ASFI] t= 475.7s | pag=453 | files=2134 | data= 17 | cola= 689 | prio=50 | https://asfi.gob.bo/node/1064
[ASFI] t= 480.3s | pag=454 | files=2142 | data= 17 | cola= 688 | prio=50 | https://asfi.gob.bo/node/1009
[ASFI] t= 481.1s | pag=455 | files=2143 | data= 17 | cola= 687 | prio=50 | https://asfi.gob.bo/node/1010
[ASFI] t= 482.0s | pag=456 | files=2144 | data= 17 | cola= 686 | prio=50 | https://asfi.gob.bo/node/1007
[ASFI] t= 482.9s | pag=457 | files=2144 | data= 17 | cola= 701 | prio=50 | https://asfi.gob.bo/pb/carta-informativa
[ASFI] t= 483.5s | pag=458 | files=2174 | data= 17 | cola= 700 | prio=50 | https://asfi.gob.bo/node/1005
[ASFI] t= 484.5s | pag=459 | files=2185 | data= 17 | cola= 699 | prio=50 | https://asfi.gob.bo/la/separatas-departamentales
[ASFI] t= 485.3s | pag=460 | files=2194 | data= 17 | cola= 698 | prio=50 | https://asfi.gob.bo/la/inversiones
[ASFI] t= 500.6s | pag=461 | files=2205 | data= 17 | cola= 697 | prio=50 | https://asfi.gob.bo/node/1046
[ASFI] t= 501.3s | pag=462 | files=2207 | data= 17 | cola= 696 | prio=50 | https://asfi.gob.bo/node/1051
[ASFI] t= 501.8s | pag=463 | files=2207 | data= 17 | cola= 695 | prio=50 | https://asfi.gob.bo/la/atencion-reclamos-y-consultas
[ASFI] t= 502.4s | pag=464 | files=2208 | data= 17 | cola= 694 | prio=50 | https://asfi.gob.bo/pb/bancos-hasta-21072014
[ASFI] t= 502.8s | pag=465 | files=2208 | data= 17 | cola= 693 | prio=50 | https://asfi.gob.bo/pb/fondos-financieros-privados-hasta-21072014
[ASFI] t= 503.6s | pag=466 | files=2208 | data= 17 | cola= 692 | prio=50 | https://asfi.gob.bo/pb/mutuales-ahorro-y-prestamo-hasta-20112015
[ASFI] t= 504.0s | pag=467 | files=2208 | data= 17 | cola= 691 | prio=50 | https://asfi.gob.bo/la/entidades-segundo-piso
[ASFI] t= 504.9s | pag=468 | files=2208 | data= 17 | cola= 692 | prio=50 | https://asfi.gob.bo/pb/bancos-multiples
[ASFI] t= 505.8s | pag=469 | files=2208 | data= 17 | cola= 691 | prio=50 | https://asfi.gob.bo/pb/bancos-pyme
[ASFI] t= 506.7s | pag=470 | files=2208 | data= 17 | cola= 690 | prio=50 | https://asfi.gob.bo/pb/cooperativas-ahorro-y-credito-abiertas
[ASFI] t= 507.7s | pag=471 | files=2208 | data= 17 | cola= 689 | prio=50 | https://asfi.gob.bo/pb/bancos-desarrollo-productivo
[ASFI] t= 508.4s | pag=472 | files=2208 | data= 17 | cola= 688 | prio=50 | https://asfi.gob.bo/pb/estados-financieros-resumidos
[ASFI] t= 509.2s | pag=473 | files=2208 | data= 17 | cola= 698 | prio=50 | https://asfi.gob.bo/pb/banco-central-bolivia
[ASFI] t= 510.1s | pag=474 | files=2208 | data= 17 | cola= 708 | prio=50 | https://asfi.gob.bo/pb/fogavisp-fogacp-y-fogagre
[ASFI] t= 510.6s | pag=475 | files=2208 | data= 17 | cola= 716 | prio=50 | https://asfi.gob.bo/node/498
[ASFI] t= 528.2s | pag=476 | files=2220 | data= 18 | cola= 715 | prio=50 | https://asfi.gob.bo/node/499
[ASFI] t= 528.8s | pag=477 | files=2232 | data= 19 | cola= 714 | prio=50 | https://asfi.gob.bo/node/500
[ASFI] t= 529.3s | pag=478 | files=2244 | data= 20 | cola= 713 | prio=50 | https://asfi.gob.bo/node/501
[ASFI] t= 530.4s | pag=479 | files=2256 | data= 21 | cola= 712 | prio=50 | https://asfi.gob.bo/node/502
[ASFI] t= 531.3s | pag=480 | files=2268 | data= 22 | cola= 711 | prio=50 | https://asfi.gob.bo/node/503
[ASFI] t= 531.9s | pag=481 | files=2280 | data= 23 | cola= 710 | prio=50 | https://asfi.gob.bo/node/504
[ASFI] t= 532.6s | pag=482 | files=2292 | data= 24 | cola= 709 | prio=50 | https://asfi.gob.bo/node/505
[ASFI] DATASETS=25 | data_html_table | https://asfi.gob.bo/node/505
[ASFI] t= 533.2s | pag=483 | files=2304 | data= 25 | cola= 708 | prio=50 | https://asfi.gob.bo/node/506
[ASFI] t= 534.1s | pag=484 | files=2315 | data= 26 | cola= 707 | prio=50 | https://asfi.gob.bo/node/507
[ASFI] t= 535.1s | pag=485 | files=2327 | data= 27 | cola= 706 | prio=50 | https://asfi.gob.bo/node/508
[ASFI] t= 535.6s | pag=486 | files=2339 | data= 28 | cola= 705 | prio=50 | https://asfi.gob.bo/la/2deg-reclamos-atendidos-asfi-segunda-instancia-2026
[ASFI] t= 538.6s | pag=487 | files=2341 | data= 28 | cola= 704 | prio=50 | https://asfi.gob.bo/la/3deg-procesos-sancionatorios-2026
[ASFI] t= 540.6s | pag=488 | files=2342 | data= 28 | cola= 703 | prio=50 | https://asfi.gob.bo/node/960
[ASFI] t= 543.9s | pag=489 | files=2344 | data= 28 | cola= 702 | prio=50 | https://asfi.gob.bo/node/961
[ASFI] t= 546.2s | pag=490 | files=2345 | data= 28 | cola= 701 | prio=50 | https://asfi.gob.bo/node/963
[ASFI] t= 547.3s | pag=491 | files=2347 | data= 28 | cola= 700 | prio=50 | https://asfi.gob.bo/node/964
[ASFI] t= 548.1s | pag=492 | files=2348 | data= 28 | cola= 699 | prio=50 | https://asfi.gob.bo/node/966
[ASFI] t= 548.8s | pag=493 | files=2350 | data= 28 | cola= 698 | prio=50 | https://asfi.gob.bo/node/967
[ASFI] t= 549.4s | pag=494 | files=2351 | data= 28 | cola= 697 | prio=50 | https://asfi.gob.bo/node/969
[ASFI] t= 550.1s | pag=495 | files=2353 | data= 28 | cola= 696 | prio=50 | https://asfi.gob.bo/node/970
[ASFI] t= 550.9s | pag=496 | files=2354 | data= 28 | cola= 695 | prio=50 | https://asfi.gob.bo/node/972
[ASFI] t= 552.0s | pag=497 | files=2356 | data= 28 | cola= 694 | prio=50 | https://asfi.gob.bo/node/973
[ASFI] t= 553.1s | pag=498 | files=2356 | data= 28 | cola= 693 | prio=50 | https://asfi.gob.bo/node/975
[ASFI] t= 553.6s | pag=499 | files=2358 | data= 28 | cola= 692 | prio=50 | https://asfi.gob.bo/node/976
[ASFI] t= 554.3s | pag=500 | files=2358 | data= 28 | cola= 691 | prio=50 | https://asfi.gob.bo/node/978
[ASFI] t= 555.4s | pag=501 | files=2360 | data= 28 | cola= 690 | prio=50 | https://asfi.gob.bo/node/979
[ASFI] t= 556.1s | pag=502 | files=2360 | data= 28 | cola= 689 | prio=50 | https://asfi.gob.bo/node/981
[ASFI] t= 556.9s | pag=503 | files=2362 | data= 28 | cola= 688 | prio=50 | https://asfi.gob.bo/node/982
[ASFI] t= 557.7s | pag=504 | files=2362 | data= 28 | cola= 687 | prio=50 | https://asfi.gob.bo/node/984
[ASFI] t= 558.3s | pag=505 | files=2364 | data= 28 | cola= 686 | prio=50 | https://asfi.gob.bo/node/985
[ASFI] t= 559.0s | pag=506 | files=2364 | data= 28 | cola= 685 | prio=50 | https://asfi.gob.bo/node/987
[ASFI] t= 559.8s | pag=507 | files=2366 | data= 28 | cola= 684 | prio=50 | https://asfi.gob.bo/node/988
[ASFI] t= 560.3s | pag=508 | files=2366 | data= 28 | cola= 683 | prio=50 | https://asfi.gob.bo/node/990
[ASFI] t= 561.1s | pag=509 | files=2368 | data= 28 | cola= 682 | prio=50 | https://asfi.gob.bo/node/991
[ASFI] t= 561.7s | pag=510 | files=2368 | data= 28 | cola= 681 | prio=50 | https://asfi.gob.bo/node/993
[ASFI] t= 562.7s | pag=511 | files=2370 | data= 28 | cola= 680 | prio=50 | https://asfi.gob.bo/node/994
[ASFI] t= 563.6s | pag=512 | files=2370 | data= 28 | cola= 679 | prio=50 | https://asfi.gob.bo/node/433
[ASFI] t= 564.3s | pag=513 | files=2374 | data= 28 | cola= 678 | prio=50 | https://asfi.gob.bo/node/432
[ASFI] t= 565.0s | pag=514 | files=2378 | data= 28 | cola= 677 | prio=50 | https://asfi.gob.bo/node/431
[ASFI] t= 565.7s | pag=515 | files=2382 | data= 28 | cola= 676 | prio=50 | https://asfi.gob.bo/node/430
[ASFI] t= 566.5s | pag=516 | files=2386 | data= 28 | cola= 675 | prio=50 | https://asfi.gob.bo/node/429
[ASFI] t= 567.0s | pag=517 | files=2390 | data= 28 | cola= 674 | prio=50 | https://asfi.gob.bo/node/428
[ASFI] t= 567.9s | pag=518 | files=2394 | data= 28 | cola= 673 | prio=50 | https://asfi.gob.bo/node/427
[ASFI] t= 568.8s | pag=519 | files=2398 | data= 28 | cola= 672 | prio=50 | https://asfi.gob.bo/node/426
[ASFI] t= 569.8s | pag=520 | files=2402 | data= 28 | cola= 671 | prio=50 | https://asfi.gob.bo/node/425
[ASFI] t= 570.4s | pag=521 | files=2406 | data= 28 | cola= 670 | prio=50 | https://asfi.gob.bo/node/424
[ASFI] t= 571.1s | pag=522 | files=2410 | data= 28 | cola= 669 | prio=50 | https://asfi.gob.bo/node/423
[ASFI] t= 571.7s | pag=523 | files=2414 | data= 28 | cola= 668 | prio=50 | https://asfi.gob.bo/node/422
[ASFI] t= 572.6s | pag=524 | files=2418 | data= 28 | cola= 667 | prio=50 | https://asfi.gob.bo/node/421
[ASFI] t= 573.2s | pag=525 | files=2422 | data= 28 | cola= 666 | prio=50 | https://asfi.gob.bo/node/420
[ASFI] t= 573.7s | pag=526 | files=2426 | data= 28 | cola= 665 | prio=50 | https://asfi.gob.bo/node/419
[ASFI] t= 574.3s | pag=527 | files=2430 | data= 28 | cola= 664 | prio=50 | https://asfi.gob.bo/node/418
[ASFI] t= 575.1s | pag=528 | files=2434 | data= 28 | cola= 663 | prio=50 | https://asfi.gob.bo/node/417
[ASFI] t= 576.1s | pag=529 | files=2438 | data= 28 | cola= 662 | prio=50 | https://asfi.gob.bo/node/399
[ASFI] t= 577.0s | pag=530 | files=2440 | data= 28 | cola= 661 | prio=50 | https://asfi.gob.bo/la/hechos-relevantes-2026
[ASFI] t= 577.7s | pag=531 | files=2440 | data= 28 | cola= 660 | prio=50 | https://asfi.gob.bo/node/470
[ASFI] t= 578.5s | pag=532 | files=2440 | data= 28 | cola= 659 | prio=50 | https://asfi.gob.bo/node/469
[ASFI] t= 579.5s | pag=533 | files=2440 | data= 28 | cola= 658 | prio=50 | https://asfi.gob.bo/node/468
[ASFI] t= 580.5s | pag=534 | files=2440 | data= 28 | cola= 657 | prio=50 | https://asfi.gob.bo/node/467
[ASFI] t= 581.4s | pag=535 | files=2440 | data= 28 | cola= 656 | prio=50 | https://asfi.gob.bo/node/466
[ASFI] t= 582.0s | pag=536 | files=2440 | data= 28 | cola= 655 | prio=50 | https://asfi.gob.bo/node/465
[ASFI] t= 582.9s | pag=537 | files=2440 | data= 28 | cola= 654 | prio=50 | https://asfi.gob.bo/node/464
[ASFI] t= 583.9s | pag=538 | files=2440 | data= 28 | cola= 653 | prio=50 | https://asfi.gob.bo/node/463
[ASFI] t= 584.8s | pag=539 | files=2440 | data= 28 | cola= 652 | prio=50 | https://asfi.gob.bo/node/462
[ASFI] t= 585.6s | pag=540 | files=2440 | data= 28 | cola= 651 | prio=50 | https://asfi.gob.bo/node/461
[ASFI] t= 586.0s | pag=541 | files=2440 | data= 28 | cola= 650 | prio=50 | https://asfi.gob.bo/node/460
[ASFI] t= 586.8s | pag=542 | files=2440 | data= 28 | cola= 649 | prio=50 | https://www.asfi.gob.bo/node/1000
[ASFI] t= 587.7s | pag=543 | files=2441 | data= 28 | cola= 648 | prio=50 | https://www.asfi.gob.bo/pb/entidades-desestimadas-del-proceso-adecuacion
[ASFI] t= 588.1s | pag=544 | files=2443 | data= 28 | cola= 647 | prio=50 | https://www.asfi.gob.bo/node/1002
[ASFI] t= 588.5s | pag=545 | files=2444 | data= 28 | cola= 646 | prio=50 | https://www.asfi.gob.bo/la/siglas
[ASFI] t= 589.0s | pag=546 | files=2445 | data= 28 | cola= 645 | prio=50 | https://www.asfi.gob.bo/pb/registro-firmas-auditoria-externa-autorizadas
[ASFI] t= 589.6s | pag=547 | files=2462 | data= 28 | cola= 644 | prio=50 | https://www.asfi.gob.bo/node/1032
[ASFI] t= 590.0s | pag=548 | files=2462 | data= 28 | cola= 643 | prio=50 | https://www.asfi.gob.bo/node/1034
[ASFI] t= 590.5s | pag=549 | files=2462 | data= 28 | cola= 642 | prio=50 | https://www.asfi.gob.bo/node/1035
[ASFI] t= 591.3s | pag=550 | files=2466 | data= 28 | cola= 641 | prio=50 | https://www.asfi.gob.bo/node/473
[ASFI] t= 591.9s | pag=551 | files=2479 | data= 28 | cola= 640 | prio=50 | https://www.asfi.gob.bo/node/474
[ASFI] t= 592.7s | pag=552 | files=2481 | data= 28 | cola= 639 | prio=50 | https://www.asfi.gob.bo/node/475
[ASFI] t= 593.2s | pag=553 | files=2488 | data= 28 | cola= 638 | prio=50 | https://www.asfi.gob.bo/node/476
[ASFI] t= 594.1s | pag=554 | files=2495 | data= 28 | cola= 637 | prio=50 | https://www.asfi.gob.bo/node/477
[ASFI] t= 594.9s | pag=555 | files=2501 | data= 28 | cola= 636 | prio=50 | https://www.asfi.gob.bo/node/478
[ASFI] t= 595.5s | pag=556 | files=2511 | data= 28 | cola= 635 | prio=50 | https://www.asfi.gob.bo/node/479
[ASFI] t= 596.2s | pag=557 | files=2518 | data= 28 | cola= 634 | prio=50 | https://www.asfi.gob.bo/node/480
[ASFI] t= 596.7s | pag=558 | files=2520 | data= 28 | cola= 633 | prio=50 | https://www.asfi.gob.bo/node/481
[ASFI] t= 597.5s | pag=559 | files=2521 | data= 28 | cola= 632 | prio=50 | https://www.asfi.gob.bo/la/panamerican-safi-sa-0
[ASFI] t= 598.2s | pag=560 | files=2522 | data= 28 | cola= 631 | prio=50 | https://www.asfi.gob.bo/node/482
[ASFI] t= 598.8s | pag=561 | files=2528 | data= 28 | cola= 630 | prio=50 | https://www.asfi.gob.bo/node/483
[ASFI] t= 599.7s | pag=562 | files=2531 | data= 28 | cola= 629 | prio=50 | https://www.asfi.gob.bo/node/484
[ASFI] t= 600.5s | pag=563 | files=2535 | data= 28 | cola= 628 | prio=50 | https://www.asfi.gob.bo/node/485
[ASFI] t= 600.9s | pag=564 | files=2536 | data= 28 | cola= 627 | prio=50 | https://www.asfi.gob.bo/node/486
[ASFI] t= 601.7s | pag=565 | files=2537 | data= 28 | cola= 626 | prio=50 | https://www.asfi.gob.bo/node/487
[ASFI] t= 602.6s | pag=566 | files=2540 | data= 28 | cola= 625 | prio=50 | https://www.asfi.gob.bo/node/488
[ASFI] t= 603.0s | pag=567 | files=2543 | data= 28 | cola= 624 | prio=50 | https://www.asfi.gob.bo/node/489
[ASFI] t= 603.4s | pag=568 | files=2545 | data= 28 | cola= 623 | prio=50 | https://www.asfi.gob.bo/node/490
[ASFI] t= 604.0s | pag=569 | files=2547 | data= 28 | cola= 622 | prio=50 | https://www.asfi.gob.bo/node/491
[ASFI] t= 604.9s | pag=570 | files=2549 | data= 28 | cola= 621 | prio=50 | https://www.asfi.gob.bo/node/492
[ASFI] t= 605.6s | pag=571 | files=2551 | data= 28 | cola= 620 | prio=50 | https://www.asfi.gob.bo/node/493
[ASFI] t= 606.5s | pag=572 | files=2552 | data= 28 | cola= 619 | prio=50 | https://www.asfi.gob.bo/node/494
[ASFI] t= 607.3s | pag=573 | files=2554 | data= 28 | cola= 618 | prio=50 | https://www.asfi.gob.bo/node/495
[ASFI] t= 608.1s | pag=574 | files=2555 | data= 28 | cola= 617 | prio=50 | https://www.asfi.gob.bo/node/1373
[ASFI] t= 609.8s | pag=575 | files=2560 | data= 28 | cola= 616 | prio=50 | https://www.asfi.gob.bo/node/1037
[ASFI] t= 610.4s | pag=576 | files=2572 | data= 28 | cola= 615 | prio=50 | https://www.asfi.gob.bo/node/1038
[ASFI] t= 611.2s | pag=577 | files=2584 | data= 28 | cola= 614 | prio=50 | https://www.asfi.gob.bo/node/1039
[ASFI] t= 611.9s | pag=578 | files=2596 | data= 28 | cola= 613 | prio=50 | https://www.asfi.gob.bo/node/1040
[ASFI] t= 612.8s | pag=579 | files=2608 | data= 28 | cola= 612 | prio=50 | https://www.asfi.gob.bo/node/1041
[ASFI] t= 613.3s | pag=580 | files=2620 | data= 28 | cola= 611 | prio=50 | https://www.asfi.gob.bo/node/1042
[ASFI] t= 613.7s | pag=581 | files=2632 | data= 28 | cola= 610 | prio=50 | https://www.asfi.gob.bo/node/1043
[ASFI] t= 614.3s | pag=582 | files=2644 | data= 28 | cola= 609 | prio=50 | https://www.asfi.gob.bo/node/1044
[ASFI] t= 615.0s | pag=583 | files=2651 | data= 28 | cola= 608 | prio=50 | https://www.asfi.gob.bo/la/almaceneras-generales-deposito-2026
[ASFI] t= 622.5s | pag=584 | files=2657 | data= 28 | cola= 607 | prio=50 | https://www.asfi.gob.bo/la/entidades-arrendamiento-financiero-2026
[ASFI] t= 632.4s | pag=585 | files=2664 | data= 28 | cola= 606 | prio=50 | https://www.asfi.gob.bo/la/camaras-compensacion-y-liquidacion-2026
[ASFI] t= 641.4s | pag=586 | files=2671 | data= 28 | cola= 605 | prio=50 | https://www.asfi.gob.bo/la/buros-informacion-2026
[ASFI] t= 650.7s | pag=587 | files=2678 | data= 28 | cola= 604 | prio=50 | https://www.asfi.gob.bo/la/empresas-servicios-pago-movil-2026
[ASFI] t= 659.7s | pag=588 | files=2685 | data= 28 | cola= 603 | prio=50 | https://www.asfi.gob.bo/la/empresas-transporte-material-monetario-y-valores-2026
[ASFI] t= 670.1s | pag=589 | files=2692 | data= 29 | cola= 602 | prio=50 | https://www.asfi.gob.bo/la/empresas-administradoras-tarjetas-electronicas-2026
[ASFI] t= 680.6s | pag=590 | files=2699 | data= 29 | cola= 601 | prio=50 | https://www.asfi.gob.bo/la/empresas-giros-y-remesas-dinero-2026
[ASFI] t= 689.8s | pag=591 | files=2705 | data= 29 | cola= 600 | prio=50 | https://www.asfi.gob.bo/node/600
[ASFI] t= 705.1s | pag=592 | files=2717 | data= 29 | cola= 599 | prio=50 | https://www.asfi.gob.bo/node/603
[ASFI] t= 720.1s | pag=593 | files=2729 | data= 29 | cola= 598 | prio=50 | https://www.asfi.gob.bo/node/604
[ASFI] t= 736.7s | pag=594 | files=2741 | data= 29 | cola= 597 | prio=50 | https://www.asfi.gob.bo/node/606
[ASFI] t= 751.4s | pag=595 | files=2753 | data= 29 | cola= 596 | prio=50 | https://www.asfi.gob.bo/node/608
[ASFI] t= 768.8s | pag=596 | files=2765 | data= 29 | cola= 595 | prio=50 | https://www.asfi.gob.bo/node/610
[ASFI] t= 784.4s | pag=597 | files=2777 | data= 30 | cola= 594 | prio=50 | https://www.asfi.gob.bo/node/612
[ASFI] t= 801.3s | pag=598 | files=2789 | data= 30 | cola= 593 | prio=50 | https://www.asfi.gob.bo/node/613
[ASFI] t= 816.9s | pag=599 | files=2801 | data= 30 | cola= 592 | prio=50 | https://www.asfi.gob.bo/node/616
[ASFI] t= 817.7s | pag=600 | files=2813 | data= 30 | cola= 591 | prio=50 | https://www.asfi.gob.bo/node/617
[ASFI] t= 818.3s | pag=601 | files=2825 | data= 30 | cola= 590 | prio=50 | https://www.asfi.gob.bo/node/618
[ASFI] t= 819.1s | pag=602 | files=2837 | data= 30 | cola= 589 | prio=50 | https://www.asfi.gob.bo/node/620
[ASFI] t= 819.9s | pag=603 | files=2848 | data= 30 | cola= 588 | prio=50 | https://www.asfi.gob.bo/node/621
[ASFI] t= 820.8s | pag=604 | files=2860 | data= 30 | cola= 587 | prio=50 | https://www.asfi.gob.bo/node/622
[ASFI] t= 821.1s | pag=605 | files=2872 | data= 31 | cola= 586 | prio=50 | https://www.asfi.gob.bo/node/623
[ASFI] t= 821.6s | pag=606 | files=2884 | data= 31 | cola= 585 | prio=50 | https://www.asfi.gob.bo/node/624
[ASFI] t= 822.5s | pag=607 | files=2896 | data= 31 | cola= 584 | prio=50 | https://www.asfi.gob.bo/node/626
[ASFI] t= 823.0s | pag=608 | files=2908 | data= 31 | cola= 583 | prio=50 | https://www.asfi.gob.bo/node/627
[ASFI] t= 823.5s | pag=609 | files=2920 | data= 31 | cola= 582 | prio=50 | https://www.asfi.gob.bo/node/628
[ASFI] t= 823.9s | pag=610 | files=2932 | data= 31 | cola= 581 | prio=50 | https://www.asfi.gob.bo/node/629
[ASFI] t= 824.4s | pag=611 | files=2944 | data= 31 | cola= 580 | prio=50 | https://www.asfi.gob.bo/node/630
[ASFI] t= 825.4s | pag=612 | files=2956 | data= 31 | cola= 579 | prio=50 | https://www.asfi.gob.bo/node/631
[ASFI] t= 826.2s | pag=613 | files=2968 | data= 32 | cola= 578 | prio=50 | https://www.asfi.gob.bo/node/632
[ASFI] t= 827.0s | pag=614 | files=2980 | data= 32 | cola= 577 | prio=50 | https://www.asfi.gob.bo/node/633
[ASFI] t= 827.8s | pag=615 | files=2992 | data= 32 | cola= 576 | prio=50 | https://www.asfi.gob.bo/node/634
[ASFI] t= 828.8s | pag=616 | files=3004 | data= 32 | cola= 575 | prio=50 | https://www.asfi.gob.bo/node/635
[ASFI] t= 829.6s | pag=617 | files=3016 | data= 32 | cola= 574 | prio=50 | https://www.asfi.gob.bo/node/636
[ASFI] t= 830.2s | pag=618 | files=3028 | data= 32 | cola= 573 | prio=50 | https://www.asfi.gob.bo/node/637
[ASFI] t= 830.9s | pag=619 | files=3040 | data= 32 | cola= 572 | prio=50 | https://www.asfi.gob.bo/node/638
[ASFI] t= 831.7s | pag=620 | files=3052 | data= 32 | cola= 571 | prio=50 | https://www.asfi.gob.bo/node/639
[ASFI] t= 832.2s | pag=621 | files=3064 | data= 33 | cola= 570 | prio=50 | https://www.asfi.gob.bo/node/640
[ASFI] t= 832.6s | pag=622 | files=3076 | data= 33 | cola= 569 | prio=50 | https://www.asfi.gob.bo/node/641
[ASFI] t= 833.3s | pag=623 | files=3088 | data= 33 | cola= 568 | prio=50 | https://www.asfi.gob.bo/node/642
[ASFI] t= 833.8s | pag=624 | files=3100 | data= 33 | cola= 567 | prio=50 | https://www.asfi.gob.bo/node/643
[ASFI] t= 834.3s | pag=625 | files=3112 | data= 33 | cola= 566 | prio=50 | https://www.asfi.gob.bo/node/644
[ASFI] t= 835.2s | pag=626 | files=3124 | data= 33 | cola= 565 | prio=50 | https://www.asfi.gob.bo/node/645
[ASFI] t= 835.9s | pag=627 | files=3136 | data= 33 | cola= 564 | prio=50 | https://www.asfi.gob.bo/node/646
[ASFI] t= 836.3s | pag=628 | files=3148 | data= 33 | cola= 563 | prio=50 | https://www.asfi.gob.bo/node/647
[ASFI] t= 836.7s | pag=629 | files=3160 | data= 34 | cola= 562 | prio=50 | https://www.asfi.gob.bo/node/648
[ASFI] t= 837.4s | pag=630 | files=3172 | data= 34 | cola= 561 | prio=50 | https://www.asfi.gob.bo/node/649
[ASFI] t= 837.7s | pag=631 | files=3184 | data= 34 | cola= 560 | prio=50 | https://www.asfi.gob.bo/node/650
[ASFI] t= 838.4s | pag=632 | files=3196 | data= 34 | cola= 559 | prio=50 | https://www.asfi.gob.bo/node/651
[ASFI] t= 838.8s | pag=633 | files=3208 | data= 34 | cola= 558 | prio=50 | https://www.asfi.gob.bo/node/652
[ASFI] t= 839.4s | pag=634 | files=3220 | data= 34 | cola= 557 | prio=50 | https://www.asfi.gob.bo/node/653
[ASFI] t= 840.2s | pag=635 | files=3232 | data= 34 | cola= 556 | prio=50 | https://www.asfi.gob.bo/node/654
[ASFI] t= 840.9s | pag=636 | files=3244 | data= 34 | cola= 555 | prio=50 | https://www.asfi.gob.bo/node/655
[ASFI] t= 841.4s | pag=637 | files=3256 | data= 35 | cola= 554 | prio=50 | https://www.asfi.gob.bo/node/656
[ASFI] t= 842.4s | pag=638 | files=3268 | data= 35 | cola= 553 | prio=50 | https://www.asfi.gob.bo/node/657
[ASFI] t= 842.9s | pag=639 | files=3280 | data= 35 | cola= 552 | prio=50 | https://www.asfi.gob.bo/la/almaceneras-generales-deposito-2019
[ASFI] t= 859.6s | pag=640 | files=3292 | data= 35 | cola= 551 | prio=50 | https://www.asfi.gob.bo/la/entidades-arrendamiento-financiero-2019
[ASFI] t= 876.0s | pag=641 | files=3304 | data= 35 | cola= 550 | prio=50 | https://www.asfi.gob.bo/la/camaras-compensacion-y-liquidacion-2019
[ASFI] t= 890.1s | pag=642 | files=3316 | data= 35 | cola= 549 | prio=50 | https://www.asfi.gob.bo/la/buros-informacion-2019
[ASFI] t= 904.6s | pag=643 | files=3328 | data= 35 | cola= 548 | prio=50 | https://www.asfi.gob.bo/la/empresas-servicios-pago-movil-2019
[ASFI] t= 921.9s | pag=644 | files=3340 | data= 35 | cola= 547 | prio=50 | https://www.asfi.gob.bo/la/empresas-transporte-material-monetario-y-valores-2019
[ASFI] t= 939.1s | pag=645 | files=3352 | data= 36 | cola= 546 | prio=50 | https://www.asfi.gob.bo/la/empresas-administradoras-tarjetas-electronicas-2019
[ASFI] t= 954.2s | pag=646 | files=3363 | data= 36 | cola= 545 | prio=50 | https://www.asfi.gob.bo/la/empresas-giros-y-remesas-dinero-2019
[ASFI] t= 974.0s | pag=647 | files=3375 | data= 36 | cola= 544 | prio=50 | https://www.asfi.gob.bo/la/almaceneras-generales-deposito-2018
[ASFI] t= 989.4s | pag=648 | files=3387 | data= 36 | cola= 543 | prio=50 | https://www.asfi.gob.bo/la/entidades-arrendamiento-financiero-2018
[ASFI] t=1006.1s | pag=649 | files=3399 | data= 36 | cola= 542 | prio=50 | https://www.asfi.gob.bo/la/camaras-compensacion-y-liquidacion-2018
[ASFI] t=1021.9s | pag=650 | files=3411 | data= 36 | cola= 541 | prio=50 | https://www.asfi.gob.bo/la/buros-informacion-2018
[ASFI] t=1037.2s | pag=651 | files=3423 | data= 36 | cola= 540 | prio=50 | https://www.asfi.gob.bo/la/empresas-servicios-pago-movil-2018
[ASFI] t=1052.0s | pag=652 | files=3435 | data= 36 | cola= 539 | prio=50 | https://www.asfi.gob.bo/la/empresas-transporte-material-monetario-y-valores-2018
[ASFI] t=1066.5s | pag=653 | files=3447 | data= 37 | cola= 538 | prio=50 | https://www.asfi.gob.bo/la/empresas-administradoras-tarjetas-electronicas-2018
[ASFI] t=1082.9s | pag=654 | files=3459 | data= 37 | cola= 537 | prio=50 | https://www.asfi.gob.bo/la/almaceneras-generales-deposito-2017
[ASFI] t=1097.8s | pag=655 | files=3471 | data= 37 | cola= 536 | prio=50 | https://www.asfi.gob.bo/la/entidades-arrendamiento-financiero-2017
[ASFI] t=1115.9s | pag=656 | files=3483 | data= 37 | cola= 535 | prio=50 | https://www.asfi.gob.bo/la/camaras-compensacion-y-liquidacion-2017
[ASFI] t=1130.9s | pag=657 | files=3495 | data= 37 | cola= 534 | prio=50 | https://www.asfi.gob.bo/la/buros-informacion-2017
[ASFI] t=1147.7s | pag=658 | files=3507 | data= 37 | cola= 533 | prio=50 | https://www.asfi.gob.bo/la/empresas-servicios-pago-movil-2017
[ASFI] t=1162.1s | pag=659 | files=3519 | data= 37 | cola= 532 | prio=50 | https://www.asfi.gob.bo/la/empresas-transporte-material-monetario-y-valores-2017
[ASFI] t=1177.6s | pag=660 | files=3531 | data= 38 | cola= 531 | prio=50 | https://www.asfi.gob.bo/la/empresas-administradoras-tarjetas-electronicas-2017
[ASFI] t=1195.8s | pag=661 | files=3543 | data= 38 | cola= 530 | prio=50 | https://www.asfi.gob.bo/la/almaceneras-generales-deposito-2016
[ASFI] t=1211.6s | pag=662 | files=3555 | data= 38 | cola= 529 | prio=50 | https://www.asfi.gob.bo/la/entidades-arrendamiento-financiero-2016
[ASFI] t=1227.8s | pag=663 | files=3567 | data= 38 | cola= 528 | prio=50 | https://www.asfi.gob.bo/la/camaras-compensacion-y-liquidacion-2016
[ASFI] t=1244.0s | pag=664 | files=3579 | data= 38 | cola= 527 | prio=50 | https://www.asfi.gob.bo/la/buros-informacion-2016
[ASFI] t=1259.4s | pag=665 | files=3591 | data= 38 | cola= 526 | prio=50 | https://www.asfi.gob.bo/la/empresas-servicios-pago-movil-2016
[ASFI] t=1276.8s | pag=666 | files=3603 | data= 38 | cola= 525 | prio=50 | https://www.asfi.gob.bo/la/empresas-transporte-material-monetario-y-valores-2016
[ASFI] t=1292.3s | pag=667 | files=3615 | data= 39 | cola= 524 | prio=50 | https://www.asfi.gob.bo/la/empresas-administradoras-tarjetas-electronicas-2016
[ASFI] t=1294.3s | pag=668 | files=3616 | data= 39 | cola= 523 | prio=50 | https://www.asfi.gob.bo/la/almaceneras-generales-deposito-2015
[ASFI] t=1309.0s | pag=669 | files=3627 | data= 39 | cola= 522 | prio=50 | https://www.asfi.gob.bo/la/entidades-arrendamiento-financiero-2015
[ASFI] t=1322.0s | pag=670 | files=3638 | data= 39 | cola= 521 | prio=50 | https://www.asfi.gob.bo/la/camaras-compensacion-y-liquidacion-2015
[ASFI] t=1335.4s | pag=671 | files=3647 | data= 39 | cola= 520 | prio=50 | https://www.asfi.gob.bo/la/buros-informacion-2015
[ASFI] t=1351.4s | pag=672 | files=3659 | data= 39 | cola= 519 | prio=50 | https://www.asfi.gob.bo/la/empresas-servicios-pago-movil-2015
[ASFI] t=1366.8s | pag=673 | files=3671 | data= 39 | cola= 518 | prio=50 | https://www.asfi.gob.bo/la/empresas-transporte-material-monetario-y-valores-2015
[ASFI] t=1371.9s | pag=674 | files=3674 | data= 40 | cola= 517 | prio=50 | https://barometro.asfi.gob.bo/articles
[ASFI] t=1372.7s | pag=675 | files=3674 | data= 40 | cola= 519 | prio=10 | https://barometro.asfi.gob.bo/articles/20260518-cuentas-deposito-bolivia
[ASFI] t=1373.5s | pag=676 | files=3674 | data= 40 | cola= 518 | prio=10 | https://barometro.asfi.gob.bo/articles/20260430-banca-digital-bolivia
[ASFI] t=1373.9s | pag=677 | files=3674 | data= 40 | cola= 517 | prio=50 | https://barometro.asfi.gob.bo/estudios
[ASFI] t=1374.7s | pag=678 | files=3674 | data= 40 | cola= 517 | prio=50 | https://barometro.asfi.gob.bo/encuesta-nacional
[ASFI] t=1375.3s | pag=679 | files=3674 | data= 40 | cola= 516 | prio=50 | https://barometro.asfi.gob.bo/suscripciones
[ASFI] t=1376.1s | pag=680 | files=3674 | data= 40 | cola= 515 | prio=50 | https://barometro.asfi.gob.bo/articles/20260630-billeteras-moviles-bolivia
[ASFI] t=1376.8s | pag=681 | files=3674 | data= 40 | cola= 514 | prio=50 | https://barometro.asfi.gob.bo/articles/20260616-experiencia-banca-digital
[ASFI] t=1377.7s | pag=682 | files=3674 | data= 40 | cola= 513 | prio=50 | https://correspondencia-digital.asfi.gob.bo/formulario-envio-documento-digital
[ASFI] t=1378.6s | pag=683 | files=3674 | data= 40 | cola= 512 | prio=50 | https://www.asfi.gob.bo/node/1066
[ASFI] t=1379.6s | pag=684 | files=3675 | data= 40 | cola= 511 | prio=50 | https://www.asfi.gob.bo/node/1067
[ASFI] t=1380.2s | pag=685 | files=3676 | data= 40 | cola= 510 | prio=50 | https://www.asfi.gob.bo/ei/banco-central-bolivia
[ASFI] t=1381.1s | pag=686 | files=3676 | data= 40 | cola= 509 | prio=50 | https://www.asfi.gob.bo/ei/ministerio-economia-y-finanzas
[ASFI] t=1381.5s | pag=687 | files=3676 | data= 40 | cola= 508 | prio=50 | https://www.asfi.gob.bo/la/cd-gestion-2026
[ASFI] t=1390.7s | pag=688 | files=3683 | data= 40 | cola= 507 | prio=50 | https://www.asfi.gob.bo/node/1012
[ASFI] t=1407.1s | pag=689 | files=3695 | data= 40 | cola= 506 | prio=50 | https://www.asfi.gob.bo/node/1013
[ASFI] t=1421.8s | pag=690 | files=3707 | data= 40 | cola= 505 | prio=50 | https://www.asfi.gob.bo/node/1014
[ASFI] t=1438.0s | pag=691 | files=3719 | data= 40 | cola= 504 | prio=50 | https://www.asfi.gob.bo/node/1015
[ASFI] t=1455.4s | pag=692 | files=3731 | data= 40 | cola= 503 | prio=50 | https://www.asfi.gob.bo/node/1016
[ASFI] t=1472.5s | pag=693 | files=3743 | data= 40 | cola= 502 | prio=50 | https://www.asfi.gob.bo/node/1017
[ASFI] t=1488.1s | pag=694 | files=3755 | data= 40 | cola= 501 | prio=50 | https://www.asfi.gob.bo/node/1018
[ASFI] t=1503.6s | pag=695 | files=3767 | data= 40 | cola= 500 | prio=50 | https://www.asfi.gob.bo/node/1019
[ASFI] t=1520.8s | pag=696 | files=3779 | data= 40 | cola= 499 | prio=50 | https://www.asfi.gob.bo/node/1020
[ASFI] t=1537.7s | pag=697 | files=3791 | data= 40 | cola= 498 | prio=50 | https://www.asfi.gob.bo/node/1021
[ASFI] t=1554.2s | pag=698 | files=3803 | data= 40 | cola= 497 | prio=50 | https://www.asfi.gob.bo/node/1022
[ASFI] t=1570.9s | pag=699 | files=3815 | data= 40 | cola= 496 | prio=50 | https://www.asfi.gob.bo/node/1023
[ASFI] t=1587.5s | pag=700 | files=3827 | data= 40 | cola= 495 | prio=50 | https://www.asfi.gob.bo/node/1024
[ASFI] t=1604.9s | pag=701 | files=3839 | data= 40 | cola= 494 | prio=50 | https://www.asfi.gob.bo/node/1025
[ASFI] t=1620.8s | pag=702 | files=3851 | data= 40 | cola= 493 | prio=50 | https://www.asfi.gob.bo/node/1026
[ASFI] t=1637.4s | pag=703 | files=3863 | data= 40 | cola= 492 | prio=50 | https://www.asfi.gob.bo/la/programa-pagares-2026
[ASFI] t=1638.3s | pag=704 | files=3868 | data= 40 | cola= 491 | prio=50 | https://www.asfi.gob.bo/node/513
[ASFI] t=1639.0s | pag=705 | files=3884 | data= 40 | cola= 490 | prio=50 | https://www.asfi.gob.bo/node/518
[ASFI] t=1639.4s | pag=706 | files=3893 | data= 40 | cola= 489 | prio=50 | https://www.asfi.gob.bo/node/523
[ASFI] t=1640.5s | pag=707 | files=3898 | data= 40 | cola= 488 | prio=50 | https://www.asfi.gob.bo/node/528
[ASFI] t=1641.3s | pag=708 | files=3902 | data= 40 | cola= 487 | prio=50 | https://www.asfi.gob.bo/node/533
[ASFI] t=1642.0s | pag=709 | files=3907 | data= 40 | cola= 486 | prio=50 | https://www.asfi.gob.bo/node/538
[ASFI] t=1643.1s | pag=710 | files=3911 | data= 40 | cola= 485 | prio=50 | https://www.asfi.gob.bo/node/543
[ASFI] t=1643.8s | pag=711 | files=3913 | data= 40 | cola= 484 | prio=50 | https://www.asfi.gob.bo/node/548
[ASFI] t=1644.5s | pag=712 | files=3914 | data= 40 | cola= 483 | prio=50 | https://www.asfi.gob.bo/node/553
[ASFI] t=1645.2s | pag=713 | files=3917 | data= 40 | cola= 482 | prio=50 | https://www.asfi.gob.bo/node/558
[ASFI] t=1645.8s | pag=714 | files=3917 | data= 40 | cola= 481 | prio=50 | https://www.asfi.gob.bo/node/563
[ASFI] t=1646.3s | pag=715 | files=3919 | data= 40 | cola= 480 | prio=50 | https://www.asfi.gob.bo/node/568
[ASFI] t=1647.3s | pag=716 | files=3920 | data= 40 | cola= 479 | prio=50 | https://www.asfi.gob.bo/node/573
[ASFI] t=1648.1s | pag=717 | files=3925 | data= 40 | cola= 478 | prio=50 | https://www.asfi.gob.bo/node/578
[ASFI] t=1648.7s | pag=718 | files=3926 | data= 40 | cola= 477 | prio=50 | https://www.asfi.gob.bo/node/583
[ASFI] t=1649.6s | pag=719 | files=3931 | data= 40 | cola= 476 | prio=50 | https://www.asfi.gob.bo/node/588
[ASFI] t=1650.2s | pag=720 | files=3937 | data= 40 | cola= 475 | prio=50 | https://www.asfi.gob.bo/la/entidades-segundo-piso-gestion-2015
[ASFI] t=1651.0s | pag=721 | files=3937 | data= 40 | cola= 474 | prio=50 | https://www.asfi.gob.bo/la/entidades-segundo-piso-gestion-2014
[ASFI] t=1651.9s | pag=722 | files=3937 | data= 40 | cola= 473 | prio=50 | https://www.asfi.gob.bo/la/estados-financieros-resumidos-gestion-2025
[ASFI] t=1664.4s | pag=723 | files=3947 | data= 40 | cola= 472 | prio=50 | https://www.asfi.gob.bo/la/estados-financieros-resumidos-gestion-2024
[ASFI] t=1665.3s | pag=724 | files=3959 | data= 40 | cola= 471 | prio=50 | https://www.asfi.gob.bo/la/estados-financieros-resumidos-gestion-2023
[ASFI] t=1665.7s | pag=725 | files=3971 | data= 40 | cola= 470 | prio=50 | https://www.asfi.gob.bo/la/estados-financieros-resumidos-gestion-2022
[ASFI] t=1666.7s | pag=726 | files=3983 | data= 40 | cola= 469 | prio=50 | https://www.asfi.gob.bo/la/estados-financieros-resumidos-gestion-2021
[ASFI] t=1667.7s | pag=727 | files=3995 | data= 40 | cola= 468 | prio=50 | https://www.asfi.gob.bo/la/estados-financieros-resumidos-gestion-2020
[ASFI] t=1668.3s | pag=728 | files=4007 | data= 40 | cola= 467 | prio=50 | https://www.asfi.gob.bo/la/estados-financieros-resumidos-gestion-2019
[ASFI] t=1668.9s | pag=729 | files=4019 | data= 40 | cola= 466 | prio=50 | https://www.asfi.gob.bo/la/estados-financieros-resumidos-gestion-2018
[ASFI] t=1669.9s | pag=730 | files=4031 | data= 40 | cola= 465 | prio=50 | https://www.asfi.gob.bo/la/estados-financieros-resumidos-gestion-2017
[ASFI] t=1670.9s | pag=731 | files=4043 | data= 40 | cola= 464 | prio=50 | https://www.asfi.gob.bo/la/estados-financieros-resumidos-gestion-2016
[ASFI] t=1671.5s | pag=732 | files=4055 | data= 40 | cola= 463 | prio=50 | https://www.asfi.gob.bo/la/estados-financieros-resumidos-gestion-2015
[ASFI] t=1671.9s | pag=733 | files=4058 | data= 40 | cola= 462 | prio=50 | https://www.asfi.gob.bo/la/banco-central-estados-financieros-2023
[ASFI] t=1672.6s | pag=734 | files=4059 | data= 40 | cola= 461 | prio=50 | https://www.asfi.gob.bo/la/banco-central-estados-financieros-2022
[ASFI] t=1673.6s | pag=735 | files=4071 | data= 40 | cola= 460 | prio=50 | https://www.asfi.gob.bo/la/banco-central-estados-financieros-2021
[ASFI] t=1674.4s | pag=736 | files=4083 | data= 40 | cola= 459 | prio=50 | https://www.asfi.gob.bo/la/banco-central-estados-financieros-2020
[ASFI] t=1675.1s | pag=737 | files=4095 | data= 40 | cola= 458 | prio=50 | https://www.asfi.gob.bo/la/banco-central-estados-financieros-2019
[ASFI] t=1676.0s | pag=738 | files=4107 | data= 40 | cola= 457 | prio=50 | https://www.asfi.gob.bo/la/banco-central-estados-financieros-2018
[ASFI] t=1676.6s | pag=739 | files=4119 | data= 40 | cola= 456 | prio=50 | https://www.asfi.gob.bo/la/banco-central-estados-financieros-2017
[ASFI] t=1677.5s | pag=740 | files=4131 | data= 40 | cola= 455 | prio=50 | https://www.asfi.gob.bo/la/banco-central-estados-financieros-2016
[ASFI] t=1678.3s | pag=741 | files=4143 | data= 40 | cola= 454 | prio=50 | https://www.asfi.gob.bo/la/banco-central-estados-financieros-2015
[ASFI] t=1679.3s | pag=742 | files=4155 | data= 40 | cola= 453 | prio=50 | https://www.asfi.gob.bo/la/banco-central-estados-financieros-2014
[ASFI] t=1679.9s | pag=743 | files=4167 | data= 40 | cola= 452 | prio=50 | https://www.asfi.gob.bo/la/banco-central-estados-financieros-2013
[ASFI] t=1680.6s | pag=744 | files=4179 | data= 40 | cola= 451 | prio=50 | https://www.asfi.gob.bo/la/fogavisp-fogacp-y-fogagre-2026
[ASFI] t=1685.5s | pag=745 | files=4182 | data= 40 | cola= 450 | prio=50 | https://www.asfi.gob.bo/la/fogavisp-fogacp-y-fogagre-2025
[ASFI] t=1701.5s | pag=746 | files=4194 | data= 40 | cola= 449 | prio=50 | https://www.asfi.gob.bo/la/fogavisp-fogacp-y-fogagre-2024
[ASFI] t=1702.1s | pag=747 | files=4206 | data= 40 | cola= 448 | prio=50 | https://www.asfi.gob.bo/la/fogavisp-fogacp-y-fogagre-2023
[ASFI] t=1703.2s | pag=748 | files=4218 | data= 40 | cola= 447 | prio=50 | https://www.asfi.gob.bo/la/fogavisp-fogacp-y-fogagre-2022
[ASFI] t=1703.7s | pag=749 | files=4230 | data= 40 | cola= 446 | prio=50 | https://www.asfi.gob.bo/la/fogavisp-fogacp-y-fogagre-2021
[ASFI] t=1704.4s | pag=750 | files=4242 | data= 40 | cola= 445 | prio=50 | https://www.asfi.gob.bo/la/fogavisp-fogacp-y-fogagre-2020
[ASFI] t=1705.0s | pag=751 | files=4254 | data= 40 | cola= 444 | prio=50 | https://www.asfi.gob.bo/la/fogavisp-fogacp-y-fogagre-2019
[ASFI] t=1705.9s | pag=752 | files=4266 | data= 40 | cola= 443 | prio=50 | https://www.asfi.gob.bo/la/fogavisp-fogacp-y-fogagre-2018
[ASFI] t=1707.0s | pag=753 | files=4269 | data= 40 | cola= 442 | prio=50 | https://asfi.gob.bo//node/1402
[ASFI] t=1707.7s | pag=754 | files=4269 | data= 40 | cola= 441 | prio=50 | https://asfi.gob.bo//node/1394
[ASFI] t=1708.4s | pag=755 | files=4269 | data= 40 | cola= 440 | prio=50 | https://asfi.gob.bo//node/1393
[ASFI] t=1709.2s | pag=756 | files=4269 | data= 40 | cola= 439 | prio=50 | https://asfi.gob.bo/node/1065
[ASFI] t=1709.9s | pag=757 | files=4269 | data= 40 | cola= 440 | prio=50 | https://asfi.gob.bo/node/949
[ASFI] t=1710.5s | pag=758 | files=4299 | data= 40 | cola= 439 | prio=50 | https://asfi.gob.bo/node/1070
[ASFI] t=1711.1s | pag=759 | files=4301 | data= 40 | cola= 438 | prio=50 | https://asfi.gob.bo/node/1071
[ASFI] t=1711.8s | pag=760 | files=4302 | data= 40 | cola= 437 | prio=50 | https://asfi.gob.bo/node/1068
[ASFI] t=1712.1s | pag=761 | files=4303 | data= 40 | cola= 436 | prio=50 | https://asfi.gob.bo/node/1069
[ASFI] t=1712.6s | pag=762 | files=4304 | data= 40 | cola= 435 | prio=50 | https://asfi.gob.bo/enlaces-de-interes
[ASFI] t=1713.5s | pag=763 | files=4304 | data= 40 | cola= 438 | prio=10 | https://asfi.gob.bo/ei/plataforma-reporta-tu-tranca
[ASFI] t=1714.2s | pag=764 | files=4304 | data= 40 | cola= 437 | prio=10 | https://asfi.gob.bo/ei/unidad-investigaciones-financieras
[ASFI] t=1714.8s | pag=765 | files=4304 | data= 40 | cola= 436 | prio=50 | https://asfi.gob.bo//pagina-poa?field_tipos_poa_value=poa_institucional
[ASFI] t=1715.3s | pag=766 | files=4304 | data= 40 | cola= 435 | prio=50 | https://asfi.gob.bo//pagina-poa?field_tipos_poa_value=poa_por_unidad_organizacional
[ASFI] t=1716.2s | pag=767 | files=4304 | data= 40 | cola= 434 | prio=50 | https://asfi.gob.bo//node/1368
[ASFI] t=1717.1s | pag=768 | files=4304 | data= 40 | cola= 433 | prio=50 | https://asfi.gob.bo//node/1367
[ASFI] t=1717.8s | pag=769 | files=4304 | data= 40 | cola= 432 | prio=50 | https://asfi.gob.bo//node/1365
[ASFI] t=1718.4s | pag=770 | files=4304 | data= 40 | cola= 431 | prio=50 | https://asfi.gob.bo//node/1362
[ASFI] t=1719.4s | pag=771 | files=4304 | data= 40 | cola= 430 | prio=50 | https://asfi.gob.bo//node/1348
[ASFI] t=1719.9s | pag=772 | files=4304 | data= 40 | cola= 429 | prio=50 | https://asfi.gob.bo//node/1347
[ASFI] t=1720.6s | pag=773 | files=4304 | data= 40 | cola= 428 | prio=50 | https://asfi.gob.bo//node/1322
[ASFI] t=1721.4s | pag=774 | files=4304 | data= 40 | cola= 427 | prio=50 | https://asfi.gob.bo//node/1299
[ASFI] t=1721.9s | pag=775 | files=4304 | data= 40 | cola= 426 | prio=50 | https://asfi.gob.bo//node/1298
[ASFI] t=1723.0s | pag=776 | files=4304 | data= 40 | cola= 425 | prio=50 | https://asfi.gob.bo//node/1296
[ASFI] t=1723.9s | pag=777 | files=4304 | data= 40 | cola= 424 | prio=50 | https://asfi.gob.bo//node/1180
[ASFI] t=1724.6s | pag=778 | files=4304 | data= 40 | cola= 423 | prio=50 | https://asfi.gob.bo//node/1179
[ASFI] t=1725.4s | pag=779 | files=4304 | data= 40 | cola= 422 | prio=50 | https://asfi.gob.bo//node/1178
[ASFI] t=1726.4s | pag=780 | files=4304 | data= 40 | cola= 421 | prio=50 | https://asfi.gob.bo//node/1177
[ASFI] t=1727.3s | pag=781 | files=4304 | data= 40 | cola= 420 | prio=50 | https://asfi.gob.bo//node/1176
[ASFI] t=1728.3s | pag=782 | files=4304 | data= 40 | cola= 419 | prio=50 | https://asfi.gob.bo//node/1175
[ASFI] t=1729.1s | pag=783 | files=4304 | data= 40 | cola= 418 | prio=50 | https://asfi.gob.bo//node/857
[ASFI] t=1729.6s | pag=784 | files=4304 | data= 40 | cola= 417 | prio=50 | https://asfi.gob.bo//node/59
[ASFI] t=1730.6s | pag=785 | files=4304 | data= 40 | cola= 416 | prio=50 | https://asfi.gob.bo//node/58
[ASFI] t=1731.5s | pag=786 | files=4304 | data= 40 | cola= 415 | prio=50 | https://asfi.gob.bo//node/50
[ASFI] t=1732.2s | pag=787 | files=4304 | data= 40 | cola= 414 | prio=50 | https://asfi.gob.bo//node/49
[ASFI] t=1733.2s | pag=788 | files=4304 | data= 40 | cola= 413 | prio=50 | https://asfi.gob.bo//node/24
[ASFI] t=1733.8s | pag=789 | files=4304 | data= 40 | cola= 412 | prio=50 | https://asfi.gob.bo/pagina-de-banco-de-trabajo-de-investigacion
[ASFI] t=1734.8s | pag=790 | files=4313 | data= 40 | cola= 412 | prio=40 | https://asfi.gob.bo/pagina-de-banco-de-trabajo-de-investigacion?page=1
[ASFI] t=1735.5s | pag=791 | files=4318 | data= 40 | cola= 412 | prio=40 | https://asfi.gob.bo/pagina-de-banco-de-trabajo-de-investigacion?page=0
[ASFI] t=1736.2s | pag=792 | files=4318 | data= 40 | cola= 411 | prio=50 | https://asfi.gob.bo/node/31
[ASFI] t=1736.6s | pag=793 | files=4318 | data= 40 | cola= 410 | prio=50 | https://asfi.gob.bo/node/401
[ASFI] t=1737.0s | pag=794 | files=4318 | data= 40 | cola= 409 | prio=50 | https://asfi.gob.bo/pb/leyes-referidas-servicios-financieros
[ASFI] t=1737.8s | pag=795 | files=4349 | data= 40 | cola= 408 | prio=50 | https://asfi.gob.bo/pb/decretos-supremos-referidos-servicios-financieros
[ASFI] t=1739.5s | pag=796 | files=4451 | data= 40 | cola= 407 | prio=50 | https://asfi.gob.bo/node/953
[ASFI] t=1740.3s | pag=797 | files=4453 | data= 41 | cola= 406 | prio=50 | https://asfi.gob.bo/node/954
[ASFI] t=1742.2s | pag=798 | files=4459 | data= 42 | cola= 405 | prio=50 | https://asfi.gob.bo/node/955
[ASFI] t=1742.7s | pag=798 | files=4459 | data= 42 | cola= 404 | prio=50 | https://asfi.gob.bo/node/956
[ASFI] t=1743.7s | pag=799 | files=4461 | data= 42 | cola= 403 | prio=50 | https://asfi.gob.bo/node/1000
[ASFI] t=1744.3s | pag=800 | files=4462 | data= 42 | cola= 402 | prio=50 | https://asfi.gob.bo/pb/entidades-desestimadas-del-proceso-adecuacion
[ASFI] t=1744.8s | pag=801 | files=4462 | data= 42 | cola= 401 | prio=50 | https://asfi.gob.bo/node/1002
[ASFI] t=1745.9s | pag=802 | files=4463 | data= 42 | cola= 400 | prio=50 | https://asfi.gob.bo/la/siglas
[ASFI] t=1746.8s | pag=803 | files=4464 | data= 42 | cola= 399 | prio=50 | https://asfi.gob.bo/pb/registro-firmas-auditoria-externa-autorizadas
[ASFI] t=1747.7s | pag=804 | files=4464 | data= 42 | cola= 398 | prio=50 | https://asfi.gob.bo/node/1032
[ASFI] t=1748.2s | pag=805 | files=4464 | data= 42 | cola= 397 | prio=50 | https://asfi.gob.bo/node/1034
[ASFI] t=1748.8s | pag=806 | files=4464 | data= 42 | cola= 396 | prio=50 | https://asfi.gob.bo/node/1035
[ASFI] t=1749.5s | pag=807 | files=4468 | data= 42 | cola= 395 | prio=50 | https://asfi.gob.bo/node/473
[ASFI] t=1750.4s | pag=808 | files=4481 | data= 42 | cola= 394 | prio=50 | https://asfi.gob.bo/node/474
[ASFI] t=1751.4s | pag=809 | files=4483 | data= 42 | cola= 393 | prio=50 | https://asfi.gob.bo/node/475
[ASFI] t=1752.1s | pag=810 | files=4490 | data= 42 | cola= 392 | prio=50 | https://asfi.gob.bo/node/476
[ASFI] t=1753.0s | pag=811 | files=4497 | data= 42 | cola= 391 | prio=50 | https://asfi.gob.bo/node/477
[ASFI] t=1753.7s | pag=812 | files=4503 | data= 42 | cola= 390 | prio=50 | https://asfi.gob.bo/node/478
[ASFI] t=1754.6s | pag=813 | files=4513 | data= 42 | cola= 389 | prio=50 | https://asfi.gob.bo/node/479
[ASFI] t=1755.4s | pag=814 | files=4520 | data= 42 | cola= 388 | prio=50 | https://asfi.gob.bo/node/480
[ASFI] t=1756.0s | pag=815 | files=4522 | data= 42 | cola= 387 | prio=50 | https://asfi.gob.bo/node/481
[ASFI] t=1757.0s | pag=816 | files=4523 | data= 42 | cola= 386 | prio=50 | https://asfi.gob.bo/node/482
[ASFI] t=1757.8s | pag=817 | files=4529 | data= 42 | cola= 385 | prio=50 | https://asfi.gob.bo/node/483
[ASFI] t=1758.6s | pag=818 | files=4532 | data= 42 | cola= 384 | prio=50 | https://asfi.gob.bo/node/484
[ASFI] t=1759.6s | pag=819 | files=4536 | data= 42 | cola= 383 | prio=50 | https://asfi.gob.bo/node/485
[ASFI] t=1760.5s | pag=820 | files=4537 | data= 42 | cola= 382 | prio=50 | https://asfi.gob.bo/node/486
[ASFI] t=1761.3s | pag=821 | files=4538 | data= 42 | cola= 381 | prio=50 | https://asfi.gob.bo/node/487
[ASFI] t=1762.2s | pag=822 | files=4541 | data= 42 | cola= 380 | prio=50 | https://asfi.gob.bo/node/488
[ASFI] t=1763.0s | pag=823 | files=4544 | data= 42 | cola= 379 | prio=50 | https://asfi.gob.bo/node/489
[ASFI] t=1763.4s | pag=824 | files=4546 | data= 42 | cola= 378 | prio=50 | https://asfi.gob.bo/node/490
[ASFI] t=1764.4s | pag=825 | files=4548 | data= 42 | cola= 377 | prio=50 | https://asfi.gob.bo/node/491
[ASFI] t=1765.1s | pag=826 | files=4550 | data= 42 | cola= 376 | prio=50 | https://asfi.gob.bo/node/492
[ASFI] t=1765.9s | pag=827 | files=4552 | data= 42 | cola= 375 | prio=50 | https://asfi.gob.bo/node/493
[ASFI] t=1766.6s | pag=828 | files=4553 | data= 42 | cola= 374 | prio=50 | https://asfi.gob.bo/node/494
[ASFI] t=1767.3s | pag=829 | files=4555 | data= 42 | cola= 373 | prio=50 | https://asfi.gob.bo/node/495
[ASFI] t=1768.4s | pag=830 | files=4556 | data= 42 | cola= 372 | prio=50 | https://asfi.gob.bo/node/1373
[ASFI] t=1770.1s | pag=831 | files=4561 | data= 42 | cola= 371 | prio=50 | https://asfi.gob.bo/node/1037
[ASFI] t=1771.2s | pag=832 | files=4573 | data= 42 | cola= 370 | prio=50 | https://asfi.gob.bo/node/1038
[ASFI] t=1772.3s | pag=833 | files=4585 | data= 42 | cola= 369 | prio=50 | https://asfi.gob.bo/node/1039
[ASFI] t=1773.2s | pag=834 | files=4597 | data= 42 | cola= 368 | prio=50 | https://asfi.gob.bo/node/1040
[ASFI] t=1774.2s | pag=835 | files=4609 | data= 42 | cola= 367 | prio=50 | https://asfi.gob.bo/node/1041
[ASFI] t=1775.1s | pag=836 | files=4621 | data= 42 | cola= 366 | prio=50 | https://asfi.gob.bo/node/1042
[ASFI] t=1776.3s | pag=837 | files=4633 | data= 42 | cola= 365 | prio=50 | https://asfi.gob.bo/node/1043
[ASFI] t=1777.1s | pag=838 | files=4645 | data= 42 | cola= 364 | prio=50 | https://asfi.gob.bo/node/1044
[ASFI] t=1777.8s | pag=839 | files=4652 | data= 42 | cola= 363 | prio=50 | https://asfi.gob.bo/la/almaceneras-generales-deposito-2026
[ASFI] t=1786.0s | pag=840 | files=4658 | data= 42 | cola= 362 | prio=50 | https://asfi.gob.bo/la/entidades-arrendamiento-financiero-2026
[ASFI] t=1796.5s | pag=841 | files=4665 | data= 42 | cola= 361 | prio=50 | https://asfi.gob.bo/la/camaras-compensacion-y-liquidacion-2026
[ASFI] t=1806.5s | pag=842 | files=4672 | data= 42 | cola= 360 | prio=50 | https://asfi.gob.bo/la/buros-informacion-2026
[ASFI] t=1816.6s | pag=843 | files=4679 | data= 42 | cola= 359 | prio=50 | https://asfi.gob.bo/la/empresas-servicios-pago-movil-2026
[ASFI] t=1826.7s | pag=844 | files=4686 | data= 42 | cola= 358 | prio=50 | https://asfi.gob.bo/la/empresas-transporte-material-monetario-y-valores-2026
[ASFI] t=1836.3s | pag=845 | files=4693 | data= 43 | cola= 357 | prio=50 | https://asfi.gob.bo/la/empresas-administradoras-tarjetas-electronicas-2026
[ASFI] t=1846.1s | pag=846 | files=4700 | data= 43 | cola= 356 | prio=50 | https://asfi.gob.bo/la/empresas-giros-y-remesas-dinero-2026
[ASFI] t=1854.7s | pag=847 | files=4706 | data= 43 | cola= 355 | prio=50 | https://asfi.gob.bo/node/600
[ASFI] t=1869.6s | pag=848 | files=4718 | data= 43 | cola= 354 | prio=50 | https://asfi.gob.bo/node/603
[ASFI] t=1884.5s | pag=849 | files=4730 | data= 43 | cola= 353 | prio=50 | https://asfi.gob.bo/node/604
[ASFI] t=1901.9s | pag=850 | files=4742 | data= 43 | cola= 352 | prio=50 | https://asfi.gob.bo/node/606
[ASFI] t=1917.2s | pag=851 | files=4754 | data= 43 | cola= 351 | prio=50 | https://asfi.gob.bo/node/608
[ASFI] t=1932.1s | pag=852 | files=4766 | data= 43 | cola= 350 | prio=50 | https://asfi.gob.bo/node/610
[ASFI] t=1947.7s | pag=853 | files=4778 | data= 44 | cola= 349 | prio=50 | https://asfi.gob.bo/node/612
[ASFI] t=1963.1s | pag=854 | files=4790 | data= 44 | cola= 348 | prio=50 | https://asfi.gob.bo/node/613
[ASFI] t=1980.1s | pag=855 | files=4802 | data= 44 | cola= 347 | prio=50 | https://asfi.gob.bo/node/616
[ASFI] t=1981.0s | pag=856 | files=4814 | data= 44 | cola= 346 | prio=50 | https://asfi.gob.bo/node/617
[ASFI] t=1982.0s | pag=857 | files=4826 | data= 44 | cola= 345 | prio=50 | https://asfi.gob.bo/node/618
[ASFI] t=1983.0s | pag=858 | files=4838 | data= 44 | cola= 344 | prio=50 | https://asfi.gob.bo/node/620
[ASFI] t=1983.5s | pag=859 | files=4849 | data= 44 | cola= 343 | prio=50 | https://asfi.gob.bo/node/621
[ASFI] t=1984.0s | pag=860 | files=4861 | data= 44 | cola= 342 | prio=50 | https://asfi.gob.bo/node/622
[ASFI] t=1984.6s | pag=861 | files=4873 | data= 45 | cola= 341 | prio=50 | https://asfi.gob.bo/node/623
[ASFI] t=1985.3s | pag=862 | files=4885 | data= 45 | cola= 340 | prio=50 | https://asfi.gob.bo/node/624
[ASFI] t=1986.3s | pag=863 | files=4897 | data= 45 | cola= 339 | prio=50 | https://asfi.gob.bo/node/626
[ASFI] t=1986.8s | pag=864 | files=4909 | data= 45 | cola= 338 | prio=50 | https://asfi.gob.bo/node/627
[ASFI] t=1987.4s | pag=865 | files=4921 | data= 45 | cola= 337 | prio=50 | https://asfi.gob.bo/node/628
[ASFI] t=1988.1s | pag=866 | files=4933 | data= 45 | cola= 336 | prio=50 | https://asfi.gob.bo/node/629
[ASFI] t=1988.8s | pag=867 | files=4945 | data= 45 | cola= 335 | prio=50 | https://asfi.gob.bo/node/630
[ASFI] t=1989.7s | pag=868 | files=4957 | data= 45 | cola= 334 | prio=50 | https://asfi.gob.bo/node/631
[ASFI] t=1990.7s | pag=869 | files=4969 | data= 46 | cola= 333 | prio=50 | https://asfi.gob.bo/node/632
[ASFI] t=1991.3s | pag=870 | files=4981 | data= 46 | cola= 332 | prio=50 | https://asfi.gob.bo/node/633
[ASFI] t=1991.9s | pag=871 | files=4993 | data= 46 | cola= 331 | prio=50 | https://asfi.gob.bo/node/634
[ASFI] t=1992.6s | pag=872 | files=5005 | data= 46 | cola= 330 | prio=50 | https://asfi.gob.bo/node/635
[ASFI] t=1993.3s | pag=873 | files=5017 | data= 46 | cola= 329 | prio=50 | https://asfi.gob.bo/node/636
[ASFI] t=1994.0s | pag=874 | files=5029 | data= 46 | cola= 328 | prio=50 | https://asfi.gob.bo/node/637
[ASFI] t=1994.6s | pag=875 | files=5041 | data= 46 | cola= 327 | prio=50 | https://asfi.gob.bo/node/638
[ASFI] t=1995.6s | pag=876 | files=5053 | data= 46 | cola= 326 | prio=50 | https://asfi.gob.bo/node/639
[ASFI] t=1996.6s | pag=877 | files=5065 | data= 47 | cola= 325 | prio=50 | https://asfi.gob.bo/node/640
[ASFI] t=1997.2s | pag=878 | files=5077 | data= 47 | cola= 324 | prio=50 | https://asfi.gob.bo/node/641
[ASFI] t=1998.1s | pag=879 | files=5089 | data= 47 | cola= 323 | prio=50 | https://asfi.gob.bo/node/642
[ASFI] t=1999.0s | pag=880 | files=5101 | data= 47 | cola= 322 | prio=50 | https://asfi.gob.bo/node/643
[ASFI] t=2000.0s | pag=881 | files=5113 | data= 47 | cola= 321 | prio=50 | https://asfi.gob.bo/node/644
[ASFI] t=2001.1s | pag=882 | files=5125 | data= 47 | cola= 320 | prio=50 | https://asfi.gob.bo/node/645
[ASFI] t=2001.8s | pag=883 | files=5137 | data= 47 | cola= 319 | prio=50 | https://asfi.gob.bo/node/646
[ASFI] t=2002.7s | pag=884 | files=5149 | data= 47 | cola= 318 | prio=50 | https://asfi.gob.bo/node/647
[ASFI] t=2003.6s | pag=885 | files=5161 | data= 48 | cola= 317 | prio=50 | https://asfi.gob.bo/node/648
[ASFI] t=2004.1s | pag=886 | files=5173 | data= 48 | cola= 316 | prio=50 | https://asfi.gob.bo/node/649
[ASFI] t=2005.2s | pag=887 | files=5185 | data= 48 | cola= 315 | prio=50 | https://asfi.gob.bo/node/650
[ASFI] t=2005.9s | pag=888 | files=5197 | data= 48 | cola= 314 | prio=50 | https://asfi.gob.bo/node/651
[ASFI] t=2006.4s | pag=889 | files=5209 | data= 48 | cola= 313 | prio=50 | https://asfi.gob.bo/node/652
[ASFI] t=2007.1s | pag=890 | files=5221 | data= 48 | cola= 312 | prio=50 | https://asfi.gob.bo/node/653
[ASFI] t=2008.2s | pag=891 | files=5233 | data= 48 | cola= 311 | prio=50 | https://asfi.gob.bo/node/654
[ASFI] t=2009.0s | pag=892 | files=5245 | data= 48 | cola= 310 | prio=50 | https://asfi.gob.bo/node/655
[ASFI] t=2009.6s | pag=893 | files=5257 | data= 49 | cola= 309 | prio=50 | https://asfi.gob.bo/node/656
[ASFI] t=2010.6s | pag=894 | files=5269 | data= 49 | cola= 308 | prio=50 | https://asfi.gob.bo/node/657
[ASFI] t=2011.6s | pag=895 | files=5281 | data= 49 | cola= 307 | prio=50 | https://asfi.gob.bo/la/programa-pagares-2026
[ASFI] t=2012.2s | pag=896 | files=5286 | data= 49 | cola= 306 | prio=50 | https://asfi.gob.bo/node/513
[ASFI] t=2012.8s | pag=897 | files=5302 | data= 49 | cola= 305 | prio=50 | https://asfi.gob.bo/node/518
[ASFI] t=2013.8s | pag=898 | files=5311 | data= 49 | cola= 304 | prio=50 | https://asfi.gob.bo/node/523
[ASFI] t=2014.5s | pag=899 | files=5316 | data= 49 | cola= 303 | prio=50 | https://asfi.gob.bo/node/528
[ASFI] t=2014.9s | pag=900 | files=5320 | data= 49 | cola= 302 | prio=50 | https://asfi.gob.bo/node/533
[ASFI] t=2015.5s | pag=901 | files=5325 | data= 49 | cola= 301 | prio=50 | https://asfi.gob.bo/node/538
[ASFI] t=2015.9s | pag=902 | files=5329 | data= 49 | cola= 300 | prio=50 | https://asfi.gob.bo/node/543
[ASFI] t=2016.4s | pag=903 | files=5331 | data= 49 | cola= 299 | prio=50 | https://asfi.gob.bo/node/548
[ASFI] t=2017.5s | pag=904 | files=5332 | data= 49 | cola= 298 | prio=50 | https://asfi.gob.bo/node/553
[ASFI] t=2018.4s | pag=905 | files=5335 | data= 49 | cola= 297 | prio=50 | https://asfi.gob.bo/node/558
[ASFI] t=2019.0s | pag=906 | files=5335 | data= 49 | cola= 296 | prio=50 | https://asfi.gob.bo/node/563
[ASFI] t=2019.6s | pag=907 | files=5337 | data= 49 | cola= 295 | prio=50 | https://asfi.gob.bo/node/568
[ASFI] t=2020.2s | pag=908 | files=5338 | data= 49 | cola= 294 | prio=50 | https://asfi.gob.bo/node/573
[ASFI] t=2020.8s | pag=909 | files=5343 | data= 49 | cola= 293 | prio=50 | https://asfi.gob.bo/node/578
[ASFI] t=2021.8s | pag=910 | files=5344 | data= 49 | cola= 292 | prio=50 | https://asfi.gob.bo/node/583
[ASFI] t=2022.3s | pag=911 | files=5349 | data= 49 | cola= 291 | prio=50 | https://asfi.gob.bo/node/588
[ASFI] t=2023.2s | pag=912 | files=5355 | data= 49 | cola= 290 | prio=50 | https://asfi.gob.bo/la/cd-gestion-2026
[ASFI] t=2033.2s | pag=913 | files=5362 | data= 49 | cola= 289 | prio=50 | https://asfi.gob.bo/node/1012
[ASFI] t=2049.0s | pag=914 | files=5374 | data= 49 | cola= 288 | prio=50 | https://asfi.gob.bo/node/1013
[ASFI] t=2062.6s | pag=915 | files=5386 | data= 49 | cola= 287 | prio=50 | https://asfi.gob.bo/node/1014
[ASFI] t=2079.7s | pag=916 | files=5398 | data= 49 | cola= 286 | prio=50 | https://asfi.gob.bo/node/1015
[ASFI] t=2096.4s | pag=917 | files=5410 | data= 49 | cola= 285 | prio=50 | https://asfi.gob.bo/node/1016
[ASFI] t=2111.9s | pag=918 | files=5422 | data= 49 | cola= 284 | prio=50 | https://asfi.gob.bo/node/1017
[ASFI] t=2126.9s | pag=919 | files=5434 | data= 49 | cola= 283 | prio=50 | https://asfi.gob.bo/node/1018
[ASFI] t=2143.1s | pag=920 | files=5446 | data= 49 | cola= 282 | prio=50 | https://asfi.gob.bo/node/1019
[ASFI] t=2159.8s | pag=921 | files=5458 | data= 49 | cola= 281 | prio=50 | https://asfi.gob.bo/node/1020
[ASFI] t=2174.8s | pag=922 | files=5470 | data= 49 | cola= 280 | prio=50 | https://asfi.gob.bo/node/1021
[ASFI] t=2192.6s | pag=923 | files=5482 | data= 49 | cola= 279 | prio=50 | https://asfi.gob.bo/node/1022
[ASFI] t=2207.9s | pag=924 | files=5494 | data= 49 | cola= 278 | prio=50 | https://asfi.gob.bo/node/1023
[ASFI] t=2223.3s | pag=925 | files=5506 | data= 49 | cola= 277 | prio=50 | https://asfi.gob.bo/node/1024
[ASFI] t=2240.4s | pag=926 | files=5518 | data= 49 | cola= 276 | prio=50 | https://asfi.gob.bo/node/1025
[ASFI] t=2256.4s | pag=927 | files=5530 | data= 49 | cola= 275 | prio=50 | https://asfi.gob.bo/node/1026
[ASFI] t=2272.9s | pag=928 | files=5542 | data= 49 | cola= 274 | prio=50 | https://asfi.gob.bo/la/entidades-segundo-piso-gestion-2015
[ASFI] t=2273.7s | pag=929 | files=5542 | data= 49 | cola= 273 | prio=50 | https://asfi.gob.bo/la/entidades-segundo-piso-gestion-2014
[ASFI] t=2274.5s | pag=930 | files=5542 | data= 49 | cola= 272 | prio=50 | https://asfi.gob.bo/la/estados-financieros-resumidos-gestion-2025
[ASFI] t=2288.9s | pag=931 | files=5552 | data= 49 | cola= 271 | prio=50 | https://asfi.gob.bo/la/estados-financieros-resumidos-gestion-2024
[ASFI] t=2289.8s | pag=932 | files=5564 | data= 49 | cola= 270 | prio=50 | https://asfi.gob.bo/la/estados-financieros-resumidos-gestion-2023
[ASFI] t=2290.6s | pag=933 | files=5576 | data= 49 | cola= 269 | prio=50 | https://asfi.gob.bo/la/estados-financieros-resumidos-gestion-2022
[ASFI] t=2291.4s | pag=934 | files=5588 | data= 49 | cola= 268 | prio=50 | https://asfi.gob.bo/la/estados-financieros-resumidos-gestion-2021
[ASFI] t=2292.0s | pag=935 | files=5600 | data= 49 | cola= 267 | prio=50 | https://asfi.gob.bo/la/estados-financieros-resumidos-gestion-2020
[ASFI] t=2292.8s | pag=936 | files=5612 | data= 49 | cola= 266 | prio=50 | https://asfi.gob.bo/la/estados-financieros-resumidos-gestion-2019
[ASFI] t=2293.3s | pag=937 | files=5624 | data= 49 | cola= 265 | prio=50 | https://asfi.gob.bo/la/estados-financieros-resumidos-gestion-2018
[ASFI] t=2293.9s | pag=938 | files=5636 | data= 49 | cola= 264 | prio=50 | https://asfi.gob.bo/la/estados-financieros-resumidos-gestion-2017
[ASFI] t=2294.5s | pag=939 | files=5648 | data= 49 | cola= 263 | prio=50 | https://asfi.gob.bo/la/estados-financieros-resumidos-gestion-2016
[ASFI] t=2295.4s | pag=940 | files=5660 | data= 49 | cola= 262 | prio=50 | https://asfi.gob.bo/la/estados-financieros-resumidos-gestion-2015
[ASFI] t=2296.4s | pag=941 | files=5663 | data= 49 | cola= 261 | prio=50 | https://asfi.gob.bo/la/banco-central-estados-financieros-2023
[ASFI] t=2297.1s | pag=942 | files=5664 | data= 49 | cola= 260 | prio=50 | https://asfi.gob.bo/la/banco-central-estados-financieros-2022
[ASFI] t=2297.7s | pag=943 | files=5676 | data= 49 | cola= 259 | prio=50 | https://asfi.gob.bo/la/banco-central-estados-financieros-2021
[ASFI] t=2298.4s | pag=944 | files=5688 | data= 49 | cola= 258 | prio=50 | https://asfi.gob.bo/la/banco-central-estados-financieros-2020
[ASFI] t=2299.0s | pag=945 | files=5700 | data= 49 | cola= 257 | prio=50 | https://asfi.gob.bo/la/banco-central-estados-financieros-2019
[ASFI] t=2299.6s | pag=946 | files=5712 | data= 49 | cola= 256 | prio=50 | https://asfi.gob.bo/la/banco-central-estados-financieros-2018
[ASFI] t=2300.5s | pag=947 | files=5724 | data= 49 | cola= 255 | prio=50 | https://asfi.gob.bo/la/banco-central-estados-financieros-2017
[ASFI] t=2301.1s | pag=948 | files=5736 | data= 49 | cola= 254 | prio=50 | https://asfi.gob.bo/la/banco-central-estados-financieros-2016
[ASFI] t=2301.9s | pag=949 | files=5748 | data= 49 | cola= 253 | prio=50 | https://asfi.gob.bo/la/banco-central-estados-financieros-2015
[ASFI] t=2302.6s | pag=950 | files=5760 | data= 49 | cola= 252 | prio=50 | https://asfi.gob.bo/la/banco-central-estados-financieros-2014
[ASFI] t=2303.4s | pag=951 | files=5772 | data= 49 | cola= 251 | prio=50 | https://asfi.gob.bo/la/banco-central-estados-financieros-2013
[ASFI] t=2303.9s | pag=952 | files=5784 | data= 49 | cola= 250 | prio=50 | https://asfi.gob.bo/la/fogavisp-fogacp-y-fogagre-2026
[ASFI] t=2308.6s | pag=953 | files=5787 | data= 49 | cola= 249 | prio=50 | https://asfi.gob.bo/la/fogavisp-fogacp-y-fogagre-2025
[ASFI] t=2324.6s | pag=954 | files=5799 | data= 49 | cola= 248 | prio=50 | https://asfi.gob.bo/la/fogavisp-fogacp-y-fogagre-2024
[ASFI] t=2325.6s | pag=955 | files=5811 | data= 49 | cola= 247 | prio=50 | https://asfi.gob.bo/la/fogavisp-fogacp-y-fogagre-2023
[ASFI] t=2326.6s | pag=956 | files=5823 | data= 49 | cola= 246 | prio=50 | https://asfi.gob.bo/la/fogavisp-fogacp-y-fogagre-2022
[ASFI] t=2327.2s | pag=957 | files=5835 | data= 49 | cola= 245 | prio=50 | https://asfi.gob.bo/la/fogavisp-fogacp-y-fogagre-2021
[ASFI] t=2328.0s | pag=958 | files=5847 | data= 49 | cola= 244 | prio=50 | https://asfi.gob.bo/la/fogavisp-fogacp-y-fogagre-2020
[ASFI] t=2328.5s | pag=959 | files=5859 | data= 49 | cola= 243 | prio=50 | https://asfi.gob.bo/la/fogavisp-fogacp-y-fogagre-2019
[ASFI] t=2329.3s | pag=960 | files=5871 | data= 49 | cola= 242 | prio=50 | https://asfi.gob.bo/la/fogavisp-fogacp-y-fogagre-2018
[ASFI] t=2330.1s | pag=961 | files=5874 | data= 49 | cola= 241 | prio=50 | https://barometro.asfi.gob.bo/articles/20260601-banca-digital-tramites
[ASFI] t=2330.7s | pag=962 | files=5874 | data= 49 | cola= 240 | prio=50 | https://barometro.asfi.gob.bo/estudios/documentos/20251231-trayectoria-crediticia
[ASFI] t=2331.3s | pag=963 | files=5875 | data= 49 | cola= 239 | prio=50 | https://asfi.gob.bo/node/1066
[ASFI] t=2331.9s | pag=964 | files=5876 | data= 49 | cola= 238 | prio=50 | https://asfi.gob.bo/node/1067
[ASFI] t=2332.8s | pag=965 | files=5877 | data= 49 | cola= 237 | prio=50 | https://asfi.gob.bo/ei/banco-central-bolivia
[ASFI] t=2333.9s | pag=966 | files=5877 | data= 49 | cola= 236 | prio=50 | https://asfi.gob.bo/ei/ministerio-economia-y-finanzas
[ASFI] t=2334.6s | pag=967 | files=5877 | data= 49 | cola= 235 | prio=70 | https://www.asfi.gob.bo/pb/mision-vision-y-valores
[ASFI] t=2335.1s | pag=968 | files=5877 | data= 49 | cola= 234 | prio=70 | https://www.asfi.gob.bo/pb/unidad-transparencia-y-lucha-contra-corrupcion-utlcc
[ASFI] t=2335.7s | pag=969 | files=5877 | data= 49 | cola= 233 | prio=70 | https://www.asfi.gob.bo/pb/codigo-etica-asfi
[ASFI] t=2336.7s | pag=970 | files=5878 | data= 49 | cola= 232 | prio=70 | https://www.asfi.gob.bo/pb/normativa-referida-transparencia-y-lucha-contra-corrupcion-aplicable-asfi
[ASFI] t=2337.7s | pag=971 | files=5885 | data= 49 | cola= 231 | prio=70 | https://www.asfi.gob.bo/pb/etica-publica
[ASFI] t=2338.5s | pag=972 | files=5887 | data= 49 | cola= 231 | prio=50 | https://www.asfi.gob.bo/pb/decalogo-y-servidores-publicos
[ASFI] t=2338.9s | pag=973 | files=5887 | data= 49 | cola= 230 | prio=70 | https://www.asfi.gob.bo/galeria-multimedia
[ASFI] t=2339.7s | pag=974 | files=5887 | data= 49 | cola= 235 | prio=50 | https://www.asfi.gob.bo/gal/conferencia-prensa-nuevas-medidas-emitidas-asfi-para-beneficiar-prestatarios
[ASFI] t=2340.6s | pag=975 | files=5887 | data= 49 | cola= 234 | prio=50 | https://www.asfi.gob.bo/gal/banca-digital-ciberdelincuencia-y-regulacion
[ASFI] t=2341.0s | pag=976 | files=5887 | data= 49 | cola= 233 | prio=50 | https://www.asfi.gob.bo/gal/iv-foro-internacional-finanzas-sostenibles
[ASFI] t=2342.2s | pag=977 | files=5887 | data= 49 | cola= 232 | prio=50 | https://www.asfi.gob.bo/gal/universidad-publica-alto-upea
[ASFI] t=2342.6s | pag=978 | files=5887 | data= 49 | cola= 231 | prio=50 | https://www.asfi.gob.bo/gal/exposicion-personas-discapacidad
[ASFI] t=2343.3s | pag=979 | files=5887 | data= 49 | cola= 230 | prio=50 | https://www.asfi.gob.bo/gal/reunion-prestatarios-afectados-su-capacidad-pago
[ASFI] t=2344.1s | pag=980 | files=5887 | data= 49 | cola= 229 | prio=70 | https://www.asfi.gob.bo/pagina-de-autoridades
[ASFI] t=2345.2s | pag=981 | files=5887 | data= 49 | cola= 229 | prio=40 | https://www.asfi.gob.bo/pagina-de-autoridades?page=1
[ASFI] t=2346.1s | pag=982 | files=5887 | data= 49 | cola= 229 | prio=40 | https://www.asfi.gob.bo/pagina-de-autoridades?page=0
[ASFI] t=2346.7s | pag=983 | files=5887 | data= 49 | cola= 228 | prio=70 | https://www.asfi.gob.bo//node/884
[ASFI] t=2347.6s | pag=984 | files=5887 | data= 49 | cola= 227 | prio=70 | https://www.asfi.gob.bo//node/356
[ASFI] t=2348.1s | pag=985 | files=5887 | data= 49 | cola= 226 | prio=70 | https://www.asfi.gob.bo//node/355
[ASFI] t=2349.9s | pag=986 | files=5887 | data= 49 | cola= 225 | prio=70 | https://www.asfi.gob.bo//node/354
[ASFI] t=2350.2s | pag=987 | files=5887 | data= 49 | cola= 224 | prio=70 | https://www.asfi.gob.bo//node/353
[ASFI] t=2351.2s | pag=988 | files=5887 | data= 49 | cola= 223 | prio=70 | https://www.asfi.gob.bo//node/352
[ASFI] t=2352.3s | pag=989 | files=5887 | data= 49 | cola= 222 | prio=70 | https://www.asfi.gob.bo//node/351
[ASFI] t=2352.9s | pag=990 | files=5887 | data= 49 | cola= 221 | prio=70 | https://www.asfi.gob.bo//node/350
[ASFI] t=2353.8s | pag=991 | files=5887 | data= 49 | cola= 220 | prio=70 | https://www.asfi.gob.bo//node/349
[ASFI] t=2354.6s | pag=992 | files=5887 | data= 49 | cola= 219 | prio=70 | https://www.asfi.gob.bo//node/348
[ASFI] t=2355.8s | pag=993 | files=5887 | data= 49 | cola= 218 | prio=70 | https://www.asfi.gob.bo//node/347
[ASFI] t=2356.7s | pag=994 | files=5887 | data= 49 | cola= 217 | prio=70 | https://www.asfi.gob.bo//node/346
[ASFI] t=2357.8s | pag=995 | files=5887 | data= 49 | cola= 216 | prio=70 | https://www.asfi.gob.bo//node/345
[ASFI] t=2358.8s | pag=996 | files=5887 | data= 49 | cola= 215 | prio=70 | https://www.asfi.gob.bo//node/344
[ASFI] t=2359.9s | pag=997 | files=5887 | data= 49 | cola= 214 | prio=70 | https://www.asfi.gob.bo//node/343
[ASFI] t=2360.4s | pag=998 | files=5887 | data= 49 | cola= 213 | prio=70 | https://www.asfi.gob.bo//node/342
[ASFI] t=2361.1s | pag=999 | files=5887 | data= 49 | cola= 212 | prio=70 | https://www.asfi.gob.bo//node/341
[ASFI] t=2362.0s | pag=1000 | files=5887 | data= 49 | cola= 211 | prio=70 | https://www.asfi.gob.bo//node/340
[ASFI] t=2363.0s | pag=1001 | files=5887 | data= 49 | cola= 210 | prio=70 | https://www.asfi.gob.bo//node/339
[ASFI] t=2363.8s | pag=1002 | files=5887 | data= 49 | cola= 209 | prio=70 | https://www.asfi.gob.bo//node/338
[ASFI] t=2364.7s | pag=1003 | files=5887 | data= 49 | cola= 208 | prio=70 | https://www.asfi.gob.bo//node/337
[ASFI] t=2365.7s | pag=1004 | files=5887 | data= 49 | cola= 207 | prio=70 | https://www.asfi.gob.bo//node/336
[ASFI] t=2366.7s | pag=1005 | files=5887 | data= 49 | cola= 206 | prio=70 | https://www.asfi.gob.bo//node/335
[ASFI] t=2367.4s | pag=1006 | files=5887 | data= 49 | cola= 205 | prio=70 | https://www.asfi.gob.bo//node/334
[ASFI] t=2368.4s | pag=1007 | files=5887 | data= 49 | cola= 204 | prio=70 | https://www.asfi.gob.bo//node/333
[ASFI] t=2369.2s | pag=1008 | files=5887 | data= 49 | cola= 203 | prio=70 | https://www.asfi.gob.bo//node/332
[ASFI] t=2370.0s | pag=1009 | files=5887 | data= 49 | cola= 202 | prio=70 | https://www.asfi.gob.bo//node/331
[ASFI] t=2370.8s | pag=1010 | files=5887 | data= 49 | cola= 201 | prio=70 | https://www.asfi.gob.bo//node/321
[ASFI] t=2371.9s | pag=1011 | files=5887 | data= 49 | cola= 200 | prio=70 | https://www.asfi.gob.bo//node/4
[ASFI] t=2372.8s | pag=1012 | files=5887 | data= 49 | cola= 199 | prio=70 | https://www.asfi.gob.bo//node/330
[ASFI] t=2373.5s | pag=1013 | files=5887 | data= 49 | cola= 198 | prio=70 | https://www.asfi.gob.bo//node/329
[ASFI] t=2374.0s | pag=1014 | files=5887 | data= 49 | cola= 197 | prio=70 | https://www.asfi.gob.bo//node/328
[ASFI] t=2375.1s | pag=1015 | files=5887 | data= 49 | cola= 196 | prio=70 | https://www.asfi.gob.bo//node/327
[ASFI] t=2375.9s | pag=1016 | files=5887 | data= 49 | cola= 195 | prio=70 | https://www.asfi.gob.bo//node/326
[ASFI] t=2376.5s | pag=1017 | files=5887 | data= 49 | cola= 194 | prio=70 | https://www.asfi.gob.bo//node/325
[ASFI] t=2377.5s | pag=1018 | files=5887 | data= 49 | cola= 193 | prio=70 | https://www.asfi.gob.bo//node/324
[ASFI] t=2378.5s | pag=1019 | files=5887 | data= 49 | cola= 192 | prio=70 | https://www.asfi.gob.bo//node/323
[ASFI] t=2379.3s | pag=1020 | files=5887 | data= 49 | cola= 191 | prio=70 | https://www.asfi.gob.bo//node/322
[ASFI] t=2380.2s | pag=1021 | files=5887 | data= 49 | cola= 190 | prio=70 | https://www.asfi.gob.bo/la/formularios-referenciales-para-ordenes-judiciales-retencion-suspension-remision-fondos-y-1
[ASFI] t=2380.9s | pag=1022 | files=5888 | data= 49 | cola= 189 | prio=70 | https://asfi.gob.bo/pb/mision-vision-y-valores
[ASFI] t=2381.3s | pag=1023 | files=5888 | data= 49 | cola= 188 | prio=70 | https://asfi.gob.bo/pb/unidad-transparencia-y-lucha-contra-corrupcion-utlcc
[ASFI] t=2382.1s | pag=1024 | files=5888 | data= 49 | cola= 187 | prio=70 | https://asfi.gob.bo/pb/codigo-etica-asfi
[ASFI] t=2383.0s | pag=1025 | files=5889 | data= 49 | cola= 186 | prio=70 | https://asfi.gob.bo/pb/normativa-referida-transparencia-y-lucha-contra-corrupcion-aplicable-asfi
[ASFI] t=2383.8s | pag=1026 | files=5896 | data= 49 | cola= 185 | prio=70 | https://asfi.gob.bo/pb/etica-publica
[ASFI] t=2384.6s | pag=1027 | files=5898 | data= 49 | cola= 185 | prio=50 | https://asfi.gob.bo/pb/decalogo-y-servidores-publicos
[ASFI] t=2385.3s | pag=1028 | files=5898 | data= 49 | cola= 184 | prio=70 | https://asfi.gob.bo/galeria-multimedia
[ASFI] t=2385.9s | pag=1029 | files=5898 | data= 49 | cola= 189 | prio=50 | https://asfi.gob.bo/gal/conferencia-prensa-nuevas-medidas-emitidas-asfi-para-beneficiar-prestatarios
[ASFI] t=2386.7s | pag=1030 | files=5898 | data= 49 | cola= 188 | prio=50 | https://asfi.gob.bo/gal/banca-digital-ciberdelincuencia-y-regulacion
[ASFI] t=2387.5s | pag=1031 | files=5898 | data= 49 | cola= 187 | prio=50 | https://asfi.gob.bo/gal/iv-foro-internacional-finanzas-sostenibles
[ASFI] t=2388.1s | pag=1032 | files=5898 | data= 49 | cola= 186 | prio=50 | https://asfi.gob.bo/gal/universidad-publica-alto-upea
[ASFI] t=2388.7s | pag=1033 | files=5898 | data= 49 | cola= 185 | prio=50 | https://asfi.gob.bo/gal/exposicion-personas-discapacidad
[ASFI] t=2389.6s | pag=1034 | files=5898 | data= 49 | cola= 184 | prio=50 | https://asfi.gob.bo/gal/reunion-prestatarios-afectados-su-capacidad-pago
[ASFI] t=2390.4s | pag=1035 | files=5898 | data= 49 | cola= 183 | prio=70 | https://asfi.gob.bo/pagina-de-autoridades
[ASFI] t=2391.1s | pag=1036 | files=5898 | data= 49 | cola= 183 | prio=40 | https://asfi.gob.bo/pagina-de-autoridades?page=1
[ASFI] t=2392.0s | pag=1037 | files=5898 | data= 49 | cola= 183 | prio=40 | https://asfi.gob.bo/pagina-de-autoridades?page=0
[ASFI] t=2392.9s | pag=1038 | files=5898 | data= 49 | cola= 182 | prio=70 | https://barometro.asfi.gob.bo/articles/20260703-trayectoria-creditos-microcredito
[ASFI] t=2393.7s | pag=1039 | files=5898 | data= 49 | cola= 181 | prio=70 | https://www.asfi.gob.bo/la/programa-emisiones-2026
[ASFI] t=2394.3s | pag=1040 | files=5903 | data= 49 | cola= 180 | prio=70 | https://www.asfi.gob.bo/la/emisiones-pagares-2026
[ASFI] t=2395.2s | pag=1041 | files=5912 | data= 49 | cola= 179 | prio=70 | https://www.asfi.gob.bo/la/emisiones-valores-titularizacion-2026
[ASFI] t=2396.1s | pag=1042 | files=5912 | data= 49 | cola= 178 | prio=70 | https://www.asfi.gob.bo/la/emisiones-bonos-2026
[ASFI] t=2396.8s | pag=1043 | files=5924 | data= 49 | cola= 177 | prio=70 | https://www.asfi.gob.bo/node/512
[ASFI] t=2397.4s | pag=1044 | files=5931 | data= 49 | cola= 176 | prio=70 | https://www.asfi.gob.bo/node/514
[ASFI] t=2398.1s | pag=1045 | files=5981 | data= 49 | cola= 175 | prio=70 | https://www.asfi.gob.bo/node/515
[ASFI] t=2399.1s | pag=1046 | files=5988 | data= 49 | cola= 174 | prio=70 | https://www.asfi.gob.bo/node/516
[ASFI] t=2399.8s | pag=1047 | files=6017 | data= 49 | cola= 173 | prio=70 | https://www.asfi.gob.bo/node/517
[ASFI] t=2400.9s | pag=1048 | files=6030 | data= 49 | cola= 172 | prio=70 | https://www.asfi.gob.bo/node/519
[ASFI] t=2401.6s | pag=1049 | files=6053 | data= 49 | cola= 171 | prio=70 | https://www.asfi.gob.bo/node/520
[ASFI] t=2402.5s | pag=1050 | files=6053 | data= 49 | cola= 170 | prio=70 | https://www.asfi.gob.bo/node/521
[ASFI] t=2403.3s | pag=1051 | files=6079 | data= 49 | cola= 169 | prio=70 | https://www.asfi.gob.bo/node/522
[ASFI] t=2404.4s | pag=1052 | files=6087 | data= 49 | cola= 168 | prio=70 | https://www.asfi.gob.bo/node/524
[ASFI] t=2405.4s | pag=1053 | files=6100 | data= 49 | cola= 167 | prio=70 | https://www.asfi.gob.bo/node/525
[ASFI] t=2406.2s | pag=1054 | files=6103 | data= 49 | cola= 166 | prio=70 | https://www.asfi.gob.bo/node/526
[ASFI] t=2406.8s | pag=1055 | files=6132 | data= 49 | cola= 165 | prio=70 | https://www.asfi.gob.bo/node/527
[ASFI] t=2407.8s | pag=1056 | files=6138 | data= 49 | cola= 164 | prio=70 | https://www.asfi.gob.bo/node/529
[ASFI] t=2408.5s | pag=1057 | files=6146 | data= 49 | cola= 163 | prio=70 | https://www.asfi.gob.bo/node/530
[ASFI] t=2409.3s | pag=1058 | files=6147 | data= 49 | cola= 162 | prio=70 | https://www.asfi.gob.bo/node/531
[ASFI] t=2409.7s | pag=1059 | files=6168 | data= 49 | cola= 161 | prio=70 | https://www.asfi.gob.bo/node/532
[ASFI] t=2410.6s | pag=1060 | files=6178 | data= 49 | cola= 160 | prio=70 | https://www.asfi.gob.bo/node/534
[ASFI] t=2411.5s | pag=1061 | files=6192 | data= 49 | cola= 159 | prio=70 | https://www.asfi.gob.bo/node/535
[ASFI] t=2412.6s | pag=1062 | files=6196 | data= 49 | cola= 158 | prio=70 | https://www.asfi.gob.bo/node/536
[ASFI] t=2413.5s | pag=1063 | files=6220 | data= 49 | cola= 157 | prio=70 | https://www.asfi.gob.bo/node/537
[ASFI] t=2414.4s | pag=1064 | files=6233 | data= 49 | cola= 156 | prio=70 | https://www.asfi.gob.bo/node/539
[ASFI] t=2415.0s | pag=1065 | files=6247 | data= 49 | cola= 155 | prio=70 | https://www.asfi.gob.bo/node/540
[ASFI] t=2415.8s | pag=1066 | files=6252 | data= 49 | cola= 154 | prio=70 | https://www.asfi.gob.bo/node/541
[ASFI] t=2416.5s | pag=1067 | files=6287 | data= 49 | cola= 153 | prio=70 | https://www.asfi.gob.bo/node/542
[ASFI] t=2417.1s | pag=1068 | files=6300 | data= 49 | cola= 152 | prio=70 | https://www.asfi.gob.bo/node/544
[ASFI] t=2418.0s | pag=1069 | files=6308 | data= 49 | cola= 151 | prio=70 | https://www.asfi.gob.bo/node/545
[ASFI] t=2418.6s | pag=1070 | files=6313 | data= 49 | cola= 150 | prio=70 | https://www.asfi.gob.bo/node/546
[ASFI] t=2419.3s | pag=1071 | files=6340 | data= 49 | cola= 149 | prio=70 | https://www.asfi.gob.bo/node/547
[ASFI] t=2420.0s | pag=1072 | files=6346 | data= 49 | cola= 148 | prio=70 | https://www.asfi.gob.bo/node/549
[ASFI] t=2420.7s | pag=1073 | files=6350 | data= 49 | cola= 147 | prio=70 | https://www.asfi.gob.bo/node/550
[ASFI] t=2421.1s | pag=1074 | files=6355 | data= 49 | cola= 146 | prio=70 | https://www.asfi.gob.bo/node/551
[ASFI] t=2421.8s | pag=1075 | files=6368 | data= 49 | cola= 145 | prio=70 | https://www.asfi.gob.bo/node/552
[ASFI] t=2422.6s | pag=1076 | files=6376 | data= 49 | cola= 144 | prio=70 | https://www.asfi.gob.bo/node/554
[ASFI] t=2423.7s | pag=1077 | files=6383 | data= 49 | cola= 143 | prio=70 | https://www.asfi.gob.bo/node/555
[ASFI] t=2424.8s | pag=1078 | files=6388 | data= 49 | cola= 142 | prio=70 | https://www.asfi.gob.bo/node/556
[ASFI] t=2425.7s | pag=1079 | files=6410 | data= 49 | cola= 141 | prio=70 | https://www.asfi.gob.bo/node/557
[ASFI] t=2426.8s | pag=1080 | files=6418 | data= 49 | cola= 140 | prio=70 | https://www.asfi.gob.bo/node/559
[ASFI] t=2427.3s | pag=1081 | files=6427 | data= 49 | cola= 139 | prio=70 | https://www.asfi.gob.bo/node/560
[ASFI] t=2428.4s | pag=1082 | files=6430 | data= 49 | cola= 138 | prio=70 | https://www.asfi.gob.bo/node/561
[ASFI] t=2429.0s | pag=1083 | files=6464 | data= 49 | cola= 137 | prio=70 | https://www.asfi.gob.bo/node/562
[ASFI] t=2429.6s | pag=1084 | files=6474 | data= 49 | cola= 136 | prio=70 | https://www.asfi.gob.bo/node/564
[ASFI] t=2430.3s | pag=1085 | files=6478 | data= 49 | cola= 135 | prio=70 | https://www.asfi.gob.bo/node/565
[ASFI] t=2431.3s | pag=1086 | files=6479 | data= 49 | cola= 134 | prio=70 | https://www.asfi.gob.bo/node/566
[ASFI] t=2432.2s | pag=1087 | files=6513 | data= 49 | cola= 133 | prio=70 | https://www.asfi.gob.bo/node/567
[ASFI] t=2432.9s | pag=1088 | files=6527 | data= 49 | cola= 132 | prio=70 | https://www.asfi.gob.bo/node/569
[ASFI] t=2433.5s | pag=1089 | files=6532 | data= 49 | cola= 131 | prio=70 | https://www.asfi.gob.bo/node/570
[ASFI] t=2434.4s | pag=1090 | files=6534 | data= 49 | cola= 130 | prio=70 | https://www.asfi.gob.bo/node/571
[ASFI] t=2435.5s | pag=1091 | files=6556 | data= 49 | cola= 129 | prio=70 | https://www.asfi.gob.bo/node/572
[ASFI] t=2436.4s | pag=1092 | files=6570 | data= 49 | cola= 128 | prio=70 | https://www.asfi.gob.bo/node/574
[ASFI] t=2437.0s | pag=1093 | files=6578 | data= 49 | cola= 127 | prio=70 | https://www.asfi.gob.bo/node/575
[ASFI] t=2437.8s | pag=1094 | files=6580 | data= 49 | cola= 126 | prio=70 | https://www.asfi.gob.bo/node/576
[ASFI] t=2438.4s | pag=1095 | files=6608 | data= 49 | cola= 125 | prio=70 | https://www.asfi.gob.bo/node/577
[ASFI] t=2439.4s | pag=1096 | files=6622 | data= 49 | cola= 124 | prio=70 | https://www.asfi.gob.bo/node/579
[ASFI] t=2440.3s | pag=1097 | files=6631 | data= 49 | cola= 123 | prio=70 | https://www.asfi.gob.bo/node/580
[ASFI] t=2441.3s | pag=1098 | files=6635 | data= 49 | cola= 122 | prio=70 | https://www.asfi.gob.bo/node/581
[ASFI] t=2441.8s | pag=1099 | files=6656 | data= 49 | cola= 121 | prio=70 | https://www.asfi.gob.bo/node/582
[ASFI] t=2442.8s | pag=1100 | files=6668 | data= 49 | cola= 120 | prio=70 | https://www.asfi.gob.bo/node/584
[ASFI] t=2443.8s | pag=1101 | files=6681 | data= 49 | cola= 119 | prio=70 | https://www.asfi.gob.bo/node/585
[ASFI] t=2444.5s | pag=1102 | files=6682 | data= 49 | cola= 118 | prio=70 | https://www.asfi.gob.bo/node/586
[ASFI] t=2445.4s | pag=1103 | files=6693 | data= 49 | cola= 117 | prio=70 | https://www.asfi.gob.bo/node/587
[ASFI] t=2446.2s | pag=1104 | files=6699 | data= 49 | cola= 116 | prio=70 | https://www.asfi.gob.bo/node/589
[ASFI] t=2447.1s | pag=1105 | files=6700 | data= 49 | cola= 115 | prio=70 | https://www.asfi.gob.bo/node/590
[ASFI] t=2448.0s | pag=1106 | files=6704 | data= 49 | cola= 114 | prio=70 | https://www.asfi.gob.bo/node/591
[ASFI] t=2448.8s | pag=1107 | files=6726 | data= 49 | cola= 113 | prio=70 | https://asfi.gob.bo//node/884
[ASFI] t=2449.8s | pag=1108 | files=6726 | data= 49 | cola= 112 | prio=70 | https://asfi.gob.bo//node/356
[ASFI] t=2450.5s | pag=1109 | files=6726 | data= 49 | cola= 111 | prio=70 | https://asfi.gob.bo//node/355
[ASFI] t=2451.4s | pag=1110 | files=6726 | data= 49 | cola= 110 | prio=70 | https://asfi.gob.bo//node/354
[ASFI] t=2452.1s | pag=1111 | files=6726 | data= 49 | cola= 109 | prio=70 | https://asfi.gob.bo//node/353
[ASFI] t=2453.3s | pag=1112 | files=6726 | data= 49 | cola= 108 | prio=70 | https://asfi.gob.bo//node/352
[ASFI] t=2454.2s | pag=1113 | files=6726 | data= 49 | cola= 107 | prio=70 | https://asfi.gob.bo//node/351
[ASFI] t=2454.9s | pag=1114 | files=6726 | data= 49 | cola= 106 | prio=70 | https://asfi.gob.bo//node/350
[ASFI] t=2455.9s | pag=1115 | files=6726 | data= 49 | cola= 105 | prio=70 | https://asfi.gob.bo//node/349
[ASFI] t=2456.8s | pag=1116 | files=6726 | data= 49 | cola= 104 | prio=70 | https://asfi.gob.bo//node/348
[ASFI] t=2458.0s | pag=1117 | files=6726 | data= 49 | cola= 103 | prio=70 | https://asfi.gob.bo//node/347
[ASFI] t=2458.7s | pag=1118 | files=6726 | data= 49 | cola= 102 | prio=70 | https://asfi.gob.bo//node/346
[ASFI] t=2459.7s | pag=1119 | files=6726 | data= 49 | cola= 101 | prio=70 | https://asfi.gob.bo//node/345
[ASFI] t=2460.3s | pag=1120 | files=6726 | data= 49 | cola= 100 | prio=70 | https://asfi.gob.bo//node/344
[ASFI] t=2461.2s | pag=1121 | files=6726 | data= 49 | cola=  99 | prio=70 | https://asfi.gob.bo//node/343
[ASFI] t=2461.8s | pag=1122 | files=6726 | data= 49 | cola=  98 | prio=70 | https://asfi.gob.bo//node/342
[ASFI] t=2462.7s | pag=1123 | files=6726 | data= 49 | cola=  97 | prio=70 | https://asfi.gob.bo//node/341
[ASFI] t=2463.7s | pag=1124 | files=6726 | data= 49 | cola=  96 | prio=70 | https://asfi.gob.bo//node/340
[ASFI] t=2464.5s | pag=1125 | files=6726 | data= 49 | cola=  95 | prio=70 | https://asfi.gob.bo//node/339
[ASFI] t=2465.1s | pag=1126 | files=6726 | data= 49 | cola=  94 | prio=70 | https://asfi.gob.bo//node/338
[ASFI] t=2465.9s | pag=1127 | files=6726 | data= 49 | cola=  93 | prio=70 | https://asfi.gob.bo//node/337
[ASFI] t=2466.7s | pag=1128 | files=6726 | data= 49 | cola=  92 | prio=70 | https://asfi.gob.bo//node/336
[ASFI] t=2467.6s | pag=1129 | files=6726 | data= 49 | cola=  91 | prio=70 | https://asfi.gob.bo//node/335
[ASFI] t=2468.3s | pag=1130 | files=6726 | data= 49 | cola=  90 | prio=70 | https://asfi.gob.bo//node/334
[ASFI] t=2468.8s | pag=1131 | files=6726 | data= 49 | cola=  89 | prio=70 | https://asfi.gob.bo//node/333
[ASFI] t=2469.3s | pag=1132 | files=6726 | data= 49 | cola=  88 | prio=70 | https://asfi.gob.bo//node/332
[ASFI] t=2469.9s | pag=1133 | files=6726 | data= 49 | cola=  87 | prio=70 | https://asfi.gob.bo//node/331
[ASFI] t=2470.8s | pag=1134 | files=6726 | data= 49 | cola=  86 | prio=70 | https://asfi.gob.bo//node/321
[ASFI] t=2471.4s | pag=1135 | files=6726 | data= 49 | cola=  85 | prio=70 | https://asfi.gob.bo//node/4
[ASFI] t=2472.3s | pag=1136 | files=6726 | data= 49 | cola=  84 | prio=70 | https://asfi.gob.bo//node/330
[ASFI] t=2472.8s | pag=1137 | files=6726 | data= 49 | cola=  83 | prio=70 | https://asfi.gob.bo//node/329
[ASFI] t=2473.5s | pag=1138 | files=6726 | data= 49 | cola=  82 | prio=70 | https://asfi.gob.bo//node/328
[ASFI] t=2474.2s | pag=1139 | files=6726 | data= 49 | cola=  81 | prio=70 | https://asfi.gob.bo//node/327
[ASFI] t=2475.2s | pag=1140 | files=6726 | data= 49 | cola=  80 | prio=70 | https://asfi.gob.bo//node/326
[ASFI] t=2476.2s | pag=1141 | files=6726 | data= 49 | cola=  79 | prio=70 | https://asfi.gob.bo//node/325
[ASFI] t=2476.8s | pag=1142 | files=6726 | data= 49 | cola=  78 | prio=70 | https://asfi.gob.bo//node/324
[ASFI] t=2477.3s | pag=1143 | files=6726 | data= 49 | cola=  77 | prio=70 | https://asfi.gob.bo//node/323
[ASFI] t=2478.0s | pag=1144 | files=6726 | data= 49 | cola=  76 | prio=70 | https://asfi.gob.bo//node/322
[ASFI] t=2478.9s | pag=1145 | files=6726 | data= 49 | cola=  75 | prio=70 | https://asfi.gob.bo/la/programa-emisiones-2026
[ASFI] t=2479.9s | pag=1146 | files=6731 | data= 49 | cola=  74 | prio=70 | https://asfi.gob.bo/la/emisiones-pagares-2026
[ASFI] t=2480.8s | pag=1147 | files=6740 | data= 49 | cola=  73 | prio=70 | https://asfi.gob.bo/la/emisiones-valores-titularizacion-2026
[ASFI] t=2481.8s | pag=1148 | files=6740 | data= 49 | cola=  72 | prio=70 | https://asfi.gob.bo/la/emisiones-bonos-2026
[ASFI] t=2482.4s | pag=1149 | files=6752 | data= 49 | cola=  71 | prio=70 | https://asfi.gob.bo/node/512
[ASFI] t=2483.4s | pag=1150 | files=6759 | data= 49 | cola=  70 | prio=70 | https://asfi.gob.bo/node/514
[ASFI] t=2484.2s | pag=1151 | files=6809 | data= 49 | cola=  69 | prio=70 | https://asfi.gob.bo/node/515
[ASFI] t=2484.9s | pag=1152 | files=6816 | data= 49 | cola=  68 | prio=70 | https://asfi.gob.bo/node/516
[ASFI] t=2486.0s | pag=1153 | files=6845 | data= 49 | cola=  67 | prio=70 | https://asfi.gob.bo/node/517
[ASFI] t=2486.6s | pag=1154 | files=6858 | data= 49 | cola=  66 | prio=70 | https://asfi.gob.bo/node/519
[ASFI] t=2487.1s | pag=1155 | files=6881 | data= 49 | cola=  65 | prio=70 | https://asfi.gob.bo/node/520
[ASFI] t=2487.6s | pag=1156 | files=6881 | data= 49 | cola=  64 | prio=70 | https://asfi.gob.bo/node/521
[ASFI] t=2488.3s | pag=1157 | files=6907 | data= 49 | cola=  63 | prio=70 | https://asfi.gob.bo/node/522
[ASFI] t=2488.7s | pag=1158 | files=6915 | data= 49 | cola=  62 | prio=70 | https://asfi.gob.bo/node/524
[ASFI] t=2489.6s | pag=1159 | files=6928 | data= 49 | cola=  61 | prio=70 | https://asfi.gob.bo/node/525
[ASFI] t=2490.1s | pag=1160 | files=6931 | data= 49 | cola=  60 | prio=70 | https://asfi.gob.bo/node/526
[ASFI] t=2490.9s | pag=1161 | files=6960 | data= 49 | cola=  59 | prio=70 | https://asfi.gob.bo/node/527
[ASFI] t=2491.3s | pag=1162 | files=6966 | data= 49 | cola=  58 | prio=70 | https://asfi.gob.bo/node/529
[ASFI] t=2492.0s | pag=1163 | files=6974 | data= 49 | cola=  57 | prio=70 | https://asfi.gob.bo/node/530
[ASFI] t=2492.8s | pag=1164 | files=6975 | data= 49 | cola=  56 | prio=70 | https://asfi.gob.bo/node/531
[ASFI] t=2493.8s | pag=1165 | files=6996 | data= 49 | cola=  55 | prio=70 | https://asfi.gob.bo/node/532
[ASFI] t=2494.9s | pag=1166 | files=7006 | data= 49 | cola=  54 | prio=70 | https://asfi.gob.bo/node/534
[ASFI] t=2495.3s | pag=1167 | files=7020 | data= 49 | cola=  53 | prio=70 | https://asfi.gob.bo/node/535
[ASFI] t=2495.9s | pag=1168 | files=7024 | data= 49 | cola=  52 | prio=70 | https://asfi.gob.bo/node/536
[ASFI] t=2496.6s | pag=1169 | files=7048 | data= 49 | cola=  51 | prio=70 | https://asfi.gob.bo/node/537
[ASFI] t=2497.2s | pag=1170 | files=7061 | data= 49 | cola=  50 | prio=70 | https://asfi.gob.bo/node/539
[ASFI] t=2498.2s | pag=1171 | files=7075 | data= 49 | cola=  49 | prio=70 | https://asfi.gob.bo/node/540
[ASFI] t=2498.9s | pag=1172 | files=7080 | data= 49 | cola=  48 | prio=70 | https://asfi.gob.bo/node/541
[ASFI] t=2500.0s | pag=1173 | files=7115 | data= 49 | cola=  47 | prio=70 | https://asfi.gob.bo/node/542
[ASFI] t=2501.1s | pag=1174 | files=7128 | data= 49 | cola=  46 | prio=70 | https://asfi.gob.bo/node/544
[ASFI] t=2501.8s | pag=1175 | files=7136 | data= 49 | cola=  45 | prio=70 | https://asfi.gob.bo/node/545
[ASFI] t=2502.6s | pag=1176 | files=7141 | data= 49 | cola=  44 | prio=70 | https://asfi.gob.bo/node/546
[ASFI] t=2503.6s | pag=1177 | files=7168 | data= 49 | cola=  43 | prio=70 | https://asfi.gob.bo/node/547
[ASFI] t=2504.1s | pag=1178 | files=7174 | data= 49 | cola=  42 | prio=70 | https://asfi.gob.bo/node/549
[ASFI] t=2504.7s | pag=1179 | files=7178 | data= 49 | cola=  41 | prio=70 | https://asfi.gob.bo/node/550
[ASFI] t=2505.4s | pag=1180 | files=7183 | data= 49 | cola=  40 | prio=70 | https://asfi.gob.bo/node/551
[ASFI] t=2506.2s | pag=1181 | files=7196 | data= 49 | cola=  39 | prio=70 | https://asfi.gob.bo/node/552
[ASFI] t=2507.1s | pag=1182 | files=7204 | data= 49 | cola=  38 | prio=70 | https://asfi.gob.bo/node/554
[ASFI] t=2507.5s | pag=1183 | files=7211 | data= 49 | cola=  37 | prio=70 | https://asfi.gob.bo/node/555
[ASFI] t=2508.3s | pag=1184 | files=7216 | data= 49 | cola=  36 | prio=70 | https://asfi.gob.bo/node/556
[ASFI] t=2509.4s | pag=1185 | files=7238 | data= 49 | cola=  35 | prio=70 | https://asfi.gob.bo/node/557
[ASFI] t=2510.0s | pag=1186 | files=7246 | data= 49 | cola=  34 | prio=70 | https://asfi.gob.bo/node/559
[ASFI] t=2510.5s | pag=1187 | files=7255 | data= 49 | cola=  33 | prio=70 | https://asfi.gob.bo/node/560
[ASFI] t=2511.1s | pag=1188 | files=7258 | data= 49 | cola=  32 | prio=70 | https://asfi.gob.bo/node/561
[ASFI] t=2512.1s | pag=1189 | files=7292 | data= 49 | cola=  31 | prio=70 | https://asfi.gob.bo/node/562
[ASFI] t=2513.0s | pag=1190 | files=7302 | data= 49 | cola=  30 | prio=70 | https://asfi.gob.bo/node/564
[ASFI] t=2513.8s | pag=1191 | files=7306 | data= 49 | cola=  29 | prio=70 | https://asfi.gob.bo/node/565
[ASFI] t=2514.5s | pag=1192 | files=7307 | data= 49 | cola=  28 | prio=70 | https://asfi.gob.bo/node/566
[ASFI] t=2515.2s | pag=1193 | files=7341 | data= 49 | cola=  27 | prio=70 | https://asfi.gob.bo/node/567
[ASFI] t=2516.0s | pag=1194 | files=7355 | data= 49 | cola=  26 | prio=70 | https://asfi.gob.bo/node/569
[ASFI] t=2516.5s | pag=1195 | files=7360 | data= 49 | cola=  25 | prio=70 | https://asfi.gob.bo/node/570
[ASFI] t=2517.0s | pag=1196 | files=7362 | data= 49 | cola=  24 | prio=70 | https://asfi.gob.bo/node/571
[ASFI] t=2517.8s | pag=1197 | files=7384 | data= 49 | cola=  23 | prio=70 | https://asfi.gob.bo/node/572
[ASFI] t=2518.2s | pag=1198 | files=7398 | data= 49 | cola=  22 | prio=70 | https://asfi.gob.bo/node/574
[ASFI] t=2519.1s | pag=1199 | files=7406 | data= 49 | cola=  21 | prio=70 | https://asfi.gob.bo/node/575
[ASFI] t=2520.0s | pag=1200 | files=7408 | data= 49 | cola=  20 | prio=70 | https://asfi.gob.bo/node/576
[ASFI] t=2520.6s | pag=1201 | files=7436 | data= 49 | cola=  19 | prio=70 | https://asfi.gob.bo/node/577
[ASFI] t=2521.6s | pag=1202 | files=7450 | data= 49 | cola=  18 | prio=70 | https://asfi.gob.bo/node/579
[ASFI] t=2522.4s | pag=1203 | files=7459 | data= 49 | cola=  17 | prio=70 | https://asfi.gob.bo/node/580
[ASFI] t=2523.4s | pag=1204 | files=7463 | data= 49 | cola=  16 | prio=70 | https://asfi.gob.bo/node/581
[ASFI] t=2524.1s | pag=1205 | files=7484 | data= 49 | cola=  15 | prio=70 | https://asfi.gob.bo/node/582
[ASFI] t=2524.6s | pag=1206 | files=7496 | data= 49 | cola=  14 | prio=70 | https://asfi.gob.bo/node/584
[ASFI] t=2525.5s | pag=1207 | files=7509 | data= 49 | cola=  13 | prio=70 | https://asfi.gob.bo/node/585
[ASFI] t=2525.9s | pag=1208 | files=7510 | data= 49 | cola=  12 | prio=70 | https://asfi.gob.bo/node/586
[ASFI] t=2526.7s | pag=1209 | files=7521 | data= 49 | cola=  11 | prio=70 | https://asfi.gob.bo/node/587
[ASFI] t=2527.2s | pag=1210 | files=7527 | data= 49 | cola=  10 | prio=70 | https://asfi.gob.bo/node/589
[ASFI] t=2527.9s | pag=1211 | files=7528 | data= 49 | cola=   9 | prio=70 | https://asfi.gob.bo/node/590
[ASFI] t=2528.6s | pag=1212 | files=7532 | data= 49 | cola=   8 | prio=70 | https://asfi.gob.bo/node/591
[ASFI] t=2529.1s | pag=1213 | files=7554 | data= 49 | cola=   7 | prio=90 | https://www.asfi.gob.bo/la/resena-historica
[ASFI] t=2529.6s | pag=1214 | files=7555 | data= 49 | cola=   6 | prio=90 | https://www.asfi.gob.bo/pb/actividad-financiera-ilegal
[ASFI] t=2530.3s | pag=1215 | files=7555 | data= 49 | cola=  16 | prio=50 | https://www.asfi.gob.bo/node/753
[ASFI] t=2530.9s | pag=1216 | files=7556 | data= 49 | cola=  15 | prio=50 | https://www.asfi.gob.bo/node/762
[ASFI] t=2531.5s | pag=1217 | files=7557 | data= 49 | cola=  14 | prio=50 | https://www.asfi.gob.bo/node/763
[ASFI] t=2532.1s | pag=1218 | files=7557 | data= 49 | cola=  13 | prio=50 | https://www.asfi.gob.bo/node/764
[ASFI] t=2532.8s | pag=1219 | files=7558 | data= 49 | cola=  12 | prio=50 | https://www.asfi.gob.bo/node/765
[ASFI] t=2533.3s | pag=1220 | files=7558 | data= 49 | cola=  11 | prio=50 | https://www.asfi.gob.bo/node/766
[ASFI] t=2533.6s | pag=1221 | files=7558 | data= 49 | cola=  10 | prio=50 | https://www.asfi.gob.bo/node/767
[ASFI] t=2534.2s | pag=1222 | files=7564 | data= 49 | cola=   9 | prio=50 | https://www.asfi.gob.bo/node/768
[ASFI] t=2534.7s | pag=1223 | files=7564 | data= 49 | cola=   8 | prio=50 | https://www.asfi.gob.bo/node/769
[ASFI] t=2535.2s | pag=1224 | files=7564 | data= 49 | cola=   7 | prio=90 | https://www.asfi.gob.bo/pb/spots-institucionales
[ASFI] t=2535.6s | pag=1225 | files=7564 | data= 49 | cola=   6 | prio=90 | https://www.asfi.gob.bo/ef/educacion-financiera
[ASFI] t=2536.3s | pag=1226 | files=7564 | data= 49 | cola=   9 | prio=50 | https://www.asfi.gob.bo/ef/capsulas-informativas
[ASFI] t=2536.6s | pag=1227 | files=7564 | data= 49 | cola=   8 | prio=50 | https://www.asfi.gob.bo/ef/contenidos-educativos
[ASFI] t=2537.4s | pag=1228 | files=7579 | data= 49 | cola=   7 | prio=50 | https://www.asfi.gob.bo/ef/videos
[ASFI] t=2538.3s | pag=1229 | files=7579 | data= 49 | cola=   6 | prio=50 | https://www.asfi.gob.bo/ef/actividades-educacion
[ASFI] t=2539.0s | pag=1230 | files=7579 | data= 49 | cola=   5 | prio=90 | https://asfi.gob.bo/la/resena-historica
[ASFI] t=2539.9s | pag=1231 | files=7580 | data= 49 | cola=   4 | prio=90 | https://asfi.gob.bo/pb/actividad-financiera-ilegal
[ASFI] t=2540.4s | pag=1232 | files=7580 | data= 49 | cola=  14 | prio=50 | https://asfi.gob.bo/node/753
[ASFI] t=2541.2s | pag=1233 | files=7581 | data= 49 | cola=  13 | prio=50 | https://asfi.gob.bo/node/762
[ASFI] t=2542.1s | pag=1234 | files=7582 | data= 49 | cola=  12 | prio=50 | https://asfi.gob.bo/node/763
[ASFI] t=2542.7s | pag=1235 | files=7582 | data= 49 | cola=  11 | prio=50 | https://asfi.gob.bo/node/764
[ASFI] t=2543.5s | pag=1236 | files=7583 | data= 49 | cola=  10 | prio=50 | https://asfi.gob.bo/node/765
[ASFI] t=2544.2s | pag=1237 | files=7583 | data= 49 | cola=   9 | prio=50 | https://asfi.gob.bo/node/766
[ASFI] t=2545.0s | pag=1238 | files=7583 | data= 49 | cola=   8 | prio=50 | https://asfi.gob.bo/node/767
[ASFI] t=2545.7s | pag=1239 | files=7589 | data= 49 | cola=   7 | prio=50 | https://asfi.gob.bo/node/768
[ASFI] t=2546.5s | pag=1240 | files=7589 | data= 49 | cola=   6 | prio=50 | https://asfi.gob.bo/node/769
[ASFI] t=2547.4s | pag=1241 | files=7589 | data= 49 | cola=   5 | prio=90 | https://asfi.gob.bo/pb/spots-institucionales
[ASFI] t=2548.3s | pag=1242 | files=7589 | data= 49 | cola=   4 | prio=90 | https://asfi.gob.bo/ef/educacion-financiera
[ASFI] t=2548.8s | pag=1243 | files=7589 | data= 49 | cola=   7 | prio=50 | https://asfi.gob.bo/ef/capsulas-informativas
[ASFI] t=2549.6s | pag=1244 | files=7589 | data= 49 | cola=   6 | prio=50 | https://asfi.gob.bo/ef/contenidos-educativos
[ASFI] t=2550.1s | pag=1245 | files=7604 | data= 49 | cola=   5 | prio=50 | https://asfi.gob.bo/ef/videos
[ASFI] t=2550.8s | pag=1246 | files=7604 | data= 49 | cola=   4 | prio=50 | https://asfi.gob.bo/ef/actividades-educacion
[ASFI] t=2551.5s | pag=1247 | files=7604 | data= 49 | cola=   3 | prio=90 | https://www.asfi.gob.bo/node/761
[ASFI] t=2552.1s | pag=1248 | files=7604 | data= 49 | cola=   2 | prio=90 | https://www.asfi.gob.bo/node/770
[ASFI] t=2552.6s | pag=1249 | files=7604 | data= 49 | cola=   1 | prio=90 | https://asfi.gob.bo/node/761
[ASFI] t=2553.3s | pag=1250 | files=7604 | data= 49 | cola=   0 | prio=90 | https://asfi.gob.bo/node/770

================================================================================
RESULTADO
================================================================================
Fuente:              asfi
Páginas visitadas:   1251
Archivos encontrados: 7604
Datasets web:         49
Errores:              6
Motivo de parada:     frontier_exhausted
Duración:             2553.65 s

Formatos:
  - DOC    : 8
  - DOCX   : 2
  - PDF    : 4226
  - RAR    : 6
  - XLS    : 1606
  - XLSX   : 495
  - ZIP    : 1261

JSON: C:\Ultimo Semestre 7\trabajo\DATAX\team crawler\crawler_asfi\Crawler_BCB\crawler_v2\output\asfi.json

Trazabilidad:
  Ejecución: 29
  Estado:    PROCESSED
  Base:      C:\Ultimo Semestre 7\trabajo\DATAX\team crawler\crawler_asfi\Crawler_BCB\crawler_v2\trace\crawler_trace.sqlite
