================================================================================
CRAWLER V2
================================================================================
Fuente: ASFI / Finrural
URL configurada: https://www.asfi.gob.bo
Timeout HTTP: 15 s
Pausa HTTP:   aleatoria 0.30s - 0.90s


Resolución de fuente:
  Original: https://www.asfi.gob.bo
  Utilizada: https://www.asfi.gob.bo/
  Fallback: sí
  Intentos: 1
    - usable         | HTTP=200 | https://www.asfi.gob.bo/

URL de trabajo: https://www.asfi.gob.bo/
Seeds: 1
Máx páginas: 10000
Máx archivos: 100000
Máx profundidad: 20

[FULL_10_ASFI_FINRURAL] t=   0.0s | pag=  0 | files=   0 | data=  0 | cola=   0 | prio= 0 | https://www.asfi.gob.bo/
[FULL_10_ASFI_FINRURAL] t=   1.4s | pag=  1 | files=   0 | data=  0 | cola= 104 | prio=10 | https://www.asfi.gob.bo/la/resena-historica
[FULL_10_ASFI_FINRURAL] t=   1.7s | pag=  2 | files=   1 | data=  0 | cola= 103 | prio=10 | https://www.asfi.gob.bo/pb/actividad-financiera-ilegal
[FULL_10_ASFI_FINRURAL] t=   2.5s | pag=  3 | files=   1 | data=  0 | cola= 113 | prio=10 | https://www.asfi.gob.bo/la/mercado-valores
[FULL_10_ASFI_FINRURAL] t=   3.1s | pag=  4 | files=   4 | data=  0 | cola= 112 | prio=10 | https://www.asfi.gob.bo/pb/boletin-trimestral-actualizacion-y-emision-normativa
[FULL_10_ASFI_FINRURAL] t=   3.9s | pag=  5 | files=   4 | data=  0 | cola= 130 | prio=10 | https://www.asfi.gob.bo/ef/educacion-financiera
[FULL_10_ASFI_FINRURAL] t=   4.7s | pag=  6 | files=   4 | data=  0 | cola= 133 | prio=10 | https://www.asfi.gob.bo/pb/puntos-atenci%C3%B3n-financiera
[FULL_10_ASFI_FINRURAL] t=   5.4s | pag=  7 | files=   4 | data=  0 | cola= 135 | prio=10 | https://www.asfi.gob.bo/pb/publicaciones-0
[FULL_10_ASFI_FINRURAL] t=   6.0s | pag=  8 | files=   4 | data=  0 | cola= 136 | prio=10 | https://www.asfi.gob.bo/pb/publicaciones-1
[FULL_10_ASFI_FINRURAL] t=   7.0s | pag=  9 | files=   4 | data=  0 | cola= 138 | prio=10 | https://www.asfi.gob.bo/pb/registro-mercado-valores
[FULL_10_ASFI_FINRURAL] t=   7.7s | pag= 10 | files=   4 | data=  0 | cola= 139 | prio=10 | https://www.asfi.gob.bo/pb/publicaciones-2
[FULL_10_ASFI_FINRURAL] t=   8.2s | pag= 11 | files=   4 | data=  0 | cola= 143 | prio=10 | https://www.asfi.gob.bo/pb/estadisticas-intermediacion-financiera
[FULL_10_ASFI_FINRURAL] t=   9.0s | pag= 12 | files=   4 | data=  0 | cola= 150 | prio=10 | https://www.asfi.gob.bo/pb/estadisticas-mercado-valores
[FULL_10_ASFI_FINRURAL] t=   9.9s | pag= 13 | files=   4 | data=  0 | cola= 154 | prio=10 | https://www.asfi.gob.bo/pb/datos-sobre-reclamos-y-consultas-atendidas
[FULL_10_ASFI_FINRURAL] t=  10.8s | pag= 14 | files=   4 | data=  0 | cola= 155 | prio=10 | https://www.asfi.gob.bo/la/estadisticas-sobre-supervision-legitimacion-ganancias-ilicitas-y-financiamiento-del-terrorismo
[FULL_10_ASFI_FINRURAL] DATASETS=1 | data_html_table | https://www.asfi.gob.bo/la/estadisticas-sobre-supervision-legitimacion-ganancias-ilicitas-y-financiamiento-del-terrorismo
[FULL_10_ASFI_FINRURAL] t=  11.8s | pag= 15 | files=   7 | data=  1 | cola= 154 | prio=10 | https://www.asfi.gob.bo/node/1008
[FULL_10_ASFI_FINRURAL] t=  12.2s | pag= 16 | files=   8 | data=  1 | cola= 153 | prio=10 | https://www.asfi.gob.bo/node/761
[FULL_10_ASFI_FINRURAL] t=  12.8s | pag= 17 | files=   8 | data=  1 | cola= 152 | prio=10 | https://www.asfi.gob.bo/node/770
[FULL_10_ASFI_FINRURAL] t=  13.5s | pag= 18 | files=   8 | data=  1 | cola= 151 | prio=10 | https://www.asfi.gob.bo/la/boletin-trimestral-actualizacion-y-emision-normativa-2026
[FULL_10_ASFI_FINRURAL] t=  14.4s | pag= 19 | files=  10 | data=  1 | cola= 150 | prio=10 | https://www.asfi.gob.bo/pb/puntos-atencion-financiera-eif
[FULL_10_ASFI_FINRURAL] t=  14.8s | pag= 20 | files=  10 | data=  1 | cola= 150 | prio=10 | https://www.asfi.gob.bo/pb/puntos-atencion-financiera-mv
[FULL_10_ASFI_FINRURAL] t=  15.2s | pag= 21 | files=  10 | data=  1 | cola= 150 | prio=10 | https://www.asfi.gob.bo/pb/puntos-atencion-financiera-esfc
[FULL_10_ASFI_FINRURAL] t=  15.7s | pag= 22 | files=  10 | data=  1 | cola= 150 | prio=10 | https://www.asfi.gob.bo/pagina-lista-boletines
[FULL_10_ASFI_FINRURAL] t=  16.4s | pag= 23 | files=  19 | data=  1 | cola= 151 | prio=10 | https://www.asfi.gob.bo/la/hechos-relevantes
[FULL_10_ASFI_FINRURAL] t=  16.9s | pag= 24 | files=  19 | data=  1 | cola= 162 | prio=10 | https://www.asfi.gob.bo/pb/boletines-estadisticos
[FULL_10_ASFI_FINRURAL] t=  18.7s | pag= 25 | files=  20 | data=  1 | cola= 174 | prio=10 | https://www.asfi.gob.bo/la/principales-indicadores-financieros
[FULL_10_ASFI_FINRURAL] t=  19.2s | pag= 26 | files=  20 | data=  1 | cola= 173 | prio=10 | https://www.asfi.gob.bo/node/1011
[FULL_10_ASFI_FINRURAL] t=  19.6s | pag= 27 | files=  20 | data=  1 | cola= 173 | prio=10 | https://www.asfi.gob.bo/node/1006
[FULL_10_ASFI_FINRURAL] t=  34.8s | pag= 28 | files=  37 | data=  1 | cola= 172 | prio=10 | https://www.asfi.gob.bo/pb/boletines-estadisticos-mercado-valores
[FULL_10_ASFI_FINRURAL] t=  35.7s | pag= 29 | files=  37 | data=  1 | cola= 183 | prio=10 | https://www.asfi.gob.bo/la/reportes-dinamicos
[FULL_10_ASFI_FINRURAL] t=  36.6s | pag= 30 | files=  37 | data=  1 | cola= 184 | prio=10 | https://www.asfi.gob.bo/pb/estadisticas-reclamos
[FULL_10_ASFI_FINRURAL] t=  37.3s | pag= 31 | files=  37 | data=  1 | cola= 222 | prio=10 | https://appweb2.asfi.gob.bo/PaginasPublicas2/VistaPAF/UbicacionPAF.aspx?Mercado=EIF
[FULL_10_ASFI_FINRURAL] DATASETS=2 | data_html_table | https://appweb2.asfi.gob.bo/PaginasPublicas2/VistaPAF/UbicacionPAF.aspx?Mercado=EIF
[FULL_10_ASFI_FINRURAL] t=  39.7s | pag= 32 | files=  37 | data=  2 | cola= 221 | prio=10 | https://appweb2.asfi.gob.bo/PaginasPublicas2/VistaPAF/UbicacionPAF.aspx?Mercado=MV
[FULL_10_ASFI_FINRURAL] DATASETS=3 | data_html_table | https://appweb2.asfi.gob.bo/PaginasPublicas2/VistaPAF/UbicacionPAF.aspx?Mercado=MV
[FULL_10_ASFI_FINRURAL] t=  40.7s | pag= 33 | files=  37 | data=  3 | cola= 220 | prio=10 | https://appweb2.asfi.gob.bo/PaginasPublicas2/VistaPAF/UbicacionPAF.aspx?Mercado=ESFC
[FULL_10_ASFI_FINRURAL] DATASETS=4 | data_html_table | https://appweb2.asfi.gob.bo/PaginasPublicas2/VistaPAF/UbicacionPAF.aspx?Mercado=ESFC
[FULL_10_ASFI_FINRURAL] t=  42.4s | pag= 34 | files=  37 | data=  4 | cola= 219 | prio=10 | https://www.asfi.gob.bo/pagina-lista-boletines?page=1
[FULL_10_ASFI_FINRURAL] t=  43.0s | pag= 35 | files=  46 | data=  4 | cola= 219 | prio=10 | https://www.asfi.gob.bo/pagina-lista-boletines?page=2
[FULL_10_ASFI_FINRURAL] t=  43.9s | pag= 36 | files=  54 | data=  4 | cola= 218 | prio=10 | https://www.asfi.gob.bo/pb/entidades-financieras-vivienda
[FULL_10_ASFI_FINRURAL] t=  44.4s | pag= 37 | files=  54 | data=  4 | cola= 217 | prio=10 | https://www.asfi.gob.bo/pb/instituciones-financieras-desarrollo
[FULL_10_ASFI_FINRURAL] t=  45.2s | pag= 38 | files=  54 | data=  4 | cola= 216 | prio=10 | https://www.asfi.gob.bo/la/boletines-estadisticos-mercado-valores-2026
[FULL_10_ASFI_FINRURAL] DATASETS=5 | data_html_table | https://www.asfi.gob.bo/la/boletines-estadisticos-mercado-valores-2026
[FULL_10_ASFI_FINRURAL] t=  51.5s | pag= 39 | files=  58 | data=  5 | cola= 215 | prio=10 | https://appweb2.asfi.gob.bo/PaginasPublicas2/vistareportevalores/EvolutivoFondosInversion.aspx
[FULL_10_ASFI_FINRURAL] t=  52.6s | pag= 40 | files=  58 | data=  5 | cola= 214 | prio=10 | https://appweb2.asfi.gob.bo/PaginasPublicas2/vistareportevalores/fondosInversionGeneral.aspx
[FULL_10_ASFI_FINRURAL] t=  53.5s | pag= 41 | files=  58 | data=  5 | cola= 213 | prio=10 | https://www.asfi.gob.bo/la/1deg-reclamos-recibidos-entidades-financieras-primera-instancia-2026
[FULL_10_ASFI_FINRURAL] t=  56.5s | pag= 42 | files=  60 | data=  5 | cola= 212 | prio=10 | https://www.asfi.gob.bo/node/959
[FULL_10_ASFI_FINRURAL] t=  59.5s | pag= 43 | files=  62 | data=  5 | cola= 211 | prio=10 | https://www.asfi.gob.bo/node/962
[FULL_10_ASFI_FINRURAL] t=  60.1s | pag= 44 | files=  64 | data=  5 | cola= 210 | prio=10 | https://www.asfi.gob.bo/node/965
[FULL_10_ASFI_FINRURAL] t=  60.8s | pag= 45 | files=  66 | data=  5 | cola= 209 | prio=10 | https://www.asfi.gob.bo/node/968
[FULL_10_ASFI_FINRURAL] t=  61.2s | pag= 46 | files=  68 | data=  5 | cola= 208 | prio=10 | https://www.asfi.gob.bo/node/971
[FULL_10_ASFI_FINRURAL] t=  62.1s | pag= 47 | files=  70 | data=  5 | cola= 207 | prio=10 | https://www.asfi.gob.bo/node/974
[FULL_10_ASFI_FINRURAL] t=  62.6s | pag= 48 | files=  72 | data=  5 | cola= 206 | prio=10 | https://www.asfi.gob.bo/node/977
[FULL_10_ASFI_FINRURAL] t=  63.6s | pag= 49 | files=  74 | data=  5 | cola= 205 | prio=10 | https://www.asfi.gob.bo/node/980
[FULL_10_ASFI_FINRURAL] t=  64.1s | pag= 50 | files=  76 | data=  5 | cola= 204 | prio=10 | https://www.asfi.gob.bo/node/983
[FULL_10_ASFI_FINRURAL] t=  64.7s | pag= 51 | files=  78 | data=  5 | cola= 203 | prio=10 | https://www.asfi.gob.bo/node/986
[FULL_10_ASFI_FINRURAL] t=  65.3s | pag= 52 | files=  80 | data=  5 | cola= 202 | prio=10 | https://www.asfi.gob.bo/node/989
[FULL_10_ASFI_FINRURAL] t=  65.7s | pag= 53 | files=  82 | data=  5 | cola= 201 | prio=10 | https://www.asfi.gob.bo/node/992
[FULL_10_ASFI_FINRURAL] t=  66.3s | pag= 54 | files=  84 | data=  5 | cola= 200 | prio=10 | https://www.asfi.gob.bo/pagina-lista-boletines?page=0
[FULL_10_ASFI_FINRURAL] t=  67.2s | pag= 55 | files=  84 | data=  5 | cola= 199 | prio=50 | https://www.asfi.gob.bo/pagina-memoria-institucional
[FULL_10_ASFI_FINRURAL] t=  68.0s | pag= 56 | files=  94 | data=  5 | cola= 201 | prio=40 | https://www.asfi.gob.bo/pagina-memoria-institucional?page=1
[FULL_10_ASFI_FINRURAL] t=  69.0s | pag= 57 | files= 104 | data=  5 | cola= 201 | prio=40 | https://www.asfi.gob.bo/pagina-memoria-institucional?page=2
[FULL_10_ASFI_FINRURAL] t=  69.7s | pag= 58 | files= 114 | data=  5 | cola= 200 | prio=40 | https://www.asfi.gob.bo/pagina-memoria-institucional?page=3
[FULL_10_ASFI_FINRURAL] t=  70.2s | pag= 59 | files= 120 | data=  5 | cola= 199 | prio=40 | https://www.asfi.gob.bo/pagina-memoria-institucional?page=0
[FULL_10_ASFI_FINRURAL] t=  70.7s | pag= 60 | files= 120 | data=  5 | cola= 198 | prio=50 | https://www.asfi.gob.bo/pb/objetivos-institucionales
[FULL_10_ASFI_FINRURAL] t=  71.5s | pag= 61 | files= 120 | data=  5 | cola= 197 | prio=50 | https://www.asfi.gob.bo/pb/informacion-mae
[FULL_10_ASFI_FINRURAL] t=  72.1s | pag= 62 | files= 120 | data=  5 | cola= 196 | prio=50 | https://www.asfi.gob.bo/la/politica-calidad
[FULL_10_ASFI_FINRURAL] t=  72.7s | pag= 63 | files= 120 | data=  5 | cola= 195 | prio=50 | https://www.asfi.gob.bo/pb/plan-estrategico-institucional-pei
[FULL_10_ASFI_FINRURAL] t=  73.3s | pag= 64 | files= 121 | data=  5 | cola= 194 | prio=50 | https://www.asfi.gob.bo/pagina-poa
[FULL_10_ASFI_FINRURAL] t=  74.1s | pag= 65 | files= 124 | data=  5 | cola= 195 | prio=50 | https://www.asfi.gob.bo/la/seguimiento-y-evaluacion-al-poa
[FULL_10_ASFI_FINRURAL] t=  74.5s | pag= 66 | files= 150 | data=  5 | cola= 194 | prio=50 | https://www.asfi.gob.bo/la/mapa-procesos
[FULL_10_ASFI_FINRURAL] t=  75.1s | pag= 67 | files= 151 | data=  5 | cola= 193 | prio=50 | https://www.asfi.gob.bo/pb/plan-implementacion-software-libre-y-estandares-abiertos-pislea
[FULL_10_ASFI_FINRURAL] t=  75.5s | pag= 68 | files= 152 | data=  5 | cola= 192 | prio=50 | https://www.asfi.gob.bo/presupuesto-institucional
[FULL_10_ASFI_FINRURAL] t=  76.1s | pag= 69 | files= 154 | data=  5 | cola= 191 | prio=50 | https://www.asfi.gob.bo/pb/ejecucion-presupuestaria
[FULL_10_ASFI_FINRURAL] t=  76.6s | pag= 70 | files= 155 | data=  5 | cola= 190 | prio=50 | https://www.asfi.gob.bo/pb/fuentes-financiamiento
[FULL_10_ASFI_FINRURAL] t=  77.1s | pag= 71 | files= 158 | data=  5 | cola= 189 | prio=50 | https://www.asfi.gob.bo/la/balance-general
[FULL_10_ASFI_FINRURAL] t=  78.3s | pag= 72 | files= 164 | data=  5 | cola= 188 | prio=50 | https://www.asfi.gob.bo/auditorias
[FULL_10_ASFI_FINRURAL] t=  79.2s | pag= 73 | files= 206 | data=  5 | cola= 191 | prio=40 | https://www.asfi.gob.bo/auditorias?page=1
[FULL_10_ASFI_FINRURAL] t=  80.1s | pag= 74 | files= 279 | data=  5 | cola= 191 | prio=40 | https://www.asfi.gob.bo/auditorias?page=2
[FULL_10_ASFI_FINRURAL] t=  80.8s | pag= 75 | files= 338 | data=  5 | cola= 190 | prio=40 | https://www.asfi.gob.bo/auditorias?page=3
[FULL_10_ASFI_FINRURAL] t=  81.4s | pag= 76 | files= 394 | data=  5 | cola= 189 | prio=40 | https://www.asfi.gob.bo/auditorias?page=4
[FULL_10_ASFI_FINRURAL] t=  81.8s | pag= 77 | files= 396 | data=  5 | cola= 188 | prio=40 | https://www.asfi.gob.bo/auditorias?page=0
[FULL_10_ASFI_FINRURAL] t=  82.5s | pag= 78 | files= 396 | data=  5 | cola= 187 | prio=50 | https://www.asfi.gob.bo/pb/gestion-denuncias-actoshechos-corrupcion
[FULL_10_ASFI_FINRURAL] t=  82.9s | pag= 79 | files= 397 | data=  5 | cola= 186 | prio=50 | https://www.asfi.gob.bo/form/solicitud-de-informacion
[FULL_10_ASFI_FINRURAL] t=  83.5s | pag= 80 | files= 397 | data=  5 | cola= 185 | prio=50 | https://www.asfi.gob.bo/rendicion
[FULL_10_ASFI_FINRURAL] t=  84.3s | pag= 81 | files= 407 | data=  5 | cola= 186 | prio=40 | https://www.asfi.gob.bo/rendicion?page=1
[FULL_10_ASFI_FINRURAL] t=  84.7s | pag= 82 | files= 424 | data=  5 | cola= 186 | prio=40 | https://www.asfi.gob.bo/rendicion?page=2
[FULL_10_ASFI_FINRURAL] t=  85.6s | pag= 83 | files= 434 | data=  5 | cola= 185 | prio=40 | https://www.asfi.gob.bo/rendicion?page=0
[FULL_10_ASFI_FINRURAL] t=  85.9s | pag= 84 | files= 434 | data=  5 | cola= 184 | prio=50 | https://www.asfi.gob.bo/la/programa-tranca-cero
[FULL_10_ASFI_FINRURAL] t=  86.4s | pag= 85 | files= 436 | data=  5 | cola= 183 | prio=50 | https://www.asfi.gob.bo/p-gina-de-notas-de-prensa
[FULL_10_ASFI_FINRURAL] t=  87.4s | pag= 86 | files= 436 | data=  5 | cola= 190 | prio=40 | https://www.asfi.gob.bo/p-gina-de-notas-de-prensa?page=1
[FULL_10_ASFI_FINRURAL] t=  87.8s | pag= 87 | files= 436 | data=  5 | cola= 199 | prio=40 | https://www.asfi.gob.bo/p-gina-de-notas-de-prensa?page=2
[FULL_10_ASFI_FINRURAL] t=  88.4s | pag= 88 | files= 436 | data=  5 | cola= 205 | prio=40 | https://www.asfi.gob.bo/p-gina-de-notas-de-prensa?page=0
[FULL_10_ASFI_FINRURAL] t=  89.1s | pag= 89 | files= 436 | data=  5 | cola= 204 | prio=50 | https://www.asfi.gob.bo/pagina-de-revistas
[FULL_10_ASFI_FINRURAL] t=  89.9s | pag= 90 | files= 438 | data=  5 | cola= 203 | prio=50 | https://www.asfi.gob.bo/pb/trabajos-investigacion
[FULL_10_ASFI_FINRURAL] t=  90.9s | pag= 91 | files= 438 | data=  5 | cola= 205 | prio=10 | https://www.asfi.gob.bo/pb/publicaciones
[FULL_10_ASFI_FINRURAL] t=  91.7s | pag= 92 | files= 442 | data=  5 | cola= 204 | prio=10 | https://www.asfi.gob.bo/pagina-de-otras-publicaciones
[FULL_10_ASFI_FINRURAL] t=  92.2s | pag= 93 | files= 444 | data=  5 | cola= 203 | prio=50 | https://www.asfi.gob.bo/pagina-lista-articulos
[FULL_10_ASFI_FINRURAL] t=  92.8s | pag= 94 | files= 453 | data=  5 | cola= 211 | prio=40 | https://www.asfi.gob.bo/pagina-lista-articulos?page=1
[FULL_10_ASFI_FINRURAL] t=  93.4s | pag= 95 | files= 462 | data=  5 | cola= 211 | prio=40 | https://www.asfi.gob.bo/pagina-lista-articulos?page=2
[FULL_10_ASFI_FINRURAL] t=  93.9s | pag= 96 | files= 471 | data=  5 | cola= 210 | prio=40 | https://www.asfi.gob.bo/pagina-lista-articulos?page=3
[FULL_10_ASFI_FINRURAL] t=  94.7s | pag= 97 | files= 480 | data=  5 | cola= 209 | prio=40 | https://www.asfi.gob.bo/pagina-lista-articulos?page=4
[FULL_10_ASFI_FINRURAL] t=  95.1s | pag= 98 | files= 489 | data=  5 | cola= 208 | prio=40 | https://www.asfi.gob.bo/pagina-lista-articulos?page=5
[FULL_10_ASFI_FINRURAL] t=  96.2s | pag= 99 | files= 498 | data=  5 | cola= 208 | prio=40 | https://www.asfi.gob.bo/pagina-lista-articulos?page=6
[FULL_10_ASFI_FINRURAL] t=  96.9s | pag=100 | files= 506 | data=  5 | cola= 208 | prio=40 | https://www.asfi.gob.bo/pagina-lista-articulos?page=7
[FULL_10_ASFI_FINRURAL] t=  97.6s | pag=101 | files= 512 | data=  5 | cola= 208 | prio=40 | https://www.asfi.gob.bo/pagina-lista-articulos?page=8
[FULL_10_ASFI_FINRURAL] t=  98.1s | pag=102 | files= 521 | data=  5 | cola= 208 | prio=40 | https://www.asfi.gob.bo/pagina-lista-articulos?page=40
[FULL_10_ASFI_FINRURAL] t=  98.7s | pag=103 | files= 522 | data=  5 | cola= 215 | prio=40 | https://www.asfi.gob.bo/pagina-lista-articulos?page=0
[FULL_10_ASFI_FINRURAL] t=  99.7s | pag=104 | files= 522 | data=  5 | cola= 214 | prio=40 | https://www.asfi.gob.bo/pagina-lista-articulos?page=9
[FULL_10_ASFI_FINRURAL] t= 100.1s | pag=105 | files= 528 | data=  5 | cola= 214 | prio=40 | https://www.asfi.gob.bo/pagina-lista-articulos?page=10
[FULL_10_ASFI_FINRURAL] t= 100.7s | pag=106 | files= 531 | data=  5 | cola= 214 | prio=40 | https://www.asfi.gob.bo/pagina-lista-articulos?page=11
[FULL_10_ASFI_FINRURAL] t= 101.7s | pag=107 | files= 535 | data=  5 | cola= 214 | prio=40 | https://www.asfi.gob.bo/pagina-lista-articulos?page=12
[FULL_10_ASFI_FINRURAL] t= 102.6s | pag=108 | files= 535 | data=  5 | cola= 214 | prio=40 | https://www.asfi.gob.bo/pagina-lista-articulos?page=39
[FULL_10_ASFI_FINRURAL] t= 103.4s | pag=109 | files= 544 | data=  5 | cola= 213 | prio=40 | https://www.asfi.gob.bo/pagina-lista-articulos?page=32
[FULL_10_ASFI_FINRURAL] t= 104.0s | pag=110 | files= 553 | data=  5 | cola= 216 | prio=40 | https://www.asfi.gob.bo/pagina-lista-articulos?page=33
[FULL_10_ASFI_FINRURAL] t= 104.4s | pag=111 | files= 562 | data=  5 | cola= 215 | prio=40 | https://www.asfi.gob.bo/pagina-lista-articulos?page=34
[FULL_10_ASFI_FINRURAL] t= 105.1s | pag=112 | files= 571 | data=  5 | cola= 214 | prio=40 | https://www.asfi.gob.bo/pagina-lista-articulos?page=35
[FULL_10_ASFI_FINRURAL] t= 105.9s | pag=113 | files= 580 | data=  5 | cola= 213 | prio=40 | https://www.asfi.gob.bo/pagina-lista-articulos?page=36
[FULL_10_ASFI_FINRURAL] t= 106.8s | pag=114 | files= 588 | data=  5 | cola= 212 | prio=40 | https://www.asfi.gob.bo/pagina-lista-articulos?page=37
[FULL_10_ASFI_FINRURAL] t= 108.0s | pag=115 | files= 597 | data=  5 | cola= 211 | prio=40 | https://www.asfi.gob.bo/pagina-lista-articulos?page=38
[FULL_10_ASFI_FINRURAL] t= 108.5s | pag=116 | files= 606 | data=  5 | cola= 210 | prio=40 | https://www.asfi.gob.bo/pagina-lista-articulos?page=13
[FULL_10_ASFI_FINRURAL] t= 109.4s | pag=117 | files= 615 | data=  5 | cola= 210 | prio=40 | https://www.asfi.gob.bo/pagina-lista-articulos?page=14
[FULL_10_ASFI_FINRURAL] t= 110.3s | pag=118 | files= 624 | data=  5 | cola= 210 | prio=40 | https://www.asfi.gob.bo/pagina-lista-articulos?page=15
[FULL_10_ASFI_FINRURAL] t= 110.7s | pag=119 | files= 633 | data=  5 | cola= 210 | prio=40 | https://www.asfi.gob.bo/pagina-lista-articulos?page=16
[FULL_10_ASFI_FINRURAL] t= 111.6s | pag=120 | files= 642 | data=  5 | cola= 210 | prio=40 | https://www.asfi.gob.bo/pagina-lista-articulos?page=31
[FULL_10_ASFI_FINRURAL] t= 112.4s | pag=121 | files= 651 | data=  5 | cola= 210 | prio=40 | https://www.asfi.gob.bo/pagina-lista-articulos?page=28
[FULL_10_ASFI_FINRURAL] t= 113.3s | pag=122 | files= 660 | data=  5 | cola= 212 | prio=40 | https://www.asfi.gob.bo/pagina-lista-articulos?page=29
[FULL_10_ASFI_FINRURAL] t= 114.2s | pag=123 | files= 669 | data=  5 | cola= 211 | prio=40 | https://www.asfi.gob.bo/pagina-lista-articulos?page=30
[FULL_10_ASFI_FINRURAL] t= 115.4s | pag=124 | files= 678 | data=  5 | cola= 210 | prio=40 | https://www.asfi.gob.bo/pagina-lista-articulos?page=17
[FULL_10_ASFI_FINRURAL] t= 116.1s | pag=125 | files= 687 | data=  5 | cola= 210 | prio=40 | https://www.asfi.gob.bo/pagina-lista-articulos?page=18
[FULL_10_ASFI_FINRURAL] t= 116.8s | pag=126 | files= 696 | data=  5 | cola= 210 | prio=40 | https://www.asfi.gob.bo/pagina-lista-articulos?page=19
[FULL_10_ASFI_FINRURAL] t= 117.9s | pag=127 | files= 705 | data=  5 | cola= 210 | prio=40 | https://www.asfi.gob.bo/pagina-lista-articulos?page=20
[FULL_10_ASFI_FINRURAL] t= 118.7s | pag=128 | files= 714 | data=  5 | cola= 209 | prio=40 | https://www.asfi.gob.bo/pagina-lista-articulos?page=27
[FULL_10_ASFI_FINRURAL] t= 119.6s | pag=129 | files= 723 | data=  5 | cola= 208 | prio=40 | https://www.asfi.gob.bo/pagina-lista-articulos?page=24
[FULL_10_ASFI_FINRURAL] t= 120.1s | pag=130 | files= 732 | data=  5 | cola= 207 | prio=40 | https://www.asfi.gob.bo/pagina-lista-articulos?page=25
[FULL_10_ASFI_FINRURAL] t= 120.6s | pag=131 | files= 741 | data=  5 | cola= 206 | prio=40 | https://www.asfi.gob.bo/pagina-lista-articulos?page=26
[FULL_10_ASFI_FINRURAL] t= 121.2s | pag=132 | files= 750 | data=  5 | cola= 205 | prio=40 | https://www.asfi.gob.bo/pagina-lista-articulos?page=21
[FULL_10_ASFI_FINRURAL] t= 122.2s | pag=133 | files= 759 | data=  5 | cola= 204 | prio=40 | https://www.asfi.gob.bo/pagina-lista-articulos?page=22
[FULL_10_ASFI_FINRURAL] t= 122.6s | pag=134 | files= 768 | data=  5 | cola= 203 | prio=40 | https://www.asfi.gob.bo/pagina-lista-articulos?page=23
[FULL_10_ASFI_FINRURAL] t= 123.1s | pag=135 | files= 777 | data=  5 | cola= 202 | prio=50 | https://www.asfi.gob.bo/pagina-lista-campanias
[FULL_10_ASFI_FINRURAL] t= 123.8s | pag=136 | files= 777 | data=  5 | cola= 213 | prio=40 | https://www.asfi.gob.bo/pagina-lista-campanias?page=1
[FULL_10_ASFI_FINRURAL] t= 124.3s | pag=137 | files= 777 | data=  5 | cola= 222 | prio=40 | https://www.asfi.gob.bo/pagina-lista-campanias?page=2
[FULL_10_ASFI_FINRURAL] t= 125.0s | pag=138 | files= 777 | data=  5 | cola= 231 | prio=40 | https://www.asfi.gob.bo/pagina-lista-campanias?page=4
[FULL_10_ASFI_FINRURAL] t= 125.4s | pag=139 | files= 777 | data=  5 | cola= 232 | prio=40 | https://www.asfi.gob.bo/pagina-lista-campanias?page=0
[FULL_10_ASFI_FINRURAL] t= 125.9s | pag=140 | files= 777 | data=  5 | cola= 231 | prio=40 | https://www.asfi.gob.bo/pagina-lista-campanias?page=3
[FULL_10_ASFI_FINRURAL] t= 126.4s | pag=141 | files= 777 | data=  5 | cola= 239 | prio=50 | https://www.asfi.gob.bo/pagina-de-comunicados
[FULL_10_ASFI_FINRURAL] t= 127.4s | pag=142 | files= 787 | data=  5 | cola= 239 | prio=40 | https://www.asfi.gob.bo/pagina-de-comunicados?page=1
[FULL_10_ASFI_FINRURAL] t= 128.0s | pag=143 | files= 795 | data=  5 | cola= 239 | prio=40 | https://www.asfi.gob.bo/pagina-de-comunicados?page=0
[FULL_10_ASFI_FINRURAL] t= 128.5s | pag=144 | files= 795 | data=  5 | cola= 238 | prio=50 | https://www.asfi.gob.bo/pb/spots-institucionales
[FULL_10_ASFI_FINRURAL] t= 129.4s | pag=145 | files= 795 | data=  5 | cola= 237 | prio=50 | https://www.asfi.gob.bo/pb/organigrama-institucional
[FULL_10_ASFI_FINRURAL] t= 129.8s | pag=146 | files= 796 | data=  5 | cola= 236 | prio=50 | https://www.asfi.gob.bo/la/nomina-servidores
[FULL_10_ASFI_FINRURAL] t= 130.4s | pag=147 | files= 797 | data=  5 | cola= 235 | prio=50 | https://www.asfi.gob.bo/escala-salarial
[FULL_10_ASFI_FINRURAL] t= 131.1s | pag=148 | files= 800 | data=  5 | cola= 234 | prio=50 | https://www.asfi.gob.bo/manual-de-organizaci-n-funcional
[FULL_10_ASFI_FINRURAL] t= 131.9s | pag=149 | files= 801 | data=  5 | cola= 233 | prio=50 | https://www.asfi.gob.bo/manual-de-procedimiento
[FULL_10_ASFI_FINRURAL] t= 132.5s | pag=150 | files= 802 | data=  5 | cola= 232 | prio=50 | https://www.asfi.gob.bo/poais
[FULL_10_ASFI_FINRURAL] t= 133.2s | pag=151 | files= 803 | data=  5 | cola= 232 | prio=50 | https://www.asfi.gob.bo/la/manual-puestos
[FULL_10_ASFI_FINRURAL] t= 133.7s | pag=152 | files= 826 | data=  5 | cola= 231 | prio=50 | https://www.asfi.gob.bo/oportunidad-de-empleo
[FULL_10_ASFI_FINRURAL] t= 134.7s | pag=153 | files= 826 | data=  5 | cola= 230 | prio=50 | https://www.asfi.gob.bo/pb/terminos-referencia-consultores-linea
[FULL_10_ASFI_FINRURAL] t= 135.4s | pag=154 | files= 826 | data=  5 | cola= 229 | prio=50 | https://www.asfi.gob.bo/convocatorias
[FULL_10_ASFI_FINRURAL] t= 136.1s | pag=155 | files= 836 | data=  5 | cola= 231 | prio=40 | https://www.asfi.gob.bo/convocatorias?page=1
[FULL_10_ASFI_FINRURAL] t= 136.9s | pag=156 | files= 846 | data=  5 | cola= 231 | prio=40 | https://www.asfi.gob.bo/convocatorias?page=2
[FULL_10_ASFI_FINRURAL] t= 137.8s | pag=157 | files= 856 | data=  5 | cola= 231 | prio=40 | https://www.asfi.gob.bo/convocatorias?page=10
[FULL_10_ASFI_FINRURAL] t= 139.9s | pag=158 | files= 857 | data=  5 | cola= 232 | prio=40 | https://www.asfi.gob.bo/convocatorias?page=0
[FULL_10_ASFI_FINRURAL] t= 141.0s | pag=159 | files= 857 | data=  5 | cola= 231 | prio=40 | https://www.asfi.gob.bo/convocatorias?page=3
[FULL_10_ASFI_FINRURAL] t= 141.6s | pag=160 | files= 867 | data=  5 | cola= 231 | prio=40 | https://www.asfi.gob.bo/convocatorias?page=9
[FULL_10_ASFI_FINRURAL] t= 142.4s | pag=161 | files= 877 | data=  5 | cola= 230 | prio=40 | https://www.asfi.gob.bo/convocatorias?page=8
[FULL_10_ASFI_FINRURAL] t= 143.2s | pag=162 | files= 887 | data=  5 | cola= 230 | prio=40 | https://www.asfi.gob.bo/convocatorias?page=4
[FULL_10_ASFI_FINRURAL] t= 143.6s | pag=163 | files= 897 | data=  5 | cola= 230 | prio=40 | https://www.asfi.gob.bo/convocatorias?page=7
[FULL_10_ASFI_FINRURAL] t= 144.2s | pag=164 | files= 907 | data=  5 | cola= 230 | prio=40 | https://www.asfi.gob.bo/convocatorias?page=5
[FULL_10_ASFI_FINRURAL] t= 145.0s | pag=165 | files= 917 | data=  5 | cola= 229 | prio=40 | https://www.asfi.gob.bo/convocatorias?page=6
[FULL_10_ASFI_FINRURAL] t= 145.7s | pag=166 | files= 927 | data=  5 | cola= 228 | prio=50 | https://www.asfi.gob.bo/proveedores
[FULL_10_ASFI_FINRURAL] t= 146.6s | pag=167 | files= 929 | data=  5 | cola= 227 | prio=50 | https://www.asfi.gob.bo/pb/programa-anual-contrataciones
[FULL_10_ASFI_FINRURAL] t= 147.1s | pag=168 | files= 931 | data=  5 | cola= 226 | prio=50 | https://www.asfi.gob.bo/la/normativa-internacional
[FULL_10_ASFI_FINRURAL] t= 148.1s | pag=169 | files= 931 | data=  5 | cola= 225 | prio=50 | https://www.asfi.gob.bo/pb/reglamentos-vigentes
[FULL_10_ASFI_FINRURAL] t= 148.7s | pag=170 | files= 939 | data=  5 | cola= 224 | prio=50 | https://www.asfi.gob.bo/pb/servicios-financieros
[FULL_10_ASFI_FINRURAL] t= 149.5s | pag=171 | files= 940 | data=  5 | cola= 225 | prio=10 | https://www.asfi.gob.bo/node/402
[FULL_10_ASFI_FINRURAL] t= 150.1s | pag=172 | files= 941 | data=  5 | cola= 224 | prio=50 | https://www.asfi.gob.bo/pb/registro-suscriptores-al-servicio-comunicacion
[FULL_10_ASFI_FINRURAL] t= 150.9s | pag=173 | files= 941 | data=  5 | cola= 224 | prio=50 | https://www.asfi.gob.bo/pb/legislacion-y-disposiciones-para-regulados
[FULL_10_ASFI_FINRURAL] t= 151.5s | pag=174 | files= 941 | data=  5 | cola= 230 | prio=50 | https://www.asfi.gob.bo/pb/decretos
[FULL_10_ASFI_FINRURAL] t= 152.8s | pag=175 | files=1018 | data=  5 | cola= 229 | prio=50 | https://www.asfi.gob.bo/pb/normativa-nacional
[FULL_10_ASFI_FINRURAL] t= 153.7s | pag=176 | files=1035 | data=  5 | cola= 228 | prio=50 | https://www.asfi.gob.bo/pb/registro-y-seguimiento-reclamos
[FULL_10_ASFI_FINRURAL] t= 154.2s | pag=177 | files=1035 | data=  5 | cola= 229 | prio=50 | https://www.asfi.gob.bo/la/derechos-del-consumidor-financiero
[FULL_10_ASFI_FINRURAL] t= 154.9s | pag=178 | files=1035 | data=  5 | cola= 228 | prio=50 | https://www.asfi.gob.bo/la/cajeros-automaticos-para-personas-discapacidad
[FULL_10_ASFI_FINRURAL] t= 155.8s | pag=179 | files=1037 | data=  5 | cola= 227 | prio=50 | https://www.asfi.gob.bo/la/lineamientos-para-enif
[FULL_10_ASFI_FINRURAL] t= 156.4s | pag=180 | files=1038 | data=  5 | cola= 226 | prio=50 | https://asfidigital.asfi.gob.bo/inicio
[FULL_10_ASFI_FINRURAL] t= 157.3s | pag=181 | files=1038 | data=  5 | cola= 225 | prio=50 | https://appweb2.asfi.gob.bo/PaginasPublicas2/VistaAvisoRemate/AvisoRemate.aspx
[FULL_10_ASFI_FINRURAL] t= 171.5s | pag=182 | files=1038 | data=  5 | cola= 224 | prio=50 | https://www.asfi.gob.bo/pb/contratos-modelo-para-servicios-financieros
[FULL_10_ASFI_FINRURAL] t= 172.1s | pag=183 | files=1038 | data=  5 | cola= 224 | prio=50 | https://appweb2.asfi.gob.bo/PaginasPublicas2/VistaDeudasENEjecucion/DeudasEjecucion.aspx
[FULL_10_ASFI_FINRURAL] t= 172.8s | pag=184 | files=1038 | data=  5 | cola= 223 | prio=50 | https://asfi.gob.bo/la/tarifarios
[FULL_10_ASFI_FINRURAL] DATASETS=6 | data_html_table | https://asfi.gob.bo/la/tarifarios
[FULL_10_ASFI_FINRURAL] t= 196.9s | pag=185 | files=1056 | data=  6 | cola= 308 | prio=10 | https://asfi.gob.bo/la/resena-historica
[FULL_10_ASFI_FINRURAL] t= 198.5s | pag=186 | files=1057 | data=  6 | cola= 307 | prio=10 | https://asfi.gob.bo/pb/actividad-financiera-ilegal
[FULL_10_ASFI_FINRURAL] t= 199.1s | pag=187 | files=1057 | data=  6 | cola= 317 | prio=10 | https://asfi.gob.bo/la/mercado-valores
[FULL_10_ASFI_FINRURAL] t= 199.7s | pag=188 | files=1057 | data=  6 | cola= 316 | prio=10 | https://asfi.gob.bo/pb/boletin-trimestral-actualizacion-y-emision-normativa
[FULL_10_ASFI_FINRURAL] t= 200.5s | pag=189 | files=1057 | data=  6 | cola= 333 | prio=10 | https://asfi.gob.bo/ef/educacion-financiera
[FULL_10_ASFI_FINRURAL] t= 201.1s | pag=190 | files=1057 | data=  6 | cola= 336 | prio=10 | https://asfi.gob.bo/pb/puntos-atenci%C3%B3n-financiera
[FULL_10_ASFI_FINRURAL] t= 201.8s | pag=191 | files=1057 | data=  6 | cola= 338 | prio=10 | https://asfi.gob.bo/pb/publicaciones-0
[FULL_10_ASFI_FINRURAL] t= 202.5s | pag=192 | files=1057 | data=  6 | cola= 339 | prio=10 | https://asfi.gob.bo/pb/publicaciones-1
[FULL_10_ASFI_FINRURAL] t= 203.2s | pag=193 | files=1057 | data=  6 | cola= 341 | prio=10 | https://asfi.gob.bo/pb/registro-mercado-valores
[FULL_10_ASFI_FINRURAL] t= 203.8s | pag=194 | files=1057 | data=  6 | cola= 342 | prio=10 | https://asfi.gob.bo/pb/publicaciones-2
[FULL_10_ASFI_FINRURAL] t= 204.3s | pag=195 | files=1057 | data=  6 | cola= 346 | prio=10 | https://asfi.gob.bo/pb/estadisticas-intermediacion-financiera
[FULL_10_ASFI_FINRURAL] t= 205.0s | pag=196 | files=1057 | data=  6 | cola= 356 | prio=10 | https://asfi.gob.bo/pb/estadisticas-mercado-valores
[FULL_10_ASFI_FINRURAL] t= 205.7s | pag=197 | files=1057 | data=  6 | cola= 360 | prio=10 | https://asfi.gob.bo/pb/datos-sobre-reclamos-y-consultas-atendidas
[FULL_10_ASFI_FINRURAL] t= 206.3s | pag=198 | files=1057 | data=  6 | cola= 361 | prio=10 | https://asfi.gob.bo/la/estadisticas-sobre-supervision-legitimacion-ganancias-ilicitas-y-financiamiento-del-terrorismo
[FULL_10_ASFI_FINRURAL] DATASETS=7 | data_html_table | https://asfi.gob.bo/la/estadisticas-sobre-supervision-legitimacion-ganancias-ilicitas-y-financiamiento-del-terrorismo
[FULL_10_ASFI_FINRURAL] t= 207.0s | pag=199 | files=1060 | data=  7 | cola= 360 | prio=10 | https://asfi.gob.bo/node/761
[FULL_10_ASFI_FINRURAL] t= 207.9s | pag=200 | files=1060 | data=  7 | cola= 359 | prio=10 | https://asfi.gob.bo/node/770
[FULL_10_ASFI_FINRURAL] t= 210.9s | pag=201 | files=1060 | data=  7 | cola= 358 | prio=10 | https://asfi.gob.bo/pb/puntos-atencion-financiera-eif
[FULL_10_ASFI_FINRURAL] t= 213.2s | pag=202 | files=1060 | data=  7 | cola= 357 | prio=10 | https://asfi.gob.bo/pb/puntos-atencion-financiera-mv
[FULL_10_ASFI_FINRURAL] t= 213.4s | pag=203 | files=1060 | data=  7 | cola= 356 | prio=10 | https://asfi.gob.bo/pb/puntos-atencion-financiera-esfc
[FULL_10_ASFI_FINRURAL] t= 213.9s | pag=204 | files=1060 | data=  7 | cola= 355 | prio=10 | https://asfi.gob.bo/pagina-lista-boletines
[FULL_10_ASFI_FINRURAL] t= 214.3s | pag=205 | files=1069 | data=  7 | cola= 356 | prio=10 | https://asfi.gob.bo/la/hechos-relevantes
[FULL_10_ASFI_FINRURAL] t= 214.8s | pag=206 | files=1069 | data=  7 | cola= 367 | prio=10 | https://asfi.gob.bo/node/1008
[FULL_10_ASFI_FINRURAL] t= 215.4s | pag=207 | files=1070 | data=  7 | cola= 366 | prio=10 | https://asfi.gob.bo/pb/boletines-estadisticos
[FULL_10_ASFI_FINRURAL] t= 217.7s | pag=208 | files=1071 | data=  7 | cola= 378 | prio=10 | https://asfi.gob.bo/la/principales-indicadores-financieros
[FULL_10_ASFI_FINRURAL] t= 218.4s | pag=209 | files=1071 | data=  7 | cola= 377 | prio=10 | https://asfi.gob.bo/node/1011
[FULL_10_ASFI_FINRURAL] t= 219.0s | pag=210 | files=1071 | data=  7 | cola= 376 | prio=10 | https://asfi.gob.bo/node/1006
[FULL_10_ASFI_FINRURAL] t= 234.1s | pag=211 | files=1088 | data=  7 | cola= 375 | prio=10 | https://asfi.gob.bo/pb/boletines-estadisticos-mercado-valores
[FULL_10_ASFI_FINRURAL] t= 235.2s | pag=212 | files=1088 | data=  7 | cola= 385 | prio=10 | https://asfi.gob.bo/la/reportes-dinamicos
[FULL_10_ASFI_FINRURAL] t= 235.7s | pag=213 | files=1088 | data=  7 | cola= 384 | prio=10 | https://asfi.gob.bo/pb/estadisticas-reclamos
[FULL_10_ASFI_FINRURAL] t= 236.1s | pag=214 | files=1088 | data=  7 | cola= 422 | prio=10 | https://asfi.gob.bo/pagina-lista-boletines?page=1
[FULL_10_ASFI_FINRURAL] t= 236.7s | pag=215 | files=1097 | data=  7 | cola= 422 | prio=10 | https://asfi.gob.bo/pagina-lista-boletines?page=2
[FULL_10_ASFI_FINRURAL] t= 237.4s | pag=216 | files=1105 | data=  7 | cola= 421 | prio=10 | https://asfi.gob.bo/pb/entidades-financieras-vivienda
[FULL_10_ASFI_FINRURAL] t= 238.3s | pag=217 | files=1105 | data=  7 | cola= 420 | prio=10 | https://asfi.gob.bo/pb/instituciones-financieras-desarrollo
[FULL_10_ASFI_FINRURAL] t= 238.8s | pag=218 | files=1105 | data=  7 | cola= 419 | prio=10 | https://asfi.gob.bo/la/1deg-reclamos-recibidos-entidades-financieras-primera-instancia-2026
[FULL_10_ASFI_FINRURAL] t= 241.9s | pag=219 | files=1107 | data=  7 | cola= 418 | prio=10 | https://asfi.gob.bo/node/959
[FULL_10_ASFI_FINRURAL] t= 245.5s | pag=220 | files=1109 | data=  7 | cola= 417 | prio=10 | https://asfi.gob.bo/node/962
[FULL_10_ASFI_FINRURAL] t= 246.5s | pag=221 | files=1111 | data=  7 | cola= 416 | prio=10 | https://asfi.gob.bo/node/965
[FULL_10_ASFI_FINRURAL] t= 247.2s | pag=222 | files=1113 | data=  7 | cola= 415 | prio=10 | https://asfi.gob.bo/node/968
[FULL_10_ASFI_FINRURAL] t= 247.7s | pag=223 | files=1115 | data=  7 | cola= 414 | prio=10 | https://asfi.gob.bo/node/971
[FULL_10_ASFI_FINRURAL] t= 248.9s | pag=224 | files=1117 | data=  7 | cola= 413 | prio=10 | https://asfi.gob.bo/node/974
[FULL_10_ASFI_FINRURAL] t= 249.3s | pag=225 | files=1119 | data=  7 | cola= 412 | prio=10 | https://asfi.gob.bo/node/977
[FULL_10_ASFI_FINRURAL] t= 250.1s | pag=226 | files=1121 | data=  7 | cola= 411 | prio=10 | https://asfi.gob.bo/node/980
[FULL_10_ASFI_FINRURAL] t= 250.6s | pag=227 | files=1123 | data=  7 | cola= 410 | prio=10 | https://asfi.gob.bo/node/983
[FULL_10_ASFI_FINRURAL] t= 251.3s | pag=228 | files=1125 | data=  7 | cola= 409 | prio=10 | https://asfi.gob.bo/node/986
[FULL_10_ASFI_FINRURAL] t= 251.9s | pag=229 | files=1127 | data=  7 | cola= 408 | prio=10 | https://asfi.gob.bo/node/989
[FULL_10_ASFI_FINRURAL] t= 252.5s | pag=230 | files=1129 | data=  7 | cola= 407 | prio=10 | https://asfi.gob.bo/node/992
[FULL_10_ASFI_FINRURAL] t= 253.5s | pag=231 | files=1131 | data=  7 | cola= 406 | prio=10 | https://asfi.gob.bo/pagina-lista-boletines?page=0
[FULL_10_ASFI_FINRURAL] t= 254.3s | pag=232 | files=1131 | data=  7 | cola= 405 | prio=50 | https://www.asfi.gob.bo/pb/tiempos-maximos-atencion-creditos
[FULL_10_ASFI_FINRURAL] t= 255.3s | pag=233 | files=1155 | data=  7 | cola= 404 | prio=50 | https://www.asfi.gob.bo/pb/entidades-supervisadas-if
[FULL_10_ASFI_FINRURAL] t= 255.9s | pag=234 | files=1155 | data=  7 | cola= 409 | prio=10 | https://www.asfi.gob.bo/la/entidades-intermediacion-financiera-licencia-funcionamiento
[FULL_10_ASFI_FINRURAL] t= 256.4s | pag=235 | files=1166 | data=  7 | cola= 408 | prio=10 | https://www.asfi.gob.bo/node/1003
[FULL_10_ASFI_FINRURAL] t= 257.1s | pag=236 | files=1168 | data=  7 | cola= 407 | prio=50 | https://www.asfi.gob.bo/pb/registros
[FULL_10_ASFI_FINRURAL] t= 257.8s | pag=237 | files=1168 | data=  7 | cola= 408 | prio=50 | https://www.asfi.gob.bo/la/cobertura-servicios-financieros
[FULL_10_ASFI_FINRURAL] t= 259.5s | pag=238 | files=1169 | data=  7 | cola= 407 | prio=50 | https://www.asfi.gob.bo/pb/entidades-supervisadas-mv
[FULL_10_ASFI_FINRURAL] t= 260.1s | pag=239 | files=1169 | data=  7 | cola= 409 | prio=10 | https://www.asfi.gob.bo/pb/entidades-inscritas-registro-del-mercado-valores
[FULL_10_ASFI_FINRURAL] t= 260.9s | pag=240 | files=1169 | data=  7 | cola= 409 | prio=10 | https://appweb.asfi.gob.bo/Reportes_asp/rmi/listaentidades.asp
[FULL_10_ASFI_FINRURAL] t= 262.3s | pag=241 | files=1169 | data=  7 | cola= 654 | prio=10 | https://appweb.asfi.gob.bo/Reportes_asp/rmi/tarjeta.asp?c=51874&t=2&tr=2
[FULL_10_ASFI_FINRURAL] DATASETS=8 | data_html_table | https://appweb.asfi.gob.bo/Reportes_asp/rmi/tarjeta.asp?c=51874&t=2&tr=2
[FULL_10_ASFI_FINRURAL] t= 264.3s | pag=242 | files=1169 | data=  8 | cola= 654 | prio=10 | https://appweb.asfi.gob.bo/Reportes_asp/rmi/tarjeta.asp?c=51878&t=2&tr=2
[FULL_10_ASFI_FINRURAL] DATASETS=9 | data_html_table | https://appweb.asfi.gob.bo/Reportes_asp/rmi/tarjeta.asp?c=51878&t=2&tr=2
[FULL_10_ASFI_FINRURAL] t= 265.8s | pag=243 | files=1169 | data=  9 | cola= 654 | prio=10 | https://appweb.asfi.gob.bo/Reportes_asp/rmi/tarjeta.asp?c=51875&t=2&tr=2
[FULL_10_ASFI_FINRURAL] DATASETS=10 | data_html_table | https://appweb.asfi.gob.bo/Reportes_asp/rmi/tarjeta.asp?c=51875&t=2&tr=2
[FULL_10_ASFI_FINRURAL] t= 267.4s | pag=244 | files=1169 | data= 10 | cola= 654 | prio=10 | https://appweb.asfi.gob.bo/Reportes_asp/rmi/tarjeta.asp?c=51876&t=2&tr=2
[FULL_10_ASFI_FINRURAL] t= 268.6s | pag=245 | files=1169 | data= 11 | cola= 654 | prio=10 | https://appweb.asfi.gob.bo/Reportes_asp/rmi/tarjeta.asp?c=53386&t=2&tr=2
[FULL_10_ASFI_FINRURAL] t= 269.5s | pag=246 | files=1169 | data= 12 | cola= 654 | prio=10 | https://appweb.asfi.gob.bo/Reportes_asp/rmi/tarjeta.asp?c=51877&t=2&tr=2
[FULL_10_ASFI_FINRURAL] t= 271.0s | pag=247 | files=1169 | data= 13 | cola= 654 | prio=10 | https://appweb.asfi.gob.bo/Reportes_asp/rmi/tarjeta.asp?c=53460&t=2&tr=2
[FULL_10_ASFI_FINRURAL] t= 271.8s | pag=248 | files=1169 | data= 14 | cola= 654 | prio=10 | https://appweb.asfi.gob.bo/Reportes_asp/rmi/tarjeta.asp?c=51879&t=2&tr=2
[FULL_10_ASFI_FINRURAL] t= 273.5s | pag=249 | files=1169 | data= 15 | cola= 654 | prio=10 | https://appweb.asfi.gob.bo/Reportes_asp/rmi/tarjeta.asp?c=51881&t=2&tr=2
[FULL_10_ASFI_FINRURAL] t= 274.7s | pag=250 | files=1169 | data= 16 | cola= 654 | prio=10 | https://appweb.asfi.gob.bo/Reportes_asp/rmi/tarjeta.asp?c=51883&t=2&tr=2
[FULL_10_ASFI_FINRURAL] t= 277.1s | pag=251 | files=1169 | data= 17 | cola= 654 | prio=10 | https://appweb.asfi.gob.bo/Reportes_asp/rmi/tarjeta.asp?c=51871&t=2&tr=2
[FULL_10_ASFI_FINRURAL] t= 279.6s | pag=252 | files=1169 | data= 18 | cola= 654 | prio=10 | https://appweb.asfi.gob.bo/Reportes_asp/rmi/tarjeta.asp?c=53112&t=2&tr=2
[FULL_10_ASFI_FINRURAL] t= 280.2s | pag=253 | files=1169 | data= 19 | cola= 654 | prio=10 | https://appweb.asfi.gob.bo/Reportes_asp/rmi/tarjeta.asp?c=52172&t=2&tr=2
[FULL_10_ASFI_FINRURAL] t= 286.2s | pag=254 | files=1169 | data= 20 | cola= 654 | prio=10 | https://appweb.asfi.gob.bo/Reportes_asp/rmi/tarjeta.asp?c=53243&t=2&tr=2
[FULL_10_ASFI_FINRURAL] t= 286.9s | pag=255 | files=1169 | data= 21 | cola= 654 | prio=10 | https://appweb.asfi.gob.bo/Reportes_asp/rmi/tarjeta.asp?c=53550&t=2&tr=2
[FULL_10_ASFI_FINRURAL] t= 288.0s | pag=256 | files=1170 | data= 22 | cola= 654 | prio=10 | https://appweb.asfi.gob.bo/Reportes_asp/rmi/tarjeta.asp?c=52387&t=2&tr=2
[FULL_10_ASFI_FINRURAL] t= 290.3s | pag=257 | files=1170 | data= 23 | cola= 654 | prio=10 | https://appweb.asfi.gob.bo/Reportes_asp/rmi/tarjeta.asp?c=52216&t=2&tr=2
[FULL_10_ASFI_FINRURAL] t= 291.3s | pag=258 | files=1170 | data= 24 | cola= 654 | prio=10 | https://appweb.asfi.gob.bo/Reportes_asp/rmi/tarjeta.asp?c=51928&t=2&tr=2
[FULL_10_ASFI_FINRURAL] DATASETS=25 | data_html_table | https://appweb.asfi.gob.bo/Reportes_asp/rmi/tarjeta.asp?c=51928&t=2&tr=2
[FULL_10_ASFI_FINRURAL] t= 292.5s | pag=259 | files=1170 | data= 25 | cola= 654 | prio=10 | https://appweb.asfi.gob.bo/Reportes_asp/rmi/tarjeta.asp?c=51837&t=2&tr=2
[FULL_10_ASFI_FINRURAL] t= 294.2s | pag=260 | files=1170 | data= 26 | cola= 654 | prio=10 | https://appweb.asfi.gob.bo/Reportes_asp/rmi/tarjeta.asp?c=51828&t=2&tr=2
[FULL_10_ASFI_FINRURAL] t= 295.5s | pag=261 | files=1170 | data= 27 | cola= 654 | prio=10 | https://appweb.asfi.gob.bo/Reportes_asp/rmi/tarjeta.asp?c=51830&t=2&tr=2
[FULL_10_ASFI_FINRURAL] t= 297.0s | pag=262 | files=1170 | data= 28 | cola= 654 | prio=10 | https://appweb.asfi.gob.bo/Reportes_asp/rmi/tarjeta.asp?c=51859&t=2&tr=2
[FULL_10_ASFI_FINRURAL] t= 298.8s | pag=263 | files=1170 | data= 29 | cola= 654 | prio=10 | https://appweb.asfi.gob.bo/Reportes_asp/rmi/tarjeta.asp?c=52434&t=2&tr=2
[FULL_10_ASFI_FINRURAL] t= 301.0s | pag=264 | files=1170 | data= 30 | cola= 654 | prio=10 | https://appweb.asfi.gob.bo/Reportes_asp/rmi/tarjeta.asp?c=51863&t=2&tr=2
[FULL_10_ASFI_FINRURAL] t= 302.8s | pag=265 | files=1170 | data= 31 | cola= 654 | prio=10 | https://appweb.asfi.gob.bo/Reportes_asp/rmi/tarjeta.asp?c=51833&t=2&tr=2
[FULL_10_ASFI_FINRURAL] t= 304.2s | pag=266 | files=1170 | data= 32 | cola= 654 | prio=10 | https://appweb.asfi.gob.bo/Reportes_asp/rmi/tarjeta.asp?c=51829&t=2&tr=2
[FULL_10_ASFI_FINRURAL] t= 306.1s | pag=267 | files=1170 | data= 33 | cola= 654 | prio=10 | https://appweb.asfi.gob.bo/Reportes_asp/rmi/tarjeta.asp?c=51835&t=2&tr=2
[FULL_10_ASFI_FINRURAL] t= 308.8s | pag=268 | files=1170 | data= 34 | cola= 654 | prio=10 | https://appweb.asfi.gob.bo/Reportes_asp/rmi/tarjeta.asp?c=51866&t=2&tr=2
[FULL_10_ASFI_FINRURAL] t= 310.2s | pag=269 | files=1170 | data= 35 | cola= 654 | prio=10 | https://appweb.asfi.gob.bo/Reportes_asp/rmi/tarjeta.asp?c=51868&t=2&tr=2
[FULL_10_ASFI_FINRURAL] t= 312.2s | pag=270 | files=1170 | data= 36 | cola= 654 | prio=10 | https://appweb.asfi.gob.bo/Reportes_asp/rmi/tarjeta.asp?c=51935&t=2&tr=2
[FULL_10_ASFI_FINRURAL] t= 314.3s | pag=271 | files=1170 | data= 37 | cola= 654 | prio=10 | https://appweb.asfi.gob.bo/Reportes_asp/rmi/tarjeta.asp?c=51796&t=2&tr=2
[FULL_10_ASFI_FINRURAL] t= 316.6s | pag=272 | files=1170 | data= 38 | cola= 654 | prio=10 | https://appweb.asfi.gob.bo/Reportes_asp/rmi/tarjeta.asp?c=51811&t=2&tr=2
[FULL_10_ASFI_FINRURAL] t= 318.6s | pag=273 | files=1170 | data= 39 | cola= 654 | prio=10 | https://appweb.asfi.gob.bo/Reportes_asp/rmi/tarjeta.asp?c=51857&t=2&tr=2
[FULL_10_ASFI_FINRURAL] t= 320.3s | pag=274 | files=1170 | data= 40 | cola= 654 | prio=10 | https://appweb.asfi.gob.bo/Reportes_asp/rmi/tarjeta.asp?c=51810&t=2&tr=2
[FULL_10_ASFI_FINRURAL] t= 321.5s | pag=275 | files=1170 | data= 41 | cola= 654 | prio=10 | https://appweb.asfi.gob.bo/Reportes_asp/rmi/tarjeta.asp?c=53525&t=2&tr=2
[FULL_10_ASFI_FINRURAL] t= 322.2s | pag=276 | files=1170 | data= 42 | cola= 654 | prio=10 | https://appweb.asfi.gob.bo/Reportes_asp/rmi/tarjeta.asp?c=53087&t=2&tr=2
[FULL_10_ASFI_FINRURAL] t= 323.5s | pag=277 | files=1170 | data= 43 | cola= 654 | prio=10 | https://appweb.asfi.gob.bo/Reportes_asp/rmi/tarjeta.asp?c=53558&t=2&tr=2
[FULL_10_ASFI_FINRURAL] t= 324.2s | pag=278 | files=1170 | data= 44 | cola= 654 | prio=10 | https://appweb.asfi.gob.bo/Reportes_asp/rmi/tarjeta.asp?c=54886&t=2&tr=2
[FULL_10_ASFI_FINRURAL] t= 325.3s | pag=279 | files=1170 | data= 45 | cola= 654 | prio=10 | https://appweb.asfi.gob.bo/Reportes_asp/rmi/tarjeta.asp?c=51818&t=2&tr=2
[FULL_10_ASFI_FINRURAL] t= 326.3s | pag=280 | files=1170 | data= 46 | cola= 654 | prio=10 | https://appweb.asfi.gob.bo/Reportes_asp/rmi/tarjeta.asp?c=53531&t=2&tr=2
[FULL_10_ASFI_FINRURAL] t= 327.6s | pag=281 | files=1170 | data= 47 | cola= 654 | prio=10 | https://appweb.asfi.gob.bo/Reportes_asp/rmi/tarjeta.asp?c=54785&t=2&tr=2
[FULL_10_ASFI_FINRURAL] t= 328.2s | pag=282 | files=1170 | data= 48 | cola= 654 | prio=10 | https://appweb.asfi.gob.bo/Reportes_asp/rmi/tarjeta.asp?c=52575&t=2&tr=2
[FULL_10_ASFI_FINRURAL] t= 329.6s | pag=283 | files=1170 | data= 49 | cola= 654 | prio=10 | https://appweb.asfi.gob.bo/Reportes_asp/rmi/tarjeta.asp?c=51855&t=2&tr=2
[FULL_10_ASFI_FINRURAL] DATASETS=50 | data_html_table | https://appweb.asfi.gob.bo/Reportes_asp/rmi/tarjeta.asp?c=51855&t=2&tr=2
[FULL_10_ASFI_FINRURAL] t= 330.8s | pag=284 | files=1170 | data= 50 | cola= 654 | prio=10 | https://appweb.asfi.gob.bo/Reportes_asp/rmi/tarjeta.asp?c=51823&t=2&tr=2
[FULL_10_ASFI_FINRURAL] t= 331.3s | pag=285 | files=1170 | data= 51 | cola= 654 | prio=10 | https://appweb.asfi.gob.bo/Reportes_asp/rmi/tarjeta.asp?c=52511&t=2&tr=2
[FULL_10_ASFI_FINRURAL] t= 333.0s | pag=286 | files=1170 | data= 52 | cola= 654 | prio=10 | https://appweb.asfi.gob.bo/Reportes_asp/rmi/tarjeta.asp?c=54683&t=2&tr=2
[FULL_10_ASFI_FINRURAL] t= 333.7s | pag=287 | files=1170 | data= 53 | cola= 654 | prio=10 | https://appweb.asfi.gob.bo/Reportes_asp/rmi/tarjeta.asp?c=53452&t=2&tr=2
[FULL_10_ASFI_FINRURAL] t= 334.9s | pag=288 | files=1170 | data= 54 | cola= 654 | prio=10 | https://appweb.asfi.gob.bo/Reportes_asp/rmi/tarjeta.asp?c=53643&t=2&tr=2
[FULL_10_ASFI_FINRURAL] t= 336.1s | pag=289 | files=1170 | data= 55 | cola= 654 | prio=10 | https://appweb.asfi.gob.bo/Reportes_asp/rmi/tarjeta.asp?c=54958&t=2&tr=2
[FULL_10_ASFI_FINRURAL] t= 336.6s | pag=290 | files=1170 | data= 56 | cola= 654 | prio=10 | https://appweb.asfi.gob.bo/Reportes_asp/rmi/tarjeta.asp?c=51865&t=2&tr=2
[FULL_10_ASFI_FINRURAL] t= 337.8s | pag=291 | files=1170 | data= 57 | cola= 654 | prio=10 | https://appweb.asfi.gob.bo/Reportes_asp/rmi/tarjeta.asp?c=51799&t=2&tr=2
[FULL_10_ASFI_FINRURAL] t= 339.4s | pag=292 | files=1170 | data= 58 | cola= 654 | prio=10 | https://appweb.asfi.gob.bo/Reportes_asp/rmi/tarjeta.asp?c=53589&t=2&tr=2
[FULL_10_ASFI_FINRURAL] t= 340.1s | pag=293 | files=1170 | data= 59 | cola= 654 | prio=10 | https://appweb.asfi.gob.bo/Reportes_asp/rmi/tarjeta.asp?c=51861&t=2&tr=2
[FULL_10_ASFI_FINRURAL] t= 341.1s | pag=294 | files=1170 | data= 60 | cola= 654 | prio=10 | https://appweb.asfi.gob.bo/Reportes_asp/rmi/tarjeta.asp?c=52453&t=2&tr=2
[FULL_10_ASFI_FINRURAL] t= 341.9s | pag=295 | files=1170 | data= 61 | cola= 654 | prio=10 | https://appweb.asfi.gob.bo/Reportes_asp/rmi/tarjeta.asp?c=51840&t=2&tr=2
[FULL_10_ASFI_FINRURAL] t= 343.3s | pag=296 | files=1170 | data= 62 | cola= 654 | prio=10 | https://appweb.asfi.gob.bo/Reportes_asp/rmi/tarjeta.asp?c=51797&t=2&tr=2
[FULL_10_ASFI_FINRURAL] t= 344.4s | pag=297 | files=1170 | data= 63 | cola= 654 | prio=10 | https://appweb.asfi.gob.bo/Reportes_asp/rmi/tarjeta.asp?c=51822&t=2&tr=2
[FULL_10_ASFI_FINRURAL] t= 345.6s | pag=298 | files=1170 | data= 64 | cola= 654 | prio=10 | https://appweb.asfi.gob.bo/Reportes_asp/rmi/tarjeta.asp?c=51806&t=2&tr=2
[FULL_10_ASFI_FINRURAL] t= 347.9s | pag=299 | files=1170 | data= 65 | cola= 654 | prio=10 | https://appweb.asfi.gob.bo/Reportes_asp/rmi/tarjeta.asp?c=54861&t=2&tr=2
[FULL_10_ASFI_FINRURAL] t= 348.6s | pag=300 | files=1170 | data= 66 | cola= 654 | prio=10 | https://appweb.asfi.gob.bo/Reportes_asp/rmi/tarjeta.asp?c=54754&t=2&tr=2
[FULL_10_ASFI_FINRURAL] t= 349.5s | pag=301 | files=1170 | data= 67 | cola= 654 | prio=10 | https://appweb.asfi.gob.bo/Reportes_asp/rmi/tarjeta.asp?c=51816&t=2&tr=2
[FULL_10_ASFI_FINRURAL] t= 351.5s | pag=302 | files=1170 | data= 68 | cola= 654 | prio=10 | https://appweb.asfi.gob.bo/Reportes_asp/rmi/tarjeta.asp?c=51827&t=2&tr=2
[FULL_10_ASFI_FINRURAL] t= 352.6s | pag=303 | files=1170 | data= 69 | cola= 654 | prio=10 | https://appweb.asfi.gob.bo/Reportes_asp/rmi/tarjeta.asp?c=51825&t=2&tr=2
[FULL_10_ASFI_FINRURAL] t= 354.0s | pag=304 | files=1170 | data= 70 | cola= 654 | prio=10 | https://appweb.asfi.gob.bo/Reportes_asp/rmi/tarjeta.asp?c=51804&t=2&tr=2
[FULL_10_ASFI_FINRURAL] t= 354.9s | pag=305 | files=1170 | data= 71 | cola= 654 | prio=10 | https://appweb.asfi.gob.bo/Reportes_asp/rmi/tarjeta.asp?c=53289&t=2&tr=2
[FULL_10_ASFI_FINRURAL] t= 355.9s | pag=306 | files=1170 | data= 72 | cola= 654 | prio=10 | https://appweb.asfi.gob.bo/Reportes_asp/rmi/tarjeta.asp?c=52194&t=2&tr=2
[FULL_10_ASFI_FINRURAL] t= 358.2s | pag=307 | files=1170 | data= 73 | cola= 654 | prio=10 | https://appweb.asfi.gob.bo/Reportes_asp/rmi/tarjeta.asp?c=54975&t=2&tr=2
[FULL_10_ASFI_FINRURAL] t= 358.7s | pag=308 | files=1170 | data= 74 | cola= 654 | prio=10 | https://appweb.asfi.gob.bo/Reportes_asp/rmi/tarjeta.asp?c=51808&t=2&tr=2
[FULL_10_ASFI_FINRURAL] DATASETS=75 | data_html_table | https://appweb.asfi.gob.bo/Reportes_asp/rmi/tarjeta.asp?c=51808&t=2&tr=2
[FULL_10_ASFI_FINRURAL] t= 360.9s | pag=309 | files=1170 | data= 75 | cola= 654 | prio=10 | https://appweb.asfi.gob.bo/Reportes_asp/rmi/tarjeta.asp?c=52925&t=2&tr=2
[FULL_10_ASFI_FINRURAL] t= 362.3s | pag=310 | files=1170 | data= 76 | cola= 654 | prio=10 | https://appweb.asfi.gob.bo/Reportes_asp/rmi/tarjeta.asp?c=54840&t=2&tr=2
[FULL_10_ASFI_FINRURAL] t= 363.0s | pag=311 | files=1170 | data= 77 | cola= 654 | prio=10 | https://appweb.asfi.gob.bo/Reportes_asp/rmi/tarjeta.asp?c=54931&t=2&tr=2
[FULL_10_ASFI_FINRURAL] t= 364.1s | pag=312 | files=1170 | data= 78 | cola= 654 | prio=10 | https://appweb.asfi.gob.bo/Reportes_asp/rmi/tarjeta.asp?c=54705&t=2&tr=2
[FULL_10_ASFI_FINRURAL] t= 365.5s | pag=313 | files=1170 | data= 79 | cola= 654 | prio=10 | https://appweb.asfi.gob.bo/Reportes_asp/rmi/tarjeta.asp?c=54799&t=2&tr=2
[FULL_10_ASFI_FINRURAL] t= 366.5s | pag=314 | files=1170 | data= 80 | cola= 654 | prio=10 | https://appweb.asfi.gob.bo/Reportes_asp/rmi/tarjeta.asp?c=52561&t=2&tr=2
[FULL_10_ASFI_FINRURAL] t= 368.4s | pag=315 | files=1170 | data= 81 | cola= 654 | prio=10 | https://appweb.asfi.gob.bo/Reportes_asp/rmi/tarjeta.asp?c=51949&t=2&tr=2
[FULL_10_ASFI_FINRURAL] t= 369.2s | pag=316 | files=1170 | data= 82 | cola= 654 | prio=10 | https://appweb.asfi.gob.bo/Reportes_asp/rmi/tarjeta.asp?c=52195&t=2&tr=2
[FULL_10_ASFI_FINRURAL] t= 370.0s | pag=317 | files=1170 | data= 83 | cola= 654 | prio=10 | https://appweb.asfi.gob.bo/Reportes_asp/rmi/tarjeta.asp?c=53556&t=2&tr=2
[FULL_10_ASFI_FINRURAL] t= 371.0s | pag=318 | files=1170 | data= 84 | cola= 654 | prio=10 | https://appweb.asfi.gob.bo/Reportes_asp/rmi/tarjeta.asp?c=53247&t=2&tr=2
[FULL_10_ASFI_FINRURAL] t= 372.6s | pag=319 | files=1170 | data= 85 | cola= 654 | prio=10 | https://appweb.asfi.gob.bo/Reportes_asp/rmi/tarjeta.asp?c=52349&t=2&tr=2
[FULL_10_ASFI_FINRURAL] t= 373.6s | pag=320 | files=1170 | data= 86 | cola= 654 | prio=10 | https://appweb.asfi.gob.bo/Reportes_asp/rmi/tarjeta.asp?c=53470&t=2&tr=2
[FULL_10_ASFI_FINRURAL] t= 374.9s | pag=321 | files=1170 | data= 87 | cola= 654 | prio=10 | https://appweb.asfi.gob.bo/Reportes_asp/rmi/tarjeta.asp?c=54661&t=2&tr=2
[FULL_10_ASFI_FINRURAL] t= 375.7s | pag=322 | files=1170 | data= 88 | cola= 654 | prio=10 | https://appweb.asfi.gob.bo/Reportes_asp/rmi/tarjeta.asp?c=54809&t=2&tr=2
[FULL_10_ASFI_FINRURAL] t= 376.7s | pag=323 | files=1170 | data= 89 | cola= 654 | prio=10 | https://appweb.asfi.gob.bo/Reportes_asp/rmi/tarjeta.asp?c=53451&t=2&tr=2
[FULL_10_ASFI_FINRURAL] t= 377.4s | pag=324 | files=1170 | data= 90 | cola= 654 | prio=10 | https://appweb.asfi.gob.bo/Reportes_asp/rmi/tarjeta.asp?c=53418&t=2&tr=2
[FULL_10_ASFI_FINRURAL] t= 378.8s | pag=325 | files=1170 | data= 91 | cola= 654 | prio=10 | https://appweb.asfi.gob.bo/Reportes_asp/rmi/tarjeta.asp?c=52930&t=2&tr=2
[FULL_10_ASFI_FINRURAL] t= 380.4s | pag=326 | files=1170 | data= 92 | cola= 654 | prio=10 | https://appweb.asfi.gob.bo/Reportes_asp/rmi/tarjeta.asp?c=53052&t=2&tr=2
[FULL_10_ASFI_FINRURAL] t= 381.3s | pag=327 | files=1170 | data= 93 | cola= 654 | prio=10 | https://appweb.asfi.gob.bo/Reportes_asp/rmi/tarjeta.asp?c=53539&t=2&tr=2
[FULL_10_ASFI_FINRURAL] t= 382.1s | pag=328 | files=1170 | data= 94 | cola= 654 | prio=10 | https://appweb.asfi.gob.bo/Reportes_asp/rmi/tarjeta.asp?c=52952&t=2&tr=2
[FULL_10_ASFI_FINRURAL] t= 384.1s | pag=329 | files=1170 | data= 95 | cola= 654 | prio=10 | https://appweb.asfi.gob.bo/Reportes_asp/rmi/tarjeta.asp?c=55065&t=2&tr=2
[FULL_10_ASFI_FINRURAL] t= 384.4s | pag=330 | files=1170 | data= 96 | cola= 654 | prio=10 | https://appweb.asfi.gob.bo/Reportes_asp/rmi/tarjeta.asp?c=53569&t=2&tr=2
[FULL_10_ASFI_FINRURAL] t= 385.4s | pag=331 | files=1170 | data= 97 | cola= 654 | prio=10 | https://appweb.asfi.gob.bo/Reportes_asp/rmi/tarjeta.asp?c=53590&t=2&tr=2
[FULL_10_ASFI_FINRURAL] t= 386.3s | pag=332 | files=1170 | data= 98 | cola= 654 | prio=10 | https://appweb.asfi.gob.bo/Reportes_asp/rmi/tarjeta.asp?c=53553&t=2&tr=2
[FULL_10_ASFI_FINRURAL] t= 387.6s | pag=333 | files=1170 | data= 99 | cola= 654 | prio=10 | https://appweb.asfi.gob.bo/Reportes_asp/rmi/tarjeta.asp?c=51814&t=2&tr=2
[FULL_10_ASFI_FINRURAL] DATASETS=100 | data_html_table | https://appweb.asfi.gob.bo/Reportes_asp/rmi/tarjeta.asp?c=51814&t=2&tr=2
[FULL_10_ASFI_FINRURAL] t= 388.6s | pag=334 | files=1170 | data=100 | cola= 654 | prio=10 | https://appweb.asfi.gob.bo/Reportes_asp/rmi/tarjeta.asp?c=53291&t=2&tr=2
[FULL_10_ASFI_FINRURAL] t= 389.6s | pag=335 | files=1170 | data=101 | cola= 654 | prio=10 | https://appweb.asfi.gob.bo/Reportes_asp/rmi/tarjeta.asp?c=52354&t=2&tr=2
[FULL_10_ASFI_FINRURAL] t= 391.0s | pag=336 | files=1170 | data=102 | cola= 654 | prio=10 | https://appweb.asfi.gob.bo/Reportes_asp/rmi/tarjeta.asp?c=54913&t=2&tr=2
[FULL_10_ASFI_FINRURAL] t= 391.7s | pag=337 | files=1170 | data=103 | cola= 654 | prio=10 | https://appweb.asfi.gob.bo/Reportes_asp/rmi/tarjeta.asp?c=52885&t=2&tr=2
[FULL_10_ASFI_FINRURAL] t= 393.1s | pag=338 | files=1170 | data=104 | cola= 654 | prio=10 | https://appweb.asfi.gob.bo/Reportes_asp/rmi/tarjeta.asp?c=52837&t=2&tr=2
[FULL_10_ASFI_FINRURAL] t= 394.5s | pag=339 | files=1170 | data=105 | cola= 654 | prio=10 | https://appweb.asfi.gob.bo/Reportes_asp/rmi/tarjeta.asp?c=52451&t=2&tr=2
[FULL_10_ASFI_FINRURAL] t= 396.1s | pag=340 | files=1170 | data=106 | cola= 654 | prio=10 | https://appweb.asfi.gob.bo/Reportes_asp/rmi/tarjeta.asp?c=53393&t=2&tr=2
[FULL_10_ASFI_FINRURAL] t= 397.1s | pag=341 | files=1170 | data=107 | cola= 654 | prio=10 | https://appweb.asfi.gob.bo/Reportes_asp/rmi/tarjeta.asp?c=55067&t=2&tr=2
[FULL_10_ASFI_FINRURAL] t= 397.9s | pag=342 | files=1170 | data=108 | cola= 654 | prio=10 | https://appweb.asfi.gob.bo/Reportes_asp/rmi/tarjeta.asp?c=51842&t=2&tr=2
[FULL_10_ASFI_FINRURAL] t= 399.3s | pag=343 | files=1170 | data=109 | cola= 654 | prio=10 | https://appweb.asfi.gob.bo/Reportes_asp/rmi/tarjeta.asp?c=53337&t=2&tr=2
[FULL_10_ASFI_FINRURAL] t= 400.7s | pag=344 | files=1170 | data=110 | cola= 654 | prio=10 | https://appweb.asfi.gob.bo/Reportes_asp/rmi/tarjeta.asp?c=54662&t=2&tr=2
[FULL_10_ASFI_FINRURAL] t= 401.3s | pag=345 | files=1170 | data=111 | cola= 654 | prio=10 | https://appweb.asfi.gob.bo/Reportes_asp/rmi/tarjeta.asp?c=53282&t=2&tr=2
[FULL_10_ASFI_FINRURAL] t= 402.5s | pag=346 | files=1170 | data=112 | cola= 654 | prio=10 | https://appweb.asfi.gob.bo/Reportes_asp/rmi/tarjeta.asp?c=54666&t=2&tr=2
[FULL_10_ASFI_FINRURAL] t= 403.5s | pag=347 | files=1170 | data=113 | cola= 654 | prio=10 | https://appweb.asfi.gob.bo/Reportes_asp/rmi/tarjeta.asp?c=51858&t=2&tr=2
[FULL_10_ASFI_FINRURAL] t= 404.4s | pag=348 | files=1170 | data=114 | cola= 654 | prio=10 | https://appweb.asfi.gob.bo/Reportes_asp/rmi/tarjeta.asp?c=53171&t=2&tr=2
[FULL_10_ASFI_FINRURAL] t= 405.9s | pag=349 | files=1170 | data=115 | cola= 654 | prio=10 | https://appweb.asfi.gob.bo/Reportes_asp/rmi/tarjeta.asp?c=51826&t=2&tr=2
[FULL_10_ASFI_FINRURAL] t= 407.5s | pag=350 | files=1170 | data=116 | cola= 654 | prio=10 | https://appweb.asfi.gob.bo/Reportes_asp/rmi/tarjeta.asp?c=54741&t=2&tr=2
[FULL_10_ASFI_FINRURAL] t= 408.4s | pag=351 | files=1170 | data=117 | cola= 654 | prio=10 | https://appweb.asfi.gob.bo/Reportes_asp/rmi/tarjeta.asp?c=51854&t=2&tr=2
[FULL_10_ASFI_FINRURAL] t= 409.2s | pag=352 | files=1170 | data=118 | cola= 654 | prio=10 | https://appweb.asfi.gob.bo/Reportes_asp/rmi/tarjeta.asp?c=53523&t=2&tr=2
[FULL_10_ASFI_FINRURAL] t= 409.8s | pag=353 | files=1170 | data=119 | cola= 654 | prio=10 | https://appweb.asfi.gob.bo/Reportes_asp/rmi/tarjeta.asp?c=52074&t=2&tr=2
[FULL_10_ASFI_FINRURAL] t= 411.6s | pag=354 | files=1170 | data=120 | cola= 654 | prio=10 | https://appweb.asfi.gob.bo/Reportes_asp/rmi/tarjeta.asp?c=54678&t=2&tr=2
[FULL_10_ASFI_FINRURAL] t= 412.2s | pag=355 | files=1170 | data=121 | cola= 654 | prio=10 | https://appweb.asfi.gob.bo/Reportes_asp/rmi/tarjeta.asp?c=51860&t=2&tr=2
[FULL_10_ASFI_FINRURAL] t= 413.7s | pag=356 | files=1170 | data=122 | cola= 654 | prio=10 | https://appweb.asfi.gob.bo/Reportes_asp/rmi/tarjeta.asp?c=53118&t=2&tr=2
[FULL_10_ASFI_FINRURAL] t= 415.4s | pag=357 | files=1170 | data=123 | cola= 654 | prio=10 | https://appweb.asfi.gob.bo/Reportes_asp/rmi/tarjeta.asp?c=51821&t=2&tr=2
[FULL_10_ASFI_FINRURAL] t= 416.9s | pag=358 | files=1170 | data=124 | cola= 654 | prio=10 | https://appweb.asfi.gob.bo/Reportes_asp/rmi/tarjeta.asp?c=51809&t=2&tr=2
[FULL_10_ASFI_FINRURAL] DATASETS=125 | data_html_table | https://appweb.asfi.gob.bo/Reportes_asp/rmi/tarjeta.asp?c=51809&t=2&tr=2
[FULL_10_ASFI_FINRURAL] t= 418.3s | pag=359 | files=1170 | data=125 | cola= 654 | prio=10 | https://appweb.asfi.gob.bo/Reportes_asp/rmi/tarjeta.asp?c=51812&t=2&tr=2
[FULL_10_ASFI_FINRURAL] t= 420.7s | pag=360 | files=1170 | data=126 | cola= 654 | prio=10 | https://appweb.asfi.gob.bo/Reportes_asp/rmi/tarjeta.asp?c=51813&t=2&tr=2
[FULL_10_ASFI_FINRURAL] t= 421.3s | pag=361 | files=1170 | data=127 | cola= 654 | prio=10 | https://appweb.asfi.gob.bo/Reportes_asp/rmi/tarjeta.asp?c=52045&t=2&tr=2
[FULL_10_ASFI_FINRURAL] t= 421.8s | pag=362 | files=1170 | data=128 | cola= 654 | prio=10 | https://appweb.asfi.gob.bo/Reportes_asp/rmi/tarjeta.asp?c=53002&t=2&tr=2
[FULL_10_ASFI_FINRURAL] t= 423.0s | pag=363 | files=1170 | data=129 | cola= 654 | prio=10 | https://appweb.asfi.gob.bo/Reportes_asp/rmi/tarjeta.asp?c=53623&t=2&tr=2
[FULL_10_ASFI_FINRURAL] t= 423.9s | pag=364 | files=1170 | data=130 | cola= 654 | prio=10 | https://appweb.asfi.gob.bo/Reportes_asp/rmi/tarjeta.asp?c=52051&t=2&tr=2
[FULL_10_ASFI_FINRURAL] t= 424.9s | pag=365 | files=1170 | data=131 | cola= 654 | prio=10 | https://appweb.asfi.gob.bo/Reportes_asp/rmi/tarjeta.asp?c=53217&t=2&tr=2
[FULL_10_ASFI_FINRURAL] t= 425.9s | pag=366 | files=1170 | data=132 | cola= 654 | prio=10 | https://appweb.asfi.gob.bo/Reportes_asp/rmi/tarjeta.asp?c=54957&t=2&tr=2
[FULL_10_ASFI_FINRURAL] t= 426.8s | pag=367 | files=1170 | data=133 | cola= 654 | prio=10 | https://appweb.asfi.gob.bo/Reportes_asp/rmi/tarjeta.asp?c=54778&t=2&tr=2
[FULL_10_ASFI_FINRURAL] t= 427.7s | pag=368 | files=1170 | data=134 | cola= 654 | prio=10 | https://appweb.asfi.gob.bo/Reportes_asp/rmi/tarjeta.asp?c=54867&t=2&tr=2
[FULL_10_ASFI_FINRURAL] t= 428.3s | pag=369 | files=1170 | data=135 | cola= 654 | prio=10 | https://appweb.asfi.gob.bo/Reportes_asp/rmi/tarjeta.asp?c=52196&t=2&tr=2
[FULL_10_ASFI_FINRURAL] t= 429.0s | pag=370 | files=1170 | data=136 | cola= 654 | prio=10 | https://appweb.asfi.gob.bo/Reportes_asp/rmi/tarjeta.asp?c=53058&t=2&tr=2
[FULL_10_ASFI_FINRURAL] t= 429.9s | pag=371 | files=1170 | data=137 | cola= 654 | prio=10 | https://appweb.asfi.gob.bo/Reportes_asp/rmi/tarjeta.asp?c=52385&t=2&tr=2
[FULL_10_ASFI_FINRURAL] t= 431.0s | pag=372 | files=1170 | data=138 | cola= 654 | prio=10 | https://appweb.asfi.gob.bo/Reportes_asp/rmi/tarjeta.asp?c=53508&t=2&tr=2
[FULL_10_ASFI_FINRURAL] t= 431.6s | pag=373 | files=1170 | data=139 | cola= 654 | prio=10 | https://appweb.asfi.gob.bo/Reportes_asp/rmi/tarjeta.asp?c=54704&t=2&tr=2
[FULL_10_ASFI_FINRURAL] t= 432.2s | pag=374 | files=1170 | data=140 | cola= 654 | prio=10 | https://appweb.asfi.gob.bo/Reportes_asp/rmi/tarjeta.asp?c=54854&t=2&tr=2
[FULL_10_ASFI_FINRURAL] t= 433.2s | pag=375 | files=1170 | data=141 | cola= 654 | prio=10 | https://appweb.asfi.gob.bo/Reportes_asp/rmi/tarjeta.asp?c=52042&t=2&tr=2
[FULL_10_ASFI_FINRURAL] t= 434.2s | pag=376 | files=1170 | data=142 | cola= 654 | prio=10 | https://appweb.asfi.gob.bo/Reportes_asp/rmi/tarjeta.asp?c=52041&t=2&tr=2
[FULL_10_ASFI_FINRURAL] t= 435.3s | pag=377 | files=1170 | data=143 | cola= 654 | prio=10 | https://appweb.asfi.gob.bo/Reportes_asp/rmi/tarjeta.asp?c=53570&t=2&tr=2
[FULL_10_ASFI_FINRURAL] t= 436.3s | pag=378 | files=1170 | data=144 | cola= 654 | prio=10 | https://appweb.asfi.gob.bo/Reportes_asp/rmi/tarjeta.asp?c=52565&t=2&tr=2
[FULL_10_ASFI_FINRURAL] t= 437.4s | pag=379 | files=1170 | data=145 | cola= 654 | prio=10 | https://appweb.asfi.gob.bo/Reportes_asp/rmi/tarjeta.asp?c=54808&t=2&tr=2
[FULL_10_ASFI_FINRURAL] t= 438.6s | pag=380 | files=1170 | data=146 | cola= 654 | prio=10 | https://appweb.asfi.gob.bo/Reportes_asp/rmi/tarjeta.asp?c=54898&t=2&tr=2
[FULL_10_ASFI_FINRURAL] t= 439.3s | pag=381 | files=1170 | data=147 | cola= 654 | prio=10 | https://appweb.asfi.gob.bo/Reportes_asp/rmi/tarjeta.asp?c=54896&t=2&tr=2
[FULL_10_ASFI_FINRURAL] t= 440.8s | pag=382 | files=1170 | data=148 | cola= 654 | prio=10 | https://appweb.asfi.gob.bo/Reportes_asp/rmi/tarjeta.asp?c=55003&t=2&tr=2
[FULL_10_ASFI_FINRURAL] t= 441.6s | pag=383 | files=1170 | data=149 | cola= 654 | prio=10 | https://appweb.asfi.gob.bo/Reportes_asp/rmi/tarjeta.asp?c=52400&t=2&tr=2
[FULL_10_ASFI_FINRURAL] DATASETS=150 | data_html_table | https://appweb.asfi.gob.bo/Reportes_asp/rmi/tarjeta.asp?c=52400&t=2&tr=2
[FULL_10_ASFI_FINRURAL] t= 444.3s | pag=384 | files=1170 | data=150 | cola= 654 | prio=10 | https://appweb.asfi.gob.bo/Reportes_asp/rmi/tarjeta.asp?c=53540&t=2&tr=2
[FULL_10_ASFI_FINRURAL] t= 445.0s | pag=385 | files=1170 | data=151 | cola= 654 | prio=10 | https://appweb.asfi.gob.bo/Reportes_asp/rmi/tarjeta.asp?c=52506&t=2&tr=2
[FULL_10_ASFI_FINRURAL] t= 445.7s | pag=386 | files=1170 | data=152 | cola= 654 | prio=10 | https://appweb.asfi.gob.bo/Reportes_asp/rmi/tarjeta.asp?c=53215&t=2&tr=2
[FULL_10_ASFI_FINRURAL] t= 446.9s | pag=387 | files=1170 | data=153 | cola= 654 | prio=10 | https://appweb.asfi.gob.bo/Reportes_asp/rmi/tarjeta.asp?c=53286&t=2&tr=2
[FULL_10_ASFI_FINRURAL] t= 447.6s | pag=388 | files=1170 | data=154 | cola= 654 | prio=10 | https://appweb.asfi.gob.bo/Reportes_asp/rmi/tarjeta.asp?c=54959&t=2&tr=2
[FULL_10_ASFI_FINRURAL] t= 448.8s | pag=389 | files=1170 | data=155 | cola= 654 | prio=10 | https://appweb.asfi.gob.bo/Reportes_asp/rmi/tarjeta.asp?c=54909&t=2&tr=2
[FULL_10_ASFI_FINRURAL] t= 449.7s | pag=390 | files=1170 | data=156 | cola= 654 | prio=10 | https://appweb.asfi.gob.bo/Reportes_asp/rmi/tarjeta.asp?c=54974&t=2&tr=2
[FULL_10_ASFI_FINRURAL] t= 450.9s | pag=391 | files=1170 | data=157 | cola= 654 | prio=10 | https://appweb.asfi.gob.bo/Reportes_asp/rmi/tarjeta.asp?c=53408&t=2&tr=2
[FULL_10_ASFI_FINRURAL] t= 452.1s | pag=392 | files=1170 | data=158 | cola= 654 | prio=10 | https://appweb.asfi.gob.bo/Reportes_asp/rmi/tarjeta.asp?c=51886&t=2&tr=2
[FULL_10_ASFI_FINRURAL] t= 453.0s | pag=393 | files=1170 | data=159 | cola= 654 | prio=10 | https://appweb.asfi.gob.bo/Reportes_asp/rmi/tarjeta.asp?c=52640&t=2&tr=2
[FULL_10_ASFI_FINRURAL] t= 453.9s | pag=394 | files=1170 | data=160 | cola= 654 | prio=10 | https://appweb.asfi.gob.bo/Reportes_asp/rmi/tarjeta.asp?c=53325&t=2&tr=2
[FULL_10_ASFI_FINRURAL] t= 455.0s | pag=395 | files=1170 | data=161 | cola= 654 | prio=10 | https://appweb.asfi.gob.bo/Reportes_asp/rmi/tarjeta.asp?c=53214&t=2&tr=2
[FULL_10_ASFI_FINRURAL] t= 455.8s | pag=396 | files=1170 | data=162 | cola= 654 | prio=10 | https://appweb.asfi.gob.bo/Reportes_asp/rmi/tarjeta.asp?c=53502&t=2&tr=2
[FULL_10_ASFI_FINRURAL] t= 456.4s | pag=397 | files=1170 | data=163 | cola= 654 | prio=10 | https://appweb.asfi.gob.bo/Reportes_asp/rmi/tarjeta.asp?c=53503&t=2&tr=2
[FULL_10_ASFI_FINRURAL] t= 457.2s | pag=398 | files=1170 | data=164 | cola= 654 | prio=10 | https://appweb.asfi.gob.bo/Reportes_asp/rmi/tarjeta.asp?c=53412&t=2&tr=2
[FULL_10_ASFI_FINRURAL] t= 458.3s | pag=399 | files=1170 | data=165 | cola= 654 | prio=10 | https://appweb.asfi.gob.bo/Reportes_asp/rmi/tarjeta.asp?c=52750&t=2&tr=2
[FULL_10_ASFI_FINRURAL] t= 459.0s | pag=400 | files=1170 | data=166 | cola= 654 | prio=10 | https://appweb.asfi.gob.bo/Reportes_asp/rmi/tarjeta.asp?c=52364&t=2&tr=2
[FULL_10_ASFI_FINRURAL] t= 460.1s | pag=401 | files=1170 | data=167 | cola= 654 | prio=10 | https://appweb.asfi.gob.bo/Reportes_asp/rmi/tarjeta.asp?c=54676&t=2&tr=2
[FULL_10_ASFI_FINRURAL] t= 461.4s | pag=402 | files=1170 | data=168 | cola= 654 | prio=10 | https://appweb.asfi.gob.bo/Reportes_asp/rmi/tarjeta.asp?c=51941&t=2&tr=2
[FULL_10_ASFI_FINRURAL] t= 463.1s | pag=403 | files=1170 | data=169 | cola= 654 | prio=10 | https://appweb.asfi.gob.bo/Reportes_asp/rmi/tarjeta.asp?c=54772&t=2&tr=2
[FULL_10_ASFI_FINRURAL] t= 464.2s | pag=404 | files=1170 | data=170 | cola= 654 | prio=10 | https://appweb.asfi.gob.bo/Reportes_asp/rmi/tarjeta.asp?c=54699&t=2&tr=2
[FULL_10_ASFI_FINRURAL] t= 464.8s | pag=405 | files=1170 | data=171 | cola= 654 | prio=10 | https://appweb.asfi.gob.bo/Reportes_asp/rmi/tarjeta.asp?c=53545&t=2&tr=2
[FULL_10_ASFI_FINRURAL] t= 466.0s | pag=406 | files=1170 | data=172 | cola= 654 | prio=10 | https://appweb.asfi.gob.bo/Reportes_asp/rmi/tarjeta.asp?c=51893&t=2&tr=2
[FULL_10_ASFI_FINRURAL] t= 466.3s | pag=407 | files=1170 | data=173 | cola= 654 | prio=10 | https://appweb.asfi.gob.bo/Reportes_asp/rmi/tarjeta.asp?c=53638&t=2&tr=2
[FULL_10_ASFI_FINRURAL] t= 467.3s | pag=408 | files=1170 | data=174 | cola= 654 | prio=10 | https://appweb.asfi.gob.bo/Reportes_asp/rmi/tarjeta.asp?c=53179&t=2&tr=2
[FULL_10_ASFI_FINRURAL] DATASETS=175 | data_html_table | https://appweb.asfi.gob.bo/Reportes_asp/rmi/tarjeta.asp?c=53179&t=2&tr=2
[FULL_10_ASFI_FINRURAL] t= 468.9s | pag=409 | files=1170 | data=175 | cola= 654 | prio=10 | https://appweb.asfi.gob.bo/Reportes_asp/rmi/tarjeta.asp?c=54797&t=2&tr=2
[FULL_10_ASFI_FINRURAL] t= 469.9s | pag=410 | files=1170 | data=176 | cola= 654 | prio=10 | https://appweb.asfi.gob.bo/Reportes_asp/rmi/tarjeta.asp?c=53367&t=2&tr=2
[FULL_10_ASFI_FINRURAL] t= 471.0s | pag=411 | files=1170 | data=177 | cola= 654 | prio=10 | https://appweb.asfi.gob.bo/Reportes_asp/rmi/tarjeta.asp?c=52562&t=2&tr=2
[FULL_10_ASFI_FINRURAL] t= 471.9s | pag=412 | files=1170 | data=178 | cola= 654 | prio=10 | https://appweb.asfi.gob.bo/Reportes_asp/rmi/tarjeta.asp?c=51945&t=2&tr=2
[FULL_10_ASFI_FINRURAL] t= 472.9s | pag=413 | files=1170 | data=179 | cola= 654 | prio=10 | https://appweb.asfi.gob.bo/Reportes_asp/rmi/tarjeta.asp?c=53421&t=2&tr=2
[FULL_10_ASFI_FINRURAL] t= 473.8s | pag=414 | files=1170 | data=180 | cola= 654 | prio=10 | https://appweb.asfi.gob.bo/Reportes_asp/rmi/tarjeta.asp?c=52642&t=2&tr=2
[FULL_10_ASFI_FINRURAL] t= 475.0s | pag=415 | files=1170 | data=181 | cola= 654 | prio=10 | https://appweb.asfi.gob.bo/Reportes_asp/rmi/tarjeta.asp?c=52922&t=2&tr=2
[FULL_10_ASFI_FINRURAL] t= 476.0s | pag=416 | files=1170 | data=182 | cola= 654 | prio=10 | https://appweb.asfi.gob.bo/Reportes_asp/rmi/tarjeta.asp?c=52186&t=2&tr=2
[FULL_10_ASFI_FINRURAL] t= 477.1s | pag=417 | files=1170 | data=183 | cola= 654 | prio=10 | https://appweb.asfi.gob.bo/Reportes_asp/rmi/tarjeta.asp?c=54973&t=2&tr=2
[FULL_10_ASFI_FINRURAL] t= 478.2s | pag=418 | files=1170 | data=184 | cola= 654 | prio=10 | https://appweb.asfi.gob.bo/Reportes_asp/rmi/tarjeta.asp?c=53416&t=2&tr=2
[FULL_10_ASFI_FINRURAL] t= 478.8s | pag=419 | files=1170 | data=185 | cola= 654 | prio=10 | https://appweb.asfi.gob.bo/Reportes_asp/rmi/tarjeta.asp?c=52184&t=2&tr=2
[FULL_10_ASFI_FINRURAL] t= 479.5s | pag=420 | files=1170 | data=186 | cola= 654 | prio=10 | https://appweb.asfi.gob.bo/Reportes_asp/rmi/tarjeta.asp?c=53287&t=2&tr=2
[FULL_10_ASFI_FINRURAL] t= 480.5s | pag=421 | files=1170 | data=187 | cola= 654 | prio=10 | https://appweb.asfi.gob.bo/Reportes_asp/rmi/tarjeta.asp?c=51942&t=2&tr=2
[FULL_10_ASFI_FINRURAL] t= 481.2s | pag=422 | files=1170 | data=188 | cola= 654 | prio=10 | https://appweb.asfi.gob.bo/Reportes_asp/rmi/tarjeta.asp?c=53133&t=2&tr=2
[FULL_10_ASFI_FINRURAL] t= 482.2s | pag=423 | files=1170 | data=189 | cola= 654 | prio=10 | https://appweb.asfi.gob.bo/Reportes_asp/rmi/tarjeta.asp?c=52907&t=2&tr=2
[FULL_10_ASFI_FINRURAL] t= 483.2s | pag=424 | files=1170 | data=190 | cola= 654 | prio=10 | https://appweb.asfi.gob.bo/Reportes_asp/rmi/tarjeta.asp?c=53348&t=2&tr=2
[FULL_10_ASFI_FINRURAL] t= 484.3s | pag=425 | files=1170 | data=191 | cola= 654 | prio=10 | https://appweb.asfi.gob.bo/Reportes_asp/rmi/tarjeta.asp?c=54843&t=2&tr=2
[FULL_10_ASFI_FINRURAL] t= 485.2s | pag=426 | files=1170 | data=192 | cola= 654 | prio=10 | https://appweb.asfi.gob.bo/Reportes_asp/rmi/tarjeta.asp?c=54771&t=2&tr=2
[FULL_10_ASFI_FINRURAL] t= 485.9s | pag=427 | files=1170 | data=193 | cola= 654 | prio=10 | https://appweb.asfi.gob.bo/Reportes_asp/rmi/tarjeta.asp?c=54922&t=2&tr=2
[FULL_10_ASFI_FINRURAL] t= 487.2s | pag=428 | files=1170 | data=194 | cola= 654 | prio=10 | https://appweb.asfi.gob.bo/Reportes_asp/rmi/tarjeta.asp?c=54773&t=2&tr=2
[FULL_10_ASFI_FINRURAL] t= 487.9s | pag=429 | files=1170 | data=195 | cola= 654 | prio=10 | https://appweb.asfi.gob.bo/Reportes_asp/rmi/tarjeta.asp?c=53365&t=2&tr=2
[FULL_10_ASFI_FINRURAL] t= 488.9s | pag=430 | files=1170 | data=196 | cola= 654 | prio=10 | https://appweb.asfi.gob.bo/Reportes_asp/rmi/tarjeta.asp?c=53284&t=2&tr=2
[FULL_10_ASFI_FINRURAL] t= 490.0s | pag=431 | files=1170 | data=197 | cola= 654 | prio=10 | https://appweb.asfi.gob.bo/Reportes_asp/rmi/tarjeta.asp?c=52458&t=2&tr=2
[FULL_10_ASFI_FINRURAL] t= 490.8s | pag=432 | files=1170 | data=198 | cola= 654 | prio=10 | https://appweb.asfi.gob.bo/Reportes_asp/rmi/tarjeta.asp?c=53413&t=2&tr=2
[FULL_10_ASFI_FINRURAL] t= 492.1s | pag=433 | files=1170 | data=199 | cola= 654 | prio=10 | https://appweb.asfi.gob.bo/Reportes_asp/rmi/tarjeta.asp?c=53562&t=2&tr=2
[FULL_10_ASFI_FINRURAL] DATASETS=200 | data_html_table | https://appweb.asfi.gob.bo/Reportes_asp/rmi/tarjeta.asp?c=53562&t=2&tr=2
[FULL_10_ASFI_FINRURAL] t= 492.6s | pag=434 | files=1170 | data=200 | cola= 654 | prio=10 | https://appweb.asfi.gob.bo/Reportes_asp/rmi/tarjeta.asp?c=54969&t=2&tr=2
[FULL_10_ASFI_FINRURAL] t= 493.4s | pag=435 | files=1170 | data=201 | cola= 654 | prio=10 | https://appweb.asfi.gob.bo/Reportes_asp/rmi/tarjeta.asp?c=53606&t=2&tr=2
[FULL_10_ASFI_FINRURAL] t= 494.5s | pag=436 | files=1170 | data=202 | cola= 654 | prio=10 | https://appweb.asfi.gob.bo/Reportes_asp/rmi/tarjeta.asp?c=53218&t=2&tr=2
[FULL_10_ASFI_FINRURAL] t= 495.7s | pag=437 | files=1170 | data=203 | cola= 654 | prio=10 | https://appweb.asfi.gob.bo/Reportes_asp/rmi/tarjeta.asp?c=51943&t=2&tr=2
[FULL_10_ASFI_FINRURAL] t= 496.4s | pag=438 | files=1170 | data=204 | cola= 654 | prio=10 | https://appweb.asfi.gob.bo/Reportes_asp/rmi/tarjeta.asp?c=54786&t=2&tr=2
[FULL_10_ASFI_FINRURAL] t= 497.3s | pag=439 | files=1170 | data=205 | cola= 654 | prio=10 | https://appweb.asfi.gob.bo/Reportes_asp/rmi/tarjeta.asp?c=54677&t=2&tr=2
[FULL_10_ASFI_FINRURAL] t= 498.0s | pag=440 | files=1170 | data=206 | cola= 654 | prio=10 | https://appweb.asfi.gob.bo/Reportes_asp/rmi/tarjeta.asp?c=53546&t=2&tr=2
[FULL_10_ASFI_FINRURAL] t= 499.0s | pag=441 | files=1170 | data=207 | cola= 654 | prio=10 | https://appweb.asfi.gob.bo/Reportes_asp/rmi/tarjeta.asp?c=53290&t=2&tr=2
[FULL_10_ASFI_FINRURAL] t= 499.9s | pag=442 | files=1170 | data=208 | cola= 654 | prio=10 | https://appweb.asfi.gob.bo/Reportes_asp/rmi/tarjeta.asp?c=55024&t=2&tr=2
[FULL_10_ASFI_FINRURAL] t= 500.9s | pag=443 | files=1170 | data=209 | cola= 654 | prio=10 | https://appweb.asfi.gob.bo/Reportes_asp/rmi/tarjeta.asp?c=55034&t=2&tr=2
[FULL_10_ASFI_FINRURAL] t= 502.1s | pag=444 | files=1170 | data=210 | cola= 654 | prio=10 | https://appweb.asfi.gob.bo/Reportes_asp/rmi/tarjeta.asp?c=52851&t=2&tr=2
[FULL_10_ASFI_FINRURAL] t= 502.8s | pag=445 | files=1170 | data=211 | cola= 654 | prio=10 | https://appweb.asfi.gob.bo/Reportes_asp/rmi/tarjeta.asp?c=55020&t=2&tr=2
[FULL_10_ASFI_FINRURAL] t= 503.6s | pag=446 | files=1170 | data=212 | cola= 654 | prio=10 | https://appweb.asfi.gob.bo/Reportes_asp/rmi/tarjeta.asp?c=52479&t=2&tr=2
[FULL_10_ASFI_FINRURAL] t= 504.6s | pag=447 | files=1170 | data=213 | cola= 654 | prio=10 | https://appweb.asfi.gob.bo/Reportes_asp/rmi/tarjeta.asp?c=55008&t=2&tr=2
[FULL_10_ASFI_FINRURAL] t= 505.5s | pag=448 | files=1170 | data=214 | cola= 654 | prio=10 | https://appweb.asfi.gob.bo/Reportes_asp/rmi/tarjeta.asp?c=51894&t=2&tr=2
[FULL_10_ASFI_FINRURAL] t= 506.3s | pag=449 | files=1170 | data=215 | cola= 654 | prio=10 | https://appweb.asfi.gob.bo/Reportes_asp/rmi/tarjeta.asp?c=51887&t=2&tr=2
[FULL_10_ASFI_FINRURAL] t= 507.3s | pag=450 | files=1170 | data=216 | cola= 654 | prio=10 | https://appweb.asfi.gob.bo/Reportes_asp/rmi/tarjeta.asp?c=53504&t=2&tr=2
[FULL_10_ASFI_FINRURAL] t= 507.9s | pag=451 | files=1170 | data=217 | cola= 654 | prio=10 | https://appweb.asfi.gob.bo/Reportes_asp/rmi/tarjeta.asp?c=52457&t=2&tr=2
[FULL_10_ASFI_FINRURAL] t= 508.6s | pag=452 | files=1170 | data=218 | cola= 654 | prio=10 | https://appweb.asfi.gob.bo/Reportes_asp/rmi/tarjeta.asp?c=53572&t=2&tr=2
[FULL_10_ASFI_FINRURAL] t= 509.4s | pag=453 | files=1170 | data=219 | cola= 654 | prio=10 | https://appweb.asfi.gob.bo/Reportes_asp/rmi/tarjeta.asp?c=53236&t=2&tr=2
[FULL_10_ASFI_FINRURAL] t= 510.5s | pag=454 | files=1170 | data=220 | cola= 654 | prio=10 | https://appweb.asfi.gob.bo/Reportes_asp/rmi/tarjeta.asp?c=53607&t=2&tr=2
[FULL_10_ASFI_FINRURAL] t= 511.1s | pag=455 | files=1170 | data=221 | cola= 654 | prio=10 | https://appweb.asfi.gob.bo/Reportes_asp/rmi/tarjeta.asp?c=53185&t=2&tr=2
[FULL_10_ASFI_FINRURAL] t= 511.8s | pag=456 | files=1170 | data=222 | cola= 654 | prio=10 | https://appweb.asfi.gob.bo/Reportes_asp/rmi/tarjeta.asp?c=53305&t=2&tr=2
[FULL_10_ASFI_FINRURAL] t= 512.9s | pag=457 | files=1170 | data=223 | cola= 654 | prio=10 | https://appweb.asfi.gob.bo/Reportes_asp/rmi/tarjeta.asp?c=53154&t=2&tr=2
[FULL_10_ASFI_FINRURAL] t= 513.8s | pag=458 | files=1170 | data=224 | cola= 654 | prio=10 | https://appweb.asfi.gob.bo/Reportes_asp/rmi/tarjeta.asp?c=53442&t=2&tr=2
[FULL_10_ASFI_FINRURAL] DATASETS=225 | data_html_table | https://appweb.asfi.gob.bo/Reportes_asp/rmi/tarjeta.asp?c=53442&t=2&tr=2
[FULL_10_ASFI_FINRURAL] t= 514.7s | pag=459 | files=1170 | data=225 | cola= 654 | prio=10 | https://appweb.asfi.gob.bo/Reportes_asp/rmi/tarjeta.asp?c=53085&t=2&tr=2
[FULL_10_ASFI_FINRURAL] t= 515.9s | pag=460 | files=1170 | data=226 | cola= 654 | prio=10 | https://appweb.asfi.gob.bo/Reportes_asp/rmi/tarjeta.asp?c=53306&t=2&tr=2
[FULL_10_ASFI_FINRURAL] t= 516.8s | pag=461 | files=1170 | data=227 | cola= 654 | prio=10 | https://appweb.asfi.gob.bo/Reportes_asp/rmi/tarjeta.asp?c=52995&t=2&tr=2
[FULL_10_ASFI_FINRURAL] t= 517.6s | pag=462 | files=1170 | data=228 | cola= 654 | prio=10 | https://appweb.asfi.gob.bo/Reportes_asp/rmi/tarjeta.asp?c=54995&t=2&tr=2
[FULL_10_ASFI_FINRURAL] t= 518.5s | pag=463 | files=1170 | data=229 | cola= 654 | prio=10 | https://appweb.asfi.gob.bo/Reportes_asp/rmi/tarjeta.asp?c=54794&t=2&tr=2
[FULL_10_ASFI_FINRURAL] t= 519.4s | pag=464 | files=1170 | data=230 | cola= 654 | prio=10 | https://appweb.asfi.gob.bo/Reportes_asp/rmi/tarjeta.asp?c=55019&t=2&tr=2
[FULL_10_ASFI_FINRURAL] t= 520.5s | pag=465 | files=1170 | data=231 | cola= 654 | prio=10 | https://appweb.asfi.gob.bo/Reportes_asp/rmi/tarjeta.asp?c=52921&t=2&tr=2
[FULL_10_ASFI_FINRURAL] t= 521.7s | pag=466 | files=1170 | data=232 | cola= 654 | prio=10 | https://appweb.asfi.gob.bo/Reportes_asp/rmi/tarjeta.asp?c=55010&t=2&tr=2
[FULL_10_ASFI_FINRURAL] t= 522.4s | pag=467 | files=1170 | data=233 | cola= 654 | prio=10 | https://appweb.asfi.gob.bo/Reportes_asp/rmi/tarjeta.asp?c=52862&t=2&tr=2
[FULL_10_ASFI_FINRURAL] t= 523.2s | pag=468 | files=1170 | data=234 | cola= 654 | prio=10 | https://appweb.asfi.gob.bo/Reportes_asp/rmi/tarjeta.asp?c=53588&t=2&tr=2
[FULL_10_ASFI_FINRURAL] t= 524.4s | pag=469 | files=1170 | data=235 | cola= 654 | prio=10 | https://appweb.asfi.gob.bo/Reportes_asp/rmi/tarjeta.asp?c=53250&t=2&tr=2
[FULL_10_ASFI_FINRURAL] t= 525.9s | pag=470 | files=1170 | data=236 | cola= 654 | prio=10 | https://appweb.asfi.gob.bo/Reportes_asp/rmi/tarjeta.asp?c=51891&t=2&tr=2
[FULL_10_ASFI_FINRURAL] t= 527.6s | pag=471 | files=1170 | data=237 | cola= 654 | prio=10 | https://appweb.asfi.gob.bo/Reportes_asp/rmi/tarjeta.asp?c=51895&t=2&tr=2
[FULL_10_ASFI_FINRURAL] t= 529.0s | pag=472 | files=1170 | data=238 | cola= 655 | prio=10 | https://appweb.asfi.gob.bo/Reportes_asp/rmi/tarjeta.asp?c=52863&t=2&tr=2
[FULL_10_ASFI_FINRURAL] t= 530.0s | pag=473 | files=1170 | data=239 | cola= 655 | prio=10 | https://appweb.asfi.gob.bo/Reportes_asp/rmi/tarjeta.asp?c=53317&t=2&tr=2
[FULL_10_ASFI_FINRURAL] t= 531.3s | pag=474 | files=1170 | data=240 | cola= 655 | prio=10 | https://appweb.asfi.gob.bo/Reportes_asp/rmi/tarjeta.asp?c=51939&t=2&tr=2
[FULL_10_ASFI_FINRURAL] t= 532.6s | pag=475 | files=1170 | data=241 | cola= 655 | prio=10 | https://appweb.asfi.gob.bo/Reportes_asp/rmi/tarjeta.asp?c=53248&t=2&tr=2
[FULL_10_ASFI_FINRURAL] t= 533.4s | pag=476 | files=1170 | data=242 | cola= 655 | prio=10 | https://appweb.asfi.gob.bo/Reportes_asp/rmi/tarjeta.asp?c=51947&t=2&tr=2
[FULL_10_ASFI_FINRURAL] t= 535.4s | pag=477 | files=1170 | data=243 | cola= 656 | prio=10 | https://appweb.asfi.gob.bo/Reportes_asp/rmi/tarjeta.asp?c=54694&t=2&tr=2
[FULL_10_ASFI_FINRURAL] t= 536.1s | pag=478 | files=1170 | data=244 | cola= 656 | prio=10 | https://appweb.asfi.gob.bo/Reportes_asp/rmi/tarjeta.asp?c=55044&t=2&tr=2
[FULL_10_ASFI_FINRURAL] t= 536.8s | pag=479 | files=1170 | data=245 | cola= 656 | prio=10 | https://appweb.asfi.gob.bo/Reportes_asp/rmi/tarjeta.asp?c=53140&t=2&tr=2
[FULL_10_ASFI_FINRURAL] t= 538.3s | pag=480 | files=1170 | data=246 | cola= 656 | prio=10 | https://appweb.asfi.gob.bo/Reportes_asp/rmi/tarjeta.asp?c=55007&t=2&tr=2
[FULL_10_ASFI_FINRURAL] t= 538.8s | pag=481 | files=1170 | data=247 | cola= 656 | prio=10 | https://appweb.asfi.gob.bo/Reportes_asp/rmi/tarjeta.asp?c=53089&t=2&tr=2
[FULL_10_ASFI_FINRURAL] t= 540.4s | pag=482 | files=1170 | data=248 | cola= 656 | prio=10 | https://appweb.asfi.gob.bo/Reportes_asp/rmi/tarjeta.asp?c=51944&t=2&tr=2
[FULL_10_ASFI_FINRURAL] t= 542.2s | pag=483 | files=1170 | data=249 | cola= 656 | prio=10 | https://appweb.asfi.gob.bo/Reportes_asp/rmi/tarjeta.asp?c=51932&t=2&tr=2
[FULL_10_ASFI_FINRURAL] DATASETS=250 | data_html_table | https://appweb.asfi.gob.bo/Reportes_asp/rmi/tarjeta.asp?c=51932&t=2&tr=2
[FULL_10_ASFI_FINRURAL] t= 545.4s | pag=484 | files=1170 | data=250 | cola= 656 | prio=10 | https://appweb.asfi.gob.bo/Reportes_asp/rmi/tarjeta.asp?c=52537&t=2&tr=2
[FULL_10_ASFI_FINRURAL] t= 549.9s | pag=485 | files=1170 | data=251 | cola= 656 | prio=10 | https://appweb.asfi.gob.bo/Reportes_asp/rmi/tarjeta.asp?c=53422&t=2&tr=2
[FULL_10_ASFI_FINRURAL] t= 550.9s | pag=486 | files=1170 | data=252 | cola= 657 | prio=10 | https://appweb.asfi.gob.bo/Reportes_asp/rmi/tarjeta.asp?c=52173&t=2&tr=2
[FULL_10_ASFI_FINRURAL] t= 552.7s | pag=487 | files=1170 | data=253 | cola= 657 | prio=10 | https://appweb.asfi.gob.bo/Reportes_asp/rmi/tarjeta.asp?c=51874&t=3
[FULL_10_ASFI_FINRURAL] t= 553.6s | pag=488 | files=1170 | data=254 | cola= 658 | prio=10 | https://appweb.asfi.gob.bo/Reportes_asp/rmi/tarjeta.asp?c=51878&t=3
[FULL_10_ASFI_FINRURAL] t= 554.5s | pag=489 | files=1170 | data=255 | cola= 659 | prio=10 | https://appweb.asfi.gob.bo/Reportes_asp/rmi/tarjeta.asp?c=51875&t=3
[FULL_10_ASFI_FINRURAL] t= 555.4s | pag=490 | files=1170 | data=256 | cola= 660 | prio=10 | https://appweb.asfi.gob.bo/Reportes_asp/rmi/tarjeta.asp?c=51876&t=3
[FULL_10_ASFI_FINRURAL] t= 556.5s | pag=491 | files=1170 | data=257 | cola= 661 | prio=10 | https://appweb.asfi.gob.bo/Reportes_asp/rmi/tarjeta.asp?c=53386&t=3
[FULL_10_ASFI_FINRURAL] t= 557.5s | pag=492 | files=1170 | data=258 | cola= 662 | prio=10 | https://appweb.asfi.gob.bo/Reportes_asp/rmi/tarjeta.asp?c=51877&t=3
[FULL_10_ASFI_FINRURAL] t= 558.5s | pag=493 | files=1170 | data=259 | cola= 663 | prio=10 | https://appweb.asfi.gob.bo/Reportes_asp/rmi/tarjeta.asp?c=53460&t=3
[FULL_10_ASFI_FINRURAL] t= 559.7s | pag=494 | files=1170 | data=260 | cola= 664 | prio=10 | https://appweb.asfi.gob.bo/Reportes_asp/rmi/tarjeta.asp?c=51879&t=3
[FULL_10_ASFI_FINRURAL] t= 560.6s | pag=495 | files=1170 | data=261 | cola= 665 | prio=10 | https://appweb.asfi.gob.bo/Reportes_asp/rmi/tarjeta.asp?c=51881&t=3
[FULL_10_ASFI_FINRURAL] t= 561.9s | pag=496 | files=1170 | data=262 | cola= 666 | prio=10 | https://appweb.asfi.gob.bo/Reportes_asp/rmi/tarjeta.asp?c=51883&t=3
[FULL_10_ASFI_FINRURAL] t= 563.2s | pag=497 | files=1170 | data=263 | cola= 667 | prio=10 | https://appweb.asfi.gob.bo/Reportes_asp/rmi/tarjeta.asp?c=51871&t=3
[FULL_10_ASFI_FINRURAL] t= 564.3s | pag=498 | files=1170 | data=264 | cola= 668 | prio=10 | https://appweb.asfi.gob.bo/Reportes_asp/rmi/tarjeta.asp?c=53112&t=3
[FULL_10_ASFI_FINRURAL] t= 565.5s | pag=499 | files=1170 | data=265 | cola= 669 | prio=10 | https://appweb.asfi.gob.bo/Reportes_asp/rmi/tarjeta.asp?c=52172&t=3
[FULL_10_ASFI_FINRURAL] t= 566.4s | pag=500 | files=1170 | data=266 | cola= 670 | prio=10 | https://appweb.asfi.gob.bo/Reportes_asp/rmi/tarjeta.asp?c=53243&t=3
[FULL_10_ASFI_FINRURAL] t= 567.3s | pag=501 | files=1170 | data=267 | cola= 671 | prio=10 | https://appweb.asfi.gob.bo/Reportes_asp/rmi/tarjeta.asp?c=53550&t=3
[FULL_10_ASFI_FINRURAL] t= 568.5s | pag=502 | files=1170 | data=268 | cola= 672 | prio=10 | https://appweb.asfi.gob.bo/Reportes_asp/rmi/tarjeta.asp?c=52387&t=3
[FULL_10_ASFI_FINRURAL] t= 569.3s | pag=503 | files=1170 | data=269 | cola= 673 | prio=10 | https://appweb.asfi.gob.bo/Reportes_asp/rmi/tarjeta.asp?c=52216&t=3
[FULL_10_ASFI_FINRURAL] t= 570.6s | pag=504 | files=1170 | data=270 | cola= 674 | prio=10 | https://appweb.asfi.gob.bo/Reportes_asp/rmi/tarjeta.asp?c=51928&t=3
[FULL_10_ASFI_FINRURAL] t= 571.7s | pag=505 | files=1170 | data=271 | cola= 675 | prio=10 | https://appweb.asfi.gob.bo/Reportes_asp/rmi/tarjeta.asp?c=51837&t=3
[FULL_10_ASFI_FINRURAL] t= 572.7s | pag=506 | files=1170 | data=272 | cola= 676 | prio=10 | https://appweb.asfi.gob.bo/Reportes_asp/rmi/tarjeta.asp?c=51828&t=3
[FULL_10_ASFI_FINRURAL] t= 573.7s | pag=507 | files=1170 | data=273 | cola= 677 | prio=10 | https://appweb.asfi.gob.bo/Reportes_asp/rmi/tarjeta.asp?c=51830&t=3
[FULL_10_ASFI_FINRURAL] t= 575.1s | pag=508 | files=1170 | data=274 | cola= 678 | prio=10 | https://appweb.asfi.gob.bo/Reportes_asp/rmi/tarjeta.asp?c=51859&t=3
[FULL_10_ASFI_FINRURAL] DATASETS=275 | data_html_table | https://appweb.asfi.gob.bo/Reportes_asp/rmi/tarjeta.asp?c=51859&t=3
[FULL_10_ASFI_FINRURAL] t= 576.4s | pag=509 | files=1170 | data=275 | cola= 679 | prio=10 | https://appweb.asfi.gob.bo/Reportes_asp/rmi/tarjeta.asp?c=52434&t=3
[FULL_10_ASFI_FINRURAL] t= 577.6s | pag=510 | files=1170 | data=276 | cola= 680 | prio=10 | https://appweb.asfi.gob.bo/Reportes_asp/rmi/tarjeta.asp?c=51863&t=3
[FULL_10_ASFI_FINRURAL] t= 578.6s | pag=511 | files=1170 | data=277 | cola= 681 | prio=10 | https://appweb.asfi.gob.bo/Reportes_asp/rmi/tarjeta.asp?c=51833&t=3
[FULL_10_ASFI_FINRURAL] t= 579.9s | pag=512 | files=1170 | data=278 | cola= 682 | prio=10 | https://appweb.asfi.gob.bo/Reportes_asp/rmi/tarjeta.asp?c=51829&t=3
[FULL_10_ASFI_FINRURAL] t= 581.0s | pag=513 | files=1170 | data=279 | cola= 683 | prio=10 | https://appweb.asfi.gob.bo/Reportes_asp/rmi/tarjeta.asp?c=51835&t=3
[FULL_10_ASFI_FINRURAL] t= 581.9s | pag=514 | files=1170 | data=280 | cola= 684 | prio=10 | https://appweb.asfi.gob.bo/Reportes_asp/rmi/tarjeta.asp?c=51866&t=3
[FULL_10_ASFI_FINRURAL] t= 583.2s | pag=515 | files=1170 | data=281 | cola= 685 | prio=10 | https://appweb.asfi.gob.bo/Reportes_asp/rmi/tarjeta.asp?c=51868&t=3
[FULL_10_ASFI_FINRURAL] t= 584.3s | pag=516 | files=1170 | data=282 | cola= 686 | prio=10 | https://appweb.asfi.gob.bo/Reportes_asp/rmi/tarjeta.asp?c=51935&t=3
[FULL_10_ASFI_FINRURAL] t= 585.5s | pag=517 | files=1170 | data=283 | cola= 687 | prio=10 | https://appweb.asfi.gob.bo/Reportes_asp/rmi/tarjeta.asp?c=51796&t=3
[FULL_10_ASFI_FINRURAL] t= 586.4s | pag=518 | files=1170 | data=284 | cola= 688 | prio=10 | https://appweb.asfi.gob.bo/Reportes_asp/rmi/tarjeta.asp?c=51811&t=3
[FULL_10_ASFI_FINRURAL] t= 587.5s | pag=519 | files=1170 | data=285 | cola= 689 | prio=10 | https://appweb.asfi.gob.bo/Reportes_asp/rmi/tarjeta.asp?c=51857&t=3
[FULL_10_ASFI_FINRURAL] t= 589.3s | pag=520 | files=1170 | data=286 | cola= 690 | prio=10 | https://appweb.asfi.gob.bo/Reportes_asp/rmi/tarjeta.asp?c=51810&t=3
[FULL_10_ASFI_FINRURAL] t= 590.7s | pag=521 | files=1170 | data=287 | cola= 691 | prio=10 | https://appweb.asfi.gob.bo/Reportes_asp/rmi/tarjeta.asp?c=53525&t=3
[FULL_10_ASFI_FINRURAL] t= 592.1s | pag=522 | files=1170 | data=288 | cola= 692 | prio=10 | https://appweb.asfi.gob.bo/Reportes_asp/rmi/tarjeta.asp?c=53087&t=3
[FULL_10_ASFI_FINRURAL] t= 593.3s | pag=523 | files=1170 | data=289 | cola= 693 | prio=10 | https://appweb.asfi.gob.bo/Reportes_asp/rmi/tarjeta.asp?c=53558&t=3
[FULL_10_ASFI_FINRURAL] t= 594.5s | pag=524 | files=1170 | data=290 | cola= 694 | prio=10 | https://appweb.asfi.gob.bo/Reportes_asp/rmi/tarjeta.asp?c=54886&t=3
[FULL_10_ASFI_FINRURAL] t= 595.9s | pag=525 | files=1170 | data=291 | cola= 695 | prio=10 | https://appweb.asfi.gob.bo/Reportes_asp/rmi/tarjeta.asp?c=51818&t=3
[FULL_10_ASFI_FINRURAL] t= 596.8s | pag=526 | files=1170 | data=292 | cola= 696 | prio=10 | https://appweb.asfi.gob.bo/Reportes_asp/rmi/tarjeta.asp?c=53531&t=3
[FULL_10_ASFI_FINRURAL] t= 597.9s | pag=527 | files=1170 | data=293 | cola= 697 | prio=10 | https://appweb.asfi.gob.bo/Reportes_asp/rmi/tarjeta.asp?c=54785&t=3
[FULL_10_ASFI_FINRURAL] t= 599.0s | pag=528 | files=1170 | data=294 | cola= 698 | prio=10 | https://appweb.asfi.gob.bo/Reportes_asp/rmi/tarjeta.asp?c=52575&t=3
[FULL_10_ASFI_FINRURAL] t= 600.5s | pag=529 | files=1170 | data=295 | cola= 699 | prio=10 | https://appweb.asfi.gob.bo/Reportes_asp/rmi/tarjeta.asp?c=51855&t=3
[FULL_10_ASFI_FINRURAL] t= 601.6s | pag=530 | files=1170 | data=296 | cola= 700 | prio=10 | https://appweb.asfi.gob.bo/Reportes_asp/rmi/tarjeta.asp?c=51823&t=3
[FULL_10_ASFI_FINRURAL] t= 602.6s | pag=531 | files=1170 | data=297 | cola= 701 | prio=10 | https://appweb.asfi.gob.bo/Reportes_asp/rmi/tarjeta.asp?c=52511&t=3
[FULL_10_ASFI_FINRURAL] t= 603.9s | pag=532 | files=1170 | data=298 | cola= 702 | prio=10 | https://appweb.asfi.gob.bo/Reportes_asp/rmi/tarjeta.asp?c=54683&t=3
[FULL_10_ASFI_FINRURAL] t= 605.2s | pag=533 | files=1170 | data=299 | cola= 703 | prio=10 | https://appweb.asfi.gob.bo/Reportes_asp/rmi/tarjeta.asp?c=53452&t=3
[FULL_10_ASFI_FINRURAL] DATASETS=300 | data_html_table | https://appweb.asfi.gob.bo/Reportes_asp/rmi/tarjeta.asp?c=53452&t=3
[FULL_10_ASFI_FINRURAL] t= 606.6s | pag=534 | files=1170 | data=300 | cola= 704 | prio=10 | https://appweb.asfi.gob.bo/Reportes_asp/rmi/tarjeta.asp?c=53643&t=3
[FULL_10_ASFI_FINRURAL] t= 607.5s | pag=535 | files=1170 | data=301 | cola= 705 | prio=10 | https://appweb.asfi.gob.bo/Reportes_asp/rmi/tarjeta.asp?c=54958&t=3
[FULL_10_ASFI_FINRURAL] t= 608.9s | pag=536 | files=1170 | data=302 | cola= 706 | prio=10 | https://appweb.asfi.gob.bo/Reportes_asp/rmi/tarjeta.asp?c=51865&t=3
[FULL_10_ASFI_FINRURAL] t= 610.1s | pag=537 | files=1170 | data=303 | cola= 707 | prio=10 | https://appweb.asfi.gob.bo/Reportes_asp/rmi/tarjeta.asp?c=51799&t=3
[FULL_10_ASFI_FINRURAL] t= 611.2s | pag=538 | files=1170 | data=304 | cola= 708 | prio=10 | https://appweb.asfi.gob.bo/Reportes_asp/rmi/tarjeta.asp?c=53589&t=3
[FULL_10_ASFI_FINRURAL] t= 612.9s | pag=539 | files=1170 | data=305 | cola= 709 | prio=10 | https://appweb.asfi.gob.bo/Reportes_asp/rmi/tarjeta.asp?c=51861&t=3
[FULL_10_ASFI_FINRURAL] t= 614.4s | pag=540 | files=1170 | data=306 | cola= 710 | prio=10 | https://appweb.asfi.gob.bo/Reportes_asp/rmi/tarjeta.asp?c=52453&t=3
[FULL_10_ASFI_FINRURAL] t= 615.5s | pag=541 | files=1170 | data=307 | cola= 711 | prio=10 | https://appweb.asfi.gob.bo/Reportes_asp/rmi/tarjeta.asp?c=51840&t=3
[FULL_10_ASFI_FINRURAL] t= 616.7s | pag=542 | files=1170 | data=308 | cola= 712 | prio=10 | https://appweb.asfi.gob.bo/Reportes_asp/rmi/tarjeta.asp?c=51797&t=3
[FULL_10_ASFI_FINRURAL] t= 618.0s | pag=543 | files=1170 | data=309 | cola= 713 | prio=10 | https://appweb.asfi.gob.bo/Reportes_asp/rmi/tarjeta.asp?c=51822&t=3
[FULL_10_ASFI_FINRURAL] t= 619.0s | pag=544 | files=1170 | data=310 | cola= 714 | prio=10 | https://appweb.asfi.gob.bo/Reportes_asp/rmi/tarjeta.asp?c=51806&t=3
[FULL_10_ASFI_FINRURAL] t= 620.1s | pag=545 | files=1170 | data=311 | cola= 715 | prio=10 | https://appweb.asfi.gob.bo/Reportes_asp/rmi/tarjeta.asp?c=54861&t=3
[FULL_10_ASFI_FINRURAL] t= 621.2s | pag=546 | files=1170 | data=312 | cola= 716 | prio=10 | https://appweb.asfi.gob.bo/Reportes_asp/rmi/tarjeta.asp?c=54754&t=3
[FULL_10_ASFI_FINRURAL] t= 622.5s | pag=547 | files=1170 | data=313 | cola= 717 | prio=10 | https://appweb.asfi.gob.bo/Reportes_asp/rmi/tarjeta.asp?c=51816&t=3
[FULL_10_ASFI_FINRURAL] t= 623.8s | pag=548 | files=1170 | data=314 | cola= 718 | prio=10 | https://appweb.asfi.gob.bo/Reportes_asp/rmi/tarjeta.asp?c=51827&t=3
[FULL_10_ASFI_FINRURAL] t= 625.3s | pag=549 | files=1170 | data=315 | cola= 719 | prio=10 | https://appweb.asfi.gob.bo/Reportes_asp/rmi/tarjeta.asp?c=51825&t=3
[FULL_10_ASFI_FINRURAL] t= 626.4s | pag=550 | files=1170 | data=316 | cola= 720 | prio=10 | https://appweb.asfi.gob.bo/Reportes_asp/rmi/tarjeta.asp?c=51804&t=3
[FULL_10_ASFI_FINRURAL] t= 627.3s | pag=551 | files=1170 | data=317 | cola= 721 | prio=10 | https://appweb.asfi.gob.bo/Reportes_asp/rmi/tarjeta.asp?c=53289&t=3
[FULL_10_ASFI_FINRURAL] t= 628.5s | pag=552 | files=1170 | data=318 | cola= 722 | prio=10 | https://appweb.asfi.gob.bo/Reportes_asp/rmi/tarjeta.asp?c=52194&t=3
[FULL_10_ASFI_FINRURAL] t= 630.1s | pag=553 | files=1170 | data=319 | cola= 723 | prio=10 | https://appweb.asfi.gob.bo/Reportes_asp/rmi/tarjeta.asp?c=54975&t=3
[FULL_10_ASFI_FINRURAL] t= 631.3s | pag=554 | files=1170 | data=320 | cola= 724 | prio=10 | https://appweb.asfi.gob.bo/Reportes_asp/rmi/tarjeta.asp?c=51808&t=3
[FULL_10_ASFI_FINRURAL] t= 632.3s | pag=555 | files=1170 | data=321 | cola= 725 | prio=10 | https://appweb.asfi.gob.bo/Reportes_asp/rmi/tarjeta.asp?c=52925&t=3
[FULL_10_ASFI_FINRURAL] t= 633.4s | pag=556 | files=1170 | data=322 | cola= 726 | prio=10 | https://appweb.asfi.gob.bo/Reportes_asp/rmi/tarjeta.asp?c=54840&t=3
[FULL_10_ASFI_FINRURAL] t= 634.6s | pag=557 | files=1170 | data=323 | cola= 727 | prio=10 | https://appweb.asfi.gob.bo/Reportes_asp/rmi/tarjeta.asp?c=54931&t=3
[FULL_10_ASFI_FINRURAL] t= 635.7s | pag=558 | files=1170 | data=324 | cola= 728 | prio=10 | https://appweb.asfi.gob.bo/Reportes_asp/rmi/tarjeta.asp?c=54705&t=3
[FULL_10_ASFI_FINRURAL] DATASETS=325 | data_html_table | https://appweb.asfi.gob.bo/Reportes_asp/rmi/tarjeta.asp?c=54705&t=3
[FULL_10_ASFI_FINRURAL] t= 636.6s | pag=559 | files=1170 | data=325 | cola= 729 | prio=10 | https://appweb.asfi.gob.bo/Reportes_asp/rmi/tarjeta.asp?c=54799&t=3
[FULL_10_ASFI_FINRURAL] t= 637.5s | pag=560 | files=1170 | data=326 | cola= 730 | prio=10 | https://appweb.asfi.gob.bo/Reportes_asp/rmi/tarjeta.asp?c=52561&t=3
[FULL_10_ASFI_FINRURAL] t= 638.6s | pag=561 | files=1170 | data=327 | cola= 731 | prio=10 | https://appweb.asfi.gob.bo/Reportes_asp/rmi/tarjeta.asp?c=51949&t=3
[FULL_10_ASFI_FINRURAL] t= 639.8s | pag=562 | files=1170 | data=328 | cola= 732 | prio=10 | https://appweb.asfi.gob.bo/Reportes_asp/rmi/tarjeta.asp?c=52195&t=3
[FULL_10_ASFI_FINRURAL] t= 641.1s | pag=563 | files=1170 | data=329 | cola= 733 | prio=10 | https://appweb.asfi.gob.bo/Reportes_asp/rmi/tarjeta.asp?c=53556&t=3
[FULL_10_ASFI_FINRURAL] t= 642.0s | pag=564 | files=1170 | data=330 | cola= 734 | prio=10 | https://appweb.asfi.gob.bo/Reportes_asp/rmi/tarjeta.asp?c=53247&t=3
[FULL_10_ASFI_FINRURAL] t= 643.3s | pag=565 | files=1170 | data=331 | cola= 735 | prio=10 | https://appweb.asfi.gob.bo/Reportes_asp/rmi/tarjeta.asp?c=52349&t=3
[FULL_10_ASFI_FINRURAL] t= 644.9s | pag=566 | files=1170 | data=332 | cola= 736 | prio=10 | https://appweb.asfi.gob.bo/Reportes_asp/rmi/tarjeta.asp?c=53470&t=3
[FULL_10_ASFI_FINRURAL] t= 645.8s | pag=567 | files=1170 | data=333 | cola= 737 | prio=10 | https://appweb.asfi.gob.bo/Reportes_asp/rmi/tarjeta.asp?c=54661&t=3
[FULL_10_ASFI_FINRURAL] t= 647.2s | pag=568 | files=1170 | data=334 | cola= 738 | prio=10 | https://appweb.asfi.gob.bo/Reportes_asp/rmi/tarjeta.asp?c=54809&t=3
[FULL_10_ASFI_FINRURAL] t= 648.3s | pag=569 | files=1170 | data=335 | cola= 739 | prio=10 | https://appweb.asfi.gob.bo/Reportes_asp/rmi/tarjeta.asp?c=53451&t=3
[FULL_10_ASFI_FINRURAL] t= 649.8s | pag=570 | files=1170 | data=336 | cola= 740 | prio=10 | https://appweb.asfi.gob.bo/Reportes_asp/rmi/tarjeta.asp?c=53418&t=3
[FULL_10_ASFI_FINRURAL] t= 650.6s | pag=571 | files=1170 | data=337 | cola= 741 | prio=10 | https://appweb.asfi.gob.bo/Reportes_asp/rmi/tarjeta.asp?c=52930&t=3
[FULL_10_ASFI_FINRURAL] t= 651.6s | pag=572 | files=1170 | data=338 | cola= 742 | prio=10 | https://appweb.asfi.gob.bo/Reportes_asp/rmi/tarjeta.asp?c=53052&t=3
[FULL_10_ASFI_FINRURAL] t= 652.9s | pag=573 | files=1170 | data=339 | cola= 743 | prio=10 | https://appweb.asfi.gob.bo/Reportes_asp/rmi/tarjeta.asp?c=53539&t=3
[FULL_10_ASFI_FINRURAL] t= 653.7s | pag=574 | files=1170 | data=340 | cola= 744 | prio=10 | https://appweb.asfi.gob.bo/Reportes_asp/rmi/tarjeta.asp?c=52952&t=3
[FULL_10_ASFI_FINRURAL] t= 654.7s | pag=575 | files=1170 | data=341 | cola= 745 | prio=10 | https://appweb.asfi.gob.bo/Reportes_asp/rmi/tarjeta.asp?c=55065&t=3
[FULL_10_ASFI_FINRURAL] t= 656.0s | pag=576 | files=1170 | data=342 | cola= 746 | prio=10 | https://appweb.asfi.gob.bo/Reportes_asp/rmi/tarjeta.asp?c=53569&t=3
[FULL_10_ASFI_FINRURAL] t= 657.1s | pag=577 | files=1170 | data=343 | cola= 747 | prio=10 | https://appweb.asfi.gob.bo/Reportes_asp/rmi/tarjeta.asp?c=53590&t=3
[FULL_10_ASFI_FINRURAL] t= 658.4s | pag=578 | files=1170 | data=344 | cola= 748 | prio=10 | https://appweb.asfi.gob.bo/Reportes_asp/rmi/tarjeta.asp?c=53553&t=3
[FULL_10_ASFI_FINRURAL] t= 659.2s | pag=579 | files=1170 | data=345 | cola= 749 | prio=10 | https://appweb.asfi.gob.bo/Reportes_asp/rmi/tarjeta.asp?c=51814&t=3
[FULL_10_ASFI_FINRURAL] t= 660.2s | pag=580 | files=1170 | data=346 | cola= 750 | prio=10 | https://appweb.asfi.gob.bo/Reportes_asp/rmi/tarjeta.asp?c=53291&t=3
[FULL_10_ASFI_FINRURAL] t= 661.3s | pag=581 | files=1170 | data=347 | cola= 751 | prio=10 | https://appweb.asfi.gob.bo/Reportes_asp/rmi/tarjeta.asp?c=52354&t=3
[FULL_10_ASFI_FINRURAL] t= 662.7s | pag=582 | files=1170 | data=348 | cola= 752 | prio=10 | https://appweb.asfi.gob.bo/Reportes_asp/rmi/tarjeta.asp?c=54913&t=3
[FULL_10_ASFI_FINRURAL] t= 664.0s | pag=583 | files=1170 | data=349 | cola= 753 | prio=10 | https://appweb.asfi.gob.bo/Reportes_asp/rmi/tarjeta.asp?c=52885&t=3
[FULL_10_ASFI_FINRURAL] DATASETS=350 | data_html_table | https://appweb.asfi.gob.bo/Reportes_asp/rmi/tarjeta.asp?c=52885&t=3
[FULL_10_ASFI_FINRURAL] t= 665.3s | pag=584 | files=1170 | data=350 | cola= 754 | prio=10 | https://appweb.asfi.gob.bo/Reportes_asp/rmi/tarjeta.asp?c=52837&t=3
[FULL_10_ASFI_FINRURAL] t= 666.6s | pag=585 | files=1170 | data=351 | cola= 755 | prio=10 | https://appweb.asfi.gob.bo/Reportes_asp/rmi/tarjeta.asp?c=52451&t=3
[FULL_10_ASFI_FINRURAL] t= 668.1s | pag=586 | files=1170 | data=352 | cola= 756 | prio=10 | https://appweb.asfi.gob.bo/Reportes_asp/rmi/tarjeta.asp?c=53393&t=3
[FULL_10_ASFI_FINRURAL] t= 669.2s | pag=587 | files=1170 | data=353 | cola= 757 | prio=10 | https://appweb.asfi.gob.bo/Reportes_asp/rmi/tarjeta.asp?c=55067&t=3
[FULL_10_ASFI_FINRURAL] t= 670.2s | pag=588 | files=1170 | data=354 | cola= 758 | prio=10 | https://appweb.asfi.gob.bo/Reportes_asp/rmi/tarjeta.asp?c=51842&t=3
[FULL_10_ASFI_FINRURAL] t= 671.5s | pag=589 | files=1170 | data=355 | cola= 759 | prio=10 | https://appweb.asfi.gob.bo/Reportes_asp/rmi/tarjeta.asp?c=53337&t=3
[FULL_10_ASFI_FINRURAL] t= 672.7s | pag=590 | files=1170 | data=356 | cola= 760 | prio=10 | https://appweb.asfi.gob.bo/Reportes_asp/rmi/tarjeta.asp?c=54662&t=3
[FULL_10_ASFI_FINRURAL] t= 674.1s | pag=591 | files=1170 | data=357 | cola= 761 | prio=10 | https://appweb.asfi.gob.bo/Reportes_asp/rmi/tarjeta.asp?c=53282&t=3
[FULL_10_ASFI_FINRURAL] t= 675.5s | pag=592 | files=1170 | data=358 | cola= 762 | prio=10 | https://appweb.asfi.gob.bo/Reportes_asp/rmi/tarjeta.asp?c=54666&t=3
[FULL_10_ASFI_FINRURAL] t= 676.5s | pag=593 | files=1170 | data=359 | cola= 763 | prio=10 | https://appweb.asfi.gob.bo/Reportes_asp/rmi/tarjeta.asp?c=51858&t=3
[FULL_10_ASFI_FINRURAL] t= 677.5s | pag=594 | files=1170 | data=360 | cola= 764 | prio=10 | https://appweb.asfi.gob.bo/Reportes_asp/rmi/tarjeta.asp?c=53171&t=3
[FULL_10_ASFI_FINRURAL] t= 678.9s | pag=595 | files=1170 | data=361 | cola= 765 | prio=10 | https://appweb.asfi.gob.bo/Reportes_asp/rmi/tarjeta.asp?c=51826&t=3
[FULL_10_ASFI_FINRURAL] t= 680.3s | pag=596 | files=1170 | data=362 | cola= 766 | prio=10 | https://appweb.asfi.gob.bo/Reportes_asp/rmi/tarjeta.asp?c=54741&t=3
[FULL_10_ASFI_FINRURAL] t= 681.5s | pag=597 | files=1170 | data=363 | cola= 767 | prio=10 | https://appweb.asfi.gob.bo/Reportes_asp/rmi/tarjeta.asp?c=51854&t=3
[FULL_10_ASFI_FINRURAL] t= 682.8s | pag=598 | files=1170 | data=364 | cola= 768 | prio=10 | https://appweb.asfi.gob.bo/Reportes_asp/rmi/tarjeta.asp?c=53523&t=3
[FULL_10_ASFI_FINRURAL] t= 684.0s | pag=599 | files=1170 | data=365 | cola= 769 | prio=10 | https://appweb.asfi.gob.bo/Reportes_asp/rmi/tarjeta.asp?c=52074&t=3
[FULL_10_ASFI_FINRURAL] t= 685.3s | pag=600 | files=1170 | data=366 | cola= 770 | prio=10 | https://appweb.asfi.gob.bo/Reportes_asp/rmi/tarjeta.asp?c=54678&t=3
[FULL_10_ASFI_FINRURAL] t= 686.3s | pag=601 | files=1170 | data=367 | cola= 771 | prio=10 | https://appweb.asfi.gob.bo/Reportes_asp/rmi/tarjeta.asp?c=51860&t=3
[FULL_10_ASFI_FINRURAL] t= 687.3s | pag=602 | files=1170 | data=368 | cola= 772 | prio=10 | https://appweb.asfi.gob.bo/Reportes_asp/rmi/tarjeta.asp?c=53118&t=3
[FULL_10_ASFI_FINRURAL] t= 688.5s | pag=603 | files=1170 | data=369 | cola= 773 | prio=10 | https://appweb.asfi.gob.bo/Reportes_asp/rmi/tarjeta.asp?c=51821&t=3
[FULL_10_ASFI_FINRURAL] t= 689.6s | pag=604 | files=1170 | data=370 | cola= 774 | prio=10 | https://appweb.asfi.gob.bo/Reportes_asp/rmi/tarjeta.asp?c=51809&t=3
[FULL_10_ASFI_FINRURAL] t= 690.6s | pag=605 | files=1170 | data=371 | cola= 775 | prio=10 | https://appweb.asfi.gob.bo/Reportes_asp/rmi/tarjeta.asp?c=51812&t=3
[FULL_10_ASFI_FINRURAL] t= 691.6s | pag=606 | files=1170 | data=372 | cola= 776 | prio=10 | https://appweb.asfi.gob.bo/Reportes_asp/rmi/tarjeta.asp?c=51813&t=3
[FULL_10_ASFI_FINRURAL] t= 692.6s | pag=607 | files=1170 | data=373 | cola= 777 | prio=10 | https://appweb.asfi.gob.bo/Reportes_asp/rmi/tarjeta.asp?c=52045&t=3
[FULL_10_ASFI_FINRURAL] t= 693.5s | pag=608 | files=1170 | data=374 | cola= 778 | prio=10 | https://appweb.asfi.gob.bo/Reportes_asp/rmi/tarjeta.asp?c=53002&t=3
[FULL_10_ASFI_FINRURAL] DATASETS=375 | data_html_table | https://appweb.asfi.gob.bo/Reportes_asp/rmi/tarjeta.asp?c=53002&t=3
[FULL_10_ASFI_FINRURAL] t= 694.7s | pag=609 | files=1170 | data=375 | cola= 779 | prio=10 | https://appweb.asfi.gob.bo/Reportes_asp/rmi/tarjeta.asp?c=53623&t=3
[FULL_10_ASFI_FINRURAL] t= 695.9s | pag=610 | files=1170 | data=376 | cola= 780 | prio=10 | https://appweb.asfi.gob.bo/Reportes_asp/rmi/tarjeta.asp?c=52051&t=3
[FULL_10_ASFI_FINRURAL] t= 696.8s | pag=611 | files=1170 | data=377 | cola= 781 | prio=10 | https://appweb.asfi.gob.bo/Reportes_asp/rmi/tarjeta.asp?c=53217&t=3
[FULL_10_ASFI_FINRURAL] t= 698.2s | pag=612 | files=1170 | data=378 | cola= 782 | prio=10 | https://appweb.asfi.gob.bo/Reportes_asp/rmi/tarjeta.asp?c=54957&t=3
[FULL_10_ASFI_FINRURAL] t= 699.4s | pag=613 | files=1170 | data=379 | cola= 783 | prio=10 | https://appweb.asfi.gob.bo/Reportes_asp/rmi/tarjeta.asp?c=54778&t=3
[FULL_10_ASFI_FINRURAL] t= 700.6s | pag=614 | files=1170 | data=380 | cola= 784 | prio=10 | https://appweb.asfi.gob.bo/Reportes_asp/rmi/tarjeta.asp?c=54867&t=3
[FULL_10_ASFI_FINRURAL] t= 701.8s | pag=615 | files=1170 | data=381 | cola= 785 | prio=10 | https://appweb.asfi.gob.bo/Reportes_asp/rmi/tarjeta.asp?c=52196&t=3
[FULL_10_ASFI_FINRURAL] t= 702.9s | pag=616 | files=1170 | data=382 | cola= 786 | prio=10 | https://appweb.asfi.gob.bo/Reportes_asp/rmi/tarjeta.asp?c=53058&t=3
[FULL_10_ASFI_FINRURAL] t= 704.0s | pag=617 | files=1170 | data=383 | cola= 787 | prio=10 | https://appweb.asfi.gob.bo/Reportes_asp/rmi/tarjeta.asp?c=52385&t=3
[FULL_10_ASFI_FINRURAL] t= 705.2s | pag=618 | files=1170 | data=384 | cola= 788 | prio=10 | https://appweb.asfi.gob.bo/Reportes_asp/rmi/tarjeta.asp?c=53508&t=3
[FULL_10_ASFI_FINRURAL] t= 706.1s | pag=619 | files=1170 | data=385 | cola= 789 | prio=10 | https://appweb.asfi.gob.bo/Reportes_asp/rmi/tarjeta.asp?c=54704&t=3
[FULL_10_ASFI_FINRURAL] t= 707.0s | pag=620 | files=1170 | data=386 | cola= 790 | prio=10 | https://appweb.asfi.gob.bo/Reportes_asp/rmi/tarjeta.asp?c=54854&t=3
[FULL_10_ASFI_FINRURAL] t= 708.3s | pag=621 | files=1170 | data=387 | cola= 791 | prio=10 | https://appweb.asfi.gob.bo/Reportes_asp/rmi/tarjeta.asp?c=52042&t=3
[FULL_10_ASFI_FINRURAL] t= 709.5s | pag=622 | files=1170 | data=388 | cola= 792 | prio=10 | https://appweb.asfi.gob.bo/Reportes_asp/rmi/tarjeta.asp?c=52041&t=3
[FULL_10_ASFI_FINRURAL] t= 710.7s | pag=623 | files=1170 | data=389 | cola= 793 | prio=10 | https://appweb.asfi.gob.bo/Reportes_asp/rmi/tarjeta.asp?c=53570&t=3
[FULL_10_ASFI_FINRURAL] t= 712.1s | pag=624 | files=1170 | data=390 | cola= 794 | prio=10 | https://appweb.asfi.gob.bo/Reportes_asp/rmi/tarjeta.asp?c=52565&t=3
[FULL_10_ASFI_FINRURAL] t= 713.2s | pag=625 | files=1170 | data=391 | cola= 795 | prio=10 | https://appweb.asfi.gob.bo/Reportes_asp/rmi/tarjeta.asp?c=54808&t=3
[FULL_10_ASFI_FINRURAL] t= 714.5s | pag=626 | files=1170 | data=392 | cola= 796 | prio=10 | https://appweb.asfi.gob.bo/Reportes_asp/rmi/tarjeta.asp?c=54898&t=3
[FULL_10_ASFI_FINRURAL] t= 715.9s | pag=627 | files=1170 | data=393 | cola= 797 | prio=10 | https://appweb.asfi.gob.bo/Reportes_asp/rmi/tarjeta.asp?c=54896&t=3
[FULL_10_ASFI_FINRURAL] t= 716.8s | pag=628 | files=1170 | data=394 | cola= 798 | prio=10 | https://appweb.asfi.gob.bo/Reportes_asp/rmi/tarjeta.asp?c=55003&t=3
[FULL_10_ASFI_FINRURAL] t= 717.8s | pag=629 | files=1170 | data=395 | cola= 799 | prio=10 | https://appweb.asfi.gob.bo/Reportes_asp/rmi/tarjeta.asp?c=52400&t=3
[FULL_10_ASFI_FINRURAL] t= 718.8s | pag=630 | files=1170 | data=396 | cola= 800 | prio=10 | https://appweb.asfi.gob.bo/Reportes_asp/rmi/tarjeta.asp?c=53540&t=3
[FULL_10_ASFI_FINRURAL] t= 719.6s | pag=631 | files=1170 | data=397 | cola= 801 | prio=10 | https://appweb.asfi.gob.bo/Reportes_asp/rmi/tarjeta.asp?c=52506&t=3
[FULL_10_ASFI_FINRURAL] t= 720.7s | pag=632 | files=1170 | data=398 | cola= 802 | prio=10 | https://appweb.asfi.gob.bo/Reportes_asp/rmi/tarjeta.asp?c=53215&t=3
[FULL_10_ASFI_FINRURAL] t= 722.1s | pag=633 | files=1170 | data=399 | cola= 803 | prio=10 | https://appweb.asfi.gob.bo/Reportes_asp/rmi/tarjeta.asp?c=53286&t=3
[FULL_10_ASFI_FINRURAL] DATASETS=400 | data_html_table | https://appweb.asfi.gob.bo/Reportes_asp/rmi/tarjeta.asp?c=53286&t=3
[FULL_10_ASFI_FINRURAL] t= 723.5s | pag=634 | files=1170 | data=400 | cola= 804 | prio=10 | https://appweb.asfi.gob.bo/Reportes_asp/rmi/tarjeta.asp?c=54959&t=3
[FULL_10_ASFI_FINRURAL] t= 724.5s | pag=635 | files=1170 | data=401 | cola= 805 | prio=10 | https://appweb.asfi.gob.bo/Reportes_asp/rmi/tarjeta.asp?c=54909&t=3
[FULL_10_ASFI_FINRURAL] t= 725.4s | pag=636 | files=1170 | data=402 | cola= 806 | prio=10 | https://appweb.asfi.gob.bo/Reportes_asp/rmi/tarjeta.asp?c=54974&t=3
[FULL_10_ASFI_FINRURAL] t= 726.7s | pag=637 | files=1170 | data=403 | cola= 807 | prio=10 | https://appweb.asfi.gob.bo/Reportes_asp/rmi/tarjeta.asp?c=53408&t=3
[FULL_10_ASFI_FINRURAL] t= 728.0s | pag=638 | files=1170 | data=404 | cola= 808 | prio=10 | https://appweb.asfi.gob.bo/Reportes_asp/rmi/tarjeta.asp?c=51886&t=3
[FULL_10_ASFI_FINRURAL] t= 728.9s | pag=639 | files=1170 | data=405 | cola= 809 | prio=10 | https://appweb.asfi.gob.bo/Reportes_asp/rmi/tarjeta.asp?c=52640&t=3
[FULL_10_ASFI_FINRURAL] t= 729.9s | pag=640 | files=1170 | data=406 | cola= 810 | prio=10 | https://appweb.asfi.gob.bo/Reportes_asp/rmi/tarjeta.asp?c=53325&t=3
[FULL_10_ASFI_FINRURAL] t= 731.2s | pag=641 | files=1170 | data=407 | cola= 811 | prio=10 | https://appweb.asfi.gob.bo/Reportes_asp/rmi/tarjeta.asp?c=53214&t=3
[FULL_10_ASFI_FINRURAL] t= 732.2s | pag=642 | files=1170 | data=408 | cola= 812 | prio=10 | https://appweb.asfi.gob.bo/Reportes_asp/rmi/tarjeta.asp?c=53502&t=3
[FULL_10_ASFI_FINRURAL] t= 733.0s | pag=643 | files=1170 | data=409 | cola= 813 | prio=10 | https://appweb.asfi.gob.bo/Reportes_asp/rmi/tarjeta.asp?c=53503&t=3
[FULL_10_ASFI_FINRURAL] t= 734.5s | pag=644 | files=1170 | data=410 | cola= 814 | prio=10 | https://appweb.asfi.gob.bo/Reportes_asp/rmi/tarjeta.asp?c=53412&t=3
[FULL_10_ASFI_FINRURAL] t= 735.9s | pag=645 | files=1170 | data=411 | cola= 815 | prio=10 | https://appweb.asfi.gob.bo/Reportes_asp/rmi/tarjeta.asp?c=52750&t=3
[FULL_10_ASFI_FINRURAL] t= 737.3s | pag=646 | files=1170 | data=412 | cola= 816 | prio=10 | https://appweb.asfi.gob.bo/Reportes_asp/rmi/tarjeta.asp?c=52364&t=3
[FULL_10_ASFI_FINRURAL] t= 738.6s | pag=647 | files=1170 | data=413 | cola= 817 | prio=10 | https://appweb.asfi.gob.bo/Reportes_asp/rmi/tarjeta.asp?c=54676&t=3
[FULL_10_ASFI_FINRURAL] t= 739.7s | pag=648 | files=1170 | data=414 | cola= 818 | prio=10 | https://appweb.asfi.gob.bo/Reportes_asp/rmi/tarjeta.asp?c=51941&t=3
[FULL_10_ASFI_FINRURAL] t= 740.7s | pag=649 | files=1170 | data=415 | cola= 819 | prio=10 | https://appweb.asfi.gob.bo/Reportes_asp/rmi/tarjeta.asp?c=54772&t=3
[FULL_10_ASFI_FINRURAL] t= 741.8s | pag=650 | files=1170 | data=416 | cola= 820 | prio=10 | https://appweb.asfi.gob.bo/Reportes_asp/rmi/tarjeta.asp?c=54699&t=3
[FULL_10_ASFI_FINRURAL] t= 742.7s | pag=651 | files=1170 | data=417 | cola= 821 | prio=10 | https://appweb.asfi.gob.bo/Reportes_asp/rmi/tarjeta.asp?c=53545&t=3
[FULL_10_ASFI_FINRURAL] t= 744.1s | pag=652 | files=1170 | data=418 | cola= 822 | prio=10 | https://appweb.asfi.gob.bo/Reportes_asp/rmi/tarjeta.asp?c=51893&t=3
[FULL_10_ASFI_FINRURAL] t= 745.4s | pag=653 | files=1170 | data=419 | cola= 823 | prio=10 | https://appweb.asfi.gob.bo/Reportes_asp/rmi/tarjeta.asp?c=53638&t=3
[FULL_10_ASFI_FINRURAL] t= 746.5s | pag=654 | files=1170 | data=420 | cola= 824 | prio=10 | https://appweb.asfi.gob.bo/Reportes_asp/rmi/tarjeta.asp?c=53179&t=3
[FULL_10_ASFI_FINRURAL] t= 747.8s | pag=655 | files=1170 | data=421 | cola= 825 | prio=10 | https://appweb.asfi.gob.bo/Reportes_asp/rmi/tarjeta.asp?c=54797&t=3
[FULL_10_ASFI_FINRURAL] t= 748.8s | pag=656 | files=1170 | data=422 | cola= 826 | prio=10 | https://appweb.asfi.gob.bo/Reportes_asp/rmi/tarjeta.asp?c=53367&t=3
[FULL_10_ASFI_FINRURAL] t= 749.7s | pag=657 | files=1170 | data=423 | cola= 827 | prio=10 | https://appweb.asfi.gob.bo/Reportes_asp/rmi/tarjeta.asp?c=52562&t=3
[FULL_10_ASFI_FINRURAL] t= 751.0s | pag=658 | files=1170 | data=424 | cola= 828 | prio=10 | https://appweb.asfi.gob.bo/Reportes_asp/rmi/tarjeta.asp?c=51945&t=3
[FULL_10_ASFI_FINRURAL] DATASETS=425 | data_html_table | https://appweb.asfi.gob.bo/Reportes_asp/rmi/tarjeta.asp?c=51945&t=3
[FULL_10_ASFI_FINRURAL] t= 752.3s | pag=659 | files=1170 | data=425 | cola= 829 | prio=10 | https://appweb.asfi.gob.bo/Reportes_asp/rmi/tarjeta.asp?c=53421&t=3
[FULL_10_ASFI_FINRURAL] t= 753.4s | pag=660 | files=1170 | data=426 | cola= 830 | prio=10 | https://appweb.asfi.gob.bo/Reportes_asp/rmi/tarjeta.asp?c=52642&t=3
[FULL_10_ASFI_FINRURAL] t= 754.8s | pag=661 | files=1170 | data=427 | cola= 831 | prio=10 | https://appweb.asfi.gob.bo/Reportes_asp/rmi/tarjeta.asp?c=52922&t=3
[FULL_10_ASFI_FINRURAL] t= 756.1s | pag=662 | files=1170 | data=428 | cola= 832 | prio=10 | https://appweb.asfi.gob.bo/Reportes_asp/rmi/tarjeta.asp?c=52186&t=3
[FULL_10_ASFI_FINRURAL] t= 757.4s | pag=663 | files=1170 | data=429 | cola= 833 | prio=10 | https://appweb.asfi.gob.bo/Reportes_asp/rmi/tarjeta.asp?c=54973&t=3
[FULL_10_ASFI_FINRURAL] t= 758.8s | pag=664 | files=1170 | data=430 | cola= 834 | prio=10 | https://appweb.asfi.gob.bo/Reportes_asp/rmi/tarjeta.asp?c=53416&t=3
[FULL_10_ASFI_FINRURAL] t= 760.1s | pag=665 | files=1170 | data=431 | cola= 835 | prio=10 | https://appweb.asfi.gob.bo/Reportes_asp/rmi/tarjeta.asp?c=52184&t=3
[FULL_10_ASFI_FINRURAL] t= 761.0s | pag=666 | files=1170 | data=432 | cola= 836 | prio=10 | https://appweb.asfi.gob.bo/Reportes_asp/rmi/tarjeta.asp?c=53287&t=3
[FULL_10_ASFI_FINRURAL] t= 762.3s | pag=667 | files=1170 | data=433 | cola= 837 | prio=10 | https://appweb.asfi.gob.bo/Reportes_asp/rmi/tarjeta.asp?c=51942&t=3
[FULL_10_ASFI_FINRURAL] t= 763.1s | pag=668 | files=1170 | data=434 | cola= 838 | prio=10 | https://appweb.asfi.gob.bo/Reportes_asp/rmi/tarjeta.asp?c=53133&t=3
[FULL_10_ASFI_FINRURAL] t= 764.3s | pag=669 | files=1170 | data=435 | cola= 839 | prio=10 | https://appweb.asfi.gob.bo/Reportes_asp/rmi/tarjeta.asp?c=52907&t=3
[FULL_10_ASFI_FINRURAL] t= 765.4s | pag=670 | files=1170 | data=436 | cola= 840 | prio=10 | https://appweb.asfi.gob.bo/Reportes_asp/rmi/tarjeta.asp?c=53348&t=3
[FULL_10_ASFI_FINRURAL] t= 766.7s | pag=671 | files=1170 | data=437 | cola= 841 | prio=10 | https://appweb.asfi.gob.bo/Reportes_asp/rmi/tarjeta.asp?c=54843&t=3
[FULL_10_ASFI_FINRURAL] t= 767.9s | pag=672 | files=1170 | data=438 | cola= 842 | prio=10 | https://appweb.asfi.gob.bo/Reportes_asp/rmi/tarjeta.asp?c=54771&t=3
[FULL_10_ASFI_FINRURAL] t= 769.3s | pag=673 | files=1170 | data=439 | cola= 843 | prio=10 | https://appweb.asfi.gob.bo/Reportes_asp/rmi/tarjeta.asp?c=54922&t=3
[FULL_10_ASFI_FINRURAL] t= 770.3s | pag=674 | files=1170 | data=440 | cola= 844 | prio=10 | https://appweb.asfi.gob.bo/Reportes_asp/rmi/tarjeta.asp?c=54773&t=3
[FULL_10_ASFI_FINRURAL] t= 771.4s | pag=675 | files=1170 | data=441 | cola= 845 | prio=10 | https://appweb.asfi.gob.bo/Reportes_asp/rmi/tarjeta.asp?c=53365&t=3
[FULL_10_ASFI_FINRURAL] t= 772.6s | pag=676 | files=1170 | data=442 | cola= 846 | prio=10 | https://appweb.asfi.gob.bo/Reportes_asp/rmi/tarjeta.asp?c=53284&t=3
[FULL_10_ASFI_FINRURAL] t= 774.0s | pag=677 | files=1170 | data=443 | cola= 847 | prio=10 | https://appweb.asfi.gob.bo/Reportes_asp/rmi/tarjeta.asp?c=52458&t=3
[FULL_10_ASFI_FINRURAL] t= 775.1s | pag=678 | files=1170 | data=444 | cola= 848 | prio=10 | https://appweb.asfi.gob.bo/Reportes_asp/rmi/tarjeta.asp?c=53413&t=3
[FULL_10_ASFI_FINRURAL] t= 776.3s | pag=679 | files=1170 | data=445 | cola= 849 | prio=10 | https://appweb.asfi.gob.bo/Reportes_asp/rmi/tarjeta.asp?c=53562&t=3
[FULL_10_ASFI_FINRURAL] t= 777.8s | pag=680 | files=1170 | data=446 | cola= 850 | prio=10 | https://appweb.asfi.gob.bo/Reportes_asp/rmi/tarjeta.asp?c=54969&t=3
[FULL_10_ASFI_FINRURAL] t= 778.9s | pag=681 | files=1170 | data=447 | cola= 851 | prio=10 | https://appweb.asfi.gob.bo/Reportes_asp/rmi/tarjeta.asp?c=53606&t=3
[FULL_10_ASFI_FINRURAL] t= 780.1s | pag=682 | files=1170 | data=448 | cola= 852 | prio=10 | https://appweb.asfi.gob.bo/Reportes_asp/rmi/tarjeta.asp?c=53218&t=3
[FULL_10_ASFI_FINRURAL] t= 781.2s | pag=683 | files=1170 | data=449 | cola= 853 | prio=10 | https://appweb.asfi.gob.bo/Reportes_asp/rmi/tarjeta.asp?c=51943&t=3
[FULL_10_ASFI_FINRURAL] DATASETS=450 | data_html_table | https://appweb.asfi.gob.bo/Reportes_asp/rmi/tarjeta.asp?c=51943&t=3
[FULL_10_ASFI_FINRURAL] t= 782.2s | pag=684 | files=1170 | data=450 | cola= 854 | prio=10 | https://appweb.asfi.gob.bo/Reportes_asp/rmi/tarjeta.asp?c=54786&t=3
[FULL_10_ASFI_FINRURAL] t= 783.2s | pag=685 | files=1170 | data=451 | cola= 855 | prio=10 | https://appweb.asfi.gob.bo/Reportes_asp/rmi/tarjeta.asp?c=54677&t=3
[FULL_10_ASFI_FINRURAL] t= 784.2s | pag=686 | files=1170 | data=452 | cola= 856 | prio=10 | https://appweb.asfi.gob.bo/Reportes_asp/rmi/tarjeta.asp?c=53546&t=3
[FULL_10_ASFI_FINRURAL] t= 785.1s | pag=687 | files=1170 | data=453 | cola= 857 | prio=10 | https://appweb.asfi.gob.bo/Reportes_asp/rmi/tarjeta.asp?c=53290&t=3
[FULL_10_ASFI_FINRURAL] t= 786.1s | pag=688 | files=1170 | data=454 | cola= 858 | prio=10 | https://appweb.asfi.gob.bo/Reportes_asp/rmi/tarjeta.asp?c=55024&t=3
[FULL_10_ASFI_FINRURAL] t= 787.3s | pag=689 | files=1170 | data=455 | cola= 859 | prio=10 | https://appweb.asfi.gob.bo/Reportes_asp/rmi/tarjeta.asp?c=55034&t=3
[FULL_10_ASFI_FINRURAL] t= 788.4s | pag=690 | files=1170 | data=456 | cola= 860 | prio=10 | https://appweb.asfi.gob.bo/Reportes_asp/rmi/tarjeta.asp?c=52851&t=3
[FULL_10_ASFI_FINRURAL] t= 789.5s | pag=691 | files=1170 | data=457 | cola= 861 | prio=10 | https://appweb.asfi.gob.bo/Reportes_asp/rmi/tarjeta.asp?c=55020&t=3
[FULL_10_ASFI_FINRURAL] t= 790.5s | pag=692 | files=1170 | data=458 | cola= 862 | prio=10 | https://appweb.asfi.gob.bo/Reportes_asp/rmi/tarjeta.asp?c=52479&t=3
[FULL_10_ASFI_FINRURAL] t= 791.6s | pag=693 | files=1170 | data=459 | cola= 863 | prio=10 | https://appweb.asfi.gob.bo/Reportes_asp/rmi/tarjeta.asp?c=55008&t=3
[FULL_10_ASFI_FINRURAL] t= 792.6s | pag=694 | files=1170 | data=460 | cola= 864 | prio=10 | https://appweb.asfi.gob.bo/Reportes_asp/rmi/tarjeta.asp?c=51894&t=3
[FULL_10_ASFI_FINRURAL] t= 793.6s | pag=695 | files=1170 | data=461 | cola= 865 | prio=10 | https://appweb.asfi.gob.bo/Reportes_asp/rmi/tarjeta.asp?c=51887&t=3
[FULL_10_ASFI_FINRURAL] t= 795.0s | pag=696 | files=1170 | data=462 | cola= 866 | prio=10 | https://appweb.asfi.gob.bo/Reportes_asp/rmi/tarjeta.asp?c=53504&t=3
[FULL_10_ASFI_FINRURAL] t= 796.0s | pag=697 | files=1170 | data=463 | cola= 867 | prio=10 | https://appweb.asfi.gob.bo/Reportes_asp/rmi/tarjeta.asp?c=52457&t=3
[FULL_10_ASFI_FINRURAL] t= 797.2s | pag=698 | files=1170 | data=464 | cola= 868 | prio=10 | https://appweb.asfi.gob.bo/Reportes_asp/rmi/tarjeta.asp?c=53572&t=3
[FULL_10_ASFI_FINRURAL] t= 798.1s | pag=699 | files=1170 | data=465 | cola= 869 | prio=10 | https://appweb.asfi.gob.bo/Reportes_asp/rmi/tarjeta.asp?c=53236&t=3
[FULL_10_ASFI_FINRURAL] t= 799.4s | pag=700 | files=1170 | data=466 | cola= 870 | prio=10 | https://appweb.asfi.gob.bo/Reportes_asp/rmi/tarjeta.asp?c=53607&t=3
[FULL_10_ASFI_FINRURAL] t= 800.8s | pag=701 | files=1170 | data=467 | cola= 871 | prio=10 | https://appweb.asfi.gob.bo/Reportes_asp/rmi/tarjeta.asp?c=53185&t=3
[FULL_10_ASFI_FINRURAL] t= 802.0s | pag=702 | files=1170 | data=468 | cola= 872 | prio=10 | https://appweb.asfi.gob.bo/Reportes_asp/rmi/tarjeta.asp?c=53305&t=3
[FULL_10_ASFI_FINRURAL] t= 803.4s | pag=703 | files=1170 | data=469 | cola= 873 | prio=10 | https://appweb.asfi.gob.bo/Reportes_asp/rmi/tarjeta.asp?c=53154&t=3
[FULL_10_ASFI_FINRURAL] t= 804.5s | pag=704 | files=1170 | data=470 | cola= 874 | prio=10 | https://appweb.asfi.gob.bo/Reportes_asp/rmi/tarjeta.asp?c=53442&t=3
[FULL_10_ASFI_FINRURAL] t= 805.5s | pag=705 | files=1170 | data=471 | cola= 875 | prio=10 | https://appweb.asfi.gob.bo/Reportes_asp/rmi/tarjeta.asp?c=53085&t=3
[FULL_10_ASFI_FINRURAL] t= 806.8s | pag=706 | files=1170 | data=472 | cola= 876 | prio=10 | https://appweb.asfi.gob.bo/Reportes_asp/rmi/tarjeta.asp?c=53306&t=3
[FULL_10_ASFI_FINRURAL] t= 807.7s | pag=707 | files=1170 | data=473 | cola= 877 | prio=10 | https://appweb.asfi.gob.bo/Reportes_asp/rmi/tarjeta.asp?c=52995&t=3
[FULL_10_ASFI_FINRURAL] t= 809.0s | pag=708 | files=1170 | data=474 | cola= 878 | prio=10 | https://appweb.asfi.gob.bo/Reportes_asp/rmi/tarjeta.asp?c=54995&t=3
[FULL_10_ASFI_FINRURAL] DATASETS=475 | data_html_table | https://appweb.asfi.gob.bo/Reportes_asp/rmi/tarjeta.asp?c=54995&t=3
[FULL_10_ASFI_FINRURAL] t= 810.1s | pag=709 | files=1170 | data=475 | cola= 879 | prio=10 | https://appweb.asfi.gob.bo/Reportes_asp/rmi/tarjeta.asp?c=54794&t=3
[FULL_10_ASFI_FINRURAL] t= 811.3s | pag=710 | files=1170 | data=476 | cola= 880 | prio=10 | https://appweb.asfi.gob.bo/Reportes_asp/rmi/tarjeta.asp?c=55019&t=3
[FULL_10_ASFI_FINRURAL] t= 812.4s | pag=711 | files=1170 | data=477 | cola= 881 | prio=10 | https://appweb.asfi.gob.bo/Reportes_asp/rmi/tarjeta.asp?c=52921&t=3
[FULL_10_ASFI_FINRURAL] t= 813.6s | pag=712 | files=1170 | data=478 | cola= 882 | prio=10 | https://appweb.asfi.gob.bo/Reportes_asp/rmi/tarjeta.asp?c=55010&t=3
[FULL_10_ASFI_FINRURAL] t= 814.5s | pag=713 | files=1170 | data=479 | cola= 883 | prio=10 | https://appweb.asfi.gob.bo/Reportes_asp/rmi/tarjeta.asp?c=52862&t=3
[FULL_10_ASFI_FINRURAL] t= 815.8s | pag=714 | files=1170 | data=480 | cola= 884 | prio=10 | https://appweb.asfi.gob.bo/Reportes_asp/rmi/tarjeta.asp?c=53588&t=3
[FULL_10_ASFI_FINRURAL] t= 817.3s | pag=715 | files=1170 | data=481 | cola= 885 | prio=10 | https://appweb.asfi.gob.bo/Reportes_asp/rmi/tarjeta.asp?c=53250&t=3
[FULL_10_ASFI_FINRURAL] t= 818.3s | pag=716 | files=1170 | data=482 | cola= 886 | prio=10 | https://appweb.asfi.gob.bo/Reportes_asp/rmi/tarjeta.asp?c=51891&t=3
[FULL_10_ASFI_FINRURAL] t= 819.5s | pag=717 | files=1170 | data=483 | cola= 887 | prio=10 | https://appweb.asfi.gob.bo/Reportes_asp/rmi/tarjeta.asp?c=51895&t=3
[FULL_10_ASFI_FINRURAL] t= 820.7s | pag=718 | files=1170 | data=484 | cola= 888 | prio=10 | https://appweb.asfi.gob.bo/Reportes_asp/rmi/tarjeta.asp?c=53132&t=2&tr=2
[FULL_10_ASFI_FINRURAL] t= 821.4s | pag=719 | files=1170 | data=485 | cola= 888 | prio=10 | https://appweb.asfi.gob.bo/Reportes_asp/rmi/tarjeta.asp?c=52863&t=3
[FULL_10_ASFI_FINRURAL] t= 822.6s | pag=720 | files=1170 | data=486 | cola= 889 | prio=10 | https://appweb.asfi.gob.bo/Reportes_asp/rmi/tarjeta.asp?c=53317&t=3
[FULL_10_ASFI_FINRURAL] t= 824.0s | pag=721 | files=1170 | data=487 | cola= 890 | prio=10 | https://appweb.asfi.gob.bo/Reportes_asp/rmi/tarjeta.asp?c=51939&t=3
[FULL_10_ASFI_FINRURAL] t= 825.3s | pag=722 | files=1170 | data=488 | cola= 891 | prio=10 | https://appweb.asfi.gob.bo/Reportes_asp/rmi/tarjeta.asp?c=53248&t=3
[FULL_10_ASFI_FINRURAL] t= 826.5s | pag=723 | files=1170 | data=489 | cola= 892 | prio=10 | https://appweb.asfi.gob.bo/Reportes_asp/rmi/tarjeta.asp?c=51947&t=3
[FULL_10_ASFI_FINRURAL] t= 827.7s | pag=724 | files=1170 | data=490 | cola= 893 | prio=10 | https://appweb.asfi.gob.bo/Reportes_asp/rmi/tarjeta.asp?c=52757&t=2&tr=2
[FULL_10_ASFI_FINRURAL] t= 829.7s | pag=725 | files=1170 | data=491 | cola= 894 | prio=10 | https://appweb.asfi.gob.bo/Reportes_asp/rmi/tarjeta.asp?c=54694&t=3
[FULL_10_ASFI_FINRURAL] t= 830.4s | pag=726 | files=1170 | data=492 | cola= 895 | prio=10 | https://appweb.asfi.gob.bo/Reportes_asp/rmi/tarjeta.asp?c=55044&t=3
[FULL_10_ASFI_FINRURAL] t= 831.4s | pag=727 | files=1170 | data=493 | cola= 896 | prio=10 | https://appweb.asfi.gob.bo/Reportes_asp/rmi/tarjeta.asp?c=53140&t=3
[FULL_10_ASFI_FINRURAL] t= 832.7s | pag=728 | files=1170 | data=494 | cola= 897 | prio=10 | https://appweb.asfi.gob.bo/Reportes_asp/rmi/tarjeta.asp?c=55007&t=3
[FULL_10_ASFI_FINRURAL] t= 833.6s | pag=729 | files=1170 | data=495 | cola= 898 | prio=10 | https://appweb.asfi.gob.bo/Reportes_asp/rmi/tarjeta.asp?c=53089&t=3
[FULL_10_ASFI_FINRURAL] t= 835.0s | pag=730 | files=1170 | data=496 | cola= 899 | prio=10 | https://appweb.asfi.gob.bo/Reportes_asp/rmi/tarjeta.asp?c=51944&t=3
[FULL_10_ASFI_FINRURAL] t= 835.9s | pag=731 | files=1170 | data=497 | cola= 900 | prio=10 | https://appweb.asfi.gob.bo/Reportes_asp/rmi/tarjeta.asp?c=51932&t=3
[FULL_10_ASFI_FINRURAL] t= 836.9s | pag=732 | files=1170 | data=498 | cola= 901 | prio=10 | https://appweb.asfi.gob.bo/Reportes_asp/rmi/tarjeta.asp?c=52537&t=3
[FULL_10_ASFI_FINRURAL] t= 837.7s | pag=733 | files=1170 | data=499 | cola= 902 | prio=10 | https://appweb.asfi.gob.bo/Reportes_asp/rmi/tarjeta.asp?c=53422&t=3
[FULL_10_ASFI_FINRURAL] DATASETS=500 | data_html_table | https://appweb.asfi.gob.bo/Reportes_asp/rmi/tarjeta.asp?c=53422&t=3
[FULL_10_ASFI_FINRURAL] t= 839.1s | pag=734 | files=1170 | data=500 | cola= 903 | prio=10 | https://appweb.asfi.gob.bo/Reportes_asp/rmi/tarjeta.asp?c=53307&t=2&tr=2
[FULL_10_ASFI_FINRURAL] t= 840.5s | pag=735 | files=1170 | data=501 | cola= 903 | prio=10 | https://appweb.asfi.gob.bo/Reportes_asp/rmi/tarjeta.asp?c=52173&t=3
[FULL_10_ASFI_FINRURAL] t= 841.2s | pag=736 | files=1170 | data=502 | cola= 904 | prio=10 | https://appweb.asfi.gob.bo/Reportes_asp/rmi/tarjeta.asp?c=51874&t=2
[FULL_10_ASFI_FINRURAL] t= 842.8s | pag=737 | files=1170 | data=503 | cola= 903 | prio=10 | https://appweb.asfi.gob.bo/reportes_asp/RMI/tarjeta_balancegeneral_csv.asp?c=51874&f=20260331
[FULL_10_ASFI_FINRURAL] t= 842.8s | pag=737 | files=1170 | data=503 | cola= 902 | prio=10 | https://appweb.asfi.gob.bo/Reportes_asp/rmi/tarjeta.asp?c=51878&t=2
[FULL_10_ASFI_FINRURAL] t= 845.3s | pag=738 | files=1170 | data=504 | cola= 901 | prio=10 | https://appweb.asfi.gob.bo/reportes_asp/RMI/tarjeta_balancegeneral_csv.asp?c=51878&f=20260331
[FULL_10_ASFI_FINRURAL] t= 845.3s | pag=738 | files=1170 | data=504 | cola= 900 | prio=10 | https://appweb.asfi.gob.bo/Reportes_asp/rmi/tarjeta.asp?c=51875&t=2
[FULL_10_ASFI_FINRURAL] t= 847.5s | pag=739 | files=1170 | data=505 | cola= 899 | prio=10 | https://appweb.asfi.gob.bo/reportes_asp/RMI/tarjeta_balancegeneral_csv.asp?c=51875&f=20260331
[FULL_10_ASFI_FINRURAL] t= 847.5s | pag=739 | files=1170 | data=505 | cola= 898 | prio=10 | https://appweb.asfi.gob.bo/Reportes_asp/rmi/tarjeta.asp?c=51876&t=2
[FULL_10_ASFI_FINRURAL] t= 849.4s | pag=740 | files=1170 | data=506 | cola= 897 | prio=10 | https://appweb.asfi.gob.bo/reportes_asp/RMI/tarjeta_balancegeneral_csv.asp?c=51876&f=20260331
[FULL_10_ASFI_FINRURAL] t= 849.5s | pag=740 | files=1170 | data=506 | cola= 896 | prio=10 | https://appweb.asfi.gob.bo/Reportes_asp/rmi/tarjeta.asp?c=53386&t=2
[FULL_10_ASFI_FINRURAL] t= 851.0s | pag=741 | files=1170 | data=507 | cola= 895 | prio=10 | https://appweb.asfi.gob.bo/reportes_asp/RMI/tarjeta_balancegeneral_csv.asp?c=53474&f=20260331
[FULL_10_ASFI_FINRURAL] t= 851.0s | pag=741 | files=1170 | data=507 | cola= 894 | prio=10 | https://appweb.asfi.gob.bo/Reportes_asp/rmi/tarjeta.asp?c=51877&t=2
[FULL_10_ASFI_FINRURAL] t= 853.5s | pag=742 | files=1170 | data=508 | cola= 893 | prio=10 | https://appweb.asfi.gob.bo/reportes_asp/RMI/tarjeta_balancegeneral_csv.asp?c=51877&f=20260331
[FULL_10_ASFI_FINRURAL] t= 853.5s | pag=742 | files=1170 | data=508 | cola= 892 | prio=10 | https://appweb.asfi.gob.bo/Reportes_asp/rmi/tarjeta.asp?c=53460&t=2
[FULL_10_ASFI_FINRURAL] t= 855.0s | pag=743 | files=1170 | data=509 | cola= 891 | prio=10 | https://appweb.asfi.gob.bo/reportes_asp/RMI/tarjeta_balancegeneral_csv.asp?c=53555&f=20260331
[FULL_10_ASFI_FINRURAL] t= 855.4s | pag=743 | files=1170 | data=509 | cola= 890 | prio=10 | https://appweb.asfi.gob.bo/Reportes_asp/rmi/tarjeta.asp?c=51879&t=2
[FULL_10_ASFI_FINRURAL] t= 858.3s | pag=744 | files=1170 | data=510 | cola= 889 | prio=10 | https://appweb.asfi.gob.bo/reportes_asp/RMI/tarjeta_balancegeneral_csv.asp?c=51879&f=20260331
[FULL_10_ASFI_FINRURAL] t= 858.3s | pag=744 | files=1170 | data=510 | cola= 888 | prio=10 | https://appweb.asfi.gob.bo/Reportes_asp/rmi/tarjeta.asp?c=51881&t=2
[FULL_10_ASFI_FINRURAL] t= 861.7s | pag=745 | files=1170 | data=511 | cola= 887 | prio=10 | https://appweb.asfi.gob.bo/reportes_asp/RMI/tarjeta_balancegeneral_csv.asp?c=51881&f=20260331
[FULL_10_ASFI_FINRURAL] t= 861.8s | pag=745 | files=1170 | data=511 | cola= 886 | prio=10 | https://appweb.asfi.gob.bo/Reportes_asp/rmi/tarjeta.asp?c=51883&t=2
[FULL_10_ASFI_FINRURAL] t= 868.6s | pag=746 | files=1170 | data=512 | cola= 885 | prio=10 | https://appweb.asfi.gob.bo/reportes_asp/RMI/tarjeta_balancegeneral_csv.asp?c=51883&f=20260331
[FULL_10_ASFI_FINRURAL] t= 868.7s | pag=746 | files=1170 | data=512 | cola= 884 | prio=10 | https://appweb.asfi.gob.bo/Reportes_asp/rmi/tarjeta.asp?c=51871&t=2
[FULL_10_ASFI_FINRURAL] t= 871.8s | pag=747 | files=1170 | data=513 | cola= 883 | prio=10 | https://appweb.asfi.gob.bo/reportes_asp/RMI/tarjeta_balancegeneral_csv.asp?c=51871&f=20260331
[FULL_10_ASFI_FINRURAL] t= 871.9s | pag=747 | files=1170 | data=513 | cola= 882 | prio=10 | https://appweb.asfi.gob.bo/Reportes_asp/rmi/tarjeta.asp?c=53112&t=2
[FULL_10_ASFI_FINRURAL] t= 873.4s | pag=748 | files=1170 | data=514 | cola= 881 | prio=10 | https://appweb.asfi.gob.bo/reportes_asp/RMI/tarjeta_balancegeneral_csv.asp?c=53254&f=20260331
[FULL_10_ASFI_FINRURAL] t= 874.1s | pag=748 | files=1170 | data=514 | cola= 880 | prio=10 | https://appweb.asfi.gob.bo/Reportes_asp/rmi/tarjeta.asp?c=52172&t=2
[FULL_10_ASFI_FINRURAL] t= 880.2s | pag=749 | files=1170 | data=515 | cola= 879 | prio=10 | https://appweb.asfi.gob.bo/reportes_asp/RMI/tarjeta_balancegeneral_csv.asp?c=52414&f=20260331
[FULL_10_ASFI_FINRURAL] t= 880.3s | pag=749 | files=1170 | data=515 | cola= 878 | prio=10 | https://appweb.asfi.gob.bo/Reportes_asp/rmi/tarjeta.asp?c=53243&t=2
[FULL_10_ASFI_FINRURAL] t= 881.5s | pag=750 | files=1170 | data=516 | cola= 877 | prio=10 | https://appweb.asfi.gob.bo/reportes_asp/RMI/tarjeta_balancegeneral_csv.asp?c=53372&f=20260331
[FULL_10_ASFI_FINRURAL] t= 881.9s | pag=750 | files=1170 | data=516 | cola= 876 | prio=10 | https://appweb.asfi.gob.bo/Reportes_asp/rmi/tarjeta.asp?c=53550&t=2
[FULL_10_ASFI_FINRURAL] t= 883.2s | pag=751 | files=1170 | data=517 | cola= 875 | prio=10 | https://appweb.asfi.gob.bo/reportes_asp/RMI/tarjeta_balancegeneral_csv.asp?c=53675&f=20260331
[FULL_10_ASFI_FINRURAL] t= 883.4s | pag=751 | files=1170 | data=517 | cola= 874 | prio=10 | https://appweb.asfi.gob.bo/Reportes_asp/rmi/tarjeta.asp?c=52387&t=2
[FULL_10_ASFI_FINRURAL] t= 885.6s | pag=752 | files=1170 | data=518 | cola= 873 | prio=10 | https://appweb.asfi.gob.bo/reportes_asp/RMI/tarjeta_balancegeneral_csv.asp?c=51966&f=20260331
[FULL_10_ASFI_FINRURAL] t= 885.8s | pag=752 | files=1170 | data=518 | cola= 872 | prio=10 | https://appweb.asfi.gob.bo/Reportes_asp/rmi/tarjeta.asp?c=52216&t=2
[FULL_10_ASFI_FINRURAL] t= 888.0s | pag=753 | files=1170 | data=519 | cola= 871 | prio=10 | https://appweb.asfi.gob.bo/reportes_asp/RMI/tarjeta_balancegeneral_csv.asp?c=51959&f=20260331
[FULL_10_ASFI_FINRURAL] t= 888.0s | pag=753 | files=1170 | data=519 | cola= 870 | prio=10 | https://appweb.asfi.gob.bo/Reportes_asp/rmi/tarjeta.asp?c=51928&t=2
[FULL_10_ASFI_FINRURAL] t= 890.0s | pag=754 | files=1170 | data=520 | cola= 869 | prio=10 | https://appweb.asfi.gob.bo/reportes_asp/RMI/tarjeta_balancegeneral_csv.asp?c=51928&f=20260331
[FULL_10_ASFI_FINRURAL] t= 890.3s | pag=754 | files=1170 | data=520 | cola= 868 | prio=10 | https://appweb.asfi.gob.bo/Reportes_asp/rmi/tarjeta.asp?c=51837&t=2
[FULL_10_ASFI_FINRURAL] t= 893.0s | pag=755 | files=1170 | data=521 | cola= 867 | prio=10 | https://appweb.asfi.gob.bo/reportes_asp/RMI/tarjeta_balancegeneral_csv.asp?c=51837&f=20260331
[FULL_10_ASFI_FINRURAL] t= 893.0s | pag=755 | files=1170 | data=521 | cola= 866 | prio=10 | https://appweb.asfi.gob.bo/Reportes_asp/rmi/tarjeta.asp?c=51828&t=2
[FULL_10_ASFI_FINRURAL] t= 895.4s | pag=756 | files=1170 | data=522 | cola= 865 | prio=10 | https://appweb.asfi.gob.bo/reportes_asp/RMI/tarjeta_balancegeneral_csv.asp?c=51828&f=20260331
[FULL_10_ASFI_FINRURAL] t= 895.5s | pag=756 | files=1170 | data=522 | cola= 864 | prio=10 | https://appweb.asfi.gob.bo/Reportes_asp/rmi/tarjeta.asp?c=51830&t=2
[FULL_10_ASFI_FINRURAL] t= 898.0s | pag=757 | files=1170 | data=523 | cola= 863 | prio=10 | https://appweb.asfi.gob.bo/reportes_asp/RMI/tarjeta_balancegeneral_csv.asp?c=51830&f=20260331
[FULL_10_ASFI_FINRURAL] t= 898.2s | pag=757 | files=1170 | data=523 | cola= 862 | prio=10 | https://appweb.asfi.gob.bo/Reportes_asp/rmi/tarjeta.asp?c=51859&t=2
[FULL_10_ASFI_FINRURAL] t= 900.9s | pag=758 | files=1170 | data=524 | cola= 861 | prio=10 | https://appweb.asfi.gob.bo/reportes_asp/RMI/tarjeta_balancegeneral_csv.asp?c=51859&f=20260331
[FULL_10_ASFI_FINRURAL] t= 901.0s | pag=758 | files=1170 | data=524 | cola= 860 | prio=10 | https://appweb.asfi.gob.bo/Reportes_asp/rmi/tarjeta.asp?c=52434&t=2
[FULL_10_ASFI_FINRURAL] DATASETS=525 | data_html_table | https://appweb.asfi.gob.bo/Reportes_asp/rmi/tarjeta.asp?c=52434&t=2
[FULL_10_ASFI_FINRURAL] t= 903.4s | pag=759 | files=1170 | data=525 | cola= 859 | prio=10 | https://appweb.asfi.gob.bo/reportes_asp/RMI/tarjeta_balancegeneral_csv.asp?c=52612&f=20260331
[FULL_10_ASFI_FINRURAL] t= 903.4s | pag=759 | files=1170 | data=525 | cola= 858 | prio=10 | https://appweb.asfi.gob.bo/Reportes_asp/rmi/tarjeta.asp?c=51863&t=2
[FULL_10_ASFI_FINRURAL] t= 906.3s | pag=760 | files=1170 | data=526 | cola= 857 | prio=10 | https://appweb.asfi.gob.bo/reportes_asp/RMI/tarjeta_balancegeneral_csv.asp?c=51863&f=20260331
[FULL_10_ASFI_FINRURAL] t= 907.1s | pag=760 | files=1170 | data=526 | cola= 856 | prio=10 | https://appweb.asfi.gob.bo/Reportes_asp/rmi/tarjeta.asp?c=51833&t=2
[FULL_10_ASFI_FINRURAL] t= 912.7s | pag=761 | files=1170 | data=527 | cola= 855 | prio=10 | https://appweb.asfi.gob.bo/reportes_asp/RMI/tarjeta_balancegeneral_csv.asp?c=51833&f=20260331
[FULL_10_ASFI_FINRURAL] t= 912.7s | pag=761 | files=1170 | data=527 | cola= 854 | prio=10 | https://appweb.asfi.gob.bo/Reportes_asp/rmi/tarjeta.asp?c=51829&t=2
[FULL_10_ASFI_FINRURAL] t= 915.0s | pag=762 | files=1170 | data=528 | cola= 853 | prio=10 | https://appweb.asfi.gob.bo/reportes_asp/RMI/tarjeta_balancegeneral_csv.asp?c=51829&f=20260331
[FULL_10_ASFI_FINRURAL] t= 915.0s | pag=762 | files=1170 | data=528 | cola= 852 | prio=10 | https://appweb.asfi.gob.bo/Reportes_asp/rmi/tarjeta.asp?c=51835&t=2
[FULL_10_ASFI_FINRURAL] t= 917.6s | pag=763 | files=1170 | data=529 | cola= 851 | prio=10 | https://appweb.asfi.gob.bo/reportes_asp/RMI/tarjeta_balancegeneral_csv.asp?c=51835&f=20260331
[FULL_10_ASFI_FINRURAL] t= 917.6s | pag=763 | files=1170 | data=529 | cola= 850 | prio=10 | https://appweb.asfi.gob.bo/Reportes_asp/rmi/tarjeta.asp?c=51866&t=2
[FULL_10_ASFI_FINRURAL] t= 919.6s | pag=764 | files=1170 | data=530 | cola= 849 | prio=10 | https://appweb.asfi.gob.bo/reportes_asp/RMI/tarjeta_balancegeneral_csv.asp?c=51866&f=20260331
[FULL_10_ASFI_FINRURAL] t= 919.8s | pag=764 | files=1170 | data=530 | cola= 848 | prio=10 | https://appweb.asfi.gob.bo/Reportes_asp/rmi/tarjeta.asp?c=51868&t=2
[FULL_10_ASFI_FINRURAL] t= 922.0s | pag=765 | files=1170 | data=531 | cola= 847 | prio=10 | https://appweb.asfi.gob.bo/reportes_asp/RMI/tarjeta_balancegeneral_csv.asp?c=51868&f=20260331
[FULL_10_ASFI_FINRURAL] t= 922.0s | pag=765 | files=1170 | data=531 | cola= 846 | prio=10 | https://appweb.asfi.gob.bo/Reportes_asp/rmi/tarjeta.asp?c=51935&t=2
[FULL_10_ASFI_FINRURAL] t= 925.2s | pag=766 | files=1170 | data=532 | cola= 845 | prio=10 | https://appweb.asfi.gob.bo/reportes_asp/RMI/tarjeta_balancegeneral_csv.asp?c=51935&f=20260331
[FULL_10_ASFI_FINRURAL] t= 925.3s | pag=766 | files=1170 | data=532 | cola= 844 | prio=10 | https://appweb.asfi.gob.bo/Reportes_asp/rmi/tarjeta.asp?c=51796&t=2
[FULL_10_ASFI_FINRURAL] t= 928.4s | pag=767 | files=1170 | data=533 | cola= 843 | prio=10 | https://appweb.asfi.gob.bo/reportes_asp/RMI/tarjeta_balancegeneral_csv.asp?c=51796&f=20260331
[FULL_10_ASFI_FINRURAL] t= 928.4s | pag=767 | files=1170 | data=533 | cola= 842 | prio=10 | https://appweb.asfi.gob.bo/Reportes_asp/rmi/tarjeta.asp?c=51811&t=2
[FULL_10_ASFI_FINRURAL] t= 934.1s | pag=768 | files=1170 | data=534 | cola= 841 | prio=10 | https://appweb.asfi.gob.bo/reportes_asp/RMI/tarjeta_balancegeneral_csv.asp?c=51811&f=20260331
[FULL_10_ASFI_FINRURAL] t= 934.1s | pag=768 | files=1170 | data=534 | cola= 840 | prio=10 | https://appweb.asfi.gob.bo/Reportes_asp/rmi/tarjeta.asp?c=51857&t=2
[FULL_10_ASFI_FINRURAL] t= 938.0s | pag=769 | files=1170 | data=535 | cola= 839 | prio=10 | https://appweb.asfi.gob.bo/reportes_asp/RMI/tarjeta_balancegeneral_csv.asp?c=51857&f=20260331
[FULL_10_ASFI_FINRURAL] t= 938.0s | pag=769 | files=1170 | data=535 | cola= 838 | prio=10 | https://appweb.asfi.gob.bo/Reportes_asp/rmi/tarjeta.asp?c=51810&t=2
[FULL_10_ASFI_FINRURAL] t= 940.6s | pag=770 | files=1170 | data=536 | cola= 837 | prio=10 | https://appweb.asfi.gob.bo/reportes_asp/RMI/tarjeta_balancegeneral_csv.asp?c=51810&f=20260331
[FULL_10_ASFI_FINRURAL] t= 940.6s | pag=770 | files=1170 | data=536 | cola= 836 | prio=10 | https://appweb.asfi.gob.bo/Reportes_asp/rmi/tarjeta.asp?c=53525&t=2
[FULL_10_ASFI_FINRURAL] t= 942.4s | pag=771 | files=1170 | data=537 | cola= 835 | prio=10 | https://appweb.asfi.gob.bo/reportes_asp/RMI/tarjeta_balancegeneral_csv.asp?c=53640&f=20260331
[FULL_10_ASFI_FINRURAL] t= 942.9s | pag=771 | files=1170 | data=537 | cola= 834 | prio=10 | https://appweb.asfi.gob.bo/Reportes_asp/rmi/tarjeta.asp?c=53087&t=2
[FULL_10_ASFI_FINRURAL] t= 945.0s | pag=772 | files=1170 | data=538 | cola= 833 | prio=10 | https://appweb.asfi.gob.bo/reportes_asp/RMI/tarjeta_balancegeneral_csv.asp?c=53154&f=20260331
[FULL_10_ASFI_FINRURAL] t= 945.1s | pag=772 | files=1170 | data=538 | cola= 832 | prio=10 | https://appweb.asfi.gob.bo/Reportes_asp/rmi/tarjeta.asp?c=53558&t=2
[FULL_10_ASFI_FINRURAL] t= 947.0s | pag=773 | files=1170 | data=539 | cola= 831 | prio=10 | https://appweb.asfi.gob.bo/reportes_asp/RMI/tarjeta_balancegeneral_csv.asp?c=53699&f=20260331
[FULL_10_ASFI_FINRURAL] t= 947.2s | pag=773 | files=1170 | data=539 | cola= 830 | prio=10 | https://appweb.asfi.gob.bo/Reportes_asp/rmi/tarjeta.asp?c=54886&t=2
[FULL_10_ASFI_FINRURAL] t= 948.4s | pag=774 | files=1170 | data=540 | cola= 829 | prio=10 | https://appweb.asfi.gob.bo/reportes_asp/RMI/tarjeta_balancegeneral_csv.asp?c=55053&f=20260331
[FULL_10_ASFI_FINRURAL] t= 949.1s | pag=774 | files=1170 | data=540 | cola= 828 | prio=10 | https://appweb.asfi.gob.bo/Reportes_asp/rmi/tarjeta.asp?c=51818&t=2
[FULL_10_ASFI_FINRURAL] t= 951.0s | pag=775 | files=1170 | data=541 | cola= 827 | prio=10 | https://appweb.asfi.gob.bo/reportes_asp/RMI/tarjeta_balancegeneral_csv.asp?c=51818&f=20260331
[FULL_10_ASFI_FINRURAL] t= 951.2s | pag=775 | files=1170 | data=541 | cola= 826 | prio=10 | https://appweb.asfi.gob.bo/Reportes_asp/rmi/tarjeta.asp?c=53531&t=2
[FULL_10_ASFI_FINRURAL] t= 953.2s | pag=776 | files=1170 | data=542 | cola= 825 | prio=10 | https://appweb.asfi.gob.bo/reportes_asp/RMI/tarjeta_balancegeneral_csv.asp?c=53578&f=20260331
[FULL_10_ASFI_FINRURAL] t= 953.3s | pag=776 | files=1170 | data=542 | cola= 824 | prio=10 | https://appweb.asfi.gob.bo/Reportes_asp/rmi/tarjeta.asp?c=54785&t=2
[FULL_10_ASFI_FINRURAL] t= 954.7s | pag=777 | files=1170 | data=543 | cola= 823 | prio=10 | https://appweb.asfi.gob.bo/reportes_asp/RMI/tarjeta_balancegeneral_csv.asp?c=54944&f=20260331
[FULL_10_ASFI_FINRURAL] t= 955.3s | pag=777 | files=1170 | data=543 | cola= 822 | prio=10 | https://appweb.asfi.gob.bo/Reportes_asp/rmi/tarjeta.asp?c=52575&t=2
[FULL_10_ASFI_FINRURAL] t= 956.7s | pag=778 | files=1170 | data=544 | cola= 821 | prio=10 | https://appweb.asfi.gob.bo/reportes_asp/RMI/tarjeta_balancegeneral_csv.asp?c=52722&f=20260331
[FULL_10_ASFI_FINRURAL] t= 957.2s | pag=778 | files=1170 | data=544 | cola= 820 | prio=10 | https://appweb.asfi.gob.bo/Reportes_asp/rmi/tarjeta.asp?c=51855&t=2
[FULL_10_ASFI_FINRURAL] t= 959.1s | pag=779 | files=1170 | data=545 | cola= 819 | prio=10 | https://appweb.asfi.gob.bo/reportes_asp/RMI/tarjeta_balancegeneral_csv.asp?c=51855&f=20260331
[FULL_10_ASFI_FINRURAL] t= 959.5s | pag=779 | files=1170 | data=545 | cola= 818 | prio=10 | https://appweb.asfi.gob.bo/Reportes_asp/rmi/tarjeta.asp?c=51823&t=2
[FULL_10_ASFI_FINRURAL] t= 960.9s | pag=780 | files=1170 | data=546 | cola= 817 | prio=10 | https://appweb.asfi.gob.bo/reportes_asp/RMI/tarjeta_balancegeneral_csv.asp?c=51823&f=20260331
[FULL_10_ASFI_FINRURAL] t= 961.3s | pag=780 | files=1170 | data=546 | cola= 816 | prio=10 | https://appweb.asfi.gob.bo/Reportes_asp/rmi/tarjeta.asp?c=52511&t=2
[FULL_10_ASFI_FINRURAL] t= 963.0s | pag=781 | files=1170 | data=547 | cola= 815 | prio=10 | https://appweb.asfi.gob.bo/reportes_asp/RMI/tarjeta_balancegeneral_csv.asp?c=52672&f=20260331
[FULL_10_ASFI_FINRURAL] t= 963.3s | pag=781 | files=1170 | data=547 | cola= 814 | prio=10 | https://appweb.asfi.gob.bo/Reportes_asp/rmi/tarjeta.asp?c=54683&t=2
[FULL_10_ASFI_FINRURAL] t= 964.6s | pag=782 | files=1170 | data=548 | cola= 813 | prio=10 | https://appweb.asfi.gob.bo/reportes_asp/RMI/tarjeta_balancegeneral_csv.asp?c=54823&f=20260331
[FULL_10_ASFI_FINRURAL] t= 965.2s | pag=782 | files=1170 | data=548 | cola= 812 | prio=10 | https://appweb.asfi.gob.bo/Reportes_asp/rmi/tarjeta.asp?c=53452&t=2
[FULL_10_ASFI_FINRURAL] t= 966.9s | pag=783 | files=1170 | data=549 | cola= 811 | prio=10 | https://appweb.asfi.gob.bo/reportes_asp/RMI/tarjeta_balancegeneral_csv.asp?c=53350&f=20260331
[FULL_10_ASFI_FINRURAL] t= 967.3s | pag=783 | files=1170 | data=549 | cola= 810 | prio=10 | https://appweb.asfi.gob.bo/Reportes_asp/rmi/tarjeta.asp?c=53643&t=2
[FULL_10_ASFI_FINRURAL] DATASETS=550 | data_html_table | https://appweb.asfi.gob.bo/Reportes_asp/rmi/tarjeta.asp?c=53643&t=2
[FULL_10_ASFI_FINRURAL] t= 969.1s | pag=784 | files=1170 | data=550 | cola= 809 | prio=10 | https://appweb.asfi.gob.bo/reportes_asp/RMI/tarjeta_balancegeneral_csv.asp?c=53791&f=20260331
[FULL_10_ASFI_FINRURAL] t= 969.2s | pag=784 | files=1170 | data=550 | cola= 808 | prio=10 | https://appweb.asfi.gob.bo/Reportes_asp/rmi/tarjeta.asp?c=54958&t=2
[FULL_10_ASFI_FINRURAL] t= 970.7s | pag=785 | files=1170 | data=551 | cola= 807 | prio=10 | https://appweb.asfi.gob.bo/reportes_asp/RMI/tarjeta_balancegeneral_csv.asp?c=54937&f=20260331
[FULL_10_ASFI_FINRURAL] t= 971.2s | pag=785 | files=1170 | data=551 | cola= 806 | prio=10 | https://appweb.asfi.gob.bo/Reportes_asp/rmi/tarjeta.asp?c=51865&t=2
[FULL_10_ASFI_FINRURAL] t= 973.2s | pag=786 | files=1170 | data=552 | cola= 805 | prio=10 | https://appweb.asfi.gob.bo/reportes_asp/RMI/tarjeta_balancegeneral_csv.asp?c=51865&f=20260331
[FULL_10_ASFI_FINRURAL] t= 973.4s | pag=786 | files=1170 | data=552 | cola= 804 | prio=10 | https://appweb.asfi.gob.bo/Reportes_asp/rmi/tarjeta.asp?c=51799&t=2
[FULL_10_ASFI_FINRURAL] t= 975.2s | pag=787 | files=1170 | data=553 | cola= 803 | prio=10 | https://appweb.asfi.gob.bo/reportes_asp/RMI/tarjeta_balancegeneral_csv.asp?c=51799&f=20260331
[FULL_10_ASFI_FINRURAL] t= 975.2s | pag=787 | files=1170 | data=553 | cola= 802 | prio=10 | https://appweb.asfi.gob.bo/Reportes_asp/rmi/tarjeta.asp?c=53589&t=2
[FULL_10_ASFI_FINRURAL] t= 976.8s | pag=788 | files=1170 | data=554 | cola= 801 | prio=10 | https://appweb.asfi.gob.bo/reportes_asp/RMI/tarjeta_balancegeneral_csv.asp?c=53738&f=20260331
[FULL_10_ASFI_FINRURAL] t= 977.0s | pag=788 | files=1170 | data=554 | cola= 800 | prio=10 | https://appweb.asfi.gob.bo/Reportes_asp/rmi/tarjeta.asp?c=51861&t=2
[FULL_10_ASFI_FINRURAL] t= 978.6s | pag=789 | files=1170 | data=555 | cola= 799 | prio=10 | https://appweb.asfi.gob.bo/reportes_asp/RMI/tarjeta_balancegeneral_csv.asp?c=51861&f=20260331
[FULL_10_ASFI_FINRURAL] t= 978.7s | pag=789 | files=1170 | data=555 | cola= 798 | prio=10 | https://appweb.asfi.gob.bo/Reportes_asp/rmi/tarjeta.asp?c=52453&t=2
[FULL_10_ASFI_FINRURAL] t= 980.6s | pag=790 | files=1170 | data=556 | cola= 797 | prio=10 | https://appweb.asfi.gob.bo/reportes_asp/RMI/tarjeta_balancegeneral_csv.asp?c=52321&f=20260331
[FULL_10_ASFI_FINRURAL] t= 980.8s | pag=790 | files=1170 | data=556 | cola= 796 | prio=10 | https://appweb.asfi.gob.bo/Reportes_asp/rmi/tarjeta.asp?c=51840&t=2
[FULL_10_ASFI_FINRURAL] t= 982.8s | pag=791 | files=1170 | data=557 | cola= 795 | prio=10 | https://appweb.asfi.gob.bo/reportes_asp/RMI/tarjeta_balancegeneral_csv.asp?c=51840&f=20260331
[FULL_10_ASFI_FINRURAL] t= 983.1s | pag=791 | files=1170 | data=557 | cola= 794 | prio=10 | https://appweb.asfi.gob.bo/Reportes_asp/rmi/tarjeta.asp?c=51797&t=2
[FULL_10_ASFI_FINRURAL] t= 985.0s | pag=792 | files=1170 | data=558 | cola= 793 | prio=10 | https://appweb.asfi.gob.bo/reportes_asp/RMI/tarjeta_balancegeneral_csv.asp?c=51797&f=20260331
[FULL_10_ASFI_FINRURAL] t= 985.1s | pag=792 | files=1170 | data=558 | cola= 792 | prio=10 | https://appweb.asfi.gob.bo/Reportes_asp/rmi/tarjeta.asp?c=51822&t=2
[FULL_10_ASFI_FINRURAL] t= 991.0s | pag=793 | files=1170 | data=559 | cola= 791 | prio=10 | https://appweb.asfi.gob.bo/reportes_asp/RMI/tarjeta_balancegeneral_csv.asp?c=51822&f=20260331
[FULL_10_ASFI_FINRURAL] t= 991.1s | pag=793 | files=1170 | data=559 | cola= 790 | prio=10 | https://appweb.asfi.gob.bo/Reportes_asp/rmi/tarjeta.asp?c=51806&t=2
[FULL_10_ASFI_FINRURAL] t= 993.8s | pag=794 | files=1170 | data=560 | cola= 789 | prio=10 | https://appweb.asfi.gob.bo/reportes_asp/RMI/tarjeta_balancegeneral_csv.asp?c=51806&f=20260331
[FULL_10_ASFI_FINRURAL] t= 993.8s | pag=794 | files=1170 | data=560 | cola= 788 | prio=10 | https://appweb.asfi.gob.bo/Reportes_asp/rmi/tarjeta.asp?c=54861&t=2
[FULL_10_ASFI_FINRURAL] t= 995.3s | pag=795 | files=1170 | data=561 | cola= 787 | prio=10 | https://appweb.asfi.gob.bo/reportes_asp/RMI/tarjeta_balancegeneral_csv.asp?c=55020&f=20260331
[FULL_10_ASFI_FINRURAL] t= 996.0s | pag=795 | files=1170 | data=561 | cola= 786 | prio=10 | https://appweb.asfi.gob.bo/Reportes_asp/rmi/tarjeta.asp?c=54754&t=2
[FULL_10_ASFI_FINRURAL] t= 997.3s | pag=796 | files=1170 | data=562 | cola= 785 | prio=10 | https://appweb.asfi.gob.bo/reportes_asp/RMI/tarjeta_balancegeneral_csv.asp?c=53637&f=20260331
[FULL_10_ASFI_FINRURAL] t= 997.6s | pag=796 | files=1170 | data=562 | cola= 784 | prio=10 | https://appweb.asfi.gob.bo/Reportes_asp/rmi/tarjeta.asp?c=51816&t=2
[FULL_10_ASFI_FINRURAL] t=1000.1s | pag=797 | files=1170 | data=563 | cola= 783 | prio=10 | https://appweb.asfi.gob.bo/reportes_asp/RMI/tarjeta_balancegeneral_csv.asp?c=51816&f=20260331
[FULL_10_ASFI_FINRURAL] t=1000.1s | pag=797 | files=1170 | data=563 | cola= 782 | prio=10 | https://appweb.asfi.gob.bo/Reportes_asp/rmi/tarjeta.asp?c=51827&t=2
[FULL_10_ASFI_FINRURAL] t=1002.0s | pag=798 | files=1170 | data=564 | cola= 781 | prio=10 | https://appweb.asfi.gob.bo/reportes_asp/RMI/tarjeta_balancegeneral_csv.asp?c=51827&f=20260331
[FULL_10_ASFI_FINRURAL] t=1002.4s | pag=798 | files=1170 | data=564 | cola= 780 | prio=10 | https://appweb.asfi.gob.bo/Reportes_asp/rmi/tarjeta.asp?c=51825&t=2
[FULL_10_ASFI_FINRURAL] t=1004.3s | pag=799 | files=1170 | data=565 | cola= 779 | prio=10 | https://appweb.asfi.gob.bo/reportes_asp/RMI/tarjeta_balancegeneral_csv.asp?c=51825&f=20260331
[FULL_10_ASFI_FINRURAL] t=1004.3s | pag=799 | files=1170 | data=565 | cola= 778 | prio=10 | https://appweb.asfi.gob.bo/Reportes_asp/rmi/tarjeta.asp?c=51804&t=2
[FULL_10_ASFI_FINRURAL] t=1006.1s | pag=800 | files=1170 | data=566 | cola= 777 | prio=10 | https://appweb.asfi.gob.bo/reportes_asp/RMI/tarjeta_balancegeneral_csv.asp?c=51804&f=20260331
[FULL_10_ASFI_FINRURAL] t=1006.2s | pag=800 | files=1170 | data=566 | cola= 776 | prio=10 | https://appweb.asfi.gob.bo/Reportes_asp/rmi/tarjeta.asp?c=53289&t=2
[FULL_10_ASFI_FINRURAL] t=1007.9s | pag=801 | files=1170 | data=567 | cola= 775 | prio=10 | https://appweb.asfi.gob.bo/reportes_asp/RMI/tarjeta_balancegeneral_csv.asp?c=53396&f=20260331
[FULL_10_ASFI_FINRURAL] t=1008.1s | pag=801 | files=1170 | data=567 | cola= 774 | prio=10 | https://appweb.asfi.gob.bo/Reportes_asp/rmi/tarjeta.asp?c=52194&t=2
[FULL_10_ASFI_FINRURAL] t=1010.8s | pag=802 | files=1170 | data=568 | cola= 773 | prio=10 | https://appweb.asfi.gob.bo/reportes_asp/RMI/tarjeta_balancegeneral_csv.asp?c=52458&f=20260331
[FULL_10_ASFI_FINRURAL] t=1010.8s | pag=802 | files=1170 | data=568 | cola= 772 | prio=10 | https://appweb.asfi.gob.bo/Reportes_asp/rmi/tarjeta.asp?c=54975&t=2
[FULL_10_ASFI_FINRURAL] t=1012.4s | pag=803 | files=1170 | data=569 | cola= 771 | prio=10 | https://appweb.asfi.gob.bo/reportes_asp/RMI/tarjeta_balancegeneral_csv.asp?c=55109&f=20260331
[FULL_10_ASFI_FINRURAL] t=1012.9s | pag=803 | files=1170 | data=569 | cola= 770 | prio=10 | https://appweb.asfi.gob.bo/Reportes_asp/rmi/tarjeta.asp?c=51808&t=2
[FULL_10_ASFI_FINRURAL] t=1015.0s | pag=804 | files=1170 | data=570 | cola= 769 | prio=10 | https://appweb.asfi.gob.bo/reportes_asp/RMI/tarjeta_balancegeneral_csv.asp?c=51808&f=20260331
[FULL_10_ASFI_FINRURAL] t=1015.0s | pag=804 | files=1170 | data=570 | cola= 768 | prio=10 | https://appweb.asfi.gob.bo/Reportes_asp/rmi/tarjeta.asp?c=52925&t=2
[FULL_10_ASFI_FINRURAL] t=1017.5s | pag=805 | files=1170 | data=571 | cola= 767 | prio=10 | https://appweb.asfi.gob.bo/reportes_asp/RMI/tarjeta_balancegeneral_csv.asp?c=52925&f=20260331
[FULL_10_ASFI_FINRURAL] t=1017.5s | pag=805 | files=1170 | data=571 | cola= 766 | prio=10 | https://appweb.asfi.gob.bo/Reportes_asp/rmi/tarjeta.asp?c=54840&t=2
[FULL_10_ASFI_FINRURAL] t=1018.9s | pag=806 | files=1170 | data=572 | cola= 765 | prio=10 | https://appweb.asfi.gob.bo/reportes_asp/RMI/tarjeta_balancegeneral_csv.asp?c=54964&f=20260331
[FULL_10_ASFI_FINRURAL] t=1019.5s | pag=806 | files=1170 | data=572 | cola= 764 | prio=10 | https://appweb.asfi.gob.bo/Reportes_asp/rmi/tarjeta.asp?c=54931&t=2
[FULL_10_ASFI_FINRURAL] t=1021.1s | pag=807 | files=1170 | data=573 | cola= 763 | prio=10 | https://appweb.asfi.gob.bo/reportes_asp/RMI/tarjeta_balancegeneral_csv.asp?c=55068&f=20260331
[FULL_10_ASFI_FINRURAL] t=1021.4s | pag=807 | files=1170 | data=573 | cola= 762 | prio=10 | https://appweb.asfi.gob.bo/Reportes_asp/rmi/tarjeta.asp?c=54705&t=2
[FULL_10_ASFI_FINRURAL] t=1023.2s | pag=808 | files=1170 | data=574 | cola= 761 | prio=10 | https://appweb.asfi.gob.bo/reportes_asp/RMI/tarjeta_balancegeneral_csv.asp?c=54853&f=20260331
[FULL_10_ASFI_FINRURAL] t=1023.6s | pag=808 | files=1170 | data=574 | cola= 760 | prio=10 | https://appweb.asfi.gob.bo/Reportes_asp/rmi/tarjeta.asp?c=54799&t=2
[FULL_10_ASFI_FINRURAL] DATASETS=575 | data_html_table | https://appweb.asfi.gob.bo/Reportes_asp/rmi/tarjeta.asp?c=54799&t=2
[FULL_10_ASFI_FINRURAL] t=1025.4s | pag=809 | files=1170 | data=575 | cola= 759 | prio=10 | https://appweb.asfi.gob.bo/reportes_asp/RMI/tarjeta_balancegeneral_csv.asp?c=54957&f=20260331
[FULL_10_ASFI_FINRURAL] t=1025.4s | pag=809 | files=1170 | data=575 | cola= 758 | prio=10 | https://appweb.asfi.gob.bo/Reportes_asp/rmi/tarjeta.asp?c=52561&t=2
[FULL_10_ASFI_FINRURAL] t=1027.3s | pag=810 | files=1170 | data=576 | cola= 757 | prio=10 | https://appweb.asfi.gob.bo/reportes_asp/RMI/tarjeta_balancegeneral_csv.asp?c=52691&f=20260331
[FULL_10_ASFI_FINRURAL] t=1027.3s | pag=810 | files=1170 | data=576 | cola= 756 | prio=10 | https://appweb.asfi.gob.bo/Reportes_asp/rmi/tarjeta.asp?c=51949&t=2
[FULL_10_ASFI_FINRURAL] t=1028.9s | pag=811 | files=1170 | data=577 | cola= 755 | prio=10 | https://appweb.asfi.gob.bo/reportes_asp/RMI/tarjeta_balancegeneral_csv.asp?c=51949&f=20260331
[FULL_10_ASFI_FINRURAL] t=1029.5s | pag=811 | files=1170 | data=577 | cola= 754 | prio=10 | https://appweb.asfi.gob.bo/Reportes_asp/rmi/tarjeta.asp?c=52195&t=2
[FULL_10_ASFI_FINRURAL] t=1030.7s | pag=812 | files=1170 | data=578 | cola= 753 | prio=10 | https://appweb.asfi.gob.bo/reportes_asp/RMI/tarjeta_balancegeneral_csv.asp?c=52459&f=20260331
[FULL_10_ASFI_FINRURAL] t=1031.5s | pag=812 | files=1170 | data=578 | cola= 752 | prio=10 | https://appweb.asfi.gob.bo/Reportes_asp/rmi/tarjeta.asp?c=53556&t=2
[FULL_10_ASFI_FINRURAL] t=1032.9s | pag=813 | files=1170 | data=579 | cola= 751 | prio=10 | https://appweb.asfi.gob.bo/reportes_asp/RMI/tarjeta_balancegeneral_csv.asp?c=53698&f=20260331
[FULL_10_ASFI_FINRURAL] t=1033.2s | pag=813 | files=1170 | data=579 | cola= 750 | prio=10 | https://appweb.asfi.gob.bo/Reportes_asp/rmi/tarjeta.asp?c=53247&t=2
[FULL_10_ASFI_FINRURAL] t=1034.9s | pag=814 | files=1170 | data=580 | cola= 749 | prio=10 | https://appweb.asfi.gob.bo/reportes_asp/RMI/tarjeta_balancegeneral_csv.asp?c=53375&f=20260331
[FULL_10_ASFI_FINRURAL] t=1035.1s | pag=814 | files=1170 | data=580 | cola= 748 | prio=10 | https://appweb.asfi.gob.bo/Reportes_asp/rmi/tarjeta.asp?c=52349&t=2
[FULL_10_ASFI_FINRURAL] t=1037.0s | pag=815 | files=1170 | data=581 | cola= 747 | prio=10 | https://appweb.asfi.gob.bo/reportes_asp/RMI/tarjeta_balancegeneral_csv.asp?c=52532&f=20260331
[FULL_10_ASFI_FINRURAL] t=1037.0s | pag=815 | files=1170 | data=581 | cola= 746 | prio=10 | https://appweb.asfi.gob.bo/Reportes_asp/rmi/tarjeta.asp?c=53470&t=2
[FULL_10_ASFI_FINRURAL] t=1039.3s | pag=816 | files=1170 | data=582 | cola= 745 | prio=10 | https://appweb.asfi.gob.bo/reportes_asp/RMI/tarjeta_balancegeneral_csv.asp?c=53351&f=20260331
[FULL_10_ASFI_FINRURAL] t=1039.4s | pag=816 | files=1170 | data=582 | cola= 744 | prio=10 | https://appweb.asfi.gob.bo/Reportes_asp/rmi/tarjeta.asp?c=54661&t=2
[FULL_10_ASFI_FINRURAL] t=1041.0s | pag=817 | files=1170 | data=583 | cola= 743 | prio=10 | https://appweb.asfi.gob.bo/reportes_asp/RMI/tarjeta_balancegeneral_csv.asp?c=53582&f=20260331
[FULL_10_ASFI_FINRURAL] t=1041.4s | pag=817 | files=1170 | data=583 | cola= 742 | prio=10 | https://appweb.asfi.gob.bo/Reportes_asp/rmi/tarjeta.asp?c=54809&t=2
[FULL_10_ASFI_FINRURAL] t=1042.9s | pag=818 | files=1170 | data=584 | cola= 741 | prio=10 | https://appweb.asfi.gob.bo/reportes_asp/RMI/tarjeta_balancegeneral_csv.asp?c=52180&f=20260331
[FULL_10_ASFI_FINRURAL] t=1043.4s | pag=818 | files=1170 | data=584 | cola= 740 | prio=10 | https://appweb.asfi.gob.bo/Reportes_asp/rmi/tarjeta.asp?c=53451&t=2
[FULL_10_ASFI_FINRURAL] t=1045.1s | pag=819 | files=1170 | data=585 | cola= 739 | prio=10 | https://appweb.asfi.gob.bo/reportes_asp/RMI/tarjeta_balancegeneral_csv.asp?c=53548&f=20260331
[FULL_10_ASFI_FINRURAL] t=1045.4s | pag=819 | files=1170 | data=585 | cola= 738 | prio=10 | https://appweb.asfi.gob.bo/Reportes_asp/rmi/tarjeta.asp?c=53418&t=2
[FULL_10_ASFI_FINRURAL] t=1047.1s | pag=820 | files=1170 | data=586 | cola= 737 | prio=10 | https://appweb.asfi.gob.bo/reportes_asp/RMI/tarjeta_balancegeneral_csv.asp?c=53538&f=20260331
[FULL_10_ASFI_FINRURAL] t=1047.4s | pag=820 | files=1170 | data=586 | cola= 736 | prio=10 | https://appweb.asfi.gob.bo/Reportes_asp/rmi/tarjeta.asp?c=52930&t=2
[FULL_10_ASFI_FINRURAL] t=1049.9s | pag=821 | files=1170 | data=587 | cola= 735 | prio=10 | https://appweb.asfi.gob.bo/reportes_asp/RMI/tarjeta_balancegeneral_csv.asp?c=52918&f=20260331
[FULL_10_ASFI_FINRURAL] t=1050.0s | pag=821 | files=1170 | data=587 | cola= 734 | prio=10 | https://appweb.asfi.gob.bo/Reportes_asp/rmi/tarjeta.asp?c=53052&t=2
[FULL_10_ASFI_FINRURAL] t=1051.7s | pag=822 | files=1170 | data=588 | cola= 733 | prio=10 | https://appweb.asfi.gob.bo/reportes_asp/RMI/tarjeta_balancegeneral_csv.asp?c=53183&f=20260331
[FULL_10_ASFI_FINRURAL] t=1052.2s | pag=822 | files=1170 | data=588 | cola= 732 | prio=10 | https://appweb.asfi.gob.bo/Reportes_asp/rmi/tarjeta.asp?c=53539&t=2
[FULL_10_ASFI_FINRURAL] t=1053.6s | pag=823 | files=1170 | data=589 | cola= 731 | prio=10 | https://appweb.asfi.gob.bo/reportes_asp/RMI/tarjeta_balancegeneral_csv.asp?c=53659&f=20260331
[FULL_10_ASFI_FINRURAL] t=1053.8s | pag=823 | files=1170 | data=589 | cola= 730 | prio=10 | https://appweb.asfi.gob.bo/Reportes_asp/rmi/tarjeta.asp?c=52952&t=2
[FULL_10_ASFI_FINRURAL] t=1055.7s | pag=824 | files=1170 | data=590 | cola= 729 | prio=10 | https://appweb.asfi.gob.bo/reportes_asp/RMI/tarjeta_balancegeneral_csv.asp?c=52930&f=20260331
[FULL_10_ASFI_FINRURAL] t=1055.8s | pag=824 | files=1170 | data=590 | cola= 728 | prio=10 | https://appweb.asfi.gob.bo/Reportes_asp/rmi/tarjeta.asp?c=55065&t=2
[FULL_10_ASFI_FINRURAL] t=1057.0s | pag=825 | files=1170 | data=591 | cola= 727 | prio=10 | https://appweb.asfi.gob.bo/reportes_asp/RMI/tarjeta_balancegeneral_csv.asp?c=55167&f=20260331
[FULL_10_ASFI_FINRURAL] t=1057.5s | pag=825 | files=1170 | data=591 | cola= 726 | prio=10 | https://appweb.asfi.gob.bo/Reportes_asp/rmi/tarjeta.asp?c=53569&t=2
[FULL_10_ASFI_FINRURAL] t=1059.0s | pag=826 | files=1170 | data=592 | cola= 725 | prio=10 | https://appweb.asfi.gob.bo/reportes_asp/RMI/tarjeta_balancegeneral_csv.asp?c=53724&f=20260331
[FULL_10_ASFI_FINRURAL] t=1059.2s | pag=826 | files=1170 | data=592 | cola= 724 | prio=10 | https://appweb.asfi.gob.bo/Reportes_asp/rmi/tarjeta.asp?c=53590&t=2
[FULL_10_ASFI_FINRURAL] t=1060.7s | pag=827 | files=1170 | data=593 | cola= 723 | prio=10 | https://appweb.asfi.gob.bo/reportes_asp/RMI/tarjeta_balancegeneral_csv.asp?c=53745&f=20260331
[FULL_10_ASFI_FINRURAL] t=1061.4s | pag=827 | files=1170 | data=593 | cola= 722 | prio=10 | https://appweb.asfi.gob.bo/Reportes_asp/rmi/tarjeta.asp?c=53553&t=2
[FULL_10_ASFI_FINRURAL] t=1063.0s | pag=828 | files=1170 | data=594 | cola= 721 | prio=10 | https://appweb.asfi.gob.bo/reportes_asp/RMI/tarjeta_balancegeneral_csv.asp?c=53686&f=20260331
[FULL_10_ASFI_FINRURAL] t=1063.3s | pag=828 | files=1170 | data=594 | cola= 720 | prio=10 | https://appweb.asfi.gob.bo/Reportes_asp/rmi/tarjeta.asp?c=51814&t=2
[FULL_10_ASFI_FINRURAL] t=1065.2s | pag=829 | files=1170 | data=595 | cola= 719 | prio=10 | https://appweb.asfi.gob.bo/reportes_asp/RMI/tarjeta_balancegeneral_csv.asp?c=51814&f=20260331
[FULL_10_ASFI_FINRURAL] t=1065.5s | pag=829 | files=1170 | data=595 | cola= 718 | prio=10 | https://appweb.asfi.gob.bo/Reportes_asp/rmi/tarjeta.asp?c=53291&t=2
[FULL_10_ASFI_FINRURAL] t=1067.2s | pag=830 | files=1170 | data=596 | cola= 717 | prio=10 | https://appweb.asfi.gob.bo/reportes_asp/RMI/tarjeta_balancegeneral_csv.asp?c=53404&f=20260331
[FULL_10_ASFI_FINRURAL] t=1067.3s | pag=830 | files=1170 | data=596 | cola= 716 | prio=10 | https://appweb.asfi.gob.bo/Reportes_asp/rmi/tarjeta.asp?c=52354&t=2
[FULL_10_ASFI_FINRURAL] t=1068.9s | pag=831 | files=1170 | data=597 | cola= 715 | prio=10 | https://appweb.asfi.gob.bo/reportes_asp/RMI/tarjeta_balancegeneral_csv.asp?c=51967&f=20260331
[FULL_10_ASFI_FINRURAL] t=1069.1s | pag=831 | files=1170 | data=597 | cola= 714 | prio=10 | https://appweb.asfi.gob.bo/Reportes_asp/rmi/tarjeta.asp?c=54913&t=2
[FULL_10_ASFI_FINRURAL] t=1070.9s | pag=832 | files=1170 | data=598 | cola= 713 | prio=10 | https://appweb.asfi.gob.bo/reportes_asp/RMI/tarjeta_balancegeneral_csv.asp?c=53620&f=20260331
[FULL_10_ASFI_FINRURAL] t=1071.4s | pag=832 | files=1170 | data=598 | cola= 712 | prio=10 | https://appweb.asfi.gob.bo/Reportes_asp/rmi/tarjeta.asp?c=52885&t=2
[FULL_10_ASFI_FINRURAL] t=1073.0s | pag=833 | files=1170 | data=599 | cola= 711 | prio=10 | https://appweb.asfi.gob.bo/reportes_asp/RMI/tarjeta_balancegeneral_csv.asp?c=52884&f=20260331
[FULL_10_ASFI_FINRURAL] t=1073.2s | pag=833 | files=1170 | data=599 | cola= 710 | prio=10 | https://appweb.asfi.gob.bo/Reportes_asp/rmi/tarjeta.asp?c=52837&t=2
[FULL_10_ASFI_FINRURAL] DATASETS=600 | data_html_table | https://appweb.asfi.gob.bo/Reportes_asp/rmi/tarjeta.asp?c=52837&t=2
[FULL_10_ASFI_FINRURAL] t=1075.2s | pag=834 | files=1170 | data=600 | cola= 709 | prio=10 | https://appweb.asfi.gob.bo/reportes_asp/RMI/tarjeta_balancegeneral_csv.asp?c=52844&f=20260331
[FULL_10_ASFI_FINRURAL] t=1075.2s | pag=834 | files=1170 | data=600 | cola= 708 | prio=10 | https://appweb.asfi.gob.bo/Reportes_asp/rmi/tarjeta.asp?c=52451&t=2
[FULL_10_ASFI_FINRURAL] t=1077.4s | pag=835 | files=1170 | data=601 | cola= 707 | prio=10 | https://appweb.asfi.gob.bo/reportes_asp/RMI/tarjeta_balancegeneral_csv.asp?c=51957&f=20260331
[FULL_10_ASFI_FINRURAL] t=1077.4s | pag=835 | files=1170 | data=601 | cola= 706 | prio=10 | https://appweb.asfi.gob.bo/Reportes_asp/rmi/tarjeta.asp?c=53393&t=2
[FULL_10_ASFI_FINRURAL] t=1079.0s | pag=836 | files=1170 | data=602 | cola= 705 | prio=10 | https://appweb.asfi.gob.bo/reportes_asp/RMI/tarjeta_balancegeneral_csv.asp?c=53509&f=20260331
[FULL_10_ASFI_FINRURAL] t=1079.6s | pag=836 | files=1170 | data=602 | cola= 704 | prio=10 | https://appweb.asfi.gob.bo/Reportes_asp/rmi/tarjeta.asp?c=55067&t=2
[FULL_10_ASFI_FINRURAL] t=1080.8s | pag=837 | files=1170 | data=603 | cola= 703 | prio=10 | https://appweb.asfi.gob.bo/reportes_asp/RMI/tarjeta_balancegeneral_csv.asp?c=55172&f=20260331
[FULL_10_ASFI_FINRURAL] t=1081.5s | pag=837 | files=1170 | data=603 | cola= 702 | prio=10 | https://appweb.asfi.gob.bo/Reportes_asp/rmi/tarjeta.asp?c=51842&t=2
[FULL_10_ASFI_FINRURAL] t=1083.2s | pag=838 | files=1170 | data=604 | cola= 701 | prio=10 | https://appweb.asfi.gob.bo/reportes_asp/RMI/tarjeta_balancegeneral_csv.asp?c=51842&f=20260331
[FULL_10_ASFI_FINRURAL] t=1083.4s | pag=838 | files=1170 | data=604 | cola= 700 | prio=10 | https://appweb.asfi.gob.bo/Reportes_asp/rmi/tarjeta.asp?c=53337&t=2
[FULL_10_ASFI_FINRURAL] t=1085.6s | pag=839 | files=1170 | data=605 | cola= 699 | prio=10 | https://appweb.asfi.gob.bo/reportes_asp/RMI/tarjeta_balancegeneral_csv.asp?c=53450&f=20260331
[FULL_10_ASFI_FINRURAL] t=1085.6s | pag=839 | files=1170 | data=605 | cola= 698 | prio=10 | https://appweb.asfi.gob.bo/Reportes_asp/rmi/tarjeta.asp?c=54662&t=2
[FULL_10_ASFI_FINRURAL] t=1087.0s | pag=840 | files=1170 | data=606 | cola= 697 | prio=10 | https://appweb.asfi.gob.bo/reportes_asp/RMI/tarjeta_balancegeneral_csv.asp?c=54803&f=20260331
[FULL_10_ASFI_FINRURAL] t=1087.9s | pag=840 | files=1170 | data=606 | cola= 696 | prio=10 | https://appweb.asfi.gob.bo/Reportes_asp/rmi/tarjeta.asp?c=53282&t=2
[FULL_10_ASFI_FINRURAL] t=1089.4s | pag=841 | files=1170 | data=607 | cola= 695 | prio=10 | https://appweb.asfi.gob.bo/reportes_asp/RMI/tarjeta_balancegeneral_csv.asp?c=53389&f=20260331
[FULL_10_ASFI_FINRURAL] t=1089.4s | pag=841 | files=1170 | data=607 | cola= 694 | prio=10 | https://appweb.asfi.gob.bo/Reportes_asp/rmi/tarjeta.asp?c=54666&t=2
[FULL_10_ASFI_FINRURAL] t=1091.0s | pag=842 | files=1170 | data=608 | cola= 693 | prio=10 | https://appweb.asfi.gob.bo/reportes_asp/RMI/tarjeta_balancegeneral_csv.asp?c=53711&f=20260331
[FULL_10_ASFI_FINRURAL] t=1091.2s | pag=842 | files=1170 | data=608 | cola= 692 | prio=10 | https://appweb.asfi.gob.bo/Reportes_asp/rmi/tarjeta.asp?c=51858&t=2
[FULL_10_ASFI_FINRURAL] t=1092.8s | pag=843 | files=1170 | data=609 | cola= 691 | prio=10 | https://appweb.asfi.gob.bo/reportes_asp/RMI/tarjeta_balancegeneral_csv.asp?c=51858&f=20260331
[FULL_10_ASFI_FINRURAL] t=1092.8s | pag=843 | files=1170 | data=609 | cola= 690 | prio=10 | https://appweb.asfi.gob.bo/Reportes_asp/rmi/tarjeta.asp?c=53171&t=2
[FULL_10_ASFI_FINRURAL] t=1094.9s | pag=844 | files=1170 | data=610 | cola= 689 | prio=10 | https://appweb.asfi.gob.bo/reportes_asp/RMI/tarjeta_balancegeneral_csv.asp?c=53310&f=20260331
[FULL_10_ASFI_FINRURAL] t=1095.4s | pag=844 | files=1170 | data=610 | cola= 688 | prio=10 | https://appweb.asfi.gob.bo/Reportes_asp/rmi/tarjeta.asp?c=51826&t=2
[FULL_10_ASFI_FINRURAL] t=1098.0s | pag=845 | files=1170 | data=611 | cola= 687 | prio=10 | https://appweb.asfi.gob.bo/reportes_asp/RMI/tarjeta_balancegeneral_csv.asp?c=51826&f=20260331
[FULL_10_ASFI_FINRURAL] t=1098.0s | pag=845 | files=1170 | data=611 | cola= 686 | prio=10 | https://appweb.asfi.gob.bo/Reportes_asp/rmi/tarjeta.asp?c=54741&t=2
[FULL_10_ASFI_FINRURAL] t=1099.7s | pag=846 | files=1170 | data=612 | cola= 685 | prio=10 | https://appweb.asfi.gob.bo/reportes_asp/RMI/tarjeta_balancegeneral_csv.asp?c=53654&f=20260331
[FULL_10_ASFI_FINRURAL] t=1099.7s | pag=846 | files=1170 | data=612 | cola= 684 | prio=10 | https://appweb.asfi.gob.bo/Reportes_asp/rmi/tarjeta.asp?c=51854&t=2
[FULL_10_ASFI_FINRURAL] t=1101.2s | pag=847 | files=1170 | data=613 | cola= 683 | prio=10 | https://appweb.asfi.gob.bo/reportes_asp/RMI/tarjeta_balancegeneral_csv.asp?c=51854&f=20260331
[FULL_10_ASFI_FINRURAL] t=1101.3s | pag=847 | files=1170 | data=613 | cola= 682 | prio=10 | https://appweb.asfi.gob.bo/Reportes_asp/rmi/tarjeta.asp?c=53523&t=2
[FULL_10_ASFI_FINRURAL] t=1103.0s | pag=848 | files=1170 | data=614 | cola= 681 | prio=10 | https://appweb.asfi.gob.bo/reportes_asp/RMI/tarjeta_balancegeneral_csv.asp?c=53629&f=20260331
[FULL_10_ASFI_FINRURAL] t=1103.7s | pag=848 | files=1170 | data=614 | cola= 680 | prio=10 | https://appweb.asfi.gob.bo/Reportes_asp/rmi/tarjeta.asp?c=52074&t=2
[FULL_10_ASFI_FINRURAL] t=1105.7s | pag=849 | files=1170 | data=615 | cola= 679 | prio=10 | https://appweb.asfi.gob.bo/reportes_asp/RMI/tarjeta_balancegeneral_csv.asp?c=52345&f=20260331
[FULL_10_ASFI_FINRURAL] t=1105.7s | pag=849 | files=1170 | data=615 | cola= 678 | prio=10 | https://appweb.asfi.gob.bo/Reportes_asp/rmi/tarjeta.asp?c=54678&t=2
[FULL_10_ASFI_FINRURAL] t=1107.3s | pag=850 | files=1170 | data=616 | cola= 677 | prio=10 | https://appweb.asfi.gob.bo/reportes_asp/RMI/tarjeta_balancegeneral_csv.asp?c=54819&f=20260331
[FULL_10_ASFI_FINRURAL] t=1107.7s | pag=850 | files=1170 | data=616 | cola= 676 | prio=10 | https://appweb.asfi.gob.bo/Reportes_asp/rmi/tarjeta.asp?c=51860&t=2
[FULL_10_ASFI_FINRURAL] t=1109.5s | pag=851 | files=1170 | data=617 | cola= 675 | prio=10 | https://appweb.asfi.gob.bo/reportes_asp/RMI/tarjeta_balancegeneral_csv.asp?c=51860&f=20260331
[FULL_10_ASFI_FINRURAL] t=1110.0s | pag=851 | files=1170 | data=617 | cola= 674 | prio=10 | https://appweb.asfi.gob.bo/Reportes_asp/rmi/tarjeta.asp?c=53118&t=2
[FULL_10_ASFI_FINRURAL] t=1112.1s | pag=852 | files=1170 | data=618 | cola= 673 | prio=10 | https://appweb.asfi.gob.bo/reportes_asp/RMI/tarjeta_balancegeneral_csv.asp?c=53258&f=20260331
[FULL_10_ASFI_FINRURAL] t=1112.1s | pag=852 | files=1170 | data=618 | cola= 672 | prio=10 | https://appweb.asfi.gob.bo/Reportes_asp/rmi/tarjeta.asp?c=51821&t=2
[FULL_10_ASFI_FINRURAL] t=1114.7s | pag=853 | files=1170 | data=619 | cola= 671 | prio=10 | https://appweb.asfi.gob.bo/reportes_asp/RMI/tarjeta_balancegeneral_csv.asp?c=51821&f=20260331
[FULL_10_ASFI_FINRURAL] t=1114.7s | pag=853 | files=1170 | data=619 | cola= 670 | prio=10 | https://appweb.asfi.gob.bo/Reportes_asp/rmi/tarjeta.asp?c=51809&t=2
[FULL_10_ASFI_FINRURAL] t=1117.1s | pag=854 | files=1170 | data=620 | cola= 669 | prio=10 | https://appweb.asfi.gob.bo/reportes_asp/RMI/tarjeta_balancegeneral_csv.asp?c=51809&f=20260331
[FULL_10_ASFI_FINRURAL] t=1117.1s | pag=854 | files=1170 | data=620 | cola= 668 | prio=10 | https://appweb.asfi.gob.bo/Reportes_asp/rmi/tarjeta.asp?c=51812&t=2
[FULL_10_ASFI_FINRURAL] t=1120.4s | pag=855 | files=1170 | data=621 | cola= 667 | prio=10 | https://appweb.asfi.gob.bo/reportes_asp/RMI/tarjeta_balancegeneral_csv.asp?c=51812&f=20260331
[FULL_10_ASFI_FINRURAL] t=1120.6s | pag=855 | files=1170 | data=621 | cola= 666 | prio=10 | https://appweb.asfi.gob.bo/Reportes_asp/rmi/tarjeta.asp?c=51813&t=2
[FULL_10_ASFI_FINRURAL] t=1122.0s | pag=856 | files=1170 | data=622 | cola= 665 | prio=10 | https://appweb.asfi.gob.bo/reportes_asp/RMI/tarjeta_balancegeneral_csv.asp?c=51813&f=20260331
[FULL_10_ASFI_FINRURAL] t=1122.3s | pag=856 | files=1170 | data=622 | cola= 664 | prio=10 | https://appweb.asfi.gob.bo/Reportes_asp/rmi/tarjeta.asp?c=52045&t=2
[FULL_10_ASFI_FINRURAL] t=1123.4s | pag=857 | files=1170 | data=623 | cola= 663 | prio=10 | https://appweb.asfi.gob.bo/reportes_asp/RMI/tarjeta_balancegeneral_csv.asp?c=52074&f=20260331
[FULL_10_ASFI_FINRURAL] t=1124.1s | pag=857 | files=1170 | data=623 | cola= 662 | prio=10 | https://appweb.asfi.gob.bo/Reportes_asp/rmi/tarjeta.asp?c=53002&t=2
[FULL_10_ASFI_FINRURAL] t=1125.2s | pag=858 | files=1170 | data=624 | cola= 661 | prio=10 | https://appweb.asfi.gob.bo/reportes_asp/RMI/tarjeta_balancegeneral_csv.asp?c=53110&f=20260331
[FULL_10_ASFI_FINRURAL] t=1125.7s | pag=858 | files=1170 | data=624 | cola= 660 | prio=10 | https://appweb.asfi.gob.bo/Reportes_asp/rmi/tarjeta.asp?c=53623&t=2
[FULL_10_ASFI_FINRURAL] DATASETS=625 | data_html_table | https://appweb.asfi.gob.bo/Reportes_asp/rmi/tarjeta.asp?c=53623&t=2
[FULL_10_ASFI_FINRURAL] t=1127.1s | pag=859 | files=1170 | data=625 | cola= 659 | prio=10 | https://appweb.asfi.gob.bo/reportes_asp/RMI/tarjeta_balancegeneral_csv.asp?c=53764&f=20260331
[FULL_10_ASFI_FINRURAL] t=1127.6s | pag=859 | files=1170 | data=625 | cola= 658 | prio=10 | https://appweb.asfi.gob.bo/Reportes_asp/rmi/tarjeta.asp?c=52051&t=2
[FULL_10_ASFI_FINRURAL] t=1128.7s | pag=860 | files=1170 | data=626 | cola= 657 | prio=10 | https://appweb.asfi.gob.bo/reportes_asp/RMI/tarjeta_balancegeneral_csv.asp?c=52009&f=20260331
[FULL_10_ASFI_FINRURAL] t=1129.4s | pag=860 | files=1170 | data=626 | cola= 656 | prio=10 | https://appweb.asfi.gob.bo/Reportes_asp/rmi/tarjeta.asp?c=53217&t=2
[FULL_10_ASFI_FINRURAL] t=1131.0s | pag=861 | files=1170 | data=627 | cola= 655 | prio=10 | https://appweb.asfi.gob.bo/reportes_asp/RMI/tarjeta_balancegeneral_csv.asp?c=53341&f=20260331
[FULL_10_ASFI_FINRURAL] t=1131.7s | pag=861 | files=1170 | data=627 | cola= 654 | prio=10 | https://appweb.asfi.gob.bo/Reportes_asp/rmi/tarjeta.asp?c=54957&t=2
[FULL_10_ASFI_FINRURAL] t=1135.6s | pag=862 | files=1170 | data=628 | cola= 653 | prio=10 | https://appweb.asfi.gob.bo/reportes_asp/RMI/tarjeta_balancegeneral_csv.asp?c=55077&f=20260331
[FULL_10_ASFI_FINRURAL] t=1136.0s | pag=862 | files=1170 | data=628 | cola= 652 | prio=10 | https://appweb.asfi.gob.bo/Reportes_asp/rmi/tarjeta.asp?c=54778&t=2
[FULL_10_ASFI_FINRURAL] t=1137.7s | pag=863 | files=1170 | data=629 | cola= 651 | prio=10 | https://appweb.asfi.gob.bo/reportes_asp/RMI/tarjeta_balancegeneral_csv.asp?c=54930&f=20260331
[FULL_10_ASFI_FINRURAL] t=1138.1s | pag=863 | files=1170 | data=629 | cola= 650 | prio=10 | https://appweb.asfi.gob.bo/Reportes_asp/rmi/tarjeta.asp?c=54867&t=2
[FULL_10_ASFI_FINRURAL] t=1139.5s | pag=864 | files=1170 | data=630 | cola= 649 | prio=10 | https://appweb.asfi.gob.bo/reportes_asp/RMI/tarjeta_balancegeneral_csv.asp?c=55029&f=20260331
[FULL_10_ASFI_FINRURAL] t=1140.0s | pag=864 | files=1170 | data=630 | cola= 648 | prio=10 | https://appweb.asfi.gob.bo/Reportes_asp/rmi/tarjeta.asp?c=52196&t=2
[FULL_10_ASFI_FINRURAL] t=1141.1s | pag=865 | files=1170 | data=631 | cola= 647 | prio=10 | https://appweb.asfi.gob.bo/reportes_asp/RMI/tarjeta_balancegeneral_csv.asp?c=52460&f=20260331
[FULL_10_ASFI_FINRURAL] t=1141.5s | pag=865 | files=1170 | data=631 | cola= 646 | prio=10 | https://appweb.asfi.gob.bo/Reportes_asp/rmi/tarjeta.asp?c=53058&t=2
[FULL_10_ASFI_FINRURAL] t=1142.8s | pag=866 | files=1170 | data=632 | cola= 645 | prio=10 | https://appweb.asfi.gob.bo/reportes_asp/RMI/tarjeta_balancegeneral_csv.asp?c=53073&f=20260331
[FULL_10_ASFI_FINRURAL] t=1143.5s | pag=866 | files=1170 | data=632 | cola= 644 | prio=10 | https://appweb.asfi.gob.bo/Reportes_asp/rmi/tarjeta.asp?c=52385&t=2
[FULL_10_ASFI_FINRURAL] t=1144.9s | pag=867 | files=1170 | data=633 | cola= 643 | prio=10 | https://appweb.asfi.gob.bo/reportes_asp/RMI/tarjeta_balancegeneral_csv.asp?c=52559&f=20260331
[FULL_10_ASFI_FINRURAL] t=1145.7s | pag=867 | files=1170 | data=633 | cola= 642 | prio=10 | https://appweb.asfi.gob.bo/Reportes_asp/rmi/tarjeta.asp?c=53508&t=2
[FULL_10_ASFI_FINRURAL] t=1147.4s | pag=868 | files=1170 | data=634 | cola= 641 | prio=10 | https://appweb.asfi.gob.bo/reportes_asp/RMI/tarjeta_balancegeneral_csv.asp?c=52927&f=20260331
[FULL_10_ASFI_FINRURAL] t=1148.2s | pag=868 | files=1170 | data=634 | cola= 640 | prio=10 | https://appweb.asfi.gob.bo/Reportes_asp/rmi/tarjeta.asp?c=54704&t=2
[FULL_10_ASFI_FINRURAL] t=1149.3s | pag=869 | files=1170 | data=635 | cola= 639 | prio=10 | https://appweb.asfi.gob.bo/reportes_asp/RMI/tarjeta_balancegeneral_csv.asp?c=54850&f=20260331
[FULL_10_ASFI_FINRURAL] t=1149.8s | pag=869 | files=1170 | data=635 | cola= 638 | prio=10 | https://appweb.asfi.gob.bo/Reportes_asp/rmi/tarjeta.asp?c=54854&t=2
[FULL_10_ASFI_FINRURAL] t=1150.7s | pag=870 | files=1170 | data=636 | cola= 637 | prio=10 | https://appweb.asfi.gob.bo/reportes_asp/RMI/tarjeta_balancegeneral_csv.asp?c=55019&f=20260331
[FULL_10_ASFI_FINRURAL] t=1151.4s | pag=870 | files=1170 | data=636 | cola= 636 | prio=10 | https://appweb.asfi.gob.bo/Reportes_asp/rmi/tarjeta.asp?c=52042&t=2
[FULL_10_ASFI_FINRURAL] t=1152.6s | pag=871 | files=1170 | data=637 | cola= 635 | prio=10 | https://appweb.asfi.gob.bo/reportes_asp/RMI/tarjeta_balancegeneral_csv.asp?c=52072&f=20260331
[FULL_10_ASFI_FINRURAL] t=1153.1s | pag=871 | files=1170 | data=637 | cola= 634 | prio=10 | https://appweb.asfi.gob.bo/Reportes_asp/rmi/tarjeta.asp?c=52041&t=2
[FULL_10_ASFI_FINRURAL] t=1154.4s | pag=872 | files=1170 | data=638 | cola= 633 | prio=10 | https://appweb.asfi.gob.bo/reportes_asp/RMI/tarjeta_balancegeneral_csv.asp?c=52018&f=20260331
[FULL_10_ASFI_FINRURAL] t=1154.7s | pag=872 | files=1170 | data=638 | cola= 632 | prio=10 | https://appweb.asfi.gob.bo/Reportes_asp/rmi/tarjeta.asp?c=53570&t=2
[FULL_10_ASFI_FINRURAL] t=1155.9s | pag=873 | files=1170 | data=639 | cola= 631 | prio=10 | https://appweb.asfi.gob.bo/reportes_asp/RMI/tarjeta_balancegeneral_csv.asp?c=53730&f=20260331
[FULL_10_ASFI_FINRURAL] t=1156.5s | pag=873 | files=1170 | data=639 | cola= 630 | prio=10 | https://appweb.asfi.gob.bo/Reportes_asp/rmi/tarjeta.asp?c=52565&t=2
[FULL_10_ASFI_FINRURAL] t=1157.7s | pag=874 | files=1170 | data=640 | cola= 629 | prio=10 | https://appweb.asfi.gob.bo/reportes_asp/RMI/tarjeta_balancegeneral_csv.asp?c=52708&f=20260331
[FULL_10_ASFI_FINRURAL] t=1158.5s | pag=874 | files=1170 | data=640 | cola= 628 | prio=10 | https://appweb.asfi.gob.bo/Reportes_asp/rmi/tarjeta.asp?c=54808&t=2
[FULL_10_ASFI_FINRURAL] t=1159.5s | pag=875 | files=1170 | data=641 | cola= 627 | prio=10 | https://appweb.asfi.gob.bo/reportes_asp/RMI/tarjeta_balancegeneral_csv.asp?c=54958&f=20260331
[FULL_10_ASFI_FINRURAL] t=1160.2s | pag=875 | files=1170 | data=641 | cola= 626 | prio=10 | https://appweb.asfi.gob.bo/Reportes_asp/rmi/tarjeta.asp?c=54898&t=2
[FULL_10_ASFI_FINRURAL] t=1161.7s | pag=876 | files=1170 | data=642 | cola= 625 | prio=10 | https://appweb.asfi.gob.bo/reportes_asp/RMI/tarjeta_balancegeneral_csv.asp?c=53255&f=20260331
[FULL_10_ASFI_FINRURAL] t=1162.3s | pag=876 | files=1170 | data=642 | cola= 624 | prio=10 | https://appweb.asfi.gob.bo/Reportes_asp/rmi/tarjeta.asp?c=54896&t=2
[FULL_10_ASFI_FINRURAL] t=1163.7s | pag=877 | files=1170 | data=643 | cola= 623 | prio=10 | https://appweb.asfi.gob.bo/reportes_asp/RMI/tarjeta_balancegeneral_csv.asp?c=55054&f=20260331
[FULL_10_ASFI_FINRURAL] t=1164.1s | pag=877 | files=1170 | data=643 | cola= 622 | prio=10 | https://appweb.asfi.gob.bo/Reportes_asp/rmi/tarjeta.asp?c=55003&t=2
[FULL_10_ASFI_FINRURAL] t=1165.3s | pag=878 | files=1170 | data=644 | cola= 621 | prio=10 | https://appweb.asfi.gob.bo/reportes_asp/RMI/tarjeta_balancegeneral_csv.asp?c=55130&f=20260331
[FULL_10_ASFI_FINRURAL] t=1166.1s | pag=878 | files=1170 | data=644 | cola= 620 | prio=10 | https://appweb.asfi.gob.bo/Reportes_asp/rmi/tarjeta.asp?c=52400&t=2
[FULL_10_ASFI_FINRURAL] t=1169.1s | pag=879 | files=1170 | data=645 | cola= 619 | prio=10 | https://appweb.asfi.gob.bo/reportes_asp/RMI/tarjeta_balancegeneral_csv.asp?c=52537&f=20260331
[FULL_10_ASFI_FINRURAL] t=1169.1s | pag=879 | files=1170 | data=645 | cola= 618 | prio=10 | https://appweb.asfi.gob.bo/Reportes_asp/rmi/tarjeta.asp?c=53540&t=2
[FULL_10_ASFI_FINRURAL] t=1170.3s | pag=880 | files=1170 | data=646 | cola= 617 | prio=10 | https://appweb.asfi.gob.bo/reportes_asp/RMI/tarjeta_balancegeneral_csv.asp?c=53664&f=20260331
[FULL_10_ASFI_FINRURAL] t=1171.2s | pag=880 | files=1170 | data=646 | cola= 616 | prio=10 | https://appweb.asfi.gob.bo/Reportes_asp/rmi/tarjeta.asp?c=52506&t=2
[FULL_10_ASFI_FINRURAL] t=1172.5s | pag=881 | files=1170 | data=647 | cola= 615 | prio=10 | https://appweb.asfi.gob.bo/reportes_asp/RMI/tarjeta_balancegeneral_csv.asp?c=52666&f=20260331
[FULL_10_ASFI_FINRURAL] t=1173.2s | pag=881 | files=1170 | data=647 | cola= 614 | prio=10 | https://appweb.asfi.gob.bo/Reportes_asp/rmi/tarjeta.asp?c=53215&t=2
[FULL_10_ASFI_FINRURAL] t=1174.7s | pag=882 | files=1170 | data=648 | cola= 613 | prio=10 | https://appweb.asfi.gob.bo/reportes_asp/RMI/tarjeta_balancegeneral_csv.asp?c=53340&f=20260331
[FULL_10_ASFI_FINRURAL] t=1175.4s | pag=882 | files=1170 | data=648 | cola= 612 | prio=10 | https://appweb.asfi.gob.bo/Reportes_asp/rmi/tarjeta.asp?c=53286&t=2
[FULL_10_ASFI_FINRURAL] t=1176.9s | pag=883 | files=1170 | data=649 | cola= 611 | prio=10 | https://appweb.asfi.gob.bo/reportes_asp/RMI/tarjeta_balancegeneral_csv.asp?c=53393&f=20260331
[FULL_10_ASFI_FINRURAL] t=1177.6s | pag=883 | files=1170 | data=649 | cola= 610 | prio=10 | https://appweb.asfi.gob.bo/Reportes_asp/rmi/tarjeta.asp?c=54959&t=2
[FULL_10_ASFI_FINRURAL] DATASETS=650 | data_html_table | https://appweb.asfi.gob.bo/Reportes_asp/rmi/tarjeta.asp?c=54959&t=2
[FULL_10_ASFI_FINRURAL] t=1179.0s | pag=884 | files=1170 | data=650 | cola= 609 | prio=10 | https://appweb.asfi.gob.bo/reportes_asp/RMI/tarjeta_balancegeneral_csv.asp?c=55082&f=20260331
[FULL_10_ASFI_FINRURAL] t=1179.9s | pag=884 | files=1170 | data=650 | cola= 608 | prio=10 | https://appweb.asfi.gob.bo/Reportes_asp/rmi/tarjeta.asp?c=54909&t=2
[FULL_10_ASFI_FINRURAL] t=1181.0s | pag=885 | files=1170 | data=651 | cola= 607 | prio=10 | https://appweb.asfi.gob.bo/reportes_asp/RMI/tarjeta_balancegeneral_csv.asp?c=55065&f=20260331
[FULL_10_ASFI_FINRURAL] t=1181.6s | pag=885 | files=1170 | data=651 | cola= 606 | prio=10 | https://appweb.asfi.gob.bo/Reportes_asp/rmi/tarjeta.asp?c=54974&t=2
[FULL_10_ASFI_FINRURAL] t=1183.1s | pag=886 | files=1170 | data=652 | cola= 605 | prio=10 | https://appweb.asfi.gob.bo/reportes_asp/RMI/tarjeta_balancegeneral_csv.asp?c=55108&f=20260331
[FULL_10_ASFI_FINRURAL] t=1183.5s | pag=886 | files=1170 | data=652 | cola= 604 | prio=10 | https://appweb.asfi.gob.bo/Reportes_asp/rmi/tarjeta.asp?c=53408&t=2
[FULL_10_ASFI_FINRURAL] t=1184.8s | pag=887 | files=1170 | data=653 | cola= 603 | prio=10 | https://appweb.asfi.gob.bo/reportes_asp/RMI/tarjeta_balancegeneral_csv.asp?c=53522&f=20260331
[FULL_10_ASFI_FINRURAL] t=1185.1s | pag=887 | files=1170 | data=653 | cola= 602 | prio=10 | https://appweb.asfi.gob.bo/Reportes_asp/rmi/tarjeta.asp?c=51886&t=2
[FULL_10_ASFI_FINRURAL] t=1186.4s | pag=888 | files=1170 | data=654 | cola= 601 | prio=10 | https://appweb.asfi.gob.bo/reportes_asp/RMI/tarjeta_balancegeneral_csv.asp?c=51886&f=20260331
[FULL_10_ASFI_FINRURAL] t=1187.3s | pag=888 | files=1170 | data=654 | cola= 600 | prio=10 | https://appweb.asfi.gob.bo/Reportes_asp/rmi/tarjeta.asp?c=52640&t=2
[FULL_10_ASFI_FINRURAL] t=1188.8s | pag=889 | files=1170 | data=655 | cola= 599 | prio=10 | https://appweb.asfi.gob.bo/reportes_asp/RMI/tarjeta_balancegeneral_csv.asp?c=52757&f=20260331
[FULL_10_ASFI_FINRURAL] t=1189.2s | pag=889 | files=1170 | data=655 | cola= 598 | prio=10 | https://appweb.asfi.gob.bo/Reportes_asp/rmi/tarjeta.asp?c=53325&t=2
[FULL_10_ASFI_FINRURAL] t=1190.7s | pag=890 | files=1170 | data=656 | cola= 597 | prio=10 | https://appweb.asfi.gob.bo/reportes_asp/RMI/tarjeta_balancegeneral_csv.asp?c=53449&f=20260331
[FULL_10_ASFI_FINRURAL] t=1191.1s | pag=890 | files=1170 | data=656 | cola= 596 | prio=10 | https://appweb.asfi.gob.bo/Reportes_asp/rmi/tarjeta.asp?c=53214&t=2
[FULL_10_ASFI_FINRURAL] t=1192.3s | pag=891 | files=1170 | data=657 | cola= 595 | prio=10 | https://appweb.asfi.gob.bo/reportes_asp/RMI/tarjeta_balancegeneral_csv.asp?c=53339&f=20260331
[FULL_10_ASFI_FINRURAL] t=1192.9s | pag=891 | files=1170 | data=657 | cola= 594 | prio=10 | https://appweb.asfi.gob.bo/Reportes_asp/rmi/tarjeta.asp?c=53502&t=2
[FULL_10_ASFI_FINRURAL] t=1193.8s | pag=892 | files=1170 | data=658 | cola= 593 | prio=10 | https://appweb.asfi.gob.bo/reportes_asp/RMI/tarjeta_balancegeneral_csv.asp?c=53589&f=20260331
[FULL_10_ASFI_FINRURAL] t=1194.5s | pag=892 | files=1170 | data=658 | cola= 592 | prio=10 | https://appweb.asfi.gob.bo/Reportes_asp/rmi/tarjeta.asp?c=53503&t=2
[FULL_10_ASFI_FINRURAL] t=1195.6s | pag=893 | files=1170 | data=659 | cola= 591 | prio=10 | https://appweb.asfi.gob.bo/reportes_asp/RMI/tarjeta_balancegeneral_csv.asp?c=53590&f=20260331
[FULL_10_ASFI_FINRURAL] t=1196.4s | pag=893 | files=1170 | data=659 | cola= 590 | prio=10 | https://appweb.asfi.gob.bo/Reportes_asp/rmi/tarjeta.asp?c=53412&t=2
[FULL_10_ASFI_FINRURAL] t=1197.5s | pag=894 | files=1170 | data=660 | cola= 589 | prio=10 | https://appweb.asfi.gob.bo/reportes_asp/RMI/tarjeta_balancegeneral_csv.asp?c=53533&f=20260331
[FULL_10_ASFI_FINRURAL] t=1197.9s | pag=894 | files=1170 | data=660 | cola= 588 | prio=10 | https://appweb.asfi.gob.bo/Reportes_asp/rmi/tarjeta.asp?c=52750&t=2
[FULL_10_ASFI_FINRURAL] t=1199.4s | pag=895 | files=1170 | data=661 | cola= 587 | prio=10 | https://appweb.asfi.gob.bo/reportes_asp/RMI/tarjeta_balancegeneral_csv.asp?c=52819&f=20260331
[FULL_10_ASFI_FINRURAL] t=1200.1s | pag=895 | files=1170 | data=661 | cola= 586 | prio=10 | https://appweb.asfi.gob.bo/Reportes_asp/rmi/tarjeta.asp?c=52364&t=2
[FULL_10_ASFI_FINRURAL] t=1201.7s | pag=896 | files=1170 | data=662 | cola= 585 | prio=10 | https://appweb.asfi.gob.bo/reportes_asp/RMI/tarjeta_balancegeneral_csv.asp?c=52550&f=20260331
[FULL_10_ASFI_FINRURAL] t=1202.3s | pag=896 | files=1170 | data=662 | cola= 584 | prio=10 | https://appweb.asfi.gob.bo/Reportes_asp/rmi/tarjeta.asp?c=54676&t=2
[FULL_10_ASFI_FINRURAL] t=1203.3s | pag=897 | files=1170 | data=663 | cola= 583 | prio=10 | https://appweb.asfi.gob.bo/reportes_asp/RMI/tarjeta_balancegeneral_csv.asp?c=54817&f=20260331
[FULL_10_ASFI_FINRURAL] t=1203.8s | pag=897 | files=1170 | data=663 | cola= 582 | prio=10 | https://appweb.asfi.gob.bo/Reportes_asp/rmi/tarjeta.asp?c=51941&t=2
[FULL_10_ASFI_FINRURAL] t=1205.2s | pag=898 | files=1170 | data=664 | cola= 581 | prio=10 | https://appweb.asfi.gob.bo/reportes_asp/RMI/tarjeta_balancegeneral_csv.asp?c=51941&f=20260331
[FULL_10_ASFI_FINRURAL] t=1205.7s | pag=898 | files=1170 | data=664 | cola= 580 | prio=10 | https://appweb.asfi.gob.bo/Reportes_asp/rmi/tarjeta.asp?c=54772&t=2
[FULL_10_ASFI_FINRURAL] t=1207.0s | pag=899 | files=1170 | data=665 | cola= 579 | prio=10 | https://appweb.asfi.gob.bo/reportes_asp/RMI/tarjeta_balancegeneral_csv.asp?c=54915&f=20260331
[FULL_10_ASFI_FINRURAL] t=1207.6s | pag=899 | files=1170 | data=665 | cola= 578 | prio=10 | https://appweb.asfi.gob.bo/Reportes_asp/rmi/tarjeta.asp?c=54699&t=2
[FULL_10_ASFI_FINRURAL] t=1209.0s | pag=900 | files=1170 | data=666 | cola= 577 | prio=10 | https://appweb.asfi.gob.bo/reportes_asp/RMI/tarjeta_balancegeneral_csv.asp?c=54847&f=20260331
[FULL_10_ASFI_FINRURAL] t=1209.4s | pag=900 | files=1170 | data=666 | cola= 576 | prio=10 | https://appweb.asfi.gob.bo/Reportes_asp/rmi/tarjeta.asp?c=53545&t=2
[FULL_10_ASFI_FINRURAL] t=1210.8s | pag=901 | files=1170 | data=667 | cola= 575 | prio=10 | https://appweb.asfi.gob.bo/reportes_asp/RMI/tarjeta_balancegeneral_csv.asp?c=53670&f=20260331
[FULL_10_ASFI_FINRURAL] t=1211.5s | pag=901 | files=1170 | data=667 | cola= 574 | prio=10 | https://appweb.asfi.gob.bo/Reportes_asp/rmi/tarjeta.asp?c=51893&t=2
[FULL_10_ASFI_FINRURAL] t=1212.9s | pag=902 | files=1170 | data=668 | cola= 573 | prio=10 | https://appweb.asfi.gob.bo/reportes_asp/RMI/tarjeta_balancegeneral_csv.asp?c=51893&f=20260331
[FULL_10_ASFI_FINRURAL] t=1213.2s | pag=902 | files=1170 | data=668 | cola= 572 | prio=10 | https://appweb.asfi.gob.bo/Reportes_asp/rmi/tarjeta.asp?c=53638&t=2
[FULL_10_ASFI_FINRURAL] t=1214.2s | pag=903 | files=1170 | data=669 | cola= 571 | prio=10 | https://appweb.asfi.gob.bo/reportes_asp/RMI/tarjeta_balancegeneral_csv.asp?c=53790&f=20260331
[FULL_10_ASFI_FINRURAL] t=1214.5s | pag=903 | files=1170 | data=669 | cola= 570 | prio=10 | https://appweb.asfi.gob.bo/Reportes_asp/rmi/tarjeta.asp?c=53179&t=2
[FULL_10_ASFI_FINRURAL] t=1215.8s | pag=904 | files=1170 | data=670 | cola= 569 | prio=10 | https://appweb.asfi.gob.bo/reportes_asp/RMI/tarjeta_balancegeneral_csv.asp?c=53316&f=20260331
[FULL_10_ASFI_FINRURAL] t=1216.2s | pag=904 | files=1170 | data=670 | cola= 568 | prio=10 | https://appweb.asfi.gob.bo/Reportes_asp/rmi/tarjeta.asp?c=54797&t=2
[FULL_10_ASFI_FINRURAL] t=1217.8s | pag=905 | files=1170 | data=671 | cola= 567 | prio=10 | https://appweb.asfi.gob.bo/reportes_asp/RMI/tarjeta_balancegeneral_csv.asp?c=54956&f=20260331
[FULL_10_ASFI_FINRURAL] t=1218.5s | pag=905 | files=1170 | data=671 | cola= 566 | prio=10 | https://appweb.asfi.gob.bo/Reportes_asp/rmi/tarjeta.asp?c=53367&t=2
[FULL_10_ASFI_FINRURAL] t=1219.9s | pag=906 | files=1170 | data=672 | cola= 565 | prio=10 | https://appweb.asfi.gob.bo/reportes_asp/RMI/tarjeta_balancegeneral_csv.asp?c=53473&f=20260331
[FULL_10_ASFI_FINRURAL] t=1220.6s | pag=906 | files=1170 | data=672 | cola= 564 | prio=10 | https://appweb.asfi.gob.bo/Reportes_asp/rmi/tarjeta.asp?c=52562&t=2
[FULL_10_ASFI_FINRURAL] t=1221.9s | pag=907 | files=1170 | data=673 | cola= 563 | prio=10 | https://appweb.asfi.gob.bo/reportes_asp/RMI/tarjeta_balancegeneral_csv.asp?c=52701&f=20260331
[FULL_10_ASFI_FINRURAL] t=1222.4s | pag=907 | files=1170 | data=673 | cola= 562 | prio=10 | https://appweb.asfi.gob.bo/Reportes_asp/rmi/tarjeta.asp?c=51945&t=2
[FULL_10_ASFI_FINRURAL] t=1223.8s | pag=908 | files=1170 | data=674 | cola= 561 | prio=10 | https://appweb.asfi.gob.bo/reportes_asp/RMI/tarjeta_balancegeneral_csv.asp?c=51945&f=20260331
[FULL_10_ASFI_FINRURAL] t=1224.1s | pag=908 | files=1170 | data=674 | cola= 560 | prio=10 | https://appweb.asfi.gob.bo/Reportes_asp/rmi/tarjeta.asp?c=53421&t=2
[FULL_10_ASFI_FINRURAL] DATASETS=675 | data_html_table | https://appweb.asfi.gob.bo/Reportes_asp/rmi/tarjeta.asp?c=53421&t=2
[FULL_10_ASFI_FINRURAL] t=1225.6s | pag=909 | files=1170 | data=675 | cola= 559 | prio=10 | https://appweb.asfi.gob.bo/reportes_asp/RMI/tarjeta_balancegeneral_csv.asp?c=53539&f=20260331
[FULL_10_ASFI_FINRURAL] t=1226.3s | pag=909 | files=1170 | data=675 | cola= 558 | prio=10 | https://appweb.asfi.gob.bo/Reportes_asp/rmi/tarjeta.asp?c=52642&t=2
[FULL_10_ASFI_FINRURAL] t=1227.5s | pag=910 | files=1170 | data=676 | cola= 557 | prio=10 | https://appweb.asfi.gob.bo/reportes_asp/RMI/tarjeta_balancegeneral_csv.asp?c=52758&f=20260331
[FULL_10_ASFI_FINRURAL] t=1228.2s | pag=910 | files=1170 | data=676 | cola= 556 | prio=10 | https://appweb.asfi.gob.bo/Reportes_asp/rmi/tarjeta.asp?c=52922&t=2
[FULL_10_ASFI_FINRURAL] t=1229.4s | pag=911 | files=1170 | data=677 | cola= 555 | prio=10 | https://appweb.asfi.gob.bo/reportes_asp/RMI/tarjeta_balancegeneral_csv.asp?c=52908&f=20260331
[FULL_10_ASFI_FINRURAL] t=1229.7s | pag=911 | files=1170 | data=677 | cola= 554 | prio=10 | https://appweb.asfi.gob.bo/Reportes_asp/rmi/tarjeta.asp?c=52186&t=2
[FULL_10_ASFI_FINRURAL] t=1231.2s | pag=912 | files=1170 | data=678 | cola= 553 | prio=10 | https://appweb.asfi.gob.bo/reportes_asp/RMI/tarjeta_balancegeneral_csv.asp?c=52444&f=20260331
[FULL_10_ASFI_FINRURAL] t=1232.0s | pag=912 | files=1170 | data=678 | cola= 552 | prio=10 | https://appweb.asfi.gob.bo/Reportes_asp/rmi/tarjeta.asp?c=54973&t=2
[FULL_10_ASFI_FINRURAL] t=1233.2s | pag=913 | files=1170 | data=679 | cola= 551 | prio=10 | https://appweb.asfi.gob.bo/reportes_asp/RMI/tarjeta_balancegeneral_csv.asp?c=55107&f=20260331
[FULL_10_ASFI_FINRURAL] t=1234.0s | pag=913 | files=1170 | data=679 | cola= 550 | prio=10 | https://appweb.asfi.gob.bo/Reportes_asp/rmi/tarjeta.asp?c=53416&t=2
[FULL_10_ASFI_FINRURAL] t=1235.5s | pag=914 | files=1170 | data=680 | cola= 549 | prio=10 | https://appweb.asfi.gob.bo/reportes_asp/RMI/tarjeta_balancegeneral_csv.asp?c=53535&f=20260331
[FULL_10_ASFI_FINRURAL] t=1235.8s | pag=914 | files=1170 | data=680 | cola= 548 | prio=10 | https://appweb.asfi.gob.bo/Reportes_asp/rmi/tarjeta.asp?c=52184&t=2
[FULL_10_ASFI_FINRURAL] t=1237.1s | pag=915 | files=1170 | data=681 | cola= 547 | prio=10 | https://appweb.asfi.gob.bo/reportes_asp/RMI/tarjeta_balancegeneral_csv.asp?c=52443&f=20260331
[FULL_10_ASFI_FINRURAL] t=1237.5s | pag=915 | files=1170 | data=681 | cola= 546 | prio=10 | https://appweb.asfi.gob.bo/Reportes_asp/rmi/tarjeta.asp?c=53287&t=2
[FULL_10_ASFI_FINRURAL] t=1239.0s | pag=916 | files=1170 | data=682 | cola= 545 | prio=10 | https://appweb.asfi.gob.bo/reportes_asp/RMI/tarjeta_balancegeneral_csv.asp?c=53394&f=20260331
[FULL_10_ASFI_FINRURAL] t=1239.6s | pag=916 | files=1170 | data=682 | cola= 544 | prio=10 | https://appweb.asfi.gob.bo/Reportes_asp/rmi/tarjeta.asp?c=51942&t=2
[FULL_10_ASFI_FINRURAL] t=1241.0s | pag=917 | files=1170 | data=683 | cola= 543 | prio=10 | https://appweb.asfi.gob.bo/reportes_asp/RMI/tarjeta_balancegeneral_csv.asp?c=51942&f=20260331
[FULL_10_ASFI_FINRURAL] t=1241.4s | pag=917 | files=1170 | data=683 | cola= 542 | prio=10 | https://appweb.asfi.gob.bo/Reportes_asp/rmi/tarjeta.asp?c=53133&t=2
[FULL_10_ASFI_FINRURAL] t=1242.8s | pag=918 | files=1170 | data=684 | cola= 541 | prio=10 | https://appweb.asfi.gob.bo/reportes_asp/RMI/tarjeta_balancegeneral_csv.asp?c=53277&f=20260331
[FULL_10_ASFI_FINRURAL] t=1243.3s | pag=918 | files=1170 | data=684 | cola= 540 | prio=10 | https://appweb.asfi.gob.bo/Reportes_asp/rmi/tarjeta.asp?c=52907&t=2
[FULL_10_ASFI_FINRURAL] t=1244.4s | pag=919 | files=1170 | data=685 | cola= 539 | prio=10 | https://appweb.asfi.gob.bo/reportes_asp/RMI/tarjeta_balancegeneral_csv.asp?c=52892&f=20260331
[FULL_10_ASFI_FINRURAL] t=1245.3s | pag=919 | files=1170 | data=685 | cola= 538 | prio=10 | https://appweb.asfi.gob.bo/Reportes_asp/rmi/tarjeta.asp?c=53348&t=2
[FULL_10_ASFI_FINRURAL] t=1246.5s | pag=920 | files=1170 | data=686 | cola= 537 | prio=10 | https://appweb.asfi.gob.bo/reportes_asp/RMI/tarjeta_balancegeneral_csv.asp?c=53468&f=20260331
[FULL_10_ASFI_FINRURAL] t=1247.2s | pag=920 | files=1170 | data=686 | cola= 536 | prio=10 | https://appweb.asfi.gob.bo/Reportes_asp/rmi/tarjeta.asp?c=54843&t=2
[FULL_10_ASFI_FINRURAL] t=1248.3s | pag=921 | files=1170 | data=687 | cola= 535 | prio=10 | https://appweb.asfi.gob.bo/reportes_asp/RMI/tarjeta_balancegeneral_csv.asp?c=55004&f=20260331
[FULL_10_ASFI_FINRURAL] t=1248.6s | pag=921 | files=1170 | data=687 | cola= 534 | prio=10 | https://appweb.asfi.gob.bo/Reportes_asp/rmi/tarjeta.asp?c=54771&t=2
[FULL_10_ASFI_FINRURAL] t=1250.2s | pag=922 | files=1170 | data=688 | cola= 533 | prio=10 | https://appweb.asfi.gob.bo/reportes_asp/RMI/tarjeta_balancegeneral_csv.asp?c=54914&f=20260331
[FULL_10_ASFI_FINRURAL] t=1250.9s | pag=922 | files=1170 | data=688 | cola= 532 | prio=10 | https://appweb.asfi.gob.bo/Reportes_asp/rmi/tarjeta.asp?c=54922&t=2
[FULL_10_ASFI_FINRURAL] t=1252.2s | pag=923 | files=1170 | data=689 | cola= 531 | prio=10 | https://appweb.asfi.gob.bo/reportes_asp/RMI/tarjeta_balancegeneral_csv.asp?c=55067&f=20260331
[FULL_10_ASFI_FINRURAL] t=1252.5s | pag=923 | files=1170 | data=689 | cola= 530 | prio=10 | https://appweb.asfi.gob.bo/Reportes_asp/rmi/tarjeta.asp?c=54773&t=2
[FULL_10_ASFI_FINRURAL] t=1253.6s | pag=924 | files=1170 | data=690 | cola= 529 | prio=10 | https://appweb.asfi.gob.bo/reportes_asp/RMI/tarjeta_balancegeneral_csv.asp?c=54916&f=20260331
[FULL_10_ASFI_FINRURAL] t=1254.5s | pag=924 | files=1170 | data=690 | cola= 528 | prio=10 | https://appweb.asfi.gob.bo/Reportes_asp/rmi/tarjeta.asp?c=53365&t=2
[FULL_10_ASFI_FINRURAL] t=1255.7s | pag=925 | files=1170 | data=691 | cola= 527 | prio=10 | https://appweb.asfi.gob.bo/reportes_asp/RMI/tarjeta_balancegeneral_csv.asp?c=53471&f=20260331
[FULL_10_ASFI_FINRURAL] t=1256.1s | pag=925 | files=1170 | data=691 | cola= 526 | prio=10 | https://appweb.asfi.gob.bo/Reportes_asp/rmi/tarjeta.asp?c=53284&t=2
[FULL_10_ASFI_FINRURAL] t=1257.4s | pag=926 | files=1170 | data=692 | cola= 525 | prio=10 | https://appweb.asfi.gob.bo/reportes_asp/RMI/tarjeta_balancegeneral_csv.asp?c=53392&f=20260331
[FULL_10_ASFI_FINRURAL] t=1258.1s | pag=926 | files=1170 | data=692 | cola= 524 | prio=10 | https://appweb.asfi.gob.bo/Reportes_asp/rmi/tarjeta.asp?c=52458&t=2
[FULL_10_ASFI_FINRURAL] t=1259.1s | pag=927 | files=1170 | data=693 | cola= 523 | prio=10 | https://appweb.asfi.gob.bo/reportes_asp/RMI/tarjeta_balancegeneral_csv.asp?c=52628&f=20260331
[FULL_10_ASFI_FINRURAL] t=1259.8s | pag=927 | files=1170 | data=693 | cola= 522 | prio=10 | https://appweb.asfi.gob.bo/Reportes_asp/rmi/tarjeta.asp?c=53413&t=2
[FULL_10_ASFI_FINRURAL] t=1261.7s | pag=928 | files=1170 | data=694 | cola= 521 | prio=10 | https://appweb.asfi.gob.bo/reportes_asp/RMI/tarjeta_balancegeneral_csv.asp?c=53534&f=20260331
[FULL_10_ASFI_FINRURAL] t=1262.1s | pag=928 | files=1170 | data=694 | cola= 520 | prio=10 | https://appweb.asfi.gob.bo/Reportes_asp/rmi/tarjeta.asp?c=53562&t=2
[FULL_10_ASFI_FINRURAL] t=1264.0s | pag=929 | files=1170 | data=695 | cola= 519 | prio=10 | https://appweb.asfi.gob.bo/reportes_asp/RMI/tarjeta_balancegeneral_csv.asp?c=53700&f=20260331
[FULL_10_ASFI_FINRURAL] t=1264.8s | pag=929 | files=1170 | data=695 | cola= 518 | prio=10 | https://appweb.asfi.gob.bo/Reportes_asp/rmi/tarjeta.asp?c=54969&t=2
[FULL_10_ASFI_FINRURAL] t=1266.1s | pag=930 | files=1170 | data=696 | cola= 517 | prio=10 | https://appweb.asfi.gob.bo/reportes_asp/RMI/tarjeta_balancegeneral_csv.asp?c=55106&f=20260331
[FULL_10_ASFI_FINRURAL] t=1266.4s | pag=930 | files=1170 | data=696 | cola= 516 | prio=10 | https://appweb.asfi.gob.bo/Reportes_asp/rmi/tarjeta.asp?c=53606&t=2
[FULL_10_ASFI_FINRURAL] t=1267.9s | pag=931 | files=1170 | data=697 | cola= 515 | prio=10 | https://appweb.asfi.gob.bo/reportes_asp/RMI/tarjeta_balancegeneral_csv.asp?c=53749&f=20260331
[FULL_10_ASFI_FINRURAL] t=1268.5s | pag=931 | files=1170 | data=697 | cola= 514 | prio=10 | https://appweb.asfi.gob.bo/Reportes_asp/rmi/tarjeta.asp?c=53218&t=2
[FULL_10_ASFI_FINRURAL] t=1269.9s | pag=932 | files=1170 | data=698 | cola= 513 | prio=10 | https://appweb.asfi.gob.bo/reportes_asp/RMI/tarjeta_balancegeneral_csv.asp?c=53342&f=20260331
[FULL_10_ASFI_FINRURAL] t=1270.6s | pag=932 | files=1170 | data=698 | cola= 512 | prio=10 | https://appweb.asfi.gob.bo/Reportes_asp/rmi/tarjeta.asp?c=51943&t=2
[FULL_10_ASFI_FINRURAL] t=1271.9s | pag=933 | files=1170 | data=699 | cola= 511 | prio=10 | https://appweb.asfi.gob.bo/reportes_asp/RMI/tarjeta_balancegeneral_csv.asp?c=51943&f=20260331
[FULL_10_ASFI_FINRURAL] t=1272.5s | pag=933 | files=1170 | data=699 | cola= 510 | prio=10 | https://appweb.asfi.gob.bo/Reportes_asp/rmi/tarjeta.asp?c=54786&t=2
[FULL_10_ASFI_FINRURAL] DATASETS=700 | data_html_table | https://appweb.asfi.gob.bo/Reportes_asp/rmi/tarjeta.asp?c=54786&t=2
[FULL_10_ASFI_FINRURAL] t=1273.4s | pag=934 | files=1170 | data=700 | cola= 509 | prio=10 | https://appweb.asfi.gob.bo/reportes_asp/RMI/tarjeta_balancegeneral_csv.asp?c=54946&f=20260331
[FULL_10_ASFI_FINRURAL] t=1274.2s | pag=934 | files=1170 | data=700 | cola= 508 | prio=10 | https://appweb.asfi.gob.bo/Reportes_asp/rmi/tarjeta.asp?c=54677&t=2
[FULL_10_ASFI_FINRURAL] t=1275.3s | pag=935 | files=1170 | data=701 | cola= 507 | prio=10 | https://appweb.asfi.gob.bo/reportes_asp/RMI/tarjeta_balancegeneral_csv.asp?c=54818&f=20260331
[FULL_10_ASFI_FINRURAL] t=1276.0s | pag=935 | files=1170 | data=701 | cola= 506 | prio=10 | https://appweb.asfi.gob.bo/Reportes_asp/rmi/tarjeta.asp?c=53546&t=2
[FULL_10_ASFI_FINRURAL] t=1277.5s | pag=936 | files=1170 | data=702 | cola= 505 | prio=10 | https://appweb.asfi.gob.bo/reportes_asp/RMI/tarjeta_balancegeneral_csv.asp?c=53671&f=20260331
[FULL_10_ASFI_FINRURAL] t=1278.3s | pag=936 | files=1170 | data=702 | cola= 504 | prio=10 | https://appweb.asfi.gob.bo/Reportes_asp/rmi/tarjeta.asp?c=53290&t=2
[FULL_10_ASFI_FINRURAL] t=1279.4s | pag=937 | files=1170 | data=703 | cola= 503 | prio=10 | https://appweb.asfi.gob.bo/reportes_asp/RMI/tarjeta_balancegeneral_csv.asp?c=53397&f=20260331
[FULL_10_ASFI_FINRURAL] t=1280.2s | pag=937 | files=1170 | data=703 | cola= 502 | prio=10 | https://appweb.asfi.gob.bo/Reportes_asp/rmi/tarjeta.asp?c=55024&t=2
[FULL_10_ASFI_FINRURAL] t=1281.7s | pag=938 | files=1170 | data=704 | cola= 501 | prio=10 | https://appweb.asfi.gob.bo/reportes_asp/RMI/tarjeta_balancegeneral_csv.asp?c=55151&f=20260331
[FULL_10_ASFI_FINRURAL] t=1282.5s | pag=938 | files=1170 | data=704 | cola= 500 | prio=10 | https://appweb.asfi.gob.bo/Reportes_asp/rmi/tarjeta.asp?c=55034&t=2
[FULL_10_ASFI_FINRURAL] t=1283.8s | pag=939 | files=1170 | data=705 | cola= 499 | prio=10 | https://appweb.asfi.gob.bo/reportes_asp/RMI/tarjeta_balancegeneral_csv.asp?c=55158&f=20260331
[FULL_10_ASFI_FINRURAL] t=1284.3s | pag=939 | files=1170 | data=705 | cola= 498 | prio=10 | https://appweb.asfi.gob.bo/Reportes_asp/rmi/tarjeta.asp?c=52851&t=2
[FULL_10_ASFI_FINRURAL] t=1285.4s | pag=940 | files=1170 | data=706 | cola= 497 | prio=10 | https://appweb.asfi.gob.bo/reportes_asp/RMI/tarjeta_balancegeneral_csv.asp?c=52866&f=20260331
[FULL_10_ASFI_FINRURAL] t=1285.8s | pag=940 | files=1170 | data=706 | cola= 496 | prio=10 | https://appweb.asfi.gob.bo/Reportes_asp/rmi/tarjeta.asp?c=55020&t=2
[FULL_10_ASFI_FINRURAL] t=1287.1s | pag=941 | files=1170 | data=707 | cola= 495 | prio=10 | https://appweb.asfi.gob.bo/reportes_asp/RMI/tarjeta_balancegeneral_csv.asp?c=55146&f=20260331
[FULL_10_ASFI_FINRURAL] t=1287.5s | pag=941 | files=1170 | data=707 | cola= 494 | prio=10 | https://appweb.asfi.gob.bo/Reportes_asp/rmi/tarjeta.asp?c=52479&t=2
[FULL_10_ASFI_FINRURAL] t=1288.7s | pag=942 | files=1170 | data=708 | cola= 493 | prio=10 | https://appweb.asfi.gob.bo/reportes_asp/RMI/tarjeta_balancegeneral_csv.asp?c=52651&f=20260331
[FULL_10_ASFI_FINRURAL] t=1289.3s | pag=942 | files=1170 | data=708 | cola= 492 | prio=10 | https://appweb.asfi.gob.bo/Reportes_asp/rmi/tarjeta.asp?c=55008&t=2
[FULL_10_ASFI_FINRURAL] t=1290.8s | pag=943 | files=1170 | data=709 | cola= 491 | prio=10 | https://appweb.asfi.gob.bo/reportes_asp/RMI/tarjeta_balancegeneral_csv.asp?c=55137&f=20260331
[FULL_10_ASFI_FINRURAL] t=1291.1s | pag=943 | files=1170 | data=709 | cola= 490 | prio=10 | https://appweb.asfi.gob.bo/Reportes_asp/rmi/tarjeta.asp?c=51894&t=2
[FULL_10_ASFI_FINRURAL] t=1292.3s | pag=944 | files=1170 | data=710 | cola= 489 | prio=10 | https://appweb.asfi.gob.bo/reportes_asp/RMI/tarjeta_balancegeneral_csv.asp?c=51894&f=20260331
[FULL_10_ASFI_FINRURAL] t=1293.2s | pag=944 | files=1170 | data=710 | cola= 488 | prio=10 | https://appweb.asfi.gob.bo/Reportes_asp/rmi/tarjeta.asp?c=51887&t=2
[FULL_10_ASFI_FINRURAL] t=1294.1s | pag=945 | files=1170 | data=711 | cola= 487 | prio=10 | https://appweb.asfi.gob.bo/reportes_asp/RMI/tarjeta_balancegeneral_csv.asp?c=51887&f=20260331
[FULL_10_ASFI_FINRURAL] t=1295.0s | pag=945 | files=1170 | data=711 | cola= 486 | prio=10 | https://appweb.asfi.gob.bo/Reportes_asp/rmi/tarjeta.asp?c=53504&t=2
[FULL_10_ASFI_FINRURAL] t=1295.9s | pag=946 | files=1170 | data=712 | cola= 485 | prio=10 | https://appweb.asfi.gob.bo/reportes_asp/RMI/tarjeta_balancegeneral_csv.asp?c=53591&f=20260331
[FULL_10_ASFI_FINRURAL] t=1296.7s | pag=946 | files=1170 | data=712 | cola= 484 | prio=10 | https://appweb.asfi.gob.bo/Reportes_asp/rmi/tarjeta.asp?c=52457&t=2
[FULL_10_ASFI_FINRURAL] t=1297.6s | pag=947 | files=1170 | data=713 | cola= 483 | prio=10 | https://appweb.asfi.gob.bo/reportes_asp/RMI/tarjeta_balancegeneral_csv.asp?c=52627&f=20260331
[FULL_10_ASFI_FINRURAL] t=1298.2s | pag=947 | files=1170 | data=713 | cola= 482 | prio=10 | https://appweb.asfi.gob.bo/Reportes_asp/rmi/tarjeta.asp?c=53572&t=2
[FULL_10_ASFI_FINRURAL] t=1299.2s | pag=948 | files=1170 | data=714 | cola= 481 | prio=10 | https://appweb.asfi.gob.bo/reportes_asp/RMI/tarjeta_balancegeneral_csv.asp?c=53731&f=20260331
[FULL_10_ASFI_FINRURAL] t=1299.8s | pag=948 | files=1170 | data=714 | cola= 480 | prio=10 | https://appweb.asfi.gob.bo/Reportes_asp/rmi/tarjeta.asp?c=53236&t=2
[FULL_10_ASFI_FINRURAL] t=1301.3s | pag=949 | files=1170 | data=715 | cola= 479 | prio=10 | https://appweb.asfi.gob.bo/reportes_asp/RMI/tarjeta_balancegeneral_csv.asp?c=53369&f=20260331
[FULL_10_ASFI_FINRURAL] t=1301.9s | pag=949 | files=1170 | data=715 | cola= 478 | prio=10 | https://appweb.asfi.gob.bo/Reportes_asp/rmi/tarjeta.asp?c=53607&t=2
[FULL_10_ASFI_FINRURAL] t=1303.0s | pag=950 | files=1170 | data=716 | cola= 477 | prio=10 | https://appweb.asfi.gob.bo/reportes_asp/RMI/tarjeta_balancegeneral_csv.asp?c=53750&f=20260331
[FULL_10_ASFI_FINRURAL] t=1303.4s | pag=950 | files=1170 | data=716 | cola= 476 | prio=10 | https://appweb.asfi.gob.bo/Reportes_asp/rmi/tarjeta.asp?c=53185&t=2
[FULL_10_ASFI_FINRURAL] t=1304.6s | pag=951 | files=1170 | data=717 | cola= 475 | prio=10 | https://appweb.asfi.gob.bo/reportes_asp/RMI/tarjeta_balancegeneral_csv.asp?c=53325&f=20260331
[FULL_10_ASFI_FINRURAL] t=1305.1s | pag=951 | files=1170 | data=717 | cola= 474 | prio=10 | https://appweb.asfi.gob.bo/Reportes_asp/rmi/tarjeta.asp?c=53305&t=2
[FULL_10_ASFI_FINRURAL] t=1306.6s | pag=952 | files=1170 | data=718 | cola= 473 | prio=10 | https://appweb.asfi.gob.bo/reportes_asp/RMI/tarjeta_balancegeneral_csv.asp?c=53416&f=20260331
[FULL_10_ASFI_FINRURAL] t=1306.9s | pag=952 | files=1170 | data=718 | cola= 472 | prio=10 | https://appweb.asfi.gob.bo/Reportes_asp/rmi/tarjeta.asp?c=53154&t=2
[FULL_10_ASFI_FINRURAL] t=1308.4s | pag=953 | files=1170 | data=719 | cola= 471 | prio=10 | https://appweb.asfi.gob.bo/reportes_asp/RMI/tarjeta_balancegeneral_csv.asp?c=53305&f=20260331
[FULL_10_ASFI_FINRURAL] t=1309.3s | pag=953 | files=1170 | data=719 | cola= 470 | prio=10 | https://appweb.asfi.gob.bo/Reportes_asp/rmi/tarjeta.asp?c=53442&t=2
[FULL_10_ASFI_FINRURAL] t=1310.4s | pag=954 | files=1170 | data=720 | cola= 469 | prio=10 | https://appweb.asfi.gob.bo/reportes_asp/RMI/tarjeta_balancegeneral_csv.asp?c=53547&f=20260331
[FULL_10_ASFI_FINRURAL] t=1310.8s | pag=954 | files=1170 | data=720 | cola= 468 | prio=10 | https://appweb.asfi.gob.bo/Reportes_asp/rmi/tarjeta.asp?c=53085&t=2
[FULL_10_ASFI_FINRURAL] t=1312.6s | pag=955 | files=1170 | data=721 | cola= 467 | prio=10 | https://appweb.asfi.gob.bo/reportes_asp/RMI/tarjeta_balancegeneral_csv.asp?c=53245&f=20260331
[FULL_10_ASFI_FINRURAL] t=1312.9s | pag=955 | files=1170 | data=721 | cola= 466 | prio=10 | https://appweb.asfi.gob.bo/Reportes_asp/rmi/tarjeta.asp?c=53306&t=2
[FULL_10_ASFI_FINRURAL] t=1314.1s | pag=956 | files=1170 | data=722 | cola= 465 | prio=10 | https://appweb.asfi.gob.bo/reportes_asp/RMI/tarjeta_balancegeneral_csv.asp?c=53418&f=20260331
[FULL_10_ASFI_FINRURAL] t=1314.9s | pag=956 | files=1170 | data=722 | cola= 464 | prio=10 | https://appweb.asfi.gob.bo/Reportes_asp/rmi/tarjeta.asp?c=52995&t=2
[FULL_10_ASFI_FINRURAL] t=1316.2s | pag=957 | files=1170 | data=723 | cola= 463 | prio=10 | https://appweb.asfi.gob.bo/reportes_asp/RMI/tarjeta_balancegeneral_csv.asp?c=52867&f=20260331
[FULL_10_ASFI_FINRURAL] t=1317.0s | pag=957 | files=1170 | data=723 | cola= 462 | prio=10 | https://appweb.asfi.gob.bo/Reportes_asp/rmi/tarjeta.asp?c=54995&t=2
[FULL_10_ASFI_FINRURAL] t=1318.3s | pag=958 | files=1170 | data=724 | cola= 461 | prio=10 | https://appweb.asfi.gob.bo/reportes_asp/RMI/tarjeta_balancegeneral_csv.asp?c=55128&f=20260331
[FULL_10_ASFI_FINRURAL] t=1319.0s | pag=958 | files=1170 | data=724 | cola= 460 | prio=10 | https://appweb.asfi.gob.bo/Reportes_asp/rmi/tarjeta.asp?c=54794&t=2
[FULL_10_ASFI_FINRURAL] DATASETS=725 | data_html_table | https://appweb.asfi.gob.bo/Reportes_asp/rmi/tarjeta.asp?c=54794&t=2
[FULL_10_ASFI_FINRURAL] t=1320.2s | pag=959 | files=1170 | data=725 | cola= 459 | prio=10 | https://appweb.asfi.gob.bo/reportes_asp/RMI/tarjeta_balancegeneral_csv.asp?c=54955&f=20260331
[FULL_10_ASFI_FINRURAL] t=1320.7s | pag=959 | files=1170 | data=725 | cola= 458 | prio=10 | https://appweb.asfi.gob.bo/Reportes_asp/rmi/tarjeta.asp?c=55019&t=2
[FULL_10_ASFI_FINRURAL] t=1322.0s | pag=960 | files=1170 | data=726 | cola= 457 | prio=10 | https://appweb.asfi.gob.bo/reportes_asp/RMI/tarjeta_balancegeneral_csv.asp?c=55145&f=20260331
[FULL_10_ASFI_FINRURAL] t=1322.8s | pag=960 | files=1170 | data=726 | cola= 456 | prio=10 | https://appweb.asfi.gob.bo/Reportes_asp/rmi/tarjeta.asp?c=52921&t=2
[FULL_10_ASFI_FINRURAL] t=1324.0s | pag=961 | files=1170 | data=727 | cola= 455 | prio=10 | https://appweb.asfi.gob.bo/reportes_asp/RMI/tarjeta_balancegeneral_csv.asp?c=52907&f=20260331
[FULL_10_ASFI_FINRURAL] t=1324.5s | pag=961 | files=1170 | data=727 | cola= 454 | prio=10 | https://appweb.asfi.gob.bo/Reportes_asp/rmi/tarjeta.asp?c=55010&t=2
[FULL_10_ASFI_FINRURAL] t=1325.8s | pag=962 | files=1170 | data=728 | cola= 453 | prio=10 | https://appweb.asfi.gob.bo/reportes_asp/RMI/tarjeta_balancegeneral_csv.asp?c=55138&f=20260331
[FULL_10_ASFI_FINRURAL] t=1326.8s | pag=962 | files=1170 | data=728 | cola= 452 | prio=10 | https://appweb.asfi.gob.bo/Reportes_asp/rmi/tarjeta.asp?c=52862&t=2
[FULL_10_ASFI_FINRURAL] t=1328.2s | pag=963 | files=1170 | data=729 | cola= 451 | prio=10 | https://appweb.asfi.gob.bo/reportes_asp/RMI/tarjeta_balancegeneral_csv.asp?c=52877&f=20260331
[FULL_10_ASFI_FINRURAL] t=1328.9s | pag=963 | files=1170 | data=729 | cola= 450 | prio=10 | https://appweb.asfi.gob.bo/Reportes_asp/rmi/tarjeta.asp?c=53588&t=2
[FULL_10_ASFI_FINRURAL] t=1330.3s | pag=964 | files=1170 | data=730 | cola= 449 | prio=10 | https://appweb.asfi.gob.bo/reportes_asp/RMI/tarjeta_balancegeneral_csv.asp?c=53737&f=20260331
[FULL_10_ASFI_FINRURAL] t=1330.9s | pag=964 | files=1170 | data=730 | cola= 448 | prio=10 | https://appweb.asfi.gob.bo/Reportes_asp/rmi/tarjeta.asp?c=53250&t=2
[FULL_10_ASFI_FINRURAL] t=1333.0s | pag=965 | files=1170 | data=731 | cola= 447 | prio=10 | https://appweb.asfi.gob.bo/reportes_asp/RMI/tarjeta_balancegeneral_csv.asp?c=53377&f=20260331
[FULL_10_ASFI_FINRURAL] t=1333.0s | pag=965 | files=1170 | data=731 | cola= 446 | prio=10 | https://appweb.asfi.gob.bo/Reportes_asp/rmi/tarjeta.asp?c=51891&t=2
[FULL_10_ASFI_FINRURAL] t=1335.5s | pag=966 | files=1170 | data=732 | cola= 445 | prio=10 | https://appweb.asfi.gob.bo/reportes_asp/RMI/tarjeta_balancegeneral_csv.asp?c=51891&f=20260331
[FULL_10_ASFI_FINRURAL] t=1335.5s | pag=966 | files=1170 | data=732 | cola= 444 | prio=10 | https://appweb.asfi.gob.bo/Reportes_asp/rmi/tarjeta.asp?c=51895&t=2
[FULL_10_ASFI_FINRURAL] t=1337.2s | pag=967 | files=1170 | data=733 | cola= 443 | prio=10 | https://appweb.asfi.gob.bo/reportes_asp/RMI/tarjeta_balancegeneral_csv.asp?c=51895&f=20260331
[FULL_10_ASFI_FINRURAL] t=1337.4s | pag=967 | files=1170 | data=733 | cola= 442 | prio=10 | https://appweb.asfi.gob.bo/Reportes_asp/rmi/tarjeta.asp?c=53132&t=3
[FULL_10_ASFI_FINRURAL] t=1338.7s | pag=968 | files=1170 | data=734 | cola= 443 | prio=10 | https://appweb.asfi.gob.bo/Reportes_asp/rmi/tarjeta.asp?c=52863&t=2
[FULL_10_ASFI_FINRURAL] t=1339.6s | pag=969 | files=1170 | data=735 | cola= 442 | prio=10 | https://appweb.asfi.gob.bo/reportes_asp/RMI/tarjeta_balancegeneral_csv.asp?c=52879&f=20260331
[FULL_10_ASFI_FINRURAL] t=1340.0s | pag=969 | files=1170 | data=735 | cola= 441 | prio=10 | https://appweb.asfi.gob.bo/Reportes_asp/rmi/tarjeta.asp?c=53317&t=2
[FULL_10_ASFI_FINRURAL] t=1341.6s | pag=970 | files=1170 | data=736 | cola= 440 | prio=10 | https://appweb.asfi.gob.bo/reportes_asp/RMI/tarjeta_balancegeneral_csv.asp?c=53446&f=20260331
[FULL_10_ASFI_FINRURAL] t=1342.0s | pag=970 | files=1170 | data=736 | cola= 439 | prio=10 | https://appweb.asfi.gob.bo/Reportes_asp/rmi/tarjeta.asp?c=51939&t=2
[FULL_10_ASFI_FINRURAL] t=1344.1s | pag=971 | files=1170 | data=737 | cola= 438 | prio=10 | https://appweb.asfi.gob.bo/reportes_asp/RMI/tarjeta_balancegeneral_csv.asp?c=51939&f=20260331
[FULL_10_ASFI_FINRURAL] t=1344.2s | pag=971 | files=1170 | data=737 | cola= 437 | prio=10 | https://appweb.asfi.gob.bo/Reportes_asp/rmi/tarjeta.asp?c=53248&t=2
[FULL_10_ASFI_FINRURAL] t=1345.9s | pag=972 | files=1170 | data=738 | cola= 436 | prio=10 | https://appweb.asfi.gob.bo/reportes_asp/RMI/tarjeta_balancegeneral_csv.asp?c=53376&f=20260331
[FULL_10_ASFI_FINRURAL] t=1346.4s | pag=972 | files=1170 | data=738 | cola= 435 | prio=10 | https://appweb.asfi.gob.bo/Reportes_asp/rmi/tarjeta.asp?c=51947&t=2
[FULL_10_ASFI_FINRURAL] t=1348.9s | pag=973 | files=1170 | data=739 | cola= 434 | prio=10 | https://appweb.asfi.gob.bo/reportes_asp/RMI/tarjeta_balancegeneral_csv.asp?c=51947&f=20260331
[FULL_10_ASFI_FINRURAL] t=1348.9s | pag=973 | files=1170 | data=739 | cola= 433 | prio=10 | https://appweb.asfi.gob.bo/Reportes_asp/rmi/tarjeta.asp?c=52757&t=3
[FULL_10_ASFI_FINRURAL] t=1350.3s | pag=974 | files=1170 | data=740 | cola= 434 | prio=10 | https://appweb.asfi.gob.bo/Reportes_asp/rmi/tarjeta.asp?c=52961&t=2&tr=2
[FULL_10_ASFI_FINRURAL] t=1352.1s | pag=975 | files=1170 | data=741 | cola= 434 | prio=10 | https://appweb.asfi.gob.bo/Reportes_asp/rmi/tarjeta.asp?c=54694&t=2
[FULL_10_ASFI_FINRURAL] t=1352.9s | pag=976 | files=1170 | data=742 | cola= 433 | prio=10 | https://appweb.asfi.gob.bo/reportes_asp/RMI/tarjeta_balancegeneral_csv.asp?c=54840&f=20260331
[FULL_10_ASFI_FINRURAL] t=1353.1s | pag=976 | files=1170 | data=742 | cola= 432 | prio=10 | https://appweb.asfi.gob.bo/Reportes_asp/rmi/tarjeta.asp?c=55044&t=2
[FULL_10_ASFI_FINRURAL] t=1354.4s | pag=977 | files=1170 | data=743 | cola= 431 | prio=10 | https://appweb.asfi.gob.bo/reportes_asp/RMI/tarjeta_balancegeneral_csv.asp?c=55166&f=20260331
[FULL_10_ASFI_FINRURAL] t=1354.9s | pag=977 | files=1170 | data=743 | cola= 430 | prio=10 | https://appweb.asfi.gob.bo/Reportes_asp/rmi/tarjeta.asp?c=53140&t=2
[FULL_10_ASFI_FINRURAL] t=1356.6s | pag=978 | files=1170 | data=744 | cola= 429 | prio=10 | https://appweb.asfi.gob.bo/reportes_asp/RMI/tarjeta_balancegeneral_csv.asp?c=53291&f=20260331
[FULL_10_ASFI_FINRURAL] t=1356.9s | pag=978 | files=1170 | data=744 | cola= 428 | prio=10 | https://appweb.asfi.gob.bo/Reportes_asp/rmi/tarjeta.asp?c=55007&t=2
[FULL_10_ASFI_FINRURAL] t=1358.1s | pag=979 | files=1170 | data=745 | cola= 427 | prio=10 | https://appweb.asfi.gob.bo/reportes_asp/RMI/tarjeta_balancegeneral_csv.asp?c=55135&f=20260331
[FULL_10_ASFI_FINRURAL] t=1358.7s | pag=979 | files=1170 | data=745 | cola= 426 | prio=10 | https://appweb.asfi.gob.bo/Reportes_asp/rmi/tarjeta.asp?c=53089&t=2
[FULL_10_ASFI_FINRURAL] t=1360.3s | pag=980 | files=1170 | data=746 | cola= 425 | prio=10 | https://appweb.asfi.gob.bo/reportes_asp/RMI/tarjeta_balancegeneral_csv.asp?c=53247&f=20260331
[FULL_10_ASFI_FINRURAL] t=1360.3s | pag=980 | files=1170 | data=746 | cola= 424 | prio=10 | https://appweb.asfi.gob.bo/Reportes_asp/rmi/tarjeta.asp?c=51944&t=2
[FULL_10_ASFI_FINRURAL] t=1363.1s | pag=981 | files=1170 | data=747 | cola= 423 | prio=10 | https://appweb.asfi.gob.bo/reportes_asp/RMI/tarjeta_balancegeneral_csv.asp?c=51944&f=20260331
[FULL_10_ASFI_FINRURAL] t=1363.1s | pag=981 | files=1170 | data=747 | cola= 422 | prio=10 | https://appweb.asfi.gob.bo/Reportes_asp/rmi/tarjeta.asp?c=51932&t=2
[FULL_10_ASFI_FINRURAL] t=1366.5s | pag=982 | files=1170 | data=748 | cola= 421 | prio=10 | https://appweb.asfi.gob.bo/reportes_asp/RMI/tarjeta_balancegeneral_csv.asp?c=51932&f=20260331
[FULL_10_ASFI_FINRURAL] t=1366.6s | pag=982 | files=1170 | data=748 | cola= 420 | prio=10 | https://appweb.asfi.gob.bo/Reportes_asp/rmi/tarjeta.asp?c=52537&t=2
[FULL_10_ASFI_FINRURAL] t=1370.9s | pag=983 | files=1170 | data=749 | cola= 419 | prio=10 | https://appweb.asfi.gob.bo/reportes_asp/RMI/tarjeta_balancegeneral_csv.asp?c=52678&f=20260331
[FULL_10_ASFI_FINRURAL] t=1371.1s | pag=983 | files=1170 | data=749 | cola= 418 | prio=10 | https://appweb.asfi.gob.bo/Reportes_asp/rmi/tarjeta.asp?c=53422&t=2
[FULL_10_ASFI_FINRURAL] DATASETS=750 | data_html_table | https://appweb.asfi.gob.bo/Reportes_asp/rmi/tarjeta.asp?c=53422&t=2
[FULL_10_ASFI_FINRURAL] t=1373.0s | pag=984 | files=1170 | data=750 | cola= 417 | prio=10 | https://appweb.asfi.gob.bo/reportes_asp/RMI/tarjeta_balancegeneral_csv.asp?c=53540&f=20260331
[FULL_10_ASFI_FINRURAL] t=1373.0s | pag=984 | files=1170 | data=750 | cola= 416 | prio=10 | https://appweb.asfi.gob.bo/Reportes_asp/rmi/tarjeta.asp?c=53307&t=3
[FULL_10_ASFI_FINRURAL] t=1374.3s | pag=985 | files=1170 | data=751 | cola= 417 | prio=10 | https://appweb.asfi.gob.bo/Reportes_asp/rmi/tarjeta.asp?c=52173&t=2
[FULL_10_ASFI_FINRURAL] t=1376.7s | pag=986 | files=1170 | data=752 | cola= 416 | prio=10 | https://appweb.asfi.gob.bo/reportes_asp/RMI/tarjeta_balancegeneral_csv.asp?c=52076&f=20260331
[FULL_10_ASFI_FINRURAL] t=1376.7s | pag=986 | files=1170 | data=752 | cola= 415 | prio=10 | https://appweb.asfi.gob.bo/Reportes_asp/rmi/tarjeta.asp?c=53132&t=2
[FULL_10_ASFI_FINRURAL] t=1378.1s | pag=987 | files=1170 | data=753 | cola= 414 | prio=10 | https://appweb.asfi.gob.bo/reportes_asp/RMI/tarjeta_balancegeneral_csv.asp?c=53276&f=20260331
[FULL_10_ASFI_FINRURAL] t=1378.8s | pag=987 | files=1170 | data=753 | cola= 413 | prio=10 | https://appweb.asfi.gob.bo/Reportes_asp/rmi/tarjeta.asp?c=52757&t=2
[FULL_10_ASFI_FINRURAL] t=1381.1s | pag=988 | files=1170 | data=754 | cola= 412 | prio=10 | https://appweb.asfi.gob.bo/reportes_asp/RMI/tarjeta_balancegeneral_csv.asp?c=52823&f=20260331
[FULL_10_ASFI_FINRURAL] t=1381.2s | pag=988 | files=1170 | data=754 | cola= 411 | prio=10 | https://appweb.asfi.gob.bo/Reportes_asp/rmi/tarjeta.asp?c=52961&t=3
[FULL_10_ASFI_FINRURAL] t=1383.1s | pag=989 | files=1170 | data=755 | cola= 412 | prio=10 | https://appweb.asfi.gob.bo/Reportes_asp/rmi/tarjeta.asp?c=53307&t=2
[FULL_10_ASFI_FINRURAL] t=1384.5s | pag=990 | files=1170 | data=756 | cola= 411 | prio=10 | https://appweb.asfi.gob.bo/reportes_asp/RMI/tarjeta_balancegeneral_csv.asp?c=53419&f=20260331
[FULL_10_ASFI_FINRURAL] t=1384.7s | pag=990 | files=1170 | data=756 | cola= 410 | prio=10 | https://appweb.asfi.gob.bo/Reportes_asp/rmi/tarjeta.asp?c=52961&t=2
[FULL_10_ASFI_FINRURAL] t=1386.8s | pag=991 | files=1170 | data=757 | cola= 409 | prio=10 | https://appweb.asfi.gob.bo/reportes_asp/RMI/tarjeta_balancegeneral_csv.asp?c=52961&f=20260331
[FULL_10_ASFI_FINRURAL] t=1386.8s | pag=991 | files=1170 | data=757 | cola= 408 | prio=50 | https://www.asfi.gob.bo/pb/reglamentos-internos-fondos-inversion
[FULL_10_ASFI_FINRURAL] t=1387.6s | pag=992 | files=1170 | data=757 | cola= 431 | prio=50 | https://www.asfi.gob.bo/la/empresas-supervisadas
[FULL_10_ASFI_FINRURAL] t=1388.3s | pag=993 | files=1177 | data=757 | cola= 430 | prio=50 | https://www.asfi.gob.bo/pb/sociedades-controladoras-grupos-financieros
[FULL_10_ASFI_FINRURAL] t=1388.7s | pag=994 | files=1178 | data=757 | cola= 438 | prio=50 | https://www.asfi.gob.bo/pb/estados-financieros
[FULL_10_ASFI_FINRURAL] t=1389.6s | pag=995 | files=1178 | data=757 | cola= 528 | prio=50 | https://barometro.asfi.gob.bo/
[FULL_10_ASFI_FINRURAL] t=1390.7s | pag=996 | files=1178 | data=757 | cola= 537 | prio=10 | https://barometro.asfi.gob.bo/cifras-principales
[FULL_10_ASFI_FINRURAL] t=1391.2s | pag=997 | files=1178 | data=757 | cola= 536 | prio=10 | https://barometro.asfi.gob.bo/articles/20260818-transformacion-financiera-la-paz-el-alto
[FULL_10_ASFI_FINRURAL] t=1391.7s | pag=998 | files=1178 | data=757 | cola= 535 | prio=10 | https://barometro.asfi.gob.bo/articles/20260727-experiencia-billeteras-moviles
[FULL_10_ASFI_FINRURAL] t=1392.5s | pag=999 | files=1178 | data=757 | cola= 534 | prio=50 | https://www.asfi.gob.bo/pagina-de-direcciones
[FULL_10_ASFI_FINRURAL] t=1393.1s | pag=1000 | files=1178 | data=757 | cola= 534 | prio=40 | https://www.asfi.gob.bo/pagina-de-direcciones?page=1
[FULL_10_ASFI_FINRURAL] t=1393.6s | pag=1001 | files=1178 | data=757 | cola= 534 | prio=40 | https://www.asfi.gob.bo/pagina-de-direcciones?page=0
[FULL_10_ASFI_FINRURAL] t=1394.5s | pag=1002 | files=1178 | data=757 | cola= 533 | prio=50 | https://www.asfi.gob.bo/pb/responsables-recibir-consultas
[FULL_10_ASFI_FINRURAL] t=1394.9s | pag=1003 | files=1178 | data=757 | cola= 532 | prio=50 | https://www.asfi.gob.bo/pb/numeros-telefono-y-call-center
[FULL_10_ASFI_FINRURAL] t=1395.5s | pag=1004 | files=1178 | data=757 | cola= 531 | prio=50 | https://www.asfi.gob.bo/pb/correo-electronico-y-redes-sociales
[FULL_10_ASFI_FINRURAL] t=1396.2s | pag=1005 | files=1178 | data=757 | cola= 530 | prio=50 | https://www.asfi.gob.bo/pb/recepcion-correspondencia-firma-digital
[FULL_10_ASFI_FINRURAL] t=1396.6s | pag=1006 | files=1178 | data=757 | cola= 530 | prio=50 | https://www.asfi.gob.bo//node/1402
[FULL_10_ASFI_FINRURAL] t=1397.2s | pag=1007 | files=1178 | data=757 | cola= 529 | prio=50 | https://www.asfi.gob.bo//node/1394
[FULL_10_ASFI_FINRURAL] t=1398.2s | pag=1008 | files=1178 | data=757 | cola= 528 | prio=50 | https://www.asfi.gob.bo//node/1393
[FULL_10_ASFI_FINRURAL] t=1398.8s | pag=1009 | files=1178 | data=757 | cola= 527 | prio=50 | https://www.asfi.gob.bo/node/1010
[FULL_10_ASFI_FINRURAL] t=1399.6s | pag=1010 | files=1179 | data=757 | cola= 526 | prio=50 | https://www.asfi.gob.bo/node/1009
[FULL_10_ASFI_FINRURAL] t=1400.3s | pag=1011 | files=1180 | data=757 | cola= 525 | prio=50 | https://www.asfi.gob.bo/node/1065
[FULL_10_ASFI_FINRURAL] t=1401.1s | pag=1012 | files=1180 | data=757 | cola= 526 | prio=50 | https://www.asfi.gob.bo/node/949
[FULL_10_ASFI_FINRURAL] t=1401.6s | pag=1013 | files=1210 | data=757 | cola= 525 | prio=50 | https://www.asfi.gob.bo/node/1070
[FULL_10_ASFI_FINRURAL] t=1402.3s | pag=1014 | files=1212 | data=757 | cola= 524 | prio=50 | https://www.asfi.gob.bo/node/1071
[FULL_10_ASFI_FINRURAL] t=1402.7s | pag=1015 | files=1213 | data=757 | cola= 523 | prio=50 | https://www.asfi.gob.bo/node/1068
[FULL_10_ASFI_FINRURAL] t=1403.2s | pag=1016 | files=1214 | data=757 | cola= 522 | prio=50 | https://www.asfi.gob.bo/node/1069
[FULL_10_ASFI_FINRURAL] t=1403.8s | pag=1017 | files=1215 | data=757 | cola= 521 | prio=50 | https://asfidigital.asfi.gob.bo/
[FULL_10_ASFI_FINRURAL] t=1404.4s | pag=1018 | files=1215 | data=757 | cola= 520 | prio=50 | https://www.asfi.gob.bo/enlaces-de-interes
[FULL_10_ASFI_FINRURAL] t=1405.4s | pag=1019 | files=1215 | data=757 | cola= 523 | prio=10 | https://www.asfi.gob.bo/ei/plataforma-reporta-tu-tranca
[FULL_10_ASFI_FINRURAL] t=1406.2s | pag=1020 | files=1215 | data=757 | cola= 522 | prio=10 | https://www.asfi.gob.bo/ei/unidad-investigaciones-financieras
[FULL_10_ASFI_FINRURAL] t=1406.8s | pag=1021 | files=1215 | data=757 | cola= 521 | prio=50 | https://www.asfi.gob.bo/terminos-y-condiciones
[FULL_10_ASFI_FINRURAL] t=1407.6s | pag=1021 | files=1215 | data=757 | cola= 520 | prio=50 | https://www.asfi.gob.bo/sitemap
[FULL_10_ASFI_FINRURAL] t=1408.5s | pag=1021 | files=1215 | data=757 | cola= 519 | prio=50 | https://www.asfi.gob.bo/node/753
[FULL_10_ASFI_FINRURAL] t=1409.9s | pag=1022 | files=1216 | data=757 | cola= 518 | prio=50 | https://www.asfi.gob.bo/node/762
[FULL_10_ASFI_FINRURAL] t=1410.3s | pag=1023 | files=1217 | data=757 | cola= 517 | prio=50 | https://www.asfi.gob.bo/node/763
[FULL_10_ASFI_FINRURAL] t=1411.0s | pag=1024 | files=1217 | data=757 | cola= 516 | prio=50 | https://www.asfi.gob.bo/node/764
[FULL_10_ASFI_FINRURAL] t=1411.4s | pag=1025 | files=1218 | data=757 | cola= 515 | prio=50 | https://www.asfi.gob.bo/node/765
[FULL_10_ASFI_FINRURAL] t=1412.0s | pag=1026 | files=1218 | data=757 | cola= 514 | prio=50 | https://www.asfi.gob.bo/node/766
[FULL_10_ASFI_FINRURAL] t=1412.7s | pag=1027 | files=1218 | data=757 | cola= 513 | prio=50 | https://www.asfi.gob.bo/node/767
[FULL_10_ASFI_FINRURAL] t=1413.5s | pag=1028 | files=1224 | data=757 | cola= 512 | prio=50 | https://www.asfi.gob.bo/node/768
[FULL_10_ASFI_FINRURAL] t=1414.4s | pag=1029 | files=1224 | data=757 | cola= 511 | prio=50 | https://www.asfi.gob.bo/node/769
[FULL_10_ASFI_FINRURAL] t=1415.2s | pag=1030 | files=1224 | data=757 | cola= 510 | prio=50 | https://www.asfi.gob.bo/node/433
[FULL_10_ASFI_FINRURAL] t=1416.1s | pag=1031 | files=1228 | data=757 | cola= 509 | prio=50 | https://www.asfi.gob.bo/node/432
[FULL_10_ASFI_FINRURAL] t=1417.2s | pag=1032 | files=1232 | data=757 | cola= 508 | prio=50 | https://www.asfi.gob.bo/node/431
[FULL_10_ASFI_FINRURAL] t=1417.7s | pag=1033 | files=1236 | data=757 | cola= 507 | prio=50 | https://www.asfi.gob.bo/node/430
[FULL_10_ASFI_FINRURAL] t=1418.2s | pag=1034 | files=1240 | data=757 | cola= 506 | prio=50 | https://www.asfi.gob.bo/node/429
[FULL_10_ASFI_FINRURAL] t=1418.6s | pag=1035 | files=1244 | data=757 | cola= 505 | prio=50 | https://www.asfi.gob.bo/node/428
[FULL_10_ASFI_FINRURAL] t=1419.6s | pag=1036 | files=1248 | data=757 | cola= 504 | prio=50 | https://www.asfi.gob.bo/node/427
[FULL_10_ASFI_FINRURAL] t=1420.5s | pag=1037 | files=1252 | data=757 | cola= 503 | prio=50 | https://www.asfi.gob.bo/node/426
[FULL_10_ASFI_FINRURAL] t=1421.4s | pag=1038 | files=1256 | data=757 | cola= 502 | prio=50 | https://www.asfi.gob.bo/node/425
[FULL_10_ASFI_FINRURAL] t=1422.3s | pag=1039 | files=1260 | data=757 | cola= 501 | prio=50 | https://www.asfi.gob.bo/node/424
[FULL_10_ASFI_FINRURAL] t=1423.3s | pag=1040 | files=1264 | data=757 | cola= 500 | prio=50 | https://www.asfi.gob.bo/node/423
[FULL_10_ASFI_FINRURAL] t=1423.9s | pag=1041 | files=1268 | data=757 | cola= 499 | prio=50 | https://www.asfi.gob.bo/node/422
[FULL_10_ASFI_FINRURAL] t=1424.5s | pag=1042 | files=1272 | data=757 | cola= 498 | prio=50 | https://www.asfi.gob.bo/node/421
[FULL_10_ASFI_FINRURAL] t=1425.2s | pag=1043 | files=1276 | data=757 | cola= 497 | prio=50 | https://www.asfi.gob.bo/node/420
[FULL_10_ASFI_FINRURAL] t=1425.8s | pag=1044 | files=1280 | data=757 | cola= 496 | prio=50 | https://www.asfi.gob.bo/node/419
[FULL_10_ASFI_FINRURAL] t=1426.2s | pag=1045 | files=1284 | data=757 | cola= 495 | prio=50 | https://www.asfi.gob.bo/node/418
[FULL_10_ASFI_FINRURAL] t=1427.2s | pag=1046 | files=1288 | data=757 | cola= 494 | prio=50 | https://www.asfi.gob.bo/node/417
[FULL_10_ASFI_FINRURAL] t=1428.1s | pag=1047 | files=1292 | data=757 | cola= 493 | prio=50 | https://www.asfi.gob.bo/node/399
[FULL_10_ASFI_FINRURAL] t=1429.0s | pag=1048 | files=1294 | data=757 | cola= 492 | prio=50 | https://www.asfi.gob.bo/ef/capsulas-informativas
[FULL_10_ASFI_FINRURAL] t=1429.8s | pag=1049 | files=1294 | data=757 | cola= 491 | prio=50 | https://www.asfi.gob.bo/ef/contenidos-educativos
[FULL_10_ASFI_FINRURAL] t=1430.7s | pag=1050 | files=1309 | data=757 | cola= 490 | prio=50 | https://www.asfi.gob.bo/ef/videos
[FULL_10_ASFI_FINRURAL] t=1431.7s | pag=1051 | files=1309 | data=757 | cola= 489 | prio=50 | https://www.asfi.gob.bo/ef/actividades-educacion
[FULL_10_ASFI_FINRURAL] t=1432.3s | pag=1052 | files=1309 | data=757 | cola= 488 | prio=50 | https://www.asfi.gob.bo/la/resoluciones-entidades-liquidacion
[FULL_10_ASFI_FINRURAL] t=1432.8s | pag=1053 | files=1310 | data=757 | cola= 487 | prio=50 | https://www.asfi.gob.bo/pb/prospectos
[FULL_10_ASFI_FINRURAL] t=1433.7s | pag=1054 | files=1310 | data=757 | cola= 571 | prio=50 | https://www.asfi.gob.bo/la/calificaciones-riesgo
[FULL_10_ASFI_FINRURAL] t=1434.6s | pag=1055 | files=1311 | data=757 | cola= 571 | prio=10 | https://appweb2.asfi.gob.bo/PaginasPublicas2/VistaCalificaciones/ReporteCalificacionesRiesgo.aspx?Mercado=MV
[FULL_10_ASFI_FINRURAL] t=1436.3s | pag=1056 | files=1311 | data=758 | cola= 570 | prio=50 | https://www.asfi.gob.bo/la/procedimientos-inscripcion
[FULL_10_ASFI_FINRURAL] t=1436.7s | pag=1057 | files=1314 | data=758 | cola= 569 | prio=50 | https://www.asfi.gob.bo/la/documentos-y-formularios
[FULL_10_ASFI_FINRURAL] t=1437.4s | pag=1058 | files=1322 | data=758 | cola= 568 | prio=50 | https://www.asfi.gob.bo/la/resoluciones-caducidad
[FULL_10_ASFI_FINRURAL] t=1437.9s | pag=1059 | files=1336 | data=758 | cola= 567 | prio=50 | https://www.asfi.gob.bo/la/resoluciones-prohibicion-realizar-operaciones
[FULL_10_ASFI_FINRURAL] t=1438.6s | pag=1060 | files=1339 | data=758 | cola= 566 | prio=50 | https://www.asfi.gob.bo/la/resoluciones-rechazo-constitucion
[FULL_10_ASFI_FINRURAL] t=1439.5s | pag=1061 | files=1350 | data=758 | cola= 565 | prio=50 | https://www.asfi.gob.bo/la/resoluciones-revocatoria
[FULL_10_ASFI_FINRURAL] t=1440.0s | pag=1062 | files=1370 | data=758 | cola= 564 | prio=50 | https://www.asfi.gob.bo/node/1064
[FULL_10_ASFI_FINRURAL] t=1445.0s | pag=1063 | files=1378 | data=758 | cola= 563 | prio=50 | https://www.asfi.gob.bo/node/1007
[FULL_10_ASFI_FINRURAL] t=1445.6s | pag=1064 | files=1378 | data=758 | cola= 578 | prio=50 | https://www.asfi.gob.bo/pb/carta-informativa
[FULL_10_ASFI_FINRURAL] t=1446.3s | pag=1065 | files=1408 | data=758 | cola= 577 | prio=50 | https://www.asfi.gob.bo/node/1005
[FULL_10_ASFI_FINRURAL] t=1447.1s | pag=1066 | files=1419 | data=758 | cola= 576 | prio=50 | https://www.asfi.gob.bo/la/separatas-departamentales
[FULL_10_ASFI_FINRURAL] t=1447.4s | pag=1067 | files=1428 | data=758 | cola= 575 | prio=50 | https://www.asfi.gob.bo/la/inversiones
[FULL_10_ASFI_FINRURAL] t=1463.0s | pag=1068 | files=1439 | data=758 | cola= 574 | prio=50 | https://www.asfi.gob.bo/node/1046
[FULL_10_ASFI_FINRURAL] t=1463.8s | pag=1069 | files=1441 | data=758 | cola= 573 | prio=50 | https://www.asfi.gob.bo/node/1051
[FULL_10_ASFI_FINRURAL] t=1485.3s | pag=1070 | files=1458 | data=758 | cola= 572 | prio=50 | https://www.asfi.gob.bo/la/atencion-reclamos-y-consultas
[FULL_10_ASFI_FINRURAL] t=1485.8s | pag=1071 | files=1459 | data=758 | cola= 571 | prio=50 | https://www.asfi.gob.bo/la/hechos-relevantes-2026
[FULL_10_ASFI_FINRURAL] t=1487.0s | pag=1072 | files=1459 | data=758 | cola= 571 | prio=10 | https://appweb2.asfi.gob.bo/PaginasPublicas2/VistaHechosRelevantes/ListaPublicacionHechoRelevante.aspx?Gestion=2026
[FULL_10_ASFI_FINRURAL] t=1502.4s | pag=1072 | files=1459 | data=758 | cola= 570 | prio=50 | https://www.asfi.gob.bo/node/470
[FULL_10_ASFI_FINRURAL] t=1503.5s | pag=1073 | files=1459 | data=758 | cola= 570 | prio=10 | https://appweb2.asfi.gob.bo/PaginasPublicas2/VistaHechosRelevantes/ListaPublicacionHechoRelevante.aspx?Gestion=2025
[FULL_10_ASFI_FINRURAL] t=1519.1s | pag=1073 | files=1459 | data=758 | cola= 569 | prio=50 | https://www.asfi.gob.bo/node/469
[FULL_10_ASFI_FINRURAL] t=1520.1s | pag=1074 | files=1459 | data=758 | cola= 569 | prio=10 | https://appweb2.asfi.gob.bo/PaginasPublicas2/VistaHechosRelevantes/ListaPublicacionHechoRelevante.aspx?Gestion=2024
[FULL_10_ASFI_FINRURAL] t=1536.2s | pag=1074 | files=1459 | data=758 | cola= 568 | prio=50 | https://www.asfi.gob.bo/node/468
[FULL_10_ASFI_FINRURAL] t=1536.8s | pag=1075 | files=1459 | data=758 | cola= 568 | prio=10 | https://appweb2.asfi.gob.bo/PaginasPublicas2/VistaHechosRelevantes/ListaPublicacionHechoRelevante.aspx?Gestion=2023
[FULL_10_ASFI_FINRURAL] t=1552.8s | pag=1075 | files=1459 | data=758 | cola= 567 | prio=50 | https://www.asfi.gob.bo/node/467
[FULL_10_ASFI_FINRURAL] t=1553.5s | pag=1076 | files=1459 | data=758 | cola= 567 | prio=10 | https://appweb2.asfi.gob.bo/PaginasPublicas2/VistaHechosRelevantes/ListaPublicacionHechoRelevante.aspx?Gestion=2022
[FULL_10_ASFI_FINRURAL] t=1569.6s | pag=1076 | files=1459 | data=758 | cola= 566 | prio=50 | https://www.asfi.gob.bo/node/466
[FULL_10_ASFI_FINRURAL] t=1570.2s | pag=1077 | files=1459 | data=758 | cola= 566 | prio=10 | https://appweb2.asfi.gob.bo/PaginasPublicas2/VistaHechosRelevantes/ListaPublicacionHechoRelevante.aspx?Gestion=2021
[FULL_10_ASFI_FINRURAL] t=1586.3s | pag=1077 | files=1459 | data=758 | cola= 565 | prio=50 | https://www.asfi.gob.bo/node/465
[FULL_10_ASFI_FINRURAL] t=1587.3s | pag=1078 | files=1459 | data=758 | cola= 565 | prio=10 | https://appweb2.asfi.gob.bo/PaginasPublicas2/VistaHechosRelevantes/ListaPublicacionHechoRelevante.aspx?Gestion=2020
[FULL_10_ASFI_FINRURAL] t=1603.2s | pag=1078 | files=1459 | data=758 | cola= 564 | prio=50 | https://www.asfi.gob.bo/node/464
[FULL_10_ASFI_FINRURAL] t=1603.8s | pag=1079 | files=1459 | data=758 | cola= 564 | prio=10 | https://appweb2.asfi.gob.bo/PaginasPublicas2/VistaHechosRelevantes/ListaPublicacionHechoRelevante.aspx?Gestion=2019
[FULL_10_ASFI_FINRURAL] t=1619.4s | pag=1079 | files=1459 | data=758 | cola= 563 | prio=50 | https://www.asfi.gob.bo/node/463
[FULL_10_ASFI_FINRURAL] t=1619.9s | pag=1080 | files=1459 | data=758 | cola= 563 | prio=10 | https://appweb2.asfi.gob.bo/PaginasPublicas2/VistaHechosRelevantes/ListaPublicacionHechoRelevante.aspx?Gestion=2018
[FULL_10_ASFI_FINRURAL] t=1635.5s | pag=1080 | files=1459 | data=758 | cola= 562 | prio=50 | https://www.asfi.gob.bo/node/462
[FULL_10_ASFI_FINRURAL] t=1636.5s | pag=1081 | files=1459 | data=758 | cola= 562 | prio=10 | https://appweb2.asfi.gob.bo/PaginasPublicas2/VistaHechosRelevantes/ListaPublicacionHechoRelevante.aspx?Gestion=2017
[FULL_10_ASFI_FINRURAL] t=1652.4s | pag=1081 | files=1459 | data=758 | cola= 561 | prio=50 | https://www.asfi.gob.bo/node/461
[FULL_10_ASFI_FINRURAL] t=1653.4s | pag=1082 | files=1459 | data=758 | cola= 561 | prio=10 | https://appweb2.asfi.gob.bo/PaginasPublicas2/VistaHechosRelevantes/ListaPublicacionHechoRelevante.aspx?Gestion=2016
[FULL_10_ASFI_FINRURAL] t=1669.3s | pag=1082 | files=1459 | data=758 | cola= 560 | prio=50 | https://www.asfi.gob.bo/node/460
[FULL_10_ASFI_FINRURAL] t=1670.4s | pag=1083 | files=1459 | data=758 | cola= 560 | prio=10 | https://appweb2.asfi.gob.bo/PaginasPublicas2/VistaHechosRelevantes/ListaPublicacionHechoRelevante.aspx?Gestion=2015
[FULL_10_ASFI_FINRURAL] t=1685.9s | pag=1083 | files=1459 | data=758 | cola= 559 | prio=50 | https://www.asfi.gob.bo/pb/bancos-hasta-21072014
[FULL_10_ASFI_FINRURAL] t=1686.8s | pag=1084 | files=1459 | data=758 | cola= 558 | prio=50 | https://www.asfi.gob.bo/pb/fondos-financieros-privados-hasta-21072014
[FULL_10_ASFI_FINRURAL] t=1687.7s | pag=1085 | files=1459 | data=758 | cola= 557 | prio=50 | https://www.asfi.gob.bo/pb/mutuales-ahorro-y-prestamo-hasta-20112015
[FULL_10_ASFI_FINRURAL] t=1688.6s | pag=1086 | files=1459 | data=758 | cola= 556 | prio=50 | https://www.asfi.gob.bo/la/entidades-segundo-piso
[FULL_10_ASFI_FINRURAL] t=1689.5s | pag=1087 | files=1459 | data=758 | cola= 557 | prio=50 | https://www.asfi.gob.bo/pb/bancos-multiples
[FULL_10_ASFI_FINRURAL] t=1690.4s | pag=1088 | files=1459 | data=758 | cola= 556 | prio=50 | https://www.asfi.gob.bo/pb/bancos-pyme
[FULL_10_ASFI_FINRURAL] t=1690.9s | pag=1089 | files=1459 | data=758 | cola= 555 | prio=50 | https://www.asfi.gob.bo/pb/cooperativas-ahorro-y-credito-abiertas
[FULL_10_ASFI_FINRURAL] t=1691.8s | pag=1090 | files=1459 | data=758 | cola= 554 | prio=50 | https://www.asfi.gob.bo/pb/bancos-desarrollo-productivo
[FULL_10_ASFI_FINRURAL] t=1692.1s | pag=1091 | files=1459 | data=758 | cola= 553 | prio=50 | https://www.asfi.gob.bo/pb/estados-financieros-resumidos
[FULL_10_ASFI_FINRURAL] t=1692.7s | pag=1092 | files=1459 | data=758 | cola= 563 | prio=50 | https://www.asfi.gob.bo/pb/banco-central-bolivia
[FULL_10_ASFI_FINRURAL] t=1693.4s | pag=1093 | files=1459 | data=758 | cola= 573 | prio=50 | https://www.asfi.gob.bo/pb/fogavisp-fogacp-y-fogagre
[FULL_10_ASFI_FINRURAL] t=1694.2s | pag=1094 | files=1459 | data=758 | cola= 581 | prio=50 | https://appweb2.asfi.gob.bo/paginaspublicas2/VistaCartera/Cartera.aspx
[FULL_10_ASFI_FINRURAL] t=1695.5s | pag=1095 | files=1459 | data=758 | cola= 580 | prio=50 | https://www.asfi.gob.bo/node/498
[FULL_10_ASFI_FINRURAL] t=1711.0s | pag=1096 | files=1471 | data=759 | cola= 579 | prio=50 | https://www.asfi.gob.bo/node/499
[FULL_10_ASFI_FINRURAL] t=1711.6s | pag=1097 | files=1483 | data=760 | cola= 578 | prio=50 | https://www.asfi.gob.bo/node/500
[FULL_10_ASFI_FINRURAL] t=1712.2s | pag=1098 | files=1495 | data=761 | cola= 577 | prio=50 | https://www.asfi.gob.bo/node/501
[FULL_10_ASFI_FINRURAL] t=1713.0s | pag=1099 | files=1507 | data=762 | cola= 576 | prio=50 | https://www.asfi.gob.bo/node/502
[FULL_10_ASFI_FINRURAL] t=1713.4s | pag=1100 | files=1519 | data=763 | cola= 575 | prio=50 | https://www.asfi.gob.bo/node/503
[FULL_10_ASFI_FINRURAL] t=1714.0s | pag=1101 | files=1531 | data=764 | cola= 574 | prio=50 | https://www.asfi.gob.bo/node/504
[FULL_10_ASFI_FINRURAL] t=1714.6s | pag=1102 | files=1543 | data=765 | cola= 573 | prio=50 | https://www.asfi.gob.bo/node/505
[FULL_10_ASFI_FINRURAL] t=1715.4s | pag=1103 | files=1555 | data=766 | cola= 572 | prio=50 | https://www.asfi.gob.bo/node/506
[FULL_10_ASFI_FINRURAL] t=1716.3s | pag=1104 | files=1566 | data=767 | cola= 571 | prio=50 | https://www.asfi.gob.bo/node/507
[FULL_10_ASFI_FINRURAL] t=1717.1s | pag=1105 | files=1578 | data=768 | cola= 570 | prio=50 | https://www.asfi.gob.bo/node/508
[FULL_10_ASFI_FINRURAL] t=1718.1s | pag=1106 | files=1590 | data=769 | cola= 569 | prio=50 | https://www.asfi.gob.bo/la/2deg-reclamos-atendidos-asfi-segunda-instancia-2026
[FULL_10_ASFI_FINRURAL] t=1721.4s | pag=1107 | files=1592 | data=769 | cola= 568 | prio=50 | https://www.asfi.gob.bo/la/3deg-procesos-sancionatorios-2026
[FULL_10_ASFI_FINRURAL] t=1723.5s | pag=1108 | files=1593 | data=769 | cola= 567 | prio=50 | https://www.asfi.gob.bo/node/960
[FULL_10_ASFI_FINRURAL] t=1726.8s | pag=1109 | files=1595 | data=769 | cola= 566 | prio=50 | https://www.asfi.gob.bo/node/961
[FULL_10_ASFI_FINRURAL] t=1728.6s | pag=1110 | files=1596 | data=769 | cola= 565 | prio=50 | https://www.asfi.gob.bo/node/963
[FULL_10_ASFI_FINRURAL] t=1729.1s | pag=1111 | files=1598 | data=769 | cola= 564 | prio=50 | https://www.asfi.gob.bo/node/964
[FULL_10_ASFI_FINRURAL] t=1729.5s | pag=1112 | files=1599 | data=769 | cola= 563 | prio=50 | https://www.asfi.gob.bo/node/966
[FULL_10_ASFI_FINRURAL] t=1730.0s | pag=1113 | files=1601 | data=769 | cola= 562 | prio=50 | https://www.asfi.gob.bo/node/967
[FULL_10_ASFI_FINRURAL] t=1730.4s | pag=1114 | files=1602 | data=769 | cola= 561 | prio=50 | https://www.asfi.gob.bo/node/969
[FULL_10_ASFI_FINRURAL] t=1731.1s | pag=1115 | files=1604 | data=769 | cola= 560 | prio=50 | https://www.asfi.gob.bo/node/970
[FULL_10_ASFI_FINRURAL] t=1731.4s | pag=1116 | files=1605 | data=769 | cola= 559 | prio=50 | https://www.asfi.gob.bo/node/972
[FULL_10_ASFI_FINRURAL] t=1731.9s | pag=1117 | files=1607 | data=769 | cola= 558 | prio=50 | https://www.asfi.gob.bo/node/973
[FULL_10_ASFI_FINRURAL] t=1732.8s | pag=1118 | files=1607 | data=769 | cola= 557 | prio=50 | https://www.asfi.gob.bo/node/975
[FULL_10_ASFI_FINRURAL] t=1733.3s | pag=1119 | files=1609 | data=769 | cola= 556 | prio=50 | https://www.asfi.gob.bo/node/976
[FULL_10_ASFI_FINRURAL] t=1734.1s | pag=1120 | files=1609 | data=769 | cola= 555 | prio=50 | https://www.asfi.gob.bo/node/978
[FULL_10_ASFI_FINRURAL] t=1734.5s | pag=1121 | files=1611 | data=769 | cola= 554 | prio=50 | https://www.asfi.gob.bo/node/979
[FULL_10_ASFI_FINRURAL] t=1735.1s | pag=1122 | files=1611 | data=769 | cola= 553 | prio=50 | https://www.asfi.gob.bo/node/981
[FULL_10_ASFI_FINRURAL] t=1735.6s | pag=1123 | files=1613 | data=769 | cola= 552 | prio=50 | https://www.asfi.gob.bo/node/982
[FULL_10_ASFI_FINRURAL] t=1736.0s | pag=1124 | files=1613 | data=769 | cola= 551 | prio=50 | https://www.asfi.gob.bo/node/984
[FULL_10_ASFI_FINRURAL] t=1737.0s | pag=1125 | files=1615 | data=769 | cola= 550 | prio=50 | https://www.asfi.gob.bo/node/985
[FULL_10_ASFI_FINRURAL] t=1738.0s | pag=1126 | files=1615 | data=769 | cola= 549 | prio=50 | https://www.asfi.gob.bo/node/987
[FULL_10_ASFI_FINRURAL] t=1738.9s | pag=1127 | files=1617 | data=769 | cola= 548 | prio=50 | https://www.asfi.gob.bo/node/988
[FULL_10_ASFI_FINRURAL] t=1739.8s | pag=1128 | files=1617 | data=769 | cola= 547 | prio=50 | https://www.asfi.gob.bo/node/990
[FULL_10_ASFI_FINRURAL] t=1740.5s | pag=1129 | files=1619 | data=769 | cola= 546 | prio=50 | https://www.asfi.gob.bo/node/991
[FULL_10_ASFI_FINRURAL] t=1741.1s | pag=1130 | files=1619 | data=769 | cola= 545 | prio=50 | https://www.asfi.gob.bo/node/993
[FULL_10_ASFI_FINRURAL] t=1741.9s | pag=1131 | files=1621 | data=769 | cola= 544 | prio=50 | https://www.asfi.gob.bo/node/994
[FULL_10_ASFI_FINRURAL] t=1742.4s | pag=1132 | files=1621 | data=769 | cola= 543 | prio=50 | https://www.asfi.gob.bo//pagina-poa?field_tipos_poa_value=poa_institucional
[FULL_10_ASFI_FINRURAL] t=1743.1s | pag=1133 | files=1621 | data=769 | cola= 542 | prio=50 | https://www.asfi.gob.bo//pagina-poa?field_tipos_poa_value=poa_por_unidad_organizacional
[FULL_10_ASFI_FINRURAL] t=1744.2s | pag=1134 | files=1621 | data=769 | cola= 541 | prio=50 | https://www.asfi.gob.bo//node/1368
[FULL_10_ASFI_FINRURAL] t=1744.9s | pag=1135 | files=1621 | data=769 | cola= 540 | prio=50 | https://www.asfi.gob.bo//node/1367
[FULL_10_ASFI_FINRURAL] t=1745.7s | pag=1136 | files=1621 | data=769 | cola= 539 | prio=50 | https://www.asfi.gob.bo//node/1365
[FULL_10_ASFI_FINRURAL] t=1746.1s | pag=1137 | files=1621 | data=769 | cola= 538 | prio=50 | https://www.asfi.gob.bo//node/1362
[FULL_10_ASFI_FINRURAL] t=1746.7s | pag=1138 | files=1621 | data=769 | cola= 537 | prio=50 | https://www.asfi.gob.bo//node/1348
[FULL_10_ASFI_FINRURAL] t=1747.7s | pag=1139 | files=1621 | data=769 | cola= 536 | prio=50 | https://www.asfi.gob.bo//node/1347
[FULL_10_ASFI_FINRURAL] t=1748.6s | pag=1140 | files=1621 | data=769 | cola= 535 | prio=50 | https://www.asfi.gob.bo//node/1322
[FULL_10_ASFI_FINRURAL] t=1749.2s | pag=1141 | files=1621 | data=769 | cola= 534 | prio=50 | https://www.asfi.gob.bo//node/1299
[FULL_10_ASFI_FINRURAL] t=1750.1s | pag=1142 | files=1621 | data=769 | cola= 533 | prio=50 | https://www.asfi.gob.bo//node/1298
[FULL_10_ASFI_FINRURAL] t=1750.7s | pag=1143 | files=1621 | data=769 | cola= 532 | prio=50 | https://www.asfi.gob.bo//node/1296
[FULL_10_ASFI_FINRURAL] t=1751.7s | pag=1144 | files=1621 | data=769 | cola= 531 | prio=50 | https://www.asfi.gob.bo//node/1180
[FULL_10_ASFI_FINRURAL] t=1752.7s | pag=1145 | files=1621 | data=769 | cola= 530 | prio=50 | https://www.asfi.gob.bo//node/1179
[FULL_10_ASFI_FINRURAL] t=1753.7s | pag=1146 | files=1621 | data=769 | cola= 529 | prio=50 | https://www.asfi.gob.bo//node/1178
[FULL_10_ASFI_FINRURAL] t=1754.4s | pag=1147 | files=1621 | data=769 | cola= 528 | prio=50 | https://www.asfi.gob.bo//node/1177
[FULL_10_ASFI_FINRURAL] t=1755.2s | pag=1148 | files=1621 | data=769 | cola= 527 | prio=50 | https://www.asfi.gob.bo//node/1176
[FULL_10_ASFI_FINRURAL] t=1755.8s | pag=1149 | files=1621 | data=769 | cola= 526 | prio=50 | https://www.asfi.gob.bo//node/1175
[FULL_10_ASFI_FINRURAL] t=1756.4s | pag=1150 | files=1621 | data=769 | cola= 525 | prio=50 | https://www.asfi.gob.bo//node/857
[FULL_10_ASFI_FINRURAL] t=1757.4s | pag=1151 | files=1621 | data=769 | cola= 524 | prio=50 | https://www.asfi.gob.bo//node/59
[FULL_10_ASFI_FINRURAL] t=1758.3s | pag=1152 | files=1621 | data=769 | cola= 523 | prio=50 | https://www.asfi.gob.bo//node/58
[FULL_10_ASFI_FINRURAL] t=1758.9s | pag=1153 | files=1621 | data=769 | cola= 522 | prio=50 | https://www.asfi.gob.bo//node/50
[FULL_10_ASFI_FINRURAL] t=1759.8s | pag=1154 | files=1621 | data=769 | cola= 521 | prio=50 | https://www.asfi.gob.bo//node/49
[FULL_10_ASFI_FINRURAL] t=1760.3s | pag=1155 | files=1621 | data=769 | cola= 520 | prio=50 | https://www.asfi.gob.bo//node/24
[FULL_10_ASFI_FINRURAL] t=1760.8s | pag=1156 | files=1621 | data=769 | cola= 519 | prio=50 | https://www.asfi.gob.bo/pagina-de-banco-de-trabajo-de-investigacion
[FULL_10_ASFI_FINRURAL] t=1761.7s | pag=1157 | files=1630 | data=769 | cola= 519 | prio=40 | https://www.asfi.gob.bo/pagina-de-banco-de-trabajo-de-investigacion?page=1
[FULL_10_ASFI_FINRURAL] t=1762.5s | pag=1158 | files=1635 | data=769 | cola= 519 | prio=40 | https://www.asfi.gob.bo/pagina-de-banco-de-trabajo-de-investigacion?page=0
[FULL_10_ASFI_FINRURAL] t=1763.4s | pag=1159 | files=1635 | data=769 | cola= 518 | prio=50 | https://www.asfi.gob.bo/node/31
[FULL_10_ASFI_FINRURAL] t=1764.0s | pag=1160 | files=1635 | data=769 | cola= 517 | prio=50 | https://www.asfi.gob.bo/node/401
[FULL_10_ASFI_FINRURAL] t=1764.5s | pag=1161 | files=1636 | data=769 | cola= 516 | prio=50 | https://appweb2.asfi.gob.bo/PaginasPublicas2/VistaRedinorm/RegistroSuscriptores.aspx
[FULL_10_ASFI_FINRURAL] t=1765.1s | pag=1162 | files=1636 | data=769 | cola= 515 | prio=50 | https://www.asfi.gob.bo/pb/leyes-referidas-servicios-financieros
[FULL_10_ASFI_FINRURAL] t=1766.0s | pag=1163 | files=1667 | data=769 | cola= 514 | prio=50 | https://www.asfi.gob.bo/pb/decretos-supremos-referidos-servicios-financieros
[FULL_10_ASFI_FINRURAL] t=1767.8s | pag=1164 | files=1769 | data=769 | cola= 513 | prio=50 | https://www.asfi.gob.bo/node/953
[FULL_10_ASFI_FINRURAL] t=1768.3s | pag=1165 | files=1771 | data=770 | cola= 512 | prio=50 | https://www.asfi.gob.bo/node/954
[FULL_10_ASFI_FINRURAL] t=1770.4s | pag=1166 | files=1777 | data=771 | cola= 511 | prio=50 | https://www.asfi.gob.bo/node/955
[FULL_10_ASFI_FINRURAL] t=1771.0s | pag=1166 | files=1777 | data=771 | cola= 510 | prio=50 | https://www.asfi.gob.bo/node/956
[FULL_10_ASFI_FINRURAL] t=1772.0s | pag=1167 | files=1779 | data=771 | cola= 509 | prio=50 | https://appweb2.asfi.gob.bo/PaginasPublicas2/VistaCentralReclamosSanciones/RegistroReclamo.aspx
[FULL_10_ASFI_FINRURAL] t=1782.3s | pag=1168 | files=1779 | data=771 | cola= 508 | prio=50 | https://appweb2.asfi.gob.bo/paginaspublicas2/VistaCentralReclamosSanciones/ConsultaReclamos.aspx
[FULL_10_ASFI_FINRURAL] t=1782.6s | pag=1169 | files=1779 | data=771 | cola= 507 | prio=50 | https://appweb2.asfi.gob.bo/Paginaspublicas2/vistacontratos/busquedacontratos.aspx
[FULL_10_ASFI_FINRURAL] t=1789.2s | pag=1170 | files=1779 | data=771 | cola= 506 | prio=50 | https://asfi.gob.bo/
[FULL_10_ASFI_FINRURAL] t=1789.9s | pag=1171 | files=1779 | data=771 | cola= 515 | prio=50 | https://asfi.gob.bo/pagina-memoria-institucional
[FULL_10_ASFI_FINRURAL] t=1790.3s | pag=1172 | files=1789 | data=771 | cola= 517 | prio=40 | https://asfi.gob.bo/pagina-memoria-institucional?page=1
[FULL_10_ASFI_FINRURAL] t=1790.8s | pag=1173 | files=1799 | data=771 | cola= 517 | prio=40 | https://asfi.gob.bo/pagina-memoria-institucional?page=2
[FULL_10_ASFI_FINRURAL] t=1791.4s | pag=1174 | files=1809 | data=771 | cola= 516 | prio=40 | https://asfi.gob.bo/pagina-memoria-institucional?page=3
[FULL_10_ASFI_FINRURAL] t=1792.1s | pag=1175 | files=1815 | data=771 | cola= 515 | prio=40 | https://asfi.gob.bo/pagina-memoria-institucional?page=0
[FULL_10_ASFI_FINRURAL] t=1793.1s | pag=1176 | files=1815 | data=771 | cola= 514 | prio=50 | https://asfi.gob.bo/pb/objetivos-institucionales
[FULL_10_ASFI_FINRURAL] t=1794.1s | pag=1177 | files=1815 | data=771 | cola= 513 | prio=50 | https://asfi.gob.bo/pb/informacion-mae
[FULL_10_ASFI_FINRURAL] t=1795.0s | pag=1178 | files=1815 | data=771 | cola= 512 | prio=50 | https://asfi.gob.bo/la/politica-calidad
[FULL_10_ASFI_FINRURAL] t=1795.9s | pag=1179 | files=1815 | data=771 | cola= 511 | prio=50 | https://asfi.gob.bo/pb/plan-estrategico-institucional-pei
[FULL_10_ASFI_FINRURAL] t=1796.7s | pag=1180 | files=1816 | data=771 | cola= 510 | prio=50 | https://asfi.gob.bo/pagina-poa
[FULL_10_ASFI_FINRURAL] t=1797.1s | pag=1181 | files=1819 | data=771 | cola= 511 | prio=50 | https://asfi.gob.bo/la/seguimiento-y-evaluacion-al-poa
[FULL_10_ASFI_FINRURAL] t=1797.6s | pag=1182 | files=1845 | data=771 | cola= 510 | prio=50 | https://asfi.gob.bo/la/mapa-procesos
[FULL_10_ASFI_FINRURAL] t=1798.1s | pag=1183 | files=1846 | data=771 | cola= 509 | prio=50 | https://asfi.gob.bo/pb/plan-implementacion-software-libre-y-estandares-abiertos-pislea
[FULL_10_ASFI_FINRURAL] t=1798.7s | pag=1184 | files=1847 | data=771 | cola= 508 | prio=50 | https://asfi.gob.bo/presupuesto-institucional
[FULL_10_ASFI_FINRURAL] t=1799.1s | pag=1185 | files=1849 | data=771 | cola= 507 | prio=50 | https://asfi.gob.bo/pb/ejecucion-presupuestaria
[FULL_10_ASFI_FINRURAL] t=1799.6s | pag=1186 | files=1849 | data=771 | cola= 506 | prio=50 | https://asfi.gob.bo/pb/fuentes-financiamiento
[FULL_10_ASFI_FINRURAL] t=1800.5s | pag=1187 | files=1852 | data=771 | cola= 505 | prio=50 | https://asfi.gob.bo/la/balance-general
[FULL_10_ASFI_FINRURAL] t=1801.2s | pag=1188 | files=1858 | data=771 | cola= 504 | prio=50 | https://asfi.gob.bo/auditorias
[FULL_10_ASFI_FINRURAL] t=1801.6s | pag=1189 | files=1900 | data=771 | cola= 507 | prio=40 | https://asfi.gob.bo/auditorias?page=1
[FULL_10_ASFI_FINRURAL] t=1802.5s | pag=1190 | files=1973 | data=771 | cola= 507 | prio=40 | https://asfi.gob.bo/auditorias?page=2
[FULL_10_ASFI_FINRURAL] t=1802.9s | pag=1191 | files=2032 | data=771 | cola= 506 | prio=40 | https://asfi.gob.bo/auditorias?page=3
[FULL_10_ASFI_FINRURAL] t=1803.7s | pag=1192 | files=2088 | data=771 | cola= 505 | prio=40 | https://asfi.gob.bo/auditorias?page=4
[FULL_10_ASFI_FINRURAL] t=1804.3s | pag=1193 | files=2090 | data=771 | cola= 504 | prio=40 | https://asfi.gob.bo/auditorias?page=0
[FULL_10_ASFI_FINRURAL] t=1805.2s | pag=1194 | files=2090 | data=771 | cola= 503 | prio=50 | https://asfi.gob.bo/pb/gestion-denuncias-actoshechos-corrupcion
[FULL_10_ASFI_FINRURAL] t=1805.9s | pag=1195 | files=2091 | data=771 | cola= 502 | prio=50 | https://asfi.gob.bo/form/solicitud-de-informacion
[FULL_10_ASFI_FINRURAL] t=1806.8s | pag=1196 | files=2091 | data=771 | cola= 501 | prio=50 | https://asfi.gob.bo/rendicion
[FULL_10_ASFI_FINRURAL] t=1807.3s | pag=1197 | files=2101 | data=771 | cola= 502 | prio=40 | https://asfi.gob.bo/rendicion?page=1
[FULL_10_ASFI_FINRURAL] t=1807.7s | pag=1198 | files=2118 | data=771 | cola= 502 | prio=40 | https://asfi.gob.bo/rendicion?page=2
[FULL_10_ASFI_FINRURAL] t=1808.3s | pag=1199 | files=2128 | data=771 | cola= 501 | prio=40 | https://asfi.gob.bo/rendicion?page=0
[FULL_10_ASFI_FINRURAL] t=1809.0s | pag=1200 | files=2128 | data=771 | cola= 500 | prio=50 | https://asfi.gob.bo/p-gina-de-notas-de-prensa
[FULL_10_ASFI_FINRURAL] t=1809.5s | pag=1201 | files=2128 | data=771 | cola= 507 | prio=40 | https://asfi.gob.bo/p-gina-de-notas-de-prensa?page=1
[FULL_10_ASFI_FINRURAL] t=1810.4s | pag=1202 | files=2128 | data=771 | cola= 516 | prio=40 | https://asfi.gob.bo/p-gina-de-notas-de-prensa?page=2
[FULL_10_ASFI_FINRURAL] t=1811.1s | pag=1203 | files=2128 | data=771 | cola= 522 | prio=40 | https://asfi.gob.bo/p-gina-de-notas-de-prensa?page=0
[FULL_10_ASFI_FINRURAL] t=1812.1s | pag=1204 | files=2128 | data=771 | cola= 521 | prio=50 | https://asfi.gob.bo/pagina-de-revistas
[FULL_10_ASFI_FINRURAL] t=1812.7s | pag=1205 | files=2130 | data=771 | cola= 520 | prio=50 | https://asfi.gob.bo/pb/trabajos-investigacion
[FULL_10_ASFI_FINRURAL] t=1813.3s | pag=1206 | files=2130 | data=771 | cola= 522 | prio=10 | https://asfi.gob.bo/pb/publicaciones
[FULL_10_ASFI_FINRURAL] t=1814.0s | pag=1207 | files=2134 | data=771 | cola= 521 | prio=10 | https://asfi.gob.bo/pagina-de-otras-publicaciones
[FULL_10_ASFI_FINRURAL] t=1814.5s | pag=1208 | files=2136 | data=771 | cola= 520 | prio=50 | https://asfi.gob.bo/pagina-lista-articulos
[FULL_10_ASFI_FINRURAL] t=1815.3s | pag=1209 | files=2145 | data=771 | cola= 528 | prio=40 | https://asfi.gob.bo/pagina-lista-articulos?page=1
[FULL_10_ASFI_FINRURAL] t=1815.7s | pag=1210 | files=2154 | data=771 | cola= 528 | prio=40 | https://asfi.gob.bo/pagina-lista-articulos?page=2
[FULL_10_ASFI_FINRURAL] t=1816.6s | pag=1211 | files=2163 | data=771 | cola= 527 | prio=40 | https://asfi.gob.bo/pagina-lista-articulos?page=3
[FULL_10_ASFI_FINRURAL] t=1817.2s | pag=1212 | files=2172 | data=771 | cola= 526 | prio=40 | https://asfi.gob.bo/pagina-lista-articulos?page=4
[FULL_10_ASFI_FINRURAL] t=1818.0s | pag=1213 | files=2181 | data=771 | cola= 525 | prio=40 | https://asfi.gob.bo/pagina-lista-articulos?page=5
[FULL_10_ASFI_FINRURAL] t=1818.7s | pag=1214 | files=2190 | data=771 | cola= 525 | prio=40 | https://asfi.gob.bo/pagina-lista-articulos?page=6
[FULL_10_ASFI_FINRURAL] t=1819.2s | pag=1215 | files=2198 | data=771 | cola= 525 | prio=40 | https://asfi.gob.bo/pagina-lista-articulos?page=7
[FULL_10_ASFI_FINRURAL] t=1819.7s | pag=1216 | files=2204 | data=771 | cola= 525 | prio=40 | https://asfi.gob.bo/pagina-lista-articulos?page=8
[FULL_10_ASFI_FINRURAL] t=1820.2s | pag=1217 | files=2213 | data=771 | cola= 525 | prio=40 | https://asfi.gob.bo/pagina-lista-articulos?page=40
[FULL_10_ASFI_FINRURAL] t=1821.1s | pag=1218 | files=2214 | data=771 | cola= 532 | prio=40 | https://asfi.gob.bo/pagina-lista-articulos?page=0
[FULL_10_ASFI_FINRURAL] t=1821.5s | pag=1219 | files=2214 | data=771 | cola= 531 | prio=40 | https://asfi.gob.bo/pagina-lista-articulos?page=9
[FULL_10_ASFI_FINRURAL] t=1822.3s | pag=1220 | files=2220 | data=771 | cola= 531 | prio=40 | https://asfi.gob.bo/pagina-lista-articulos?page=10
[FULL_10_ASFI_FINRURAL] t=1823.1s | pag=1221 | files=2223 | data=771 | cola= 531 | prio=40 | https://asfi.gob.bo/pagina-lista-articulos?page=11
[FULL_10_ASFI_FINRURAL] t=1824.0s | pag=1222 | files=2227 | data=771 | cola= 531 | prio=40 | https://asfi.gob.bo/pagina-lista-articulos?page=12
[FULL_10_ASFI_FINRURAL] t=1824.5s | pag=1223 | files=2227 | data=771 | cola= 531 | prio=40 | https://asfi.gob.bo/pagina-lista-articulos?page=39
[FULL_10_ASFI_FINRURAL] t=1825.5s | pag=1224 | files=2236 | data=771 | cola= 530 | prio=40 | https://asfi.gob.bo/pagina-lista-articulos?page=32
[FULL_10_ASFI_FINRURAL] t=1825.9s | pag=1225 | files=2245 | data=771 | cola= 533 | prio=40 | https://asfi.gob.bo/pagina-lista-articulos?page=33
[FULL_10_ASFI_FINRURAL] t=1826.7s | pag=1226 | files=2254 | data=771 | cola= 532 | prio=40 | https://asfi.gob.bo/pagina-lista-articulos?page=34
[FULL_10_ASFI_FINRURAL] t=1827.4s | pag=1227 | files=2263 | data=771 | cola= 531 | prio=40 | https://asfi.gob.bo/pagina-lista-articulos?page=35
[FULL_10_ASFI_FINRURAL] t=1828.0s | pag=1228 | files=2272 | data=771 | cola= 530 | prio=40 | https://asfi.gob.bo/pagina-lista-articulos?page=36
[FULL_10_ASFI_FINRURAL] t=1828.4s | pag=1229 | files=2280 | data=771 | cola= 529 | prio=40 | https://asfi.gob.bo/pagina-lista-articulos?page=37
[FULL_10_ASFI_FINRURAL] t=1829.3s | pag=1230 | files=2289 | data=771 | cola= 528 | prio=40 | https://asfi.gob.bo/pagina-lista-articulos?page=38
[FULL_10_ASFI_FINRURAL] t=1830.0s | pag=1231 | files=2298 | data=771 | cola= 527 | prio=40 | https://asfi.gob.bo/pagina-lista-articulos?page=13
[FULL_10_ASFI_FINRURAL] t=1830.6s | pag=1232 | files=2307 | data=771 | cola= 527 | prio=40 | https://asfi.gob.bo/pagina-lista-articulos?page=14
[FULL_10_ASFI_FINRURAL] t=1831.3s | pag=1233 | files=2316 | data=771 | cola= 527 | prio=40 | https://asfi.gob.bo/pagina-lista-articulos?page=15
[FULL_10_ASFI_FINRURAL] t=1832.0s | pag=1234 | files=2325 | data=771 | cola= 527 | prio=40 | https://asfi.gob.bo/pagina-lista-articulos?page=16
[FULL_10_ASFI_FINRURAL] t=1832.7s | pag=1235 | files=2334 | data=771 | cola= 527 | prio=40 | https://asfi.gob.bo/pagina-lista-articulos?page=31
[FULL_10_ASFI_FINRURAL] t=1833.9s | pag=1236 | files=2343 | data=771 | cola= 527 | prio=40 | https://asfi.gob.bo/pagina-lista-articulos?page=28
[FULL_10_ASFI_FINRURAL] t=1834.4s | pag=1237 | files=2352 | data=771 | cola= 529 | prio=40 | https://asfi.gob.bo/pagina-lista-articulos?page=29
[FULL_10_ASFI_FINRURAL] t=1835.2s | pag=1238 | files=2361 | data=771 | cola= 528 | prio=40 | https://asfi.gob.bo/pagina-lista-articulos?page=30
[FULL_10_ASFI_FINRURAL] t=1836.0s | pag=1239 | files=2370 | data=771 | cola= 527 | prio=40 | https://asfi.gob.bo/pagina-lista-articulos?page=17
[FULL_10_ASFI_FINRURAL] t=1836.7s | pag=1240 | files=2379 | data=771 | cola= 527 | prio=40 | https://asfi.gob.bo/pagina-lista-articulos?page=18
[FULL_10_ASFI_FINRURAL] t=1837.4s | pag=1241 | files=2388 | data=771 | cola= 527 | prio=40 | https://asfi.gob.bo/pagina-lista-articulos?page=19
[FULL_10_ASFI_FINRURAL] t=1838.3s | pag=1242 | files=2397 | data=771 | cola= 527 | prio=40 | https://asfi.gob.bo/pagina-lista-articulos?page=20
[FULL_10_ASFI_FINRURAL] t=1838.9s | pag=1243 | files=2406 | data=771 | cola= 526 | prio=40 | https://asfi.gob.bo/pagina-lista-articulos?page=27
[FULL_10_ASFI_FINRURAL] t=1839.9s | pag=1244 | files=2415 | data=771 | cola= 525 | prio=40 | https://asfi.gob.bo/pagina-lista-articulos?page=24
[FULL_10_ASFI_FINRURAL] t=1840.9s | pag=1245 | files=2424 | data=771 | cola= 524 | prio=40 | https://asfi.gob.bo/pagina-lista-articulos?page=25
[FULL_10_ASFI_FINRURAL] t=1841.6s | pag=1246 | files=2433 | data=771 | cola= 523 | prio=40 | https://asfi.gob.bo/pagina-lista-articulos?page=26
[FULL_10_ASFI_FINRURAL] t=1842.6s | pag=1247 | files=2442 | data=771 | cola= 522 | prio=40 | https://asfi.gob.bo/pagina-lista-articulos?page=21
[FULL_10_ASFI_FINRURAL] t=1843.5s | pag=1248 | files=2451 | data=771 | cola= 521 | prio=40 | https://asfi.gob.bo/pagina-lista-articulos?page=22
[FULL_10_ASFI_FINRURAL] t=1844.2s | pag=1249 | files=2460 | data=771 | cola= 520 | prio=40 | https://asfi.gob.bo/pagina-lista-articulos?page=23
[FULL_10_ASFI_FINRURAL] t=1845.1s | pag=1250 | files=2469 | data=771 | cola= 519 | prio=50 | https://asfi.gob.bo/pagina-lista-campanias
[FULL_10_ASFI_FINRURAL] t=1846.0s | pag=1251 | files=2469 | data=771 | cola= 530 | prio=40 | https://asfi.gob.bo/pagina-lista-campanias?page=1
[FULL_10_ASFI_FINRURAL] t=1846.5s | pag=1252 | files=2469 | data=771 | cola= 539 | prio=40 | https://asfi.gob.bo/pagina-lista-campanias?page=2
[FULL_10_ASFI_FINRURAL] t=1847.0s | pag=1253 | files=2469 | data=771 | cola= 548 | prio=40 | https://asfi.gob.bo/pagina-lista-campanias?page=4
[FULL_10_ASFI_FINRURAL] t=1847.5s | pag=1254 | files=2469 | data=771 | cola= 549 | prio=40 | https://asfi.gob.bo/pagina-lista-campanias?page=0
[FULL_10_ASFI_FINRURAL] t=1848.3s | pag=1255 | files=2469 | data=771 | cola= 548 | prio=40 | https://asfi.gob.bo/pagina-lista-campanias?page=3
[FULL_10_ASFI_FINRURAL] t=1849.1s | pag=1256 | files=2469 | data=771 | cola= 556 | prio=50 | https://asfi.gob.bo/pagina-de-comunicados
[FULL_10_ASFI_FINRURAL] t=1850.0s | pag=1257 | files=2479 | data=771 | cola= 556 | prio=40 | https://asfi.gob.bo/pagina-de-comunicados?page=1
[FULL_10_ASFI_FINRURAL] t=1850.5s | pag=1258 | files=2487 | data=771 | cola= 556 | prio=40 | https://asfi.gob.bo/pagina-de-comunicados?page=0
[FULL_10_ASFI_FINRURAL] t=1851.4s | pag=1259 | files=2487 | data=771 | cola= 555 | prio=50 | https://asfi.gob.bo/pb/spots-institucionales
[FULL_10_ASFI_FINRURAL] t=1852.0s | pag=1260 | files=2487 | data=771 | cola= 554 | prio=50 | https://asfi.gob.bo/pb/organigrama-institucional
[FULL_10_ASFI_FINRURAL] t=1852.5s | pag=1261 | files=2487 | data=771 | cola= 553 | prio=50 | https://asfi.gob.bo/la/nomina-servidores
[FULL_10_ASFI_FINRURAL] t=1853.4s | pag=1262 | files=2488 | data=771 | cola= 552 | prio=50 | https://asfi.gob.bo/escala-salarial
[FULL_10_ASFI_FINRURAL] t=1854.2s | pag=1263 | files=2491 | data=771 | cola= 551 | prio=50 | https://asfi.gob.bo/manual-de-organizaci-n-funcional
[FULL_10_ASFI_FINRURAL] t=1854.6s | pag=1264 | files=2492 | data=771 | cola= 550 | prio=50 | https://asfi.gob.bo/manual-de-procedimiento
[FULL_10_ASFI_FINRURAL] t=1855.1s | pag=1265 | files=2493 | data=771 | cola= 549 | prio=50 | https://asfi.gob.bo/poais
[FULL_10_ASFI_FINRURAL] t=1855.6s | pag=1266 | files=2494 | data=771 | cola= 549 | prio=50 | https://asfi.gob.bo/la/manual-puestos
[FULL_10_ASFI_FINRURAL] t=1856.0s | pag=1267 | files=2517 | data=771 | cola= 548 | prio=50 | https://asfi.gob.bo/oportunidad-de-empleo
[FULL_10_ASFI_FINRURAL] t=1856.6s | pag=1268 | files=2517 | data=771 | cola= 547 | prio=50 | https://asfi.gob.bo/pb/terminos-referencia-consultores-linea
[FULL_10_ASFI_FINRURAL] t=1857.1s | pag=1269 | files=2517 | data=771 | cola= 546 | prio=50 | https://asfi.gob.bo/convocatorias
[FULL_10_ASFI_FINRURAL] t=1857.5s | pag=1270 | files=2527 | data=771 | cola= 548 | prio=40 | https://asfi.gob.bo/convocatorias?page=1
[FULL_10_ASFI_FINRURAL] t=1858.0s | pag=1271 | files=2537 | data=771 | cola= 548 | prio=40 | https://asfi.gob.bo/convocatorias?page=2
[FULL_10_ASFI_FINRURAL] t=1858.8s | pag=1272 | files=2547 | data=771 | cola= 548 | prio=40 | https://asfi.gob.bo/convocatorias?page=10
[FULL_10_ASFI_FINRURAL] t=1860.7s | pag=1273 | files=2548 | data=771 | cola= 549 | prio=40 | https://asfi.gob.bo/convocatorias?page=0
[FULL_10_ASFI_FINRURAL] t=1861.2s | pag=1274 | files=2548 | data=771 | cola= 548 | prio=40 | https://asfi.gob.bo/convocatorias?page=3
[FULL_10_ASFI_FINRURAL] t=1861.9s | pag=1275 | files=2558 | data=771 | cola= 548 | prio=40 | https://asfi.gob.bo/convocatorias?page=9
[FULL_10_ASFI_FINRURAL] t=1862.7s | pag=1276 | files=2568 | data=771 | cola= 547 | prio=40 | https://asfi.gob.bo/convocatorias?page=8
[FULL_10_ASFI_FINRURAL] t=1863.1s | pag=1277 | files=2578 | data=771 | cola= 547 | prio=40 | https://asfi.gob.bo/convocatorias?page=4
[FULL_10_ASFI_FINRURAL] t=1864.0s | pag=1278 | files=2588 | data=771 | cola= 547 | prio=40 | https://asfi.gob.bo/convocatorias?page=7
[FULL_10_ASFI_FINRURAL] t=1864.5s | pag=1279 | files=2598 | data=771 | cola= 547 | prio=40 | https://asfi.gob.bo/convocatorias?page=5
[FULL_10_ASFI_FINRURAL] t=1865.4s | pag=1280 | files=2608 | data=771 | cola= 546 | prio=40 | https://asfi.gob.bo/convocatorias?page=6
[FULL_10_ASFI_FINRURAL] t=1866.0s | pag=1281 | files=2618 | data=771 | cola= 545 | prio=50 | https://asfi.gob.bo/proveedores
[FULL_10_ASFI_FINRURAL] t=1866.9s | pag=1282 | files=2620 | data=771 | cola= 544 | prio=50 | https://asfi.gob.bo/pb/programa-anual-contrataciones
[FULL_10_ASFI_FINRURAL] t=1867.6s | pag=1283 | files=2622 | data=771 | cola= 543 | prio=50 | https://asfi.gob.bo/la/normativa-internacional
[FULL_10_ASFI_FINRURAL] t=1868.5s | pag=1284 | files=2622 | data=771 | cola= 542 | prio=50 | https://asfi.gob.bo/pb/reglamentos-vigentes
[FULL_10_ASFI_FINRURAL] t=1869.0s | pag=1285 | files=2629 | data=771 | cola= 541 | prio=50 | https://asfi.gob.bo/pb/servicios-financieros
[FULL_10_ASFI_FINRURAL] t=1869.5s | pag=1286 | files=2629 | data=771 | cola= 542 | prio=10 | https://asfi.gob.bo/node/402
[FULL_10_ASFI_FINRURAL] t=1869.9s | pag=1287 | files=2629 | data=771 | cola= 541 | prio=50 | https://asfi.gob.bo/pb/registro-suscriptores-al-servicio-comunicacion
[FULL_10_ASFI_FINRURAL] t=1870.8s | pag=1288 | files=2629 | data=771 | cola= 540 | prio=50 | https://asfi.gob.bo/pb/legislacion-y-disposiciones-para-regulados
[FULL_10_ASFI_FINRURAL] t=1871.6s | pag=1289 | files=2629 | data=771 | cola= 545 | prio=50 | https://asfi.gob.bo/pb/decretos
[FULL_10_ASFI_FINRURAL] t=1873.7s | pag=1290 | files=2701 | data=771 | cola= 544 | prio=50 | https://asfi.gob.bo/pb/normativa-nacional
[FULL_10_ASFI_FINRURAL] t=1874.4s | pag=1291 | files=2717 | data=771 | cola= 543 | prio=50 | https://asfi.gob.bo/pb/registro-y-seguimiento-reclamos
[FULL_10_ASFI_FINRURAL] t=1875.0s | pag=1292 | files=2717 | data=771 | cola= 542 | prio=50 | https://asfi.gob.bo/la/derechos-del-consumidor-financiero
[FULL_10_ASFI_FINRURAL] t=1875.8s | pag=1293 | files=2717 | data=771 | cola= 541 | prio=50 | https://asfi.gob.bo/la/cajeros-automaticos-para-personas-discapacidad
[FULL_10_ASFI_FINRURAL] t=1876.6s | pag=1294 | files=2719 | data=771 | cola= 540 | prio=50 | https://asfi.gob.bo/la/lineamientos-para-enif
[FULL_10_ASFI_FINRURAL] t=1877.5s | pag=1295 | files=2720 | data=771 | cola= 539 | prio=50 | https://asfi.gob.bo/pb/contratos-modelo-para-servicios-financieros
[FULL_10_ASFI_FINRURAL] t=1878.4s | pag=1296 | files=2720 | data=771 | cola= 538 | prio=50 | https://asfi.gob.bo/pb/tiempos-maximos-atencion-creditos
[FULL_10_ASFI_FINRURAL] t=1879.3s | pag=1297 | files=2744 | data=771 | cola= 537 | prio=50 | https://asfi.gob.bo/pb/entidades-supervisadas-if
[FULL_10_ASFI_FINRURAL] t=1880.0s | pag=1298 | files=2744 | data=771 | cola= 542 | prio=10 | https://asfi.gob.bo/la/entidades-intermediacion-financiera-licencia-funcionamiento
[FULL_10_ASFI_FINRURAL] t=1880.7s | pag=1299 | files=2755 | data=771 | cola= 541 | prio=10 | https://asfi.gob.bo/node/1003
[FULL_10_ASFI_FINRURAL] t=1881.4s | pag=1300 | files=2757 | data=771 | cola= 540 | prio=50 | https://asfi.gob.bo/pb/registros
[FULL_10_ASFI_FINRURAL] t=1882.2s | pag=1301 | files=2757 | data=771 | cola= 541 | prio=50 | https://asfi.gob.bo/la/cobertura-servicios-financieros
[FULL_10_ASFI_FINRURAL] t=1884.6s | pag=1302 | files=2758 | data=771 | cola= 540 | prio=50 | https://asfi.gob.bo/pb/entidades-supervisadas-mv
[FULL_10_ASFI_FINRURAL] t=1885.1s | pag=1303 | files=2758 | data=771 | cola= 542 | prio=10 | https://asfi.gob.bo/pb/entidades-inscritas-registro-del-mercado-valores
[FULL_10_ASFI_FINRURAL] t=1885.9s | pag=1304 | files=2758 | data=771 | cola= 541 | prio=50 | https://asfi.gob.bo/pb/reglamentos-internos-fondos-inversion
[FULL_10_ASFI_FINRURAL] t=1886.5s | pag=1305 | files=2758 | data=771 | cola= 563 | prio=50 | https://asfi.gob.bo/la/empresas-supervisadas
[FULL_10_ASFI_FINRURAL] t=1887.4s | pag=1306 | files=2765 | data=771 | cola= 562 | prio=50 | https://asfi.gob.bo/pb/sociedades-controladoras-grupos-financieros
[FULL_10_ASFI_FINRURAL] t=1888.1s | pag=1307 | files=2766 | data=771 | cola= 570 | prio=50 | https://asfi.gob.bo/pb/estados-financieros
[FULL_10_ASFI_FINRURAL] t=1888.5s | pag=1308 | files=2766 | data=771 | cola= 625 | prio=50 | https://asfi.gob.bo/pagina-de-direcciones
[FULL_10_ASFI_FINRURAL] t=1889.1s | pag=1309 | files=2766 | data=771 | cola= 625 | prio=40 | https://asfi.gob.bo/pagina-de-direcciones?page=1
[FULL_10_ASFI_FINRURAL] t=1889.5s | pag=1310 | files=2766 | data=771 | cola= 625 | prio=40 | https://asfi.gob.bo/pagina-de-direcciones?page=0
[FULL_10_ASFI_FINRURAL] t=1890.1s | pag=1311 | files=2766 | data=771 | cola= 624 | prio=50 | https://asfi.gob.bo/pb/responsables-recibir-consultas
[FULL_10_ASFI_FINRURAL] t=1890.6s | pag=1312 | files=2766 | data=771 | cola= 623 | prio=50 | https://asfi.gob.bo/pb/numeros-telefono-y-call-center
[FULL_10_ASFI_FINRURAL] t=1891.4s | pag=1313 | files=2766 | data=771 | cola= 622 | prio=50 | https://asfi.gob.bo/pb/correo-electronico-y-redes-sociales
[FULL_10_ASFI_FINRURAL] t=1891.8s | pag=1314 | files=2766 | data=771 | cola= 621 | prio=50 | https://asfi.gob.bo/pb/recepcion-correspondencia-firma-digital
[FULL_10_ASFI_FINRURAL] t=1892.6s | pag=1315 | files=2766 | data=771 | cola= 620 | prio=50 | https://asfi.gob.bo/terminos-y-condiciones
[FULL_10_ASFI_FINRURAL] t=1893.0s | pag=1315 | files=2766 | data=771 | cola= 619 | prio=50 | https://asfi.gob.bo/sitemap
[FULL_10_ASFI_FINRURAL] t=1893.8s | pag=1315 | files=2766 | data=771 | cola= 618 | prio=50 | https://asfi.gob.bo/node/753
[FULL_10_ASFI_FINRURAL] t=1895.0s | pag=1316 | files=2767 | data=771 | cola= 617 | prio=50 | https://asfi.gob.bo/node/762
[FULL_10_ASFI_FINRURAL] t=1895.6s | pag=1317 | files=2768 | data=771 | cola= 616 | prio=50 | https://asfi.gob.bo/node/763
[FULL_10_ASFI_FINRURAL] t=1896.4s | pag=1318 | files=2768 | data=771 | cola= 615 | prio=50 | https://asfi.gob.bo/node/764
[FULL_10_ASFI_FINRURAL] t=1897.2s | pag=1319 | files=2769 | data=771 | cola= 614 | prio=50 | https://asfi.gob.bo/node/765
[FULL_10_ASFI_FINRURAL] t=1897.9s | pag=1320 | files=2769 | data=771 | cola= 613 | prio=50 | https://asfi.gob.bo/node/766
[FULL_10_ASFI_FINRURAL] t=1898.5s | pag=1321 | files=2769 | data=771 | cola= 612 | prio=50 | https://asfi.gob.bo/node/767
[FULL_10_ASFI_FINRURAL] t=1899.4s | pag=1322 | files=2775 | data=771 | cola= 611 | prio=50 | https://asfi.gob.bo/node/768
[FULL_10_ASFI_FINRURAL] t=1899.9s | pag=1323 | files=2775 | data=771 | cola= 610 | prio=50 | https://asfi.gob.bo/node/769
[FULL_10_ASFI_FINRURAL] t=1900.8s | pag=1324 | files=2775 | data=771 | cola= 609 | prio=50 | https://asfi.gob.bo/node/433
[FULL_10_ASFI_FINRURAL] t=1901.3s | pag=1325 | files=2779 | data=771 | cola= 608 | prio=50 | https://asfi.gob.bo/node/432
[FULL_10_ASFI_FINRURAL] t=1902.0s | pag=1326 | files=2783 | data=771 | cola= 607 | prio=50 | https://asfi.gob.bo/node/431
[FULL_10_ASFI_FINRURAL] t=1902.8s | pag=1327 | files=2787 | data=771 | cola= 606 | prio=50 | https://asfi.gob.bo/node/430
[FULL_10_ASFI_FINRURAL] t=1903.6s | pag=1328 | files=2791 | data=771 | cola= 605 | prio=50 | https://asfi.gob.bo/node/429
[FULL_10_ASFI_FINRURAL] t=1904.6s | pag=1329 | files=2795 | data=771 | cola= 604 | prio=50 | https://asfi.gob.bo/node/428
[FULL_10_ASFI_FINRURAL] t=1905.2s | pag=1330 | files=2799 | data=771 | cola= 603 | prio=50 | https://asfi.gob.bo/node/427
[FULL_10_ASFI_FINRURAL] t=1906.1s | pag=1331 | files=2803 | data=771 | cola= 602 | prio=50 | https://asfi.gob.bo/node/426
[FULL_10_ASFI_FINRURAL] t=1906.5s | pag=1332 | files=2807 | data=771 | cola= 601 | prio=50 | https://asfi.gob.bo/node/425
[FULL_10_ASFI_FINRURAL] t=1907.4s | pag=1333 | files=2811 | data=771 | cola= 600 | prio=50 | https://asfi.gob.bo/node/424
[FULL_10_ASFI_FINRURAL] t=1908.3s | pag=1334 | files=2815 | data=771 | cola= 599 | prio=50 | https://asfi.gob.bo/node/423
[FULL_10_ASFI_FINRURAL] t=1909.2s | pag=1335 | files=2819 | data=771 | cola= 598 | prio=50 | https://asfi.gob.bo/node/422
[FULL_10_ASFI_FINRURAL] t=1910.1s | pag=1336 | files=2823 | data=771 | cola= 597 | prio=50 | https://asfi.gob.bo/node/421
[FULL_10_ASFI_FINRURAL] t=1910.5s | pag=1337 | files=2827 | data=771 | cola= 596 | prio=50 | https://asfi.gob.bo/node/420
[FULL_10_ASFI_FINRURAL] t=1910.9s | pag=1338 | files=2831 | data=771 | cola= 595 | prio=50 | https://asfi.gob.bo/node/419
[FULL_10_ASFI_FINRURAL] t=1911.6s | pag=1339 | files=2835 | data=771 | cola= 594 | prio=50 | https://asfi.gob.bo/node/418
[FULL_10_ASFI_FINRURAL] t=1912.5s | pag=1340 | files=2839 | data=771 | cola= 593 | prio=50 | https://asfi.gob.bo/node/417
[FULL_10_ASFI_FINRURAL] t=1912.8s | pag=1341 | files=2843 | data=771 | cola= 592 | prio=50 | https://asfi.gob.bo/node/399
[FULL_10_ASFI_FINRURAL] t=1913.2s | pag=1342 | files=2845 | data=771 | cola= 591 | prio=50 | https://asfi.gob.bo/ef/capsulas-informativas
[FULL_10_ASFI_FINRURAL] t=1913.7s | pag=1343 | files=2845 | data=771 | cola= 590 | prio=50 | https://asfi.gob.bo/ef/contenidos-educativos
[FULL_10_ASFI_FINRURAL] t=1914.6s | pag=1344 | files=2860 | data=771 | cola= 589 | prio=50 | https://asfi.gob.bo/ef/videos
[FULL_10_ASFI_FINRURAL] t=1915.2s | pag=1345 | files=2860 | data=771 | cola= 588 | prio=50 | https://asfi.gob.bo/ef/actividades-educacion
[FULL_10_ASFI_FINRURAL] t=1916.0s | pag=1346 | files=2860 | data=771 | cola= 587 | prio=50 | https://asfi.gob.bo/la/resoluciones-entidades-liquidacion
[FULL_10_ASFI_FINRURAL] t=1916.6s | pag=1347 | files=2861 | data=771 | cola= 586 | prio=50 | https://asfi.gob.bo/pb/prospectos
[FULL_10_ASFI_FINRURAL] t=1917.2s | pag=1348 | files=2861 | data=771 | cola= 670 | prio=50 | https://asfi.gob.bo/la/calificaciones-riesgo
[FULL_10_ASFI_FINRURAL] t=1918.2s | pag=1349 | files=2862 | data=771 | cola= 669 | prio=50 | https://asfi.gob.bo/la/procedimientos-inscripcion
[FULL_10_ASFI_FINRURAL] t=1918.7s | pag=1350 | files=2865 | data=771 | cola= 668 | prio=50 | https://asfi.gob.bo/la/documentos-y-formularios
[FULL_10_ASFI_FINRURAL] t=1919.1s | pag=1351 | files=2873 | data=771 | cola= 667 | prio=50 | https://asfi.gob.bo/la/resoluciones-caducidad
[FULL_10_ASFI_FINRURAL] t=1919.8s | pag=1352 | files=2887 | data=771 | cola= 666 | prio=50 | https://asfi.gob.bo/la/resoluciones-prohibicion-realizar-operaciones
[FULL_10_ASFI_FINRURAL] t=1920.6s | pag=1353 | files=2890 | data=771 | cola= 665 | prio=50 | https://asfi.gob.bo/la/resoluciones-rechazo-constitucion
[FULL_10_ASFI_FINRURAL] t=1921.1s | pag=1354 | files=2901 | data=771 | cola= 664 | prio=50 | https://asfi.gob.bo/la/resoluciones-revocatoria
[FULL_10_ASFI_FINRURAL] t=1922.0s | pag=1355 | files=2921 | data=771 | cola= 663 | prio=50 | https://asfi.gob.bo/node/1064
[FULL_10_ASFI_FINRURAL] t=1926.2s | pag=1356 | files=2929 | data=771 | cola= 662 | prio=50 | https://asfi.gob.bo/node/1009
[FULL_10_ASFI_FINRURAL] t=1927.1s | pag=1357 | files=2930 | data=771 | cola= 661 | prio=50 | https://asfi.gob.bo/node/1010
[FULL_10_ASFI_FINRURAL] t=1927.9s | pag=1358 | files=2931 | data=771 | cola= 660 | prio=50 | https://asfi.gob.bo/node/1007
[FULL_10_ASFI_FINRURAL] t=1928.7s | pag=1359 | files=2931 | data=771 | cola= 675 | prio=50 | https://asfi.gob.bo/pb/carta-informativa
[FULL_10_ASFI_FINRURAL] t=1929.2s | pag=1360 | files=2961 | data=771 | cola= 674 | prio=50 | https://asfi.gob.bo/node/1005
[FULL_10_ASFI_FINRURAL] t=1929.9s | pag=1361 | files=2972 | data=771 | cola= 673 | prio=50 | https://asfi.gob.bo/la/separatas-departamentales
[FULL_10_ASFI_FINRURAL] t=1930.5s | pag=1362 | files=2981 | data=771 | cola= 672 | prio=50 | https://asfi.gob.bo/la/inversiones
[FULL_10_ASFI_FINRURAL] t=1944.3s | pag=1363 | files=2992 | data=771 | cola= 671 | prio=50 | https://asfi.gob.bo/node/1046
[FULL_10_ASFI_FINRURAL] t=1945.1s | pag=1364 | files=2994 | data=771 | cola= 670 | prio=50 | https://asfi.gob.bo/node/1051
[FULL_10_ASFI_FINRURAL] t=1946.1s | pag=1365 | files=2994 | data=771 | cola= 669 | prio=50 | https://asfi.gob.bo/la/atencion-reclamos-y-consultas
[FULL_10_ASFI_FINRURAL] t=1946.9s | pag=1366 | files=2995 | data=771 | cola= 668 | prio=50 | https://asfi.gob.bo/la/hechos-relevantes-2026
[FULL_10_ASFI_FINRURAL] t=1947.8s | pag=1367 | files=2995 | data=771 | cola= 667 | prio=50 | https://asfi.gob.bo/node/470
[FULL_10_ASFI_FINRURAL] t=1948.6s | pag=1368 | files=2995 | data=771 | cola= 666 | prio=50 | https://asfi.gob.bo/node/469
[FULL_10_ASFI_FINRURAL] t=1949.1s | pag=1369 | files=2995 | data=771 | cola= 665 | prio=50 | https://asfi.gob.bo/node/468
[FULL_10_ASFI_FINRURAL] t=1950.0s | pag=1370 | files=2995 | data=771 | cola= 664 | prio=50 | https://asfi.gob.bo/node/467
[FULL_10_ASFI_FINRURAL] t=1950.8s | pag=1371 | files=2995 | data=771 | cola= 663 | prio=50 | https://asfi.gob.bo/node/466
[FULL_10_ASFI_FINRURAL] t=1951.7s | pag=1372 | files=2995 | data=771 | cola= 662 | prio=50 | https://asfi.gob.bo/node/465
[FULL_10_ASFI_FINRURAL] t=1952.6s | pag=1373 | files=2995 | data=771 | cola= 661 | prio=50 | https://asfi.gob.bo/node/464
[FULL_10_ASFI_FINRURAL] t=1953.2s | pag=1374 | files=2995 | data=771 | cola= 660 | prio=50 | https://asfi.gob.bo/node/463
[FULL_10_ASFI_FINRURAL] t=1953.8s | pag=1375 | files=2995 | data=771 | cola= 659 | prio=50 | https://asfi.gob.bo/node/462
[FULL_10_ASFI_FINRURAL] t=1954.3s | pag=1376 | files=2995 | data=771 | cola= 658 | prio=50 | https://asfi.gob.bo/node/461
[FULL_10_ASFI_FINRURAL] t=1955.1s | pag=1377 | files=2995 | data=771 | cola= 657 | prio=50 | https://asfi.gob.bo/node/460
[FULL_10_ASFI_FINRURAL] t=1955.9s | pag=1378 | files=2995 | data=771 | cola= 656 | prio=50 | https://asfi.gob.bo/pb/bancos-hasta-21072014
[FULL_10_ASFI_FINRURAL] t=1956.4s | pag=1379 | files=2995 | data=771 | cola= 655 | prio=50 | https://asfi.gob.bo/pb/fondos-financieros-privados-hasta-21072014
[FULL_10_ASFI_FINRURAL] t=1957.0s | pag=1380 | files=2995 | data=771 | cola= 654 | prio=50 | https://asfi.gob.bo/pb/mutuales-ahorro-y-prestamo-hasta-20112015
[FULL_10_ASFI_FINRURAL] t=1957.9s | pag=1381 | files=2995 | data=771 | cola= 653 | prio=50 | https://asfi.gob.bo/la/entidades-segundo-piso
[FULL_10_ASFI_FINRURAL] t=1958.6s | pag=1382 | files=2995 | data=771 | cola= 654 | prio=50 | https://asfi.gob.bo/pb/bancos-multiples
[FULL_10_ASFI_FINRURAL] t=1959.1s | pag=1383 | files=2995 | data=771 | cola= 653 | prio=50 | https://asfi.gob.bo/pb/bancos-pyme
[FULL_10_ASFI_FINRURAL] t=1959.7s | pag=1384 | files=2995 | data=771 | cola= 652 | prio=50 | https://asfi.gob.bo/pb/cooperativas-ahorro-y-credito-abiertas
[FULL_10_ASFI_FINRURAL] t=1960.2s | pag=1385 | files=2995 | data=771 | cola= 651 | prio=50 | https://asfi.gob.bo/pb/bancos-desarrollo-productivo
[FULL_10_ASFI_FINRURAL] t=1960.7s | pag=1386 | files=2995 | data=771 | cola= 650 | prio=50 | https://asfi.gob.bo/pb/estados-financieros-resumidos
[FULL_10_ASFI_FINRURAL] t=1961.5s | pag=1387 | files=2995 | data=771 | cola= 660 | prio=50 | https://asfi.gob.bo/pb/banco-central-bolivia
[FULL_10_ASFI_FINRURAL] t=1962.3s | pag=1388 | files=2995 | data=771 | cola= 670 | prio=50 | https://asfi.gob.bo/pb/fogavisp-fogacp-y-fogagre
[FULL_10_ASFI_FINRURAL] t=1962.9s | pag=1389 | files=2995 | data=771 | cola= 678 | prio=50 | https://asfi.gob.bo/node/498
[FULL_10_ASFI_FINRURAL] t=1980.0s | pag=1390 | files=3007 | data=772 | cola= 677 | prio=50 | https://asfi.gob.bo/node/499
[FULL_10_ASFI_FINRURAL] t=1980.6s | pag=1391 | files=3019 | data=773 | cola= 676 | prio=50 | https://asfi.gob.bo/node/500
[FULL_10_ASFI_FINRURAL] t=1981.2s | pag=1392 | files=3031 | data=774 | cola= 675 | prio=50 | https://asfi.gob.bo/node/501
[FULL_10_ASFI_FINRURAL] DATASETS=775 | data_html_table | https://asfi.gob.bo/node/501
[FULL_10_ASFI_FINRURAL] t=1982.2s | pag=1393 | files=3043 | data=775 | cola= 674 | prio=50 | https://asfi.gob.bo/node/502
[FULL_10_ASFI_FINRURAL] t=1983.2s | pag=1394 | files=3055 | data=776 | cola= 673 | prio=50 | https://asfi.gob.bo/node/503
[FULL_10_ASFI_FINRURAL] t=1983.6s | pag=1395 | files=3067 | data=777 | cola= 672 | prio=50 | https://asfi.gob.bo/node/504
[FULL_10_ASFI_FINRURAL] t=1984.0s | pag=1396 | files=3079 | data=778 | cola= 671 | prio=50 | https://asfi.gob.bo/node/505
[FULL_10_ASFI_FINRURAL] t=1984.5s | pag=1397 | files=3091 | data=779 | cola= 670 | prio=50 | https://asfi.gob.bo/node/506
[FULL_10_ASFI_FINRURAL] t=1984.9s | pag=1398 | files=3102 | data=780 | cola= 669 | prio=50 | https://asfi.gob.bo/node/507
[FULL_10_ASFI_FINRURAL] t=1985.8s | pag=1399 | files=3114 | data=781 | cola= 668 | prio=50 | https://asfi.gob.bo/node/508
[FULL_10_ASFI_FINRURAL] t=1986.3s | pag=1400 | files=3126 | data=782 | cola= 667 | prio=50 | https://asfi.gob.bo/la/2deg-reclamos-atendidos-asfi-segunda-instancia-2026
[FULL_10_ASFI_FINRURAL] t=1989.3s | pag=1401 | files=3128 | data=782 | cola= 666 | prio=50 | https://asfi.gob.bo/la/3deg-procesos-sancionatorios-2026
[FULL_10_ASFI_FINRURAL] t=1991.5s | pag=1402 | files=3129 | data=782 | cola= 665 | prio=50 | https://asfi.gob.bo/node/960
[FULL_10_ASFI_FINRURAL] t=1994.5s | pag=1403 | files=3131 | data=782 | cola= 664 | prio=50 | https://asfi.gob.bo/node/961
[FULL_10_ASFI_FINRURAL] t=1996.1s | pag=1404 | files=3132 | data=782 | cola= 663 | prio=50 | https://asfi.gob.bo/node/963
[FULL_10_ASFI_FINRURAL] t=1997.0s | pag=1405 | files=3134 | data=782 | cola= 662 | prio=50 | https://asfi.gob.bo/node/964
[FULL_10_ASFI_FINRURAL] t=1997.7s | pag=1406 | files=3135 | data=782 | cola= 661 | prio=50 | https://asfi.gob.bo/node/966
[FULL_10_ASFI_FINRURAL] t=1998.2s | pag=1407 | files=3137 | data=782 | cola= 660 | prio=50 | https://asfi.gob.bo/node/967
[FULL_10_ASFI_FINRURAL] t=1998.6s | pag=1408 | files=3138 | data=782 | cola= 659 | prio=50 | https://asfi.gob.bo/node/969
[FULL_10_ASFI_FINRURAL] t=1999.2s | pag=1409 | files=3140 | data=782 | cola= 658 | prio=50 | https://asfi.gob.bo/node/970
[FULL_10_ASFI_FINRURAL] t=2000.1s | pag=1410 | files=3141 | data=782 | cola= 657 | prio=50 | https://asfi.gob.bo/node/972
[FULL_10_ASFI_FINRURAL] t=2000.7s | pag=1411 | files=3143 | data=782 | cola= 656 | prio=50 | https://asfi.gob.bo/node/973
[FULL_10_ASFI_FINRURAL] t=2001.1s | pag=1412 | files=3143 | data=782 | cola= 655 | prio=50 | https://asfi.gob.bo/node/975
[FULL_10_ASFI_FINRURAL] t=2001.7s | pag=1413 | files=3145 | data=782 | cola= 654 | prio=50 | https://asfi.gob.bo/node/976
[FULL_10_ASFI_FINRURAL] t=2002.5s | pag=1414 | files=3145 | data=782 | cola= 653 | prio=50 | https://asfi.gob.bo/node/978
[FULL_10_ASFI_FINRURAL] t=2003.1s | pag=1415 | files=3147 | data=782 | cola= 652 | prio=50 | https://asfi.gob.bo/node/979
[FULL_10_ASFI_FINRURAL] t=2004.1s | pag=1416 | files=3147 | data=782 | cola= 651 | prio=50 | https://asfi.gob.bo/node/981
[FULL_10_ASFI_FINRURAL] t=2004.6s | pag=1417 | files=3149 | data=782 | cola= 650 | prio=50 | https://asfi.gob.bo/node/982
[FULL_10_ASFI_FINRURAL] t=2005.3s | pag=1418 | files=3149 | data=782 | cola= 649 | prio=50 | https://asfi.gob.bo/node/984
[FULL_10_ASFI_FINRURAL] t=2006.1s | pag=1419 | files=3151 | data=782 | cola= 648 | prio=50 | https://asfi.gob.bo/node/985
[FULL_10_ASFI_FINRURAL] t=2006.7s | pag=1420 | files=3151 | data=782 | cola= 647 | prio=50 | https://asfi.gob.bo/node/987
[FULL_10_ASFI_FINRURAL] t=2007.5s | pag=1421 | files=3153 | data=782 | cola= 646 | prio=50 | https://asfi.gob.bo/node/988
[FULL_10_ASFI_FINRURAL] t=2008.0s | pag=1422 | files=3153 | data=782 | cola= 645 | prio=50 | https://asfi.gob.bo/node/990
[FULL_10_ASFI_FINRURAL] t=2008.5s | pag=1423 | files=3155 | data=782 | cola= 644 | prio=50 | https://asfi.gob.bo/node/991
[FULL_10_ASFI_FINRURAL] t=2009.4s | pag=1424 | files=3155 | data=782 | cola= 643 | prio=50 | https://asfi.gob.bo/node/993
[FULL_10_ASFI_FINRURAL] t=2010.1s | pag=1425 | files=3157 | data=782 | cola= 642 | prio=50 | https://asfi.gob.bo/node/994
[FULL_10_ASFI_FINRURAL] t=2010.7s | pag=1426 | files=3157 | data=782 | cola= 641 | prio=50 | https://www.asfi.gob.bo/node/1000
[FULL_10_ASFI_FINRURAL] t=2011.7s | pag=1427 | files=3158 | data=782 | cola= 640 | prio=50 | https://www.asfi.gob.bo/pb/entidades-desestimadas-del-proceso-adecuacion
[FULL_10_ASFI_FINRURAL] t=2012.2s | pag=1428 | files=3160 | data=782 | cola= 639 | prio=50 | https://www.asfi.gob.bo/node/1002
[FULL_10_ASFI_FINRURAL] t=2013.2s | pag=1429 | files=3161 | data=782 | cola= 638 | prio=50 | https://www.asfi.gob.bo/la/siglas
[FULL_10_ASFI_FINRURAL] t=2013.6s | pag=1430 | files=3162 | data=782 | cola= 637 | prio=50 | https://www.asfi.gob.bo/pb/registro-firmas-auditoria-externa-autorizadas
[FULL_10_ASFI_FINRURAL] t=2014.2s | pag=1431 | files=3179 | data=782 | cola= 636 | prio=50 | https://www.asfi.gob.bo/node/1032
[FULL_10_ASFI_FINRURAL] t=2014.7s | pag=1432 | files=3179 | data=782 | cola= 635 | prio=50 | https://www.asfi.gob.bo/node/1034
[FULL_10_ASFI_FINRURAL] t=2015.2s | pag=1433 | files=3179 | data=782 | cola= 634 | prio=50 | https://www.asfi.gob.bo/node/1035
[FULL_10_ASFI_FINRURAL] t=2016.1s | pag=1434 | files=3183 | data=782 | cola= 633 | prio=50 | https://www.asfi.gob.bo/node/473
[FULL_10_ASFI_FINRURAL] t=2016.9s | pag=1435 | files=3196 | data=782 | cola= 632 | prio=50 | https://www.asfi.gob.bo/node/474
[FULL_10_ASFI_FINRURAL] t=2017.7s | pag=1436 | files=3198 | data=782 | cola= 631 | prio=50 | https://www.asfi.gob.bo/node/475
[FULL_10_ASFI_FINRURAL] t=2018.2s | pag=1437 | files=3205 | data=782 | cola= 630 | prio=50 | https://www.asfi.gob.bo/node/476
[FULL_10_ASFI_FINRURAL] t=2019.2s | pag=1438 | files=3212 | data=782 | cola= 629 | prio=50 | https://www.asfi.gob.bo/node/477
[FULL_10_ASFI_FINRURAL] t=2019.7s | pag=1439 | files=3218 | data=782 | cola= 628 | prio=50 | https://www.asfi.gob.bo/node/478
[FULL_10_ASFI_FINRURAL] t=2020.7s | pag=1440 | files=3228 | data=782 | cola= 627 | prio=50 | https://www.asfi.gob.bo/node/479
[FULL_10_ASFI_FINRURAL] t=2021.6s | pag=1441 | files=3235 | data=782 | cola= 626 | prio=50 | https://www.asfi.gob.bo/node/480
[FULL_10_ASFI_FINRURAL] t=2022.4s | pag=1442 | files=3237 | data=782 | cola= 625 | prio=50 | https://www.asfi.gob.bo/node/481
[FULL_10_ASFI_FINRURAL] t=2023.0s | pag=1443 | files=3238 | data=782 | cola= 624 | prio=50 | https://www.asfi.gob.bo/la/panamerican-safi-sa-0
[FULL_10_ASFI_FINRURAL] t=2023.7s | pag=1444 | files=3239 | data=782 | cola= 623 | prio=50 | https://www.asfi.gob.bo/node/482
[FULL_10_ASFI_FINRURAL] t=2024.7s | pag=1445 | files=3245 | data=782 | cola= 622 | prio=50 | https://www.asfi.gob.bo/node/483
[FULL_10_ASFI_FINRURAL] t=2025.2s | pag=1446 | files=3248 | data=782 | cola= 621 | prio=50 | https://www.asfi.gob.bo/node/484
[FULL_10_ASFI_FINRURAL] t=2026.0s | pag=1447 | files=3252 | data=782 | cola= 620 | prio=50 | https://www.asfi.gob.bo/node/485
[FULL_10_ASFI_FINRURAL] t=2026.7s | pag=1448 | files=3253 | data=782 | cola= 619 | prio=50 | https://www.asfi.gob.bo/node/486
[FULL_10_ASFI_FINRURAL] t=2027.6s | pag=1449 | files=3254 | data=782 | cola= 618 | prio=50 | https://www.asfi.gob.bo/node/487
[FULL_10_ASFI_FINRURAL] t=2028.5s | pag=1450 | files=3257 | data=782 | cola= 617 | prio=50 | https://www.asfi.gob.bo/node/488
[FULL_10_ASFI_FINRURAL] t=2029.4s | pag=1451 | files=3260 | data=782 | cola= 616 | prio=50 | https://www.asfi.gob.bo/node/489
[FULL_10_ASFI_FINRURAL] t=2030.1s | pag=1452 | files=3262 | data=782 | cola= 615 | prio=50 | https://www.asfi.gob.bo/node/490
[FULL_10_ASFI_FINRURAL] t=2030.9s | pag=1453 | files=3264 | data=782 | cola= 614 | prio=50 | https://www.asfi.gob.bo/node/491
[FULL_10_ASFI_FINRURAL] t=2031.4s | pag=1454 | files=3266 | data=782 | cola= 613 | prio=50 | https://www.asfi.gob.bo/node/492
[FULL_10_ASFI_FINRURAL] t=2031.9s | pag=1455 | files=3268 | data=782 | cola= 612 | prio=50 | https://www.asfi.gob.bo/node/493
[FULL_10_ASFI_FINRURAL] t=2032.4s | pag=1456 | files=3269 | data=782 | cola= 611 | prio=50 | https://www.asfi.gob.bo/node/494
[FULL_10_ASFI_FINRURAL] t=2033.4s | pag=1457 | files=3271 | data=782 | cola= 610 | prio=50 | https://www.asfi.gob.bo/node/495
[FULL_10_ASFI_FINRURAL] t=2034.1s | pag=1458 | files=3272 | data=782 | cola= 609 | prio=50 | https://www.asfi.gob.bo/node/1373
[FULL_10_ASFI_FINRURAL] t=2035.8s | pag=1459 | files=3277 | data=782 | cola= 608 | prio=50 | https://www.asfi.gob.bo/node/1037
[FULL_10_ASFI_FINRURAL] t=2036.6s | pag=1460 | files=3289 | data=782 | cola= 607 | prio=50 | https://www.asfi.gob.bo/node/1038
[FULL_10_ASFI_FINRURAL] t=2037.5s | pag=1461 | files=3301 | data=782 | cola= 606 | prio=50 | https://www.asfi.gob.bo/node/1039
[FULL_10_ASFI_FINRURAL] t=2038.4s | pag=1462 | files=3313 | data=782 | cola= 605 | prio=50 | https://www.asfi.gob.bo/node/1040
[FULL_10_ASFI_FINRURAL] t=2038.8s | pag=1463 | files=3325 | data=782 | cola= 604 | prio=50 | https://www.asfi.gob.bo/node/1041
[FULL_10_ASFI_FINRURAL] t=2039.7s | pag=1464 | files=3337 | data=782 | cola= 603 | prio=50 | https://www.asfi.gob.bo/node/1042
[FULL_10_ASFI_FINRURAL] t=2040.3s | pag=1465 | files=3349 | data=782 | cola= 602 | prio=50 | https://www.asfi.gob.bo/node/1043
[FULL_10_ASFI_FINRURAL] t=2041.1s | pag=1466 | files=3361 | data=782 | cola= 601 | prio=50 | https://www.asfi.gob.bo/node/1044
[FULL_10_ASFI_FINRURAL] t=2041.9s | pag=1467 | files=3368 | data=782 | cola= 600 | prio=50 | https://www.asfi.gob.bo/la/almaceneras-generales-deposito-2026
[FULL_10_ASFI_FINRURAL] t=2049.9s | pag=1468 | files=3374 | data=782 | cola= 599 | prio=50 | https://www.asfi.gob.bo/la/entidades-arrendamiento-financiero-2026
[FULL_10_ASFI_FINRURAL] t=2060.1s | pag=1469 | files=3381 | data=782 | cola= 598 | prio=50 | https://www.asfi.gob.bo/la/camaras-compensacion-y-liquidacion-2026
[FULL_10_ASFI_FINRURAL] t=2070.0s | pag=1470 | files=3388 | data=782 | cola= 597 | prio=50 | https://www.asfi.gob.bo/la/buros-informacion-2026
[FULL_10_ASFI_FINRURAL] t=2079.0s | pag=1471 | files=3395 | data=782 | cola= 596 | prio=50 | https://www.asfi.gob.bo/la/empresas-servicios-pago-movil-2026
[FULL_10_ASFI_FINRURAL] t=2087.3s | pag=1472 | files=3402 | data=782 | cola= 595 | prio=50 | https://www.asfi.gob.bo/la/empresas-transporte-material-monetario-y-valores-2026
[FULL_10_ASFI_FINRURAL] t=2097.0s | pag=1473 | files=3409 | data=783 | cola= 594 | prio=50 | https://www.asfi.gob.bo/la/empresas-administradoras-tarjetas-electronicas-2026
[FULL_10_ASFI_FINRURAL] t=2106.2s | pag=1474 | files=3416 | data=783 | cola= 593 | prio=50 | https://www.asfi.gob.bo/la/empresas-giros-y-remesas-dinero-2026
[FULL_10_ASFI_FINRURAL] t=2114.9s | pag=1475 | files=3422 | data=783 | cola= 592 | prio=50 | https://www.asfi.gob.bo/node/600
[FULL_10_ASFI_FINRURAL] t=2129.3s | pag=1476 | files=3434 | data=783 | cola= 591 | prio=50 | https://www.asfi.gob.bo/node/603
[FULL_10_ASFI_FINRURAL] t=2144.5s | pag=1477 | files=3446 | data=783 | cola= 590 | prio=50 | https://www.asfi.gob.bo/node/604
[FULL_10_ASFI_FINRURAL] t=2160.7s | pag=1478 | files=3458 | data=783 | cola= 589 | prio=50 | https://www.asfi.gob.bo/node/606
[FULL_10_ASFI_FINRURAL] t=2177.9s | pag=1479 | files=3470 | data=783 | cola= 588 | prio=50 | https://www.asfi.gob.bo/node/608
[FULL_10_ASFI_FINRURAL] t=2193.2s | pag=1480 | files=3482 | data=783 | cola= 587 | prio=50 | https://www.asfi.gob.bo/node/610
[FULL_10_ASFI_FINRURAL] t=2208.5s | pag=1481 | files=3494 | data=784 | cola= 586 | prio=50 | https://www.asfi.gob.bo/node/612
[FULL_10_ASFI_FINRURAL] t=2225.8s | pag=1482 | files=3506 | data=784 | cola= 585 | prio=50 | https://www.asfi.gob.bo/node/613
[FULL_10_ASFI_FINRURAL] t=2241.8s | pag=1483 | files=3518 | data=784 | cola= 584 | prio=50 | https://www.asfi.gob.bo/node/616
[FULL_10_ASFI_FINRURAL] t=2242.6s | pag=1484 | files=3530 | data=784 | cola= 583 | prio=50 | https://www.asfi.gob.bo/node/617
[FULL_10_ASFI_FINRURAL] t=2243.6s | pag=1485 | files=3542 | data=784 | cola= 582 | prio=50 | https://www.asfi.gob.bo/node/618
[FULL_10_ASFI_FINRURAL] t=2244.5s | pag=1486 | files=3554 | data=784 | cola= 581 | prio=50 | https://www.asfi.gob.bo/node/620
[FULL_10_ASFI_FINRURAL] t=2245.0s | pag=1487 | files=3565 | data=784 | cola= 580 | prio=50 | https://www.asfi.gob.bo/node/621
[FULL_10_ASFI_FINRURAL] t=2246.1s | pag=1488 | files=3577 | data=784 | cola= 579 | prio=50 | https://www.asfi.gob.bo/node/622
[FULL_10_ASFI_FINRURAL] t=2246.8s | pag=1489 | files=3589 | data=785 | cola= 578 | prio=50 | https://www.asfi.gob.bo/node/623
[FULL_10_ASFI_FINRURAL] t=2247.5s | pag=1490 | files=3601 | data=785 | cola= 577 | prio=50 | https://www.asfi.gob.bo/node/624
[FULL_10_ASFI_FINRURAL] t=2248.2s | pag=1491 | files=3613 | data=785 | cola= 576 | prio=50 | https://www.asfi.gob.bo/node/626
[FULL_10_ASFI_FINRURAL] t=2248.7s | pag=1492 | files=3625 | data=785 | cola= 575 | prio=50 | https://www.asfi.gob.bo/node/627
[FULL_10_ASFI_FINRURAL] t=2249.4s | pag=1493 | files=3637 | data=785 | cola= 574 | prio=50 | https://www.asfi.gob.bo/node/628
[FULL_10_ASFI_FINRURAL] t=2250.4s | pag=1494 | files=3649 | data=785 | cola= 573 | prio=50 | https://www.asfi.gob.bo/node/629
[FULL_10_ASFI_FINRURAL] t=2251.1s | pag=1495 | files=3661 | data=785 | cola= 572 | prio=50 | https://www.asfi.gob.bo/node/630
[FULL_10_ASFI_FINRURAL] t=2251.8s | pag=1496 | files=3673 | data=785 | cola= 571 | prio=50 | https://www.asfi.gob.bo/node/631
[FULL_10_ASFI_FINRURAL] t=2252.3s | pag=1497 | files=3685 | data=786 | cola= 570 | prio=50 | https://www.asfi.gob.bo/node/632
[FULL_10_ASFI_FINRURAL] t=2252.8s | pag=1498 | files=3697 | data=786 | cola= 569 | prio=50 | https://www.asfi.gob.bo/node/633
[FULL_10_ASFI_FINRURAL] t=2253.2s | pag=1499 | files=3709 | data=786 | cola= 568 | prio=50 | https://www.asfi.gob.bo/node/634
[FULL_10_ASFI_FINRURAL] t=2254.0s | pag=1500 | files=3721 | data=786 | cola= 567 | prio=50 | https://www.asfi.gob.bo/node/635
[FULL_10_ASFI_FINRURAL] t=2254.9s | pag=1501 | files=3733 | data=786 | cola= 566 | prio=50 | https://www.asfi.gob.bo/node/636
[FULL_10_ASFI_FINRURAL] t=2255.7s | pag=1502 | files=3745 | data=786 | cola= 565 | prio=50 | https://www.asfi.gob.bo/node/637
[FULL_10_ASFI_FINRURAL] t=2256.1s | pag=1503 | files=3757 | data=786 | cola= 564 | prio=50 | https://www.asfi.gob.bo/node/638
[FULL_10_ASFI_FINRURAL] t=2257.0s | pag=1504 | files=3769 | data=786 | cola= 563 | prio=50 | https://www.asfi.gob.bo/node/639
[FULL_10_ASFI_FINRURAL] t=2257.4s | pag=1505 | files=3781 | data=787 | cola= 562 | prio=50 | https://www.asfi.gob.bo/node/640
[FULL_10_ASFI_FINRURAL] t=2258.3s | pag=1506 | files=3793 | data=787 | cola= 561 | prio=50 | https://www.asfi.gob.bo/node/641
[FULL_10_ASFI_FINRURAL] t=2259.0s | pag=1507 | files=3805 | data=787 | cola= 560 | prio=50 | https://www.asfi.gob.bo/node/642
[FULL_10_ASFI_FINRURAL] t=2259.7s | pag=1508 | files=3817 | data=787 | cola= 559 | prio=50 | https://www.asfi.gob.bo/node/643
[FULL_10_ASFI_FINRURAL] t=2260.1s | pag=1509 | files=3829 | data=787 | cola= 558 | prio=50 | https://www.asfi.gob.bo/node/644
[FULL_10_ASFI_FINRURAL] t=2260.7s | pag=1510 | files=3841 | data=787 | cola= 557 | prio=50 | https://www.asfi.gob.bo/node/645
[FULL_10_ASFI_FINRURAL] t=2261.6s | pag=1511 | files=3853 | data=787 | cola= 556 | prio=50 | https://www.asfi.gob.bo/node/646
[FULL_10_ASFI_FINRURAL] t=2262.0s | pag=1512 | files=3865 | data=787 | cola= 555 | prio=50 | https://www.asfi.gob.bo/node/647
[FULL_10_ASFI_FINRURAL] t=2262.4s | pag=1513 | files=3877 | data=788 | cola= 554 | prio=50 | https://www.asfi.gob.bo/node/648
[FULL_10_ASFI_FINRURAL] t=2263.2s | pag=1514 | files=3889 | data=788 | cola= 553 | prio=50 | https://www.asfi.gob.bo/node/649
[FULL_10_ASFI_FINRURAL] t=2264.1s | pag=1515 | files=3901 | data=788 | cola= 552 | prio=50 | https://www.asfi.gob.bo/node/650
[FULL_10_ASFI_FINRURAL] t=2264.9s | pag=1516 | files=3913 | data=788 | cola= 551 | prio=50 | https://www.asfi.gob.bo/node/651
[FULL_10_ASFI_FINRURAL] t=2265.7s | pag=1517 | files=3925 | data=788 | cola= 550 | prio=50 | https://www.asfi.gob.bo/node/652
[FULL_10_ASFI_FINRURAL] t=2266.4s | pag=1518 | files=3937 | data=788 | cola= 549 | prio=50 | https://www.asfi.gob.bo/node/653
[FULL_10_ASFI_FINRURAL] t=2267.3s | pag=1519 | files=3949 | data=788 | cola= 548 | prio=50 | https://www.asfi.gob.bo/node/654
[FULL_10_ASFI_FINRURAL] t=2268.2s | pag=1520 | files=3961 | data=788 | cola= 547 | prio=50 | https://www.asfi.gob.bo/node/655
[FULL_10_ASFI_FINRURAL] t=2269.0s | pag=1521 | files=3973 | data=789 | cola= 546 | prio=50 | https://www.asfi.gob.bo/node/656
[FULL_10_ASFI_FINRURAL] t=2269.9s | pag=1522 | files=3985 | data=789 | cola= 545 | prio=50 | https://www.asfi.gob.bo/node/657
[FULL_10_ASFI_FINRURAL] t=2270.8s | pag=1523 | files=3997 | data=789 | cola= 544 | prio=50 | https://www.asfi.gob.bo/la/almaceneras-generales-deposito-2019
[FULL_10_ASFI_FINRURAL] t=2286.8s | pag=1524 | files=4009 | data=789 | cola= 543 | prio=50 | https://www.asfi.gob.bo/la/entidades-arrendamiento-financiero-2019
[FULL_10_ASFI_FINRURAL] t=2304.3s | pag=1525 | files=4021 | data=789 | cola= 542 | prio=50 | https://www.asfi.gob.bo/la/camaras-compensacion-y-liquidacion-2019
[FULL_10_ASFI_FINRURAL] t=2321.8s | pag=1526 | files=4033 | data=789 | cola= 541 | prio=50 | https://www.asfi.gob.bo/la/buros-informacion-2019
[FULL_10_ASFI_FINRURAL] t=2338.0s | pag=1527 | files=4045 | data=789 | cola= 540 | prio=50 | https://www.asfi.gob.bo/la/empresas-servicios-pago-movil-2019
[FULL_10_ASFI_FINRURAL] t=2353.4s | pag=1528 | files=4057 | data=789 | cola= 539 | prio=50 | https://www.asfi.gob.bo/la/empresas-transporte-material-monetario-y-valores-2019
[FULL_10_ASFI_FINRURAL] t=2370.1s | pag=1529 | files=4069 | data=790 | cola= 538 | prio=50 | https://www.asfi.gob.bo/la/empresas-administradoras-tarjetas-electronicas-2019
[FULL_10_ASFI_FINRURAL] t=2385.3s | pag=1530 | files=4080 | data=790 | cola= 537 | prio=50 | https://www.asfi.gob.bo/la/empresas-giros-y-remesas-dinero-2019
[FULL_10_ASFI_FINRURAL] t=2400.2s | pag=1531 | files=4092 | data=790 | cola= 536 | prio=50 | https://www.asfi.gob.bo/la/almaceneras-generales-deposito-2018
[FULL_10_ASFI_FINRURAL] t=2414.7s | pag=1532 | files=4104 | data=790 | cola= 535 | prio=50 | https://www.asfi.gob.bo/la/entidades-arrendamiento-financiero-2018
[FULL_10_ASFI_FINRURAL] t=2429.8s | pag=1533 | files=4116 | data=790 | cola= 534 | prio=50 | https://www.asfi.gob.bo/la/camaras-compensacion-y-liquidacion-2018
[FULL_10_ASFI_FINRURAL] t=2445.7s | pag=1534 | files=4128 | data=790 | cola= 533 | prio=50 | https://www.asfi.gob.bo/la/buros-informacion-2018
[FULL_10_ASFI_FINRURAL] t=2461.6s | pag=1535 | files=4140 | data=790 | cola= 532 | prio=50 | https://www.asfi.gob.bo/la/empresas-servicios-pago-movil-2018
[FULL_10_ASFI_FINRURAL] t=2477.1s | pag=1536 | files=4152 | data=790 | cola= 531 | prio=50 | https://www.asfi.gob.bo/la/empresas-transporte-material-monetario-y-valores-2018
[FULL_10_ASFI_FINRURAL] t=2492.4s | pag=1537 | files=4164 | data=791 | cola= 530 | prio=50 | https://www.asfi.gob.bo/la/empresas-administradoras-tarjetas-electronicas-2018
[FULL_10_ASFI_FINRURAL] t=2507.3s | pag=1538 | files=4176 | data=791 | cola= 529 | prio=50 | https://www.asfi.gob.bo/la/almaceneras-generales-deposito-2017
[FULL_10_ASFI_FINRURAL] t=2523.0s | pag=1539 | files=4188 | data=791 | cola= 528 | prio=50 | https://www.asfi.gob.bo/la/entidades-arrendamiento-financiero-2017
[FULL_10_ASFI_FINRURAL] t=2538.5s | pag=1540 | files=4200 | data=791 | cola= 527 | prio=50 | https://www.asfi.gob.bo/la/camaras-compensacion-y-liquidacion-2017
[FULL_10_ASFI_FINRURAL] t=2555.3s | pag=1541 | files=4212 | data=791 | cola= 526 | prio=50 | https://www.asfi.gob.bo/la/buros-informacion-2017
[FULL_10_ASFI_FINRURAL] t=2571.4s | pag=1542 | files=4224 | data=791 | cola= 525 | prio=50 | https://www.asfi.gob.bo/la/empresas-servicios-pago-movil-2017
[FULL_10_ASFI_FINRURAL] t=2587.3s | pag=1543 | files=4236 | data=791 | cola= 524 | prio=50 | https://www.asfi.gob.bo/la/empresas-transporte-material-monetario-y-valores-2017
[FULL_10_ASFI_FINRURAL] t=2603.3s | pag=1544 | files=4248 | data=792 | cola= 523 | prio=50 | https://www.asfi.gob.bo/la/empresas-administradoras-tarjetas-electronicas-2017
[FULL_10_ASFI_FINRURAL] t=2620.1s | pag=1545 | files=4260 | data=792 | cola= 522 | prio=50 | https://www.asfi.gob.bo/la/almaceneras-generales-deposito-2016
[FULL_10_ASFI_FINRURAL] t=2636.1s | pag=1546 | files=4272 | data=792 | cola= 521 | prio=50 | https://www.asfi.gob.bo/la/entidades-arrendamiento-financiero-2016
[FULL_10_ASFI_FINRURAL] t=2651.0s | pag=1547 | files=4284 | data=792 | cola= 520 | prio=50 | https://www.asfi.gob.bo/la/camaras-compensacion-y-liquidacion-2016
[FULL_10_ASFI_FINRURAL] t=2666.3s | pag=1548 | files=4296 | data=792 | cola= 519 | prio=50 | https://www.asfi.gob.bo/la/buros-informacion-2016
[FULL_10_ASFI_FINRURAL] t=2682.1s | pag=1549 | files=4308 | data=792 | cola= 518 | prio=50 | https://www.asfi.gob.bo/la/empresas-servicios-pago-movil-2016
[FULL_10_ASFI_FINRURAL] t=2698.3s | pag=1550 | files=4320 | data=792 | cola= 517 | prio=50 | https://www.asfi.gob.bo/la/empresas-transporte-material-monetario-y-valores-2016
[FULL_10_ASFI_FINRURAL] t=2713.7s | pag=1551 | files=4332 | data=793 | cola= 516 | prio=50 | https://www.asfi.gob.bo/la/empresas-administradoras-tarjetas-electronicas-2016
[FULL_10_ASFI_FINRURAL] t=2715.7s | pag=1552 | files=4333 | data=793 | cola= 515 | prio=50 | https://www.asfi.gob.bo/la/almaceneras-generales-deposito-2015
[FULL_10_ASFI_FINRURAL] t=2730.8s | pag=1553 | files=4344 | data=793 | cola= 514 | prio=50 | https://www.asfi.gob.bo/la/entidades-arrendamiento-financiero-2015
[FULL_10_ASFI_FINRURAL] t=2744.8s | pag=1554 | files=4355 | data=793 | cola= 513 | prio=50 | https://www.asfi.gob.bo/la/camaras-compensacion-y-liquidacion-2015
[FULL_10_ASFI_FINRURAL] t=2756.4s | pag=1555 | files=4364 | data=793 | cola= 512 | prio=50 | https://www.asfi.gob.bo/la/buros-informacion-2015
[FULL_10_ASFI_FINRURAL] t=2771.6s | pag=1556 | files=4376 | data=793 | cola= 511 | prio=50 | https://www.asfi.gob.bo/la/empresas-servicios-pago-movil-2015
[FULL_10_ASFI_FINRURAL] t=2789.0s | pag=1557 | files=4388 | data=793 | cola= 510 | prio=50 | https://www.asfi.gob.bo/la/empresas-transporte-material-monetario-y-valores-2015
[FULL_10_ASFI_FINRURAL] t=2793.3s | pag=1558 | files=4391 | data=794 | cola= 509 | prio=50 | https://barometro.asfi.gob.bo/articles
[FULL_10_ASFI_FINRURAL] t=2794.0s | pag=1559 | files=4391 | data=794 | cola= 511 | prio=10 | https://barometro.asfi.gob.bo/articles/20260518-cuentas-deposito-bolivia
[FULL_10_ASFI_FINRURAL] t=2794.8s | pag=1560 | files=4391 | data=794 | cola= 510 | prio=10 | https://barometro.asfi.gob.bo/articles/20260430-banca-digital-bolivia
[FULL_10_ASFI_FINRURAL] t=2795.4s | pag=1561 | files=4391 | data=794 | cola= 509 | prio=50 | https://barometro.asfi.gob.bo/estudios
[FULL_10_ASFI_FINRURAL] t=2796.0s | pag=1562 | files=4391 | data=794 | cola= 509 | prio=50 | https://barometro.asfi.gob.bo/encuesta-nacional
[FULL_10_ASFI_FINRURAL] t=2796.6s | pag=1563 | files=4391 | data=794 | cola= 508 | prio=50 | https://barometro.asfi.gob.bo/suscripciones
[FULL_10_ASFI_FINRURAL] t=2797.1s | pag=1564 | files=4391 | data=794 | cola= 507 | prio=50 | https://barometro.asfi.gob.bo/articles/20260630-billeteras-moviles-bolivia
[FULL_10_ASFI_FINRURAL] t=2797.7s | pag=1565 | files=4391 | data=794 | cola= 506 | prio=50 | https://barometro.asfi.gob.bo/articles/20260616-experiencia-banca-digital
[FULL_10_ASFI_FINRURAL] t=2798.5s | pag=1566 | files=4391 | data=794 | cola= 505 | prio=50 | https://correspondencia-digital.asfi.gob.bo/formulario-envio-documento-digital
[FULL_10_ASFI_FINRURAL] t=2799.7s | pag=1567 | files=4391 | data=794 | cola= 504 | prio=50 | https://www.asfi.gob.bo/node/1066
[FULL_10_ASFI_FINRURAL] t=2800.4s | pag=1568 | files=4392 | data=794 | cola= 503 | prio=50 | https://www.asfi.gob.bo/node/1067
[FULL_10_ASFI_FINRURAL] t=2801.1s | pag=1569 | files=4393 | data=794 | cola= 502 | prio=50 | https://www.asfi.gob.bo/ei/banco-central-bolivia
[FULL_10_ASFI_FINRURAL] t=2801.7s | pag=1570 | files=4393 | data=794 | cola= 501 | prio=50 | https://www.asfi.gob.bo/ei/ministerio-economia-y-finanzas
[FULL_10_ASFI_FINRURAL] t=2802.5s | pag=1571 | files=4393 | data=794 | cola= 500 | prio=50 | https://www.asfi.gob.bo/la/programa-pagares-2026
[FULL_10_ASFI_FINRURAL] t=2803.2s | pag=1572 | files=4398 | data=794 | cola= 499 | prio=50 | https://www.asfi.gob.bo/node/513
[FULL_10_ASFI_FINRURAL] t=2804.1s | pag=1573 | files=4414 | data=794 | cola= 498 | prio=50 | https://www.asfi.gob.bo/node/518
[FULL_10_ASFI_FINRURAL] t=2804.8s | pag=1574 | files=4423 | data=794 | cola= 497 | prio=50 | https://www.asfi.gob.bo/node/523
[FULL_10_ASFI_FINRURAL] t=2805.4s | pag=1575 | files=4428 | data=794 | cola= 496 | prio=50 | https://www.asfi.gob.bo/node/528
[FULL_10_ASFI_FINRURAL] t=2806.1s | pag=1576 | files=4432 | data=794 | cola= 495 | prio=50 | https://www.asfi.gob.bo/node/533
[FULL_10_ASFI_FINRURAL] t=2807.0s | pag=1577 | files=4437 | data=794 | cola= 494 | prio=50 | https://www.asfi.gob.bo/node/538
[FULL_10_ASFI_FINRURAL] t=2807.9s | pag=1578 | files=4441 | data=794 | cola= 493 | prio=50 | https://www.asfi.gob.bo/node/543
[FULL_10_ASFI_FINRURAL] t=2808.8s | pag=1579 | files=4443 | data=794 | cola= 492 | prio=50 | https://www.asfi.gob.bo/node/548
[FULL_10_ASFI_FINRURAL] t=2809.6s | pag=1580 | files=4444 | data=794 | cola= 491 | prio=50 | https://www.asfi.gob.bo/node/553
[FULL_10_ASFI_FINRURAL] t=2810.6s | pag=1581 | files=4447 | data=794 | cola= 490 | prio=50 | https://www.asfi.gob.bo/node/558
[FULL_10_ASFI_FINRURAL] t=2811.2s | pag=1582 | files=4447 | data=794 | cola= 489 | prio=50 | https://www.asfi.gob.bo/node/563
[FULL_10_ASFI_FINRURAL] t=2812.0s | pag=1583 | files=4449 | data=794 | cola= 488 | prio=50 | https://www.asfi.gob.bo/node/568
[FULL_10_ASFI_FINRURAL] t=2812.8s | pag=1584 | files=4450 | data=794 | cola= 487 | prio=50 | https://www.asfi.gob.bo/node/573
[FULL_10_ASFI_FINRURAL] t=2813.5s | pag=1585 | files=4455 | data=794 | cola= 486 | prio=50 | https://www.asfi.gob.bo/node/578
[FULL_10_ASFI_FINRURAL] t=2814.3s | pag=1586 | files=4456 | data=794 | cola= 485 | prio=50 | https://www.asfi.gob.bo/node/583
[FULL_10_ASFI_FINRURAL] t=2815.2s | pag=1587 | files=4461 | data=794 | cola= 484 | prio=50 | https://www.asfi.gob.bo/node/588
[FULL_10_ASFI_FINRURAL] t=2815.8s | pag=1588 | files=4467 | data=794 | cola= 483 | prio=50 | https://www.asfi.gob.bo/la/cd-gestion-2026
[FULL_10_ASFI_FINRURAL] t=2825.6s | pag=1589 | files=4474 | data=794 | cola= 482 | prio=50 | https://www.asfi.gob.bo/node/1012
[FULL_10_ASFI_FINRURAL] t=2841.4s | pag=1590 | files=4486 | data=794 | cola= 481 | prio=50 | https://www.asfi.gob.bo/node/1013
[FULL_10_ASFI_FINRURAL] t=2855.0s | pag=1591 | files=4498 | data=794 | cola= 480 | prio=50 | https://www.asfi.gob.bo/node/1014
[FULL_10_ASFI_FINRURAL] t=2872.2s | pag=1592 | files=4510 | data=794 | cola= 479 | prio=50 | https://www.asfi.gob.bo/node/1015
[FULL_10_ASFI_FINRURAL] t=2888.3s | pag=1593 | files=4522 | data=794 | cola= 478 | prio=50 | https://www.asfi.gob.bo/node/1016
[FULL_10_ASFI_FINRURAL] t=2904.8s | pag=1594 | files=4534 | data=794 | cola= 477 | prio=50 | https://www.asfi.gob.bo/node/1017
[FULL_10_ASFI_FINRURAL] t=2920.4s | pag=1595 | files=4546 | data=794 | cola= 476 | prio=50 | https://www.asfi.gob.bo/node/1018
[FULL_10_ASFI_FINRURAL] t=2936.5s | pag=1596 | files=4558 | data=794 | cola= 475 | prio=50 | https://www.asfi.gob.bo/node/1019
[FULL_10_ASFI_FINRURAL] t=2952.3s | pag=1597 | files=4570 | data=794 | cola= 474 | prio=50 | https://www.asfi.gob.bo/node/1020
[FULL_10_ASFI_FINRURAL] t=2968.2s | pag=1598 | files=4582 | data=794 | cola= 473 | prio=50 | https://www.asfi.gob.bo/node/1021
[FULL_10_ASFI_FINRURAL] t=2983.1s | pag=1599 | files=4594 | data=794 | cola= 472 | prio=50 | https://www.asfi.gob.bo/node/1022
[FULL_10_ASFI_FINRURAL] t=2998.2s | pag=1600 | files=4606 | data=794 | cola= 471 | prio=50 | https://www.asfi.gob.bo/node/1023
[FULL_10_ASFI_FINRURAL] t=3013.1s | pag=1601 | files=4618 | data=794 | cola= 470 | prio=50 | https://www.asfi.gob.bo/node/1024
[FULL_10_ASFI_FINRURAL] t=3027.9s | pag=1602 | files=4630 | data=794 | cola= 469 | prio=50 | https://www.asfi.gob.bo/node/1025
[FULL_10_ASFI_FINRURAL] t=3042.6s | pag=1603 | files=4642 | data=794 | cola= 468 | prio=50 | https://www.asfi.gob.bo/node/1026
[FULL_10_ASFI_FINRURAL] t=3058.6s | pag=1604 | files=4654 | data=794 | cola= 467 | prio=50 | https://www.asfi.gob.bo/la/entidades-segundo-piso-gestion-2015
[FULL_10_ASFI_FINRURAL] t=3059.6s | pag=1605 | files=4654 | data=794 | cola= 466 | prio=50 | https://www.asfi.gob.bo/la/entidades-segundo-piso-gestion-2014
[FULL_10_ASFI_FINRURAL] t=3060.4s | pag=1606 | files=4654 | data=794 | cola= 465 | prio=50 | https://www.asfi.gob.bo/la/estados-financieros-resumidos-gestion-2025
[FULL_10_ASFI_FINRURAL] t=3073.8s | pag=1607 | files=4664 | data=794 | cola= 464 | prio=50 | https://www.asfi.gob.bo/la/estados-financieros-resumidos-gestion-2024
[FULL_10_ASFI_FINRURAL] t=3074.4s | pag=1608 | files=4676 | data=794 | cola= 463 | prio=50 | https://www.asfi.gob.bo/la/estados-financieros-resumidos-gestion-2023
[FULL_10_ASFI_FINRURAL] t=3075.2s | pag=1609 | files=4688 | data=794 | cola= 462 | prio=50 | https://www.asfi.gob.bo/la/estados-financieros-resumidos-gestion-2022
[FULL_10_ASFI_FINRURAL] t=3075.8s | pag=1610 | files=4700 | data=794 | cola= 461 | prio=50 | https://www.asfi.gob.bo/la/estados-financieros-resumidos-gestion-2021
[FULL_10_ASFI_FINRURAL] t=3076.7s | pag=1611 | files=4712 | data=794 | cola= 460 | prio=50 | https://www.asfi.gob.bo/la/estados-financieros-resumidos-gestion-2020
[FULL_10_ASFI_FINRURAL] t=3077.5s | pag=1612 | files=4724 | data=794 | cola= 459 | prio=50 | https://www.asfi.gob.bo/la/estados-financieros-resumidos-gestion-2019
[FULL_10_ASFI_FINRURAL] t=3078.4s | pag=1613 | files=4736 | data=794 | cola= 458 | prio=50 | https://www.asfi.gob.bo/la/estados-financieros-resumidos-gestion-2018
[FULL_10_ASFI_FINRURAL] t=3079.2s | pag=1614 | files=4748 | data=794 | cola= 457 | prio=50 | https://www.asfi.gob.bo/la/estados-financieros-resumidos-gestion-2017
[FULL_10_ASFI_FINRURAL] t=3080.1s | pag=1615 | files=4760 | data=794 | cola= 456 | prio=50 | https://www.asfi.gob.bo/la/estados-financieros-resumidos-gestion-2016
[FULL_10_ASFI_FINRURAL] t=3080.5s | pag=1616 | files=4772 | data=794 | cola= 455 | prio=50 | https://www.asfi.gob.bo/la/estados-financieros-resumidos-gestion-2015
[FULL_10_ASFI_FINRURAL] t=3081.1s | pag=1617 | files=4775 | data=794 | cola= 454 | prio=50 | https://www.asfi.gob.bo/la/banco-central-estados-financieros-2023
[FULL_10_ASFI_FINRURAL] t=3081.5s | pag=1618 | files=4776 | data=794 | cola= 453 | prio=50 | https://www.asfi.gob.bo/la/banco-central-estados-financieros-2022
[FULL_10_ASFI_FINRURAL] t=3082.0s | pag=1619 | files=4788 | data=794 | cola= 452 | prio=50 | https://www.asfi.gob.bo/la/banco-central-estados-financieros-2021
[FULL_10_ASFI_FINRURAL] t=3082.9s | pag=1620 | files=4800 | data=794 | cola= 451 | prio=50 | https://www.asfi.gob.bo/la/banco-central-estados-financieros-2020
[FULL_10_ASFI_FINRURAL] t=3083.3s | pag=1621 | files=4812 | data=794 | cola= 450 | prio=50 | https://www.asfi.gob.bo/la/banco-central-estados-financieros-2019
[FULL_10_ASFI_FINRURAL] t=3083.7s | pag=1622 | files=4824 | data=794 | cola= 449 | prio=50 | https://www.asfi.gob.bo/la/banco-central-estados-financieros-2018
[FULL_10_ASFI_FINRURAL] t=3084.3s | pag=1623 | files=4836 | data=794 | cola= 448 | prio=50 | https://www.asfi.gob.bo/la/banco-central-estados-financieros-2017
[FULL_10_ASFI_FINRURAL] t=3085.0s | pag=1624 | files=4848 | data=794 | cola= 447 | prio=50 | https://www.asfi.gob.bo/la/banco-central-estados-financieros-2016
[FULL_10_ASFI_FINRURAL] t=3085.8s | pag=1625 | files=4860 | data=794 | cola= 446 | prio=50 | https://www.asfi.gob.bo/la/banco-central-estados-financieros-2015
[FULL_10_ASFI_FINRURAL] t=3086.6s | pag=1626 | files=4872 | data=794 | cola= 445 | prio=50 | https://www.asfi.gob.bo/la/banco-central-estados-financieros-2014
[FULL_10_ASFI_FINRURAL] t=3087.4s | pag=1627 | files=4884 | data=794 | cola= 444 | prio=50 | https://www.asfi.gob.bo/la/banco-central-estados-financieros-2013
[FULL_10_ASFI_FINRURAL] t=3087.8s | pag=1628 | files=4896 | data=794 | cola= 443 | prio=50 | https://www.asfi.gob.bo/la/fogavisp-fogacp-y-fogagre-2026
[FULL_10_ASFI_FINRURAL] t=3091.8s | pag=1629 | files=4899 | data=794 | cola= 442 | prio=50 | https://www.asfi.gob.bo/la/fogavisp-fogacp-y-fogagre-2025
[FULL_10_ASFI_FINRURAL] t=3106.4s | pag=1630 | files=4911 | data=794 | cola= 441 | prio=50 | https://www.asfi.gob.bo/la/fogavisp-fogacp-y-fogagre-2024
[FULL_10_ASFI_FINRURAL] t=3106.9s | pag=1631 | files=4923 | data=794 | cola= 440 | prio=50 | https://www.asfi.gob.bo/la/fogavisp-fogacp-y-fogagre-2023
[FULL_10_ASFI_FINRURAL] t=3107.4s | pag=1632 | files=4935 | data=794 | cola= 439 | prio=50 | https://www.asfi.gob.bo/la/fogavisp-fogacp-y-fogagre-2022
[FULL_10_ASFI_FINRURAL] t=3108.0s | pag=1633 | files=4947 | data=794 | cola= 438 | prio=50 | https://www.asfi.gob.bo/la/fogavisp-fogacp-y-fogagre-2021
[FULL_10_ASFI_FINRURAL] t=3108.4s | pag=1634 | files=4959 | data=794 | cola= 437 | prio=50 | https://www.asfi.gob.bo/la/fogavisp-fogacp-y-fogagre-2020
[FULL_10_ASFI_FINRURAL] t=3109.0s | pag=1635 | files=4971 | data=794 | cola= 436 | prio=50 | https://www.asfi.gob.bo/la/fogavisp-fogacp-y-fogagre-2019
[FULL_10_ASFI_FINRURAL] t=3109.5s | pag=1636 | files=4983 | data=794 | cola= 435 | prio=50 | https://www.asfi.gob.bo/la/fogavisp-fogacp-y-fogagre-2018
[FULL_10_ASFI_FINRURAL] t=3110.2s | pag=1637 | files=4986 | data=794 | cola= 434 | prio=50 | https://asfi.gob.bo//node/1402
[FULL_10_ASFI_FINRURAL] t=3111.0s | pag=1638 | files=4986 | data=794 | cola= 433 | prio=50 | https://asfi.gob.bo//node/1394
[FULL_10_ASFI_FINRURAL] t=3111.5s | pag=1639 | files=4986 | data=794 | cola= 432 | prio=50 | https://asfi.gob.bo//node/1393
[FULL_10_ASFI_FINRURAL] t=3112.2s | pag=1640 | files=4986 | data=794 | cola= 431 | prio=50 | https://asfi.gob.bo/node/1065
[FULL_10_ASFI_FINRURAL] t=3112.7s | pag=1641 | files=4986 | data=794 | cola= 432 | prio=50 | https://asfi.gob.bo/node/949
[FULL_10_ASFI_FINRURAL] t=3113.2s | pag=1642 | files=5016 | data=794 | cola= 431 | prio=50 | https://asfi.gob.bo/node/1070
[FULL_10_ASFI_FINRURAL] t=3113.7s | pag=1643 | files=5018 | data=794 | cola= 430 | prio=50 | https://asfi.gob.bo/node/1071
[FULL_10_ASFI_FINRURAL] t=3114.4s | pag=1644 | files=5019 | data=794 | cola= 429 | prio=50 | https://asfi.gob.bo/node/1068
[FULL_10_ASFI_FINRURAL] t=3115.3s | pag=1645 | files=5020 | data=794 | cola= 428 | prio=50 | https://asfi.gob.bo/node/1069
[FULL_10_ASFI_FINRURAL] t=3115.9s | pag=1646 | files=5021 | data=794 | cola= 427 | prio=50 | https://asfi.gob.bo/enlaces-de-interes
[FULL_10_ASFI_FINRURAL] t=3116.8s | pag=1647 | files=5021 | data=794 | cola= 430 | prio=10 | https://asfi.gob.bo/ei/plataforma-reporta-tu-tranca
[FULL_10_ASFI_FINRURAL] t=3117.8s | pag=1648 | files=5021 | data=794 | cola= 429 | prio=10 | https://asfi.gob.bo/ei/unidad-investigaciones-financieras
[FULL_10_ASFI_FINRURAL] t=3118.6s | pag=1649 | files=5021 | data=794 | cola= 428 | prio=50 | https://asfi.gob.bo//pagina-poa?field_tipos_poa_value=poa_institucional
[FULL_10_ASFI_FINRURAL] t=3119.5s | pag=1650 | files=5021 | data=794 | cola= 427 | prio=50 | https://asfi.gob.bo//pagina-poa?field_tipos_poa_value=poa_por_unidad_organizacional
[FULL_10_ASFI_FINRURAL] t=3120.2s | pag=1651 | files=5021 | data=794 | cola= 426 | prio=50 | https://asfi.gob.bo//node/1368
[FULL_10_ASFI_FINRURAL] t=3120.7s | pag=1652 | files=5021 | data=794 | cola= 425 | prio=50 | https://asfi.gob.bo//node/1367
[FULL_10_ASFI_FINRURAL] t=3121.2s | pag=1653 | files=5021 | data=794 | cola= 424 | prio=50 | https://asfi.gob.bo//node/1365
[FULL_10_ASFI_FINRURAL] t=3122.0s | pag=1654 | files=5021 | data=794 | cola= 423 | prio=50 | https://asfi.gob.bo//node/1362
[FULL_10_ASFI_FINRURAL] t=3122.8s | pag=1655 | files=5021 | data=794 | cola= 422 | prio=50 | https://asfi.gob.bo//node/1348
[FULL_10_ASFI_FINRURAL] t=3123.8s | pag=1656 | files=5021 | data=794 | cola= 421 | prio=50 | https://asfi.gob.bo//node/1347
[FULL_10_ASFI_FINRURAL] t=3124.6s | pag=1657 | files=5021 | data=794 | cola= 420 | prio=50 | https://asfi.gob.bo//node/1322
[FULL_10_ASFI_FINRURAL] t=3125.2s | pag=1658 | files=5021 | data=794 | cola= 419 | prio=50 | https://asfi.gob.bo//node/1299
[FULL_10_ASFI_FINRURAL] t=3125.9s | pag=1659 | files=5021 | data=794 | cola= 418 | prio=50 | https://asfi.gob.bo//node/1298
[FULL_10_ASFI_FINRURAL] t=3126.7s | pag=1660 | files=5021 | data=794 | cola= 417 | prio=50 | https://asfi.gob.bo//node/1296
[FULL_10_ASFI_FINRURAL] t=3127.3s | pag=1661 | files=5021 | data=794 | cola= 416 | prio=50 | https://asfi.gob.bo//node/1180
[FULL_10_ASFI_FINRURAL] t=3128.2s | pag=1662 | files=5021 | data=794 | cola= 415 | prio=50 | https://asfi.gob.bo//node/1179
[FULL_10_ASFI_FINRURAL] t=3128.9s | pag=1663 | files=5021 | data=794 | cola= 414 | prio=50 | https://asfi.gob.bo//node/1178
[FULL_10_ASFI_FINRURAL] t=3129.5s | pag=1664 | files=5021 | data=794 | cola= 413 | prio=50 | https://asfi.gob.bo//node/1177
[FULL_10_ASFI_FINRURAL] t=3130.1s | pag=1665 | files=5021 | data=794 | cola= 412 | prio=50 | https://asfi.gob.bo//node/1176
[FULL_10_ASFI_FINRURAL] t=3131.2s | pag=1666 | files=5021 | data=794 | cola= 411 | prio=50 | https://asfi.gob.bo//node/1175
[FULL_10_ASFI_FINRURAL] t=3132.0s | pag=1667 | files=5021 | data=794 | cola= 410 | prio=50 | https://asfi.gob.bo//node/857
[FULL_10_ASFI_FINRURAL] t=3132.9s | pag=1668 | files=5021 | data=794 | cola= 409 | prio=50 | https://asfi.gob.bo//node/59
[FULL_10_ASFI_FINRURAL] t=3133.5s | pag=1669 | files=5021 | data=794 | cola= 408 | prio=50 | https://asfi.gob.bo//node/58
[FULL_10_ASFI_FINRURAL] t=3134.1s | pag=1670 | files=5021 | data=794 | cola= 407 | prio=50 | https://asfi.gob.bo//node/50
[FULL_10_ASFI_FINRURAL] t=3135.0s | pag=1671 | files=5021 | data=794 | cola= 406 | prio=50 | https://asfi.gob.bo//node/49
[FULL_10_ASFI_FINRURAL] t=3135.6s | pag=1672 | files=5021 | data=794 | cola= 405 | prio=50 | https://asfi.gob.bo//node/24
[FULL_10_ASFI_FINRURAL] t=3136.2s | pag=1673 | files=5021 | data=794 | cola= 404 | prio=50 | https://asfi.gob.bo/pagina-de-banco-de-trabajo-de-investigacion
[FULL_10_ASFI_FINRURAL] t=3136.6s | pag=1674 | files=5030 | data=794 | cola= 404 | prio=40 | https://asfi.gob.bo/pagina-de-banco-de-trabajo-de-investigacion?page=1
[FULL_10_ASFI_FINRURAL] t=3137.2s | pag=1675 | files=5035 | data=794 | cola= 404 | prio=40 | https://asfi.gob.bo/pagina-de-banco-de-trabajo-de-investigacion?page=0
[FULL_10_ASFI_FINRURAL] t=3137.7s | pag=1676 | files=5035 | data=794 | cola= 403 | prio=50 | https://asfi.gob.bo/node/31
[FULL_10_ASFI_FINRURAL] t=3138.6s | pag=1677 | files=5035 | data=794 | cola= 402 | prio=50 | https://asfi.gob.bo/node/401
[FULL_10_ASFI_FINRURAL] t=3139.4s | pag=1678 | files=5035 | data=794 | cola= 401 | prio=50 | https://asfi.gob.bo/pb/leyes-referidas-servicios-financieros
[FULL_10_ASFI_FINRURAL] t=3140.1s | pag=1679 | files=5066 | data=794 | cola= 400 | prio=50 | https://asfi.gob.bo/pb/decretos-supremos-referidos-servicios-financieros
[FULL_10_ASFI_FINRURAL] t=3142.2s | pag=1680 | files=5168 | data=794 | cola= 399 | prio=50 | https://asfi.gob.bo/node/953
[FULL_10_ASFI_FINRURAL] t=3143.0s | pag=1681 | files=5170 | data=795 | cola= 398 | prio=50 | https://asfi.gob.bo/node/954
[FULL_10_ASFI_FINRURAL] t=3145.5s | pag=1682 | files=5176 | data=796 | cola= 397 | prio=50 | https://asfi.gob.bo/node/955
[FULL_10_ASFI_FINRURAL] t=3146.4s | pag=1682 | files=5176 | data=796 | cola= 396 | prio=50 | https://asfi.gob.bo/node/956
[FULL_10_ASFI_FINRURAL] t=3147.3s | pag=1683 | files=5178 | data=796 | cola= 395 | prio=50 | https://asfi.gob.bo/node/1000
[FULL_10_ASFI_FINRURAL] t=3147.7s | pag=1684 | files=5179 | data=796 | cola= 394 | prio=50 | https://asfi.gob.bo/pb/entidades-desestimadas-del-proceso-adecuacion
[FULL_10_ASFI_FINRURAL] t=3148.2s | pag=1685 | files=5179 | data=796 | cola= 393 | prio=50 | https://asfi.gob.bo/node/1002
[FULL_10_ASFI_FINRURAL] t=3148.8s | pag=1686 | files=5180 | data=796 | cola= 392 | prio=50 | https://asfi.gob.bo/la/siglas
[FULL_10_ASFI_FINRURAL] t=3149.5s | pag=1687 | files=5181 | data=796 | cola= 391 | prio=50 | https://asfi.gob.bo/pb/registro-firmas-auditoria-externa-autorizadas
[FULL_10_ASFI_FINRURAL] t=3150.2s | pag=1688 | files=5181 | data=796 | cola= 390 | prio=50 | https://asfi.gob.bo/node/1032
[FULL_10_ASFI_FINRURAL] t=3151.0s | pag=1689 | files=5181 | data=796 | cola= 389 | prio=50 | https://asfi.gob.bo/node/1034
[FULL_10_ASFI_FINRURAL] t=3151.4s | pag=1690 | files=5181 | data=796 | cola= 388 | prio=50 | https://asfi.gob.bo/node/1035
[FULL_10_ASFI_FINRURAL] t=3152.1s | pag=1691 | files=5185 | data=796 | cola= 387 | prio=50 | https://asfi.gob.bo/node/473
[FULL_10_ASFI_FINRURAL] t=3153.0s | pag=1692 | files=5198 | data=796 | cola= 386 | prio=50 | https://asfi.gob.bo/node/474
[FULL_10_ASFI_FINRURAL] t=3153.5s | pag=1693 | files=5200 | data=796 | cola= 385 | prio=50 | https://asfi.gob.bo/node/475
[FULL_10_ASFI_FINRURAL] t=3153.9s | pag=1694 | files=5207 | data=796 | cola= 384 | prio=50 | https://asfi.gob.bo/node/476
[FULL_10_ASFI_FINRURAL] t=3154.8s | pag=1695 | files=5214 | data=796 | cola= 383 | prio=50 | https://asfi.gob.bo/node/477
[FULL_10_ASFI_FINRURAL] t=3155.2s | pag=1696 | files=5220 | data=796 | cola= 382 | prio=50 | https://asfi.gob.bo/node/478
[FULL_10_ASFI_FINRURAL] t=3155.6s | pag=1697 | files=5230 | data=796 | cola= 381 | prio=50 | https://asfi.gob.bo/node/479
[FULL_10_ASFI_FINRURAL] t=3156.2s | pag=1698 | files=5237 | data=796 | cola= 380 | prio=50 | https://asfi.gob.bo/node/480
[FULL_10_ASFI_FINRURAL] t=3157.1s | pag=1699 | files=5239 | data=796 | cola= 379 | prio=50 | https://asfi.gob.bo/node/481
[FULL_10_ASFI_FINRURAL] t=3157.5s | pag=1700 | files=5240 | data=796 | cola= 378 | prio=50 | https://asfi.gob.bo/node/482
[FULL_10_ASFI_FINRURAL] t=3158.3s | pag=1701 | files=5246 | data=796 | cola= 377 | prio=50 | https://asfi.gob.bo/node/483
[FULL_10_ASFI_FINRURAL] t=3159.3s | pag=1702 | files=5249 | data=796 | cola= 376 | prio=50 | https://asfi.gob.bo/node/484
[FULL_10_ASFI_FINRURAL] t=3160.3s | pag=1703 | files=5253 | data=796 | cola= 375 | prio=50 | https://asfi.gob.bo/node/485
[FULL_10_ASFI_FINRURAL] t=3161.1s | pag=1704 | files=5254 | data=796 | cola= 374 | prio=50 | https://asfi.gob.bo/node/486
[FULL_10_ASFI_FINRURAL] t=3162.0s | pag=1705 | files=5255 | data=796 | cola= 373 | prio=50 | https://asfi.gob.bo/node/487
[FULL_10_ASFI_FINRURAL] t=3162.6s | pag=1706 | files=5258 | data=796 | cola= 372 | prio=50 | https://asfi.gob.bo/node/488
[FULL_10_ASFI_FINRURAL] t=3163.1s | pag=1707 | files=5261 | data=796 | cola= 371 | prio=50 | https://asfi.gob.bo/node/489
[FULL_10_ASFI_FINRURAL] t=3163.8s | pag=1708 | files=5263 | data=796 | cola= 370 | prio=50 | https://asfi.gob.bo/node/490
[FULL_10_ASFI_FINRURAL] t=3164.3s | pag=1709 | files=5265 | data=796 | cola= 369 | prio=50 | https://asfi.gob.bo/node/491
[FULL_10_ASFI_FINRURAL] t=3165.0s | pag=1710 | files=5267 | data=796 | cola= 368 | prio=50 | https://asfi.gob.bo/node/492
[FULL_10_ASFI_FINRURAL] t=3165.8s | pag=1711 | files=5269 | data=796 | cola= 367 | prio=50 | https://asfi.gob.bo/node/493
[FULL_10_ASFI_FINRURAL] t=3166.4s | pag=1712 | files=5270 | data=796 | cola= 366 | prio=50 | https://asfi.gob.bo/node/494
[FULL_10_ASFI_FINRURAL] t=3167.3s | pag=1713 | files=5272 | data=796 | cola= 365 | prio=50 | https://asfi.gob.bo/node/495
[FULL_10_ASFI_FINRURAL] t=3168.0s | pag=1714 | files=5273 | data=796 | cola= 364 | prio=50 | https://asfi.gob.bo/node/1373
[FULL_10_ASFI_FINRURAL] t=3169.9s | pag=1715 | files=5278 | data=796 | cola= 363 | prio=50 | https://asfi.gob.bo/node/1037
[FULL_10_ASFI_FINRURAL] t=3170.4s | pag=1716 | files=5290 | data=796 | cola= 362 | prio=50 | https://asfi.gob.bo/node/1038
[FULL_10_ASFI_FINRURAL] t=3171.0s | pag=1717 | files=5302 | data=796 | cola= 361 | prio=50 | https://asfi.gob.bo/node/1039
[FULL_10_ASFI_FINRURAL] t=3171.7s | pag=1718 | files=5314 | data=796 | cola= 360 | prio=50 | https://asfi.gob.bo/node/1040
[FULL_10_ASFI_FINRURAL] t=3172.3s | pag=1719 | files=5326 | data=796 | cola= 359 | prio=50 | https://asfi.gob.bo/node/1041
[FULL_10_ASFI_FINRURAL] t=3173.0s | pag=1720 | files=5338 | data=796 | cola= 358 | prio=50 | https://asfi.gob.bo/node/1042
[FULL_10_ASFI_FINRURAL] t=3173.8s | pag=1721 | files=5350 | data=796 | cola= 357 | prio=50 | https://asfi.gob.bo/node/1043
[FULL_10_ASFI_FINRURAL] t=3174.2s | pag=1722 | files=5362 | data=796 | cola= 356 | prio=50 | https://asfi.gob.bo/node/1044
[FULL_10_ASFI_FINRURAL] t=3174.8s | pag=1723 | files=5369 | data=796 | cola= 355 | prio=50 | https://asfi.gob.bo/la/almaceneras-generales-deposito-2026
[FULL_10_ASFI_FINRURAL] t=3183.3s | pag=1724 | files=5375 | data=796 | cola= 354 | prio=50 | https://asfi.gob.bo/la/entidades-arrendamiento-financiero-2026
[FULL_10_ASFI_FINRURAL] t=3192.9s | pag=1725 | files=5382 | data=796 | cola= 353 | prio=50 | https://asfi.gob.bo/la/camaras-compensacion-y-liquidacion-2026
[FULL_10_ASFI_FINRURAL] t=3201.7s | pag=1726 | files=5389 | data=796 | cola= 352 | prio=50 | https://asfi.gob.bo/la/buros-informacion-2026
[FULL_10_ASFI_FINRURAL] t=3211.0s | pag=1727 | files=5396 | data=796 | cola= 351 | prio=50 | https://asfi.gob.bo/la/empresas-servicios-pago-movil-2026
[FULL_10_ASFI_FINRURAL] t=3220.3s | pag=1728 | files=5403 | data=796 | cola= 350 | prio=50 | https://asfi.gob.bo/la/empresas-transporte-material-monetario-y-valores-2026
[FULL_10_ASFI_FINRURAL] t=3229.9s | pag=1729 | files=5410 | data=797 | cola= 349 | prio=50 | https://asfi.gob.bo/la/empresas-administradoras-tarjetas-electronicas-2026
[FULL_10_ASFI_FINRURAL] t=3239.3s | pag=1730 | files=5417 | data=797 | cola= 348 | prio=50 | https://asfi.gob.bo/la/empresas-giros-y-remesas-dinero-2026
[FULL_10_ASFI_FINRURAL] t=3248.6s | pag=1731 | files=5423 | data=797 | cola= 347 | prio=50 | https://asfi.gob.bo/node/600
[FULL_10_ASFI_FINRURAL] t=3263.1s | pag=1732 | files=5435 | data=797 | cola= 346 | prio=50 | https://asfi.gob.bo/node/603
[FULL_10_ASFI_FINRURAL] t=3277.2s | pag=1733 | files=5447 | data=797 | cola= 345 | prio=50 | https://asfi.gob.bo/node/604
[FULL_10_ASFI_FINRURAL] t=3294.3s | pag=1734 | files=5459 | data=797 | cola= 344 | prio=50 | https://asfi.gob.bo/node/606
[FULL_10_ASFI_FINRURAL] t=3311.5s | pag=1735 | files=5471 | data=797 | cola= 343 | prio=50 | https://asfi.gob.bo/node/608
[FULL_10_ASFI_FINRURAL] t=3328.3s | pag=1736 | files=5483 | data=797 | cola= 342 | prio=50 | https://asfi.gob.bo/node/610
[FULL_10_ASFI_FINRURAL] t=3343.3s | pag=1737 | files=5495 | data=798 | cola= 341 | prio=50 | https://asfi.gob.bo/node/612
[FULL_10_ASFI_FINRURAL] t=3358.6s | pag=1738 | files=5507 | data=798 | cola= 340 | prio=50 | https://asfi.gob.bo/node/613
[FULL_10_ASFI_FINRURAL] t=3374.9s | pag=1739 | files=5519 | data=798 | cola= 339 | prio=50 | https://asfi.gob.bo/node/616
[FULL_10_ASFI_FINRURAL] t=3375.8s | pag=1740 | files=5531 | data=798 | cola= 338 | prio=50 | https://asfi.gob.bo/node/617
[FULL_10_ASFI_FINRURAL] t=3376.5s | pag=1741 | files=5543 | data=798 | cola= 337 | prio=50 | https://asfi.gob.bo/node/618
[FULL_10_ASFI_FINRURAL] t=3377.5s | pag=1742 | files=5555 | data=798 | cola= 336 | prio=50 | https://asfi.gob.bo/node/620
[FULL_10_ASFI_FINRURAL] t=3378.1s | pag=1743 | files=5566 | data=798 | cola= 335 | prio=50 | https://asfi.gob.bo/node/621
[FULL_10_ASFI_FINRURAL] t=3378.6s | pag=1744 | files=5578 | data=798 | cola= 334 | prio=50 | https://asfi.gob.bo/node/622
[FULL_10_ASFI_FINRURAL] t=3379.1s | pag=1745 | files=5590 | data=799 | cola= 333 | prio=50 | https://asfi.gob.bo/node/623
[FULL_10_ASFI_FINRURAL] t=3380.0s | pag=1746 | files=5602 | data=799 | cola= 332 | prio=50 | https://asfi.gob.bo/node/624
[FULL_10_ASFI_FINRURAL] t=3380.6s | pag=1747 | files=5614 | data=799 | cola= 331 | prio=50 | https://asfi.gob.bo/node/626
[FULL_10_ASFI_FINRURAL] t=3381.3s | pag=1748 | files=5626 | data=799 | cola= 330 | prio=50 | https://asfi.gob.bo/node/627
[FULL_10_ASFI_FINRURAL] t=3382.2s | pag=1749 | files=5638 | data=799 | cola= 329 | prio=50 | https://asfi.gob.bo/node/628
[FULL_10_ASFI_FINRURAL] t=3383.0s | pag=1750 | files=5650 | data=799 | cola= 328 | prio=50 | https://asfi.gob.bo/node/629
[FULL_10_ASFI_FINRURAL] t=3383.7s | pag=1751 | files=5662 | data=799 | cola= 327 | prio=50 | https://asfi.gob.bo/node/630
[FULL_10_ASFI_FINRURAL] t=3384.3s | pag=1752 | files=5674 | data=799 | cola= 326 | prio=50 | https://asfi.gob.bo/node/631
[FULL_10_ASFI_FINRURAL] DATASETS=800 | data_html_table | https://asfi.gob.bo/node/631
[FULL_10_ASFI_FINRURAL] t=3384.8s | pag=1753 | files=5686 | data=800 | cola= 325 | prio=50 | https://asfi.gob.bo/node/632
[FULL_10_ASFI_FINRURAL] t=3385.8s | pag=1754 | files=5698 | data=800 | cola= 324 | prio=50 | https://asfi.gob.bo/node/633
[FULL_10_ASFI_FINRURAL] t=3386.7s | pag=1755 | files=5710 | data=800 | cola= 323 | prio=50 | https://asfi.gob.bo/node/634
[FULL_10_ASFI_FINRURAL] t=3387.1s | pag=1756 | files=5722 | data=800 | cola= 322 | prio=50 | https://asfi.gob.bo/node/635
[FULL_10_ASFI_FINRURAL] t=3388.0s | pag=1757 | files=5734 | data=800 | cola= 321 | prio=50 | https://asfi.gob.bo/node/636
[FULL_10_ASFI_FINRURAL] t=3388.9s | pag=1758 | files=5746 | data=800 | cola= 320 | prio=50 | https://asfi.gob.bo/node/637
[FULL_10_ASFI_FINRURAL] t=3389.4s | pag=1759 | files=5758 | data=800 | cola= 319 | prio=50 | https://asfi.gob.bo/node/638
[FULL_10_ASFI_FINRURAL] t=3390.1s | pag=1760 | files=5770 | data=800 | cola= 318 | prio=50 | https://asfi.gob.bo/node/639
[FULL_10_ASFI_FINRURAL] t=3390.5s | pag=1761 | files=5782 | data=801 | cola= 317 | prio=50 | https://asfi.gob.bo/node/640
[FULL_10_ASFI_FINRURAL] t=3391.0s | pag=1762 | files=5794 | data=801 | cola= 316 | prio=50 | https://asfi.gob.bo/node/641
[FULL_10_ASFI_FINRURAL] t=3391.7s | pag=1763 | files=5806 | data=801 | cola= 315 | prio=50 | https://asfi.gob.bo/node/642
[FULL_10_ASFI_FINRURAL] t=3392.3s | pag=1764 | files=5818 | data=801 | cola= 314 | prio=50 | https://asfi.gob.bo/node/643
[FULL_10_ASFI_FINRURAL] t=3393.2s | pag=1765 | files=5830 | data=801 | cola= 313 | prio=50 | https://asfi.gob.bo/node/644
[FULL_10_ASFI_FINRURAL] t=3394.0s | pag=1766 | files=5842 | data=801 | cola= 312 | prio=50 | https://asfi.gob.bo/node/645
[FULL_10_ASFI_FINRURAL] t=3394.6s | pag=1767 | files=5854 | data=801 | cola= 311 | prio=50 | https://asfi.gob.bo/node/646
[FULL_10_ASFI_FINRURAL] t=3395.2s | pag=1768 | files=5866 | data=801 | cola= 310 | prio=50 | https://asfi.gob.bo/node/647
[FULL_10_ASFI_FINRURAL] t=3396.1s | pag=1769 | files=5878 | data=802 | cola= 309 | prio=50 | https://asfi.gob.bo/node/648
[FULL_10_ASFI_FINRURAL] t=3396.7s | pag=1770 | files=5890 | data=802 | cola= 308 | prio=50 | https://asfi.gob.bo/node/649
[FULL_10_ASFI_FINRURAL] t=3397.5s | pag=1771 | files=5902 | data=802 | cola= 307 | prio=50 | https://asfi.gob.bo/node/650
[FULL_10_ASFI_FINRURAL] t=3397.9s | pag=1772 | files=5914 | data=802 | cola= 306 | prio=50 | https://asfi.gob.bo/node/651
[FULL_10_ASFI_FINRURAL] t=3398.8s | pag=1773 | files=5926 | data=802 | cola= 305 | prio=50 | https://asfi.gob.bo/node/652
[FULL_10_ASFI_FINRURAL] t=3399.8s | pag=1774 | files=5938 | data=802 | cola= 304 | prio=50 | https://asfi.gob.bo/node/653
[FULL_10_ASFI_FINRURAL] t=3400.7s | pag=1775 | files=5950 | data=802 | cola= 303 | prio=50 | https://asfi.gob.bo/node/654
[FULL_10_ASFI_FINRURAL] t=3401.8s | pag=1776 | files=5962 | data=802 | cola= 302 | prio=50 | https://asfi.gob.bo/node/655
[FULL_10_ASFI_FINRURAL] t=3402.2s | pag=1777 | files=5974 | data=803 | cola= 301 | prio=50 | https://asfi.gob.bo/node/656
[FULL_10_ASFI_FINRURAL] t=3403.1s | pag=1778 | files=5986 | data=803 | cola= 300 | prio=50 | https://asfi.gob.bo/node/657
[FULL_10_ASFI_FINRURAL] t=3403.6s | pag=1779 | files=5998 | data=803 | cola= 299 | prio=50 | https://asfi.gob.bo/la/programa-pagares-2026
[FULL_10_ASFI_FINRURAL] t=3404.4s | pag=1780 | files=6003 | data=803 | cola= 298 | prio=50 | https://asfi.gob.bo/node/513
[FULL_10_ASFI_FINRURAL] t=3404.9s | pag=1781 | files=6019 | data=803 | cola= 297 | prio=50 | https://asfi.gob.bo/node/518
[FULL_10_ASFI_FINRURAL] t=3405.5s | pag=1782 | files=6028 | data=803 | cola= 296 | prio=50 | https://asfi.gob.bo/node/523
[FULL_10_ASFI_FINRURAL] t=3406.3s | pag=1783 | files=6033 | data=803 | cola= 295 | prio=50 | https://asfi.gob.bo/node/528
[FULL_10_ASFI_FINRURAL] t=3407.1s | pag=1784 | files=6037 | data=803 | cola= 294 | prio=50 | https://asfi.gob.bo/node/533
[FULL_10_ASFI_FINRURAL] t=3408.0s | pag=1785 | files=6042 | data=803 | cola= 293 | prio=50 | https://asfi.gob.bo/node/538
[FULL_10_ASFI_FINRURAL] t=3408.7s | pag=1786 | files=6046 | data=803 | cola= 292 | prio=50 | https://asfi.gob.bo/node/543
[FULL_10_ASFI_FINRURAL] t=3409.6s | pag=1787 | files=6048 | data=803 | cola= 291 | prio=50 | https://asfi.gob.bo/node/548
[FULL_10_ASFI_FINRURAL] t=3410.1s | pag=1788 | files=6049 | data=803 | cola= 290 | prio=50 | https://asfi.gob.bo/node/553
[FULL_10_ASFI_FINRURAL] t=3410.9s | pag=1789 | files=6052 | data=803 | cola= 289 | prio=50 | https://asfi.gob.bo/node/558
[FULL_10_ASFI_FINRURAL] t=3411.8s | pag=1790 | files=6052 | data=803 | cola= 288 | prio=50 | https://asfi.gob.bo/node/563
[FULL_10_ASFI_FINRURAL] t=3412.5s | pag=1791 | files=6054 | data=803 | cola= 287 | prio=50 | https://asfi.gob.bo/node/568
[FULL_10_ASFI_FINRURAL] t=3412.9s | pag=1792 | files=6055 | data=803 | cola= 286 | prio=50 | https://asfi.gob.bo/node/573
[FULL_10_ASFI_FINRURAL] t=3413.5s | pag=1793 | files=6060 | data=803 | cola= 285 | prio=50 | https://asfi.gob.bo/node/578
[FULL_10_ASFI_FINRURAL] t=3414.4s | pag=1794 | files=6061 | data=803 | cola= 284 | prio=50 | https://asfi.gob.bo/node/583
[FULL_10_ASFI_FINRURAL] t=3414.8s | pag=1795 | files=6066 | data=803 | cola= 283 | prio=50 | https://asfi.gob.bo/node/588
[FULL_10_ASFI_FINRURAL] t=3415.4s | pag=1796 | files=6072 | data=803 | cola= 282 | prio=50 | https://asfi.gob.bo/la/cd-gestion-2026
[FULL_10_ASFI_FINRURAL] t=3425.2s | pag=1797 | files=6079 | data=803 | cola= 281 | prio=50 | https://asfi.gob.bo/node/1012
[FULL_10_ASFI_FINRURAL] t=3441.3s | pag=1798 | files=6091 | data=803 | cola= 280 | prio=50 | https://asfi.gob.bo/node/1013
[FULL_10_ASFI_FINRURAL] t=3454.5s | pag=1799 | files=6103 | data=803 | cola= 279 | prio=50 | https://asfi.gob.bo/node/1014
[FULL_10_ASFI_FINRURAL] t=3470.6s | pag=1800 | files=6115 | data=803 | cola= 278 | prio=50 | https://asfi.gob.bo/node/1015
[FULL_10_ASFI_FINRURAL] t=3486.1s | pag=1801 | files=6127 | data=803 | cola= 277 | prio=50 | https://asfi.gob.bo/node/1016
[FULL_10_ASFI_FINRURAL] t=3501.4s | pag=1802 | files=6139 | data=803 | cola= 276 | prio=50 | https://asfi.gob.bo/node/1017
[FULL_10_ASFI_FINRURAL] t=3517.6s | pag=1803 | files=6151 | data=803 | cola= 275 | prio=50 | https://asfi.gob.bo/node/1018
[FULL_10_ASFI_FINRURAL] t=3532.5s | pag=1804 | files=6163 | data=803 | cola= 274 | prio=50 | https://asfi.gob.bo/node/1019
[FULL_10_ASFI_FINRURAL] t=3548.5s | pag=1805 | files=6175 | data=803 | cola= 273 | prio=50 | https://asfi.gob.bo/node/1020
[FULL_10_ASFI_FINRURAL] t=3564.4s | pag=1806 | files=6187 | data=803 | cola= 272 | prio=50 | https://asfi.gob.bo/node/1021
[FULL_10_ASFI_FINRURAL] t=3579.5s | pag=1807 | files=6199 | data=803 | cola= 271 | prio=50 | https://asfi.gob.bo/node/1022
[FULL_10_ASFI_FINRURAL] t=3593.7s | pag=1808 | files=6211 | data=803 | cola= 270 | prio=50 | https://asfi.gob.bo/node/1023
[FULL_10_ASFI_FINRURAL] t=3609.0s | pag=1809 | files=6223 | data=803 | cola= 269 | prio=50 | https://asfi.gob.bo/node/1024
[FULL_10_ASFI_FINRURAL] t=3625.2s | pag=1810 | files=6235 | data=803 | cola= 268 | prio=50 | https://asfi.gob.bo/node/1025
[FULL_10_ASFI_FINRURAL] t=3641.7s | pag=1811 | files=6247 | data=803 | cola= 267 | prio=50 | https://asfi.gob.bo/node/1026
[FULL_10_ASFI_FINRURAL] t=3657.8s | pag=1812 | files=6259 | data=803 | cola= 266 | prio=50 | https://asfi.gob.bo/la/entidades-segundo-piso-gestion-2015
[FULL_10_ASFI_FINRURAL] t=3658.4s | pag=1813 | files=6259 | data=803 | cola= 265 | prio=50 | https://asfi.gob.bo/la/entidades-segundo-piso-gestion-2014
[FULL_10_ASFI_FINRURAL] t=3659.0s | pag=1814 | files=6259 | data=803 | cola= 264 | prio=50 | https://asfi.gob.bo/la/estados-financieros-resumidos-gestion-2025
[FULL_10_ASFI_FINRURAL] t=3672.7s | pag=1815 | files=6269 | data=803 | cola= 263 | prio=50 | https://asfi.gob.bo/la/estados-financieros-resumidos-gestion-2024
[FULL_10_ASFI_FINRURAL] t=3673.5s | pag=1816 | files=6281 | data=803 | cola= 262 | prio=50 | https://asfi.gob.bo/la/estados-financieros-resumidos-gestion-2023
[FULL_10_ASFI_FINRURAL] t=3674.0s | pag=1817 | files=6293 | data=803 | cola= 261 | prio=50 | https://asfi.gob.bo/la/estados-financieros-resumidos-gestion-2022
[FULL_10_ASFI_FINRURAL] t=3674.4s | pag=1818 | files=6305 | data=803 | cola= 260 | prio=50 | https://asfi.gob.bo/la/estados-financieros-resumidos-gestion-2021
[FULL_10_ASFI_FINRURAL] t=3675.1s | pag=1819 | files=6317 | data=803 | cola= 259 | prio=50 | https://asfi.gob.bo/la/estados-financieros-resumidos-gestion-2020
[FULL_10_ASFI_FINRURAL] t=3675.7s | pag=1820 | files=6329 | data=803 | cola= 258 | prio=50 | https://asfi.gob.bo/la/estados-financieros-resumidos-gestion-2019
[FULL_10_ASFI_FINRURAL] t=3676.2s | pag=1821 | files=6341 | data=803 | cola= 257 | prio=50 | https://asfi.gob.bo/la/estados-financieros-resumidos-gestion-2018
[FULL_10_ASFI_FINRURAL] t=3676.8s | pag=1822 | files=6353 | data=803 | cola= 256 | prio=50 | https://asfi.gob.bo/la/estados-financieros-resumidos-gestion-2017
[FULL_10_ASFI_FINRURAL] t=3677.3s | pag=1823 | files=6365 | data=803 | cola= 255 | prio=50 | https://asfi.gob.bo/la/estados-financieros-resumidos-gestion-2016
[FULL_10_ASFI_FINRURAL] t=3678.1s | pag=1824 | files=6377 | data=803 | cola= 254 | prio=50 | https://asfi.gob.bo/la/estados-financieros-resumidos-gestion-2015
[FULL_10_ASFI_FINRURAL] t=3678.5s | pag=1825 | files=6380 | data=803 | cola= 253 | prio=50 | https://asfi.gob.bo/la/banco-central-estados-financieros-2023
[FULL_10_ASFI_FINRURAL] t=3678.9s | pag=1826 | files=6381 | data=803 | cola= 252 | prio=50 | https://asfi.gob.bo/la/banco-central-estados-financieros-2022
[FULL_10_ASFI_FINRURAL] t=3679.6s | pag=1827 | files=6393 | data=803 | cola= 251 | prio=50 | https://asfi.gob.bo/la/banco-central-estados-financieros-2021
[FULL_10_ASFI_FINRURAL] t=3680.4s | pag=1828 | files=6405 | data=803 | cola= 250 | prio=50 | https://asfi.gob.bo/la/banco-central-estados-financieros-2020
[FULL_10_ASFI_FINRURAL] t=3680.9s | pag=1829 | files=6417 | data=803 | cola= 249 | prio=50 | https://asfi.gob.bo/la/banco-central-estados-financieros-2019
[FULL_10_ASFI_FINRURAL] t=3681.8s | pag=1830 | files=6429 | data=803 | cola= 248 | prio=50 | https://asfi.gob.bo/la/banco-central-estados-financieros-2018
[FULL_10_ASFI_FINRURAL] t=3682.8s | pag=1831 | files=6441 | data=803 | cola= 247 | prio=50 | https://asfi.gob.bo/la/banco-central-estados-financieros-2017
[FULL_10_ASFI_FINRURAL] t=3683.2s | pag=1832 | files=6453 | data=803 | cola= 246 | prio=50 | https://asfi.gob.bo/la/banco-central-estados-financieros-2016
[FULL_10_ASFI_FINRURAL] t=3683.7s | pag=1833 | files=6465 | data=803 | cola= 245 | prio=50 | https://asfi.gob.bo/la/banco-central-estados-financieros-2015
[FULL_10_ASFI_FINRURAL] t=3684.2s | pag=1834 | files=6477 | data=803 | cola= 244 | prio=50 | https://asfi.gob.bo/la/banco-central-estados-financieros-2014
[FULL_10_ASFI_FINRURAL] t=3684.7s | pag=1835 | files=6489 | data=803 | cola= 243 | prio=50 | https://asfi.gob.bo/la/banco-central-estados-financieros-2013
[FULL_10_ASFI_FINRURAL] t=3685.7s | pag=1836 | files=6501 | data=803 | cola= 242 | prio=50 | https://asfi.gob.bo/la/fogavisp-fogacp-y-fogagre-2026
[FULL_10_ASFI_FINRURAL] t=3689.6s | pag=1837 | files=6504 | data=803 | cola= 241 | prio=50 | https://asfi.gob.bo/la/fogavisp-fogacp-y-fogagre-2025
[FULL_10_ASFI_FINRURAL] t=3705.6s | pag=1838 | files=6516 | data=803 | cola= 240 | prio=50 | https://asfi.gob.bo/la/fogavisp-fogacp-y-fogagre-2024
[FULL_10_ASFI_FINRURAL] t=3706.5s | pag=1839 | files=6528 | data=803 | cola= 239 | prio=50 | https://asfi.gob.bo/la/fogavisp-fogacp-y-fogagre-2023
[FULL_10_ASFI_FINRURAL] t=3707.3s | pag=1840 | files=6540 | data=803 | cola= 238 | prio=50 | https://asfi.gob.bo/la/fogavisp-fogacp-y-fogagre-2022
[FULL_10_ASFI_FINRURAL] t=3708.2s | pag=1841 | files=6552 | data=803 | cola= 237 | prio=50 | https://asfi.gob.bo/la/fogavisp-fogacp-y-fogagre-2021
[FULL_10_ASFI_FINRURAL] t=3709.2s | pag=1842 | files=6564 | data=803 | cola= 236 | prio=50 | https://asfi.gob.bo/la/fogavisp-fogacp-y-fogagre-2020
[FULL_10_ASFI_FINRURAL] t=3710.0s | pag=1843 | files=6576 | data=803 | cola= 235 | prio=50 | https://asfi.gob.bo/la/fogavisp-fogacp-y-fogagre-2019
[FULL_10_ASFI_FINRURAL] t=3710.8s | pag=1844 | files=6588 | data=803 | cola= 234 | prio=50 | https://asfi.gob.bo/la/fogavisp-fogacp-y-fogagre-2018
[FULL_10_ASFI_FINRURAL] t=3711.2s | pag=1845 | files=6591 | data=803 | cola= 233 | prio=50 | https://barometro.asfi.gob.bo/articles/20260601-banca-digital-tramites
[FULL_10_ASFI_FINRURAL] t=3712.1s | pag=1846 | files=6591 | data=803 | cola= 232 | prio=50 | https://barometro.asfi.gob.bo/estudios/documentos/20251231-trayectoria-crediticia
[FULL_10_ASFI_FINRURAL] t=3712.7s | pag=1847 | files=6592 | data=803 | cola= 231 | prio=50 | https://asfi.gob.bo/node/1066
[FULL_10_ASFI_FINRURAL] t=3713.3s | pag=1848 | files=6593 | data=803 | cola= 230 | prio=50 | https://asfi.gob.bo/node/1067
[FULL_10_ASFI_FINRURAL] t=3713.9s | pag=1849 | files=6594 | data=803 | cola= 229 | prio=50 | https://asfi.gob.bo/ei/banco-central-bolivia
[FULL_10_ASFI_FINRURAL] t=3714.6s | pag=1850 | files=6594 | data=803 | cola= 228 | prio=50 | https://asfi.gob.bo/ei/ministerio-economia-y-finanzas
[FULL_10_ASFI_FINRURAL] t=3715.4s | pag=1851 | files=6594 | data=803 | cola= 227 | prio=70 | https://www.asfi.gob.bo/pb/mision-vision-y-valores
[FULL_10_ASFI_FINRURAL] t=3715.9s | pag=1852 | files=6594 | data=803 | cola= 226 | prio=70 | https://www.asfi.gob.bo/pb/unidad-transparencia-y-lucha-contra-corrupcion-utlcc
[FULL_10_ASFI_FINRURAL] t=3716.6s | pag=1853 | files=6594 | data=803 | cola= 225 | prio=70 | https://www.asfi.gob.bo/pb/codigo-etica-asfi
[FULL_10_ASFI_FINRURAL] t=3717.1s | pag=1854 | files=6595 | data=803 | cola= 224 | prio=70 | https://www.asfi.gob.bo/pb/normativa-referida-transparencia-y-lucha-contra-corrupcion-aplicable-asfi
[FULL_10_ASFI_FINRURAL] t=3717.7s | pag=1855 | files=6602 | data=803 | cola= 223 | prio=70 | https://www.asfi.gob.bo/pb/etica-publica
[FULL_10_ASFI_FINRURAL] t=3718.6s | pag=1856 | files=6604 | data=803 | cola= 223 | prio=50 | https://www.asfi.gob.bo/pb/decalogo-y-servidores-publicos
[FULL_10_ASFI_FINRURAL] t=3719.0s | pag=1857 | files=6604 | data=803 | cola= 222 | prio=70 | https://www.asfi.gob.bo/galeria-multimedia
[FULL_10_ASFI_FINRURAL] t=3719.6s | pag=1858 | files=6604 | data=803 | cola= 227 | prio=50 | https://www.asfi.gob.bo/gal/conferencia-prensa-nuevas-medidas-emitidas-asfi-para-beneficiar-prestatarios
[FULL_10_ASFI_FINRURAL] t=3720.4s | pag=1859 | files=6604 | data=803 | cola= 226 | prio=50 | https://www.asfi.gob.bo/gal/banca-digital-ciberdelincuencia-y-regulacion
[FULL_10_ASFI_FINRURAL] t=3721.2s | pag=1860 | files=6604 | data=803 | cola= 225 | prio=50 | https://www.asfi.gob.bo/gal/iv-foro-internacional-finanzas-sostenibles
[FULL_10_ASFI_FINRURAL] t=3722.1s | pag=1861 | files=6604 | data=803 | cola= 224 | prio=50 | https://www.asfi.gob.bo/gal/universidad-publica-alto-upea
[FULL_10_ASFI_FINRURAL] t=3722.9s | pag=1862 | files=6604 | data=803 | cola= 223 | prio=50 | https://www.asfi.gob.bo/gal/exposicion-personas-discapacidad
[FULL_10_ASFI_FINRURAL] t=3723.6s | pag=1863 | files=6604 | data=803 | cola= 222 | prio=50 | https://www.asfi.gob.bo/gal/reunion-prestatarios-afectados-su-capacidad-pago
[FULL_10_ASFI_FINRURAL] t=3724.1s | pag=1864 | files=6604 | data=803 | cola= 221 | prio=70 | https://www.asfi.gob.bo/pagina-de-autoridades
[FULL_10_ASFI_FINRURAL] t=3724.6s | pag=1865 | files=6604 | data=803 | cola= 221 | prio=40 | https://www.asfi.gob.bo/pagina-de-autoridades?page=1
[FULL_10_ASFI_FINRURAL] t=3725.3s | pag=1866 | files=6604 | data=803 | cola= 221 | prio=40 | https://www.asfi.gob.bo/pagina-de-autoridades?page=0
[FULL_10_ASFI_FINRURAL] t=3726.0s | pag=1867 | files=6604 | data=803 | cola= 220 | prio=70 | https://www.asfi.gob.bo//node/884
[FULL_10_ASFI_FINRURAL] t=3727.0s | pag=1868 | files=6604 | data=803 | cola= 219 | prio=70 | https://www.asfi.gob.bo//node/356
[FULL_10_ASFI_FINRURAL] t=3727.9s | pag=1869 | files=6604 | data=803 | cola= 218 | prio=70 | https://www.asfi.gob.bo//node/355
[FULL_10_ASFI_FINRURAL] t=3728.7s | pag=1870 | files=6604 | data=803 | cola= 217 | prio=70 | https://www.asfi.gob.bo//node/354
[FULL_10_ASFI_FINRURAL] t=3729.6s | pag=1871 | files=6604 | data=803 | cola= 216 | prio=70 | https://www.asfi.gob.bo//node/353
[FULL_10_ASFI_FINRURAL] t=3730.1s | pag=1872 | files=6604 | data=803 | cola= 215 | prio=70 | https://www.asfi.gob.bo//node/352
[FULL_10_ASFI_FINRURAL] t=3731.0s | pag=1873 | files=6604 | data=803 | cola= 214 | prio=70 | https://www.asfi.gob.bo//node/351
[FULL_10_ASFI_FINRURAL] t=3731.6s | pag=1874 | files=6604 | data=803 | cola= 213 | prio=70 | https://www.asfi.gob.bo//node/350
[FULL_10_ASFI_FINRURAL] t=3732.6s | pag=1875 | files=6604 | data=803 | cola= 212 | prio=70 | https://www.asfi.gob.bo//node/349
[FULL_10_ASFI_FINRURAL] t=3733.4s | pag=1876 | files=6604 | data=803 | cola= 211 | prio=70 | https://www.asfi.gob.bo//node/348
[FULL_10_ASFI_FINRURAL] t=3734.1s | pag=1877 | files=6604 | data=803 | cola= 210 | prio=70 | https://www.asfi.gob.bo//node/347
[FULL_10_ASFI_FINRURAL] t=3735.1s | pag=1878 | files=6604 | data=803 | cola= 209 | prio=70 | https://www.asfi.gob.bo//node/346
[FULL_10_ASFI_FINRURAL] t=3735.8s | pag=1879 | files=6604 | data=803 | cola= 208 | prio=70 | https://www.asfi.gob.bo//node/345
[FULL_10_ASFI_FINRURAL] t=3736.7s | pag=1880 | files=6604 | data=803 | cola= 207 | prio=70 | https://www.asfi.gob.bo//node/344
[FULL_10_ASFI_FINRURAL] t=3737.4s | pag=1881 | files=6604 | data=803 | cola= 206 | prio=70 | https://www.asfi.gob.bo//node/343
[FULL_10_ASFI_FINRURAL] t=3738.4s | pag=1882 | files=6604 | data=803 | cola= 205 | prio=70 | https://www.asfi.gob.bo//node/342
[FULL_10_ASFI_FINRURAL] t=3739.1s | pag=1883 | files=6604 | data=803 | cola= 204 | prio=70 | https://www.asfi.gob.bo//node/341
[FULL_10_ASFI_FINRURAL] t=3739.6s | pag=1884 | files=6604 | data=803 | cola= 203 | prio=70 | https://www.asfi.gob.bo//node/340
[FULL_10_ASFI_FINRURAL] t=3740.4s | pag=1885 | files=6604 | data=803 | cola= 202 | prio=70 | https://www.asfi.gob.bo//node/339
[FULL_10_ASFI_FINRURAL] t=3741.1s | pag=1886 | files=6604 | data=803 | cola= 201 | prio=70 | https://www.asfi.gob.bo//node/338
[FULL_10_ASFI_FINRURAL] t=3741.7s | pag=1887 | files=6604 | data=803 | cola= 200 | prio=70 | https://www.asfi.gob.bo//node/337
[FULL_10_ASFI_FINRURAL] t=3742.2s | pag=1888 | files=6604 | data=803 | cola= 199 | prio=70 | https://www.asfi.gob.bo//node/336
[FULL_10_ASFI_FINRURAL] t=3742.7s | pag=1889 | files=6604 | data=803 | cola= 198 | prio=70 | https://www.asfi.gob.bo//node/335
[FULL_10_ASFI_FINRURAL] t=3743.6s | pag=1890 | files=6604 | data=803 | cola= 197 | prio=70 | https://www.asfi.gob.bo//node/334
[FULL_10_ASFI_FINRURAL] t=3744.2s | pag=1891 | files=6604 | data=803 | cola= 196 | prio=70 | https://www.asfi.gob.bo//node/333
[FULL_10_ASFI_FINRURAL] t=3744.7s | pag=1892 | files=6604 | data=803 | cola= 195 | prio=70 | https://www.asfi.gob.bo//node/332
[FULL_10_ASFI_FINRURAL] t=3745.7s | pag=1893 | files=6604 | data=803 | cola= 194 | prio=70 | https://www.asfi.gob.bo//node/331
[FULL_10_ASFI_FINRURAL] t=3746.2s | pag=1894 | files=6604 | data=803 | cola= 193 | prio=70 | https://www.asfi.gob.bo//node/321
[FULL_10_ASFI_FINRURAL] t=3746.9s | pag=1895 | files=6604 | data=803 | cola= 192 | prio=70 | https://www.asfi.gob.bo//node/4
[FULL_10_ASFI_FINRURAL] t=3747.8s | pag=1896 | files=6604 | data=803 | cola= 191 | prio=70 | https://www.asfi.gob.bo//node/330
[FULL_10_ASFI_FINRURAL] t=3748.6s | pag=1897 | files=6604 | data=803 | cola= 190 | prio=70 | https://www.asfi.gob.bo//node/329
[FULL_10_ASFI_FINRURAL] t=3749.5s | pag=1898 | files=6604 | data=803 | cola= 189 | prio=70 | https://www.asfi.gob.bo//node/328
[FULL_10_ASFI_FINRURAL] t=3750.3s | pag=1899 | files=6604 | data=803 | cola= 188 | prio=70 | https://www.asfi.gob.bo//node/327
[FULL_10_ASFI_FINRURAL] t=3751.1s | pag=1900 | files=6604 | data=803 | cola= 187 | prio=70 | https://www.asfi.gob.bo//node/326
[FULL_10_ASFI_FINRURAL] t=3752.1s | pag=1901 | files=6604 | data=803 | cola= 186 | prio=70 | https://www.asfi.gob.bo//node/325
[FULL_10_ASFI_FINRURAL] t=3752.9s | pag=1902 | files=6604 | data=803 | cola= 185 | prio=70 | https://www.asfi.gob.bo//node/324
[FULL_10_ASFI_FINRURAL] t=3753.9s | pag=1903 | files=6604 | data=803 | cola= 184 | prio=70 | https://www.asfi.gob.bo//node/323
[FULL_10_ASFI_FINRURAL] t=3754.3s | pag=1904 | files=6604 | data=803 | cola= 183 | prio=70 | https://www.asfi.gob.bo//node/322
[FULL_10_ASFI_FINRURAL] t=3755.1s | pag=1905 | files=6604 | data=803 | cola= 182 | prio=70 | https://www.asfi.gob.bo/la/formularios-referenciales-para-ordenes-judiciales-retencion-suspension-remision-fondos-y-1
[FULL_10_ASFI_FINRURAL] t=3755.7s | pag=1906 | files=6605 | data=803 | cola= 181 | prio=70 | https://asfi.gob.bo/pb/mision-vision-y-valores
[FULL_10_ASFI_FINRURAL] t=3756.6s | pag=1907 | files=6605 | data=803 | cola= 180 | prio=70 | https://asfi.gob.bo/pb/unidad-transparencia-y-lucha-contra-corrupcion-utlcc
[FULL_10_ASFI_FINRURAL] t=3757.0s | pag=1908 | files=6605 | data=803 | cola= 179 | prio=70 | https://asfi.gob.bo/pb/codigo-etica-asfi
[FULL_10_ASFI_FINRURAL] t=3757.9s | pag=1909 | files=6606 | data=803 | cola= 178 | prio=70 | https://asfi.gob.bo/pb/normativa-referida-transparencia-y-lucha-contra-corrupcion-aplicable-asfi
[FULL_10_ASFI_FINRURAL] t=3758.9s | pag=1910 | files=6613 | data=803 | cola= 177 | prio=70 | https://asfi.gob.bo/pb/etica-publica
[FULL_10_ASFI_FINRURAL] t=3759.8s | pag=1911 | files=6615 | data=803 | cola= 177 | prio=50 | https://asfi.gob.bo/pb/decalogo-y-servidores-publicos
[FULL_10_ASFI_FINRURAL] t=3760.2s | pag=1912 | files=6615 | data=803 | cola= 176 | prio=70 | https://asfi.gob.bo/galeria-multimedia
[FULL_10_ASFI_FINRURAL] t=3760.7s | pag=1913 | files=6615 | data=803 | cola= 181 | prio=50 | https://asfi.gob.bo/gal/conferencia-prensa-nuevas-medidas-emitidas-asfi-para-beneficiar-prestatarios
[FULL_10_ASFI_FINRURAL] t=3761.6s | pag=1914 | files=6615 | data=803 | cola= 180 | prio=50 | https://asfi.gob.bo/gal/banca-digital-ciberdelincuencia-y-regulacion
[FULL_10_ASFI_FINRURAL] t=3762.3s | pag=1915 | files=6615 | data=803 | cola= 179 | prio=50 | https://asfi.gob.bo/gal/iv-foro-internacional-finanzas-sostenibles
[FULL_10_ASFI_FINRURAL] t=3763.2s | pag=1916 | files=6615 | data=803 | cola= 178 | prio=50 | https://asfi.gob.bo/gal/universidad-publica-alto-upea
[FULL_10_ASFI_FINRURAL] t=3763.6s | pag=1917 | files=6615 | data=803 | cola= 177 | prio=50 | https://asfi.gob.bo/gal/exposicion-personas-discapacidad
[FULL_10_ASFI_FINRURAL] t=3764.3s | pag=1918 | files=6615 | data=803 | cola= 176 | prio=50 | https://asfi.gob.bo/gal/reunion-prestatarios-afectados-su-capacidad-pago
[FULL_10_ASFI_FINRURAL] t=3765.4s | pag=1919 | files=6615 | data=803 | cola= 175 | prio=70 | https://asfi.gob.bo/pagina-de-autoridades
[FULL_10_ASFI_FINRURAL] t=3766.1s | pag=1920 | files=6615 | data=803 | cola= 175 | prio=40 | https://asfi.gob.bo/pagina-de-autoridades?page=1
[FULL_10_ASFI_FINRURAL] t=3766.5s | pag=1921 | files=6615 | data=803 | cola= 175 | prio=40 | https://asfi.gob.bo/pagina-de-autoridades?page=0
[FULL_10_ASFI_FINRURAL] t=3766.9s | pag=1922 | files=6615 | data=803 | cola= 174 | prio=70 | https://barometro.asfi.gob.bo/articles/20260703-trayectoria-creditos-microcredito
[FULL_10_ASFI_FINRURAL] t=3767.6s | pag=1923 | files=6615 | data=803 | cola= 173 | prio=70 | https://www.asfi.gob.bo/la/programa-emisiones-2026
[FULL_10_ASFI_FINRURAL] t=3768.5s | pag=1924 | files=6620 | data=803 | cola= 172 | prio=70 | https://www.asfi.gob.bo/la/emisiones-pagares-2026
[FULL_10_ASFI_FINRURAL] t=3769.0s | pag=1925 | files=6629 | data=803 | cola= 171 | prio=70 | https://www.asfi.gob.bo/la/emisiones-valores-titularizacion-2026
[FULL_10_ASFI_FINRURAL] t=3769.8s | pag=1926 | files=6629 | data=803 | cola= 170 | prio=70 | https://www.asfi.gob.bo/la/emisiones-bonos-2026
[FULL_10_ASFI_FINRURAL] t=3770.7s | pag=1927 | files=6641 | data=803 | cola= 169 | prio=70 | https://www.asfi.gob.bo/node/512
[FULL_10_ASFI_FINRURAL] t=3771.6s | pag=1928 | files=6648 | data=803 | cola= 168 | prio=70 | https://www.asfi.gob.bo/node/514
[FULL_10_ASFI_FINRURAL] t=3772.4s | pag=1929 | files=6698 | data=803 | cola= 167 | prio=70 | https://www.asfi.gob.bo/node/515
[FULL_10_ASFI_FINRURAL] t=3773.3s | pag=1930 | files=6705 | data=803 | cola= 166 | prio=70 | https://www.asfi.gob.bo/node/516
[FULL_10_ASFI_FINRURAL] t=3773.8s | pag=1931 | files=6734 | data=803 | cola= 165 | prio=70 | https://www.asfi.gob.bo/node/517
[FULL_10_ASFI_FINRURAL] t=3774.5s | pag=1932 | files=6747 | data=803 | cola= 164 | prio=70 | https://www.asfi.gob.bo/node/519
[FULL_10_ASFI_FINRURAL] t=3775.0s | pag=1933 | files=6770 | data=803 | cola= 163 | prio=70 | https://www.asfi.gob.bo/node/520
[FULL_10_ASFI_FINRURAL] t=3775.5s | pag=1934 | files=6770 | data=803 | cola= 162 | prio=70 | https://www.asfi.gob.bo/node/521
[FULL_10_ASFI_FINRURAL] t=3776.4s | pag=1935 | files=6796 | data=803 | cola= 161 | prio=70 | https://www.asfi.gob.bo/node/522
[FULL_10_ASFI_FINRURAL] t=3777.2s | pag=1936 | files=6804 | data=803 | cola= 160 | prio=70 | https://www.asfi.gob.bo/node/524
[FULL_10_ASFI_FINRURAL] t=3777.6s | pag=1937 | files=6817 | data=803 | cola= 159 | prio=70 | https://www.asfi.gob.bo/node/525
[FULL_10_ASFI_FINRURAL] t=3778.2s | pag=1938 | files=6820 | data=803 | cola= 158 | prio=70 | https://www.asfi.gob.bo/node/526
[FULL_10_ASFI_FINRURAL] t=3778.8s | pag=1939 | files=6849 | data=803 | cola= 157 | prio=70 | https://www.asfi.gob.bo/node/527
[FULL_10_ASFI_FINRURAL] t=3779.2s | pag=1940 | files=6855 | data=803 | cola= 156 | prio=70 | https://www.asfi.gob.bo/node/529
[FULL_10_ASFI_FINRURAL] t=3779.8s | pag=1941 | files=6863 | data=803 | cola= 155 | prio=70 | https://www.asfi.gob.bo/node/530
[FULL_10_ASFI_FINRURAL] t=3780.7s | pag=1942 | files=6864 | data=803 | cola= 154 | prio=70 | https://www.asfi.gob.bo/node/531
[FULL_10_ASFI_FINRURAL] t=3781.4s | pag=1943 | files=6885 | data=803 | cola= 153 | prio=70 | https://www.asfi.gob.bo/node/532
[FULL_10_ASFI_FINRURAL] t=3782.1s | pag=1944 | files=6895 | data=803 | cola= 152 | prio=70 | https://www.asfi.gob.bo/node/534
[FULL_10_ASFI_FINRURAL] t=3782.8s | pag=1945 | files=6909 | data=803 | cola= 151 | prio=70 | https://www.asfi.gob.bo/node/535
[FULL_10_ASFI_FINRURAL] t=3783.4s | pag=1946 | files=6913 | data=803 | cola= 150 | prio=70 | https://www.asfi.gob.bo/node/536
[FULL_10_ASFI_FINRURAL] t=3783.9s | pag=1947 | files=6937 | data=803 | cola= 149 | prio=70 | https://www.asfi.gob.bo/node/537
[FULL_10_ASFI_FINRURAL] t=3784.6s | pag=1948 | files=6950 | data=803 | cola= 148 | prio=70 | https://www.asfi.gob.bo/node/539
[FULL_10_ASFI_FINRURAL] t=3785.4s | pag=1949 | files=6964 | data=803 | cola= 147 | prio=70 | https://www.asfi.gob.bo/node/540
[FULL_10_ASFI_FINRURAL] t=3786.0s | pag=1950 | files=6969 | data=803 | cola= 146 | prio=70 | https://www.asfi.gob.bo/node/541
[FULL_10_ASFI_FINRURAL] t=3786.4s | pag=1951 | files=7004 | data=803 | cola= 145 | prio=70 | https://www.asfi.gob.bo/node/542
[FULL_10_ASFI_FINRURAL] t=3787.1s | pag=1952 | files=7017 | data=803 | cola= 144 | prio=70 | https://www.asfi.gob.bo/node/544
[FULL_10_ASFI_FINRURAL] t=3788.1s | pag=1953 | files=7025 | data=803 | cola= 143 | prio=70 | https://www.asfi.gob.bo/node/545
[FULL_10_ASFI_FINRURAL] t=3788.6s | pag=1954 | files=7030 | data=803 | cola= 142 | prio=70 | https://www.asfi.gob.bo/node/546
[FULL_10_ASFI_FINRURAL] t=3789.1s | pag=1955 | files=7057 | data=803 | cola= 141 | prio=70 | https://www.asfi.gob.bo/node/547
[FULL_10_ASFI_FINRURAL] t=3789.6s | pag=1956 | files=7063 | data=803 | cola= 140 | prio=70 | https://www.asfi.gob.bo/node/549
[FULL_10_ASFI_FINRURAL] t=3790.3s | pag=1957 | files=7067 | data=803 | cola= 139 | prio=70 | https://www.asfi.gob.bo/node/550
[FULL_10_ASFI_FINRURAL] t=3791.0s | pag=1958 | files=7072 | data=803 | cola= 138 | prio=70 | https://www.asfi.gob.bo/node/551
[FULL_10_ASFI_FINRURAL] t=3791.8s | pag=1959 | files=7085 | data=803 | cola= 137 | prio=70 | https://www.asfi.gob.bo/node/552
[FULL_10_ASFI_FINRURAL] t=3792.5s | pag=1960 | files=7093 | data=803 | cola= 136 | prio=70 | https://www.asfi.gob.bo/node/554
[FULL_10_ASFI_FINRURAL] t=3793.1s | pag=1961 | files=7100 | data=803 | cola= 135 | prio=70 | https://www.asfi.gob.bo/node/555
[FULL_10_ASFI_FINRURAL] t=3793.9s | pag=1962 | files=7105 | data=803 | cola= 134 | prio=70 | https://www.asfi.gob.bo/node/556
[FULL_10_ASFI_FINRURAL] t=3794.6s | pag=1963 | files=7127 | data=803 | cola= 133 | prio=70 | https://www.asfi.gob.bo/node/557
[FULL_10_ASFI_FINRURAL] t=3795.3s | pag=1964 | files=7135 | data=803 | cola= 132 | prio=70 | https://www.asfi.gob.bo/node/559
[FULL_10_ASFI_FINRURAL] t=3796.0s | pag=1965 | files=7144 | data=803 | cola= 131 | prio=70 | https://www.asfi.gob.bo/node/560
[FULL_10_ASFI_FINRURAL] t=3797.0s | pag=1966 | files=7147 | data=803 | cola= 130 | prio=70 | https://www.asfi.gob.bo/node/561
[FULL_10_ASFI_FINRURAL] t=3797.7s | pag=1967 | files=7181 | data=803 | cola= 129 | prio=70 | https://www.asfi.gob.bo/node/562
[FULL_10_ASFI_FINRURAL] t=3798.2s | pag=1968 | files=7191 | data=803 | cola= 128 | prio=70 | https://www.asfi.gob.bo/node/564
[FULL_10_ASFI_FINRURAL] t=3798.7s | pag=1969 | files=7195 | data=803 | cola= 127 | prio=70 | https://www.asfi.gob.bo/node/565
[FULL_10_ASFI_FINRURAL] t=3799.5s | pag=1970 | files=7196 | data=803 | cola= 126 | prio=70 | https://www.asfi.gob.bo/node/566
[FULL_10_ASFI_FINRURAL] t=3799.9s | pag=1971 | files=7230 | data=803 | cola= 125 | prio=70 | https://www.asfi.gob.bo/node/567
[FULL_10_ASFI_FINRURAL] t=3800.4s | pag=1972 | files=7244 | data=803 | cola= 124 | prio=70 | https://www.asfi.gob.bo/node/569
[FULL_10_ASFI_FINRURAL] t=3801.0s | pag=1973 | files=7249 | data=803 | cola= 123 | prio=70 | https://www.asfi.gob.bo/node/570
[FULL_10_ASFI_FINRURAL] t=3801.9s | pag=1974 | files=7251 | data=803 | cola= 122 | prio=70 | https://www.asfi.gob.bo/node/571
[FULL_10_ASFI_FINRURAL] t=3802.4s | pag=1975 | files=7273 | data=803 | cola= 121 | prio=70 | https://www.asfi.gob.bo/node/572
[FULL_10_ASFI_FINRURAL] t=3802.8s | pag=1976 | files=7287 | data=803 | cola= 120 | prio=70 | https://www.asfi.gob.bo/node/574
[FULL_10_ASFI_FINRURAL] t=3803.2s | pag=1977 | files=7295 | data=803 | cola= 119 | prio=70 | https://www.asfi.gob.bo/node/575
[FULL_10_ASFI_FINRURAL] t=3804.0s | pag=1978 | files=7297 | data=803 | cola= 118 | prio=70 | https://www.asfi.gob.bo/node/576
[FULL_10_ASFI_FINRURAL] t=3804.6s | pag=1979 | files=7325 | data=803 | cola= 117 | prio=70 | https://www.asfi.gob.bo/node/577
[FULL_10_ASFI_FINRURAL] t=3805.3s | pag=1980 | files=7339 | data=803 | cola= 116 | prio=70 | https://www.asfi.gob.bo/node/579
[FULL_10_ASFI_FINRURAL] t=3805.9s | pag=1981 | files=7348 | data=803 | cola= 115 | prio=70 | https://www.asfi.gob.bo/node/580
[FULL_10_ASFI_FINRURAL] t=3806.6s | pag=1982 | files=7352 | data=803 | cola= 114 | prio=70 | https://www.asfi.gob.bo/node/581
[FULL_10_ASFI_FINRURAL] t=3807.2s | pag=1983 | files=7373 | data=803 | cola= 113 | prio=70 | https://www.asfi.gob.bo/node/582
[FULL_10_ASFI_FINRURAL] t=3807.9s | pag=1984 | files=7385 | data=803 | cola= 112 | prio=70 | https://www.asfi.gob.bo/node/584
[FULL_10_ASFI_FINRURAL] t=3808.9s | pag=1985 | files=7398 | data=803 | cola= 111 | prio=70 | https://www.asfi.gob.bo/node/585
[FULL_10_ASFI_FINRURAL] t=3809.5s | pag=1986 | files=7399 | data=803 | cola= 110 | prio=70 | https://www.asfi.gob.bo/node/586
[FULL_10_ASFI_FINRURAL] t=3810.1s | pag=1987 | files=7410 | data=803 | cola= 109 | prio=70 | https://www.asfi.gob.bo/node/587
[FULL_10_ASFI_FINRURAL] t=3810.9s | pag=1988 | files=7416 | data=803 | cola= 108 | prio=70 | https://www.asfi.gob.bo/node/589
[FULL_10_ASFI_FINRURAL] t=3811.5s | pag=1989 | files=7417 | data=803 | cola= 107 | prio=70 | https://www.asfi.gob.bo/node/590
[FULL_10_ASFI_FINRURAL] t=3812.0s | pag=1990 | files=7421 | data=803 | cola= 106 | prio=70 | https://www.asfi.gob.bo/node/591
[FULL_10_ASFI_FINRURAL] t=3812.4s | pag=1991 | files=7443 | data=803 | cola= 105 | prio=70 | https://asfi.gob.bo//node/884
[FULL_10_ASFI_FINRURAL] t=3813.4s | pag=1992 | files=7443 | data=803 | cola= 104 | prio=70 | https://asfi.gob.bo//node/356
[FULL_10_ASFI_FINRURAL] t=3814.3s | pag=1993 | files=7443 | data=803 | cola= 103 | prio=70 | https://asfi.gob.bo//node/355
[FULL_10_ASFI_FINRURAL] t=3814.8s | pag=1994 | files=7443 | data=803 | cola= 102 | prio=70 | https://asfi.gob.bo//node/354
[FULL_10_ASFI_FINRURAL] t=3815.3s | pag=1995 | files=7443 | data=803 | cola= 101 | prio=70 | https://asfi.gob.bo//node/353
[FULL_10_ASFI_FINRURAL] t=3816.1s | pag=1996 | files=7443 | data=803 | cola= 100 | prio=70 | https://asfi.gob.bo//node/352
[FULL_10_ASFI_FINRURAL] t=3816.7s | pag=1997 | files=7443 | data=803 | cola=  99 | prio=70 | https://asfi.gob.bo//node/351
[FULL_10_ASFI_FINRURAL] t=3817.7s | pag=1998 | files=7443 | data=803 | cola=  98 | prio=70 | https://asfi.gob.bo//node/350
[FULL_10_ASFI_FINRURAL] t=3818.4s | pag=1999 | files=7443 | data=803 | cola=  97 | prio=70 | https://asfi.gob.bo//node/349
[FULL_10_ASFI_FINRURAL] t=3818.9s | pag=2000 | files=7443 | data=803 | cola=  96 | prio=70 | https://asfi.gob.bo//node/348
[FULL_10_ASFI_FINRURAL] t=3819.6s | pag=2001 | files=7443 | data=803 | cola=  95 | prio=70 | https://asfi.gob.bo//node/347
[FULL_10_ASFI_FINRURAL] t=3820.6s | pag=2002 | files=7443 | data=803 | cola=  94 | prio=70 | https://asfi.gob.bo//node/346
[FULL_10_ASFI_FINRURAL] t=3821.5s | pag=2003 | files=7443 | data=803 | cola=  93 | prio=70 | https://asfi.gob.bo//node/345
[FULL_10_ASFI_FINRURAL] t=3822.1s | pag=2004 | files=7443 | data=803 | cola=  92 | prio=70 | https://asfi.gob.bo//node/344
[FULL_10_ASFI_FINRURAL] t=3822.5s | pag=2005 | files=7443 | data=803 | cola=  91 | prio=70 | https://asfi.gob.bo//node/343
[FULL_10_ASFI_FINRURAL] t=3823.3s | pag=2006 | files=7443 | data=803 | cola=  90 | prio=70 | https://asfi.gob.bo//node/342
[FULL_10_ASFI_FINRURAL] t=3823.8s | pag=2007 | files=7443 | data=803 | cola=  89 | prio=70 | https://asfi.gob.bo//node/341
[FULL_10_ASFI_FINRURAL] t=3824.8s | pag=2008 | files=7443 | data=803 | cola=  88 | prio=70 | https://asfi.gob.bo//node/340
[FULL_10_ASFI_FINRURAL] t=3825.5s | pag=2009 | files=7443 | data=803 | cola=  87 | prio=70 | https://asfi.gob.bo//node/339
[FULL_10_ASFI_FINRURAL] t=3826.0s | pag=2010 | files=7443 | data=803 | cola=  86 | prio=70 | https://asfi.gob.bo//node/338
[FULL_10_ASFI_FINRURAL] t=3827.2s | pag=2011 | files=7443 | data=803 | cola=  85 | prio=70 | https://asfi.gob.bo//node/337
[FULL_10_ASFI_FINRURAL] t=3827.7s | pag=2012 | files=7443 | data=803 | cola=  84 | prio=70 | https://asfi.gob.bo//node/336
[FULL_10_ASFI_FINRURAL] t=3828.3s | pag=2013 | files=7443 | data=803 | cola=  83 | prio=70 | https://asfi.gob.bo//node/335
[FULL_10_ASFI_FINRURAL] t=3829.2s | pag=2014 | files=7443 | data=803 | cola=  82 | prio=70 | https://asfi.gob.bo//node/334
[FULL_10_ASFI_FINRURAL] t=3829.9s | pag=2015 | files=7443 | data=803 | cola=  81 | prio=70 | https://asfi.gob.bo//node/333
[FULL_10_ASFI_FINRURAL] t=3830.6s | pag=2016 | files=7443 | data=803 | cola=  80 | prio=70 | https://asfi.gob.bo//node/332
[FULL_10_ASFI_FINRURAL] t=3831.3s | pag=2017 | files=7443 | data=803 | cola=  79 | prio=70 | https://asfi.gob.bo//node/331
[FULL_10_ASFI_FINRURAL] t=3831.7s | pag=2018 | files=7443 | data=803 | cola=  78 | prio=70 | https://asfi.gob.bo//node/321
[FULL_10_ASFI_FINRURAL] t=3832.6s | pag=2019 | files=7443 | data=803 | cola=  77 | prio=70 | https://asfi.gob.bo//node/4
[FULL_10_ASFI_FINRURAL] t=3833.1s | pag=2020 | files=7443 | data=803 | cola=  76 | prio=70 | https://asfi.gob.bo//node/330
[FULL_10_ASFI_FINRURAL] t=3833.9s | pag=2021 | files=7443 | data=803 | cola=  75 | prio=70 | https://asfi.gob.bo//node/329
[FULL_10_ASFI_FINRURAL] t=3834.9s | pag=2022 | files=7443 | data=803 | cola=  74 | prio=70 | https://asfi.gob.bo//node/328
[FULL_10_ASFI_FINRURAL] t=3835.6s | pag=2023 | files=7443 | data=803 | cola=  73 | prio=70 | https://asfi.gob.bo//node/327
[FULL_10_ASFI_FINRURAL] t=3836.1s | pag=2024 | files=7443 | data=803 | cola=  72 | prio=70 | https://asfi.gob.bo//node/326
[FULL_10_ASFI_FINRURAL] t=3836.8s | pag=2025 | files=7443 | data=803 | cola=  71 | prio=70 | https://asfi.gob.bo//node/325
[FULL_10_ASFI_FINRURAL] t=3837.8s | pag=2026 | files=7443 | data=803 | cola=  70 | prio=70 | https://asfi.gob.bo//node/324
[FULL_10_ASFI_FINRURAL] t=3838.5s | pag=2027 | files=7443 | data=803 | cola=  69 | prio=70 | https://asfi.gob.bo//node/323
[FULL_10_ASFI_FINRURAL] t=3839.2s | pag=2028 | files=7443 | data=803 | cola=  68 | prio=70 | https://asfi.gob.bo//node/322
[FULL_10_ASFI_FINRURAL] t=3839.9s | pag=2029 | files=7443 | data=803 | cola=  67 | prio=70 | https://asfi.gob.bo/la/programa-emisiones-2026
[FULL_10_ASFI_FINRURAL] t=3840.7s | pag=2030 | files=7448 | data=803 | cola=  66 | prio=70 | https://asfi.gob.bo/la/emisiones-pagares-2026
[FULL_10_ASFI_FINRURAL] t=3841.5s | pag=2031 | files=7457 | data=803 | cola=  65 | prio=70 | https://asfi.gob.bo/la/emisiones-valores-titularizacion-2026
[FULL_10_ASFI_FINRURAL] t=3842.3s | pag=2032 | files=7457 | data=803 | cola=  64 | prio=70 | https://asfi.gob.bo/la/emisiones-bonos-2026
[FULL_10_ASFI_FINRURAL] t=3842.7s | pag=2033 | files=7469 | data=803 | cola=  63 | prio=70 | https://asfi.gob.bo/node/512
[FULL_10_ASFI_FINRURAL] t=3843.6s | pag=2034 | files=7476 | data=803 | cola=  62 | prio=70 | https://asfi.gob.bo/node/514
[FULL_10_ASFI_FINRURAL] t=3844.6s | pag=2035 | files=7526 | data=803 | cola=  61 | prio=70 | https://asfi.gob.bo/node/515
[FULL_10_ASFI_FINRURAL] t=3845.1s | pag=2036 | files=7533 | data=803 | cola=  60 | prio=70 | https://asfi.gob.bo/node/516
[FULL_10_ASFI_FINRURAL] t=3845.8s | pag=2037 | files=7562 | data=803 | cola=  59 | prio=70 | https://asfi.gob.bo/node/517
[FULL_10_ASFI_FINRURAL] t=3846.1s | pag=2038 | files=7575 | data=803 | cola=  58 | prio=70 | https://asfi.gob.bo/node/519
[FULL_10_ASFI_FINRURAL] t=3846.9s | pag=2039 | files=7598 | data=803 | cola=  57 | prio=70 | https://asfi.gob.bo/node/520
[FULL_10_ASFI_FINRURAL] t=3847.7s | pag=2040 | files=7598 | data=803 | cola=  56 | prio=70 | https://asfi.gob.bo/node/521
[FULL_10_ASFI_FINRURAL] t=3848.6s | pag=2041 | files=7624 | data=803 | cola=  55 | prio=70 | https://asfi.gob.bo/node/522
[FULL_10_ASFI_FINRURAL] t=3849.0s | pag=2042 | files=7632 | data=803 | cola=  54 | prio=70 | https://asfi.gob.bo/node/524
[FULL_10_ASFI_FINRURAL] t=3849.5s | pag=2043 | files=7645 | data=803 | cola=  53 | prio=70 | https://asfi.gob.bo/node/525
[FULL_10_ASFI_FINRURAL] t=3850.3s | pag=2044 | files=7648 | data=803 | cola=  52 | prio=70 | https://asfi.gob.bo/node/526
[FULL_10_ASFI_FINRURAL] t=3851.4s | pag=2045 | files=7677 | data=803 | cola=  51 | prio=70 | https://asfi.gob.bo/node/527
[FULL_10_ASFI_FINRURAL] t=3852.1s | pag=2046 | files=7683 | data=803 | cola=  50 | prio=70 | https://asfi.gob.bo/node/529
[FULL_10_ASFI_FINRURAL] t=3853.0s | pag=2047 | files=7691 | data=803 | cola=  49 | prio=70 | https://asfi.gob.bo/node/530
[FULL_10_ASFI_FINRURAL] t=3853.5s | pag=2048 | files=7692 | data=803 | cola=  48 | prio=70 | https://asfi.gob.bo/node/531
[FULL_10_ASFI_FINRURAL] t=3854.4s | pag=2049 | files=7713 | data=803 | cola=  47 | prio=70 | https://asfi.gob.bo/node/532
[FULL_10_ASFI_FINRURAL] t=3854.9s | pag=2050 | files=7723 | data=803 | cola=  46 | prio=70 | https://asfi.gob.bo/node/534
[FULL_10_ASFI_FINRURAL] t=3855.6s | pag=2051 | files=7737 | data=803 | cola=  45 | prio=70 | https://asfi.gob.bo/node/535
[FULL_10_ASFI_FINRURAL] t=3856.3s | pag=2052 | files=7741 | data=803 | cola=  44 | prio=70 | https://asfi.gob.bo/node/536
[FULL_10_ASFI_FINRURAL] t=3856.8s | pag=2053 | files=7765 | data=803 | cola=  43 | prio=70 | https://asfi.gob.bo/node/537
[FULL_10_ASFI_FINRURAL] t=3857.7s | pag=2054 | files=7778 | data=803 | cola=  42 | prio=70 | https://asfi.gob.bo/node/539
[FULL_10_ASFI_FINRURAL] t=3858.1s | pag=2055 | files=7792 | data=803 | cola=  41 | prio=70 | https://asfi.gob.bo/node/540
[FULL_10_ASFI_FINRURAL] t=3858.6s | pag=2056 | files=7797 | data=803 | cola=  40 | prio=70 | https://asfi.gob.bo/node/541
[FULL_10_ASFI_FINRURAL] t=3859.4s | pag=2057 | files=7832 | data=803 | cola=  39 | prio=70 | https://asfi.gob.bo/node/542
[FULL_10_ASFI_FINRURAL] t=3859.7s | pag=2058 | files=7845 | data=803 | cola=  38 | prio=70 | https://asfi.gob.bo/node/544
[FULL_10_ASFI_FINRURAL] t=3860.5s | pag=2059 | files=7853 | data=803 | cola=  37 | prio=70 | https://asfi.gob.bo/node/545
[FULL_10_ASFI_FINRURAL] t=3861.2s | pag=2060 | files=7858 | data=803 | cola=  36 | prio=70 | https://asfi.gob.bo/node/546
[FULL_10_ASFI_FINRURAL] t=3862.1s | pag=2061 | files=7885 | data=803 | cola=  35 | prio=70 | https://asfi.gob.bo/node/547
[FULL_10_ASFI_FINRURAL] t=3862.9s | pag=2062 | files=7891 | data=803 | cola=  34 | prio=70 | https://asfi.gob.bo/node/549
[FULL_10_ASFI_FINRURAL] t=3863.8s | pag=2063 | files=7895 | data=803 | cola=  33 | prio=70 | https://asfi.gob.bo/node/550
[FULL_10_ASFI_FINRURAL] t=3864.4s | pag=2064 | files=7900 | data=803 | cola=  32 | prio=70 | https://asfi.gob.bo/node/551
[FULL_10_ASFI_FINRURAL] t=3865.0s | pag=2065 | files=7913 | data=803 | cola=  31 | prio=70 | https://asfi.gob.bo/node/552
[FULL_10_ASFI_FINRURAL] t=3865.7s | pag=2066 | files=7921 | data=803 | cola=  30 | prio=70 | https://asfi.gob.bo/node/554
[FULL_10_ASFI_FINRURAL] t=3866.4s | pag=2067 | files=7928 | data=803 | cola=  29 | prio=70 | https://asfi.gob.bo/node/555
[FULL_10_ASFI_FINRURAL] t=3867.2s | pag=2068 | files=7933 | data=803 | cola=  28 | prio=70 | https://asfi.gob.bo/node/556
[FULL_10_ASFI_FINRURAL] t=3867.8s | pag=2069 | files=7955 | data=803 | cola=  27 | prio=70 | https://asfi.gob.bo/node/557
[FULL_10_ASFI_FINRURAL] t=3868.3s | pag=2070 | files=7963 | data=803 | cola=  26 | prio=70 | https://asfi.gob.bo/node/559
[FULL_10_ASFI_FINRURAL] t=3868.8s | pag=2071 | files=7972 | data=803 | cola=  25 | prio=70 | https://asfi.gob.bo/node/560
[FULL_10_ASFI_FINRURAL] t=3869.3s | pag=2072 | files=7975 | data=803 | cola=  24 | prio=70 | https://asfi.gob.bo/node/561
[FULL_10_ASFI_FINRURAL] t=3870.2s | pag=2073 | files=8009 | data=803 | cola=  23 | prio=70 | https://asfi.gob.bo/node/562
[FULL_10_ASFI_FINRURAL] t=3871.1s | pag=2074 | files=8019 | data=803 | cola=  22 | prio=70 | https://asfi.gob.bo/node/564
[FULL_10_ASFI_FINRURAL] t=3871.4s | pag=2075 | files=8023 | data=803 | cola=  21 | prio=70 | https://asfi.gob.bo/node/565
[FULL_10_ASFI_FINRURAL] t=3872.3s | pag=2076 | files=8024 | data=803 | cola=  20 | prio=70 | https://asfi.gob.bo/node/566
[FULL_10_ASFI_FINRURAL] t=3873.0s | pag=2077 | files=8058 | data=803 | cola=  19 | prio=70 | https://asfi.gob.bo/node/567
[FULL_10_ASFI_FINRURAL] t=3873.8s | pag=2078 | files=8072 | data=803 | cola=  18 | prio=70 | https://asfi.gob.bo/node/569
[FULL_10_ASFI_FINRURAL] t=3874.8s | pag=2079 | files=8077 | data=803 | cola=  17 | prio=70 | https://asfi.gob.bo/node/570
[FULL_10_ASFI_FINRURAL] t=3875.9s | pag=2080 | files=8079 | data=803 | cola=  16 | prio=70 | https://asfi.gob.bo/node/571
[FULL_10_ASFI_FINRURAL] t=3877.0s | pag=2081 | files=8101 | data=803 | cola=  15 | prio=70 | https://asfi.gob.bo/node/572
[FULL_10_ASFI_FINRURAL] t=3877.8s | pag=2082 | files=8115 | data=803 | cola=  14 | prio=70 | https://asfi.gob.bo/node/574
[FULL_10_ASFI_FINRURAL] t=3878.2s | pag=2083 | files=8123 | data=803 | cola=  13 | prio=70 | https://asfi.gob.bo/node/575
[FULL_10_ASFI_FINRURAL] t=3879.2s | pag=2084 | files=8125 | data=803 | cola=  12 | prio=70 | https://asfi.gob.bo/node/576
[FULL_10_ASFI_FINRURAL] t=3880.1s | pag=2085 | files=8153 | data=803 | cola=  11 | prio=70 | https://asfi.gob.bo/node/577
[FULL_10_ASFI_FINRURAL] t=3880.5s | pag=2086 | files=8167 | data=803 | cola=  10 | prio=70 | https://asfi.gob.bo/node/579
[FULL_10_ASFI_FINRURAL] t=3881.6s | pag=2087 | files=8176 | data=803 | cola=   9 | prio=70 | https://asfi.gob.bo/node/580
[FULL_10_ASFI_FINRURAL] t=3882.5s | pag=2088 | files=8180 | data=803 | cola=   8 | prio=70 | https://asfi.gob.bo/node/581
[FULL_10_ASFI_FINRURAL] t=3883.1s | pag=2089 | files=8201 | data=803 | cola=   7 | prio=70 | https://asfi.gob.bo/node/582
[FULL_10_ASFI_FINRURAL] t=3883.6s | pag=2090 | files=8213 | data=803 | cola=   6 | prio=70 | https://asfi.gob.bo/node/584
[FULL_10_ASFI_FINRURAL] t=3884.3s | pag=2091 | files=8226 | data=803 | cola=   5 | prio=70 | https://asfi.gob.bo/node/585
[FULL_10_ASFI_FINRURAL] t=3885.5s | pag=2092 | files=8227 | data=803 | cola=   4 | prio=70 | https://asfi.gob.bo/node/586
[FULL_10_ASFI_FINRURAL] t=3887.2s | pag=2093 | files=8238 | data=803 | cola=   3 | prio=70 | https://asfi.gob.bo/node/587
[FULL_10_ASFI_FINRURAL] t=3888.0s | pag=2094 | files=8244 | data=803 | cola=   2 | prio=70 | https://asfi.gob.bo/node/589
[FULL_10_ASFI_FINRURAL] t=3888.8s | pag=2095 | files=8245 | data=803 | cola=   1 | prio=70 | https://asfi.gob.bo/node/590
[FULL_10_ASFI_FINRURAL] t=3889.5s | pag=2096 | files=8249 | data=803 | cola=   0 | prio=70 | https://asfi.gob.bo/node/591

================================================================================
RESULTADO
================================================================================
Fuente:              full_10_asfi_finrural
Páginas visitadas:   2097
Archivos encontrados: 8271
Datasets web:         803
Errores:              268
Motivo de parada:     frontier_exhausted
Duración:             3889.98 s

Formatos:
  - DOC    : 8
  - DOCX   : 2
  - PDF    : 4893
  - RAR    : 6
  - XLS    : 1606
  - XLSX   : 495
  - ZIP    : 1261

JSON: C:\Ultimo Semestre 7\trabajo\DATAX\team crawler\crawler_asfi\Crawler_BCB\crawler_v2\output\full_10_asfi_finrural.json

Trazabilidad:
  Ejecución: 31
  Estado:    PROCESSED
  Base:      C:\Ultimo Semestre 7\trabajo\DATAX\team crawler\crawler_asfi\Crawler_BCB\crawler_v2\trace\crawler_trace.sqlite
