================================================================================
CRAWLER V2
================================================================================
Fuente: Autoridad de Supervisión del Sistema Financiero
URL configurada: https://www.asfi.gob.bo
Timeout HTTP: 15 s
Pausa HTTP:   aleatoria 0.30s - 0.90s


Resolución de fuente:
  Original: https://www.asfi.gob.bo
  Utilizada: https://www.asfi.gob.bo/
  Fallback: sí
  Intentos: 1
    - usable         | HTTP=200 | https://www.asfi.gob.bo/

URL de trabajo: https://www.asfi.gob.bo/
Seeds: 1
Máx páginas: 10000
Máx archivos: 100000
Máx profundidad: 20

[FULL_11_ASFI_VALORES] t=   0.0s | pag=  0 | files=   0 | data=  0 | cola=   0 | prio= 0 | https://www.asfi.gob.bo/
[FULL_11_ASFI_VALORES] t=   1.2s | pag=  1 | files=   0 | data=  0 | cola= 104 | prio=10 | https://www.asfi.gob.bo/la/resena-historica
[FULL_11_ASFI_VALORES] t=   1.8s | pag=  2 | files=   1 | data=  0 | cola= 103 | prio=10 | https://www.asfi.gob.bo/pb/actividad-financiera-ilegal
[FULL_11_ASFI_VALORES] t=   2.6s | pag=  3 | files=   1 | data=  0 | cola= 113 | prio=10 | https://www.asfi.gob.bo/la/mercado-valores
[FULL_11_ASFI_VALORES] t=   3.5s | pag=  4 | files=   4 | data=  0 | cola= 112 | prio=10 | https://www.asfi.gob.bo/pb/boletin-trimestral-actualizacion-y-emision-normativa
[FULL_11_ASFI_VALORES] t=   4.3s | pag=  5 | files=   4 | data=  0 | cola= 130 | prio=10 | https://www.asfi.gob.bo/ef/educacion-financiera
[FULL_11_ASFI_VALORES] t=   4.7s | pag=  6 | files=   4 | data=  0 | cola= 133 | prio=10 | https://www.asfi.gob.bo/pb/puntos-atenci%C3%B3n-financiera
[FULL_11_ASFI_VALORES] t=   5.2s | pag=  7 | files=   4 | data=  0 | cola= 135 | prio=10 | https://www.asfi.gob.bo/pb/publicaciones-0
[FULL_11_ASFI_VALORES] t=   5.9s | pag=  8 | files=   4 | data=  0 | cola= 136 | prio=10 | https://www.asfi.gob.bo/pb/publicaciones-1
[FULL_11_ASFI_VALORES] t=   6.8s | pag=  9 | files=   4 | data=  0 | cola= 138 | prio=10 | https://www.asfi.gob.bo/pb/registro-mercado-valores
[FULL_11_ASFI_VALORES] t=   7.6s | pag= 10 | files=   4 | data=  0 | cola= 139 | prio=10 | https://www.asfi.gob.bo/pb/publicaciones-2
[FULL_11_ASFI_VALORES] t=   8.2s | pag= 11 | files=   4 | data=  0 | cola= 143 | prio=10 | https://www.asfi.gob.bo/pb/estadisticas-intermediacion-financiera
[FULL_11_ASFI_VALORES] t=   8.8s | pag= 12 | files=   4 | data=  0 | cola= 150 | prio=10 | https://www.asfi.gob.bo/pb/estadisticas-mercado-valores
[FULL_11_ASFI_VALORES] t=   9.2s | pag= 13 | files=   4 | data=  0 | cola= 154 | prio=10 | https://www.asfi.gob.bo/pb/datos-sobre-reclamos-y-consultas-atendidas
[FULL_11_ASFI_VALORES] t=   9.9s | pag= 14 | files=   4 | data=  0 | cola= 155 | prio=10 | https://www.asfi.gob.bo/la/estadisticas-sobre-supervision-legitimacion-ganancias-ilicitas-y-financiamiento-del-terrorismo
[FULL_11_ASFI_VALORES] DATASETS=1 | data_html_table | https://www.asfi.gob.bo/la/estadisticas-sobre-supervision-legitimacion-ganancias-ilicitas-y-financiamiento-del-terrorismo
[FULL_11_ASFI_VALORES] t=  10.3s | pag= 15 | files=   7 | data=  1 | cola= 154 | prio=10 | https://www.asfi.gob.bo/node/1008
[FULL_11_ASFI_VALORES] t=  11.0s | pag= 16 | files=   8 | data=  1 | cola= 153 | prio=10 | https://www.asfi.gob.bo/node/761
[FULL_11_ASFI_VALORES] t=  11.5s | pag= 17 | files=   8 | data=  1 | cola= 152 | prio=10 | https://www.asfi.gob.bo/node/770
[FULL_11_ASFI_VALORES] t=  12.0s | pag= 18 | files=   8 | data=  1 | cola= 151 | prio=10 | https://www.asfi.gob.bo/la/boletin-trimestral-actualizacion-y-emision-normativa-2026
[FULL_11_ASFI_VALORES] t=  12.4s | pag= 19 | files=  10 | data=  1 | cola= 150 | prio=10 | https://www.asfi.gob.bo/pb/puntos-atencion-financiera-eif
[FULL_11_ASFI_VALORES] t=  13.4s | pag= 20 | files=  10 | data=  1 | cola= 150 | prio=10 | https://www.asfi.gob.bo/pb/puntos-atencion-financiera-mv
[FULL_11_ASFI_VALORES] t=  14.3s | pag= 21 | files=  10 | data=  1 | cola= 150 | prio=10 | https://www.asfi.gob.bo/pb/puntos-atencion-financiera-esfc
[FULL_11_ASFI_VALORES] t=  15.2s | pag= 22 | files=  10 | data=  1 | cola= 150 | prio=10 | https://www.asfi.gob.bo/pagina-lista-boletines
[FULL_11_ASFI_VALORES] t=  15.9s | pag= 23 | files=  19 | data=  1 | cola= 151 | prio=10 | https://www.asfi.gob.bo/la/hechos-relevantes
[FULL_11_ASFI_VALORES] t=  16.3s | pag= 24 | files=  19 | data=  1 | cola= 162 | prio=10 | https://www.asfi.gob.bo/pb/boletines-estadisticos
[FULL_11_ASFI_VALORES] t=  18.4s | pag= 25 | files=  20 | data=  1 | cola= 174 | prio=10 | https://www.asfi.gob.bo/la/principales-indicadores-financieros
[FULL_11_ASFI_VALORES] t=  19.1s | pag= 26 | files=  20 | data=  1 | cola= 173 | prio=10 | https://www.asfi.gob.bo/node/1011
[FULL_11_ASFI_VALORES] t=  19.6s | pag= 27 | files=  20 | data=  1 | cola= 173 | prio=10 | https://www.asfi.gob.bo/node/1006
[FULL_11_ASFI_VALORES] t=  35.0s | pag= 28 | files=  37 | data=  1 | cola= 172 | prio=10 | https://www.asfi.gob.bo/pb/boletines-estadisticos-mercado-valores
[FULL_11_ASFI_VALORES] t=  35.7s | pag= 29 | files=  37 | data=  1 | cola= 183 | prio=10 | https://www.asfi.gob.bo/la/reportes-dinamicos
[FULL_11_ASFI_VALORES] t=  36.4s | pag= 30 | files=  37 | data=  1 | cola= 184 | prio=10 | https://www.asfi.gob.bo/pb/estadisticas-reclamos
[FULL_11_ASFI_VALORES] t=  37.2s | pag= 31 | files=  37 | data=  1 | cola= 222 | prio=10 | https://appweb2.asfi.gob.bo/PaginasPublicas2/VistaPAF/UbicacionPAF.aspx?Mercado=EIF
[FULL_11_ASFI_VALORES] DATASETS=2 | data_html_table | https://appweb2.asfi.gob.bo/PaginasPublicas2/VistaPAF/UbicacionPAF.aspx?Mercado=EIF
[FULL_11_ASFI_VALORES] t=  39.4s | pag= 32 | files=  37 | data=  2 | cola= 221 | prio=10 | https://appweb2.asfi.gob.bo/PaginasPublicas2/VistaPAF/UbicacionPAF.aspx?Mercado=MV
[FULL_11_ASFI_VALORES] DATASETS=3 | data_html_table | https://appweb2.asfi.gob.bo/PaginasPublicas2/VistaPAF/UbicacionPAF.aspx?Mercado=MV
[FULL_11_ASFI_VALORES] t=  40.6s | pag= 33 | files=  37 | data=  3 | cola= 220 | prio=10 | https://appweb2.asfi.gob.bo/PaginasPublicas2/VistaPAF/UbicacionPAF.aspx?Mercado=ESFC
[FULL_11_ASFI_VALORES] DATASETS=4 | data_html_table | https://appweb2.asfi.gob.bo/PaginasPublicas2/VistaPAF/UbicacionPAF.aspx?Mercado=ESFC
[FULL_11_ASFI_VALORES] t=  42.3s | pag= 34 | files=  37 | data=  4 | cola= 219 | prio=10 | https://www.asfi.gob.bo/pagina-lista-boletines?page=1
[FULL_11_ASFI_VALORES] t=  42.7s | pag= 35 | files=  46 | data=  4 | cola= 219 | prio=10 | https://www.asfi.gob.bo/pagina-lista-boletines?page=2
[FULL_11_ASFI_VALORES] t=  43.2s | pag= 36 | files=  54 | data=  4 | cola= 218 | prio=10 | https://www.asfi.gob.bo/pb/entidades-financieras-vivienda
[FULL_11_ASFI_VALORES] t=  44.1s | pag= 37 | files=  54 | data=  4 | cola= 217 | prio=10 | https://www.asfi.gob.bo/pb/instituciones-financieras-desarrollo
[FULL_11_ASFI_VALORES] t=  45.0s | pag= 38 | files=  54 | data=  4 | cola= 216 | prio=10 | https://www.asfi.gob.bo/la/boletines-estadisticos-mercado-valores-2026
[FULL_11_ASFI_VALORES] DATASETS=5 | data_html_table | https://www.asfi.gob.bo/la/boletines-estadisticos-mercado-valores-2026
[FULL_11_ASFI_VALORES] t=  50.6s | pag= 39 | files=  58 | data=  5 | cola= 215 | prio=10 | https://appweb2.asfi.gob.bo/PaginasPublicas2/vistareportevalores/EvolutivoFondosInversion.aspx
[FULL_11_ASFI_VALORES] t=  51.7s | pag= 40 | files=  58 | data=  5 | cola= 214 | prio=10 | https://appweb2.asfi.gob.bo/PaginasPublicas2/vistareportevalores/fondosInversionGeneral.aspx
[FULL_11_ASFI_VALORES] t=  52.3s | pag= 41 | files=  58 | data=  5 | cola= 213 | prio=10 | https://www.asfi.gob.bo/la/1deg-reclamos-recibidos-entidades-financieras-primera-instancia-2026
[FULL_11_ASFI_VALORES] t=  55.6s | pag= 42 | files=  60 | data=  5 | cola= 212 | prio=10 | https://www.asfi.gob.bo/node/959
[FULL_11_ASFI_VALORES] t=  59.1s | pag= 43 | files=  62 | data=  5 | cola= 211 | prio=10 | https://www.asfi.gob.bo/node/962
[FULL_11_ASFI_VALORES] t=  59.6s | pag= 44 | files=  64 | data=  5 | cola= 210 | prio=10 | https://www.asfi.gob.bo/node/965
[FULL_11_ASFI_VALORES] t=  60.4s | pag= 45 | files=  66 | data=  5 | cola= 209 | prio=10 | https://www.asfi.gob.bo/node/968
[FULL_11_ASFI_VALORES] t=  61.2s | pag= 46 | files=  68 | data=  5 | cola= 208 | prio=10 | https://www.asfi.gob.bo/node/971
[FULL_11_ASFI_VALORES] t=  61.6s | pag= 47 | files=  70 | data=  5 | cola= 207 | prio=10 | https://www.asfi.gob.bo/node/974
[FULL_11_ASFI_VALORES] t=  62.3s | pag= 48 | files=  72 | data=  5 | cola= 206 | prio=10 | https://www.asfi.gob.bo/node/977
[FULL_11_ASFI_VALORES] t=  62.9s | pag= 49 | files=  74 | data=  5 | cola= 205 | prio=10 | https://www.asfi.gob.bo/node/980
[FULL_11_ASFI_VALORES] t=  63.8s | pag= 50 | files=  76 | data=  5 | cola= 204 | prio=10 | https://www.asfi.gob.bo/node/983
[FULL_11_ASFI_VALORES] t=  64.6s | pag= 51 | files=  78 | data=  5 | cola= 203 | prio=10 | https://www.asfi.gob.bo/node/986
[FULL_11_ASFI_VALORES] t=  65.5s | pag= 52 | files=  80 | data=  5 | cola= 202 | prio=10 | https://www.asfi.gob.bo/node/989
[FULL_11_ASFI_VALORES] t=  65.8s | pag= 53 | files=  82 | data=  5 | cola= 201 | prio=10 | https://www.asfi.gob.bo/node/992
[FULL_11_ASFI_VALORES] t=  66.3s | pag= 54 | files=  84 | data=  5 | cola= 200 | prio=10 | https://www.asfi.gob.bo/pagina-lista-boletines?page=0
[FULL_11_ASFI_VALORES] t=  67.3s | pag= 55 | files=  84 | data=  5 | cola= 199 | prio=50 | https://www.asfi.gob.bo/pagina-memoria-institucional
[FULL_11_ASFI_VALORES] t=  68.1s | pag= 56 | files=  94 | data=  5 | cola= 201 | prio=40 | https://www.asfi.gob.bo/pagina-memoria-institucional?page=1
[FULL_11_ASFI_VALORES] t=  68.5s | pag= 57 | files= 104 | data=  5 | cola= 201 | prio=40 | https://www.asfi.gob.bo/pagina-memoria-institucional?page=2
[FULL_11_ASFI_VALORES] t=  69.3s | pag= 58 | files= 114 | data=  5 | cola= 200 | prio=40 | https://www.asfi.gob.bo/pagina-memoria-institucional?page=3
[FULL_11_ASFI_VALORES] t=  69.8s | pag= 59 | files= 120 | data=  5 | cola= 199 | prio=40 | https://www.asfi.gob.bo/pagina-memoria-institucional?page=0
[FULL_11_ASFI_VALORES] t=  70.4s | pag= 60 | files= 120 | data=  5 | cola= 198 | prio=50 | https://www.asfi.gob.bo/pb/objetivos-institucionales
[FULL_11_ASFI_VALORES] t=  71.1s | pag= 61 | files= 120 | data=  5 | cola= 197 | prio=50 | https://www.asfi.gob.bo/pb/informacion-mae
[FULL_11_ASFI_VALORES] t=  71.8s | pag= 62 | files= 120 | data=  5 | cola= 196 | prio=50 | https://www.asfi.gob.bo/la/politica-calidad
[FULL_11_ASFI_VALORES] t=  72.3s | pag= 63 | files= 120 | data=  5 | cola= 195 | prio=50 | https://www.asfi.gob.bo/pb/plan-estrategico-institucional-pei
[FULL_11_ASFI_VALORES] t=  73.0s | pag= 64 | files= 121 | data=  5 | cola= 194 | prio=50 | https://www.asfi.gob.bo/pagina-poa
[FULL_11_ASFI_VALORES] t=  73.4s | pag= 65 | files= 124 | data=  5 | cola= 195 | prio=50 | https://www.asfi.gob.bo/la/seguimiento-y-evaluacion-al-poa
[FULL_11_ASFI_VALORES] t=  74.3s | pag= 66 | files= 150 | data=  5 | cola= 194 | prio=50 | https://www.asfi.gob.bo/la/mapa-procesos
[FULL_11_ASFI_VALORES] t=  75.0s | pag= 67 | files= 151 | data=  5 | cola= 193 | prio=50 | https://www.asfi.gob.bo/pb/plan-implementacion-software-libre-y-estandares-abiertos-pislea
[FULL_11_ASFI_VALORES] t=  75.8s | pag= 68 | files= 152 | data=  5 | cola= 192 | prio=50 | https://www.asfi.gob.bo/presupuesto-institucional
[FULL_11_ASFI_VALORES] t=  76.4s | pag= 69 | files= 154 | data=  5 | cola= 191 | prio=50 | https://www.asfi.gob.bo/pb/ejecucion-presupuestaria
[FULL_11_ASFI_VALORES] t=  77.1s | pag= 70 | files= 155 | data=  5 | cola= 190 | prio=50 | https://www.asfi.gob.bo/pb/fuentes-financiamiento
[FULL_11_ASFI_VALORES] t=  77.7s | pag= 71 | files= 158 | data=  5 | cola= 189 | prio=50 | https://www.asfi.gob.bo/la/balance-general
[FULL_11_ASFI_VALORES] t=  78.7s | pag= 72 | files= 164 | data=  5 | cola= 188 | prio=50 | https://www.asfi.gob.bo/auditorias
[FULL_11_ASFI_VALORES] t=  79.3s | pag= 73 | files= 206 | data=  5 | cola= 191 | prio=40 | https://www.asfi.gob.bo/auditorias?page=1
[FULL_11_ASFI_VALORES] t=  80.2s | pag= 74 | files= 279 | data=  5 | cola= 191 | prio=40 | https://www.asfi.gob.bo/auditorias?page=2
[FULL_11_ASFI_VALORES] t=  81.1s | pag= 75 | files= 338 | data=  5 | cola= 190 | prio=40 | https://www.asfi.gob.bo/auditorias?page=3
[FULL_11_ASFI_VALORES] t=  81.8s | pag= 76 | files= 394 | data=  5 | cola= 189 | prio=40 | https://www.asfi.gob.bo/auditorias?page=4
[FULL_11_ASFI_VALORES] t=  82.7s | pag= 77 | files= 396 | data=  5 | cola= 188 | prio=40 | https://www.asfi.gob.bo/auditorias?page=0
[FULL_11_ASFI_VALORES] t=  83.1s | pag= 78 | files= 396 | data=  5 | cola= 187 | prio=50 | https://www.asfi.gob.bo/pb/gestion-denuncias-actoshechos-corrupcion
[FULL_11_ASFI_VALORES] t=  84.0s | pag= 79 | files= 397 | data=  5 | cola= 186 | prio=50 | https://www.asfi.gob.bo/form/solicitud-de-informacion
[FULL_11_ASFI_VALORES] t=  84.6s | pag= 80 | files= 397 | data=  5 | cola= 185 | prio=50 | https://www.asfi.gob.bo/rendicion
[FULL_11_ASFI_VALORES] t=  85.2s | pag= 81 | files= 407 | data=  5 | cola= 186 | prio=40 | https://www.asfi.gob.bo/rendicion?page=1
[FULL_11_ASFI_VALORES] t=  85.6s | pag= 82 | files= 424 | data=  5 | cola= 186 | prio=40 | https://www.asfi.gob.bo/rendicion?page=2
[FULL_11_ASFI_VALORES] t=  86.0s | pag= 83 | files= 434 | data=  5 | cola= 185 | prio=40 | https://www.asfi.gob.bo/rendicion?page=0
[FULL_11_ASFI_VALORES] t=  86.7s | pag= 84 | files= 434 | data=  5 | cola= 184 | prio=50 | https://www.asfi.gob.bo/la/programa-tranca-cero
[FULL_11_ASFI_VALORES] t=  87.5s | pag= 85 | files= 436 | data=  5 | cola= 183 | prio=50 | https://www.asfi.gob.bo/p-gina-de-notas-de-prensa
[FULL_11_ASFI_VALORES] t=  88.5s | pag= 86 | files= 436 | data=  5 | cola= 190 | prio=40 | https://www.asfi.gob.bo/p-gina-de-notas-de-prensa?page=1
[FULL_11_ASFI_VALORES] t=  89.4s | pag= 87 | files= 436 | data=  5 | cola= 199 | prio=40 | https://www.asfi.gob.bo/p-gina-de-notas-de-prensa?page=2
[FULL_11_ASFI_VALORES] t=  89.9s | pag= 88 | files= 436 | data=  5 | cola= 205 | prio=40 | https://www.asfi.gob.bo/p-gina-de-notas-de-prensa?page=0
[FULL_11_ASFI_VALORES] t=  90.5s | pag= 89 | files= 436 | data=  5 | cola= 204 | prio=50 | https://www.asfi.gob.bo/pagina-de-revistas
[FULL_11_ASFI_VALORES] t=  91.3s | pag= 90 | files= 438 | data=  5 | cola= 203 | prio=50 | https://www.asfi.gob.bo/pb/trabajos-investigacion
[FULL_11_ASFI_VALORES] t=  91.9s | pag= 91 | files= 438 | data=  5 | cola= 205 | prio=10 | https://www.asfi.gob.bo/pb/publicaciones
[FULL_11_ASFI_VALORES] t=  92.7s | pag= 92 | files= 442 | data=  5 | cola= 204 | prio=10 | https://www.asfi.gob.bo/pagina-de-otras-publicaciones
[FULL_11_ASFI_VALORES] t=  93.6s | pag= 93 | files= 444 | data=  5 | cola= 203 | prio=50 | https://www.asfi.gob.bo/pagina-lista-articulos
[FULL_11_ASFI_VALORES] t=  94.2s | pag= 94 | files= 453 | data=  5 | cola= 211 | prio=40 | https://www.asfi.gob.bo/pagina-lista-articulos?page=1
[FULL_11_ASFI_VALORES] t=  94.9s | pag= 95 | files= 462 | data=  5 | cola= 211 | prio=40 | https://www.asfi.gob.bo/pagina-lista-articulos?page=2
[FULL_11_ASFI_VALORES] t=  95.6s | pag= 96 | files= 471 | data=  5 | cola= 210 | prio=40 | https://www.asfi.gob.bo/pagina-lista-articulos?page=3
[FULL_11_ASFI_VALORES] t=  96.1s | pag= 97 | files= 480 | data=  5 | cola= 209 | prio=40 | https://www.asfi.gob.bo/pagina-lista-articulos?page=4
[FULL_11_ASFI_VALORES] t=  96.9s | pag= 98 | files= 489 | data=  5 | cola= 208 | prio=40 | https://www.asfi.gob.bo/pagina-lista-articulos?page=5
[FULL_11_ASFI_VALORES] t=  97.4s | pag= 99 | files= 498 | data=  5 | cola= 208 | prio=40 | https://www.asfi.gob.bo/pagina-lista-articulos?page=6
[FULL_11_ASFI_VALORES] t=  98.0s | pag=100 | files= 506 | data=  5 | cola= 208 | prio=40 | https://www.asfi.gob.bo/pagina-lista-articulos?page=7
[FULL_11_ASFI_VALORES] t=  98.4s | pag=101 | files= 512 | data=  5 | cola= 208 | prio=40 | https://www.asfi.gob.bo/pagina-lista-articulos?page=8
[FULL_11_ASFI_VALORES] t=  99.3s | pag=102 | files= 521 | data=  5 | cola= 208 | prio=40 | https://www.asfi.gob.bo/pagina-lista-articulos?page=40
[FULL_11_ASFI_VALORES] t= 100.2s | pag=103 | files= 522 | data=  5 | cola= 215 | prio=40 | https://www.asfi.gob.bo/pagina-lista-articulos?page=0
[FULL_11_ASFI_VALORES] t= 100.6s | pag=104 | files= 522 | data=  5 | cola= 214 | prio=40 | https://www.asfi.gob.bo/pagina-lista-articulos?page=9
[FULL_11_ASFI_VALORES] t= 101.0s | pag=105 | files= 528 | data=  5 | cola= 214 | prio=40 | https://www.asfi.gob.bo/pagina-lista-articulos?page=10
[FULL_11_ASFI_VALORES] t= 101.7s | pag=106 | files= 531 | data=  5 | cola= 214 | prio=40 | https://www.asfi.gob.bo/pagina-lista-articulos?page=11
[FULL_11_ASFI_VALORES] t= 102.1s | pag=107 | files= 535 | data=  5 | cola= 214 | prio=40 | https://www.asfi.gob.bo/pagina-lista-articulos?page=12
[FULL_11_ASFI_VALORES] t= 102.7s | pag=108 | files= 535 | data=  5 | cola= 214 | prio=40 | https://www.asfi.gob.bo/pagina-lista-articulos?page=39
[FULL_11_ASFI_VALORES] t= 103.2s | pag=109 | files= 544 | data=  5 | cola= 213 | prio=40 | https://www.asfi.gob.bo/pagina-lista-articulos?page=32
[FULL_11_ASFI_VALORES] t= 103.7s | pag=110 | files= 553 | data=  5 | cola= 216 | prio=40 | https://www.asfi.gob.bo/pagina-lista-articulos?page=33
[FULL_11_ASFI_VALORES] t= 104.2s | pag=111 | files= 562 | data=  5 | cola= 215 | prio=40 | https://www.asfi.gob.bo/pagina-lista-articulos?page=34
[FULL_11_ASFI_VALORES] t= 105.1s | pag=112 | files= 571 | data=  5 | cola= 214 | prio=40 | https://www.asfi.gob.bo/pagina-lista-articulos?page=35
[FULL_11_ASFI_VALORES] t= 105.9s | pag=113 | files= 580 | data=  5 | cola= 213 | prio=40 | https://www.asfi.gob.bo/pagina-lista-articulos?page=36
[FULL_11_ASFI_VALORES] t= 106.8s | pag=114 | files= 588 | data=  5 | cola= 212 | prio=40 | https://www.asfi.gob.bo/pagina-lista-articulos?page=37
[FULL_11_ASFI_VALORES] t= 107.6s | pag=115 | files= 597 | data=  5 | cola= 211 | prio=40 | https://www.asfi.gob.bo/pagina-lista-articulos?page=38
[FULL_11_ASFI_VALORES] t= 108.1s | pag=116 | files= 606 | data=  5 | cola= 210 | prio=40 | https://www.asfi.gob.bo/pagina-lista-articulos?page=13
[FULL_11_ASFI_VALORES] t= 109.1s | pag=117 | files= 615 | data=  5 | cola= 210 | prio=40 | https://www.asfi.gob.bo/pagina-lista-articulos?page=14
[FULL_11_ASFI_VALORES] t= 110.0s | pag=118 | files= 624 | data=  5 | cola= 210 | prio=40 | https://www.asfi.gob.bo/pagina-lista-articulos?page=15
[FULL_11_ASFI_VALORES] t= 110.4s | pag=119 | files= 633 | data=  5 | cola= 210 | prio=40 | https://www.asfi.gob.bo/pagina-lista-articulos?page=16
[FULL_11_ASFI_VALORES] t= 111.2s | pag=120 | files= 642 | data=  5 | cola= 210 | prio=40 | https://www.asfi.gob.bo/pagina-lista-articulos?page=31
[FULL_11_ASFI_VALORES] t= 111.7s | pag=121 | files= 651 | data=  5 | cola= 210 | prio=40 | https://www.asfi.gob.bo/pagina-lista-articulos?page=28
[FULL_11_ASFI_VALORES] t= 112.6s | pag=122 | files= 660 | data=  5 | cola= 212 | prio=40 | https://www.asfi.gob.bo/pagina-lista-articulos?page=29
[FULL_11_ASFI_VALORES] t= 113.0s | pag=123 | files= 669 | data=  5 | cola= 211 | prio=40 | https://www.asfi.gob.bo/pagina-lista-articulos?page=30
[FULL_11_ASFI_VALORES] t= 113.6s | pag=124 | files= 678 | data=  5 | cola= 210 | prio=40 | https://www.asfi.gob.bo/pagina-lista-articulos?page=17
[FULL_11_ASFI_VALORES] t= 114.2s | pag=125 | files= 687 | data=  5 | cola= 210 | prio=40 | https://www.asfi.gob.bo/pagina-lista-articulos?page=18
[FULL_11_ASFI_VALORES] t= 114.8s | pag=126 | files= 696 | data=  5 | cola= 210 | prio=40 | https://www.asfi.gob.bo/pagina-lista-articulos?page=19
[FULL_11_ASFI_VALORES] t= 115.6s | pag=127 | files= 705 | data=  5 | cola= 210 | prio=40 | https://www.asfi.gob.bo/pagina-lista-articulos?page=20
[FULL_11_ASFI_VALORES] t= 116.3s | pag=128 | files= 714 | data=  5 | cola= 209 | prio=40 | https://www.asfi.gob.bo/pagina-lista-articulos?page=27
[FULL_11_ASFI_VALORES] t= 116.8s | pag=129 | files= 723 | data=  5 | cola= 208 | prio=40 | https://www.asfi.gob.bo/pagina-lista-articulos?page=24
[FULL_11_ASFI_VALORES] t= 117.5s | pag=130 | files= 732 | data=  5 | cola= 207 | prio=40 | https://www.asfi.gob.bo/pagina-lista-articulos?page=25
[FULL_11_ASFI_VALORES] t= 118.0s | pag=131 | files= 741 | data=  5 | cola= 206 | prio=40 | https://www.asfi.gob.bo/pagina-lista-articulos?page=26
[FULL_11_ASFI_VALORES] t= 118.9s | pag=132 | files= 750 | data=  5 | cola= 205 | prio=40 | https://www.asfi.gob.bo/pagina-lista-articulos?page=21
[FULL_11_ASFI_VALORES] t= 119.3s | pag=133 | files= 759 | data=  5 | cola= 204 | prio=40 | https://www.asfi.gob.bo/pagina-lista-articulos?page=22
[FULL_11_ASFI_VALORES] t= 119.9s | pag=134 | files= 768 | data=  5 | cola= 203 | prio=40 | https://www.asfi.gob.bo/pagina-lista-articulos?page=23
[FULL_11_ASFI_VALORES] t= 120.7s | pag=135 | files= 777 | data=  5 | cola= 202 | prio=50 | https://www.asfi.gob.bo/pagina-lista-campanias
[FULL_11_ASFI_VALORES] t= 121.3s | pag=136 | files= 777 | data=  5 | cola= 213 | prio=40 | https://www.asfi.gob.bo/pagina-lista-campanias?page=1
[FULL_11_ASFI_VALORES] t= 122.0s | pag=137 | files= 777 | data=  5 | cola= 222 | prio=40 | https://www.asfi.gob.bo/pagina-lista-campanias?page=2
[FULL_11_ASFI_VALORES] t= 122.4s | pag=138 | files= 777 | data=  5 | cola= 231 | prio=40 | https://www.asfi.gob.bo/pagina-lista-campanias?page=4
[FULL_11_ASFI_VALORES] t= 122.9s | pag=139 | files= 777 | data=  5 | cola= 232 | prio=40 | https://www.asfi.gob.bo/pagina-lista-campanias?page=0
[FULL_11_ASFI_VALORES] t= 123.3s | pag=140 | files= 777 | data=  5 | cola= 231 | prio=40 | https://www.asfi.gob.bo/pagina-lista-campanias?page=3
[FULL_11_ASFI_VALORES] t= 124.2s | pag=141 | files= 777 | data=  5 | cola= 239 | prio=50 | https://www.asfi.gob.bo/pagina-de-comunicados
[FULL_11_ASFI_VALORES] t= 125.2s | pag=142 | files= 787 | data=  5 | cola= 239 | prio=40 | https://www.asfi.gob.bo/pagina-de-comunicados?page=1
[FULL_11_ASFI_VALORES] t= 126.1s | pag=143 | files= 795 | data=  5 | cola= 239 | prio=40 | https://www.asfi.gob.bo/pagina-de-comunicados?page=0
[FULL_11_ASFI_VALORES] t= 126.5s | pag=144 | files= 795 | data=  5 | cola= 238 | prio=50 | https://www.asfi.gob.bo/pb/spots-institucionales
[FULL_11_ASFI_VALORES] t= 127.0s | pag=145 | files= 795 | data=  5 | cola= 237 | prio=50 | https://www.asfi.gob.bo/pb/organigrama-institucional
[FULL_11_ASFI_VALORES] t= 128.1s | pag=146 | files= 796 | data=  5 | cola= 236 | prio=50 | https://www.asfi.gob.bo/la/nomina-servidores
[FULL_11_ASFI_VALORES] t= 128.8s | pag=147 | files= 797 | data=  5 | cola= 235 | prio=50 | https://www.asfi.gob.bo/escala-salarial
[FULL_11_ASFI_VALORES] t= 129.2s | pag=148 | files= 800 | data=  5 | cola= 234 | prio=50 | https://www.asfi.gob.bo/manual-de-organizaci-n-funcional
[FULL_11_ASFI_VALORES] t= 129.7s | pag=149 | files= 801 | data=  5 | cola= 233 | prio=50 | https://www.asfi.gob.bo/manual-de-procedimiento
[FULL_11_ASFI_VALORES] t= 130.5s | pag=150 | files= 802 | data=  5 | cola= 232 | prio=50 | https://www.asfi.gob.bo/poais
[FULL_11_ASFI_VALORES] t= 131.1s | pag=151 | files= 803 | data=  5 | cola= 232 | prio=50 | https://www.asfi.gob.bo/la/manual-puestos
[FULL_11_ASFI_VALORES] t= 131.7s | pag=152 | files= 826 | data=  5 | cola= 231 | prio=50 | https://www.asfi.gob.bo/oportunidad-de-empleo
[FULL_11_ASFI_VALORES] t= 132.6s | pag=153 | files= 826 | data=  5 | cola= 230 | prio=50 | https://www.asfi.gob.bo/pb/terminos-referencia-consultores-linea
[FULL_11_ASFI_VALORES] t= 133.6s | pag=154 | files= 826 | data=  5 | cola= 229 | prio=50 | https://www.asfi.gob.bo/convocatorias
[FULL_11_ASFI_VALORES] t= 134.3s | pag=155 | files= 836 | data=  5 | cola= 231 | prio=40 | https://www.asfi.gob.bo/convocatorias?page=1
[FULL_11_ASFI_VALORES] t= 134.7s | pag=156 | files= 846 | data=  5 | cola= 231 | prio=40 | https://www.asfi.gob.bo/convocatorias?page=2
[FULL_11_ASFI_VALORES] t= 135.3s | pag=157 | files= 856 | data=  5 | cola= 231 | prio=40 | https://www.asfi.gob.bo/convocatorias?page=10
[FULL_11_ASFI_VALORES] t= 137.2s | pag=158 | files= 857 | data=  5 | cola= 232 | prio=40 | https://www.asfi.gob.bo/convocatorias?page=0
[FULL_11_ASFI_VALORES] t= 138.0s | pag=159 | files= 857 | data=  5 | cola= 231 | prio=40 | https://www.asfi.gob.bo/convocatorias?page=3
[FULL_11_ASFI_VALORES] t= 138.9s | pag=160 | files= 867 | data=  5 | cola= 231 | prio=40 | https://www.asfi.gob.bo/convocatorias?page=9
[FULL_11_ASFI_VALORES] t= 139.5s | pag=161 | files= 877 | data=  5 | cola= 230 | prio=40 | https://www.asfi.gob.bo/convocatorias?page=8
[FULL_11_ASFI_VALORES] t= 140.2s | pag=162 | files= 887 | data=  5 | cola= 230 | prio=40 | https://www.asfi.gob.bo/convocatorias?page=4
[FULL_11_ASFI_VALORES] t= 141.2s | pag=163 | files= 897 | data=  5 | cola= 230 | prio=40 | https://www.asfi.gob.bo/convocatorias?page=7
[FULL_11_ASFI_VALORES] t= 142.1s | pag=164 | files= 907 | data=  5 | cola= 230 | prio=40 | https://www.asfi.gob.bo/convocatorias?page=5
[FULL_11_ASFI_VALORES] t= 142.8s | pag=165 | files= 917 | data=  5 | cola= 229 | prio=40 | https://www.asfi.gob.bo/convocatorias?page=6
[FULL_11_ASFI_VALORES] t= 143.7s | pag=166 | files= 927 | data=  5 | cola= 228 | prio=50 | https://www.asfi.gob.bo/proveedores
[FULL_11_ASFI_VALORES] t= 144.3s | pag=167 | files= 929 | data=  5 | cola= 227 | prio=50 | https://www.asfi.gob.bo/pb/programa-anual-contrataciones
[FULL_11_ASFI_VALORES] t= 144.8s | pag=168 | files= 931 | data=  5 | cola= 226 | prio=50 | https://www.asfi.gob.bo/la/normativa-internacional
[FULL_11_ASFI_VALORES] t= 145.5s | pag=169 | files= 931 | data=  5 | cola= 225 | prio=50 | https://www.asfi.gob.bo/pb/reglamentos-vigentes
[FULL_11_ASFI_VALORES] t= 146.1s | pag=170 | files= 939 | data=  5 | cola= 224 | prio=50 | https://www.asfi.gob.bo/pb/servicios-financieros
[FULL_11_ASFI_VALORES] t= 146.5s | pag=171 | files= 940 | data=  5 | cola= 225 | prio=10 | https://www.asfi.gob.bo/node/402
[FULL_11_ASFI_VALORES] t= 147.4s | pag=172 | files= 941 | data=  5 | cola= 224 | prio=50 | https://www.asfi.gob.bo/pb/registro-suscriptores-al-servicio-comunicacion
[FULL_11_ASFI_VALORES] t= 147.8s | pag=173 | files= 941 | data=  5 | cola= 224 | prio=50 | https://www.asfi.gob.bo/pb/legislacion-y-disposiciones-para-regulados
[FULL_11_ASFI_VALORES] t= 148.6s | pag=174 | files= 941 | data=  5 | cola= 230 | prio=50 | https://www.asfi.gob.bo/pb/decretos
[FULL_11_ASFI_VALORES] t= 151.0s | pag=175 | files=1018 | data=  5 | cola= 229 | prio=50 | https://www.asfi.gob.bo/pb/normativa-nacional
[FULL_11_ASFI_VALORES] t= 151.6s | pag=176 | files=1035 | data=  5 | cola= 228 | prio=50 | https://www.asfi.gob.bo/pb/registro-y-seguimiento-reclamos
[FULL_11_ASFI_VALORES] t= 152.1s | pag=177 | files=1035 | data=  5 | cola= 229 | prio=50 | https://www.asfi.gob.bo/la/derechos-del-consumidor-financiero
[FULL_11_ASFI_VALORES] t= 152.8s | pag=178 | files=1035 | data=  5 | cola= 228 | prio=50 | https://www.asfi.gob.bo/la/cajeros-automaticos-para-personas-discapacidad
[FULL_11_ASFI_VALORES] t= 153.7s | pag=179 | files=1037 | data=  5 | cola= 227 | prio=50 | https://www.asfi.gob.bo/la/lineamientos-para-enif
[FULL_11_ASFI_VALORES] t= 154.4s | pag=180 | files=1038 | data=  5 | cola= 226 | prio=50 | https://asfidigital.asfi.gob.bo/inicio
[FULL_11_ASFI_VALORES] t= 155.2s | pag=181 | files=1038 | data=  5 | cola= 225 | prio=50 | https://appweb2.asfi.gob.bo/PaginasPublicas2/VistaAvisoRemate/AvisoRemate.aspx
[FULL_11_ASFI_VALORES] t= 169.2s | pag=182 | files=1038 | data=  5 | cola= 224 | prio=50 | https://www.asfi.gob.bo/pb/contratos-modelo-para-servicios-financieros
[FULL_11_ASFI_VALORES] t= 169.7s | pag=183 | files=1038 | data=  5 | cola= 224 | prio=50 | https://appweb2.asfi.gob.bo/PaginasPublicas2/VistaDeudasENEjecucion/DeudasEjecucion.aspx
[FULL_11_ASFI_VALORES] t= 170.4s | pag=184 | files=1038 | data=  5 | cola= 223 | prio=50 | https://asfi.gob.bo/la/tarifarios
[FULL_11_ASFI_VALORES] DATASETS=6 | data_html_table | https://asfi.gob.bo/la/tarifarios
[FULL_11_ASFI_VALORES] t= 194.1s | pag=185 | files=1056 | data=  6 | cola= 308 | prio=10 | https://asfi.gob.bo/la/resena-historica
[FULL_11_ASFI_VALORES] t= 194.9s | pag=186 | files=1057 | data=  6 | cola= 307 | prio=10 | https://asfi.gob.bo/pb/actividad-financiera-ilegal
[FULL_11_ASFI_VALORES] t= 195.4s | pag=187 | files=1057 | data=  6 | cola= 317 | prio=10 | https://asfi.gob.bo/la/mercado-valores
[FULL_11_ASFI_VALORES] t= 196.1s | pag=188 | files=1057 | data=  6 | cola= 316 | prio=10 | https://asfi.gob.bo/pb/boletin-trimestral-actualizacion-y-emision-normativa
[FULL_11_ASFI_VALORES] t= 196.6s | pag=189 | files=1057 | data=  6 | cola= 333 | prio=10 | https://asfi.gob.bo/ef/educacion-financiera
[FULL_11_ASFI_VALORES] t= 197.6s | pag=190 | files=1057 | data=  6 | cola= 336 | prio=10 | https://asfi.gob.bo/pb/puntos-atenci%C3%B3n-financiera
[FULL_11_ASFI_VALORES] t= 198.5s | pag=191 | files=1057 | data=  6 | cola= 338 | prio=10 | https://asfi.gob.bo/pb/publicaciones-0
[FULL_11_ASFI_VALORES] t= 199.1s | pag=192 | files=1057 | data=  6 | cola= 339 | prio=10 | https://asfi.gob.bo/pb/publicaciones-1
[FULL_11_ASFI_VALORES] t= 199.7s | pag=193 | files=1057 | data=  6 | cola= 341 | prio=10 | https://asfi.gob.bo/pb/registro-mercado-valores
[FULL_11_ASFI_VALORES] t= 200.6s | pag=194 | files=1057 | data=  6 | cola= 342 | prio=10 | https://asfi.gob.bo/pb/publicaciones-2
[FULL_11_ASFI_VALORES] t= 201.0s | pag=195 | files=1057 | data=  6 | cola= 346 | prio=10 | https://asfi.gob.bo/pb/estadisticas-intermediacion-financiera
[FULL_11_ASFI_VALORES] t= 201.4s | pag=196 | files=1057 | data=  6 | cola= 356 | prio=10 | https://asfi.gob.bo/pb/estadisticas-mercado-valores
[FULL_11_ASFI_VALORES] t= 202.3s | pag=197 | files=1057 | data=  6 | cola= 360 | prio=10 | https://asfi.gob.bo/pb/datos-sobre-reclamos-y-consultas-atendidas
[FULL_11_ASFI_VALORES] t= 202.9s | pag=198 | files=1057 | data=  6 | cola= 361 | prio=10 | https://asfi.gob.bo/la/estadisticas-sobre-supervision-legitimacion-ganancias-ilicitas-y-financiamiento-del-terrorismo
[FULL_11_ASFI_VALORES] DATASETS=7 | data_html_table | https://asfi.gob.bo/la/estadisticas-sobre-supervision-legitimacion-ganancias-ilicitas-y-financiamiento-del-terrorismo
[FULL_11_ASFI_VALORES] t= 203.7s | pag=199 | files=1060 | data=  7 | cola= 360 | prio=10 | https://asfi.gob.bo/node/761
[FULL_11_ASFI_VALORES] t= 204.6s | pag=200 | files=1060 | data=  7 | cola= 359 | prio=10 | https://asfi.gob.bo/node/770
[FULL_11_ASFI_VALORES] t= 205.3s | pag=201 | files=1060 | data=  7 | cola= 358 | prio=10 | https://asfi.gob.bo/pb/puntos-atencion-financiera-eif
[FULL_11_ASFI_VALORES] t= 206.1s | pag=202 | files=1060 | data=  7 | cola= 357 | prio=10 | https://asfi.gob.bo/pb/puntos-atencion-financiera-mv
[FULL_11_ASFI_VALORES] t= 206.9s | pag=203 | files=1060 | data=  7 | cola= 356 | prio=10 | https://asfi.gob.bo/pb/puntos-atencion-financiera-esfc
[FULL_11_ASFI_VALORES] t= 207.6s | pag=204 | files=1060 | data=  7 | cola= 355 | prio=10 | https://asfi.gob.bo/pagina-lista-boletines
[FULL_11_ASFI_VALORES] t= 208.2s | pag=205 | files=1069 | data=  7 | cola= 356 | prio=10 | https://asfi.gob.bo/la/hechos-relevantes
[FULL_11_ASFI_VALORES] t= 208.8s | pag=206 | files=1069 | data=  7 | cola= 367 | prio=10 | https://asfi.gob.bo/node/1008
[FULL_11_ASFI_VALORES] t= 209.2s | pag=207 | files=1070 | data=  7 | cola= 366 | prio=10 | https://asfi.gob.bo/pb/boletines-estadisticos
[FULL_11_ASFI_VALORES] t= 211.1s | pag=208 | files=1071 | data=  7 | cola= 378 | prio=10 | https://asfi.gob.bo/la/principales-indicadores-financieros
[FULL_11_ASFI_VALORES] t= 212.0s | pag=209 | files=1071 | data=  7 | cola= 377 | prio=10 | https://asfi.gob.bo/node/1011
[FULL_11_ASFI_VALORES] t= 212.6s | pag=210 | files=1071 | data=  7 | cola= 376 | prio=10 | https://asfi.gob.bo/node/1006
[FULL_11_ASFI_VALORES] t= 227.7s | pag=211 | files=1088 | data=  7 | cola= 375 | prio=10 | https://asfi.gob.bo/pb/boletines-estadisticos-mercado-valores
[FULL_11_ASFI_VALORES] t= 228.3s | pag=212 | files=1088 | data=  7 | cola= 385 | prio=10 | https://asfi.gob.bo/la/reportes-dinamicos
[FULL_11_ASFI_VALORES] t= 229.0s | pag=213 | files=1088 | data=  7 | cola= 384 | prio=10 | https://asfi.gob.bo/pb/estadisticas-reclamos
[FULL_11_ASFI_VALORES] t= 229.4s | pag=214 | files=1088 | data=  7 | cola= 422 | prio=10 | https://asfi.gob.bo/pagina-lista-boletines?page=1
[FULL_11_ASFI_VALORES] t= 230.3s | pag=215 | files=1097 | data=  7 | cola= 422 | prio=10 | https://asfi.gob.bo/pagina-lista-boletines?page=2
[FULL_11_ASFI_VALORES] t= 230.8s | pag=216 | files=1105 | data=  7 | cola= 421 | prio=10 | https://asfi.gob.bo/pb/entidades-financieras-vivienda
[FULL_11_ASFI_VALORES] t= 231.4s | pag=217 | files=1105 | data=  7 | cola= 420 | prio=10 | https://asfi.gob.bo/pb/instituciones-financieras-desarrollo
[FULL_11_ASFI_VALORES] t= 231.8s | pag=218 | files=1105 | data=  7 | cola= 419 | prio=10 | https://asfi.gob.bo/la/1deg-reclamos-recibidos-entidades-financieras-primera-instancia-2026
[FULL_11_ASFI_VALORES] t= 235.4s | pag=219 | files=1107 | data=  7 | cola= 418 | prio=10 | https://asfi.gob.bo/node/959
[FULL_11_ASFI_VALORES] t= 239.0s | pag=220 | files=1109 | data=  7 | cola= 417 | prio=10 | https://asfi.gob.bo/node/962
[FULL_11_ASFI_VALORES] t= 240.0s | pag=221 | files=1111 | data=  7 | cola= 416 | prio=10 | https://asfi.gob.bo/node/965
[FULL_11_ASFI_VALORES] t= 240.4s | pag=222 | files=1113 | data=  7 | cola= 415 | prio=10 | https://asfi.gob.bo/node/968
[FULL_11_ASFI_VALORES] t= 240.8s | pag=223 | files=1115 | data=  7 | cola= 414 | prio=10 | https://asfi.gob.bo/node/971
[FULL_11_ASFI_VALORES] t= 241.3s | pag=224 | files=1117 | data=  7 | cola= 413 | prio=10 | https://asfi.gob.bo/node/974
[FULL_11_ASFI_VALORES] t= 242.0s | pag=225 | files=1119 | data=  7 | cola= 412 | prio=10 | https://asfi.gob.bo/node/977
[FULL_11_ASFI_VALORES] t= 242.5s | pag=226 | files=1121 | data=  7 | cola= 411 | prio=10 | https://asfi.gob.bo/node/980
[FULL_11_ASFI_VALORES] t= 243.0s | pag=227 | files=1123 | data=  7 | cola= 410 | prio=10 | https://asfi.gob.bo/node/983
[FULL_11_ASFI_VALORES] t= 243.8s | pag=228 | files=1125 | data=  7 | cola= 409 | prio=10 | https://asfi.gob.bo/node/986
[FULL_11_ASFI_VALORES] t= 244.2s | pag=229 | files=1127 | data=  7 | cola= 408 | prio=10 | https://asfi.gob.bo/node/989
[FULL_11_ASFI_VALORES] t= 244.9s | pag=230 | files=1129 | data=  7 | cola= 407 | prio=10 | https://asfi.gob.bo/node/992
[FULL_11_ASFI_VALORES] t= 245.4s | pag=231 | files=1131 | data=  7 | cola= 406 | prio=10 | https://asfi.gob.bo/pagina-lista-boletines?page=0
[FULL_11_ASFI_VALORES] t= 246.1s | pag=232 | files=1131 | data=  7 | cola= 405 | prio=50 | https://www.asfi.gob.bo/pb/tiempos-maximos-atencion-creditos
[FULL_11_ASFI_VALORES] t= 246.7s | pag=233 | files=1155 | data=  7 | cola= 404 | prio=50 | https://www.asfi.gob.bo/pb/entidades-supervisadas-if
[FULL_11_ASFI_VALORES] t= 247.1s | pag=234 | files=1155 | data=  7 | cola= 409 | prio=10 | https://www.asfi.gob.bo/la/entidades-intermediacion-financiera-licencia-funcionamiento
[FULL_11_ASFI_VALORES] t= 247.6s | pag=235 | files=1166 | data=  7 | cola= 408 | prio=10 | https://www.asfi.gob.bo/node/1003
[FULL_11_ASFI_VALORES] t= 248.0s | pag=236 | files=1168 | data=  7 | cola= 407 | prio=50 | https://www.asfi.gob.bo/pb/registros
[FULL_11_ASFI_VALORES] t= 249.0s | pag=237 | files=1168 | data=  7 | cola= 408 | prio=50 | https://www.asfi.gob.bo/la/cobertura-servicios-financieros
[FULL_11_ASFI_VALORES] t= 250.7s | pag=238 | files=1169 | data=  7 | cola= 407 | prio=50 | https://www.asfi.gob.bo/pb/entidades-supervisadas-mv
[FULL_11_ASFI_VALORES] t= 251.7s | pag=239 | files=1169 | data=  7 | cola= 409 | prio=10 | https://www.asfi.gob.bo/pb/entidades-inscritas-registro-del-mercado-valores
[FULL_11_ASFI_VALORES] t= 252.1s | pag=240 | files=1169 | data=  7 | cola= 409 | prio=10 | https://appweb.asfi.gob.bo/Reportes_asp/rmi/listaentidades.asp
[FULL_11_ASFI_VALORES] t= 253.1s | pag=241 | files=1169 | data=  7 | cola= 654 | prio=10 | https://appweb.asfi.gob.bo/Reportes_asp/rmi/tarjeta.asp?c=51874&t=2&tr=2
[FULL_11_ASFI_VALORES] DATASETS=8 | data_html_table | https://appweb.asfi.gob.bo/Reportes_asp/rmi/tarjeta.asp?c=51874&t=2&tr=2
[FULL_11_ASFI_VALORES] t= 254.6s | pag=242 | files=1169 | data=  8 | cola= 654 | prio=10 | https://appweb.asfi.gob.bo/Reportes_asp/rmi/tarjeta.asp?c=51878&t=2&tr=2
[FULL_11_ASFI_VALORES] DATASETS=9 | data_html_table | https://appweb.asfi.gob.bo/Reportes_asp/rmi/tarjeta.asp?c=51878&t=2&tr=2
[FULL_11_ASFI_VALORES] t= 255.6s | pag=243 | files=1169 | data=  9 | cola= 654 | prio=10 | https://appweb.asfi.gob.bo/Reportes_asp/rmi/tarjeta.asp?c=51875&t=2&tr=2
[FULL_11_ASFI_VALORES] DATASETS=10 | data_html_table | https://appweb.asfi.gob.bo/Reportes_asp/rmi/tarjeta.asp?c=51875&t=2&tr=2
[FULL_11_ASFI_VALORES] t= 257.0s | pag=244 | files=1169 | data= 10 | cola= 654 | prio=10 | https://appweb.asfi.gob.bo/Reportes_asp/rmi/tarjeta.asp?c=51876&t=2&tr=2
[FULL_11_ASFI_VALORES] t= 257.8s | pag=245 | files=1169 | data= 11 | cola= 654 | prio=10 | https://appweb.asfi.gob.bo/Reportes_asp/rmi/tarjeta.asp?c=53386&t=2&tr=2
[FULL_11_ASFI_VALORES] t= 258.4s | pag=246 | files=1169 | data= 12 | cola= 654 | prio=10 | https://appweb.asfi.gob.bo/Reportes_asp/rmi/tarjeta.asp?c=51877&t=2&tr=2
[FULL_11_ASFI_VALORES] t= 260.0s | pag=247 | files=1169 | data= 13 | cola= 654 | prio=10 | https://appweb.asfi.gob.bo/Reportes_asp/rmi/tarjeta.asp?c=53460&t=2&tr=2
[FULL_11_ASFI_VALORES] t= 260.7s | pag=248 | files=1169 | data= 14 | cola= 654 | prio=10 | https://appweb.asfi.gob.bo/Reportes_asp/rmi/tarjeta.asp?c=51879&t=2&tr=2
[FULL_11_ASFI_VALORES] t= 262.0s | pag=249 | files=1169 | data= 15 | cola= 654 | prio=10 | https://appweb.asfi.gob.bo/Reportes_asp/rmi/tarjeta.asp?c=51881&t=2&tr=2
[FULL_11_ASFI_VALORES] t= 262.7s | pag=250 | files=1169 | data= 16 | cola= 654 | prio=10 | https://appweb.asfi.gob.bo/Reportes_asp/rmi/tarjeta.asp?c=51883&t=2&tr=2
[FULL_11_ASFI_VALORES] t= 264.4s | pag=251 | files=1169 | data= 17 | cola= 654 | prio=10 | https://appweb.asfi.gob.bo/Reportes_asp/rmi/tarjeta.asp?c=51871&t=2&tr=2
[FULL_11_ASFI_VALORES] t= 266.0s | pag=252 | files=1169 | data= 18 | cola= 654 | prio=10 | https://appweb.asfi.gob.bo/Reportes_asp/rmi/tarjeta.asp?c=53112&t=2&tr=2
[FULL_11_ASFI_VALORES] t= 266.4s | pag=253 | files=1169 | data= 19 | cola= 654 | prio=10 | https://appweb.asfi.gob.bo/Reportes_asp/rmi/tarjeta.asp?c=52172&t=2&tr=2
[FULL_11_ASFI_VALORES] t= 270.6s | pag=254 | files=1169 | data= 20 | cola= 654 | prio=10 | https://appweb.asfi.gob.bo/Reportes_asp/rmi/tarjeta.asp?c=53243&t=2&tr=2
[FULL_11_ASFI_VALORES] t= 271.0s | pag=255 | files=1169 | data= 21 | cola= 654 | prio=10 | https://appweb.asfi.gob.bo/Reportes_asp/rmi/tarjeta.asp?c=53550&t=2&tr=2
[FULL_11_ASFI_VALORES] t= 271.6s | pag=256 | files=1170 | data= 22 | cola= 654 | prio=10 | https://appweb.asfi.gob.bo/Reportes_asp/rmi/tarjeta.asp?c=52387&t=2&tr=2
[FULL_11_ASFI_VALORES] t= 273.1s | pag=257 | files=1170 | data= 23 | cola= 654 | prio=10 | https://appweb.asfi.gob.bo/Reportes_asp/rmi/tarjeta.asp?c=52216&t=2&tr=2
[FULL_11_ASFI_VALORES] t= 273.9s | pag=258 | files=1170 | data= 24 | cola= 654 | prio=10 | https://appweb.asfi.gob.bo/Reportes_asp/rmi/tarjeta.asp?c=51928&t=2&tr=2
[FULL_11_ASFI_VALORES] DATASETS=25 | data_html_table | https://appweb.asfi.gob.bo/Reportes_asp/rmi/tarjeta.asp?c=51928&t=2&tr=2
[FULL_11_ASFI_VALORES] t= 275.1s | pag=259 | files=1170 | data= 25 | cola= 654 | prio=10 | https://appweb.asfi.gob.bo/Reportes_asp/rmi/tarjeta.asp?c=51837&t=2&tr=2
[FULL_11_ASFI_VALORES] t= 276.5s | pag=260 | files=1170 | data= 26 | cola= 654 | prio=10 | https://appweb.asfi.gob.bo/Reportes_asp/rmi/tarjeta.asp?c=51828&t=2&tr=2
[FULL_11_ASFI_VALORES] t= 277.6s | pag=261 | files=1170 | data= 27 | cola= 654 | prio=10 | https://appweb.asfi.gob.bo/Reportes_asp/rmi/tarjeta.asp?c=51830&t=2&tr=2
[FULL_11_ASFI_VALORES] t= 278.7s | pag=262 | files=1170 | data= 28 | cola= 654 | prio=10 | https://appweb.asfi.gob.bo/Reportes_asp/rmi/tarjeta.asp?c=51859&t=2&tr=2
[FULL_11_ASFI_VALORES] t= 280.1s | pag=263 | files=1170 | data= 29 | cola= 654 | prio=10 | https://appweb.asfi.gob.bo/Reportes_asp/rmi/tarjeta.asp?c=52434&t=2&tr=2
[FULL_11_ASFI_VALORES] t= 281.4s | pag=264 | files=1170 | data= 30 | cola= 654 | prio=10 | https://appweb.asfi.gob.bo/Reportes_asp/rmi/tarjeta.asp?c=51863&t=2&tr=2
[FULL_11_ASFI_VALORES] t= 282.8s | pag=265 | files=1170 | data= 31 | cola= 654 | prio=10 | https://appweb.asfi.gob.bo/Reportes_asp/rmi/tarjeta.asp?c=51833&t=2&tr=2
[FULL_11_ASFI_VALORES] t= 283.9s | pag=266 | files=1170 | data= 32 | cola= 654 | prio=10 | https://appweb.asfi.gob.bo/Reportes_asp/rmi/tarjeta.asp?c=51829&t=2&tr=2
[FULL_11_ASFI_VALORES] t= 285.0s | pag=267 | files=1170 | data= 33 | cola= 654 | prio=10 | https://appweb.asfi.gob.bo/Reportes_asp/rmi/tarjeta.asp?c=51835&t=2&tr=2
[FULL_11_ASFI_VALORES] t= 286.5s | pag=268 | files=1170 | data= 34 | cola= 654 | prio=10 | https://appweb.asfi.gob.bo/Reportes_asp/rmi/tarjeta.asp?c=51866&t=2&tr=2
[FULL_11_ASFI_VALORES] t= 287.3s | pag=269 | files=1170 | data= 35 | cola= 654 | prio=10 | https://appweb.asfi.gob.bo/Reportes_asp/rmi/tarjeta.asp?c=51868&t=2&tr=2
[FULL_11_ASFI_VALORES] t= 288.4s | pag=270 | files=1170 | data= 36 | cola= 654 | prio=10 | https://appweb.asfi.gob.bo/Reportes_asp/rmi/tarjeta.asp?c=51935&t=2&tr=2
[FULL_11_ASFI_VALORES] t= 290.0s | pag=271 | files=1170 | data= 37 | cola= 654 | prio=10 | https://appweb.asfi.gob.bo/Reportes_asp/rmi/tarjeta.asp?c=51796&t=2&tr=2
[FULL_11_ASFI_VALORES] t= 291.6s | pag=272 | files=1170 | data= 38 | cola= 654 | prio=10 | https://appweb.asfi.gob.bo/Reportes_asp/rmi/tarjeta.asp?c=51811&t=2&tr=2
[FULL_11_ASFI_VALORES] t= 293.0s | pag=273 | files=1170 | data= 39 | cola= 654 | prio=10 | https://appweb.asfi.gob.bo/Reportes_asp/rmi/tarjeta.asp?c=51857&t=2&tr=2
[FULL_11_ASFI_VALORES] t= 294.3s | pag=274 | files=1170 | data= 40 | cola= 654 | prio=10 | https://appweb.asfi.gob.bo/Reportes_asp/rmi/tarjeta.asp?c=51810&t=2&tr=2
[FULL_11_ASFI_VALORES] t= 295.2s | pag=275 | files=1170 | data= 41 | cola= 654 | prio=10 | https://appweb.asfi.gob.bo/Reportes_asp/rmi/tarjeta.asp?c=53525&t=2&tr=2
[FULL_11_ASFI_VALORES] t= 295.6s | pag=276 | files=1170 | data= 42 | cola= 654 | prio=10 | https://appweb.asfi.gob.bo/Reportes_asp/rmi/tarjeta.asp?c=53087&t=2&tr=2
[FULL_11_ASFI_VALORES] t= 296.6s | pag=277 | files=1170 | data= 43 | cola= 654 | prio=10 | https://appweb.asfi.gob.bo/Reportes_asp/rmi/tarjeta.asp?c=53558&t=2&tr=2
[FULL_11_ASFI_VALORES] t= 297.2s | pag=278 | files=1170 | data= 44 | cola= 654 | prio=10 | https://appweb.asfi.gob.bo/Reportes_asp/rmi/tarjeta.asp?c=54886&t=2&tr=2
[FULL_11_ASFI_VALORES] t= 297.8s | pag=279 | files=1170 | data= 45 | cola= 654 | prio=10 | https://appweb.asfi.gob.bo/Reportes_asp/rmi/tarjeta.asp?c=51818&t=2&tr=2
[FULL_11_ASFI_VALORES] t= 298.7s | pag=280 | files=1170 | data= 46 | cola= 654 | prio=10 | https://appweb.asfi.gob.bo/Reportes_asp/rmi/tarjeta.asp?c=53531&t=2&tr=2
[FULL_11_ASFI_VALORES] t= 299.6s | pag=281 | files=1170 | data= 47 | cola= 654 | prio=10 | https://appweb.asfi.gob.bo/Reportes_asp/rmi/tarjeta.asp?c=54785&t=2&tr=2
[FULL_11_ASFI_VALORES] t= 300.0s | pag=282 | files=1170 | data= 48 | cola= 654 | prio=10 | https://appweb.asfi.gob.bo/Reportes_asp/rmi/tarjeta.asp?c=52575&t=2&tr=2
[FULL_11_ASFI_VALORES] t= 300.7s | pag=283 | files=1170 | data= 49 | cola= 654 | prio=10 | https://appweb.asfi.gob.bo/Reportes_asp/rmi/tarjeta.asp?c=51855&t=2&tr=2
[FULL_11_ASFI_VALORES] DATASETS=50 | data_html_table | https://appweb.asfi.gob.bo/Reportes_asp/rmi/tarjeta.asp?c=51855&t=2&tr=2
[FULL_11_ASFI_VALORES] t= 301.7s | pag=284 | files=1170 | data= 50 | cola= 654 | prio=10 | https://appweb.asfi.gob.bo/Reportes_asp/rmi/tarjeta.asp?c=51823&t=2&tr=2
[FULL_11_ASFI_VALORES] t= 302.0s | pag=285 | files=1170 | data= 51 | cola= 654 | prio=10 | https://appweb.asfi.gob.bo/Reportes_asp/rmi/tarjeta.asp?c=52511&t=2&tr=2
[FULL_11_ASFI_VALORES] t= 303.1s | pag=286 | files=1170 | data= 52 | cola= 654 | prio=10 | https://appweb.asfi.gob.bo/Reportes_asp/rmi/tarjeta.asp?c=54683&t=2&tr=2
[FULL_11_ASFI_VALORES] t= 303.6s | pag=287 | files=1170 | data= 53 | cola= 654 | prio=10 | https://appweb.asfi.gob.bo/Reportes_asp/rmi/tarjeta.asp?c=53452&t=2&tr=2
[FULL_11_ASFI_VALORES] t= 304.4s | pag=288 | files=1170 | data= 54 | cola= 654 | prio=10 | https://appweb.asfi.gob.bo/Reportes_asp/rmi/tarjeta.asp?c=53643&t=2&tr=2
[FULL_11_ASFI_VALORES] t= 305.6s | pag=289 | files=1170 | data= 55 | cola= 654 | prio=10 | https://appweb.asfi.gob.bo/Reportes_asp/rmi/tarjeta.asp?c=54958&t=2&tr=2
[FULL_11_ASFI_VALORES] t= 306.3s | pag=290 | files=1170 | data= 56 | cola= 654 | prio=10 | https://appweb.asfi.gob.bo/Reportes_asp/rmi/tarjeta.asp?c=51865&t=2&tr=2
[FULL_11_ASFI_VALORES] t= 307.3s | pag=291 | files=1170 | data= 57 | cola= 654 | prio=10 | https://appweb.asfi.gob.bo/Reportes_asp/rmi/tarjeta.asp?c=51799&t=2&tr=2
[FULL_11_ASFI_VALORES] t= 308.3s | pag=292 | files=1170 | data= 58 | cola= 654 | prio=10 | https://appweb.asfi.gob.bo/Reportes_asp/rmi/tarjeta.asp?c=53589&t=2&tr=2
[FULL_11_ASFI_VALORES] t= 308.8s | pag=293 | files=1170 | data= 59 | cola= 654 | prio=10 | https://appweb.asfi.gob.bo/Reportes_asp/rmi/tarjeta.asp?c=51861&t=2&tr=2
[FULL_11_ASFI_VALORES] t= 309.5s | pag=294 | files=1170 | data= 60 | cola= 654 | prio=10 | https://appweb.asfi.gob.bo/Reportes_asp/rmi/tarjeta.asp?c=52453&t=2&tr=2
[FULL_11_ASFI_VALORES] t= 310.2s | pag=295 | files=1170 | data= 61 | cola= 654 | prio=10 | https://appweb.asfi.gob.bo/Reportes_asp/rmi/tarjeta.asp?c=51840&t=2&tr=2
[FULL_11_ASFI_VALORES] t= 311.6s | pag=296 | files=1170 | data= 62 | cola= 654 | prio=10 | https://appweb.asfi.gob.bo/Reportes_asp/rmi/tarjeta.asp?c=51797&t=2&tr=2
[FULL_11_ASFI_VALORES] t= 312.8s | pag=297 | files=1170 | data= 63 | cola= 654 | prio=10 | https://appweb.asfi.gob.bo/Reportes_asp/rmi/tarjeta.asp?c=51822&t=2&tr=2
[FULL_11_ASFI_VALORES] t= 313.7s | pag=298 | files=1170 | data= 64 | cola= 654 | prio=10 | https://appweb.asfi.gob.bo/Reportes_asp/rmi/tarjeta.asp?c=51806&t=2&tr=2
[FULL_11_ASFI_VALORES] t= 315.1s | pag=299 | files=1170 | data= 65 | cola= 654 | prio=10 | https://appweb.asfi.gob.bo/Reportes_asp/rmi/tarjeta.asp?c=54861&t=2&tr=2
[FULL_11_ASFI_VALORES] t= 315.6s | pag=300 | files=1170 | data= 66 | cola= 654 | prio=10 | https://appweb.asfi.gob.bo/Reportes_asp/rmi/tarjeta.asp?c=54754&t=2&tr=2
[FULL_11_ASFI_VALORES] t= 316.4s | pag=301 | files=1170 | data= 67 | cola= 654 | prio=10 | https://appweb.asfi.gob.bo/Reportes_asp/rmi/tarjeta.asp?c=51816&t=2&tr=2
[FULL_11_ASFI_VALORES] t= 318.1s | pag=302 | files=1170 | data= 68 | cola= 654 | prio=10 | https://appweb.asfi.gob.bo/Reportes_asp/rmi/tarjeta.asp?c=51827&t=2&tr=2
[FULL_11_ASFI_VALORES] t= 318.9s | pag=303 | files=1170 | data= 69 | cola= 654 | prio=10 | https://appweb.asfi.gob.bo/Reportes_asp/rmi/tarjeta.asp?c=51825&t=2&tr=2
[FULL_11_ASFI_VALORES] t= 319.9s | pag=304 | files=1170 | data= 70 | cola= 654 | prio=10 | https://appweb.asfi.gob.bo/Reportes_asp/rmi/tarjeta.asp?c=51804&t=2&tr=2
[FULL_11_ASFI_VALORES] t= 320.6s | pag=305 | files=1170 | data= 71 | cola= 654 | prio=10 | https://appweb.asfi.gob.bo/Reportes_asp/rmi/tarjeta.asp?c=53289&t=2&tr=2
[FULL_11_ASFI_VALORES] t= 321.2s | pag=306 | files=1170 | data= 72 | cola= 654 | prio=10 | https://appweb.asfi.gob.bo/Reportes_asp/rmi/tarjeta.asp?c=52194&t=2&tr=2
[FULL_11_ASFI_VALORES] t= 323.5s | pag=307 | files=1170 | data= 73 | cola= 654 | prio=10 | https://appweb.asfi.gob.bo/Reportes_asp/rmi/tarjeta.asp?c=54975&t=2&tr=2
[FULL_11_ASFI_VALORES] t= 323.9s | pag=308 | files=1170 | data= 74 | cola= 654 | prio=10 | https://appweb.asfi.gob.bo/Reportes_asp/rmi/tarjeta.asp?c=51808&t=2&tr=2
[FULL_11_ASFI_VALORES] DATASETS=75 | data_html_table | https://appweb.asfi.gob.bo/Reportes_asp/rmi/tarjeta.asp?c=51808&t=2&tr=2
[FULL_11_ASFI_VALORES] t= 325.8s | pag=309 | files=1170 | data= 75 | cola= 654 | prio=10 | https://appweb.asfi.gob.bo/Reportes_asp/rmi/tarjeta.asp?c=52925&t=2&tr=2
[FULL_11_ASFI_VALORES] t= 326.9s | pag=310 | files=1170 | data= 76 | cola= 654 | prio=10 | https://appweb.asfi.gob.bo/Reportes_asp/rmi/tarjeta.asp?c=54840&t=2&tr=2
[FULL_11_ASFI_VALORES] t= 327.4s | pag=311 | files=1170 | data= 77 | cola= 654 | prio=10 | https://appweb.asfi.gob.bo/Reportes_asp/rmi/tarjeta.asp?c=54931&t=2&tr=2
[FULL_11_ASFI_VALORES] t= 328.1s | pag=312 | files=1170 | data= 78 | cola= 654 | prio=10 | https://appweb.asfi.gob.bo/Reportes_asp/rmi/tarjeta.asp?c=54705&t=2&tr=2
[FULL_11_ASFI_VALORES] t= 329.2s | pag=313 | files=1170 | data= 79 | cola= 654 | prio=10 | https://appweb.asfi.gob.bo/Reportes_asp/rmi/tarjeta.asp?c=54799&t=2&tr=2
[FULL_11_ASFI_VALORES] t= 330.0s | pag=314 | files=1170 | data= 80 | cola= 654 | prio=10 | https://appweb.asfi.gob.bo/Reportes_asp/rmi/tarjeta.asp?c=52561&t=2&tr=2
[FULL_11_ASFI_VALORES] t= 331.5s | pag=315 | files=1170 | data= 81 | cola= 654 | prio=10 | https://appweb.asfi.gob.bo/Reportes_asp/rmi/tarjeta.asp?c=51949&t=2&tr=2
[FULL_11_ASFI_VALORES] t= 332.2s | pag=316 | files=1170 | data= 82 | cola= 654 | prio=10 | https://appweb.asfi.gob.bo/Reportes_asp/rmi/tarjeta.asp?c=52195&t=2&tr=2
[FULL_11_ASFI_VALORES] t= 333.0s | pag=317 | files=1170 | data= 83 | cola= 654 | prio=10 | https://appweb.asfi.gob.bo/Reportes_asp/rmi/tarjeta.asp?c=53556&t=2&tr=2
[FULL_11_ASFI_VALORES] t= 333.4s | pag=318 | files=1170 | data= 84 | cola= 654 | prio=10 | https://appweb.asfi.gob.bo/Reportes_asp/rmi/tarjeta.asp?c=53247&t=2&tr=2
[FULL_11_ASFI_VALORES] t= 335.1s | pag=319 | files=1170 | data= 85 | cola= 654 | prio=10 | https://appweb.asfi.gob.bo/Reportes_asp/rmi/tarjeta.asp?c=52349&t=2&tr=2
[FULL_11_ASFI_VALORES] t= 335.9s | pag=320 | files=1170 | data= 86 | cola= 654 | prio=10 | https://appweb.asfi.gob.bo/Reportes_asp/rmi/tarjeta.asp?c=53470&t=2&tr=2
[FULL_11_ASFI_VALORES] t= 337.4s | pag=321 | files=1170 | data= 87 | cola= 654 | prio=10 | https://appweb.asfi.gob.bo/Reportes_asp/rmi/tarjeta.asp?c=54661&t=2&tr=2
[FULL_11_ASFI_VALORES] t= 337.9s | pag=322 | files=1170 | data= 88 | cola= 654 | prio=10 | https://appweb.asfi.gob.bo/Reportes_asp/rmi/tarjeta.asp?c=54809&t=2&tr=2
[FULL_11_ASFI_VALORES] t= 338.7s | pag=323 | files=1170 | data= 89 | cola= 654 | prio=10 | https://appweb.asfi.gob.bo/Reportes_asp/rmi/tarjeta.asp?c=53451&t=2&tr=2
[FULL_11_ASFI_VALORES] t= 339.7s | pag=324 | files=1170 | data= 90 | cola= 654 | prio=10 | https://appweb.asfi.gob.bo/Reportes_asp/rmi/tarjeta.asp?c=53418&t=2&tr=2
[FULL_11_ASFI_VALORES] t= 341.0s | pag=325 | files=1170 | data= 91 | cola= 654 | prio=10 | https://appweb.asfi.gob.bo/Reportes_asp/rmi/tarjeta.asp?c=52930&t=2&tr=2
[FULL_11_ASFI_VALORES] t= 342.4s | pag=326 | files=1170 | data= 92 | cola= 654 | prio=10 | https://appweb.asfi.gob.bo/Reportes_asp/rmi/tarjeta.asp?c=53052&t=2&tr=2
[FULL_11_ASFI_VALORES] t= 343.0s | pag=327 | files=1170 | data= 93 | cola= 654 | prio=10 | https://appweb.asfi.gob.bo/Reportes_asp/rmi/tarjeta.asp?c=53539&t=2&tr=2
[FULL_11_ASFI_VALORES] t= 343.5s | pag=328 | files=1170 | data= 94 | cola= 654 | prio=10 | https://appweb.asfi.gob.bo/Reportes_asp/rmi/tarjeta.asp?c=52952&t=2&tr=2
[FULL_11_ASFI_VALORES] t= 344.6s | pag=329 | files=1170 | data= 95 | cola= 654 | prio=10 | https://appweb.asfi.gob.bo/Reportes_asp/rmi/tarjeta.asp?c=55065&t=2&tr=2
[FULL_11_ASFI_VALORES] t= 344.8s | pag=330 | files=1170 | data= 96 | cola= 654 | prio=10 | https://appweb.asfi.gob.bo/Reportes_asp/rmi/tarjeta.asp?c=53569&t=2&tr=2
[FULL_11_ASFI_VALORES] t= 345.5s | pag=331 | files=1170 | data= 97 | cola= 654 | prio=10 | https://appweb.asfi.gob.bo/Reportes_asp/rmi/tarjeta.asp?c=53590&t=2&tr=2
[FULL_11_ASFI_VALORES] t= 346.2s | pag=332 | files=1170 | data= 98 | cola= 654 | prio=10 | https://appweb.asfi.gob.bo/Reportes_asp/rmi/tarjeta.asp?c=53553&t=2&tr=2
[FULL_11_ASFI_VALORES] t= 347.1s | pag=333 | files=1170 | data= 99 | cola= 654 | prio=10 | https://appweb.asfi.gob.bo/Reportes_asp/rmi/tarjeta.asp?c=51814&t=2&tr=2
[FULL_11_ASFI_VALORES] DATASETS=100 | data_html_table | https://appweb.asfi.gob.bo/Reportes_asp/rmi/tarjeta.asp?c=51814&t=2&tr=2
[FULL_11_ASFI_VALORES] t= 348.4s | pag=334 | files=1170 | data=100 | cola= 654 | prio=10 | https://appweb.asfi.gob.bo/Reportes_asp/rmi/tarjeta.asp?c=53291&t=2&tr=2
[FULL_11_ASFI_VALORES] t= 349.4s | pag=335 | files=1170 | data=101 | cola= 654 | prio=10 | https://appweb.asfi.gob.bo/Reportes_asp/rmi/tarjeta.asp?c=52354&t=2&tr=2
[FULL_11_ASFI_VALORES] t= 350.7s | pag=336 | files=1170 | data=102 | cola= 654 | prio=10 | https://appweb.asfi.gob.bo/Reportes_asp/rmi/tarjeta.asp?c=54913&t=2&tr=2
[FULL_11_ASFI_VALORES] t= 351.7s | pag=337 | files=1170 | data=103 | cola= 654 | prio=10 | https://appweb.asfi.gob.bo/Reportes_asp/rmi/tarjeta.asp?c=52885&t=2&tr=2
[FULL_11_ASFI_VALORES] t= 352.9s | pag=338 | files=1170 | data=104 | cola= 654 | prio=10 | https://appweb.asfi.gob.bo/Reportes_asp/rmi/tarjeta.asp?c=52837&t=2&tr=2
[FULL_11_ASFI_VALORES] t= 354.3s | pag=339 | files=1170 | data=105 | cola= 654 | prio=10 | https://appweb.asfi.gob.bo/Reportes_asp/rmi/tarjeta.asp?c=52451&t=2&tr=2
[FULL_11_ASFI_VALORES] t= 355.4s | pag=340 | files=1170 | data=106 | cola= 654 | prio=10 | https://appweb.asfi.gob.bo/Reportes_asp/rmi/tarjeta.asp?c=53393&t=2&tr=2
[FULL_11_ASFI_VALORES] t= 356.0s | pag=341 | files=1170 | data=107 | cola= 654 | prio=10 | https://appweb.asfi.gob.bo/Reportes_asp/rmi/tarjeta.asp?c=55067&t=2&tr=2
[FULL_11_ASFI_VALORES] t= 356.4s | pag=342 | files=1170 | data=108 | cola= 654 | prio=10 | https://appweb.asfi.gob.bo/Reportes_asp/rmi/tarjeta.asp?c=51842&t=2&tr=2
[FULL_11_ASFI_VALORES] t= 357.5s | pag=343 | files=1170 | data=109 | cola= 654 | prio=10 | https://appweb.asfi.gob.bo/Reportes_asp/rmi/tarjeta.asp?c=53337&t=2&tr=2
[FULL_11_ASFI_VALORES] t= 358.4s | pag=344 | files=1170 | data=110 | cola= 654 | prio=10 | https://appweb.asfi.gob.bo/Reportes_asp/rmi/tarjeta.asp?c=54662&t=2&tr=2
[FULL_11_ASFI_VALORES] t= 359.0s | pag=345 | files=1170 | data=111 | cola= 654 | prio=10 | https://appweb.asfi.gob.bo/Reportes_asp/rmi/tarjeta.asp?c=53282&t=2&tr=2
[FULL_11_ASFI_VALORES] t= 360.4s | pag=346 | files=1170 | data=112 | cola= 654 | prio=10 | https://appweb.asfi.gob.bo/Reportes_asp/rmi/tarjeta.asp?c=54666&t=2&tr=2
[FULL_11_ASFI_VALORES] t= 361.3s | pag=347 | files=1170 | data=113 | cola= 654 | prio=10 | https://appweb.asfi.gob.bo/Reportes_asp/rmi/tarjeta.asp?c=51858&t=2&tr=2
[FULL_11_ASFI_VALORES] t= 362.3s | pag=348 | files=1170 | data=114 | cola= 654 | prio=10 | https://appweb.asfi.gob.bo/Reportes_asp/rmi/tarjeta.asp?c=53171&t=2&tr=2
[FULL_11_ASFI_VALORES] t= 363.1s | pag=349 | files=1170 | data=115 | cola= 654 | prio=10 | https://appweb.asfi.gob.bo/Reportes_asp/rmi/tarjeta.asp?c=51826&t=2&tr=2
[FULL_11_ASFI_VALORES] t= 364.7s | pag=350 | files=1170 | data=116 | cola= 654 | prio=10 | https://appweb.asfi.gob.bo/Reportes_asp/rmi/tarjeta.asp?c=54741&t=2&tr=2
[FULL_11_ASFI_VALORES] t= 365.7s | pag=351 | files=1170 | data=117 | cola= 654 | prio=10 | https://appweb.asfi.gob.bo/Reportes_asp/rmi/tarjeta.asp?c=51854&t=2&tr=2
[FULL_11_ASFI_VALORES] t= 366.9s | pag=352 | files=1170 | data=118 | cola= 654 | prio=10 | https://appweb.asfi.gob.bo/Reportes_asp/rmi/tarjeta.asp?c=53523&t=2&tr=2
[FULL_11_ASFI_VALORES] t= 367.6s | pag=353 | files=1170 | data=119 | cola= 654 | prio=10 | https://appweb.asfi.gob.bo/Reportes_asp/rmi/tarjeta.asp?c=52074&t=2&tr=2
[FULL_11_ASFI_VALORES] t= 369.1s | pag=354 | files=1170 | data=120 | cola= 654 | prio=10 | https://appweb.asfi.gob.bo/Reportes_asp/rmi/tarjeta.asp?c=54678&t=2&tr=2
[FULL_11_ASFI_VALORES] t= 369.6s | pag=355 | files=1170 | data=121 | cola= 654 | prio=10 | https://appweb.asfi.gob.bo/Reportes_asp/rmi/tarjeta.asp?c=51860&t=2&tr=2
[FULL_11_ASFI_VALORES] t= 370.7s | pag=356 | files=1170 | data=122 | cola= 654 | prio=10 | https://appweb.asfi.gob.bo/Reportes_asp/rmi/tarjeta.asp?c=53118&t=2&tr=2
[FULL_11_ASFI_VALORES] t= 372.3s | pag=357 | files=1170 | data=123 | cola= 654 | prio=10 | https://appweb.asfi.gob.bo/Reportes_asp/rmi/tarjeta.asp?c=51821&t=2&tr=2
[FULL_11_ASFI_VALORES] t= 373.6s | pag=358 | files=1170 | data=124 | cola= 654 | prio=10 | https://appweb.asfi.gob.bo/Reportes_asp/rmi/tarjeta.asp?c=51809&t=2&tr=2
[FULL_11_ASFI_VALORES] DATASETS=125 | data_html_table | https://appweb.asfi.gob.bo/Reportes_asp/rmi/tarjeta.asp?c=51809&t=2&tr=2
[FULL_11_ASFI_VALORES] t= 374.7s | pag=359 | files=1170 | data=125 | cola= 654 | prio=10 | https://appweb.asfi.gob.bo/Reportes_asp/rmi/tarjeta.asp?c=51812&t=2&tr=2
[FULL_11_ASFI_VALORES] t= 376.9s | pag=360 | files=1170 | data=126 | cola= 654 | prio=10 | https://appweb.asfi.gob.bo/Reportes_asp/rmi/tarjeta.asp?c=51813&t=2&tr=2
[FULL_11_ASFI_VALORES] t= 377.4s | pag=361 | files=1170 | data=127 | cola= 654 | prio=10 | https://appweb.asfi.gob.bo/Reportes_asp/rmi/tarjeta.asp?c=52045&t=2&tr=2
[FULL_11_ASFI_VALORES] t= 378.2s | pag=362 | files=1170 | data=128 | cola= 654 | prio=10 | https://appweb.asfi.gob.bo/Reportes_asp/rmi/tarjeta.asp?c=53002&t=2&tr=2
[FULL_11_ASFI_VALORES] t= 379.0s | pag=363 | files=1170 | data=129 | cola= 654 | prio=10 | https://appweb.asfi.gob.bo/Reportes_asp/rmi/tarjeta.asp?c=53623&t=2&tr=2
[FULL_11_ASFI_VALORES] t= 379.5s | pag=364 | files=1170 | data=130 | cola= 654 | prio=10 | https://appweb.asfi.gob.bo/Reportes_asp/rmi/tarjeta.asp?c=52051&t=2&tr=2
[FULL_11_ASFI_VALORES] t= 380.0s | pag=365 | files=1170 | data=131 | cola= 654 | prio=10 | https://appweb.asfi.gob.bo/Reportes_asp/rmi/tarjeta.asp?c=53217&t=2&tr=2
[FULL_11_ASFI_VALORES] t= 381.0s | pag=366 | files=1170 | data=132 | cola= 654 | prio=10 | https://appweb.asfi.gob.bo/Reportes_asp/rmi/tarjeta.asp?c=54957&t=2&tr=2
[FULL_11_ASFI_VALORES] t= 382.0s | pag=367 | files=1170 | data=133 | cola= 654 | prio=10 | https://appweb.asfi.gob.bo/Reportes_asp/rmi/tarjeta.asp?c=54778&t=2&tr=2
[FULL_11_ASFI_VALORES] t= 382.7s | pag=368 | files=1170 | data=134 | cola= 654 | prio=10 | https://appweb.asfi.gob.bo/Reportes_asp/rmi/tarjeta.asp?c=54867&t=2&tr=2
[FULL_11_ASFI_VALORES] t= 383.6s | pag=369 | files=1170 | data=135 | cola= 654 | prio=10 | https://appweb.asfi.gob.bo/Reportes_asp/rmi/tarjeta.asp?c=52196&t=2&tr=2
[FULL_11_ASFI_VALORES] t= 384.4s | pag=370 | files=1170 | data=136 | cola= 654 | prio=10 | https://appweb.asfi.gob.bo/Reportes_asp/rmi/tarjeta.asp?c=53058&t=2&tr=2
[FULL_11_ASFI_VALORES] t= 385.5s | pag=371 | files=1170 | data=137 | cola= 654 | prio=10 | https://appweb.asfi.gob.bo/Reportes_asp/rmi/tarjeta.asp?c=52385&t=2&tr=2
[FULL_11_ASFI_VALORES] t= 386.2s | pag=372 | files=1170 | data=138 | cola= 654 | prio=10 | https://appweb.asfi.gob.bo/Reportes_asp/rmi/tarjeta.asp?c=53508&t=2&tr=2
[FULL_11_ASFI_VALORES] t= 386.8s | pag=373 | files=1170 | data=139 | cola= 654 | prio=10 | https://appweb.asfi.gob.bo/Reportes_asp/rmi/tarjeta.asp?c=54704&t=2&tr=2
[FULL_11_ASFI_VALORES] t= 387.7s | pag=374 | files=1170 | data=140 | cola= 654 | prio=10 | https://appweb.asfi.gob.bo/Reportes_asp/rmi/tarjeta.asp?c=54854&t=2&tr=2
[FULL_11_ASFI_VALORES] t= 388.4s | pag=375 | files=1170 | data=141 | cola= 654 | prio=10 | https://appweb.asfi.gob.bo/Reportes_asp/rmi/tarjeta.asp?c=52042&t=2&tr=2
[FULL_11_ASFI_VALORES] t= 389.0s | pag=376 | files=1170 | data=142 | cola= 654 | prio=10 | https://appweb.asfi.gob.bo/Reportes_asp/rmi/tarjeta.asp?c=52041&t=2&tr=2
[FULL_11_ASFI_VALORES] t= 389.9s | pag=377 | files=1170 | data=143 | cola= 654 | prio=10 | https://appweb.asfi.gob.bo/Reportes_asp/rmi/tarjeta.asp?c=53570&t=2&tr=2
[FULL_11_ASFI_VALORES] t= 390.8s | pag=378 | files=1170 | data=144 | cola= 654 | prio=10 | https://appweb.asfi.gob.bo/Reportes_asp/rmi/tarjeta.asp?c=52565&t=2&tr=2
[FULL_11_ASFI_VALORES] t= 391.8s | pag=379 | files=1170 | data=145 | cola= 654 | prio=10 | https://appweb.asfi.gob.bo/Reportes_asp/rmi/tarjeta.asp?c=54808&t=2&tr=2
[FULL_11_ASFI_VALORES] t= 392.8s | pag=380 | files=1170 | data=146 | cola= 654 | prio=10 | https://appweb.asfi.gob.bo/Reportes_asp/rmi/tarjeta.asp?c=54898&t=2&tr=2
[FULL_11_ASFI_VALORES] t= 393.2s | pag=381 | files=1170 | data=147 | cola= 654 | prio=10 | https://appweb.asfi.gob.bo/Reportes_asp/rmi/tarjeta.asp?c=54896&t=2&tr=2
[FULL_11_ASFI_VALORES] t= 394.0s | pag=382 | files=1170 | data=148 | cola= 654 | prio=10 | https://appweb.asfi.gob.bo/Reportes_asp/rmi/tarjeta.asp?c=55003&t=2&tr=2
[FULL_11_ASFI_VALORES] t= 395.1s | pag=383 | files=1170 | data=149 | cola= 654 | prio=10 | https://appweb.asfi.gob.bo/Reportes_asp/rmi/tarjeta.asp?c=52400&t=2&tr=2
[FULL_11_ASFI_VALORES] DATASETS=150 | data_html_table | https://appweb.asfi.gob.bo/Reportes_asp/rmi/tarjeta.asp?c=52400&t=2&tr=2
[FULL_11_ASFI_VALORES] t= 397.4s | pag=384 | files=1170 | data=150 | cola= 654 | prio=10 | https://appweb.asfi.gob.bo/Reportes_asp/rmi/tarjeta.asp?c=53540&t=2&tr=2
[FULL_11_ASFI_VALORES] t= 397.6s | pag=385 | files=1170 | data=151 | cola= 654 | prio=10 | https://appweb.asfi.gob.bo/Reportes_asp/rmi/tarjeta.asp?c=52506&t=2&tr=2
[FULL_11_ASFI_VALORES] t= 398.5s | pag=386 | files=1170 | data=152 | cola= 654 | prio=10 | https://appweb.asfi.gob.bo/Reportes_asp/rmi/tarjeta.asp?c=53215&t=2&tr=2
[FULL_11_ASFI_VALORES] t= 399.3s | pag=387 | files=1170 | data=153 | cola= 654 | prio=10 | https://appweb.asfi.gob.bo/Reportes_asp/rmi/tarjeta.asp?c=53286&t=2&tr=2
[FULL_11_ASFI_VALORES] t= 400.1s | pag=388 | files=1170 | data=154 | cola= 654 | prio=10 | https://appweb.asfi.gob.bo/Reportes_asp/rmi/tarjeta.asp?c=54959&t=2&tr=2
[FULL_11_ASFI_VALORES] t= 401.0s | pag=389 | files=1170 | data=155 | cola= 654 | prio=10 | https://appweb.asfi.gob.bo/Reportes_asp/rmi/tarjeta.asp?c=54909&t=2&tr=2
[FULL_11_ASFI_VALORES] t= 401.5s | pag=390 | files=1170 | data=156 | cola= 654 | prio=10 | https://appweb.asfi.gob.bo/Reportes_asp/rmi/tarjeta.asp?c=54974&t=2&tr=2
[FULL_11_ASFI_VALORES] t= 402.1s | pag=391 | files=1170 | data=157 | cola= 654 | prio=10 | https://appweb.asfi.gob.bo/Reportes_asp/rmi/tarjeta.asp?c=53408&t=2&tr=2
[FULL_11_ASFI_VALORES] t= 402.7s | pag=392 | files=1170 | data=158 | cola= 654 | prio=10 | https://appweb.asfi.gob.bo/Reportes_asp/rmi/tarjeta.asp?c=51886&t=2&tr=2
[FULL_11_ASFI_VALORES] t= 403.2s | pag=393 | files=1170 | data=159 | cola= 654 | prio=10 | https://appweb.asfi.gob.bo/Reportes_asp/rmi/tarjeta.asp?c=52640&t=2&tr=2
[FULL_11_ASFI_VALORES] t= 403.9s | pag=394 | files=1170 | data=160 | cola= 654 | prio=10 | https://appweb.asfi.gob.bo/Reportes_asp/rmi/tarjeta.asp?c=53325&t=2&tr=2
[FULL_11_ASFI_VALORES] t= 405.1s | pag=395 | files=1170 | data=161 | cola= 654 | prio=10 | https://appweb.asfi.gob.bo/Reportes_asp/rmi/tarjeta.asp?c=53214&t=2&tr=2
[FULL_11_ASFI_VALORES] t= 405.8s | pag=396 | files=1170 | data=162 | cola= 654 | prio=10 | https://appweb.asfi.gob.bo/Reportes_asp/rmi/tarjeta.asp?c=53502&t=2&tr=2
[FULL_11_ASFI_VALORES] t= 406.2s | pag=397 | files=1170 | data=163 | cola= 654 | prio=10 | https://appweb.asfi.gob.bo/Reportes_asp/rmi/tarjeta.asp?c=53503&t=2&tr=2
[FULL_11_ASFI_VALORES] t= 406.8s | pag=398 | files=1170 | data=164 | cola= 654 | prio=10 | https://appweb.asfi.gob.bo/Reportes_asp/rmi/tarjeta.asp?c=53412&t=2&tr=2
[FULL_11_ASFI_VALORES] t= 407.6s | pag=399 | files=1170 | data=165 | cola= 654 | prio=10 | https://appweb.asfi.gob.bo/Reportes_asp/rmi/tarjeta.asp?c=52750&t=2&tr=2
[FULL_11_ASFI_VALORES] t= 408.5s | pag=400 | files=1170 | data=166 | cola= 654 | prio=10 | https://appweb.asfi.gob.bo/Reportes_asp/rmi/tarjeta.asp?c=52364&t=2&tr=2
[FULL_11_ASFI_VALORES] t= 409.4s | pag=401 | files=1170 | data=167 | cola= 654 | prio=10 | https://appweb.asfi.gob.bo/Reportes_asp/rmi/tarjeta.asp?c=54676&t=2&tr=2
[FULL_11_ASFI_VALORES] t= 409.9s | pag=402 | files=1170 | data=168 | cola= 654 | prio=10 | https://appweb.asfi.gob.bo/Reportes_asp/rmi/tarjeta.asp?c=51941&t=2&tr=2
[FULL_11_ASFI_VALORES] t= 410.8s | pag=403 | files=1170 | data=169 | cola= 654 | prio=10 | https://appweb.asfi.gob.bo/Reportes_asp/rmi/tarjeta.asp?c=54772&t=2&tr=2
[FULL_11_ASFI_VALORES] t= 411.7s | pag=404 | files=1170 | data=170 | cola= 654 | prio=10 | https://appweb.asfi.gob.bo/Reportes_asp/rmi/tarjeta.asp?c=54699&t=2&tr=2
[FULL_11_ASFI_VALORES] t= 412.7s | pag=405 | files=1170 | data=171 | cola= 654 | prio=10 | https://appweb.asfi.gob.bo/Reportes_asp/rmi/tarjeta.asp?c=53545&t=2&tr=2
[FULL_11_ASFI_VALORES] t= 413.9s | pag=406 | files=1170 | data=172 | cola= 654 | prio=10 | https://appweb.asfi.gob.bo/Reportes_asp/rmi/tarjeta.asp?c=51893&t=2&tr=2
[FULL_11_ASFI_VALORES] t= 414.6s | pag=407 | files=1170 | data=173 | cola= 654 | prio=10 | https://appweb.asfi.gob.bo/Reportes_asp/rmi/tarjeta.asp?c=53638&t=2&tr=2
[FULL_11_ASFI_VALORES] t= 415.3s | pag=408 | files=1170 | data=174 | cola= 654 | prio=10 | https://appweb.asfi.gob.bo/Reportes_asp/rmi/tarjeta.asp?c=53179&t=2&tr=2
[FULL_11_ASFI_VALORES] DATASETS=175 | data_html_table | https://appweb.asfi.gob.bo/Reportes_asp/rmi/tarjeta.asp?c=53179&t=2&tr=2
[FULL_11_ASFI_VALORES] t= 415.9s | pag=409 | files=1170 | data=175 | cola= 654 | prio=10 | https://appweb.asfi.gob.bo/Reportes_asp/rmi/tarjeta.asp?c=54797&t=2&tr=2
[FULL_11_ASFI_VALORES] t= 416.9s | pag=410 | files=1170 | data=176 | cola= 654 | prio=10 | https://appweb.asfi.gob.bo/Reportes_asp/rmi/tarjeta.asp?c=53367&t=2&tr=2
[FULL_11_ASFI_VALORES] t= 417.6s | pag=411 | files=1170 | data=177 | cola= 654 | prio=10 | https://appweb.asfi.gob.bo/Reportes_asp/rmi/tarjeta.asp?c=52562&t=2&tr=2
[FULL_11_ASFI_VALORES] t= 418.3s | pag=412 | files=1170 | data=178 | cola= 654 | prio=10 | https://appweb.asfi.gob.bo/Reportes_asp/rmi/tarjeta.asp?c=51945&t=2&tr=2
[FULL_11_ASFI_VALORES] t= 419.0s | pag=413 | files=1170 | data=179 | cola= 654 | prio=10 | https://appweb.asfi.gob.bo/Reportes_asp/rmi/tarjeta.asp?c=53421&t=2&tr=2
[FULL_11_ASFI_VALORES] t= 419.8s | pag=414 | files=1170 | data=180 | cola= 654 | prio=10 | https://appweb.asfi.gob.bo/Reportes_asp/rmi/tarjeta.asp?c=52642&t=2&tr=2
[FULL_11_ASFI_VALORES] t= 420.5s | pag=415 | files=1170 | data=181 | cola= 654 | prio=10 | https://appweb.asfi.gob.bo/Reportes_asp/rmi/tarjeta.asp?c=52922&t=2&tr=2
[FULL_11_ASFI_VALORES] t= 421.3s | pag=416 | files=1170 | data=182 | cola= 654 | prio=10 | https://appweb.asfi.gob.bo/Reportes_asp/rmi/tarjeta.asp?c=52186&t=2&tr=2
[FULL_11_ASFI_VALORES] t= 422.0s | pag=417 | files=1170 | data=183 | cola= 654 | prio=10 | https://appweb.asfi.gob.bo/Reportes_asp/rmi/tarjeta.asp?c=54973&t=2&tr=2
[FULL_11_ASFI_VALORES] t= 422.7s | pag=418 | files=1170 | data=184 | cola= 654 | prio=10 | https://appweb.asfi.gob.bo/Reportes_asp/rmi/tarjeta.asp?c=53416&t=2&tr=2
[FULL_11_ASFI_VALORES] t= 423.6s | pag=419 | files=1170 | data=185 | cola= 654 | prio=10 | https://appweb.asfi.gob.bo/Reportes_asp/rmi/tarjeta.asp?c=52184&t=2&tr=2
[FULL_11_ASFI_VALORES] t= 424.4s | pag=420 | files=1170 | data=186 | cola= 654 | prio=10 | https://appweb.asfi.gob.bo/Reportes_asp/rmi/tarjeta.asp?c=53287&t=2&tr=2
[FULL_11_ASFI_VALORES] t= 425.0s | pag=421 | files=1170 | data=187 | cola= 654 | prio=10 | https://appweb.asfi.gob.bo/Reportes_asp/rmi/tarjeta.asp?c=51942&t=2&tr=2
[FULL_11_ASFI_VALORES] t= 425.6s | pag=422 | files=1170 | data=188 | cola= 654 | prio=10 | https://appweb.asfi.gob.bo/Reportes_asp/rmi/tarjeta.asp?c=53133&t=2&tr=2
[FULL_11_ASFI_VALORES] t= 426.0s | pag=423 | files=1170 | data=189 | cola= 654 | prio=10 | https://appweb.asfi.gob.bo/Reportes_asp/rmi/tarjeta.asp?c=52907&t=2&tr=2
[FULL_11_ASFI_VALORES] t= 426.5s | pag=424 | files=1170 | data=190 | cola= 654 | prio=10 | https://appweb.asfi.gob.bo/Reportes_asp/rmi/tarjeta.asp?c=53348&t=2&tr=2
[FULL_11_ASFI_VALORES] t= 427.4s | pag=425 | files=1170 | data=191 | cola= 654 | prio=10 | https://appweb.asfi.gob.bo/Reportes_asp/rmi/tarjeta.asp?c=54843&t=2&tr=2
[FULL_11_ASFI_VALORES] t= 428.1s | pag=426 | files=1170 | data=192 | cola= 654 | prio=10 | https://appweb.asfi.gob.bo/Reportes_asp/rmi/tarjeta.asp?c=54771&t=2&tr=2
[FULL_11_ASFI_VALORES] t= 428.9s | pag=427 | files=1170 | data=193 | cola= 654 | prio=10 | https://appweb.asfi.gob.bo/Reportes_asp/rmi/tarjeta.asp?c=54922&t=2&tr=2
[FULL_11_ASFI_VALORES] t= 429.9s | pag=428 | files=1170 | data=194 | cola= 654 | prio=10 | https://appweb.asfi.gob.bo/Reportes_asp/rmi/tarjeta.asp?c=54773&t=2&tr=2
[FULL_11_ASFI_VALORES] t= 430.4s | pag=429 | files=1170 | data=195 | cola= 654 | prio=10 | https://appweb.asfi.gob.bo/Reportes_asp/rmi/tarjeta.asp?c=53365&t=2&tr=2
[FULL_11_ASFI_VALORES] t= 431.2s | pag=430 | files=1170 | data=196 | cola= 654 | prio=10 | https://appweb.asfi.gob.bo/Reportes_asp/rmi/tarjeta.asp?c=53284&t=2&tr=2
[FULL_11_ASFI_VALORES] t= 431.6s | pag=431 | files=1170 | data=197 | cola= 654 | prio=10 | https://appweb.asfi.gob.bo/Reportes_asp/rmi/tarjeta.asp?c=52458&t=2&tr=2
[FULL_11_ASFI_VALORES] t= 432.3s | pag=432 | files=1170 | data=198 | cola= 654 | prio=10 | https://appweb.asfi.gob.bo/Reportes_asp/rmi/tarjeta.asp?c=53413&t=2&tr=2
[FULL_11_ASFI_VALORES] t= 433.5s | pag=433 | files=1170 | data=199 | cola= 654 | prio=10 | https://appweb.asfi.gob.bo/Reportes_asp/rmi/tarjeta.asp?c=53562&t=2&tr=2
[FULL_11_ASFI_VALORES] DATASETS=200 | data_html_table | https://appweb.asfi.gob.bo/Reportes_asp/rmi/tarjeta.asp?c=53562&t=2&tr=2
[FULL_11_ASFI_VALORES] t= 434.0s | pag=434 | files=1170 | data=200 | cola= 654 | prio=10 | https://appweb.asfi.gob.bo/Reportes_asp/rmi/tarjeta.asp?c=54969&t=2&tr=2
[FULL_11_ASFI_VALORES] t= 434.7s | pag=435 | files=1170 | data=201 | cola= 654 | prio=10 | https://appweb.asfi.gob.bo/Reportes_asp/rmi/tarjeta.asp?c=53606&t=2&tr=2
[FULL_11_ASFI_VALORES] t= 435.6s | pag=436 | files=1170 | data=202 | cola= 654 | prio=10 | https://appweb.asfi.gob.bo/Reportes_asp/rmi/tarjeta.asp?c=53218&t=2&tr=2
[FULL_11_ASFI_VALORES] t= 436.4s | pag=437 | files=1170 | data=203 | cola= 654 | prio=10 | https://appweb.asfi.gob.bo/Reportes_asp/rmi/tarjeta.asp?c=51943&t=2&tr=2
[FULL_11_ASFI_VALORES] t= 437.3s | pag=438 | files=1170 | data=204 | cola= 654 | prio=10 | https://appweb.asfi.gob.bo/Reportes_asp/rmi/tarjeta.asp?c=54786&t=2&tr=2
[FULL_11_ASFI_VALORES] t= 438.2s | pag=439 | files=1170 | data=205 | cola= 654 | prio=10 | https://appweb.asfi.gob.bo/Reportes_asp/rmi/tarjeta.asp?c=54677&t=2&tr=2
[FULL_11_ASFI_VALORES] t= 439.0s | pag=440 | files=1170 | data=206 | cola= 654 | prio=10 | https://appweb.asfi.gob.bo/Reportes_asp/rmi/tarjeta.asp?c=53546&t=2&tr=2
[FULL_11_ASFI_VALORES] t= 440.3s | pag=441 | files=1170 | data=207 | cola= 654 | prio=10 | https://appweb.asfi.gob.bo/Reportes_asp/rmi/tarjeta.asp?c=53290&t=2&tr=2
[FULL_11_ASFI_VALORES] t= 441.1s | pag=442 | files=1170 | data=208 | cola= 654 | prio=10 | https://appweb.asfi.gob.bo/Reportes_asp/rmi/tarjeta.asp?c=55024&t=2&tr=2
[FULL_11_ASFI_VALORES] t= 441.7s | pag=443 | files=1170 | data=209 | cola= 654 | prio=10 | https://appweb.asfi.gob.bo/Reportes_asp/rmi/tarjeta.asp?c=55034&t=2&tr=2
[FULL_11_ASFI_VALORES] t= 442.8s | pag=444 | files=1170 | data=210 | cola= 654 | prio=10 | https://appweb.asfi.gob.bo/Reportes_asp/rmi/tarjeta.asp?c=52851&t=2&tr=2
[FULL_11_ASFI_VALORES] t= 443.9s | pag=445 | files=1170 | data=211 | cola= 654 | prio=10 | https://appweb.asfi.gob.bo/Reportes_asp/rmi/tarjeta.asp?c=55020&t=2&tr=2
[FULL_11_ASFI_VALORES] t= 444.8s | pag=446 | files=1170 | data=212 | cola= 654 | prio=10 | https://appweb.asfi.gob.bo/Reportes_asp/rmi/tarjeta.asp?c=52479&t=2&tr=2
[FULL_11_ASFI_VALORES] t= 445.5s | pag=447 | files=1170 | data=213 | cola= 654 | prio=10 | https://appweb.asfi.gob.bo/Reportes_asp/rmi/tarjeta.asp?c=55008&t=2&tr=2
[FULL_11_ASFI_VALORES] t= 446.5s | pag=448 | files=1170 | data=214 | cola= 654 | prio=10 | https://appweb.asfi.gob.bo/Reportes_asp/rmi/tarjeta.asp?c=51894&t=2&tr=2
[FULL_11_ASFI_VALORES] t= 447.4s | pag=449 | files=1170 | data=215 | cola= 654 | prio=10 | https://appweb.asfi.gob.bo/Reportes_asp/rmi/tarjeta.asp?c=51887&t=2&tr=2
[FULL_11_ASFI_VALORES] t= 448.1s | pag=450 | files=1170 | data=216 | cola= 654 | prio=10 | https://appweb.asfi.gob.bo/Reportes_asp/rmi/tarjeta.asp?c=53504&t=2&tr=2
[FULL_11_ASFI_VALORES] t= 448.9s | pag=451 | files=1170 | data=217 | cola= 654 | prio=10 | https://appweb.asfi.gob.bo/Reportes_asp/rmi/tarjeta.asp?c=52457&t=2&tr=2
[FULL_11_ASFI_VALORES] t= 449.6s | pag=452 | files=1170 | data=218 | cola= 654 | prio=10 | https://appweb.asfi.gob.bo/Reportes_asp/rmi/tarjeta.asp?c=53572&t=2&tr=2
[FULL_11_ASFI_VALORES] t= 450.3s | pag=453 | files=1170 | data=219 | cola= 654 | prio=10 | https://appweb.asfi.gob.bo/Reportes_asp/rmi/tarjeta.asp?c=53236&t=2&tr=2
[FULL_11_ASFI_VALORES] t= 451.0s | pag=454 | files=1170 | data=220 | cola= 654 | prio=10 | https://appweb.asfi.gob.bo/Reportes_asp/rmi/tarjeta.asp?c=53607&t=2&tr=2
[FULL_11_ASFI_VALORES] t= 452.0s | pag=455 | files=1170 | data=221 | cola= 654 | prio=10 | https://appweb.asfi.gob.bo/Reportes_asp/rmi/tarjeta.asp?c=53185&t=2&tr=2
[FULL_11_ASFI_VALORES] t= 453.0s | pag=456 | files=1170 | data=222 | cola= 654 | prio=10 | https://appweb.asfi.gob.bo/Reportes_asp/rmi/tarjeta.asp?c=53305&t=2&tr=2
[FULL_11_ASFI_VALORES] t= 453.8s | pag=457 | files=1170 | data=223 | cola= 654 | prio=10 | https://appweb.asfi.gob.bo/Reportes_asp/rmi/tarjeta.asp?c=53154&t=2&tr=2
[FULL_11_ASFI_VALORES] t= 454.7s | pag=458 | files=1170 | data=224 | cola= 654 | prio=10 | https://appweb.asfi.gob.bo/Reportes_asp/rmi/tarjeta.asp?c=53442&t=2&tr=2
[FULL_11_ASFI_VALORES] DATASETS=225 | data_html_table | https://appweb.asfi.gob.bo/Reportes_asp/rmi/tarjeta.asp?c=53442&t=2&tr=2
[FULL_11_ASFI_VALORES] t= 455.3s | pag=459 | files=1170 | data=225 | cola= 654 | prio=10 | https://appweb.asfi.gob.bo/Reportes_asp/rmi/tarjeta.asp?c=53085&t=2&tr=2
[FULL_11_ASFI_VALORES] t= 456.4s | pag=460 | files=1170 | data=226 | cola= 654 | prio=10 | https://appweb.asfi.gob.bo/Reportes_asp/rmi/tarjeta.asp?c=53306&t=2&tr=2
[FULL_11_ASFI_VALORES] t= 456.9s | pag=461 | files=1170 | data=227 | cola= 654 | prio=10 | https://appweb.asfi.gob.bo/Reportes_asp/rmi/tarjeta.asp?c=52995&t=2&tr=2
[FULL_11_ASFI_VALORES] t= 457.7s | pag=462 | files=1170 | data=228 | cola= 654 | prio=10 | https://appweb.asfi.gob.bo/Reportes_asp/rmi/tarjeta.asp?c=54995&t=2&tr=2
[FULL_11_ASFI_VALORES] t= 458.2s | pag=463 | files=1170 | data=229 | cola= 654 | prio=10 | https://appweb.asfi.gob.bo/Reportes_asp/rmi/tarjeta.asp?c=54794&t=2&tr=2
[FULL_11_ASFI_VALORES] t= 459.2s | pag=464 | files=1170 | data=230 | cola= 654 | prio=10 | https://appweb.asfi.gob.bo/Reportes_asp/rmi/tarjeta.asp?c=55019&t=2&tr=2
[FULL_11_ASFI_VALORES] t= 459.6s | pag=465 | files=1170 | data=231 | cola= 654 | prio=10 | https://appweb.asfi.gob.bo/Reportes_asp/rmi/tarjeta.asp?c=52921&t=2&tr=2
[FULL_11_ASFI_VALORES] t= 460.3s | pag=466 | files=1170 | data=232 | cola= 654 | prio=10 | https://appweb.asfi.gob.bo/Reportes_asp/rmi/tarjeta.asp?c=55010&t=2&tr=2
[FULL_11_ASFI_VALORES] t= 461.2s | pag=467 | files=1170 | data=233 | cola= 654 | prio=10 | https://appweb.asfi.gob.bo/Reportes_asp/rmi/tarjeta.asp?c=52862&t=2&tr=2
[FULL_11_ASFI_VALORES] t= 462.0s | pag=468 | files=1170 | data=234 | cola= 654 | prio=10 | https://appweb.asfi.gob.bo/Reportes_asp/rmi/tarjeta.asp?c=53588&t=2&tr=2
[FULL_11_ASFI_VALORES] t= 463.3s | pag=469 | files=1170 | data=235 | cola= 654 | prio=10 | https://appweb.asfi.gob.bo/Reportes_asp/rmi/tarjeta.asp?c=53250&t=2&tr=2
[FULL_11_ASFI_VALORES] t= 464.8s | pag=470 | files=1170 | data=236 | cola= 654 | prio=10 | https://appweb.asfi.gob.bo/Reportes_asp/rmi/tarjeta.asp?c=51891&t=2&tr=2
[FULL_11_ASFI_VALORES] t= 466.1s | pag=471 | files=1170 | data=237 | cola= 654 | prio=10 | https://appweb.asfi.gob.bo/Reportes_asp/rmi/tarjeta.asp?c=51895&t=2&tr=2
[FULL_11_ASFI_VALORES] t= 467.1s | pag=472 | files=1170 | data=238 | cola= 655 | prio=10 | https://appweb.asfi.gob.bo/Reportes_asp/rmi/tarjeta.asp?c=52863&t=2&tr=2
[FULL_11_ASFI_VALORES] t= 467.8s | pag=473 | files=1170 | data=239 | cola= 655 | prio=10 | https://appweb.asfi.gob.bo/Reportes_asp/rmi/tarjeta.asp?c=53317&t=2&tr=2
[FULL_11_ASFI_VALORES] t= 468.7s | pag=474 | files=1170 | data=240 | cola= 655 | prio=10 | https://appweb.asfi.gob.bo/Reportes_asp/rmi/tarjeta.asp?c=51939&t=2&tr=2
[FULL_11_ASFI_VALORES] t= 469.9s | pag=475 | files=1170 | data=241 | cola= 655 | prio=10 | https://appweb.asfi.gob.bo/Reportes_asp/rmi/tarjeta.asp?c=53248&t=2&tr=2
[FULL_11_ASFI_VALORES] t= 470.8s | pag=476 | files=1170 | data=242 | cola= 655 | prio=10 | https://appweb.asfi.gob.bo/Reportes_asp/rmi/tarjeta.asp?c=51947&t=2&tr=2
[FULL_11_ASFI_VALORES] t= 472.3s | pag=477 | files=1170 | data=243 | cola= 656 | prio=10 | https://appweb.asfi.gob.bo/Reportes_asp/rmi/tarjeta.asp?c=54694&t=2&tr=2
[FULL_11_ASFI_VALORES] t= 472.8s | pag=478 | files=1170 | data=244 | cola= 656 | prio=10 | https://appweb.asfi.gob.bo/Reportes_asp/rmi/tarjeta.asp?c=55044&t=2&tr=2
[FULL_11_ASFI_VALORES] t= 473.2s | pag=479 | files=1170 | data=245 | cola= 656 | prio=10 | https://appweb.asfi.gob.bo/Reportes_asp/rmi/tarjeta.asp?c=53140&t=2&tr=2
[FULL_11_ASFI_VALORES] t= 474.8s | pag=480 | files=1170 | data=246 | cola= 656 | prio=10 | https://appweb.asfi.gob.bo/Reportes_asp/rmi/tarjeta.asp?c=55007&t=2&tr=2
[FULL_11_ASFI_VALORES] t= 475.1s | pag=481 | files=1170 | data=247 | cola= 656 | prio=10 | https://appweb.asfi.gob.bo/Reportes_asp/rmi/tarjeta.asp?c=53089&t=2&tr=2
[FULL_11_ASFI_VALORES] t= 476.6s | pag=482 | files=1170 | data=248 | cola= 656 | prio=10 | https://appweb.asfi.gob.bo/Reportes_asp/rmi/tarjeta.asp?c=51944&t=2&tr=2
[FULL_11_ASFI_VALORES] t= 478.2s | pag=483 | files=1170 | data=249 | cola= 656 | prio=10 | https://appweb.asfi.gob.bo/Reportes_asp/rmi/tarjeta.asp?c=51932&t=2&tr=2
[FULL_11_ASFI_VALORES] DATASETS=250 | data_html_table | https://appweb.asfi.gob.bo/Reportes_asp/rmi/tarjeta.asp?c=51932&t=2&tr=2
[FULL_11_ASFI_VALORES] t= 480.7s | pag=484 | files=1170 | data=250 | cola= 656 | prio=10 | https://appweb.asfi.gob.bo/Reportes_asp/rmi/tarjeta.asp?c=52537&t=2&tr=2
[FULL_11_ASFI_VALORES] t= 483.9s | pag=485 | files=1170 | data=251 | cola= 656 | prio=10 | https://appweb.asfi.gob.bo/Reportes_asp/rmi/tarjeta.asp?c=53422&t=2&tr=2
[FULL_11_ASFI_VALORES] t= 484.9s | pag=486 | files=1170 | data=252 | cola= 657 | prio=10 | https://appweb.asfi.gob.bo/Reportes_asp/rmi/tarjeta.asp?c=52173&t=2&tr=2
[FULL_11_ASFI_VALORES] t= 486.5s | pag=487 | files=1170 | data=253 | cola= 657 | prio=10 | https://appweb.asfi.gob.bo/Reportes_asp/rmi/tarjeta.asp?c=51874&t=3
[FULL_11_ASFI_VALORES] t= 487.2s | pag=488 | files=1170 | data=254 | cola= 658 | prio=10 | https://appweb.asfi.gob.bo/Reportes_asp/rmi/tarjeta.asp?c=51878&t=3
[FULL_11_ASFI_VALORES] t= 487.9s | pag=489 | files=1170 | data=255 | cola= 659 | prio=10 | https://appweb.asfi.gob.bo/Reportes_asp/rmi/tarjeta.asp?c=51875&t=3
[FULL_11_ASFI_VALORES] t= 488.8s | pag=490 | files=1170 | data=256 | cola= 660 | prio=10 | https://appweb.asfi.gob.bo/Reportes_asp/rmi/tarjeta.asp?c=51876&t=3
[FULL_11_ASFI_VALORES] t= 490.1s | pag=491 | files=1170 | data=257 | cola= 661 | prio=10 | https://appweb.asfi.gob.bo/Reportes_asp/rmi/tarjeta.asp?c=53386&t=3
[FULL_11_ASFI_VALORES] t= 490.9s | pag=492 | files=1170 | data=258 | cola= 662 | prio=10 | https://appweb.asfi.gob.bo/Reportes_asp/rmi/tarjeta.asp?c=51877&t=3
[FULL_11_ASFI_VALORES] t= 491.7s | pag=493 | files=1170 | data=259 | cola= 663 | prio=10 | https://appweb.asfi.gob.bo/Reportes_asp/rmi/tarjeta.asp?c=53460&t=3
[FULL_11_ASFI_VALORES] t= 493.1s | pag=494 | files=1170 | data=260 | cola= 664 | prio=10 | https://appweb.asfi.gob.bo/Reportes_asp/rmi/tarjeta.asp?c=51879&t=3
[FULL_11_ASFI_VALORES] t= 494.4s | pag=495 | files=1170 | data=261 | cola= 665 | prio=10 | https://appweb.asfi.gob.bo/Reportes_asp/rmi/tarjeta.asp?c=51881&t=3
[FULL_11_ASFI_VALORES] t= 495.5s | pag=496 | files=1170 | data=262 | cola= 666 | prio=10 | https://appweb.asfi.gob.bo/Reportes_asp/rmi/tarjeta.asp?c=51883&t=3
[FULL_11_ASFI_VALORES] t= 496.6s | pag=497 | files=1170 | data=263 | cola= 667 | prio=10 | https://appweb.asfi.gob.bo/Reportes_asp/rmi/tarjeta.asp?c=51871&t=3
[FULL_11_ASFI_VALORES] t= 497.8s | pag=498 | files=1170 | data=264 | cola= 668 | prio=10 | https://appweb.asfi.gob.bo/Reportes_asp/rmi/tarjeta.asp?c=53112&t=3
[FULL_11_ASFI_VALORES] t= 498.8s | pag=499 | files=1170 | data=265 | cola= 669 | prio=10 | https://appweb.asfi.gob.bo/Reportes_asp/rmi/tarjeta.asp?c=52172&t=3
[FULL_11_ASFI_VALORES] t= 499.7s | pag=500 | files=1170 | data=266 | cola= 670 | prio=10 | https://appweb.asfi.gob.bo/Reportes_asp/rmi/tarjeta.asp?c=53243&t=3
[FULL_11_ASFI_VALORES] t= 500.9s | pag=501 | files=1170 | data=267 | cola= 671 | prio=10 | https://appweb.asfi.gob.bo/Reportes_asp/rmi/tarjeta.asp?c=53550&t=3
[FULL_11_ASFI_VALORES] t= 501.9s | pag=502 | files=1170 | data=268 | cola= 672 | prio=10 | https://appweb.asfi.gob.bo/Reportes_asp/rmi/tarjeta.asp?c=52387&t=3
[FULL_11_ASFI_VALORES] t= 503.1s | pag=503 | files=1170 | data=269 | cola= 673 | prio=10 | https://appweb.asfi.gob.bo/Reportes_asp/rmi/tarjeta.asp?c=52216&t=3
[FULL_11_ASFI_VALORES] t= 504.4s | pag=504 | files=1170 | data=270 | cola= 674 | prio=10 | https://appweb.asfi.gob.bo/Reportes_asp/rmi/tarjeta.asp?c=51928&t=3
[FULL_11_ASFI_VALORES] t= 505.7s | pag=505 | files=1170 | data=271 | cola= 675 | prio=10 | https://appweb.asfi.gob.bo/Reportes_asp/rmi/tarjeta.asp?c=51837&t=3
[FULL_11_ASFI_VALORES] t= 506.7s | pag=506 | files=1170 | data=272 | cola= 676 | prio=10 | https://appweb.asfi.gob.bo/Reportes_asp/rmi/tarjeta.asp?c=51828&t=3
[FULL_11_ASFI_VALORES] t= 507.9s | pag=507 | files=1170 | data=273 | cola= 677 | prio=10 | https://appweb.asfi.gob.bo/Reportes_asp/rmi/tarjeta.asp?c=51830&t=3
[FULL_11_ASFI_VALORES] t= 508.7s | pag=508 | files=1170 | data=274 | cola= 678 | prio=10 | https://appweb.asfi.gob.bo/Reportes_asp/rmi/tarjeta.asp?c=51859&t=3
[FULL_11_ASFI_VALORES] DATASETS=275 | data_html_table | https://appweb.asfi.gob.bo/Reportes_asp/rmi/tarjeta.asp?c=51859&t=3
[FULL_11_ASFI_VALORES] t= 509.9s | pag=509 | files=1170 | data=275 | cola= 679 | prio=10 | https://appweb.asfi.gob.bo/Reportes_asp/rmi/tarjeta.asp?c=52434&t=3
[FULL_11_ASFI_VALORES] t= 511.2s | pag=510 | files=1170 | data=276 | cola= 680 | prio=10 | https://appweb.asfi.gob.bo/Reportes_asp/rmi/tarjeta.asp?c=51863&t=3
[FULL_11_ASFI_VALORES] t= 512.3s | pag=511 | files=1170 | data=277 | cola= 681 | prio=10 | https://appweb.asfi.gob.bo/Reportes_asp/rmi/tarjeta.asp?c=51833&t=3
[FULL_11_ASFI_VALORES] t= 513.4s | pag=512 | files=1170 | data=278 | cola= 682 | prio=10 | https://appweb.asfi.gob.bo/Reportes_asp/rmi/tarjeta.asp?c=51829&t=3
[FULL_11_ASFI_VALORES] t= 514.2s | pag=513 | files=1170 | data=279 | cola= 683 | prio=10 | https://appweb.asfi.gob.bo/Reportes_asp/rmi/tarjeta.asp?c=51835&t=3
[FULL_11_ASFI_VALORES] t= 515.2s | pag=514 | files=1170 | data=280 | cola= 684 | prio=10 | https://appweb.asfi.gob.bo/Reportes_asp/rmi/tarjeta.asp?c=51866&t=3
[FULL_11_ASFI_VALORES] t= 516.0s | pag=515 | files=1170 | data=281 | cola= 685 | prio=10 | https://appweb.asfi.gob.bo/Reportes_asp/rmi/tarjeta.asp?c=51868&t=3
[FULL_11_ASFI_VALORES] t= 517.1s | pag=516 | files=1170 | data=282 | cola= 686 | prio=10 | https://appweb.asfi.gob.bo/Reportes_asp/rmi/tarjeta.asp?c=51935&t=3
[FULL_11_ASFI_VALORES] t= 518.3s | pag=517 | files=1170 | data=283 | cola= 687 | prio=10 | https://appweb.asfi.gob.bo/Reportes_asp/rmi/tarjeta.asp?c=51796&t=3
[FULL_11_ASFI_VALORES] t= 519.1s | pag=518 | files=1170 | data=284 | cola= 688 | prio=10 | https://appweb.asfi.gob.bo/Reportes_asp/rmi/tarjeta.asp?c=51811&t=3
[FULL_11_ASFI_VALORES] t= 520.2s | pag=519 | files=1170 | data=285 | cola= 689 | prio=10 | https://appweb.asfi.gob.bo/Reportes_asp/rmi/tarjeta.asp?c=51857&t=3
[FULL_11_ASFI_VALORES] t= 521.5s | pag=520 | files=1170 | data=286 | cola= 690 | prio=10 | https://appweb.asfi.gob.bo/Reportes_asp/rmi/tarjeta.asp?c=51810&t=3
[FULL_11_ASFI_VALORES] t= 522.7s | pag=521 | files=1170 | data=287 | cola= 691 | prio=10 | https://appweb.asfi.gob.bo/Reportes_asp/rmi/tarjeta.asp?c=53525&t=3
[FULL_11_ASFI_VALORES] t= 523.5s | pag=522 | files=1170 | data=288 | cola= 692 | prio=10 | https://appweb.asfi.gob.bo/Reportes_asp/rmi/tarjeta.asp?c=53087&t=3
[FULL_11_ASFI_VALORES] t= 524.3s | pag=523 | files=1170 | data=289 | cola= 693 | prio=10 | https://appweb.asfi.gob.bo/Reportes_asp/rmi/tarjeta.asp?c=53558&t=3
[FULL_11_ASFI_VALORES] t= 525.5s | pag=524 | files=1170 | data=290 | cola= 694 | prio=10 | https://appweb.asfi.gob.bo/Reportes_asp/rmi/tarjeta.asp?c=54886&t=3
[FULL_11_ASFI_VALORES] t= 526.5s | pag=525 | files=1170 | data=291 | cola= 695 | prio=10 | https://appweb.asfi.gob.bo/Reportes_asp/rmi/tarjeta.asp?c=51818&t=3
[FULL_11_ASFI_VALORES] t= 527.4s | pag=526 | files=1170 | data=292 | cola= 696 | prio=10 | https://appweb.asfi.gob.bo/Reportes_asp/rmi/tarjeta.asp?c=53531&t=3
[FULL_11_ASFI_VALORES] t= 528.6s | pag=527 | files=1170 | data=293 | cola= 697 | prio=10 | https://appweb.asfi.gob.bo/Reportes_asp/rmi/tarjeta.asp?c=54785&t=3
[FULL_11_ASFI_VALORES] t= 529.9s | pag=528 | files=1170 | data=294 | cola= 698 | prio=10 | https://appweb.asfi.gob.bo/Reportes_asp/rmi/tarjeta.asp?c=52575&t=3
[FULL_11_ASFI_VALORES] t= 531.1s | pag=529 | files=1170 | data=295 | cola= 699 | prio=10 | https://appweb.asfi.gob.bo/Reportes_asp/rmi/tarjeta.asp?c=51855&t=3
[FULL_11_ASFI_VALORES] t= 531.9s | pag=530 | files=1170 | data=296 | cola= 700 | prio=10 | https://appweb.asfi.gob.bo/Reportes_asp/rmi/tarjeta.asp?c=51823&t=3
[FULL_11_ASFI_VALORES] t= 533.2s | pag=531 | files=1170 | data=297 | cola= 701 | prio=10 | https://appweb.asfi.gob.bo/Reportes_asp/rmi/tarjeta.asp?c=52511&t=3
[FULL_11_ASFI_VALORES] t= 534.1s | pag=532 | files=1170 | data=298 | cola= 702 | prio=10 | https://appweb.asfi.gob.bo/Reportes_asp/rmi/tarjeta.asp?c=54683&t=3
[FULL_11_ASFI_VALORES] t= 534.9s | pag=533 | files=1170 | data=299 | cola= 703 | prio=10 | https://appweb.asfi.gob.bo/Reportes_asp/rmi/tarjeta.asp?c=53452&t=3
[FULL_11_ASFI_VALORES] DATASETS=300 | data_html_table | https://appweb.asfi.gob.bo/Reportes_asp/rmi/tarjeta.asp?c=53452&t=3
[FULL_11_ASFI_VALORES] t= 536.0s | pag=534 | files=1170 | data=300 | cola= 704 | prio=10 | https://appweb.asfi.gob.bo/Reportes_asp/rmi/tarjeta.asp?c=53643&t=3
[FULL_11_ASFI_VALORES] t= 536.9s | pag=535 | files=1170 | data=301 | cola= 705 | prio=10 | https://appweb.asfi.gob.bo/Reportes_asp/rmi/tarjeta.asp?c=54958&t=3
[FULL_11_ASFI_VALORES] t= 537.7s | pag=536 | files=1170 | data=302 | cola= 706 | prio=10 | https://appweb.asfi.gob.bo/Reportes_asp/rmi/tarjeta.asp?c=51865&t=3
[FULL_11_ASFI_VALORES] t= 538.8s | pag=537 | files=1170 | data=303 | cola= 707 | prio=10 | https://appweb.asfi.gob.bo/Reportes_asp/rmi/tarjeta.asp?c=51799&t=3
[FULL_11_ASFI_VALORES] t= 540.1s | pag=538 | files=1170 | data=304 | cola= 708 | prio=10 | https://appweb.asfi.gob.bo/Reportes_asp/rmi/tarjeta.asp?c=53589&t=3
[FULL_11_ASFI_VALORES] t= 541.1s | pag=539 | files=1170 | data=305 | cola= 709 | prio=10 | https://appweb.asfi.gob.bo/Reportes_asp/rmi/tarjeta.asp?c=51861&t=3
[FULL_11_ASFI_VALORES] t= 542.5s | pag=540 | files=1170 | data=306 | cola= 710 | prio=10 | https://appweb.asfi.gob.bo/Reportes_asp/rmi/tarjeta.asp?c=52453&t=3
[FULL_11_ASFI_VALORES] t= 543.3s | pag=541 | files=1170 | data=307 | cola= 711 | prio=10 | https://appweb.asfi.gob.bo/Reportes_asp/rmi/tarjeta.asp?c=51840&t=3
[FULL_11_ASFI_VALORES] t= 544.4s | pag=542 | files=1170 | data=308 | cola= 712 | prio=10 | https://appweb.asfi.gob.bo/Reportes_asp/rmi/tarjeta.asp?c=51797&t=3
[FULL_11_ASFI_VALORES] t= 545.4s | pag=543 | files=1170 | data=309 | cola= 713 | prio=10 | https://appweb.asfi.gob.bo/Reportes_asp/rmi/tarjeta.asp?c=51822&t=3
[FULL_11_ASFI_VALORES] t= 546.7s | pag=544 | files=1170 | data=310 | cola= 714 | prio=10 | https://appweb.asfi.gob.bo/Reportes_asp/rmi/tarjeta.asp?c=51806&t=3
[FULL_11_ASFI_VALORES] t= 547.5s | pag=545 | files=1170 | data=311 | cola= 715 | prio=10 | https://appweb.asfi.gob.bo/Reportes_asp/rmi/tarjeta.asp?c=54861&t=3
[FULL_11_ASFI_VALORES] t= 548.3s | pag=546 | files=1170 | data=312 | cola= 716 | prio=10 | https://appweb.asfi.gob.bo/Reportes_asp/rmi/tarjeta.asp?c=54754&t=3
[FULL_11_ASFI_VALORES] t= 549.6s | pag=547 | files=1170 | data=313 | cola= 717 | prio=10 | https://appweb.asfi.gob.bo/Reportes_asp/rmi/tarjeta.asp?c=51816&t=3
[FULL_11_ASFI_VALORES] t= 550.7s | pag=548 | files=1170 | data=314 | cola= 718 | prio=10 | https://appweb.asfi.gob.bo/Reportes_asp/rmi/tarjeta.asp?c=51827&t=3
[FULL_11_ASFI_VALORES] t= 551.8s | pag=549 | files=1170 | data=315 | cola= 719 | prio=10 | https://appweb.asfi.gob.bo/Reportes_asp/rmi/tarjeta.asp?c=51825&t=3
[FULL_11_ASFI_VALORES] t= 552.9s | pag=550 | files=1170 | data=316 | cola= 720 | prio=10 | https://appweb.asfi.gob.bo/Reportes_asp/rmi/tarjeta.asp?c=51804&t=3
[FULL_11_ASFI_VALORES] t= 554.0s | pag=551 | files=1170 | data=317 | cola= 721 | prio=10 | https://appweb.asfi.gob.bo/Reportes_asp/rmi/tarjeta.asp?c=53289&t=3
[FULL_11_ASFI_VALORES] t= 554.9s | pag=552 | files=1170 | data=318 | cola= 722 | prio=10 | https://appweb.asfi.gob.bo/Reportes_asp/rmi/tarjeta.asp?c=52194&t=3
[FULL_11_ASFI_VALORES] t= 556.1s | pag=553 | files=1170 | data=319 | cola= 723 | prio=10 | https://appweb.asfi.gob.bo/Reportes_asp/rmi/tarjeta.asp?c=54975&t=3
[FULL_11_ASFI_VALORES] t= 557.3s | pag=554 | files=1170 | data=320 | cola= 724 | prio=10 | https://appweb.asfi.gob.bo/Reportes_asp/rmi/tarjeta.asp?c=51808&t=3
[FULL_11_ASFI_VALORES] t= 558.3s | pag=555 | files=1170 | data=321 | cola= 725 | prio=10 | https://appweb.asfi.gob.bo/Reportes_asp/rmi/tarjeta.asp?c=52925&t=3
[FULL_11_ASFI_VALORES] t= 559.4s | pag=556 | files=1170 | data=322 | cola= 726 | prio=10 | https://appweb.asfi.gob.bo/Reportes_asp/rmi/tarjeta.asp?c=54840&t=3
[FULL_11_ASFI_VALORES] t= 560.3s | pag=557 | files=1170 | data=323 | cola= 727 | prio=10 | https://appweb.asfi.gob.bo/Reportes_asp/rmi/tarjeta.asp?c=54931&t=3
[FULL_11_ASFI_VALORES] t= 561.3s | pag=558 | files=1170 | data=324 | cola= 728 | prio=10 | https://appweb.asfi.gob.bo/Reportes_asp/rmi/tarjeta.asp?c=54705&t=3
[FULL_11_ASFI_VALORES] DATASETS=325 | data_html_table | https://appweb.asfi.gob.bo/Reportes_asp/rmi/tarjeta.asp?c=54705&t=3
[FULL_11_ASFI_VALORES] t= 562.3s | pag=559 | files=1170 | data=325 | cola= 729 | prio=10 | https://appweb.asfi.gob.bo/Reportes_asp/rmi/tarjeta.asp?c=54799&t=3
[FULL_11_ASFI_VALORES] t= 563.5s | pag=560 | files=1170 | data=326 | cola= 730 | prio=10 | https://appweb.asfi.gob.bo/Reportes_asp/rmi/tarjeta.asp?c=52561&t=3
[FULL_11_ASFI_VALORES] t= 564.8s | pag=561 | files=1170 | data=327 | cola= 731 | prio=10 | https://appweb.asfi.gob.bo/Reportes_asp/rmi/tarjeta.asp?c=51949&t=3
[FULL_11_ASFI_VALORES] t= 565.7s | pag=562 | files=1170 | data=328 | cola= 732 | prio=10 | https://appweb.asfi.gob.bo/Reportes_asp/rmi/tarjeta.asp?c=52195&t=3
[FULL_11_ASFI_VALORES] t= 566.7s | pag=563 | files=1170 | data=329 | cola= 733 | prio=10 | https://appweb.asfi.gob.bo/Reportes_asp/rmi/tarjeta.asp?c=53556&t=3
[FULL_11_ASFI_VALORES] t= 567.9s | pag=564 | files=1170 | data=330 | cola= 734 | prio=10 | https://appweb.asfi.gob.bo/Reportes_asp/rmi/tarjeta.asp?c=53247&t=3
[FULL_11_ASFI_VALORES] t= 569.2s | pag=565 | files=1170 | data=331 | cola= 735 | prio=10 | https://appweb.asfi.gob.bo/Reportes_asp/rmi/tarjeta.asp?c=52349&t=3
[FULL_11_ASFI_VALORES] t= 570.2s | pag=566 | files=1170 | data=332 | cola= 736 | prio=10 | https://appweb.asfi.gob.bo/Reportes_asp/rmi/tarjeta.asp?c=53470&t=3
[FULL_11_ASFI_VALORES] t= 571.6s | pag=567 | files=1170 | data=333 | cola= 737 | prio=10 | https://appweb.asfi.gob.bo/Reportes_asp/rmi/tarjeta.asp?c=54661&t=3
[FULL_11_ASFI_VALORES] t= 572.3s | pag=568 | files=1170 | data=334 | cola= 738 | prio=10 | https://appweb.asfi.gob.bo/Reportes_asp/rmi/tarjeta.asp?c=54809&t=3
[FULL_11_ASFI_VALORES] t= 573.5s | pag=569 | files=1170 | data=335 | cola= 739 | prio=10 | https://appweb.asfi.gob.bo/Reportes_asp/rmi/tarjeta.asp?c=53451&t=3
[FULL_11_ASFI_VALORES] t= 574.5s | pag=570 | files=1170 | data=336 | cola= 740 | prio=10 | https://appweb.asfi.gob.bo/Reportes_asp/rmi/tarjeta.asp?c=53418&t=3
[FULL_11_ASFI_VALORES] t= 575.3s | pag=571 | files=1170 | data=337 | cola= 741 | prio=10 | https://appweb.asfi.gob.bo/Reportes_asp/rmi/tarjeta.asp?c=52930&t=3
[FULL_11_ASFI_VALORES] t= 576.4s | pag=572 | files=1170 | data=338 | cola= 742 | prio=10 | https://appweb.asfi.gob.bo/Reportes_asp/rmi/tarjeta.asp?c=53052&t=3
[FULL_11_ASFI_VALORES] t= 577.5s | pag=573 | files=1170 | data=339 | cola= 743 | prio=10 | https://appweb.asfi.gob.bo/Reportes_asp/rmi/tarjeta.asp?c=53539&t=3
[FULL_11_ASFI_VALORES] t= 578.5s | pag=574 | files=1170 | data=340 | cola= 744 | prio=10 | https://appweb.asfi.gob.bo/Reportes_asp/rmi/tarjeta.asp?c=52952&t=3
[FULL_11_ASFI_VALORES] t= 579.8s | pag=575 | files=1170 | data=341 | cola= 745 | prio=10 | https://appweb.asfi.gob.bo/Reportes_asp/rmi/tarjeta.asp?c=55065&t=3
[FULL_11_ASFI_VALORES] t= 581.1s | pag=576 | files=1170 | data=342 | cola= 746 | prio=10 | https://appweb.asfi.gob.bo/Reportes_asp/rmi/tarjeta.asp?c=53569&t=3
[FULL_11_ASFI_VALORES] t= 582.2s | pag=577 | files=1170 | data=343 | cola= 747 | prio=10 | https://appweb.asfi.gob.bo/Reportes_asp/rmi/tarjeta.asp?c=53590&t=3
[FULL_11_ASFI_VALORES] t= 583.3s | pag=578 | files=1170 | data=344 | cola= 748 | prio=10 | https://appweb.asfi.gob.bo/Reportes_asp/rmi/tarjeta.asp?c=53553&t=3
[FULL_11_ASFI_VALORES] t= 584.2s | pag=579 | files=1170 | data=345 | cola= 749 | prio=10 | https://appweb.asfi.gob.bo/Reportes_asp/rmi/tarjeta.asp?c=51814&t=3
[FULL_11_ASFI_VALORES] t= 585.0s | pag=580 | files=1170 | data=346 | cola= 750 | prio=10 | https://appweb.asfi.gob.bo/Reportes_asp/rmi/tarjeta.asp?c=53291&t=3
[FULL_11_ASFI_VALORES] t= 585.8s | pag=581 | files=1170 | data=347 | cola= 751 | prio=10 | https://appweb.asfi.gob.bo/Reportes_asp/rmi/tarjeta.asp?c=52354&t=3
[FULL_11_ASFI_VALORES] t= 586.9s | pag=582 | files=1170 | data=348 | cola= 752 | prio=10 | https://appweb.asfi.gob.bo/Reportes_asp/rmi/tarjeta.asp?c=54913&t=3
[FULL_11_ASFI_VALORES] t= 588.2s | pag=583 | files=1170 | data=349 | cola= 753 | prio=10 | https://appweb.asfi.gob.bo/Reportes_asp/rmi/tarjeta.asp?c=52885&t=3
[FULL_11_ASFI_VALORES] DATASETS=350 | data_html_table | https://appweb.asfi.gob.bo/Reportes_asp/rmi/tarjeta.asp?c=52885&t=3
[FULL_11_ASFI_VALORES] t= 589.4s | pag=584 | files=1170 | data=350 | cola= 754 | prio=10 | https://appweb.asfi.gob.bo/Reportes_asp/rmi/tarjeta.asp?c=52837&t=3
[FULL_11_ASFI_VALORES] t= 590.7s | pag=585 | files=1170 | data=351 | cola= 755 | prio=10 | https://appweb.asfi.gob.bo/Reportes_asp/rmi/tarjeta.asp?c=52451&t=3
[FULL_11_ASFI_VALORES] t= 592.0s | pag=586 | files=1170 | data=352 | cola= 756 | prio=10 | https://appweb.asfi.gob.bo/Reportes_asp/rmi/tarjeta.asp?c=53393&t=3
[FULL_11_ASFI_VALORES] t= 593.3s | pag=587 | files=1170 | data=353 | cola= 757 | prio=10 | https://appweb.asfi.gob.bo/Reportes_asp/rmi/tarjeta.asp?c=55067&t=3
[FULL_11_ASFI_VALORES] t= 594.4s | pag=588 | files=1170 | data=354 | cola= 758 | prio=10 | https://appweb.asfi.gob.bo/Reportes_asp/rmi/tarjeta.asp?c=51842&t=3
[FULL_11_ASFI_VALORES] t= 595.3s | pag=589 | files=1170 | data=355 | cola= 759 | prio=10 | https://appweb.asfi.gob.bo/Reportes_asp/rmi/tarjeta.asp?c=53337&t=3
[FULL_11_ASFI_VALORES] t= 596.2s | pag=590 | files=1170 | data=356 | cola= 760 | prio=10 | https://appweb.asfi.gob.bo/Reportes_asp/rmi/tarjeta.asp?c=54662&t=3
[FULL_11_ASFI_VALORES] t= 597.0s | pag=591 | files=1170 | data=357 | cola= 761 | prio=10 | https://appweb.asfi.gob.bo/Reportes_asp/rmi/tarjeta.asp?c=53282&t=3
[FULL_11_ASFI_VALORES] t= 598.3s | pag=592 | files=1170 | data=358 | cola= 762 | prio=10 | https://appweb.asfi.gob.bo/Reportes_asp/rmi/tarjeta.asp?c=54666&t=3
[FULL_11_ASFI_VALORES] t= 599.5s | pag=593 | files=1170 | data=359 | cola= 763 | prio=10 | https://appweb.asfi.gob.bo/Reportes_asp/rmi/tarjeta.asp?c=51858&t=3
[FULL_11_ASFI_VALORES] t= 600.5s | pag=594 | files=1170 | data=360 | cola= 764 | prio=10 | https://appweb.asfi.gob.bo/Reportes_asp/rmi/tarjeta.asp?c=53171&t=3
[FULL_11_ASFI_VALORES] t= 601.6s | pag=595 | files=1170 | data=361 | cola= 765 | prio=10 | https://appweb.asfi.gob.bo/Reportes_asp/rmi/tarjeta.asp?c=51826&t=3
[FULL_11_ASFI_VALORES] t= 602.5s | pag=596 | files=1170 | data=362 | cola= 766 | prio=10 | https://appweb.asfi.gob.bo/Reportes_asp/rmi/tarjeta.asp?c=54741&t=3
[FULL_11_ASFI_VALORES] t= 603.6s | pag=597 | files=1170 | data=363 | cola= 767 | prio=10 | https://appweb.asfi.gob.bo/Reportes_asp/rmi/tarjeta.asp?c=51854&t=3
[FULL_11_ASFI_VALORES] t= 604.9s | pag=598 | files=1170 | data=364 | cola= 768 | prio=10 | https://appweb.asfi.gob.bo/Reportes_asp/rmi/tarjeta.asp?c=53523&t=3
[FULL_11_ASFI_VALORES] t= 605.8s | pag=599 | files=1170 | data=365 | cola= 769 | prio=10 | https://appweb.asfi.gob.bo/Reportes_asp/rmi/tarjeta.asp?c=52074&t=3
[FULL_11_ASFI_VALORES] t= 607.0s | pag=600 | files=1170 | data=366 | cola= 770 | prio=10 | https://appweb.asfi.gob.bo/Reportes_asp/rmi/tarjeta.asp?c=54678&t=3
[FULL_11_ASFI_VALORES] t= 608.3s | pag=601 | files=1170 | data=367 | cola= 771 | prio=10 | https://appweb.asfi.gob.bo/Reportes_asp/rmi/tarjeta.asp?c=51860&t=3
[FULL_11_ASFI_VALORES] t= 609.1s | pag=602 | files=1170 | data=368 | cola= 772 | prio=10 | https://appweb.asfi.gob.bo/Reportes_asp/rmi/tarjeta.asp?c=53118&t=3
[FULL_11_ASFI_VALORES] t= 610.2s | pag=603 | files=1170 | data=369 | cola= 773 | prio=10 | https://appweb.asfi.gob.bo/Reportes_asp/rmi/tarjeta.asp?c=51821&t=3
[FULL_11_ASFI_VALORES] t= 611.1s | pag=604 | files=1170 | data=370 | cola= 774 | prio=10 | https://appweb.asfi.gob.bo/Reportes_asp/rmi/tarjeta.asp?c=51809&t=3
[FULL_11_ASFI_VALORES] t= 612.0s | pag=605 | files=1170 | data=371 | cola= 775 | prio=10 | https://appweb.asfi.gob.bo/Reportes_asp/rmi/tarjeta.asp?c=51812&t=3
[FULL_11_ASFI_VALORES] t= 613.3s | pag=606 | files=1170 | data=372 | cola= 776 | prio=10 | https://appweb.asfi.gob.bo/Reportes_asp/rmi/tarjeta.asp?c=51813&t=3
[FULL_11_ASFI_VALORES] t= 614.2s | pag=607 | files=1170 | data=373 | cola= 777 | prio=10 | https://appweb.asfi.gob.bo/Reportes_asp/rmi/tarjeta.asp?c=52045&t=3
[FULL_11_ASFI_VALORES] t= 615.3s | pag=608 | files=1170 | data=374 | cola= 778 | prio=10 | https://appweb.asfi.gob.bo/Reportes_asp/rmi/tarjeta.asp?c=53002&t=3
[FULL_11_ASFI_VALORES] DATASETS=375 | data_html_table | https://appweb.asfi.gob.bo/Reportes_asp/rmi/tarjeta.asp?c=53002&t=3
[FULL_11_ASFI_VALORES] t= 616.6s | pag=609 | files=1170 | data=375 | cola= 779 | prio=10 | https://appweb.asfi.gob.bo/Reportes_asp/rmi/tarjeta.asp?c=53623&t=3
[FULL_11_ASFI_VALORES] t= 617.5s | pag=610 | files=1170 | data=376 | cola= 780 | prio=10 | https://appweb.asfi.gob.bo/Reportes_asp/rmi/tarjeta.asp?c=52051&t=3
[FULL_11_ASFI_VALORES] t= 618.3s | pag=611 | files=1170 | data=377 | cola= 781 | prio=10 | https://appweb.asfi.gob.bo/Reportes_asp/rmi/tarjeta.asp?c=53217&t=3
[FULL_11_ASFI_VALORES] t= 619.0s | pag=612 | files=1170 | data=378 | cola= 782 | prio=10 | https://appweb.asfi.gob.bo/Reportes_asp/rmi/tarjeta.asp?c=54957&t=3
[FULL_11_ASFI_VALORES] t= 620.0s | pag=613 | files=1170 | data=379 | cola= 783 | prio=10 | https://appweb.asfi.gob.bo/Reportes_asp/rmi/tarjeta.asp?c=54778&t=3
[FULL_11_ASFI_VALORES] t= 621.3s | pag=614 | files=1170 | data=380 | cola= 784 | prio=10 | https://appweb.asfi.gob.bo/Reportes_asp/rmi/tarjeta.asp?c=54867&t=3
[FULL_11_ASFI_VALORES] t= 622.5s | pag=615 | files=1170 | data=381 | cola= 785 | prio=10 | https://appweb.asfi.gob.bo/Reportes_asp/rmi/tarjeta.asp?c=52196&t=3
[FULL_11_ASFI_VALORES] t= 623.8s | pag=616 | files=1170 | data=382 | cola= 786 | prio=10 | https://appweb.asfi.gob.bo/Reportes_asp/rmi/tarjeta.asp?c=53058&t=3
[FULL_11_ASFI_VALORES] t= 625.0s | pag=617 | files=1170 | data=383 | cola= 787 | prio=10 | https://appweb.asfi.gob.bo/Reportes_asp/rmi/tarjeta.asp?c=52385&t=3
[FULL_11_ASFI_VALORES] t= 626.1s | pag=618 | files=1170 | data=384 | cola= 788 | prio=10 | https://appweb.asfi.gob.bo/Reportes_asp/rmi/tarjeta.asp?c=53508&t=3
[FULL_11_ASFI_VALORES] t= 627.1s | pag=619 | files=1170 | data=385 | cola= 789 | prio=10 | https://appweb.asfi.gob.bo/Reportes_asp/rmi/tarjeta.asp?c=54704&t=3
[FULL_11_ASFI_VALORES] t= 628.5s | pag=620 | files=1170 | data=386 | cola= 790 | prio=10 | https://appweb.asfi.gob.bo/Reportes_asp/rmi/tarjeta.asp?c=54854&t=3
[FULL_11_ASFI_VALORES] t= 629.7s | pag=621 | files=1170 | data=387 | cola= 791 | prio=10 | https://appweb.asfi.gob.bo/Reportes_asp/rmi/tarjeta.asp?c=52042&t=3
[FULL_11_ASFI_VALORES] t= 630.8s | pag=622 | files=1170 | data=388 | cola= 792 | prio=10 | https://appweb.asfi.gob.bo/Reportes_asp/rmi/tarjeta.asp?c=52041&t=3
[FULL_11_ASFI_VALORES] t= 631.8s | pag=623 | files=1170 | data=389 | cola= 793 | prio=10 | https://appweb.asfi.gob.bo/Reportes_asp/rmi/tarjeta.asp?c=53570&t=3
[FULL_11_ASFI_VALORES] t= 632.8s | pag=624 | files=1170 | data=390 | cola= 794 | prio=10 | https://appweb.asfi.gob.bo/Reportes_asp/rmi/tarjeta.asp?c=52565&t=3
[FULL_11_ASFI_VALORES] t= 633.9s | pag=625 | files=1170 | data=391 | cola= 795 | prio=10 | https://appweb.asfi.gob.bo/Reportes_asp/rmi/tarjeta.asp?c=54808&t=3
[FULL_11_ASFI_VALORES] t= 634.8s | pag=626 | files=1170 | data=392 | cola= 796 | prio=10 | https://appweb.asfi.gob.bo/Reportes_asp/rmi/tarjeta.asp?c=54898&t=3
[FULL_11_ASFI_VALORES] t= 635.9s | pag=627 | files=1170 | data=393 | cola= 797 | prio=10 | https://appweb.asfi.gob.bo/Reportes_asp/rmi/tarjeta.asp?c=54896&t=3
[FULL_11_ASFI_VALORES] t= 637.0s | pag=628 | files=1170 | data=394 | cola= 798 | prio=10 | https://appweb.asfi.gob.bo/Reportes_asp/rmi/tarjeta.asp?c=55003&t=3
[FULL_11_ASFI_VALORES] t= 638.1s | pag=629 | files=1170 | data=395 | cola= 799 | prio=10 | https://appweb.asfi.gob.bo/Reportes_asp/rmi/tarjeta.asp?c=52400&t=3
[FULL_11_ASFI_VALORES] t= 639.1s | pag=630 | files=1170 | data=396 | cola= 800 | prio=10 | https://appweb.asfi.gob.bo/Reportes_asp/rmi/tarjeta.asp?c=53540&t=3
[FULL_11_ASFI_VALORES] t= 640.0s | pag=631 | files=1170 | data=397 | cola= 801 | prio=10 | https://appweb.asfi.gob.bo/Reportes_asp/rmi/tarjeta.asp?c=52506&t=3
[FULL_11_ASFI_VALORES] t= 640.9s | pag=632 | files=1170 | data=398 | cola= 802 | prio=10 | https://appweb.asfi.gob.bo/Reportes_asp/rmi/tarjeta.asp?c=53215&t=3
[FULL_11_ASFI_VALORES] t= 642.0s | pag=633 | files=1170 | data=399 | cola= 803 | prio=10 | https://appweb.asfi.gob.bo/Reportes_asp/rmi/tarjeta.asp?c=53286&t=3
[FULL_11_ASFI_VALORES] DATASETS=400 | data_html_table | https://appweb.asfi.gob.bo/Reportes_asp/rmi/tarjeta.asp?c=53286&t=3
[FULL_11_ASFI_VALORES] t= 642.8s | pag=634 | files=1170 | data=400 | cola= 804 | prio=10 | https://appweb.asfi.gob.bo/Reportes_asp/rmi/tarjeta.asp?c=54959&t=3
[FULL_11_ASFI_VALORES] t= 644.0s | pag=635 | files=1170 | data=401 | cola= 805 | prio=10 | https://appweb.asfi.gob.bo/Reportes_asp/rmi/tarjeta.asp?c=54909&t=3
[FULL_11_ASFI_VALORES] t= 645.1s | pag=636 | files=1170 | data=402 | cola= 806 | prio=10 | https://appweb.asfi.gob.bo/Reportes_asp/rmi/tarjeta.asp?c=54974&t=3
[FULL_11_ASFI_VALORES] t= 646.1s | pag=637 | files=1170 | data=403 | cola= 807 | prio=10 | https://appweb.asfi.gob.bo/Reportes_asp/rmi/tarjeta.asp?c=53408&t=3
[FULL_11_ASFI_VALORES] t= 647.4s | pag=638 | files=1170 | data=404 | cola= 808 | prio=10 | https://appweb.asfi.gob.bo/Reportes_asp/rmi/tarjeta.asp?c=51886&t=3
[FULL_11_ASFI_VALORES] t= 648.5s | pag=639 | files=1170 | data=405 | cola= 809 | prio=10 | https://appweb.asfi.gob.bo/Reportes_asp/rmi/tarjeta.asp?c=52640&t=3
[FULL_11_ASFI_VALORES] t= 649.8s | pag=640 | files=1170 | data=406 | cola= 810 | prio=10 | https://appweb.asfi.gob.bo/Reportes_asp/rmi/tarjeta.asp?c=53325&t=3
[FULL_11_ASFI_VALORES] t= 651.0s | pag=641 | files=1170 | data=407 | cola= 811 | prio=10 | https://appweb.asfi.gob.bo/Reportes_asp/rmi/tarjeta.asp?c=53214&t=3
[FULL_11_ASFI_VALORES] t= 651.8s | pag=642 | files=1170 | data=408 | cola= 812 | prio=10 | https://appweb.asfi.gob.bo/Reportes_asp/rmi/tarjeta.asp?c=53502&t=3
[FULL_11_ASFI_VALORES] t= 653.0s | pag=643 | files=1170 | data=409 | cola= 813 | prio=10 | https://appweb.asfi.gob.bo/Reportes_asp/rmi/tarjeta.asp?c=53503&t=3
[FULL_11_ASFI_VALORES] t= 654.2s | pag=644 | files=1170 | data=410 | cola= 814 | prio=10 | https://appweb.asfi.gob.bo/Reportes_asp/rmi/tarjeta.asp?c=53412&t=3
[FULL_11_ASFI_VALORES] t= 654.9s | pag=645 | files=1170 | data=411 | cola= 815 | prio=10 | https://appweb.asfi.gob.bo/Reportes_asp/rmi/tarjeta.asp?c=52750&t=3
[FULL_11_ASFI_VALORES] t= 656.3s | pag=646 | files=1170 | data=412 | cola= 816 | prio=10 | https://appweb.asfi.gob.bo/Reportes_asp/rmi/tarjeta.asp?c=52364&t=3
[FULL_11_ASFI_VALORES] t= 657.5s | pag=647 | files=1170 | data=413 | cola= 817 | prio=10 | https://appweb.asfi.gob.bo/Reportes_asp/rmi/tarjeta.asp?c=54676&t=3
[FULL_11_ASFI_VALORES] t= 658.3s | pag=648 | files=1170 | data=414 | cola= 818 | prio=10 | https://appweb.asfi.gob.bo/Reportes_asp/rmi/tarjeta.asp?c=51941&t=3
[FULL_11_ASFI_VALORES] t= 659.5s | pag=649 | files=1170 | data=415 | cola= 819 | prio=10 | https://appweb.asfi.gob.bo/Reportes_asp/rmi/tarjeta.asp?c=54772&t=3
[FULL_11_ASFI_VALORES] t= 660.8s | pag=650 | files=1170 | data=416 | cola= 820 | prio=10 | https://appweb.asfi.gob.bo/Reportes_asp/rmi/tarjeta.asp?c=54699&t=3
[FULL_11_ASFI_VALORES] t= 662.0s | pag=651 | files=1170 | data=417 | cola= 821 | prio=10 | https://appweb.asfi.gob.bo/Reportes_asp/rmi/tarjeta.asp?c=53545&t=3
[FULL_11_ASFI_VALORES] t= 663.1s | pag=652 | files=1170 | data=418 | cola= 822 | prio=10 | https://appweb.asfi.gob.bo/Reportes_asp/rmi/tarjeta.asp?c=51893&t=3
[FULL_11_ASFI_VALORES] t= 664.5s | pag=653 | files=1170 | data=419 | cola= 823 | prio=10 | https://appweb.asfi.gob.bo/Reportes_asp/rmi/tarjeta.asp?c=53638&t=3
[FULL_11_ASFI_VALORES] t= 665.5s | pag=654 | files=1170 | data=420 | cola= 824 | prio=10 | https://appweb.asfi.gob.bo/Reportes_asp/rmi/tarjeta.asp?c=53179&t=3
[FULL_11_ASFI_VALORES] t= 666.6s | pag=655 | files=1170 | data=421 | cola= 825 | prio=10 | https://appweb.asfi.gob.bo/Reportes_asp/rmi/tarjeta.asp?c=54797&t=3
[FULL_11_ASFI_VALORES] t= 667.9s | pag=656 | files=1170 | data=422 | cola= 826 | prio=10 | https://appweb.asfi.gob.bo/Reportes_asp/rmi/tarjeta.asp?c=53367&t=3
[FULL_11_ASFI_VALORES] t= 668.8s | pag=657 | files=1170 | data=423 | cola= 827 | prio=10 | https://appweb.asfi.gob.bo/Reportes_asp/rmi/tarjeta.asp?c=52562&t=3
[FULL_11_ASFI_VALORES] t= 669.8s | pag=658 | files=1170 | data=424 | cola= 828 | prio=10 | https://appweb.asfi.gob.bo/Reportes_asp/rmi/tarjeta.asp?c=51945&t=3
[FULL_11_ASFI_VALORES] DATASETS=425 | data_html_table | https://appweb.asfi.gob.bo/Reportes_asp/rmi/tarjeta.asp?c=51945&t=3
[FULL_11_ASFI_VALORES] t= 671.0s | pag=659 | files=1170 | data=425 | cola= 829 | prio=10 | https://appweb.asfi.gob.bo/Reportes_asp/rmi/tarjeta.asp?c=53421&t=3
[FULL_11_ASFI_VALORES] t= 671.9s | pag=660 | files=1170 | data=426 | cola= 830 | prio=10 | https://appweb.asfi.gob.bo/Reportes_asp/rmi/tarjeta.asp?c=52642&t=3
[FULL_11_ASFI_VALORES] t= 673.1s | pag=661 | files=1170 | data=427 | cola= 831 | prio=10 | https://appweb.asfi.gob.bo/Reportes_asp/rmi/tarjeta.asp?c=52922&t=3
[FULL_11_ASFI_VALORES] t= 674.2s | pag=662 | files=1170 | data=428 | cola= 832 | prio=10 | https://appweb.asfi.gob.bo/Reportes_asp/rmi/tarjeta.asp?c=52186&t=3
[FULL_11_ASFI_VALORES] t= 675.3s | pag=663 | files=1170 | data=429 | cola= 833 | prio=10 | https://appweb.asfi.gob.bo/Reportes_asp/rmi/tarjeta.asp?c=54973&t=3
[FULL_11_ASFI_VALORES] t= 676.2s | pag=664 | files=1170 | data=430 | cola= 834 | prio=10 | https://appweb.asfi.gob.bo/Reportes_asp/rmi/tarjeta.asp?c=53416&t=3
[FULL_11_ASFI_VALORES] t= 677.4s | pag=665 | files=1170 | data=431 | cola= 835 | prio=10 | https://appweb.asfi.gob.bo/Reportes_asp/rmi/tarjeta.asp?c=52184&t=3
[FULL_11_ASFI_VALORES] t= 678.7s | pag=666 | files=1170 | data=432 | cola= 836 | prio=10 | https://appweb.asfi.gob.bo/Reportes_asp/rmi/tarjeta.asp?c=53287&t=3
[FULL_11_ASFI_VALORES] t= 679.6s | pag=667 | files=1170 | data=433 | cola= 837 | prio=10 | https://appweb.asfi.gob.bo/Reportes_asp/rmi/tarjeta.asp?c=51942&t=3
[FULL_11_ASFI_VALORES] t= 680.5s | pag=668 | files=1170 | data=434 | cola= 838 | prio=10 | https://appweb.asfi.gob.bo/Reportes_asp/rmi/tarjeta.asp?c=53133&t=3
[FULL_11_ASFI_VALORES] t= 681.4s | pag=669 | files=1170 | data=435 | cola= 839 | prio=10 | https://appweb.asfi.gob.bo/Reportes_asp/rmi/tarjeta.asp?c=52907&t=3
[FULL_11_ASFI_VALORES] t= 682.4s | pag=670 | files=1170 | data=436 | cola= 840 | prio=10 | https://appweb.asfi.gob.bo/Reportes_asp/rmi/tarjeta.asp?c=53348&t=3
[FULL_11_ASFI_VALORES] t= 683.3s | pag=671 | files=1170 | data=437 | cola= 841 | prio=10 | https://appweb.asfi.gob.bo/Reportes_asp/rmi/tarjeta.asp?c=54843&t=3
[FULL_11_ASFI_VALORES] t= 684.2s | pag=672 | files=1170 | data=438 | cola= 842 | prio=10 | https://appweb.asfi.gob.bo/Reportes_asp/rmi/tarjeta.asp?c=54771&t=3
[FULL_11_ASFI_VALORES] t= 685.1s | pag=673 | files=1170 | data=439 | cola= 843 | prio=10 | https://appweb.asfi.gob.bo/Reportes_asp/rmi/tarjeta.asp?c=54922&t=3
[FULL_11_ASFI_VALORES] t= 686.0s | pag=674 | files=1170 | data=440 | cola= 844 | prio=10 | https://appweb.asfi.gob.bo/Reportes_asp/rmi/tarjeta.asp?c=54773&t=3
[FULL_11_ASFI_VALORES] t= 686.9s | pag=675 | files=1170 | data=441 | cola= 845 | prio=10 | https://appweb.asfi.gob.bo/Reportes_asp/rmi/tarjeta.asp?c=53365&t=3
[FULL_11_ASFI_VALORES] t= 688.1s | pag=676 | files=1170 | data=442 | cola= 846 | prio=10 | https://appweb.asfi.gob.bo/Reportes_asp/rmi/tarjeta.asp?c=53284&t=3
[FULL_11_ASFI_VALORES] t= 689.3s | pag=677 | files=1170 | data=443 | cola= 847 | prio=10 | https://appweb.asfi.gob.bo/Reportes_asp/rmi/tarjeta.asp?c=52458&t=3
[FULL_11_ASFI_VALORES] t= 690.3s | pag=678 | files=1170 | data=444 | cola= 848 | prio=10 | https://appweb.asfi.gob.bo/Reportes_asp/rmi/tarjeta.asp?c=53413&t=3
[FULL_11_ASFI_VALORES] t= 691.6s | pag=679 | files=1170 | data=445 | cola= 849 | prio=10 | https://appweb.asfi.gob.bo/Reportes_asp/rmi/tarjeta.asp?c=53562&t=3
[FULL_11_ASFI_VALORES] t= 692.9s | pag=680 | files=1170 | data=446 | cola= 850 | prio=10 | https://appweb.asfi.gob.bo/Reportes_asp/rmi/tarjeta.asp?c=54969&t=3
[FULL_11_ASFI_VALORES] t= 694.0s | pag=681 | files=1170 | data=447 | cola= 851 | prio=10 | https://appweb.asfi.gob.bo/Reportes_asp/rmi/tarjeta.asp?c=53606&t=3
[FULL_11_ASFI_VALORES] t= 694.8s | pag=682 | files=1170 | data=448 | cola= 852 | prio=10 | https://appweb.asfi.gob.bo/Reportes_asp/rmi/tarjeta.asp?c=53218&t=3
[FULL_11_ASFI_VALORES] t= 695.7s | pag=683 | files=1170 | data=449 | cola= 853 | prio=10 | https://appweb.asfi.gob.bo/Reportes_asp/rmi/tarjeta.asp?c=51943&t=3
[FULL_11_ASFI_VALORES] DATASETS=450 | data_html_table | https://appweb.asfi.gob.bo/Reportes_asp/rmi/tarjeta.asp?c=51943&t=3
[FULL_11_ASFI_VALORES] t= 696.8s | pag=684 | files=1170 | data=450 | cola= 854 | prio=10 | https://appweb.asfi.gob.bo/Reportes_asp/rmi/tarjeta.asp?c=54786&t=3
[FULL_11_ASFI_VALORES] t= 698.0s | pag=685 | files=1170 | data=451 | cola= 855 | prio=10 | https://appweb.asfi.gob.bo/Reportes_asp/rmi/tarjeta.asp?c=54677&t=3
[FULL_11_ASFI_VALORES] t= 698.9s | pag=686 | files=1170 | data=452 | cola= 856 | prio=10 | https://appweb.asfi.gob.bo/Reportes_asp/rmi/tarjeta.asp?c=53546&t=3
[FULL_11_ASFI_VALORES] t= 699.9s | pag=687 | files=1170 | data=453 | cola= 857 | prio=10 | https://appweb.asfi.gob.bo/Reportes_asp/rmi/tarjeta.asp?c=53290&t=3
[FULL_11_ASFI_VALORES] t= 701.1s | pag=688 | files=1170 | data=454 | cola= 858 | prio=10 | https://appweb.asfi.gob.bo/Reportes_asp/rmi/tarjeta.asp?c=55024&t=3
[FULL_11_ASFI_VALORES] t= 701.9s | pag=689 | files=1170 | data=455 | cola= 859 | prio=10 | https://appweb.asfi.gob.bo/Reportes_asp/rmi/tarjeta.asp?c=55034&t=3
[FULL_11_ASFI_VALORES] t= 703.0s | pag=690 | files=1170 | data=456 | cola= 860 | prio=10 | https://appweb.asfi.gob.bo/Reportes_asp/rmi/tarjeta.asp?c=52851&t=3
[FULL_11_ASFI_VALORES] t= 704.2s | pag=691 | files=1170 | data=457 | cola= 861 | prio=10 | https://appweb.asfi.gob.bo/Reportes_asp/rmi/tarjeta.asp?c=55020&t=3
[FULL_11_ASFI_VALORES] t= 705.4s | pag=692 | files=1170 | data=458 | cola= 862 | prio=10 | https://appweb.asfi.gob.bo/Reportes_asp/rmi/tarjeta.asp?c=52479&t=3
[FULL_11_ASFI_VALORES] t= 706.6s | pag=693 | files=1170 | data=459 | cola= 863 | prio=10 | https://appweb.asfi.gob.bo/Reportes_asp/rmi/tarjeta.asp?c=55008&t=3
[FULL_11_ASFI_VALORES] t= 707.5s | pag=694 | files=1170 | data=460 | cola= 864 | prio=10 | https://appweb.asfi.gob.bo/Reportes_asp/rmi/tarjeta.asp?c=51894&t=3
[FULL_11_ASFI_VALORES] t= 708.6s | pag=695 | files=1170 | data=461 | cola= 865 | prio=10 | https://appweb.asfi.gob.bo/Reportes_asp/rmi/tarjeta.asp?c=51887&t=3
[FULL_11_ASFI_VALORES] t= 709.4s | pag=696 | files=1170 | data=462 | cola= 866 | prio=10 | https://appweb.asfi.gob.bo/Reportes_asp/rmi/tarjeta.asp?c=53504&t=3
[FULL_11_ASFI_VALORES] t= 710.5s | pag=697 | files=1170 | data=463 | cola= 867 | prio=10 | https://appweb.asfi.gob.bo/Reportes_asp/rmi/tarjeta.asp?c=52457&t=3
[FULL_11_ASFI_VALORES] t= 711.7s | pag=698 | files=1170 | data=464 | cola= 868 | prio=10 | https://appweb.asfi.gob.bo/Reportes_asp/rmi/tarjeta.asp?c=53572&t=3
[FULL_11_ASFI_VALORES] t= 712.9s | pag=699 | files=1170 | data=465 | cola= 869 | prio=10 | https://appweb.asfi.gob.bo/Reportes_asp/rmi/tarjeta.asp?c=53236&t=3
[FULL_11_ASFI_VALORES] t= 713.8s | pag=700 | files=1170 | data=466 | cola= 870 | prio=10 | https://appweb.asfi.gob.bo/Reportes_asp/rmi/tarjeta.asp?c=53607&t=3
[FULL_11_ASFI_VALORES] t= 714.9s | pag=701 | files=1170 | data=467 | cola= 871 | prio=10 | https://appweb.asfi.gob.bo/Reportes_asp/rmi/tarjeta.asp?c=53185&t=3
[FULL_11_ASFI_VALORES] t= 715.9s | pag=702 | files=1170 | data=468 | cola= 872 | prio=10 | https://appweb.asfi.gob.bo/Reportes_asp/rmi/tarjeta.asp?c=53305&t=3
[FULL_11_ASFI_VALORES] t= 717.3s | pag=703 | files=1170 | data=469 | cola= 873 | prio=10 | https://appweb.asfi.gob.bo/Reportes_asp/rmi/tarjeta.asp?c=53154&t=3
[FULL_11_ASFI_VALORES] t= 718.2s | pag=704 | files=1170 | data=470 | cola= 874 | prio=10 | https://appweb.asfi.gob.bo/Reportes_asp/rmi/tarjeta.asp?c=53442&t=3
[FULL_11_ASFI_VALORES] t= 719.0s | pag=705 | files=1170 | data=471 | cola= 875 | prio=10 | https://appweb.asfi.gob.bo/Reportes_asp/rmi/tarjeta.asp?c=53085&t=3
[FULL_11_ASFI_VALORES] t= 720.3s | pag=706 | files=1170 | data=472 | cola= 876 | prio=10 | https://appweb.asfi.gob.bo/Reportes_asp/rmi/tarjeta.asp?c=53306&t=3
[FULL_11_ASFI_VALORES] t= 721.3s | pag=707 | files=1170 | data=473 | cola= 877 | prio=10 | https://appweb.asfi.gob.bo/Reportes_asp/rmi/tarjeta.asp?c=52995&t=3
[FULL_11_ASFI_VALORES] t= 722.7s | pag=708 | files=1170 | data=474 | cola= 878 | prio=10 | https://appweb.asfi.gob.bo/Reportes_asp/rmi/tarjeta.asp?c=54995&t=3
[FULL_11_ASFI_VALORES] DATASETS=475 | data_html_table | https://appweb.asfi.gob.bo/Reportes_asp/rmi/tarjeta.asp?c=54995&t=3
[FULL_11_ASFI_VALORES] t= 723.4s | pag=709 | files=1170 | data=475 | cola= 879 | prio=10 | https://appweb.asfi.gob.bo/Reportes_asp/rmi/tarjeta.asp?c=54794&t=3
[FULL_11_ASFI_VALORES] t= 724.6s | pag=710 | files=1170 | data=476 | cola= 880 | prio=10 | https://appweb.asfi.gob.bo/Reportes_asp/rmi/tarjeta.asp?c=55019&t=3
[FULL_11_ASFI_VALORES] t= 725.8s | pag=711 | files=1170 | data=477 | cola= 881 | prio=10 | https://appweb.asfi.gob.bo/Reportes_asp/rmi/tarjeta.asp?c=52921&t=3
[FULL_11_ASFI_VALORES] t= 726.8s | pag=712 | files=1170 | data=478 | cola= 882 | prio=10 | https://appweb.asfi.gob.bo/Reportes_asp/rmi/tarjeta.asp?c=55010&t=3
[FULL_11_ASFI_VALORES] t= 727.7s | pag=713 | files=1170 | data=479 | cola= 883 | prio=10 | https://appweb.asfi.gob.bo/Reportes_asp/rmi/tarjeta.asp?c=52862&t=3
[FULL_11_ASFI_VALORES] t= 729.0s | pag=714 | files=1170 | data=480 | cola= 884 | prio=10 | https://appweb.asfi.gob.bo/Reportes_asp/rmi/tarjeta.asp?c=53588&t=3
[FULL_11_ASFI_VALORES] t= 730.2s | pag=715 | files=1170 | data=481 | cola= 885 | prio=10 | https://appweb.asfi.gob.bo/Reportes_asp/rmi/tarjeta.asp?c=53250&t=3
[FULL_11_ASFI_VALORES] t= 731.1s | pag=716 | files=1170 | data=482 | cola= 886 | prio=10 | https://appweb.asfi.gob.bo/Reportes_asp/rmi/tarjeta.asp?c=51891&t=3
[FULL_11_ASFI_VALORES] t= 732.5s | pag=717 | files=1170 | data=483 | cola= 887 | prio=10 | https://appweb.asfi.gob.bo/Reportes_asp/rmi/tarjeta.asp?c=51895&t=3
[FULL_11_ASFI_VALORES] t= 733.7s | pag=718 | files=1170 | data=484 | cola= 888 | prio=10 | https://appweb.asfi.gob.bo/Reportes_asp/rmi/tarjeta.asp?c=53132&t=2&tr=2
[FULL_11_ASFI_VALORES] t= 734.5s | pag=719 | files=1170 | data=485 | cola= 888 | prio=10 | https://appweb.asfi.gob.bo/Reportes_asp/rmi/tarjeta.asp?c=52863&t=3
[FULL_11_ASFI_VALORES] t= 735.8s | pag=720 | files=1170 | data=486 | cola= 889 | prio=10 | https://appweb.asfi.gob.bo/Reportes_asp/rmi/tarjeta.asp?c=53317&t=3
[FULL_11_ASFI_VALORES] t= 736.9s | pag=721 | files=1170 | data=487 | cola= 890 | prio=10 | https://appweb.asfi.gob.bo/Reportes_asp/rmi/tarjeta.asp?c=51939&t=3
[FULL_11_ASFI_VALORES] t= 738.0s | pag=722 | files=1170 | data=488 | cola= 891 | prio=10 | https://appweb.asfi.gob.bo/Reportes_asp/rmi/tarjeta.asp?c=53248&t=3
[FULL_11_ASFI_VALORES] t= 739.2s | pag=723 | files=1170 | data=489 | cola= 892 | prio=10 | https://appweb.asfi.gob.bo/Reportes_asp/rmi/tarjeta.asp?c=51947&t=3
[FULL_11_ASFI_VALORES] t= 740.2s | pag=724 | files=1170 | data=490 | cola= 893 | prio=10 | https://appweb.asfi.gob.bo/Reportes_asp/rmi/tarjeta.asp?c=52757&t=2&tr=2
[FULL_11_ASFI_VALORES] t= 741.8s | pag=725 | files=1170 | data=491 | cola= 894 | prio=10 | https://appweb.asfi.gob.bo/Reportes_asp/rmi/tarjeta.asp?c=54694&t=3
[FULL_11_ASFI_VALORES] t= 742.5s | pag=726 | files=1170 | data=492 | cola= 895 | prio=10 | https://appweb.asfi.gob.bo/Reportes_asp/rmi/tarjeta.asp?c=55044&t=3
[FULL_11_ASFI_VALORES] t= 743.2s | pag=727 | files=1170 | data=493 | cola= 896 | prio=10 | https://appweb.asfi.gob.bo/Reportes_asp/rmi/tarjeta.asp?c=53140&t=3
[FULL_11_ASFI_VALORES] t= 744.5s | pag=728 | files=1170 | data=494 | cola= 897 | prio=10 | https://appweb.asfi.gob.bo/Reportes_asp/rmi/tarjeta.asp?c=55007&t=3
[FULL_11_ASFI_VALORES] t= 745.6s | pag=729 | files=1170 | data=495 | cola= 898 | prio=10 | https://appweb.asfi.gob.bo/Reportes_asp/rmi/tarjeta.asp?c=53089&t=3
[FULL_11_ASFI_VALORES] t= 746.5s | pag=730 | files=1170 | data=496 | cola= 899 | prio=10 | https://appweb.asfi.gob.bo/Reportes_asp/rmi/tarjeta.asp?c=51944&t=3
[FULL_11_ASFI_VALORES] t= 747.5s | pag=731 | files=1170 | data=497 | cola= 900 | prio=10 | https://appweb.asfi.gob.bo/Reportes_asp/rmi/tarjeta.asp?c=51932&t=3
[FULL_11_ASFI_VALORES] t= 748.8s | pag=732 | files=1170 | data=498 | cola= 901 | prio=10 | https://appweb.asfi.gob.bo/Reportes_asp/rmi/tarjeta.asp?c=52537&t=3
[FULL_11_ASFI_VALORES] t= 749.6s | pag=733 | files=1170 | data=499 | cola= 902 | prio=10 | https://appweb.asfi.gob.bo/Reportes_asp/rmi/tarjeta.asp?c=53422&t=3
[FULL_11_ASFI_VALORES] DATASETS=500 | data_html_table | https://appweb.asfi.gob.bo/Reportes_asp/rmi/tarjeta.asp?c=53422&t=3
[FULL_11_ASFI_VALORES] t= 750.5s | pag=734 | files=1170 | data=500 | cola= 903 | prio=10 | https://appweb.asfi.gob.bo/Reportes_asp/rmi/tarjeta.asp?c=53307&t=2&tr=2
[FULL_11_ASFI_VALORES] t= 751.9s | pag=735 | files=1170 | data=501 | cola= 903 | prio=10 | https://appweb.asfi.gob.bo/Reportes_asp/rmi/tarjeta.asp?c=52173&t=3
[FULL_11_ASFI_VALORES] t= 752.5s | pag=736 | files=1170 | data=502 | cola= 904 | prio=10 | https://appweb.asfi.gob.bo/Reportes_asp/rmi/tarjeta.asp?c=51874&t=2
[FULL_11_ASFI_VALORES] t= 753.9s | pag=737 | files=1170 | data=503 | cola= 903 | prio=10 | https://appweb.asfi.gob.bo/reportes_asp/RMI/tarjeta_balancegeneral_csv.asp?c=51874&f=20260331
[FULL_11_ASFI_VALORES] t= 754.1s | pag=737 | files=1170 | data=503 | cola= 902 | prio=10 | https://appweb.asfi.gob.bo/Reportes_asp/rmi/tarjeta.asp?c=51878&t=2
[FULL_11_ASFI_VALORES] t= 756.2s | pag=738 | files=1170 | data=504 | cola= 901 | prio=10 | https://appweb.asfi.gob.bo/reportes_asp/RMI/tarjeta_balancegeneral_csv.asp?c=51878&f=20260331
[FULL_11_ASFI_VALORES] t= 756.3s | pag=738 | files=1170 | data=504 | cola= 900 | prio=10 | https://appweb.asfi.gob.bo/Reportes_asp/rmi/tarjeta.asp?c=51875&t=2
[FULL_11_ASFI_VALORES] t= 757.8s | pag=739 | files=1170 | data=505 | cola= 899 | prio=10 | https://appweb.asfi.gob.bo/reportes_asp/RMI/tarjeta_balancegeneral_csv.asp?c=51875&f=20260331
[FULL_11_ASFI_VALORES] t= 758.2s | pag=739 | files=1170 | data=505 | cola= 898 | prio=10 | https://appweb.asfi.gob.bo/Reportes_asp/rmi/tarjeta.asp?c=51876&t=2
[FULL_11_ASFI_VALORES] t= 759.8s | pag=740 | files=1170 | data=506 | cola= 897 | prio=10 | https://appweb.asfi.gob.bo/reportes_asp/RMI/tarjeta_balancegeneral_csv.asp?c=51876&f=20260331
[FULL_11_ASFI_VALORES] t= 760.0s | pag=740 | files=1170 | data=506 | cola= 896 | prio=10 | https://appweb.asfi.gob.bo/Reportes_asp/rmi/tarjeta.asp?c=53386&t=2
[FULL_11_ASFI_VALORES] t= 761.2s | pag=741 | files=1170 | data=507 | cola= 895 | prio=10 | https://appweb.asfi.gob.bo/reportes_asp/RMI/tarjeta_balancegeneral_csv.asp?c=53474&f=20260331
[FULL_11_ASFI_VALORES] t= 761.7s | pag=741 | files=1170 | data=507 | cola= 894 | prio=10 | https://appweb.asfi.gob.bo/Reportes_asp/rmi/tarjeta.asp?c=51877&t=2
[FULL_11_ASFI_VALORES] t= 763.3s | pag=742 | files=1170 | data=508 | cola= 893 | prio=10 | https://appweb.asfi.gob.bo/reportes_asp/RMI/tarjeta_balancegeneral_csv.asp?c=51877&f=20260331
[FULL_11_ASFI_VALORES] t= 763.5s | pag=742 | files=1170 | data=508 | cola= 892 | prio=10 | https://appweb.asfi.gob.bo/Reportes_asp/rmi/tarjeta.asp?c=53460&t=2
[FULL_11_ASFI_VALORES] t= 764.9s | pag=743 | files=1170 | data=509 | cola= 891 | prio=10 | https://appweb.asfi.gob.bo/reportes_asp/RMI/tarjeta_balancegeneral_csv.asp?c=53555&f=20260331
[FULL_11_ASFI_VALORES] t= 765.4s | pag=743 | files=1170 | data=509 | cola= 890 | prio=10 | https://appweb.asfi.gob.bo/Reportes_asp/rmi/tarjeta.asp?c=51879&t=2
[FULL_11_ASFI_VALORES] t= 767.6s | pag=744 | files=1170 | data=510 | cola= 889 | prio=10 | https://appweb.asfi.gob.bo/reportes_asp/RMI/tarjeta_balancegeneral_csv.asp?c=51879&f=20260331
[FULL_11_ASFI_VALORES] t= 767.8s | pag=744 | files=1170 | data=510 | cola= 888 | prio=10 | https://appweb.asfi.gob.bo/Reportes_asp/rmi/tarjeta.asp?c=51881&t=2
[FULL_11_ASFI_VALORES] t= 769.2s | pag=745 | files=1170 | data=511 | cola= 887 | prio=10 | https://appweb.asfi.gob.bo/reportes_asp/RMI/tarjeta_balancegeneral_csv.asp?c=51881&f=20260331
[FULL_11_ASFI_VALORES] t= 769.5s | pag=745 | files=1170 | data=511 | cola= 886 | prio=10 | https://appweb.asfi.gob.bo/Reportes_asp/rmi/tarjeta.asp?c=51883&t=2
[FULL_11_ASFI_VALORES] t= 771.6s | pag=746 | files=1170 | data=512 | cola= 885 | prio=10 | https://appweb.asfi.gob.bo/reportes_asp/RMI/tarjeta_balancegeneral_csv.asp?c=51883&f=20260331
[FULL_11_ASFI_VALORES] t= 771.6s | pag=746 | files=1170 | data=512 | cola= 884 | prio=10 | https://appweb.asfi.gob.bo/Reportes_asp/rmi/tarjeta.asp?c=51871&t=2
[FULL_11_ASFI_VALORES] t= 774.0s | pag=747 | files=1170 | data=513 | cola= 883 | prio=10 | https://appweb.asfi.gob.bo/reportes_asp/RMI/tarjeta_balancegeneral_csv.asp?c=51871&f=20260331
[FULL_11_ASFI_VALORES] t= 774.1s | pag=747 | files=1170 | data=513 | cola= 882 | prio=10 | https://appweb.asfi.gob.bo/Reportes_asp/rmi/tarjeta.asp?c=53112&t=2
[FULL_11_ASFI_VALORES] t= 775.6s | pag=748 | files=1170 | data=514 | cola= 881 | prio=10 | https://appweb.asfi.gob.bo/reportes_asp/RMI/tarjeta_balancegeneral_csv.asp?c=53254&f=20260331
[FULL_11_ASFI_VALORES] t= 776.2s | pag=748 | files=1170 | data=514 | cola= 880 | prio=10 | https://appweb.asfi.gob.bo/Reportes_asp/rmi/tarjeta.asp?c=52172&t=2
[FULL_11_ASFI_VALORES] t= 780.8s | pag=749 | files=1170 | data=515 | cola= 879 | prio=10 | https://appweb.asfi.gob.bo/reportes_asp/RMI/tarjeta_balancegeneral_csv.asp?c=52414&f=20260331
[FULL_11_ASFI_VALORES] t= 780.8s | pag=749 | files=1170 | data=515 | cola= 878 | prio=10 | https://appweb.asfi.gob.bo/Reportes_asp/rmi/tarjeta.asp?c=53243&t=2
[FULL_11_ASFI_VALORES] t= 782.4s | pag=750 | files=1170 | data=516 | cola= 877 | prio=10 | https://appweb.asfi.gob.bo/reportes_asp/RMI/tarjeta_balancegeneral_csv.asp?c=53372&f=20260331
[FULL_11_ASFI_VALORES] t= 783.2s | pag=750 | files=1170 | data=516 | cola= 876 | prio=10 | https://appweb.asfi.gob.bo/Reportes_asp/rmi/tarjeta.asp?c=53550&t=2
[FULL_11_ASFI_VALORES] t= 784.4s | pag=751 | files=1170 | data=517 | cola= 875 | prio=10 | https://appweb.asfi.gob.bo/reportes_asp/RMI/tarjeta_balancegeneral_csv.asp?c=53675&f=20260331
[FULL_11_ASFI_VALORES] t= 784.6s | pag=751 | files=1170 | data=517 | cola= 874 | prio=10 | https://appweb.asfi.gob.bo/Reportes_asp/rmi/tarjeta.asp?c=52387&t=2
[FULL_11_ASFI_VALORES] t= 786.3s | pag=752 | files=1170 | data=518 | cola= 873 | prio=10 | https://appweb.asfi.gob.bo/reportes_asp/RMI/tarjeta_balancegeneral_csv.asp?c=51966&f=20260331
[FULL_11_ASFI_VALORES] t= 786.5s | pag=752 | files=1170 | data=518 | cola= 872 | prio=10 | https://appweb.asfi.gob.bo/Reportes_asp/rmi/tarjeta.asp?c=52216&t=2
[FULL_11_ASFI_VALORES] t= 787.9s | pag=753 | files=1170 | data=519 | cola= 871 | prio=10 | https://appweb.asfi.gob.bo/reportes_asp/RMI/tarjeta_balancegeneral_csv.asp?c=51959&f=20260331
[FULL_11_ASFI_VALORES] t= 787.9s | pag=753 | files=1170 | data=519 | cola= 870 | prio=10 | https://appweb.asfi.gob.bo/Reportes_asp/rmi/tarjeta.asp?c=51928&t=2
[FULL_11_ASFI_VALORES] t= 789.6s | pag=754 | files=1170 | data=520 | cola= 869 | prio=10 | https://appweb.asfi.gob.bo/reportes_asp/RMI/tarjeta_balancegeneral_csv.asp?c=51928&f=20260331
[FULL_11_ASFI_VALORES] t= 790.0s | pag=754 | files=1170 | data=520 | cola= 868 | prio=10 | https://appweb.asfi.gob.bo/Reportes_asp/rmi/tarjeta.asp?c=51837&t=2
[FULL_11_ASFI_VALORES] t= 792.1s | pag=755 | files=1170 | data=521 | cola= 867 | prio=10 | https://appweb.asfi.gob.bo/reportes_asp/RMI/tarjeta_balancegeneral_csv.asp?c=51837&f=20260331
[FULL_11_ASFI_VALORES] t= 792.2s | pag=755 | files=1170 | data=521 | cola= 866 | prio=10 | https://appweb.asfi.gob.bo/Reportes_asp/rmi/tarjeta.asp?c=51828&t=2
[FULL_11_ASFI_VALORES] t= 794.2s | pag=756 | files=1170 | data=522 | cola= 865 | prio=10 | https://appweb.asfi.gob.bo/reportes_asp/RMI/tarjeta_balancegeneral_csv.asp?c=51828&f=20260331
[FULL_11_ASFI_VALORES] t= 794.5s | pag=756 | files=1170 | data=522 | cola= 864 | prio=10 | https://appweb.asfi.gob.bo/Reportes_asp/rmi/tarjeta.asp?c=51830&t=2
[FULL_11_ASFI_VALORES] t= 796.4s | pag=757 | files=1170 | data=523 | cola= 863 | prio=10 | https://appweb.asfi.gob.bo/reportes_asp/RMI/tarjeta_balancegeneral_csv.asp?c=51830&f=20260331
[FULL_11_ASFI_VALORES] t= 796.4s | pag=757 | files=1170 | data=523 | cola= 862 | prio=10 | https://appweb.asfi.gob.bo/Reportes_asp/rmi/tarjeta.asp?c=51859&t=2
[FULL_11_ASFI_VALORES] t= 798.7s | pag=758 | files=1170 | data=524 | cola= 861 | prio=10 | https://appweb.asfi.gob.bo/reportes_asp/RMI/tarjeta_balancegeneral_csv.asp?c=51859&f=20260331
[FULL_11_ASFI_VALORES] t= 798.8s | pag=758 | files=1170 | data=524 | cola= 860 | prio=10 | https://appweb.asfi.gob.bo/Reportes_asp/rmi/tarjeta.asp?c=52434&t=2
[FULL_11_ASFI_VALORES] DATASETS=525 | data_html_table | https://appweb.asfi.gob.bo/Reportes_asp/rmi/tarjeta.asp?c=52434&t=2
[FULL_11_ASFI_VALORES] t= 801.1s | pag=759 | files=1170 | data=525 | cola= 859 | prio=10 | https://appweb.asfi.gob.bo/reportes_asp/RMI/tarjeta_balancegeneral_csv.asp?c=52612&f=20260331
[FULL_11_ASFI_VALORES] t= 801.2s | pag=759 | files=1170 | data=525 | cola= 858 | prio=10 | https://appweb.asfi.gob.bo/Reportes_asp/rmi/tarjeta.asp?c=51863&t=2
[FULL_11_ASFI_VALORES] t= 803.4s | pag=760 | files=1170 | data=526 | cola= 857 | prio=10 | https://appweb.asfi.gob.bo/reportes_asp/RMI/tarjeta_balancegeneral_csv.asp?c=51863&f=20260331
[FULL_11_ASFI_VALORES] t= 803.4s | pag=760 | files=1170 | data=526 | cola= 856 | prio=10 | https://appweb.asfi.gob.bo/Reportes_asp/rmi/tarjeta.asp?c=51833&t=2
[FULL_11_ASFI_VALORES] t= 805.3s | pag=761 | files=1170 | data=527 | cola= 855 | prio=10 | https://appweb.asfi.gob.bo/reportes_asp/RMI/tarjeta_balancegeneral_csv.asp?c=51833&f=20260331
[FULL_11_ASFI_VALORES] t= 805.4s | pag=761 | files=1170 | data=527 | cola= 854 | prio=10 | https://appweb.asfi.gob.bo/Reportes_asp/rmi/tarjeta.asp?c=51829&t=2
[FULL_11_ASFI_VALORES] t= 807.1s | pag=762 | files=1170 | data=528 | cola= 853 | prio=10 | https://appweb.asfi.gob.bo/reportes_asp/RMI/tarjeta_balancegeneral_csv.asp?c=51829&f=20260331
[FULL_11_ASFI_VALORES] t= 807.2s | pag=762 | files=1170 | data=528 | cola= 852 | prio=10 | https://appweb.asfi.gob.bo/Reportes_asp/rmi/tarjeta.asp?c=51835&t=2
[FULL_11_ASFI_VALORES] t= 809.3s | pag=763 | files=1170 | data=529 | cola= 851 | prio=10 | https://appweb.asfi.gob.bo/reportes_asp/RMI/tarjeta_balancegeneral_csv.asp?c=51835&f=20260331
[FULL_11_ASFI_VALORES] t= 809.3s | pag=763 | files=1170 | data=529 | cola= 850 | prio=10 | https://appweb.asfi.gob.bo/Reportes_asp/rmi/tarjeta.asp?c=51866&t=2
[FULL_11_ASFI_VALORES] t= 810.9s | pag=764 | files=1170 | data=530 | cola= 849 | prio=10 | https://appweb.asfi.gob.bo/reportes_asp/RMI/tarjeta_balancegeneral_csv.asp?c=51866&f=20260331
[FULL_11_ASFI_VALORES] t= 811.0s | pag=764 | files=1170 | data=530 | cola= 848 | prio=10 | https://appweb.asfi.gob.bo/Reportes_asp/rmi/tarjeta.asp?c=51868&t=2
[FULL_11_ASFI_VALORES] t= 812.9s | pag=765 | files=1170 | data=531 | cola= 847 | prio=10 | https://appweb.asfi.gob.bo/reportes_asp/RMI/tarjeta_balancegeneral_csv.asp?c=51868&f=20260331
[FULL_11_ASFI_VALORES] t= 813.1s | pag=765 | files=1170 | data=531 | cola= 846 | prio=10 | https://appweb.asfi.gob.bo/Reportes_asp/rmi/tarjeta.asp?c=51935&t=2
[FULL_11_ASFI_VALORES] t= 815.4s | pag=766 | files=1170 | data=532 | cola= 845 | prio=10 | https://appweb.asfi.gob.bo/reportes_asp/RMI/tarjeta_balancegeneral_csv.asp?c=51935&f=20260331
[FULL_11_ASFI_VALORES] t= 815.4s | pag=766 | files=1170 | data=532 | cola= 844 | prio=10 | https://appweb.asfi.gob.bo/Reportes_asp/rmi/tarjeta.asp?c=51796&t=2
[FULL_11_ASFI_VALORES] t= 817.8s | pag=767 | files=1170 | data=533 | cola= 843 | prio=10 | https://appweb.asfi.gob.bo/reportes_asp/RMI/tarjeta_balancegeneral_csv.asp?c=51796&f=20260331
[FULL_11_ASFI_VALORES] t= 817.8s | pag=767 | files=1170 | data=533 | cola= 842 | prio=10 | https://appweb.asfi.gob.bo/Reportes_asp/rmi/tarjeta.asp?c=51811&t=2
[FULL_11_ASFI_VALORES] t= 820.1s | pag=768 | files=1170 | data=534 | cola= 841 | prio=10 | https://appweb.asfi.gob.bo/reportes_asp/RMI/tarjeta_balancegeneral_csv.asp?c=51811&f=20260331
[FULL_11_ASFI_VALORES] t= 820.1s | pag=768 | files=1170 | data=534 | cola= 840 | prio=10 | https://appweb.asfi.gob.bo/Reportes_asp/rmi/tarjeta.asp?c=51857&t=2
[FULL_11_ASFI_VALORES] t= 822.6s | pag=769 | files=1170 | data=535 | cola= 839 | prio=10 | https://appweb.asfi.gob.bo/reportes_asp/RMI/tarjeta_balancegeneral_csv.asp?c=51857&f=20260331
[FULL_11_ASFI_VALORES] t= 822.7s | pag=769 | files=1170 | data=535 | cola= 838 | prio=10 | https://appweb.asfi.gob.bo/Reportes_asp/rmi/tarjeta.asp?c=51810&t=2
[FULL_11_ASFI_VALORES] t= 824.9s | pag=770 | files=1170 | data=536 | cola= 837 | prio=10 | https://appweb.asfi.gob.bo/reportes_asp/RMI/tarjeta_balancegeneral_csv.asp?c=51810&f=20260331
[FULL_11_ASFI_VALORES] t= 824.9s | pag=770 | files=1170 | data=536 | cola= 836 | prio=10 | https://appweb.asfi.gob.bo/Reportes_asp/rmi/tarjeta.asp?c=53525&t=2
[FULL_11_ASFI_VALORES] t= 826.0s | pag=771 | files=1170 | data=537 | cola= 835 | prio=10 | https://appweb.asfi.gob.bo/reportes_asp/RMI/tarjeta_balancegeneral_csv.asp?c=53640&f=20260331
[FULL_11_ASFI_VALORES] t= 826.6s | pag=771 | files=1170 | data=537 | cola= 834 | prio=10 | https://appweb.asfi.gob.bo/Reportes_asp/rmi/tarjeta.asp?c=53087&t=2
[FULL_11_ASFI_VALORES] t= 828.3s | pag=772 | files=1170 | data=538 | cola= 833 | prio=10 | https://appweb.asfi.gob.bo/reportes_asp/RMI/tarjeta_balancegeneral_csv.asp?c=53154&f=20260331
[FULL_11_ASFI_VALORES] t= 828.7s | pag=772 | files=1170 | data=538 | cola= 832 | prio=10 | https://appweb.asfi.gob.bo/Reportes_asp/rmi/tarjeta.asp?c=53558&t=2
[FULL_11_ASFI_VALORES] t= 830.2s | pag=773 | files=1170 | data=539 | cola= 831 | prio=10 | https://appweb.asfi.gob.bo/reportes_asp/RMI/tarjeta_balancegeneral_csv.asp?c=53699&f=20260331
[FULL_11_ASFI_VALORES] t= 830.7s | pag=773 | files=1170 | data=539 | cola= 830 | prio=10 | https://appweb.asfi.gob.bo/Reportes_asp/rmi/tarjeta.asp?c=54886&t=2
[FULL_11_ASFI_VALORES] t= 831.6s | pag=774 | files=1170 | data=540 | cola= 829 | prio=10 | https://appweb.asfi.gob.bo/reportes_asp/RMI/tarjeta_balancegeneral_csv.asp?c=55053&f=20260331
[FULL_11_ASFI_VALORES] t= 832.1s | pag=774 | files=1170 | data=540 | cola= 828 | prio=10 | https://appweb.asfi.gob.bo/Reportes_asp/rmi/tarjeta.asp?c=51818&t=2
[FULL_11_ASFI_VALORES] t= 833.6s | pag=775 | files=1170 | data=541 | cola= 827 | prio=10 | https://appweb.asfi.gob.bo/reportes_asp/RMI/tarjeta_balancegeneral_csv.asp?c=51818&f=20260331
[FULL_11_ASFI_VALORES] t= 833.8s | pag=775 | files=1170 | data=541 | cola= 826 | prio=10 | https://appweb.asfi.gob.bo/Reportes_asp/rmi/tarjeta.asp?c=53531&t=2
[FULL_11_ASFI_VALORES] t= 835.7s | pag=776 | files=1170 | data=542 | cola= 825 | prio=10 | https://appweb.asfi.gob.bo/reportes_asp/RMI/tarjeta_balancegeneral_csv.asp?c=53578&f=20260331
[FULL_11_ASFI_VALORES] t= 835.7s | pag=776 | files=1170 | data=542 | cola= 824 | prio=10 | https://appweb.asfi.gob.bo/Reportes_asp/rmi/tarjeta.asp?c=54785&t=2
[FULL_11_ASFI_VALORES] t= 836.8s | pag=777 | files=1170 | data=543 | cola= 823 | prio=10 | https://appweb.asfi.gob.bo/reportes_asp/RMI/tarjeta_balancegeneral_csv.asp?c=54944&f=20260331
[FULL_11_ASFI_VALORES] t= 837.2s | pag=777 | files=1170 | data=543 | cola= 822 | prio=10 | https://appweb.asfi.gob.bo/Reportes_asp/rmi/tarjeta.asp?c=52575&t=2
[FULL_11_ASFI_VALORES] t= 838.7s | pag=778 | files=1170 | data=544 | cola= 821 | prio=10 | https://appweb.asfi.gob.bo/reportes_asp/RMI/tarjeta_balancegeneral_csv.asp?c=52722&f=20260331
[FULL_11_ASFI_VALORES] t= 839.2s | pag=778 | files=1170 | data=544 | cola= 820 | prio=10 | https://appweb.asfi.gob.bo/Reportes_asp/rmi/tarjeta.asp?c=51855&t=2
[FULL_11_ASFI_VALORES] t= 840.9s | pag=779 | files=1170 | data=545 | cola= 819 | prio=10 | https://appweb.asfi.gob.bo/reportes_asp/RMI/tarjeta_balancegeneral_csv.asp?c=51855&f=20260331
[FULL_11_ASFI_VALORES] t= 841.1s | pag=779 | files=1170 | data=545 | cola= 818 | prio=10 | https://appweb.asfi.gob.bo/Reportes_asp/rmi/tarjeta.asp?c=51823&t=2
[FULL_11_ASFI_VALORES] t= 842.2s | pag=780 | files=1170 | data=546 | cola= 817 | prio=10 | https://appweb.asfi.gob.bo/reportes_asp/RMI/tarjeta_balancegeneral_csv.asp?c=51823&f=20260331
[FULL_11_ASFI_VALORES] t= 842.5s | pag=780 | files=1170 | data=546 | cola= 816 | prio=10 | https://appweb.asfi.gob.bo/Reportes_asp/rmi/tarjeta.asp?c=52511&t=2
[FULL_11_ASFI_VALORES] t= 844.3s | pag=781 | files=1170 | data=547 | cola= 815 | prio=10 | https://appweb.asfi.gob.bo/reportes_asp/RMI/tarjeta_balancegeneral_csv.asp?c=52672&f=20260331
[FULL_11_ASFI_VALORES] t= 844.6s | pag=781 | files=1170 | data=547 | cola= 814 | prio=10 | https://appweb.asfi.gob.bo/Reportes_asp/rmi/tarjeta.asp?c=54683&t=2
[FULL_11_ASFI_VALORES] t= 845.5s | pag=782 | files=1170 | data=548 | cola= 813 | prio=10 | https://appweb.asfi.gob.bo/reportes_asp/RMI/tarjeta_balancegeneral_csv.asp?c=54823&f=20260331
[FULL_11_ASFI_VALORES] t= 846.1s | pag=782 | files=1170 | data=548 | cola= 812 | prio=10 | https://appweb.asfi.gob.bo/Reportes_asp/rmi/tarjeta.asp?c=53452&t=2
[FULL_11_ASFI_VALORES] t= 847.3s | pag=783 | files=1170 | data=549 | cola= 811 | prio=10 | https://appweb.asfi.gob.bo/reportes_asp/RMI/tarjeta_balancegeneral_csv.asp?c=53350&f=20260331
[FULL_11_ASFI_VALORES] t= 847.8s | pag=783 | files=1170 | data=549 | cola= 810 | prio=10 | https://appweb.asfi.gob.bo/Reportes_asp/rmi/tarjeta.asp?c=53643&t=2
[FULL_11_ASFI_VALORES] DATASETS=550 | data_html_table | https://appweb.asfi.gob.bo/Reportes_asp/rmi/tarjeta.asp?c=53643&t=2
[FULL_11_ASFI_VALORES] t= 849.6s | pag=784 | files=1170 | data=550 | cola= 809 | prio=10 | https://appweb.asfi.gob.bo/reportes_asp/RMI/tarjeta_balancegeneral_csv.asp?c=53791&f=20260331
[FULL_11_ASFI_VALORES] t= 850.0s | pag=784 | files=1170 | data=550 | cola= 808 | prio=10 | https://appweb.asfi.gob.bo/Reportes_asp/rmi/tarjeta.asp?c=54958&t=2
[FULL_11_ASFI_VALORES] t= 851.1s | pag=785 | files=1170 | data=551 | cola= 807 | prio=10 | https://appweb.asfi.gob.bo/reportes_asp/RMI/tarjeta_balancegeneral_csv.asp?c=54937&f=20260331
[FULL_11_ASFI_VALORES] t= 851.5s | pag=785 | files=1170 | data=551 | cola= 806 | prio=10 | https://appweb.asfi.gob.bo/Reportes_asp/rmi/tarjeta.asp?c=51865&t=2
[FULL_11_ASFI_VALORES] t= 852.8s | pag=786 | files=1170 | data=552 | cola= 805 | prio=10 | https://appweb.asfi.gob.bo/reportes_asp/RMI/tarjeta_balancegeneral_csv.asp?c=51865&f=20260331
[FULL_11_ASFI_VALORES] t= 853.0s | pag=786 | files=1170 | data=552 | cola= 804 | prio=10 | https://appweb.asfi.gob.bo/Reportes_asp/rmi/tarjeta.asp?c=51799&t=2
[FULL_11_ASFI_VALORES] t= 854.7s | pag=787 | files=1170 | data=553 | cola= 803 | prio=10 | https://appweb.asfi.gob.bo/reportes_asp/RMI/tarjeta_balancegeneral_csv.asp?c=51799&f=20260331
[FULL_11_ASFI_VALORES] t= 854.9s | pag=787 | files=1170 | data=553 | cola= 802 | prio=10 | https://appweb.asfi.gob.bo/Reportes_asp/rmi/tarjeta.asp?c=53589&t=2
[FULL_11_ASFI_VALORES] t= 856.5s | pag=788 | files=1170 | data=554 | cola= 801 | prio=10 | https://appweb.asfi.gob.bo/reportes_asp/RMI/tarjeta_balancegeneral_csv.asp?c=53738&f=20260331
[FULL_11_ASFI_VALORES] t= 856.7s | pag=788 | files=1170 | data=554 | cola= 800 | prio=10 | https://appweb.asfi.gob.bo/Reportes_asp/rmi/tarjeta.asp?c=51861&t=2
[FULL_11_ASFI_VALORES] t= 858.5s | pag=789 | files=1170 | data=555 | cola= 799 | prio=10 | https://appweb.asfi.gob.bo/reportes_asp/RMI/tarjeta_balancegeneral_csv.asp?c=51861&f=20260331
[FULL_11_ASFI_VALORES] t= 858.6s | pag=789 | files=1170 | data=555 | cola= 798 | prio=10 | https://appweb.asfi.gob.bo/Reportes_asp/rmi/tarjeta.asp?c=52453&t=2
[FULL_11_ASFI_VALORES] t= 860.2s | pag=790 | files=1170 | data=556 | cola= 797 | prio=10 | https://appweb.asfi.gob.bo/reportes_asp/RMI/tarjeta_balancegeneral_csv.asp?c=52321&f=20260331
[FULL_11_ASFI_VALORES] t= 860.9s | pag=790 | files=1170 | data=556 | cola= 796 | prio=10 | https://appweb.asfi.gob.bo/Reportes_asp/rmi/tarjeta.asp?c=51840&t=2
[FULL_11_ASFI_VALORES] t= 862.6s | pag=791 | files=1170 | data=557 | cola= 795 | prio=10 | https://appweb.asfi.gob.bo/reportes_asp/RMI/tarjeta_balancegeneral_csv.asp?c=51840&f=20260331
[FULL_11_ASFI_VALORES] t= 863.0s | pag=791 | files=1170 | data=557 | cola= 794 | prio=10 | https://appweb.asfi.gob.bo/Reportes_asp/rmi/tarjeta.asp?c=51797&t=2
[FULL_11_ASFI_VALORES] t= 864.8s | pag=792 | files=1170 | data=558 | cola= 793 | prio=10 | https://appweb.asfi.gob.bo/reportes_asp/RMI/tarjeta_balancegeneral_csv.asp?c=51797&f=20260331
[FULL_11_ASFI_VALORES] t= 865.1s | pag=792 | files=1170 | data=558 | cola= 792 | prio=10 | https://appweb.asfi.gob.bo/Reportes_asp/rmi/tarjeta.asp?c=51822&t=2
[FULL_11_ASFI_VALORES] t= 866.7s | pag=793 | files=1170 | data=559 | cola= 791 | prio=10 | https://appweb.asfi.gob.bo/reportes_asp/RMI/tarjeta_balancegeneral_csv.asp?c=51822&f=20260331
[FULL_11_ASFI_VALORES] t= 867.1s | pag=793 | files=1170 | data=559 | cola= 790 | prio=10 | https://appweb.asfi.gob.bo/Reportes_asp/rmi/tarjeta.asp?c=51806&t=2
[FULL_11_ASFI_VALORES] t= 868.9s | pag=794 | files=1170 | data=560 | cola= 789 | prio=10 | https://appweb.asfi.gob.bo/reportes_asp/RMI/tarjeta_balancegeneral_csv.asp?c=51806&f=20260331
[FULL_11_ASFI_VALORES] t= 869.0s | pag=794 | files=1170 | data=560 | cola= 788 | prio=10 | https://appweb.asfi.gob.bo/Reportes_asp/rmi/tarjeta.asp?c=54861&t=2
[FULL_11_ASFI_VALORES] t= 870.3s | pag=795 | files=1170 | data=561 | cola= 787 | prio=10 | https://appweb.asfi.gob.bo/reportes_asp/RMI/tarjeta_balancegeneral_csv.asp?c=55020&f=20260331
[FULL_11_ASFI_VALORES] t= 870.6s | pag=795 | files=1170 | data=561 | cola= 786 | prio=10 | https://appweb.asfi.gob.bo/Reportes_asp/rmi/tarjeta.asp?c=54754&t=2
[FULL_11_ASFI_VALORES] t= 872.1s | pag=796 | files=1170 | data=562 | cola= 785 | prio=10 | https://appweb.asfi.gob.bo/reportes_asp/RMI/tarjeta_balancegeneral_csv.asp?c=53637&f=20260331
[FULL_11_ASFI_VALORES] t= 872.9s | pag=796 | files=1170 | data=562 | cola= 784 | prio=10 | https://appweb.asfi.gob.bo/Reportes_asp/rmi/tarjeta.asp?c=51816&t=2
[FULL_11_ASFI_VALORES] t= 874.8s | pag=797 | files=1170 | data=563 | cola= 783 | prio=10 | https://appweb.asfi.gob.bo/reportes_asp/RMI/tarjeta_balancegeneral_csv.asp?c=51816&f=20260331
[FULL_11_ASFI_VALORES] t= 874.9s | pag=797 | files=1170 | data=563 | cola= 782 | prio=10 | https://appweb.asfi.gob.bo/Reportes_asp/rmi/tarjeta.asp?c=51827&t=2
[FULL_11_ASFI_VALORES] t= 876.7s | pag=798 | files=1170 | data=564 | cola= 781 | prio=10 | https://appweb.asfi.gob.bo/reportes_asp/RMI/tarjeta_balancegeneral_csv.asp?c=51827&f=20260331
[FULL_11_ASFI_VALORES] t= 876.7s | pag=798 | files=1170 | data=564 | cola= 780 | prio=10 | https://appweb.asfi.gob.bo/Reportes_asp/rmi/tarjeta.asp?c=51825&t=2
[FULL_11_ASFI_VALORES] t= 878.4s | pag=799 | files=1170 | data=565 | cola= 779 | prio=10 | https://appweb.asfi.gob.bo/reportes_asp/RMI/tarjeta_balancegeneral_csv.asp?c=51825&f=20260331
[FULL_11_ASFI_VALORES] t= 878.6s | pag=799 | files=1170 | data=565 | cola= 778 | prio=10 | https://appweb.asfi.gob.bo/Reportes_asp/rmi/tarjeta.asp?c=51804&t=2
[FULL_11_ASFI_VALORES] t= 880.2s | pag=800 | files=1170 | data=566 | cola= 777 | prio=10 | https://appweb.asfi.gob.bo/reportes_asp/RMI/tarjeta_balancegeneral_csv.asp?c=51804&f=20260331
[FULL_11_ASFI_VALORES] t= 880.7s | pag=800 | files=1170 | data=566 | cola= 776 | prio=10 | https://appweb.asfi.gob.bo/Reportes_asp/rmi/tarjeta.asp?c=53289&t=2
[FULL_11_ASFI_VALORES] t= 882.2s | pag=801 | files=1170 | data=567 | cola= 775 | prio=10 | https://appweb.asfi.gob.bo/reportes_asp/RMI/tarjeta_balancegeneral_csv.asp?c=53396&f=20260331
[FULL_11_ASFI_VALORES] t= 882.5s | pag=801 | files=1170 | data=567 | cola= 774 | prio=10 | https://appweb.asfi.gob.bo/Reportes_asp/rmi/tarjeta.asp?c=52194&t=2
[FULL_11_ASFI_VALORES] t= 884.9s | pag=802 | files=1170 | data=568 | cola= 773 | prio=10 | https://appweb.asfi.gob.bo/reportes_asp/RMI/tarjeta_balancegeneral_csv.asp?c=52458&f=20260331
[FULL_11_ASFI_VALORES] t= 885.0s | pag=802 | files=1170 | data=568 | cola= 772 | prio=10 | https://appweb.asfi.gob.bo/Reportes_asp/rmi/tarjeta.asp?c=54975&t=2
[FULL_11_ASFI_VALORES] t= 886.4s | pag=803 | files=1170 | data=569 | cola= 771 | prio=10 | https://appweb.asfi.gob.bo/reportes_asp/RMI/tarjeta_balancegeneral_csv.asp?c=55109&f=20260331
[FULL_11_ASFI_VALORES] t= 887.1s | pag=803 | files=1170 | data=569 | cola= 770 | prio=10 | https://appweb.asfi.gob.bo/Reportes_asp/rmi/tarjeta.asp?c=51808&t=2
[FULL_11_ASFI_VALORES] t= 889.3s | pag=804 | files=1170 | data=570 | cola= 769 | prio=10 | https://appweb.asfi.gob.bo/reportes_asp/RMI/tarjeta_balancegeneral_csv.asp?c=51808&f=20260331
[FULL_11_ASFI_VALORES] t= 889.3s | pag=804 | files=1170 | data=570 | cola= 768 | prio=10 | https://appweb.asfi.gob.bo/Reportes_asp/rmi/tarjeta.asp?c=52925&t=2
[FULL_11_ASFI_VALORES] t= 891.5s | pag=805 | files=1170 | data=571 | cola= 767 | prio=10 | https://appweb.asfi.gob.bo/reportes_asp/RMI/tarjeta_balancegeneral_csv.asp?c=52925&f=20260331
[FULL_11_ASFI_VALORES] t= 891.6s | pag=805 | files=1170 | data=571 | cola= 766 | prio=10 | https://appweb.asfi.gob.bo/Reportes_asp/rmi/tarjeta.asp?c=54840&t=2
[FULL_11_ASFI_VALORES] t= 893.1s | pag=806 | files=1170 | data=572 | cola= 765 | prio=10 | https://appweb.asfi.gob.bo/reportes_asp/RMI/tarjeta_balancegeneral_csv.asp?c=54964&f=20260331
[FULL_11_ASFI_VALORES] t= 893.7s | pag=806 | files=1170 | data=572 | cola= 764 | prio=10 | https://appweb.asfi.gob.bo/Reportes_asp/rmi/tarjeta.asp?c=54931&t=2
[FULL_11_ASFI_VALORES] t= 894.9s | pag=807 | files=1170 | data=573 | cola= 763 | prio=10 | https://appweb.asfi.gob.bo/reportes_asp/RMI/tarjeta_balancegeneral_csv.asp?c=55068&f=20260331
[FULL_11_ASFI_VALORES] t= 895.4s | pag=807 | files=1170 | data=573 | cola= 762 | prio=10 | https://appweb.asfi.gob.bo/Reportes_asp/rmi/tarjeta.asp?c=54705&t=2
[FULL_11_ASFI_VALORES] t= 897.1s | pag=808 | files=1170 | data=574 | cola= 761 | prio=10 | https://appweb.asfi.gob.bo/reportes_asp/RMI/tarjeta_balancegeneral_csv.asp?c=54853&f=20260331
[FULL_11_ASFI_VALORES] t= 897.7s | pag=808 | files=1170 | data=574 | cola= 760 | prio=10 | https://appweb.asfi.gob.bo/Reportes_asp/rmi/tarjeta.asp?c=54799&t=2
[FULL_11_ASFI_VALORES] DATASETS=575 | data_html_table | https://appweb.asfi.gob.bo/Reportes_asp/rmi/tarjeta.asp?c=54799&t=2
[FULL_11_ASFI_VALORES] t= 899.6s | pag=809 | files=1170 | data=575 | cola= 759 | prio=10 | https://appweb.asfi.gob.bo/reportes_asp/RMI/tarjeta_balancegeneral_csv.asp?c=54957&f=20260331
[FULL_11_ASFI_VALORES] t= 899.6s | pag=809 | files=1170 | data=575 | cola= 758 | prio=10 | https://appweb.asfi.gob.bo/Reportes_asp/rmi/tarjeta.asp?c=52561&t=2
[FULL_11_ASFI_VALORES] t= 901.8s | pag=810 | files=1170 | data=576 | cola= 757 | prio=10 | https://appweb.asfi.gob.bo/reportes_asp/RMI/tarjeta_balancegeneral_csv.asp?c=52691&f=20260331
[FULL_11_ASFI_VALORES] t= 902.0s | pag=810 | files=1170 | data=576 | cola= 756 | prio=10 | https://appweb.asfi.gob.bo/Reportes_asp/rmi/tarjeta.asp?c=51949&t=2
[FULL_11_ASFI_VALORES] t= 903.1s | pag=811 | files=1170 | data=577 | cola= 755 | prio=10 | https://appweb.asfi.gob.bo/reportes_asp/RMI/tarjeta_balancegeneral_csv.asp?c=51949&f=20260331
[FULL_11_ASFI_VALORES] t= 903.4s | pag=811 | files=1170 | data=577 | cola= 754 | prio=10 | https://appweb.asfi.gob.bo/Reportes_asp/rmi/tarjeta.asp?c=52195&t=2
[FULL_11_ASFI_VALORES] t= 904.4s | pag=812 | files=1170 | data=578 | cola= 753 | prio=10 | https://appweb.asfi.gob.bo/reportes_asp/RMI/tarjeta_balancegeneral_csv.asp?c=52459&f=20260331
[FULL_11_ASFI_VALORES] t= 905.1s | pag=812 | files=1170 | data=578 | cola= 752 | prio=10 | https://appweb.asfi.gob.bo/Reportes_asp/rmi/tarjeta.asp?c=53556&t=2
[FULL_11_ASFI_VALORES] t= 906.2s | pag=813 | files=1170 | data=579 | cola= 751 | prio=10 | https://appweb.asfi.gob.bo/reportes_asp/RMI/tarjeta_balancegeneral_csv.asp?c=53698&f=20260331
[FULL_11_ASFI_VALORES] t= 906.4s | pag=813 | files=1170 | data=579 | cola= 750 | prio=10 | https://appweb.asfi.gob.bo/Reportes_asp/rmi/tarjeta.asp?c=53247&t=2
[FULL_11_ASFI_VALORES] t= 908.2s | pag=814 | files=1170 | data=580 | cola= 749 | prio=10 | https://appweb.asfi.gob.bo/reportes_asp/RMI/tarjeta_balancegeneral_csv.asp?c=53375&f=20260331
[FULL_11_ASFI_VALORES] t= 908.2s | pag=814 | files=1170 | data=580 | cola= 748 | prio=10 | https://appweb.asfi.gob.bo/Reportes_asp/rmi/tarjeta.asp?c=52349&t=2
[FULL_11_ASFI_VALORES] t= 910.1s | pag=815 | files=1170 | data=581 | cola= 747 | prio=10 | https://appweb.asfi.gob.bo/reportes_asp/RMI/tarjeta_balancegeneral_csv.asp?c=52532&f=20260331
[FULL_11_ASFI_VALORES] t= 910.5s | pag=815 | files=1170 | data=581 | cola= 746 | prio=10 | https://appweb.asfi.gob.bo/Reportes_asp/rmi/tarjeta.asp?c=53470&t=2
[FULL_11_ASFI_VALORES] t= 912.0s | pag=816 | files=1170 | data=582 | cola= 745 | prio=10 | https://appweb.asfi.gob.bo/reportes_asp/RMI/tarjeta_balancegeneral_csv.asp?c=53351&f=20260331
[FULL_11_ASFI_VALORES] t= 912.2s | pag=816 | files=1170 | data=582 | cola= 744 | prio=10 | https://appweb.asfi.gob.bo/Reportes_asp/rmi/tarjeta.asp?c=54661&t=2
[FULL_11_ASFI_VALORES] t= 913.4s | pag=817 | files=1170 | data=583 | cola= 743 | prio=10 | https://appweb.asfi.gob.bo/reportes_asp/RMI/tarjeta_balancegeneral_csv.asp?c=53582&f=20260331
[FULL_11_ASFI_VALORES] t= 914.1s | pag=817 | files=1170 | data=583 | cola= 742 | prio=10 | https://appweb.asfi.gob.bo/Reportes_asp/rmi/tarjeta.asp?c=54809&t=2
[FULL_11_ASFI_VALORES] t= 915.2s | pag=818 | files=1170 | data=584 | cola= 741 | prio=10 | https://appweb.asfi.gob.bo/reportes_asp/RMI/tarjeta_balancegeneral_csv.asp?c=52180&f=20260331
[FULL_11_ASFI_VALORES] t= 915.6s | pag=818 | files=1170 | data=584 | cola= 740 | prio=10 | https://appweb.asfi.gob.bo/Reportes_asp/rmi/tarjeta.asp?c=53451&t=2
[FULL_11_ASFI_VALORES] t= 916.9s | pag=819 | files=1170 | data=585 | cola= 739 | prio=10 | https://appweb.asfi.gob.bo/reportes_asp/RMI/tarjeta_balancegeneral_csv.asp?c=53548&f=20260331
[FULL_11_ASFI_VALORES] t= 917.6s | pag=819 | files=1170 | data=585 | cola= 738 | prio=10 | https://appweb.asfi.gob.bo/Reportes_asp/rmi/tarjeta.asp?c=53418&t=2
[FULL_11_ASFI_VALORES] t= 919.5s | pag=820 | files=1170 | data=586 | cola= 737 | prio=10 | https://appweb.asfi.gob.bo/reportes_asp/RMI/tarjeta_balancegeneral_csv.asp?c=53538&f=20260331
[FULL_11_ASFI_VALORES] t= 919.5s | pag=820 | files=1170 | data=586 | cola= 736 | prio=10 | https://appweb.asfi.gob.bo/Reportes_asp/rmi/tarjeta.asp?c=52930&t=2
[FULL_11_ASFI_VALORES] t= 921.6s | pag=821 | files=1170 | data=587 | cola= 735 | prio=10 | https://appweb.asfi.gob.bo/reportes_asp/RMI/tarjeta_balancegeneral_csv.asp?c=52918&f=20260331
[FULL_11_ASFI_VALORES] t= 921.6s | pag=821 | files=1170 | data=587 | cola= 734 | prio=10 | https://appweb.asfi.gob.bo/Reportes_asp/rmi/tarjeta.asp?c=53052&t=2
[FULL_11_ASFI_VALORES] t= 923.5s | pag=822 | files=1170 | data=588 | cola= 733 | prio=10 | https://appweb.asfi.gob.bo/reportes_asp/RMI/tarjeta_balancegeneral_csv.asp?c=53183&f=20260331
[FULL_11_ASFI_VALORES] t= 924.0s | pag=822 | files=1170 | data=588 | cola= 732 | prio=10 | https://appweb.asfi.gob.bo/Reportes_asp/rmi/tarjeta.asp?c=53539&t=2
[FULL_11_ASFI_VALORES] t= 926.5s | pag=823 | files=1170 | data=589 | cola= 731 | prio=10 | https://appweb.asfi.gob.bo/reportes_asp/RMI/tarjeta_balancegeneral_csv.asp?c=53659&f=20260331
[FULL_11_ASFI_VALORES] t= 927.3s | pag=823 | files=1170 | data=589 | cola= 730 | prio=10 | https://appweb.asfi.gob.bo/Reportes_asp/rmi/tarjeta.asp?c=52952&t=2
[FULL_11_ASFI_VALORES] t= 929.0s | pag=824 | files=1170 | data=590 | cola= 729 | prio=10 | https://appweb.asfi.gob.bo/reportes_asp/RMI/tarjeta_balancegeneral_csv.asp?c=52930&f=20260331
[FULL_11_ASFI_VALORES] t= 929.1s | pag=824 | files=1170 | data=590 | cola= 728 | prio=10 | https://appweb.asfi.gob.bo/Reportes_asp/rmi/tarjeta.asp?c=55065&t=2
[FULL_11_ASFI_VALORES] t= 930.2s | pag=825 | files=1170 | data=591 | cola= 727 | prio=10 | https://appweb.asfi.gob.bo/reportes_asp/RMI/tarjeta_balancegeneral_csv.asp?c=55167&f=20260331
[FULL_11_ASFI_VALORES] t= 930.8s | pag=825 | files=1170 | data=591 | cola= 726 | prio=10 | https://appweb.asfi.gob.bo/Reportes_asp/rmi/tarjeta.asp?c=53569&t=2
[FULL_11_ASFI_VALORES] t= 931.9s | pag=826 | files=1170 | data=592 | cola= 725 | prio=10 | https://appweb.asfi.gob.bo/reportes_asp/RMI/tarjeta_balancegeneral_csv.asp?c=53724&f=20260331
[FULL_11_ASFI_VALORES] t= 932.7s | pag=826 | files=1170 | data=592 | cola= 724 | prio=10 | https://appweb.asfi.gob.bo/Reportes_asp/rmi/tarjeta.asp?c=53590&t=2
[FULL_11_ASFI_VALORES] t= 934.0s | pag=827 | files=1170 | data=593 | cola= 723 | prio=10 | https://appweb.asfi.gob.bo/reportes_asp/RMI/tarjeta_balancegeneral_csv.asp?c=53745&f=20260331
[FULL_11_ASFI_VALORES] t= 934.6s | pag=827 | files=1170 | data=593 | cola= 722 | prio=10 | https://appweb.asfi.gob.bo/Reportes_asp/rmi/tarjeta.asp?c=53553&t=2
[FULL_11_ASFI_VALORES] t= 936.1s | pag=828 | files=1170 | data=594 | cola= 721 | prio=10 | https://appweb.asfi.gob.bo/reportes_asp/RMI/tarjeta_balancegeneral_csv.asp?c=53686&f=20260331
[FULL_11_ASFI_VALORES] t= 936.8s | pag=828 | files=1170 | data=594 | cola= 720 | prio=10 | https://appweb.asfi.gob.bo/Reportes_asp/rmi/tarjeta.asp?c=51814&t=2
[FULL_11_ASFI_VALORES] t= 938.8s | pag=829 | files=1170 | data=595 | cola= 719 | prio=10 | https://appweb.asfi.gob.bo/reportes_asp/RMI/tarjeta_balancegeneral_csv.asp?c=51814&f=20260331
[FULL_11_ASFI_VALORES] t= 939.2s | pag=829 | files=1170 | data=595 | cola= 718 | prio=10 | https://appweb.asfi.gob.bo/Reportes_asp/rmi/tarjeta.asp?c=53291&t=2
[FULL_11_ASFI_VALORES] t= 940.6s | pag=830 | files=1170 | data=596 | cola= 717 | prio=10 | https://appweb.asfi.gob.bo/reportes_asp/RMI/tarjeta_balancegeneral_csv.asp?c=53404&f=20260331
[FULL_11_ASFI_VALORES] t= 940.8s | pag=830 | files=1170 | data=596 | cola= 716 | prio=10 | https://appweb.asfi.gob.bo/Reportes_asp/rmi/tarjeta.asp?c=52354&t=2
[FULL_11_ASFI_VALORES] t= 942.3s | pag=831 | files=1170 | data=597 | cola= 715 | prio=10 | https://appweb.asfi.gob.bo/reportes_asp/RMI/tarjeta_balancegeneral_csv.asp?c=51967&f=20260331
[FULL_11_ASFI_VALORES] t= 942.4s | pag=831 | files=1170 | data=597 | cola= 714 | prio=10 | https://appweb.asfi.gob.bo/Reportes_asp/rmi/tarjeta.asp?c=54913&t=2
[FULL_11_ASFI_VALORES] t= 944.0s | pag=832 | files=1170 | data=598 | cola= 713 | prio=10 | https://appweb.asfi.gob.bo/reportes_asp/RMI/tarjeta_balancegeneral_csv.asp?c=53620&f=20260331
[FULL_11_ASFI_VALORES] t= 944.4s | pag=832 | files=1170 | data=598 | cola= 712 | prio=10 | https://appweb.asfi.gob.bo/Reportes_asp/rmi/tarjeta.asp?c=52885&t=2
[FULL_11_ASFI_VALORES] t= 946.1s | pag=833 | files=1170 | data=599 | cola= 711 | prio=10 | https://appweb.asfi.gob.bo/reportes_asp/RMI/tarjeta_balancegeneral_csv.asp?c=52884&f=20260331
[FULL_11_ASFI_VALORES] t= 946.3s | pag=833 | files=1170 | data=599 | cola= 710 | prio=10 | https://appweb.asfi.gob.bo/Reportes_asp/rmi/tarjeta.asp?c=52837&t=2
[FULL_11_ASFI_VALORES] DATASETS=600 | data_html_table | https://appweb.asfi.gob.bo/Reportes_asp/rmi/tarjeta.asp?c=52837&t=2
[FULL_11_ASFI_VALORES] t= 947.8s | pag=834 | files=1170 | data=600 | cola= 709 | prio=10 | https://appweb.asfi.gob.bo/reportes_asp/RMI/tarjeta_balancegeneral_csv.asp?c=52844&f=20260331
[FULL_11_ASFI_VALORES] t= 947.8s | pag=834 | files=1170 | data=600 | cola= 708 | prio=10 | https://appweb.asfi.gob.bo/Reportes_asp/rmi/tarjeta.asp?c=52451&t=2
[FULL_11_ASFI_VALORES] t= 949.6s | pag=835 | files=1170 | data=601 | cola= 707 | prio=10 | https://appweb.asfi.gob.bo/reportes_asp/RMI/tarjeta_balancegeneral_csv.asp?c=51957&f=20260331
[FULL_11_ASFI_VALORES] t= 949.8s | pag=835 | files=1170 | data=601 | cola= 706 | prio=10 | https://appweb.asfi.gob.bo/Reportes_asp/rmi/tarjeta.asp?c=53393&t=2
[FULL_11_ASFI_VALORES] t= 951.4s | pag=836 | files=1170 | data=602 | cola= 705 | prio=10 | https://appweb.asfi.gob.bo/reportes_asp/RMI/tarjeta_balancegeneral_csv.asp?c=53509&f=20260331
[FULL_11_ASFI_VALORES] t= 951.6s | pag=836 | files=1170 | data=602 | cola= 704 | prio=10 | https://appweb.asfi.gob.bo/Reportes_asp/rmi/tarjeta.asp?c=55067&t=2
[FULL_11_ASFI_VALORES] t= 952.7s | pag=837 | files=1170 | data=603 | cola= 703 | prio=10 | https://appweb.asfi.gob.bo/reportes_asp/RMI/tarjeta_balancegeneral_csv.asp?c=55172&f=20260331
[FULL_11_ASFI_VALORES] t= 953.3s | pag=837 | files=1170 | data=603 | cola= 702 | prio=10 | https://appweb.asfi.gob.bo/Reportes_asp/rmi/tarjeta.asp?c=51842&t=2
[FULL_11_ASFI_VALORES] t= 954.7s | pag=838 | files=1170 | data=604 | cola= 701 | prio=10 | https://appweb.asfi.gob.bo/reportes_asp/RMI/tarjeta_balancegeneral_csv.asp?c=51842&f=20260331
[FULL_11_ASFI_VALORES] t= 955.3s | pag=838 | files=1170 | data=604 | cola= 700 | prio=10 | https://appweb.asfi.gob.bo/Reportes_asp/rmi/tarjeta.asp?c=53337&t=2
[FULL_11_ASFI_VALORES] t= 957.2s | pag=839 | files=1170 | data=605 | cola= 699 | prio=10 | https://appweb.asfi.gob.bo/reportes_asp/RMI/tarjeta_balancegeneral_csv.asp?c=53450&f=20260331
[FULL_11_ASFI_VALORES] t= 957.2s | pag=839 | files=1170 | data=605 | cola= 698 | prio=10 | https://appweb.asfi.gob.bo/Reportes_asp/rmi/tarjeta.asp?c=54662&t=2
[FULL_11_ASFI_VALORES] t= 958.8s | pag=840 | files=1170 | data=606 | cola= 697 | prio=10 | https://appweb.asfi.gob.bo/reportes_asp/RMI/tarjeta_balancegeneral_csv.asp?c=54803&f=20260331
[FULL_11_ASFI_VALORES] t= 959.4s | pag=840 | files=1170 | data=606 | cola= 696 | prio=10 | https://appweb.asfi.gob.bo/Reportes_asp/rmi/tarjeta.asp?c=53282&t=2
[FULL_11_ASFI_VALORES] t= 960.8s | pag=841 | files=1170 | data=607 | cola= 695 | prio=10 | https://appweb.asfi.gob.bo/reportes_asp/RMI/tarjeta_balancegeneral_csv.asp?c=53389&f=20260331
[FULL_11_ASFI_VALORES] t= 961.2s | pag=841 | files=1170 | data=607 | cola= 694 | prio=10 | https://appweb.asfi.gob.bo/Reportes_asp/rmi/tarjeta.asp?c=54666&t=2
[FULL_11_ASFI_VALORES] t= 963.3s | pag=842 | files=1170 | data=608 | cola= 693 | prio=10 | https://appweb.asfi.gob.bo/reportes_asp/RMI/tarjeta_balancegeneral_csv.asp?c=53711&f=20260331
[FULL_11_ASFI_VALORES] t= 963.3s | pag=842 | files=1170 | data=608 | cola= 692 | prio=10 | https://appweb.asfi.gob.bo/Reportes_asp/rmi/tarjeta.asp?c=51858&t=2
[FULL_11_ASFI_VALORES] t= 965.1s | pag=843 | files=1170 | data=609 | cola= 691 | prio=10 | https://appweb.asfi.gob.bo/reportes_asp/RMI/tarjeta_balancegeneral_csv.asp?c=51858&f=20260331
[FULL_11_ASFI_VALORES] t= 965.1s | pag=843 | files=1170 | data=609 | cola= 690 | prio=10 | https://appweb.asfi.gob.bo/Reportes_asp/rmi/tarjeta.asp?c=53171&t=2
[FULL_11_ASFI_VALORES] t= 966.8s | pag=844 | files=1170 | data=610 | cola= 689 | prio=10 | https://appweb.asfi.gob.bo/reportes_asp/RMI/tarjeta_balancegeneral_csv.asp?c=53310&f=20260331
[FULL_11_ASFI_VALORES] t= 966.8s | pag=844 | files=1170 | data=610 | cola= 688 | prio=10 | https://appweb.asfi.gob.bo/Reportes_asp/rmi/tarjeta.asp?c=51826&t=2
[FULL_11_ASFI_VALORES] t= 969.2s | pag=845 | files=1170 | data=611 | cola= 687 | prio=10 | https://appweb.asfi.gob.bo/reportes_asp/RMI/tarjeta_balancegeneral_csv.asp?c=51826&f=20260331
[FULL_11_ASFI_VALORES] t= 969.2s | pag=845 | files=1170 | data=611 | cola= 686 | prio=10 | https://appweb.asfi.gob.bo/Reportes_asp/rmi/tarjeta.asp?c=54741&t=2
[FULL_11_ASFI_VALORES] t= 970.8s | pag=846 | files=1170 | data=612 | cola= 685 | prio=10 | https://appweb.asfi.gob.bo/reportes_asp/RMI/tarjeta_balancegeneral_csv.asp?c=53654&f=20260331
[FULL_11_ASFI_VALORES] t= 970.8s | pag=846 | files=1170 | data=612 | cola= 684 | prio=10 | https://appweb.asfi.gob.bo/Reportes_asp/rmi/tarjeta.asp?c=51854&t=2
[FULL_11_ASFI_VALORES] t= 972.6s | pag=847 | files=1170 | data=613 | cola= 683 | prio=10 | https://appweb.asfi.gob.bo/reportes_asp/RMI/tarjeta_balancegeneral_csv.asp?c=51854&f=20260331
[FULL_11_ASFI_VALORES] t= 973.0s | pag=847 | files=1170 | data=613 | cola= 682 | prio=10 | https://appweb.asfi.gob.bo/Reportes_asp/rmi/tarjeta.asp?c=53523&t=2
[FULL_11_ASFI_VALORES] t= 974.5s | pag=848 | files=1170 | data=614 | cola= 681 | prio=10 | https://appweb.asfi.gob.bo/reportes_asp/RMI/tarjeta_balancegeneral_csv.asp?c=53629&f=20260331
[FULL_11_ASFI_VALORES] t= 974.9s | pag=848 | files=1170 | data=614 | cola= 680 | prio=10 | https://appweb.asfi.gob.bo/Reportes_asp/rmi/tarjeta.asp?c=52074&t=2
[FULL_11_ASFI_VALORES] t= 976.9s | pag=849 | files=1170 | data=615 | cola= 679 | prio=10 | https://appweb.asfi.gob.bo/reportes_asp/RMI/tarjeta_balancegeneral_csv.asp?c=52345&f=20260331
[FULL_11_ASFI_VALORES] t= 977.2s | pag=849 | files=1170 | data=615 | cola= 678 | prio=10 | https://appweb.asfi.gob.bo/Reportes_asp/rmi/tarjeta.asp?c=54678&t=2
[FULL_11_ASFI_VALORES] t= 978.7s | pag=850 | files=1170 | data=616 | cola= 677 | prio=10 | https://appweb.asfi.gob.bo/reportes_asp/RMI/tarjeta_balancegeneral_csv.asp?c=54819&f=20260331
[FULL_11_ASFI_VALORES] t= 978.9s | pag=850 | files=1170 | data=616 | cola= 676 | prio=10 | https://appweb.asfi.gob.bo/Reportes_asp/rmi/tarjeta.asp?c=51860&t=2
[FULL_11_ASFI_VALORES] t= 980.2s | pag=851 | files=1170 | data=617 | cola= 675 | prio=10 | https://appweb.asfi.gob.bo/reportes_asp/RMI/tarjeta_balancegeneral_csv.asp?c=51860&f=20260331
[FULL_11_ASFI_VALORES] t= 980.6s | pag=851 | files=1170 | data=617 | cola= 674 | prio=10 | https://appweb.asfi.gob.bo/Reportes_asp/rmi/tarjeta.asp?c=53118&t=2
[FULL_11_ASFI_VALORES] t= 983.3s | pag=852 | files=1170 | data=618 | cola= 673 | prio=10 | https://appweb.asfi.gob.bo/reportes_asp/RMI/tarjeta_balancegeneral_csv.asp?c=53258&f=20260331
[FULL_11_ASFI_VALORES] t= 983.3s | pag=852 | files=1170 | data=618 | cola= 672 | prio=10 | https://appweb.asfi.gob.bo/Reportes_asp/rmi/tarjeta.asp?c=51821&t=2
[FULL_11_ASFI_VALORES] t= 985.4s | pag=853 | files=1170 | data=619 | cola= 671 | prio=10 | https://appweb.asfi.gob.bo/reportes_asp/RMI/tarjeta_balancegeneral_csv.asp?c=51821&f=20260331
[FULL_11_ASFI_VALORES] t= 985.4s | pag=853 | files=1170 | data=619 | cola= 670 | prio=10 | https://appweb.asfi.gob.bo/Reportes_asp/rmi/tarjeta.asp?c=51809&t=2
[FULL_11_ASFI_VALORES] t= 987.2s | pag=854 | files=1170 | data=620 | cola= 669 | prio=10 | https://appweb.asfi.gob.bo/reportes_asp/RMI/tarjeta_balancegeneral_csv.asp?c=51809&f=20260331
[FULL_11_ASFI_VALORES] t= 987.5s | pag=854 | files=1170 | data=620 | cola= 668 | prio=10 | https://appweb.asfi.gob.bo/Reportes_asp/rmi/tarjeta.asp?c=51812&t=2
[FULL_11_ASFI_VALORES] t= 989.5s | pag=855 | files=1170 | data=621 | cola= 667 | prio=10 | https://appweb.asfi.gob.bo/reportes_asp/RMI/tarjeta_balancegeneral_csv.asp?c=51812&f=20260331
[FULL_11_ASFI_VALORES] t= 989.5s | pag=855 | files=1170 | data=621 | cola= 666 | prio=10 | https://appweb.asfi.gob.bo/Reportes_asp/rmi/tarjeta.asp?c=51813&t=2
[FULL_11_ASFI_VALORES] t= 990.8s | pag=856 | files=1170 | data=622 | cola= 665 | prio=10 | https://appweb.asfi.gob.bo/reportes_asp/RMI/tarjeta_balancegeneral_csv.asp?c=51813&f=20260331
[FULL_11_ASFI_VALORES] t= 991.1s | pag=856 | files=1170 | data=622 | cola= 664 | prio=10 | https://appweb.asfi.gob.bo/Reportes_asp/rmi/tarjeta.asp?c=52045&t=2
[FULL_11_ASFI_VALORES] t= 992.3s | pag=857 | files=1170 | data=623 | cola= 663 | prio=10 | https://appweb.asfi.gob.bo/reportes_asp/RMI/tarjeta_balancegeneral_csv.asp?c=52074&f=20260331
[FULL_11_ASFI_VALORES] t= 992.6s | pag=857 | files=1170 | data=623 | cola= 662 | prio=10 | https://appweb.asfi.gob.bo/Reportes_asp/rmi/tarjeta.asp?c=53002&t=2
[FULL_11_ASFI_VALORES] t= 993.9s | pag=858 | files=1170 | data=624 | cola= 661 | prio=10 | https://appweb.asfi.gob.bo/reportes_asp/RMI/tarjeta_balancegeneral_csv.asp?c=53110&f=20260331
[FULL_11_ASFI_VALORES] t= 994.5s | pag=858 | files=1170 | data=624 | cola= 660 | prio=10 | https://appweb.asfi.gob.bo/Reportes_asp/rmi/tarjeta.asp?c=53623&t=2
[FULL_11_ASFI_VALORES] DATASETS=625 | data_html_table | https://appweb.asfi.gob.bo/Reportes_asp/rmi/tarjeta.asp?c=53623&t=2
[FULL_11_ASFI_VALORES] t= 995.7s | pag=859 | files=1170 | data=625 | cola= 659 | prio=10 | https://appweb.asfi.gob.bo/reportes_asp/RMI/tarjeta_balancegeneral_csv.asp?c=53764&f=20260331
[FULL_11_ASFI_VALORES] t= 996.3s | pag=859 | files=1170 | data=625 | cola= 658 | prio=10 | https://appweb.asfi.gob.bo/Reportes_asp/rmi/tarjeta.asp?c=52051&t=2
[FULL_11_ASFI_VALORES] t= 997.3s | pag=860 | files=1170 | data=626 | cola= 657 | prio=10 | https://appweb.asfi.gob.bo/reportes_asp/RMI/tarjeta_balancegeneral_csv.asp?c=52009&f=20260331
[FULL_11_ASFI_VALORES] t= 997.7s | pag=860 | files=1170 | data=626 | cola= 656 | prio=10 | https://appweb.asfi.gob.bo/Reportes_asp/rmi/tarjeta.asp?c=53217&t=2
[FULL_11_ASFI_VALORES] t= 998.9s | pag=861 | files=1170 | data=627 | cola= 655 | prio=10 | https://appweb.asfi.gob.bo/reportes_asp/RMI/tarjeta_balancegeneral_csv.asp?c=53341&f=20260331
[FULL_11_ASFI_VALORES] t= 999.2s | pag=861 | files=1170 | data=627 | cola= 654 | prio=10 | https://appweb.asfi.gob.bo/Reportes_asp/rmi/tarjeta.asp?c=54957&t=2
[FULL_11_ASFI_VALORES] t=1000.4s | pag=862 | files=1170 | data=628 | cola= 653 | prio=10 | https://appweb.asfi.gob.bo/reportes_asp/RMI/tarjeta_balancegeneral_csv.asp?c=55077&f=20260331
[FULL_11_ASFI_VALORES] t=1001.2s | pag=862 | files=1170 | data=628 | cola= 652 | prio=10 | https://appweb.asfi.gob.bo/Reportes_asp/rmi/tarjeta.asp?c=54778&t=2
[FULL_11_ASFI_VALORES] t=1002.4s | pag=863 | files=1170 | data=629 | cola= 651 | prio=10 | https://appweb.asfi.gob.bo/reportes_asp/RMI/tarjeta_balancegeneral_csv.asp?c=54930&f=20260331
[FULL_11_ASFI_VALORES] t=1002.7s | pag=863 | files=1170 | data=629 | cola= 650 | prio=10 | https://appweb.asfi.gob.bo/Reportes_asp/rmi/tarjeta.asp?c=54867&t=2
[FULL_11_ASFI_VALORES] t=1003.6s | pag=864 | files=1170 | data=630 | cola= 649 | prio=10 | https://appweb.asfi.gob.bo/reportes_asp/RMI/tarjeta_balancegeneral_csv.asp?c=55029&f=20260331
[FULL_11_ASFI_VALORES] t=1004.0s | pag=864 | files=1170 | data=630 | cola= 648 | prio=10 | https://appweb.asfi.gob.bo/Reportes_asp/rmi/tarjeta.asp?c=52196&t=2
[FULL_11_ASFI_VALORES] t=1005.2s | pag=865 | files=1170 | data=631 | cola= 647 | prio=10 | https://appweb.asfi.gob.bo/reportes_asp/RMI/tarjeta_balancegeneral_csv.asp?c=52460&f=20260331
[FULL_11_ASFI_VALORES] t=1006.0s | pag=865 | files=1170 | data=631 | cola= 646 | prio=10 | https://appweb.asfi.gob.bo/Reportes_asp/rmi/tarjeta.asp?c=53058&t=2
[FULL_11_ASFI_VALORES] t=1007.0s | pag=866 | files=1170 | data=632 | cola= 645 | prio=10 | https://appweb.asfi.gob.bo/reportes_asp/RMI/tarjeta_balancegeneral_csv.asp?c=53073&f=20260331
[FULL_11_ASFI_VALORES] t=1007.6s | pag=866 | files=1170 | data=632 | cola= 644 | prio=10 | https://appweb.asfi.gob.bo/Reportes_asp/rmi/tarjeta.asp?c=52385&t=2
[FULL_11_ASFI_VALORES] t=1008.4s | pag=867 | files=1170 | data=633 | cola= 643 | prio=10 | https://appweb.asfi.gob.bo/reportes_asp/RMI/tarjeta_balancegeneral_csv.asp?c=52559&f=20260331
[FULL_11_ASFI_VALORES] t=1009.1s | pag=867 | files=1170 | data=633 | cola= 642 | prio=10 | https://appweb.asfi.gob.bo/Reportes_asp/rmi/tarjeta.asp?c=53508&t=2
[FULL_11_ASFI_VALORES] t=1009.9s | pag=868 | files=1170 | data=634 | cola= 641 | prio=10 | https://appweb.asfi.gob.bo/reportes_asp/RMI/tarjeta_balancegeneral_csv.asp?c=52927&f=20260331
[FULL_11_ASFI_VALORES] t=1010.6s | pag=868 | files=1170 | data=634 | cola= 640 | prio=10 | https://appweb.asfi.gob.bo/Reportes_asp/rmi/tarjeta.asp?c=54704&t=2
[FULL_11_ASFI_VALORES] t=1011.8s | pag=869 | files=1170 | data=635 | cola= 639 | prio=10 | https://appweb.asfi.gob.bo/reportes_asp/RMI/tarjeta_balancegeneral_csv.asp?c=54850&f=20260331
[FULL_11_ASFI_VALORES] t=1012.3s | pag=869 | files=1170 | data=635 | cola= 638 | prio=10 | https://appweb.asfi.gob.bo/Reportes_asp/rmi/tarjeta.asp?c=54854&t=2
[FULL_11_ASFI_VALORES] t=1013.2s | pag=870 | files=1170 | data=636 | cola= 637 | prio=10 | https://appweb.asfi.gob.bo/reportes_asp/RMI/tarjeta_balancegeneral_csv.asp?c=55019&f=20260331
[FULL_11_ASFI_VALORES] t=1014.0s | pag=870 | files=1170 | data=636 | cola= 636 | prio=10 | https://appweb.asfi.gob.bo/Reportes_asp/rmi/tarjeta.asp?c=52042&t=2
[FULL_11_ASFI_VALORES] t=1015.1s | pag=871 | files=1170 | data=637 | cola= 635 | prio=10 | https://appweb.asfi.gob.bo/reportes_asp/RMI/tarjeta_balancegeneral_csv.asp?c=52072&f=20260331
[FULL_11_ASFI_VALORES] t=1015.6s | pag=871 | files=1170 | data=637 | cola= 634 | prio=10 | https://appweb.asfi.gob.bo/Reportes_asp/rmi/tarjeta.asp?c=52041&t=2
[FULL_11_ASFI_VALORES] t=1016.8s | pag=872 | files=1170 | data=638 | cola= 633 | prio=10 | https://appweb.asfi.gob.bo/reportes_asp/RMI/tarjeta_balancegeneral_csv.asp?c=52018&f=20260331
[FULL_11_ASFI_VALORES] t=1017.6s | pag=872 | files=1170 | data=638 | cola= 632 | prio=10 | https://appweb.asfi.gob.bo/Reportes_asp/rmi/tarjeta.asp?c=53570&t=2
[FULL_11_ASFI_VALORES] t=1019.0s | pag=873 | files=1170 | data=639 | cola= 631 | prio=10 | https://appweb.asfi.gob.bo/reportes_asp/RMI/tarjeta_balancegeneral_csv.asp?c=53730&f=20260331
[FULL_11_ASFI_VALORES] t=1019.6s | pag=873 | files=1170 | data=639 | cola= 630 | prio=10 | https://appweb.asfi.gob.bo/Reportes_asp/rmi/tarjeta.asp?c=52565&t=2
[FULL_11_ASFI_VALORES] t=1021.1s | pag=874 | files=1170 | data=640 | cola= 629 | prio=10 | https://appweb.asfi.gob.bo/reportes_asp/RMI/tarjeta_balancegeneral_csv.asp?c=52708&f=20260331
[FULL_11_ASFI_VALORES] t=1021.3s | pag=874 | files=1170 | data=640 | cola= 628 | prio=10 | https://appweb.asfi.gob.bo/Reportes_asp/rmi/tarjeta.asp?c=54808&t=2
[FULL_11_ASFI_VALORES] t=1022.6s | pag=875 | files=1170 | data=641 | cola= 627 | prio=10 | https://appweb.asfi.gob.bo/reportes_asp/RMI/tarjeta_balancegeneral_csv.asp?c=54958&f=20260331
[FULL_11_ASFI_VALORES] t=1023.2s | pag=875 | files=1170 | data=641 | cola= 626 | prio=10 | https://appweb.asfi.gob.bo/Reportes_asp/rmi/tarjeta.asp?c=54898&t=2
[FULL_11_ASFI_VALORES] t=1024.5s | pag=876 | files=1170 | data=642 | cola= 625 | prio=10 | https://appweb.asfi.gob.bo/reportes_asp/RMI/tarjeta_balancegeneral_csv.asp?c=53255&f=20260331
[FULL_11_ASFI_VALORES] t=1024.9s | pag=876 | files=1170 | data=642 | cola= 624 | prio=10 | https://appweb.asfi.gob.bo/Reportes_asp/rmi/tarjeta.asp?c=54896&t=2
[FULL_11_ASFI_VALORES] t=1026.1s | pag=877 | files=1170 | data=643 | cola= 623 | prio=10 | https://appweb.asfi.gob.bo/reportes_asp/RMI/tarjeta_balancegeneral_csv.asp?c=55054&f=20260331
[FULL_11_ASFI_VALORES] t=1026.9s | pag=877 | files=1170 | data=643 | cola= 622 | prio=10 | https://appweb.asfi.gob.bo/Reportes_asp/rmi/tarjeta.asp?c=55003&t=2
[FULL_11_ASFI_VALORES] t=1028.2s | pag=878 | files=1170 | data=644 | cola= 621 | prio=10 | https://appweb.asfi.gob.bo/reportes_asp/RMI/tarjeta_balancegeneral_csv.asp?c=55130&f=20260331
[FULL_11_ASFI_VALORES] t=1028.8s | pag=878 | files=1170 | data=644 | cola= 620 | prio=10 | https://appweb.asfi.gob.bo/Reportes_asp/rmi/tarjeta.asp?c=52400&t=2
[FULL_11_ASFI_VALORES] t=1031.6s | pag=879 | files=1170 | data=645 | cola= 619 | prio=10 | https://appweb.asfi.gob.bo/reportes_asp/RMI/tarjeta_balancegeneral_csv.asp?c=52537&f=20260331
[FULL_11_ASFI_VALORES] t=1031.7s | pag=879 | files=1170 | data=645 | cola= 618 | prio=10 | https://appweb.asfi.gob.bo/Reportes_asp/rmi/tarjeta.asp?c=53540&t=2
[FULL_11_ASFI_VALORES] t=1032.8s | pag=880 | files=1170 | data=646 | cola= 617 | prio=10 | https://appweb.asfi.gob.bo/reportes_asp/RMI/tarjeta_balancegeneral_csv.asp?c=53664&f=20260331
[FULL_11_ASFI_VALORES] t=1033.7s | pag=880 | files=1170 | data=646 | cola= 616 | prio=10 | https://appweb.asfi.gob.bo/Reportes_asp/rmi/tarjeta.asp?c=52506&t=2
[FULL_11_ASFI_VALORES] t=1035.0s | pag=881 | files=1170 | data=647 | cola= 615 | prio=10 | https://appweb.asfi.gob.bo/reportes_asp/RMI/tarjeta_balancegeneral_csv.asp?c=52666&f=20260331
[FULL_11_ASFI_VALORES] t=1035.6s | pag=881 | files=1170 | data=647 | cola= 614 | prio=10 | https://appweb.asfi.gob.bo/Reportes_asp/rmi/tarjeta.asp?c=53215&t=2
[FULL_11_ASFI_VALORES] t=1037.1s | pag=882 | files=1170 | data=648 | cola= 613 | prio=10 | https://appweb.asfi.gob.bo/reportes_asp/RMI/tarjeta_balancegeneral_csv.asp?c=53340&f=20260331
[FULL_11_ASFI_VALORES] t=1037.8s | pag=882 | files=1170 | data=648 | cola= 612 | prio=10 | https://appweb.asfi.gob.bo/Reportes_asp/rmi/tarjeta.asp?c=53286&t=2
[FULL_11_ASFI_VALORES] t=1039.0s | pag=883 | files=1170 | data=649 | cola= 611 | prio=10 | https://appweb.asfi.gob.bo/reportes_asp/RMI/tarjeta_balancegeneral_csv.asp?c=53393&f=20260331
[FULL_11_ASFI_VALORES] t=1039.7s | pag=883 | files=1170 | data=649 | cola= 610 | prio=10 | https://appweb.asfi.gob.bo/Reportes_asp/rmi/tarjeta.asp?c=54959&t=2
[FULL_11_ASFI_VALORES] DATASETS=650 | data_html_table | https://appweb.asfi.gob.bo/Reportes_asp/rmi/tarjeta.asp?c=54959&t=2
[FULL_11_ASFI_VALORES] t=1040.7s | pag=884 | files=1170 | data=650 | cola= 609 | prio=10 | https://appweb.asfi.gob.bo/reportes_asp/RMI/tarjeta_balancegeneral_csv.asp?c=55082&f=20260331
[FULL_11_ASFI_VALORES] t=1041.6s | pag=884 | files=1170 | data=650 | cola= 608 | prio=10 | https://appweb.asfi.gob.bo/Reportes_asp/rmi/tarjeta.asp?c=54909&t=2
[FULL_11_ASFI_VALORES] t=1042.8s | pag=885 | files=1170 | data=651 | cola= 607 | prio=10 | https://appweb.asfi.gob.bo/reportes_asp/RMI/tarjeta_balancegeneral_csv.asp?c=55065&f=20260331
[FULL_11_ASFI_VALORES] t=1043.6s | pag=885 | files=1170 | data=651 | cola= 606 | prio=10 | https://appweb.asfi.gob.bo/Reportes_asp/rmi/tarjeta.asp?c=54974&t=2
[FULL_11_ASFI_VALORES] t=1044.7s | pag=886 | files=1170 | data=652 | cola= 605 | prio=10 | https://appweb.asfi.gob.bo/reportes_asp/RMI/tarjeta_balancegeneral_csv.asp?c=55108&f=20260331
[FULL_11_ASFI_VALORES] t=1045.0s | pag=886 | files=1170 | data=652 | cola= 604 | prio=10 | https://appweb.asfi.gob.bo/Reportes_asp/rmi/tarjeta.asp?c=53408&t=2
[FULL_11_ASFI_VALORES] t=1046.2s | pag=887 | files=1170 | data=653 | cola= 603 | prio=10 | https://appweb.asfi.gob.bo/reportes_asp/RMI/tarjeta_balancegeneral_csv.asp?c=53522&f=20260331
[FULL_11_ASFI_VALORES] t=1046.8s | pag=887 | files=1170 | data=653 | cola= 602 | prio=10 | https://appweb.asfi.gob.bo/Reportes_asp/rmi/tarjeta.asp?c=51886&t=2
[FULL_11_ASFI_VALORES] t=1047.6s | pag=888 | files=1170 | data=654 | cola= 601 | prio=10 | https://appweb.asfi.gob.bo/reportes_asp/RMI/tarjeta_balancegeneral_csv.asp?c=51886&f=20260331
[FULL_11_ASFI_VALORES] t=1048.5s | pag=888 | files=1170 | data=654 | cola= 600 | prio=10 | https://appweb.asfi.gob.bo/Reportes_asp/rmi/tarjeta.asp?c=52640&t=2
[FULL_11_ASFI_VALORES] t=1049.6s | pag=889 | files=1170 | data=655 | cola= 599 | prio=10 | https://appweb.asfi.gob.bo/reportes_asp/RMI/tarjeta_balancegeneral_csv.asp?c=52757&f=20260331
[FULL_11_ASFI_VALORES] t=1050.3s | pag=889 | files=1170 | data=655 | cola= 598 | prio=10 | https://appweb.asfi.gob.bo/Reportes_asp/rmi/tarjeta.asp?c=53325&t=2
[FULL_11_ASFI_VALORES] t=1051.7s | pag=890 | files=1170 | data=656 | cola= 597 | prio=10 | https://appweb.asfi.gob.bo/reportes_asp/RMI/tarjeta_balancegeneral_csv.asp?c=53449&f=20260331
[FULL_11_ASFI_VALORES] t=1052.4s | pag=890 | files=1170 | data=656 | cola= 596 | prio=10 | https://appweb.asfi.gob.bo/Reportes_asp/rmi/tarjeta.asp?c=53214&t=2
[FULL_11_ASFI_VALORES] t=1053.7s | pag=891 | files=1170 | data=657 | cola= 595 | prio=10 | https://appweb.asfi.gob.bo/reportes_asp/RMI/tarjeta_balancegeneral_csv.asp?c=53339&f=20260331
[FULL_11_ASFI_VALORES] t=1054.4s | pag=891 | files=1170 | data=657 | cola= 594 | prio=10 | https://appweb.asfi.gob.bo/Reportes_asp/rmi/tarjeta.asp?c=53502&t=2
[FULL_11_ASFI_VALORES] t=1055.2s | pag=892 | files=1170 | data=658 | cola= 593 | prio=10 | https://appweb.asfi.gob.bo/reportes_asp/RMI/tarjeta_balancegeneral_csv.asp?c=53589&f=20260331
[FULL_11_ASFI_VALORES] t=1055.5s | pag=892 | files=1170 | data=658 | cola= 592 | prio=10 | https://appweb.asfi.gob.bo/Reportes_asp/rmi/tarjeta.asp?c=53503&t=2
[FULL_11_ASFI_VALORES] t=1056.5s | pag=893 | files=1170 | data=659 | cola= 591 | prio=10 | https://appweb.asfi.gob.bo/reportes_asp/RMI/tarjeta_balancegeneral_csv.asp?c=53590&f=20260331
[FULL_11_ASFI_VALORES] t=1056.9s | pag=893 | files=1170 | data=659 | cola= 590 | prio=10 | https://appweb.asfi.gob.bo/Reportes_asp/rmi/tarjeta.asp?c=53412&t=2
[FULL_11_ASFI_VALORES] t=1057.9s | pag=894 | files=1170 | data=660 | cola= 589 | prio=10 | https://appweb.asfi.gob.bo/reportes_asp/RMI/tarjeta_balancegeneral_csv.asp?c=53533&f=20260331
[FULL_11_ASFI_VALORES] t=1058.4s | pag=894 | files=1170 | data=660 | cola= 588 | prio=10 | https://appweb.asfi.gob.bo/Reportes_asp/rmi/tarjeta.asp?c=52750&t=2
[FULL_11_ASFI_VALORES] t=1059.6s | pag=895 | files=1170 | data=661 | cola= 587 | prio=10 | https://appweb.asfi.gob.bo/reportes_asp/RMI/tarjeta_balancegeneral_csv.asp?c=52819&f=20260331
[FULL_11_ASFI_VALORES] t=1060.0s | pag=895 | files=1170 | data=661 | cola= 586 | prio=10 | https://appweb.asfi.gob.bo/Reportes_asp/rmi/tarjeta.asp?c=52364&t=2
[FULL_11_ASFI_VALORES] t=1061.2s | pag=896 | files=1170 | data=662 | cola= 585 | prio=10 | https://appweb.asfi.gob.bo/reportes_asp/RMI/tarjeta_balancegeneral_csv.asp?c=52550&f=20260331
[FULL_11_ASFI_VALORES] t=1061.7s | pag=896 | files=1170 | data=662 | cola= 584 | prio=10 | https://appweb.asfi.gob.bo/Reportes_asp/rmi/tarjeta.asp?c=54676&t=2
[FULL_11_ASFI_VALORES] t=1062.6s | pag=897 | files=1170 | data=663 | cola= 583 | prio=10 | https://appweb.asfi.gob.bo/reportes_asp/RMI/tarjeta_balancegeneral_csv.asp?c=54817&f=20260331
[FULL_11_ASFI_VALORES] t=1063.1s | pag=897 | files=1170 | data=663 | cola= 582 | prio=10 | https://appweb.asfi.gob.bo/Reportes_asp/rmi/tarjeta.asp?c=51941&t=2
[FULL_11_ASFI_VALORES] t=1064.5s | pag=898 | files=1170 | data=664 | cola= 581 | prio=10 | https://appweb.asfi.gob.bo/reportes_asp/RMI/tarjeta_balancegeneral_csv.asp?c=51941&f=20260331
[FULL_11_ASFI_VALORES] t=1065.3s | pag=898 | files=1170 | data=664 | cola= 580 | prio=10 | https://appweb.asfi.gob.bo/Reportes_asp/rmi/tarjeta.asp?c=54772&t=2
[FULL_11_ASFI_VALORES] t=1066.4s | pag=899 | files=1170 | data=665 | cola= 579 | prio=10 | https://appweb.asfi.gob.bo/reportes_asp/RMI/tarjeta_balancegeneral_csv.asp?c=54915&f=20260331
[FULL_11_ASFI_VALORES] t=1067.2s | pag=899 | files=1170 | data=665 | cola= 578 | prio=10 | https://appweb.asfi.gob.bo/Reportes_asp/rmi/tarjeta.asp?c=54699&t=2
[FULL_11_ASFI_VALORES] t=1068.2s | pag=900 | files=1170 | data=666 | cola= 577 | prio=10 | https://appweb.asfi.gob.bo/reportes_asp/RMI/tarjeta_balancegeneral_csv.asp?c=54847&f=20260331
[FULL_11_ASFI_VALORES] t=1068.6s | pag=900 | files=1170 | data=666 | cola= 576 | prio=10 | https://appweb.asfi.gob.bo/Reportes_asp/rmi/tarjeta.asp?c=53545&t=2
[FULL_11_ASFI_VALORES] t=1070.0s | pag=901 | files=1170 | data=667 | cola= 575 | prio=10 | https://appweb.asfi.gob.bo/reportes_asp/RMI/tarjeta_balancegeneral_csv.asp?c=53670&f=20260331
[FULL_11_ASFI_VALORES] t=1070.5s | pag=901 | files=1170 | data=667 | cola= 574 | prio=10 | https://appweb.asfi.gob.bo/Reportes_asp/rmi/tarjeta.asp?c=51893&t=2
[FULL_11_ASFI_VALORES] t=1071.4s | pag=902 | files=1170 | data=668 | cola= 573 | prio=10 | https://appweb.asfi.gob.bo/reportes_asp/RMI/tarjeta_balancegeneral_csv.asp?c=51893&f=20260331
[FULL_11_ASFI_VALORES] t=1072.0s | pag=902 | files=1170 | data=668 | cola= 572 | prio=10 | https://appweb.asfi.gob.bo/Reportes_asp/rmi/tarjeta.asp?c=53638&t=2
[FULL_11_ASFI_VALORES] t=1073.4s | pag=903 | files=1170 | data=669 | cola= 571 | prio=10 | https://appweb.asfi.gob.bo/reportes_asp/RMI/tarjeta_balancegeneral_csv.asp?c=53790&f=20260331
[FULL_11_ASFI_VALORES] t=1074.1s | pag=903 | files=1170 | data=669 | cola= 570 | prio=10 | https://appweb.asfi.gob.bo/Reportes_asp/rmi/tarjeta.asp?c=53179&t=2
[FULL_11_ASFI_VALORES] t=1074.9s | pag=904 | files=1170 | data=670 | cola= 569 | prio=10 | https://appweb.asfi.gob.bo/reportes_asp/RMI/tarjeta_balancegeneral_csv.asp?c=53316&f=20260331
[FULL_11_ASFI_VALORES] t=1075.5s | pag=904 | files=1170 | data=670 | cola= 568 | prio=10 | https://appweb.asfi.gob.bo/Reportes_asp/rmi/tarjeta.asp?c=54797&t=2
[FULL_11_ASFI_VALORES] t=1076.4s | pag=905 | files=1170 | data=671 | cola= 567 | prio=10 | https://appweb.asfi.gob.bo/reportes_asp/RMI/tarjeta_balancegeneral_csv.asp?c=54956&f=20260331
[FULL_11_ASFI_VALORES] t=1077.2s | pag=905 | files=1170 | data=671 | cola= 566 | prio=10 | https://appweb.asfi.gob.bo/Reportes_asp/rmi/tarjeta.asp?c=53367&t=2
[FULL_11_ASFI_VALORES] t=1078.1s | pag=906 | files=1170 | data=672 | cola= 565 | prio=10 | https://appweb.asfi.gob.bo/reportes_asp/RMI/tarjeta_balancegeneral_csv.asp?c=53473&f=20260331
[FULL_11_ASFI_VALORES] t=1078.5s | pag=906 | files=1170 | data=672 | cola= 564 | prio=10 | https://appweb.asfi.gob.bo/Reportes_asp/rmi/tarjeta.asp?c=52562&t=2
[FULL_11_ASFI_VALORES] t=1079.4s | pag=907 | files=1170 | data=673 | cola= 563 | prio=10 | https://appweb.asfi.gob.bo/reportes_asp/RMI/tarjeta_balancegeneral_csv.asp?c=52701&f=20260331
[FULL_11_ASFI_VALORES] t=1079.8s | pag=907 | files=1170 | data=673 | cola= 562 | prio=10 | https://appweb.asfi.gob.bo/Reportes_asp/rmi/tarjeta.asp?c=51945&t=2
[FULL_11_ASFI_VALORES] t=1080.7s | pag=908 | files=1170 | data=674 | cola= 561 | prio=10 | https://appweb.asfi.gob.bo/reportes_asp/RMI/tarjeta_balancegeneral_csv.asp?c=51945&f=20260331
[FULL_11_ASFI_VALORES] t=1081.5s | pag=908 | files=1170 | data=674 | cola= 560 | prio=10 | https://appweb.asfi.gob.bo/Reportes_asp/rmi/tarjeta.asp?c=53421&t=2
[FULL_11_ASFI_VALORES] DATASETS=675 | data_html_table | https://appweb.asfi.gob.bo/Reportes_asp/rmi/tarjeta.asp?c=53421&t=2
[FULL_11_ASFI_VALORES] t=1082.8s | pag=909 | files=1170 | data=675 | cola= 559 | prio=10 | https://appweb.asfi.gob.bo/reportes_asp/RMI/tarjeta_balancegeneral_csv.asp?c=53539&f=20260331
[FULL_11_ASFI_VALORES] t=1083.5s | pag=909 | files=1170 | data=675 | cola= 558 | prio=10 | https://appweb.asfi.gob.bo/Reportes_asp/rmi/tarjeta.asp?c=52642&t=2
[FULL_11_ASFI_VALORES] t=1084.9s | pag=910 | files=1170 | data=676 | cola= 557 | prio=10 | https://appweb.asfi.gob.bo/reportes_asp/RMI/tarjeta_balancegeneral_csv.asp?c=52758&f=20260331
[FULL_11_ASFI_VALORES] t=1085.5s | pag=910 | files=1170 | data=676 | cola= 556 | prio=10 | https://appweb.asfi.gob.bo/Reportes_asp/rmi/tarjeta.asp?c=52922&t=2
[FULL_11_ASFI_VALORES] t=1086.5s | pag=911 | files=1170 | data=677 | cola= 555 | prio=10 | https://appweb.asfi.gob.bo/reportes_asp/RMI/tarjeta_balancegeneral_csv.asp?c=52908&f=20260331
[FULL_11_ASFI_VALORES] t=1087.3s | pag=911 | files=1170 | data=677 | cola= 554 | prio=10 | https://appweb.asfi.gob.bo/Reportes_asp/rmi/tarjeta.asp?c=52186&t=2
[FULL_11_ASFI_VALORES] t=1088.2s | pag=912 | files=1170 | data=678 | cola= 553 | prio=10 | https://appweb.asfi.gob.bo/reportes_asp/RMI/tarjeta_balancegeneral_csv.asp?c=52444&f=20260331
[FULL_11_ASFI_VALORES] t=1088.6s | pag=912 | files=1170 | data=678 | cola= 552 | prio=10 | https://appweb.asfi.gob.bo/Reportes_asp/rmi/tarjeta.asp?c=54973&t=2
[FULL_11_ASFI_VALORES] t=1089.6s | pag=913 | files=1170 | data=679 | cola= 551 | prio=10 | https://appweb.asfi.gob.bo/reportes_asp/RMI/tarjeta_balancegeneral_csv.asp?c=55107&f=20260331
[FULL_11_ASFI_VALORES] t=1090.3s | pag=913 | files=1170 | data=679 | cola= 550 | prio=10 | https://appweb.asfi.gob.bo/Reportes_asp/rmi/tarjeta.asp?c=53416&t=2
[FULL_11_ASFI_VALORES] t=1091.3s | pag=914 | files=1170 | data=680 | cola= 549 | prio=10 | https://appweb.asfi.gob.bo/reportes_asp/RMI/tarjeta_balancegeneral_csv.asp?c=53535&f=20260331
[FULL_11_ASFI_VALORES] t=1092.0s | pag=914 | files=1170 | data=680 | cola= 548 | prio=10 | https://appweb.asfi.gob.bo/Reportes_asp/rmi/tarjeta.asp?c=52184&t=2
[FULL_11_ASFI_VALORES] t=1093.3s | pag=915 | files=1170 | data=681 | cola= 547 | prio=10 | https://appweb.asfi.gob.bo/reportes_asp/RMI/tarjeta_balancegeneral_csv.asp?c=52443&f=20260331
[FULL_11_ASFI_VALORES] t=1093.8s | pag=915 | files=1170 | data=681 | cola= 546 | prio=10 | https://appweb.asfi.gob.bo/Reportes_asp/rmi/tarjeta.asp?c=53287&t=2
[FULL_11_ASFI_VALORES] t=1094.7s | pag=916 | files=1170 | data=682 | cola= 545 | prio=10 | https://appweb.asfi.gob.bo/reportes_asp/RMI/tarjeta_balancegeneral_csv.asp?c=53394&f=20260331
[FULL_11_ASFI_VALORES] t=1095.4s | pag=916 | files=1170 | data=682 | cola= 544 | prio=10 | https://appweb.asfi.gob.bo/Reportes_asp/rmi/tarjeta.asp?c=51942&t=2
[FULL_11_ASFI_VALORES] t=1096.7s | pag=917 | files=1170 | data=683 | cola= 543 | prio=10 | https://appweb.asfi.gob.bo/reportes_asp/RMI/tarjeta_balancegeneral_csv.asp?c=51942&f=20260331
[FULL_11_ASFI_VALORES] t=1096.9s | pag=917 | files=1170 | data=683 | cola= 542 | prio=10 | https://appweb.asfi.gob.bo/Reportes_asp/rmi/tarjeta.asp?c=53133&t=2
[FULL_11_ASFI_VALORES] t=1097.9s | pag=918 | files=1170 | data=684 | cola= 541 | prio=10 | https://appweb.asfi.gob.bo/reportes_asp/RMI/tarjeta_balancegeneral_csv.asp?c=53277&f=20260331
[FULL_11_ASFI_VALORES] t=1098.3s | pag=918 | files=1170 | data=684 | cola= 540 | prio=10 | https://appweb.asfi.gob.bo/Reportes_asp/rmi/tarjeta.asp?c=52907&t=2
[FULL_11_ASFI_VALORES] t=1099.2s | pag=919 | files=1170 | data=685 | cola= 539 | prio=10 | https://appweb.asfi.gob.bo/reportes_asp/RMI/tarjeta_balancegeneral_csv.asp?c=52892&f=20260331
[FULL_11_ASFI_VALORES] t=1099.6s | pag=919 | files=1170 | data=685 | cola= 538 | prio=10 | https://appweb.asfi.gob.bo/Reportes_asp/rmi/tarjeta.asp?c=53348&t=2
[FULL_11_ASFI_VALORES] t=1100.6s | pag=920 | files=1170 | data=686 | cola= 537 | prio=10 | https://appweb.asfi.gob.bo/reportes_asp/RMI/tarjeta_balancegeneral_csv.asp?c=53468&f=20260331
[FULL_11_ASFI_VALORES] t=1101.0s | pag=920 | files=1170 | data=686 | cola= 536 | prio=10 | https://appweb.asfi.gob.bo/Reportes_asp/rmi/tarjeta.asp?c=54843&t=2
[FULL_11_ASFI_VALORES] t=1102.5s | pag=921 | files=1170 | data=687 | cola= 535 | prio=10 | https://appweb.asfi.gob.bo/reportes_asp/RMI/tarjeta_balancegeneral_csv.asp?c=55004&f=20260331
[FULL_11_ASFI_VALORES] t=1103.4s | pag=921 | files=1170 | data=687 | cola= 534 | prio=10 | https://appweb.asfi.gob.bo/Reportes_asp/rmi/tarjeta.asp?c=54771&t=2
[FULL_11_ASFI_VALORES] t=1104.1s | pag=922 | files=1170 | data=688 | cola= 533 | prio=10 | https://appweb.asfi.gob.bo/reportes_asp/RMI/tarjeta_balancegeneral_csv.asp?c=54914&f=20260331
[FULL_11_ASFI_VALORES] t=1104.8s | pag=922 | files=1170 | data=688 | cola= 532 | prio=10 | https://appweb.asfi.gob.bo/Reportes_asp/rmi/tarjeta.asp?c=54922&t=2
[FULL_11_ASFI_VALORES] t=1105.8s | pag=923 | files=1170 | data=689 | cola= 531 | prio=10 | https://appweb.asfi.gob.bo/reportes_asp/RMI/tarjeta_balancegeneral_csv.asp?c=55067&f=20260331
[FULL_11_ASFI_VALORES] t=1106.5s | pag=923 | files=1170 | data=689 | cola= 530 | prio=10 | https://appweb.asfi.gob.bo/Reportes_asp/rmi/tarjeta.asp?c=54773&t=2
[FULL_11_ASFI_VALORES] t=1107.8s | pag=924 | files=1170 | data=690 | cola= 529 | prio=10 | https://appweb.asfi.gob.bo/reportes_asp/RMI/tarjeta_balancegeneral_csv.asp?c=54916&f=20260331
[FULL_11_ASFI_VALORES] t=1108.4s | pag=924 | files=1170 | data=690 | cola= 528 | prio=10 | https://appweb.asfi.gob.bo/Reportes_asp/rmi/tarjeta.asp?c=53365&t=2
[FULL_11_ASFI_VALORES] t=1109.4s | pag=925 | files=1170 | data=691 | cola= 527 | prio=10 | https://appweb.asfi.gob.bo/reportes_asp/RMI/tarjeta_balancegeneral_csv.asp?c=53471&f=20260331
[FULL_11_ASFI_VALORES] t=1109.7s | pag=925 | files=1170 | data=691 | cola= 526 | prio=10 | https://appweb.asfi.gob.bo/Reportes_asp/rmi/tarjeta.asp?c=53284&t=2
[FULL_11_ASFI_VALORES] t=1110.9s | pag=926 | files=1170 | data=692 | cola= 525 | prio=10 | https://appweb.asfi.gob.bo/reportes_asp/RMI/tarjeta_balancegeneral_csv.asp?c=53392&f=20260331
[FULL_11_ASFI_VALORES] t=1111.3s | pag=926 | files=1170 | data=692 | cola= 524 | prio=10 | https://appweb.asfi.gob.bo/Reportes_asp/rmi/tarjeta.asp?c=52458&t=2
[FULL_11_ASFI_VALORES] t=1112.5s | pag=927 | files=1170 | data=693 | cola= 523 | prio=10 | https://appweb.asfi.gob.bo/reportes_asp/RMI/tarjeta_balancegeneral_csv.asp?c=52628&f=20260331
[FULL_11_ASFI_VALORES] t=1112.9s | pag=927 | files=1170 | data=693 | cola= 522 | prio=10 | https://appweb.asfi.gob.bo/Reportes_asp/rmi/tarjeta.asp?c=53413&t=2
[FULL_11_ASFI_VALORES] t=1114.2s | pag=928 | files=1170 | data=694 | cola= 521 | prio=10 | https://appweb.asfi.gob.bo/reportes_asp/RMI/tarjeta_balancegeneral_csv.asp?c=53534&f=20260331
[FULL_11_ASFI_VALORES] t=1114.6s | pag=928 | files=1170 | data=694 | cola= 520 | prio=10 | https://appweb.asfi.gob.bo/Reportes_asp/rmi/tarjeta.asp?c=53562&t=2
[FULL_11_ASFI_VALORES] t=1115.6s | pag=929 | files=1170 | data=695 | cola= 519 | prio=10 | https://appweb.asfi.gob.bo/reportes_asp/RMI/tarjeta_balancegeneral_csv.asp?c=53700&f=20260331
[FULL_11_ASFI_VALORES] t=1116.0s | pag=929 | files=1170 | data=695 | cola= 518 | prio=10 | https://appweb.asfi.gob.bo/Reportes_asp/rmi/tarjeta.asp?c=54969&t=2
[FULL_11_ASFI_VALORES] t=1117.2s | pag=930 | files=1170 | data=696 | cola= 517 | prio=10 | https://appweb.asfi.gob.bo/reportes_asp/RMI/tarjeta_balancegeneral_csv.asp?c=55106&f=20260331
[FULL_11_ASFI_VALORES] t=1117.6s | pag=930 | files=1170 | data=696 | cola= 516 | prio=10 | https://appweb.asfi.gob.bo/Reportes_asp/rmi/tarjeta.asp?c=53606&t=2
[FULL_11_ASFI_VALORES] t=1118.8s | pag=931 | files=1170 | data=697 | cola= 515 | prio=10 | https://appweb.asfi.gob.bo/reportes_asp/RMI/tarjeta_balancegeneral_csv.asp?c=53749&f=20260331
[FULL_11_ASFI_VALORES] t=1119.3s | pag=931 | files=1170 | data=697 | cola= 514 | prio=10 | https://appweb.asfi.gob.bo/Reportes_asp/rmi/tarjeta.asp?c=53218&t=2
[FULL_11_ASFI_VALORES] t=1120.4s | pag=932 | files=1170 | data=698 | cola= 513 | prio=10 | https://appweb.asfi.gob.bo/reportes_asp/RMI/tarjeta_balancegeneral_csv.asp?c=53342&f=20260331
[FULL_11_ASFI_VALORES] t=1120.9s | pag=932 | files=1170 | data=698 | cola= 512 | prio=10 | https://appweb.asfi.gob.bo/Reportes_asp/rmi/tarjeta.asp?c=51943&t=2
[FULL_11_ASFI_VALORES] t=1122.2s | pag=933 | files=1170 | data=699 | cola= 511 | prio=10 | https://appweb.asfi.gob.bo/reportes_asp/RMI/tarjeta_balancegeneral_csv.asp?c=51943&f=20260331
[FULL_11_ASFI_VALORES] t=1122.7s | pag=933 | files=1170 | data=699 | cola= 510 | prio=10 | https://appweb.asfi.gob.bo/Reportes_asp/rmi/tarjeta.asp?c=54786&t=2
[FULL_11_ASFI_VALORES] DATASETS=700 | data_html_table | https://appweb.asfi.gob.bo/Reportes_asp/rmi/tarjeta.asp?c=54786&t=2
[FULL_11_ASFI_VALORES] t=1123.6s | pag=934 | files=1170 | data=700 | cola= 509 | prio=10 | https://appweb.asfi.gob.bo/reportes_asp/RMI/tarjeta_balancegeneral_csv.asp?c=54946&f=20260331
[FULL_11_ASFI_VALORES] t=1124.1s | pag=934 | files=1170 | data=700 | cola= 508 | prio=10 | https://appweb.asfi.gob.bo/Reportes_asp/rmi/tarjeta.asp?c=54677&t=2
[FULL_11_ASFI_VALORES] t=1125.2s | pag=935 | files=1170 | data=701 | cola= 507 | prio=10 | https://appweb.asfi.gob.bo/reportes_asp/RMI/tarjeta_balancegeneral_csv.asp?c=54818&f=20260331
[FULL_11_ASFI_VALORES] t=1125.9s | pag=935 | files=1170 | data=701 | cola= 506 | prio=10 | https://appweb.asfi.gob.bo/Reportes_asp/rmi/tarjeta.asp?c=53546&t=2
[FULL_11_ASFI_VALORES] t=1127.0s | pag=936 | files=1170 | data=702 | cola= 505 | prio=10 | https://appweb.asfi.gob.bo/reportes_asp/RMI/tarjeta_balancegeneral_csv.asp?c=53671&f=20260331
[FULL_11_ASFI_VALORES] t=1127.4s | pag=936 | files=1170 | data=702 | cola= 504 | prio=10 | https://appweb.asfi.gob.bo/Reportes_asp/rmi/tarjeta.asp?c=53290&t=2
[FULL_11_ASFI_VALORES] t=1128.4s | pag=937 | files=1170 | data=703 | cola= 503 | prio=10 | https://appweb.asfi.gob.bo/reportes_asp/RMI/tarjeta_balancegeneral_csv.asp?c=53397&f=20260331
[FULL_11_ASFI_VALORES] t=1129.1s | pag=937 | files=1170 | data=703 | cola= 502 | prio=10 | https://appweb.asfi.gob.bo/Reportes_asp/rmi/tarjeta.asp?c=55024&t=2
[FULL_11_ASFI_VALORES] t=1130.4s | pag=938 | files=1170 | data=704 | cola= 501 | prio=10 | https://appweb.asfi.gob.bo/reportes_asp/RMI/tarjeta_balancegeneral_csv.asp?c=55151&f=20260331
[FULL_11_ASFI_VALORES] t=1131.0s | pag=938 | files=1170 | data=704 | cola= 500 | prio=10 | https://appweb.asfi.gob.bo/Reportes_asp/rmi/tarjeta.asp?c=55034&t=2
[FULL_11_ASFI_VALORES] t=1132.2s | pag=939 | files=1170 | data=705 | cola= 499 | prio=10 | https://appweb.asfi.gob.bo/reportes_asp/RMI/tarjeta_balancegeneral_csv.asp?c=55158&f=20260331
[FULL_11_ASFI_VALORES] t=1132.9s | pag=939 | files=1170 | data=705 | cola= 498 | prio=10 | https://appweb.asfi.gob.bo/Reportes_asp/rmi/tarjeta.asp?c=52851&t=2
[FULL_11_ASFI_VALORES] t=1134.1s | pag=940 | files=1170 | data=706 | cola= 497 | prio=10 | https://appweb.asfi.gob.bo/reportes_asp/RMI/tarjeta_balancegeneral_csv.asp?c=52866&f=20260331
[FULL_11_ASFI_VALORES] t=1135.0s | pag=940 | files=1170 | data=706 | cola= 496 | prio=10 | https://appweb.asfi.gob.bo/Reportes_asp/rmi/tarjeta.asp?c=55020&t=2
[FULL_11_ASFI_VALORES] t=1136.3s | pag=941 | files=1170 | data=707 | cola= 495 | prio=10 | https://appweb.asfi.gob.bo/reportes_asp/RMI/tarjeta_balancegeneral_csv.asp?c=55146&f=20260331
[FULL_11_ASFI_VALORES] t=1136.8s | pag=941 | files=1170 | data=707 | cola= 494 | prio=10 | https://appweb.asfi.gob.bo/Reportes_asp/rmi/tarjeta.asp?c=52479&t=2
[FULL_11_ASFI_VALORES] t=1137.8s | pag=942 | files=1170 | data=708 | cola= 493 | prio=10 | https://appweb.asfi.gob.bo/reportes_asp/RMI/tarjeta_balancegeneral_csv.asp?c=52651&f=20260331
[FULL_11_ASFI_VALORES] t=1138.3s | pag=942 | files=1170 | data=708 | cola= 492 | prio=10 | https://appweb.asfi.gob.bo/Reportes_asp/rmi/tarjeta.asp?c=55008&t=2
[FULL_11_ASFI_VALORES] t=1139.5s | pag=943 | files=1170 | data=709 | cola= 491 | prio=10 | https://appweb.asfi.gob.bo/reportes_asp/RMI/tarjeta_balancegeneral_csv.asp?c=55137&f=20260331
[FULL_11_ASFI_VALORES] t=1140.0s | pag=943 | files=1170 | data=709 | cola= 490 | prio=10 | https://appweb.asfi.gob.bo/Reportes_asp/rmi/tarjeta.asp?c=51894&t=2
[FULL_11_ASFI_VALORES] t=1141.4s | pag=944 | files=1170 | data=710 | cola= 489 | prio=10 | https://appweb.asfi.gob.bo/reportes_asp/RMI/tarjeta_balancegeneral_csv.asp?c=51894&f=20260331
[FULL_11_ASFI_VALORES] t=1141.8s | pag=944 | files=1170 | data=710 | cola= 488 | prio=10 | https://appweb.asfi.gob.bo/Reportes_asp/rmi/tarjeta.asp?c=51887&t=2
[FULL_11_ASFI_VALORES] t=1142.8s | pag=945 | files=1170 | data=711 | cola= 487 | prio=10 | https://appweb.asfi.gob.bo/reportes_asp/RMI/tarjeta_balancegeneral_csv.asp?c=51887&f=20260331
[FULL_11_ASFI_VALORES] t=1143.3s | pag=945 | files=1170 | data=711 | cola= 486 | prio=10 | https://appweb.asfi.gob.bo/Reportes_asp/rmi/tarjeta.asp?c=53504&t=2
[FULL_11_ASFI_VALORES] t=1144.5s | pag=946 | files=1170 | data=712 | cola= 485 | prio=10 | https://appweb.asfi.gob.bo/reportes_asp/RMI/tarjeta_balancegeneral_csv.asp?c=53591&f=20260331
[FULL_11_ASFI_VALORES] t=1145.0s | pag=946 | files=1170 | data=712 | cola= 484 | prio=10 | https://appweb.asfi.gob.bo/Reportes_asp/rmi/tarjeta.asp?c=52457&t=2
[FULL_11_ASFI_VALORES] t=1146.1s | pag=947 | files=1170 | data=713 | cola= 483 | prio=10 | https://appweb.asfi.gob.bo/reportes_asp/RMI/tarjeta_balancegeneral_csv.asp?c=52627&f=20260331
[FULL_11_ASFI_VALORES] t=1146.7s | pag=947 | files=1170 | data=713 | cola= 482 | prio=10 | https://appweb.asfi.gob.bo/Reportes_asp/rmi/tarjeta.asp?c=53572&t=2
[FULL_11_ASFI_VALORES] t=1147.6s | pag=948 | files=1170 | data=714 | cola= 481 | prio=10 | https://appweb.asfi.gob.bo/reportes_asp/RMI/tarjeta_balancegeneral_csv.asp?c=53731&f=20260331
[FULL_11_ASFI_VALORES] t=1148.3s | pag=948 | files=1170 | data=714 | cola= 480 | prio=10 | https://appweb.asfi.gob.bo/Reportes_asp/rmi/tarjeta.asp?c=53236&t=2
[FULL_11_ASFI_VALORES] t=1149.6s | pag=949 | files=1170 | data=715 | cola= 479 | prio=10 | https://appweb.asfi.gob.bo/reportes_asp/RMI/tarjeta_balancegeneral_csv.asp?c=53369&f=20260331
[FULL_11_ASFI_VALORES] t=1150.0s | pag=949 | files=1170 | data=715 | cola= 478 | prio=10 | https://appweb.asfi.gob.bo/Reportes_asp/rmi/tarjeta.asp?c=53607&t=2
[FULL_11_ASFI_VALORES] t=1151.2s | pag=950 | files=1170 | data=716 | cola= 477 | prio=10 | https://appweb.asfi.gob.bo/reportes_asp/RMI/tarjeta_balancegeneral_csv.asp?c=53750&f=20260331
[FULL_11_ASFI_VALORES] t=1151.6s | pag=950 | files=1170 | data=716 | cola= 476 | prio=10 | https://appweb.asfi.gob.bo/Reportes_asp/rmi/tarjeta.asp?c=53185&t=2
[FULL_11_ASFI_VALORES] t=1152.7s | pag=951 | files=1170 | data=717 | cola= 475 | prio=10 | https://appweb.asfi.gob.bo/reportes_asp/RMI/tarjeta_balancegeneral_csv.asp?c=53325&f=20260331
[FULL_11_ASFI_VALORES] t=1153.0s | pag=951 | files=1170 | data=717 | cola= 474 | prio=10 | https://appweb.asfi.gob.bo/Reportes_asp/rmi/tarjeta.asp?c=53305&t=2
[FULL_11_ASFI_VALORES] t=1154.1s | pag=952 | files=1170 | data=718 | cola= 473 | prio=10 | https://appweb.asfi.gob.bo/reportes_asp/RMI/tarjeta_balancegeneral_csv.asp?c=53416&f=20260331
[FULL_11_ASFI_VALORES] t=1154.4s | pag=952 | files=1170 | data=718 | cola= 472 | prio=10 | https://appweb.asfi.gob.bo/Reportes_asp/rmi/tarjeta.asp?c=53154&t=2
[FULL_11_ASFI_VALORES] t=1155.4s | pag=953 | files=1170 | data=719 | cola= 471 | prio=10 | https://appweb.asfi.gob.bo/reportes_asp/RMI/tarjeta_balancegeneral_csv.asp?c=53305&f=20260331
[FULL_11_ASFI_VALORES] t=1155.8s | pag=953 | files=1170 | data=719 | cola= 470 | prio=10 | https://appweb.asfi.gob.bo/Reportes_asp/rmi/tarjeta.asp?c=53442&t=2
[FULL_11_ASFI_VALORES] t=1156.9s | pag=954 | files=1170 | data=720 | cola= 469 | prio=10 | https://appweb.asfi.gob.bo/reportes_asp/RMI/tarjeta_balancegeneral_csv.asp?c=53547&f=20260331
[FULL_11_ASFI_VALORES] t=1157.3s | pag=954 | files=1170 | data=720 | cola= 468 | prio=10 | https://appweb.asfi.gob.bo/Reportes_asp/rmi/tarjeta.asp?c=53085&t=2
[FULL_11_ASFI_VALORES] t=1158.8s | pag=955 | files=1170 | data=721 | cola= 467 | prio=10 | https://appweb.asfi.gob.bo/reportes_asp/RMI/tarjeta_balancegeneral_csv.asp?c=53245&f=20260331
[FULL_11_ASFI_VALORES] t=1159.5s | pag=955 | files=1170 | data=721 | cola= 466 | prio=10 | https://appweb.asfi.gob.bo/Reportes_asp/rmi/tarjeta.asp?c=53306&t=2
[FULL_11_ASFI_VALORES] t=1161.0s | pag=956 | files=1170 | data=722 | cola= 465 | prio=10 | https://appweb.asfi.gob.bo/reportes_asp/RMI/tarjeta_balancegeneral_csv.asp?c=53418&f=20260331
[FULL_11_ASFI_VALORES] t=1161.5s | pag=956 | files=1170 | data=722 | cola= 464 | prio=10 | https://appweb.asfi.gob.bo/Reportes_asp/rmi/tarjeta.asp?c=52995&t=2
[FULL_11_ASFI_VALORES] t=1162.6s | pag=957 | files=1170 | data=723 | cola= 463 | prio=10 | https://appweb.asfi.gob.bo/reportes_asp/RMI/tarjeta_balancegeneral_csv.asp?c=52867&f=20260331
[FULL_11_ASFI_VALORES] t=1163.1s | pag=957 | files=1170 | data=723 | cola= 462 | prio=10 | https://appweb.asfi.gob.bo/Reportes_asp/rmi/tarjeta.asp?c=54995&t=2
[FULL_11_ASFI_VALORES] t=1164.2s | pag=958 | files=1170 | data=724 | cola= 461 | prio=10 | https://appweb.asfi.gob.bo/reportes_asp/RMI/tarjeta_balancegeneral_csv.asp?c=55128&f=20260331
[FULL_11_ASFI_VALORES] t=1164.8s | pag=958 | files=1170 | data=724 | cola= 460 | prio=10 | https://appweb.asfi.gob.bo/Reportes_asp/rmi/tarjeta.asp?c=54794&t=2
[FULL_11_ASFI_VALORES] DATASETS=725 | data_html_table | https://appweb.asfi.gob.bo/Reportes_asp/rmi/tarjeta.asp?c=54794&t=2
[FULL_11_ASFI_VALORES] t=1165.9s | pag=959 | files=1170 | data=725 | cola= 459 | prio=10 | https://appweb.asfi.gob.bo/reportes_asp/RMI/tarjeta_balancegeneral_csv.asp?c=54955&f=20260331
[FULL_11_ASFI_VALORES] t=1166.6s | pag=959 | files=1170 | data=725 | cola= 458 | prio=10 | https://appweb.asfi.gob.bo/Reportes_asp/rmi/tarjeta.asp?c=55019&t=2
[FULL_11_ASFI_VALORES] t=1167.8s | pag=960 | files=1170 | data=726 | cola= 457 | prio=10 | https://appweb.asfi.gob.bo/reportes_asp/RMI/tarjeta_balancegeneral_csv.asp?c=55145&f=20260331
[FULL_11_ASFI_VALORES] t=1168.3s | pag=960 | files=1170 | data=726 | cola= 456 | prio=10 | https://appweb.asfi.gob.bo/Reportes_asp/rmi/tarjeta.asp?c=52921&t=2
[FULL_11_ASFI_VALORES] t=1169.5s | pag=961 | files=1170 | data=727 | cola= 455 | prio=10 | https://appweb.asfi.gob.bo/reportes_asp/RMI/tarjeta_balancegeneral_csv.asp?c=52907&f=20260331
[FULL_11_ASFI_VALORES] t=1170.3s | pag=961 | files=1170 | data=727 | cola= 454 | prio=10 | https://appweb.asfi.gob.bo/Reportes_asp/rmi/tarjeta.asp?c=55010&t=2
[FULL_11_ASFI_VALORES] t=1171.5s | pag=962 | files=1170 | data=728 | cola= 453 | prio=10 | https://appweb.asfi.gob.bo/reportes_asp/RMI/tarjeta_balancegeneral_csv.asp?c=55138&f=20260331
[FULL_11_ASFI_VALORES] t=1171.9s | pag=962 | files=1170 | data=728 | cola= 452 | prio=10 | https://appweb.asfi.gob.bo/Reportes_asp/rmi/tarjeta.asp?c=52862&t=2
[FULL_11_ASFI_VALORES] t=1172.8s | pag=963 | files=1170 | data=729 | cola= 451 | prio=10 | https://appweb.asfi.gob.bo/reportes_asp/RMI/tarjeta_balancegeneral_csv.asp?c=52877&f=20260331
[FULL_11_ASFI_VALORES] t=1173.2s | pag=963 | files=1170 | data=729 | cola= 450 | prio=10 | https://appweb.asfi.gob.bo/Reportes_asp/rmi/tarjeta.asp?c=53588&t=2
[FULL_11_ASFI_VALORES] t=1174.3s | pag=964 | files=1170 | data=730 | cola= 449 | prio=10 | https://appweb.asfi.gob.bo/reportes_asp/RMI/tarjeta_balancegeneral_csv.asp?c=53737&f=20260331
[FULL_11_ASFI_VALORES] t=1175.0s | pag=964 | files=1170 | data=730 | cola= 448 | prio=10 | https://appweb.asfi.gob.bo/Reportes_asp/rmi/tarjeta.asp?c=53250&t=2
[FULL_11_ASFI_VALORES] t=1176.6s | pag=965 | files=1170 | data=731 | cola= 447 | prio=10 | https://appweb.asfi.gob.bo/reportes_asp/RMI/tarjeta_balancegeneral_csv.asp?c=53377&f=20260331
[FULL_11_ASFI_VALORES] t=1176.6s | pag=965 | files=1170 | data=731 | cola= 446 | prio=10 | https://appweb.asfi.gob.bo/Reportes_asp/rmi/tarjeta.asp?c=51891&t=2
[FULL_11_ASFI_VALORES] t=1178.7s | pag=966 | files=1170 | data=732 | cola= 445 | prio=10 | https://appweb.asfi.gob.bo/reportes_asp/RMI/tarjeta_balancegeneral_csv.asp?c=51891&f=20260331
[FULL_11_ASFI_VALORES] t=1178.7s | pag=966 | files=1170 | data=732 | cola= 444 | prio=10 | https://appweb.asfi.gob.bo/Reportes_asp/rmi/tarjeta.asp?c=51895&t=2
[FULL_11_ASFI_VALORES] t=1180.7s | pag=967 | files=1170 | data=733 | cola= 443 | prio=10 | https://appweb.asfi.gob.bo/reportes_asp/RMI/tarjeta_balancegeneral_csv.asp?c=51895&f=20260331
[FULL_11_ASFI_VALORES] t=1180.8s | pag=967 | files=1170 | data=733 | cola= 442 | prio=10 | https://appweb.asfi.gob.bo/Reportes_asp/rmi/tarjeta.asp?c=53132&t=3
[FULL_11_ASFI_VALORES] t=1182.0s | pag=968 | files=1170 | data=734 | cola= 443 | prio=10 | https://appweb.asfi.gob.bo/Reportes_asp/rmi/tarjeta.asp?c=52863&t=2
[FULL_11_ASFI_VALORES] t=1183.3s | pag=969 | files=1170 | data=735 | cola= 442 | prio=10 | https://appweb.asfi.gob.bo/reportes_asp/RMI/tarjeta_balancegeneral_csv.asp?c=52879&f=20260331
[FULL_11_ASFI_VALORES] t=1183.6s | pag=969 | files=1170 | data=735 | cola= 441 | prio=10 | https://appweb.asfi.gob.bo/Reportes_asp/rmi/tarjeta.asp?c=53317&t=2
[FULL_11_ASFI_VALORES] t=1185.3s | pag=970 | files=1170 | data=736 | cola= 440 | prio=10 | https://appweb.asfi.gob.bo/reportes_asp/RMI/tarjeta_balancegeneral_csv.asp?c=53446&f=20260331
[FULL_11_ASFI_VALORES] t=1185.7s | pag=970 | files=1170 | data=736 | cola= 439 | prio=10 | https://appweb.asfi.gob.bo/Reportes_asp/rmi/tarjeta.asp?c=51939&t=2
[FULL_11_ASFI_VALORES] t=1187.2s | pag=971 | files=1170 | data=737 | cola= 438 | prio=10 | https://appweb.asfi.gob.bo/reportes_asp/RMI/tarjeta_balancegeneral_csv.asp?c=51939&f=20260331
[FULL_11_ASFI_VALORES] t=1187.4s | pag=971 | files=1170 | data=737 | cola= 437 | prio=10 | https://appweb.asfi.gob.bo/Reportes_asp/rmi/tarjeta.asp?c=53248&t=2
[FULL_11_ASFI_VALORES] t=1188.9s | pag=972 | files=1170 | data=738 | cola= 436 | prio=10 | https://appweb.asfi.gob.bo/reportes_asp/RMI/tarjeta_balancegeneral_csv.asp?c=53376&f=20260331
[FULL_11_ASFI_VALORES] t=1189.1s | pag=972 | files=1170 | data=738 | cola= 435 | prio=10 | https://appweb.asfi.gob.bo/Reportes_asp/rmi/tarjeta.asp?c=51947&t=2
[FULL_11_ASFI_VALORES] t=1191.7s | pag=973 | files=1170 | data=739 | cola= 434 | prio=10 | https://appweb.asfi.gob.bo/reportes_asp/RMI/tarjeta_balancegeneral_csv.asp?c=51947&f=20260331
[FULL_11_ASFI_VALORES] t=1191.8s | pag=973 | files=1170 | data=739 | cola= 433 | prio=10 | https://appweb.asfi.gob.bo/Reportes_asp/rmi/tarjeta.asp?c=52757&t=3
[FULL_11_ASFI_VALORES] t=1193.5s | pag=974 | files=1170 | data=740 | cola= 434 | prio=10 | https://appweb.asfi.gob.bo/Reportes_asp/rmi/tarjeta.asp?c=52961&t=2&tr=2
[FULL_11_ASFI_VALORES] t=1194.8s | pag=975 | files=1170 | data=741 | cola= 434 | prio=10 | https://appweb.asfi.gob.bo/Reportes_asp/rmi/tarjeta.asp?c=54694&t=2
[FULL_11_ASFI_VALORES] t=1195.4s | pag=976 | files=1170 | data=742 | cola= 433 | prio=10 | https://appweb.asfi.gob.bo/reportes_asp/RMI/tarjeta_balancegeneral_csv.asp?c=54840&f=20260331
[FULL_11_ASFI_VALORES] t=1195.5s | pag=976 | files=1170 | data=742 | cola= 432 | prio=10 | https://appweb.asfi.gob.bo/Reportes_asp/rmi/tarjeta.asp?c=55044&t=2
[FULL_11_ASFI_VALORES] t=1196.8s | pag=977 | files=1170 | data=743 | cola= 431 | prio=10 | https://appweb.asfi.gob.bo/reportes_asp/RMI/tarjeta_balancegeneral_csv.asp?c=55166&f=20260331
[FULL_11_ASFI_VALORES] t=1197.3s | pag=977 | files=1170 | data=743 | cola= 430 | prio=10 | https://appweb.asfi.gob.bo/Reportes_asp/rmi/tarjeta.asp?c=53140&t=2
[FULL_11_ASFI_VALORES] t=1198.8s | pag=978 | files=1170 | data=744 | cola= 429 | prio=10 | https://appweb.asfi.gob.bo/reportes_asp/RMI/tarjeta_balancegeneral_csv.asp?c=53291&f=20260331
[FULL_11_ASFI_VALORES] t=1199.0s | pag=978 | files=1170 | data=744 | cola= 428 | prio=10 | https://appweb.asfi.gob.bo/Reportes_asp/rmi/tarjeta.asp?c=55007&t=2
[FULL_11_ASFI_VALORES] t=1200.2s | pag=979 | files=1170 | data=745 | cola= 427 | prio=10 | https://appweb.asfi.gob.bo/reportes_asp/RMI/tarjeta_balancegeneral_csv.asp?c=55135&f=20260331
[FULL_11_ASFI_VALORES] t=1200.5s | pag=979 | files=1170 | data=745 | cola= 426 | prio=10 | https://appweb.asfi.gob.bo/Reportes_asp/rmi/tarjeta.asp?c=53089&t=2
[FULL_11_ASFI_VALORES] t=1202.3s | pag=980 | files=1170 | data=746 | cola= 425 | prio=10 | https://appweb.asfi.gob.bo/reportes_asp/RMI/tarjeta_balancegeneral_csv.asp?c=53247&f=20260331
[FULL_11_ASFI_VALORES] t=1202.3s | pag=980 | files=1170 | data=746 | cola= 424 | prio=10 | https://appweb.asfi.gob.bo/Reportes_asp/rmi/tarjeta.asp?c=51944&t=2
[FULL_11_ASFI_VALORES] t=1204.4s | pag=981 | files=1170 | data=747 | cola= 423 | prio=10 | https://appweb.asfi.gob.bo/reportes_asp/RMI/tarjeta_balancegeneral_csv.asp?c=51944&f=20260331
[FULL_11_ASFI_VALORES] t=1204.5s | pag=981 | files=1170 | data=747 | cola= 422 | prio=10 | https://appweb.asfi.gob.bo/Reportes_asp/rmi/tarjeta.asp?c=51932&t=2
[FULL_11_ASFI_VALORES] t=1208.0s | pag=982 | files=1170 | data=748 | cola= 421 | prio=10 | https://appweb.asfi.gob.bo/reportes_asp/RMI/tarjeta_balancegeneral_csv.asp?c=51932&f=20260331
[FULL_11_ASFI_VALORES] t=1208.0s | pag=982 | files=1170 | data=748 | cola= 420 | prio=10 | https://appweb.asfi.gob.bo/Reportes_asp/rmi/tarjeta.asp?c=52537&t=2
[FULL_11_ASFI_VALORES] t=1212.5s | pag=983 | files=1170 | data=749 | cola= 419 | prio=10 | https://appweb.asfi.gob.bo/reportes_asp/RMI/tarjeta_balancegeneral_csv.asp?c=52678&f=20260331
[FULL_11_ASFI_VALORES] t=1212.6s | pag=983 | files=1170 | data=749 | cola= 418 | prio=10 | https://appweb.asfi.gob.bo/Reportes_asp/rmi/tarjeta.asp?c=53422&t=2
[FULL_11_ASFI_VALORES] DATASETS=750 | data_html_table | https://appweb.asfi.gob.bo/Reportes_asp/rmi/tarjeta.asp?c=53422&t=2
[FULL_11_ASFI_VALORES] t=1214.1s | pag=984 | files=1170 | data=750 | cola= 417 | prio=10 | https://appweb.asfi.gob.bo/reportes_asp/RMI/tarjeta_balancegeneral_csv.asp?c=53540&f=20260331
[FULL_11_ASFI_VALORES] t=1214.3s | pag=984 | files=1170 | data=750 | cola= 416 | prio=10 | https://appweb.asfi.gob.bo/Reportes_asp/rmi/tarjeta.asp?c=53307&t=3
[FULL_11_ASFI_VALORES] t=1215.8s | pag=985 | files=1170 | data=751 | cola= 417 | prio=10 | https://appweb.asfi.gob.bo/Reportes_asp/rmi/tarjeta.asp?c=52173&t=2
[FULL_11_ASFI_VALORES] t=1217.9s | pag=986 | files=1170 | data=752 | cola= 416 | prio=10 | https://appweb.asfi.gob.bo/reportes_asp/RMI/tarjeta_balancegeneral_csv.asp?c=52076&f=20260331
[FULL_11_ASFI_VALORES] t=1217.9s | pag=986 | files=1170 | data=752 | cola= 415 | prio=10 | https://appweb.asfi.gob.bo/Reportes_asp/rmi/tarjeta.asp?c=53132&t=2
[FULL_11_ASFI_VALORES] t=1219.2s | pag=987 | files=1170 | data=753 | cola= 414 | prio=10 | https://appweb.asfi.gob.bo/reportes_asp/RMI/tarjeta_balancegeneral_csv.asp?c=53276&f=20260331
[FULL_11_ASFI_VALORES] t=1219.8s | pag=987 | files=1170 | data=753 | cola= 413 | prio=10 | https://appweb.asfi.gob.bo/Reportes_asp/rmi/tarjeta.asp?c=52757&t=2
[FULL_11_ASFI_VALORES] t=1221.7s | pag=988 | files=1170 | data=754 | cola= 412 | prio=10 | https://appweb.asfi.gob.bo/reportes_asp/RMI/tarjeta_balancegeneral_csv.asp?c=52823&f=20260331
[FULL_11_ASFI_VALORES] t=1221.7s | pag=988 | files=1170 | data=754 | cola= 411 | prio=10 | https://appweb.asfi.gob.bo/Reportes_asp/rmi/tarjeta.asp?c=52961&t=3
[FULL_11_ASFI_VALORES] t=1223.0s | pag=989 | files=1170 | data=755 | cola= 412 | prio=10 | https://appweb.asfi.gob.bo/Reportes_asp/rmi/tarjeta.asp?c=53307&t=2
[FULL_11_ASFI_VALORES] t=1224.1s | pag=990 | files=1170 | data=756 | cola= 411 | prio=10 | https://appweb.asfi.gob.bo/reportes_asp/RMI/tarjeta_balancegeneral_csv.asp?c=53419&f=20260331
[FULL_11_ASFI_VALORES] t=1224.5s | pag=990 | files=1170 | data=756 | cola= 410 | prio=10 | https://appweb.asfi.gob.bo/Reportes_asp/rmi/tarjeta.asp?c=52961&t=2
[FULL_11_ASFI_VALORES] t=1227.1s | pag=991 | files=1170 | data=757 | cola= 409 | prio=10 | https://appweb.asfi.gob.bo/reportes_asp/RMI/tarjeta_balancegeneral_csv.asp?c=52961&f=20260331
[FULL_11_ASFI_VALORES] t=1227.2s | pag=991 | files=1170 | data=757 | cola= 408 | prio=50 | https://www.asfi.gob.bo/pb/reglamentos-internos-fondos-inversion
[FULL_11_ASFI_VALORES] t=1227.8s | pag=992 | files=1170 | data=757 | cola= 431 | prio=50 | https://www.asfi.gob.bo/la/empresas-supervisadas
[FULL_11_ASFI_VALORES] t=1228.4s | pag=993 | files=1177 | data=757 | cola= 430 | prio=50 | https://www.asfi.gob.bo/pb/sociedades-controladoras-grupos-financieros
[FULL_11_ASFI_VALORES] t=1228.9s | pag=994 | files=1178 | data=757 | cola= 438 | prio=50 | https://www.asfi.gob.bo/pb/estados-financieros
[FULL_11_ASFI_VALORES] t=1229.4s | pag=995 | files=1178 | data=757 | cola= 528 | prio=50 | https://barometro.asfi.gob.bo/
[FULL_11_ASFI_VALORES] t=1230.6s | pag=996 | files=1178 | data=757 | cola= 537 | prio=10 | https://barometro.asfi.gob.bo/cifras-principales
[FULL_11_ASFI_VALORES] t=1231.1s | pag=997 | files=1178 | data=757 | cola= 536 | prio=10 | https://barometro.asfi.gob.bo/articles/20260818-transformacion-financiera-la-paz-el-alto
[FULL_11_ASFI_VALORES] t=1231.4s | pag=998 | files=1178 | data=757 | cola= 535 | prio=10 | https://barometro.asfi.gob.bo/articles/20260727-experiencia-billeteras-moviles
[FULL_11_ASFI_VALORES] t=1231.8s | pag=999 | files=1178 | data=757 | cola= 534 | prio=50 | https://www.asfi.gob.bo/pagina-de-direcciones
[FULL_11_ASFI_VALORES] t=1232.4s | pag=1000 | files=1178 | data=757 | cola= 534 | prio=40 | https://www.asfi.gob.bo/pagina-de-direcciones?page=1
[FULL_11_ASFI_VALORES] t=1233.3s | pag=1001 | files=1178 | data=757 | cola= 534 | prio=40 | https://www.asfi.gob.bo/pagina-de-direcciones?page=0
[FULL_11_ASFI_VALORES] t=1233.8s | pag=1002 | files=1178 | data=757 | cola= 533 | prio=50 | https://www.asfi.gob.bo/pb/responsables-recibir-consultas
[FULL_11_ASFI_VALORES] t=1234.4s | pag=1003 | files=1178 | data=757 | cola= 532 | prio=50 | https://www.asfi.gob.bo/pb/numeros-telefono-y-call-center
[FULL_11_ASFI_VALORES] t=1235.2s | pag=1004 | files=1178 | data=757 | cola= 531 | prio=50 | https://www.asfi.gob.bo/pb/correo-electronico-y-redes-sociales
[FULL_11_ASFI_VALORES] t=1235.6s | pag=1005 | files=1178 | data=757 | cola= 530 | prio=50 | https://www.asfi.gob.bo/pb/recepcion-correspondencia-firma-digital
[FULL_11_ASFI_VALORES] t=1236.0s | pag=1006 | files=1178 | data=757 | cola= 530 | prio=50 | https://www.asfi.gob.bo//node/1402
[FULL_11_ASFI_VALORES] t=1236.9s | pag=1007 | files=1178 | data=757 | cola= 529 | prio=50 | https://www.asfi.gob.bo//node/1394
[FULL_11_ASFI_VALORES] t=1237.9s | pag=1008 | files=1178 | data=757 | cola= 528 | prio=50 | https://www.asfi.gob.bo//node/1393
[FULL_11_ASFI_VALORES] t=1238.8s | pag=1009 | files=1178 | data=757 | cola= 527 | prio=50 | https://www.asfi.gob.bo/node/1010
[FULL_11_ASFI_VALORES] t=1239.1s | pag=1010 | files=1179 | data=757 | cola= 526 | prio=50 | https://www.asfi.gob.bo/node/1009
[FULL_11_ASFI_VALORES] t=1239.9s | pag=1011 | files=1180 | data=757 | cola= 525 | prio=50 | https://www.asfi.gob.bo/node/1065
[FULL_11_ASFI_VALORES] t=1240.8s | pag=1012 | files=1180 | data=757 | cola= 526 | prio=50 | https://www.asfi.gob.bo/node/949
[FULL_11_ASFI_VALORES] t=1241.5s | pag=1013 | files=1210 | data=757 | cola= 525 | prio=50 | https://www.asfi.gob.bo/node/1070
[FULL_11_ASFI_VALORES] t=1242.1s | pag=1014 | files=1212 | data=757 | cola= 524 | prio=50 | https://www.asfi.gob.bo/node/1071
[FULL_11_ASFI_VALORES] t=1242.9s | pag=1015 | files=1213 | data=757 | cola= 523 | prio=50 | https://www.asfi.gob.bo/node/1068
[FULL_11_ASFI_VALORES] t=1243.5s | pag=1016 | files=1214 | data=757 | cola= 522 | prio=50 | https://www.asfi.gob.bo/node/1069
[FULL_11_ASFI_VALORES] t=1244.2s | pag=1017 | files=1215 | data=757 | cola= 521 | prio=50 | https://asfidigital.asfi.gob.bo/
[FULL_11_ASFI_VALORES] t=1244.5s | pag=1018 | files=1215 | data=757 | cola= 520 | prio=50 | https://www.asfi.gob.bo/enlaces-de-interes
[FULL_11_ASFI_VALORES] t=1245.2s | pag=1019 | files=1215 | data=757 | cola= 523 | prio=10 | https://www.asfi.gob.bo/ei/plataforma-reporta-tu-tranca
[FULL_11_ASFI_VALORES] t=1246.2s | pag=1020 | files=1215 | data=757 | cola= 522 | prio=10 | https://www.asfi.gob.bo/ei/unidad-investigaciones-financieras
[FULL_11_ASFI_VALORES] t=1246.9s | pag=1021 | files=1215 | data=757 | cola= 521 | prio=50 | https://www.asfi.gob.bo/terminos-y-condiciones
[FULL_11_ASFI_VALORES] t=1247.4s | pag=1021 | files=1215 | data=757 | cola= 520 | prio=50 | https://www.asfi.gob.bo/sitemap
[FULL_11_ASFI_VALORES] t=1248.2s | pag=1021 | files=1215 | data=757 | cola= 519 | prio=50 | https://www.asfi.gob.bo/node/753
[FULL_11_ASFI_VALORES] t=1249.3s | pag=1022 | files=1216 | data=757 | cola= 518 | prio=50 | https://www.asfi.gob.bo/node/762
[FULL_11_ASFI_VALORES] t=1250.2s | pag=1023 | files=1217 | data=757 | cola= 517 | prio=50 | https://www.asfi.gob.bo/node/763
[FULL_11_ASFI_VALORES] t=1250.6s | pag=1024 | files=1217 | data=757 | cola= 516 | prio=50 | https://www.asfi.gob.bo/node/764
[FULL_11_ASFI_VALORES] t=1251.4s | pag=1025 | files=1218 | data=757 | cola= 515 | prio=50 | https://www.asfi.gob.bo/node/765
[FULL_11_ASFI_VALORES] t=1252.3s | pag=1026 | files=1218 | data=757 | cola= 514 | prio=50 | https://www.asfi.gob.bo/node/766
[FULL_11_ASFI_VALORES] t=1253.2s | pag=1027 | files=1218 | data=757 | cola= 513 | prio=50 | https://www.asfi.gob.bo/node/767
[FULL_11_ASFI_VALORES] t=1253.8s | pag=1028 | files=1224 | data=757 | cola= 512 | prio=50 | https://www.asfi.gob.bo/node/768
[FULL_11_ASFI_VALORES] t=1254.6s | pag=1029 | files=1224 | data=757 | cola= 511 | prio=50 | https://www.asfi.gob.bo/node/769
[FULL_11_ASFI_VALORES] t=1255.4s | pag=1030 | files=1224 | data=757 | cola= 510 | prio=50 | https://www.asfi.gob.bo/node/433
[FULL_11_ASFI_VALORES] t=1255.8s | pag=1031 | files=1228 | data=757 | cola= 509 | prio=50 | https://www.asfi.gob.bo/node/432
[FULL_11_ASFI_VALORES] t=1256.4s | pag=1032 | files=1232 | data=757 | cola= 508 | prio=50 | https://www.asfi.gob.bo/node/431
[FULL_11_ASFI_VALORES] t=1257.1s | pag=1033 | files=1236 | data=757 | cola= 507 | prio=50 | https://www.asfi.gob.bo/node/430
[FULL_11_ASFI_VALORES] t=1257.6s | pag=1034 | files=1240 | data=757 | cola= 506 | prio=50 | https://www.asfi.gob.bo/node/429
[FULL_11_ASFI_VALORES] t=1258.4s | pag=1035 | files=1244 | data=757 | cola= 505 | prio=50 | https://www.asfi.gob.bo/node/428
[FULL_11_ASFI_VALORES] t=1259.1s | pag=1036 | files=1248 | data=757 | cola= 504 | prio=50 | https://www.asfi.gob.bo/node/427
[FULL_11_ASFI_VALORES] t=1259.4s | pag=1037 | files=1252 | data=757 | cola= 503 | prio=50 | https://www.asfi.gob.bo/node/426
[FULL_11_ASFI_VALORES] t=1260.0s | pag=1038 | files=1256 | data=757 | cola= 502 | prio=50 | https://www.asfi.gob.bo/node/425
[FULL_11_ASFI_VALORES] t=1260.9s | pag=1039 | files=1260 | data=757 | cola= 501 | prio=50 | https://www.asfi.gob.bo/node/424
[FULL_11_ASFI_VALORES] t=1261.4s | pag=1040 | files=1264 | data=757 | cola= 500 | prio=50 | https://www.asfi.gob.bo/node/423
[FULL_11_ASFI_VALORES] t=1262.2s | pag=1041 | files=1268 | data=757 | cola= 499 | prio=50 | https://www.asfi.gob.bo/node/422
[FULL_11_ASFI_VALORES] t=1262.6s | pag=1042 | files=1272 | data=757 | cola= 498 | prio=50 | https://www.asfi.gob.bo/node/421
[FULL_11_ASFI_VALORES] t=1263.1s | pag=1043 | files=1276 | data=757 | cola= 497 | prio=50 | https://www.asfi.gob.bo/node/420
[FULL_11_ASFI_VALORES] t=1263.9s | pag=1044 | files=1280 | data=757 | cola= 496 | prio=50 | https://www.asfi.gob.bo/node/419
[FULL_11_ASFI_VALORES] t=1264.6s | pag=1045 | files=1284 | data=757 | cola= 495 | prio=50 | https://www.asfi.gob.bo/node/418
[FULL_11_ASFI_VALORES] t=1265.2s | pag=1046 | files=1288 | data=757 | cola= 494 | prio=50 | https://www.asfi.gob.bo/node/417
[FULL_11_ASFI_VALORES] t=1266.0s | pag=1047 | files=1292 | data=757 | cola= 493 | prio=50 | https://www.asfi.gob.bo/node/399
[FULL_11_ASFI_VALORES] t=1266.9s | pag=1048 | files=1294 | data=757 | cola= 492 | prio=50 | https://www.asfi.gob.bo/ef/capsulas-informativas
[FULL_11_ASFI_VALORES] t=1267.8s | pag=1049 | files=1294 | data=757 | cola= 491 | prio=50 | https://www.asfi.gob.bo/ef/contenidos-educativos
[FULL_11_ASFI_VALORES] t=1268.5s | pag=1050 | files=1309 | data=757 | cola= 490 | prio=50 | https://www.asfi.gob.bo/ef/videos
[FULL_11_ASFI_VALORES] t=1269.2s | pag=1051 | files=1309 | data=757 | cola= 489 | prio=50 | https://www.asfi.gob.bo/ef/actividades-educacion
[FULL_11_ASFI_VALORES] t=1269.8s | pag=1052 | files=1309 | data=757 | cola= 488 | prio=50 | https://www.asfi.gob.bo/la/resoluciones-entidades-liquidacion
[FULL_11_ASFI_VALORES] t=1270.6s | pag=1053 | files=1310 | data=757 | cola= 487 | prio=50 | https://www.asfi.gob.bo/pb/prospectos
[FULL_11_ASFI_VALORES] t=1271.3s | pag=1054 | files=1310 | data=757 | cola= 571 | prio=50 | https://www.asfi.gob.bo/la/calificaciones-riesgo
[FULL_11_ASFI_VALORES] t=1272.2s | pag=1055 | files=1311 | data=757 | cola= 571 | prio=10 | https://appweb2.asfi.gob.bo/PaginasPublicas2/VistaCalificaciones/ReporteCalificacionesRiesgo.aspx?Mercado=MV
[FULL_11_ASFI_VALORES] t=1273.6s | pag=1056 | files=1311 | data=758 | cola= 570 | prio=50 | https://www.asfi.gob.bo/la/procedimientos-inscripcion
[FULL_11_ASFI_VALORES] t=1274.3s | pag=1057 | files=1314 | data=758 | cola= 569 | prio=50 | https://www.asfi.gob.bo/la/documentos-y-formularios
[FULL_11_ASFI_VALORES] t=1275.0s | pag=1058 | files=1322 | data=758 | cola= 568 | prio=50 | https://www.asfi.gob.bo/la/resoluciones-caducidad
[FULL_11_ASFI_VALORES] t=1275.8s | pag=1059 | files=1336 | data=758 | cola= 567 | prio=50 | https://www.asfi.gob.bo/la/resoluciones-prohibicion-realizar-operaciones
[FULL_11_ASFI_VALORES] t=1276.4s | pag=1060 | files=1339 | data=758 | cola= 566 | prio=50 | https://www.asfi.gob.bo/la/resoluciones-rechazo-constitucion
[FULL_11_ASFI_VALORES] t=1277.4s | pag=1061 | files=1350 | data=758 | cola= 565 | prio=50 | https://www.asfi.gob.bo/la/resoluciones-revocatoria
[FULL_11_ASFI_VALORES] t=1277.9s | pag=1062 | files=1370 | data=758 | cola= 564 | prio=50 | https://www.asfi.gob.bo/node/1064
[FULL_11_ASFI_VALORES] t=1281.7s | pag=1063 | files=1378 | data=758 | cola= 563 | prio=50 | https://www.asfi.gob.bo/node/1007
[FULL_11_ASFI_VALORES] t=1282.7s | pag=1064 | files=1378 | data=758 | cola= 578 | prio=50 | https://www.asfi.gob.bo/pb/carta-informativa
[FULL_11_ASFI_VALORES] t=1283.4s | pag=1065 | files=1408 | data=758 | cola= 577 | prio=50 | https://www.asfi.gob.bo/node/1005
[FULL_11_ASFI_VALORES] t=1284.3s | pag=1066 | files=1419 | data=758 | cola= 576 | prio=50 | https://www.asfi.gob.bo/la/separatas-departamentales
[FULL_11_ASFI_VALORES] t=1284.8s | pag=1067 | files=1428 | data=758 | cola= 575 | prio=50 | https://www.asfi.gob.bo/la/inversiones
[FULL_11_ASFI_VALORES] t=1298.0s | pag=1068 | files=1439 | data=758 | cola= 574 | prio=50 | https://www.asfi.gob.bo/node/1046
[FULL_11_ASFI_VALORES] t=1298.8s | pag=1069 | files=1441 | data=758 | cola= 573 | prio=50 | https://www.asfi.gob.bo/node/1051
[FULL_11_ASFI_VALORES] t=1320.7s | pag=1070 | files=1458 | data=758 | cola= 572 | prio=50 | https://www.asfi.gob.bo/la/atencion-reclamos-y-consultas
[FULL_11_ASFI_VALORES] t=1321.3s | pag=1071 | files=1459 | data=758 | cola= 571 | prio=50 | https://www.asfi.gob.bo/la/hechos-relevantes-2026
[FULL_11_ASFI_VALORES] t=1321.9s | pag=1072 | files=1459 | data=758 | cola= 571 | prio=10 | https://appweb2.asfi.gob.bo/PaginasPublicas2/VistaHechosRelevantes/ListaPublicacionHechoRelevante.aspx?Gestion=2026
[FULL_11_ASFI_VALORES] t=1337.4s | pag=1072 | files=1459 | data=758 | cola= 570 | prio=50 | https://www.asfi.gob.bo/node/470
[FULL_11_ASFI_VALORES] t=1337.9s | pag=1073 | files=1459 | data=758 | cola= 570 | prio=10 | https://appweb2.asfi.gob.bo/PaginasPublicas2/VistaHechosRelevantes/ListaPublicacionHechoRelevante.aspx?Gestion=2025
[FULL_11_ASFI_VALORES] t=1353.7s | pag=1073 | files=1459 | data=758 | cola= 569 | prio=50 | https://www.asfi.gob.bo/node/469
[FULL_11_ASFI_VALORES] t=1354.4s | pag=1074 | files=1459 | data=758 | cola= 569 | prio=10 | https://appweb2.asfi.gob.bo/PaginasPublicas2/VistaHechosRelevantes/ListaPublicacionHechoRelevante.aspx?Gestion=2024
[FULL_11_ASFI_VALORES] t=1370.4s | pag=1075 | files=1459 | data=758 | cola= 818 | prio=10 | https://appweb2.asfi.gob.bo/PaginasPublicas2/VistaHechosRelevantes/VisorDocumentos.aspx?variable1=5ca19116-ba43-4dc4-986b-ea6015c484ce
[FULL_11_ASFI_VALORES] t=1370.9s | pag=1075 | files=1460 | data=758 | cola= 817 | prio=10 | https://appweb2.asfi.gob.bo/PaginasPublicas2/VistaHechosRelevantes/VisorDocumentos.aspx?variable1=f1726533-5a57-4d39-bc2b-87ac0ccb078d
[FULL_11_ASFI_VALORES] t=1372.2s | pag=1075 | files=1461 | data=758 | cola= 816 | prio=10 | https://appweb2.asfi.gob.bo/PaginasPublicas2/VistaHechosRelevantes/VisorDocumentos.aspx?variable1=817fd9ce-a2a6-4504-b076-89763dfd5f33
[FULL_11_ASFI_VALORES] t=1373.3s | pag=1075 | files=1462 | data=758 | cola= 815 | prio=10 | https://appweb2.asfi.gob.bo/PaginasPublicas2/VistaHechosRelevantes/VisorDocumentos.aspx?variable1=489da327-1a2d-41c2-bd69-0dbc97893430
[FULL_11_ASFI_VALORES] t=1374.2s | pag=1075 | files=1463 | data=758 | cola= 814 | prio=10 | https://appweb2.asfi.gob.bo/PaginasPublicas2/VistaHechosRelevantes/VisorDocumentos.aspx?variable1=c7f6cae8-472f-4a80-ac01-4692025ed12f
[FULL_11_ASFI_VALORES] t=1375.4s | pag=1075 | files=1464 | data=758 | cola= 813 | prio=10 | https://appweb2.asfi.gob.bo/PaginasPublicas2/VistaHechosRelevantes/VisorDocumentos.aspx?variable1=154ed895-9fd2-4529-948c-ec3d350fb10c
[FULL_11_ASFI_VALORES] t=1376.2s | pag=1075 | files=1465 | data=758 | cola= 812 | prio=10 | https://appweb2.asfi.gob.bo/PaginasPublicas2/VistaHechosRelevantes/VisorDocumentos.aspx?variable1=fd8ccf0f-31fa-40ba-b94b-602e465bc7ed
[FULL_11_ASFI_VALORES] t=1377.0s | pag=1075 | files=1466 | data=758 | cola= 811 | prio=10 | https://appweb2.asfi.gob.bo/PaginasPublicas2/VistaHechosRelevantes/VisorDocumentos.aspx?variable1=1d6fa69c-7822-455f-bacf-126219290df4
[FULL_11_ASFI_VALORES] t=1377.9s | pag=1075 | files=1467 | data=758 | cola= 810 | prio=10 | https://appweb2.asfi.gob.bo/PaginasPublicas2/VistaHechosRelevantes/VisorDocumentos.aspx?variable1=48008447-4f8a-4632-a8d3-7f2786770e94
[FULL_11_ASFI_VALORES] t=1378.9s | pag=1075 | files=1468 | data=758 | cola= 809 | prio=10 | https://appweb2.asfi.gob.bo/PaginasPublicas2/VistaHechosRelevantes/VisorDocumentos.aspx?variable1=e081579d-c445-4ec1-8cbb-dc4b1fe00fb8
[FULL_11_ASFI_VALORES] t=1380.0s | pag=1075 | files=1469 | data=758 | cola= 808 | prio=10 | https://appweb2.asfi.gob.bo/PaginasPublicas2/VistaHechosRelevantes/VisorDocumentos.aspx?variable1=95b980e6-6669-481b-a2f5-ea098af06d6a
[FULL_11_ASFI_VALORES] t=1381.0s | pag=1075 | files=1470 | data=758 | cola= 807 | prio=10 | https://appweb2.asfi.gob.bo/PaginasPublicas2/VistaHechosRelevantes/VisorDocumentos.aspx?variable1=22f2e287-8d0e-4713-a1b6-e3f0475a6d5f
[FULL_11_ASFI_VALORES] t=1381.8s | pag=1075 | files=1471 | data=758 | cola= 806 | prio=10 | https://appweb2.asfi.gob.bo/PaginasPublicas2/VistaHechosRelevantes/VisorDocumentos.aspx?variable1=7ab1b01f-1de3-4632-b106-8b7d036e0826
[FULL_11_ASFI_VALORES] t=1382.7s | pag=1075 | files=1472 | data=758 | cola= 805 | prio=10 | https://appweb2.asfi.gob.bo/PaginasPublicas2/VistaHechosRelevantes/VisorDocumentos.aspx?variable1=7aae4da5-c9b9-4bd6-aeba-0a910504f07f
[FULL_11_ASFI_VALORES] t=1383.6s | pag=1075 | files=1473 | data=758 | cola= 804 | prio=10 | https://appweb2.asfi.gob.bo/PaginasPublicas2/VistaHechosRelevantes/VisorDocumentos.aspx?variable1=1e0cd2d8-bdec-4202-85b2-e6d55af3de06
[FULL_11_ASFI_VALORES] t=1384.5s | pag=1075 | files=1474 | data=758 | cola= 803 | prio=10 | https://appweb2.asfi.gob.bo/PaginasPublicas2/VistaHechosRelevantes/VisorDocumentos.aspx?variable1=87b187cc-a8f6-488a-9b0b-b4173c27d48d
[FULL_11_ASFI_VALORES] t=1385.7s | pag=1075 | files=1475 | data=758 | cola= 802 | prio=10 | https://appweb2.asfi.gob.bo/PaginasPublicas2/VistaHechosRelevantes/VisorDocumentos.aspx?variable1=c28198d3-f04c-46d5-ac3f-1d60eda36f00
[FULL_11_ASFI_VALORES] t=1386.9s | pag=1075 | files=1476 | data=758 | cola= 801 | prio=10 | https://appweb2.asfi.gob.bo/PaginasPublicas2/VistaHechosRelevantes/VisorDocumentos.aspx?variable1=70983746-923b-4432-86df-f968ea6267eb
[FULL_11_ASFI_VALORES] t=1387.7s | pag=1075 | files=1477 | data=758 | cola= 800 | prio=10 | https://appweb2.asfi.gob.bo/PaginasPublicas2/VistaHechosRelevantes/VisorDocumentos.aspx?variable1=1a383f51-e940-4582-a8b0-ace68af72014
[FULL_11_ASFI_VALORES] t=1388.3s | pag=1075 | files=1478 | data=758 | cola= 799 | prio=10 | https://appweb2.asfi.gob.bo/PaginasPublicas2/VistaHechosRelevantes/VisorDocumentos.aspx?variable1=1514ddd7-0a66-4c39-bcb4-7d04bcafb82a
[FULL_11_ASFI_VALORES] t=1389.4s | pag=1075 | files=1479 | data=758 | cola= 798 | prio=10 | https://appweb2.asfi.gob.bo/PaginasPublicas2/VistaHechosRelevantes/VisorDocumentos.aspx?variable1=4b4f661d-f824-4717-a1e6-5f123432a4df
[FULL_11_ASFI_VALORES] t=1390.4s | pag=1075 | files=1480 | data=758 | cola= 797 | prio=10 | https://appweb2.asfi.gob.bo/PaginasPublicas2/VistaHechosRelevantes/VisorDocumentos.aspx?variable1=4915e4a2-2a1d-4d3f-a0e1-f0b4ae3937e6
[FULL_11_ASFI_VALORES] t=1391.6s | pag=1075 | files=1481 | data=758 | cola= 796 | prio=10 | https://appweb2.asfi.gob.bo/PaginasPublicas2/VistaHechosRelevantes/VisorDocumentos.aspx?variable1=33185be0-9267-400a-b8e6-46d368d3aae8
[FULL_11_ASFI_VALORES] t=1392.8s | pag=1075 | files=1482 | data=758 | cola= 795 | prio=10 | https://appweb2.asfi.gob.bo/PaginasPublicas2/VistaHechosRelevantes/VisorDocumentos.aspx?variable1=29ef4e7b-7240-49dc-a879-99ec34d1d327
[FULL_11_ASFI_VALORES] t=1393.6s | pag=1075 | files=1483 | data=758 | cola= 794 | prio=10 | https://appweb2.asfi.gob.bo/PaginasPublicas2/VistaHechosRelevantes/VisorDocumentos.aspx?variable1=cb470f5d-0f0f-4f75-bfdc-4d6df9687def
[FULL_11_ASFI_VALORES] t=1394.7s | pag=1075 | files=1484 | data=758 | cola= 793 | prio=10 | https://appweb2.asfi.gob.bo/PaginasPublicas2/VistaHechosRelevantes/VisorDocumentos.aspx?variable1=fa46b0e9-7ba6-4239-9cf7-0afe0bcb14b1
[FULL_11_ASFI_VALORES] t=1395.7s | pag=1075 | files=1485 | data=758 | cola= 792 | prio=10 | https://appweb2.asfi.gob.bo/PaginasPublicas2/VistaHechosRelevantes/VisorDocumentos.aspx?variable1=229db5f6-7bf1-47ff-b463-8071be179357
[FULL_11_ASFI_VALORES] t=1396.7s | pag=1075 | files=1486 | data=758 | cola= 791 | prio=10 | https://appweb2.asfi.gob.bo/PaginasPublicas2/VistaHechosRelevantes/VisorDocumentos.aspx?variable1=a87af35e-9653-476a-92aa-09ca89cc4598
[FULL_11_ASFI_VALORES] t=1397.9s | pag=1075 | files=1487 | data=758 | cola= 790 | prio=10 | https://appweb2.asfi.gob.bo/PaginasPublicas2/VistaHechosRelevantes/VisorDocumentos.aspx?variable1=c823a5ca-3138-46b1-bfb2-73b552f43965
[FULL_11_ASFI_VALORES] t=1399.1s | pag=1075 | files=1488 | data=758 | cola= 789 | prio=10 | https://appweb2.asfi.gob.bo/PaginasPublicas2/VistaHechosRelevantes/VisorDocumentos.aspx?variable1=23066b3f-3252-44ae-8b23-01582120fc17
[FULL_11_ASFI_VALORES] t=1400.0s | pag=1075 | files=1489 | data=758 | cola= 788 | prio=10 | https://appweb2.asfi.gob.bo/PaginasPublicas2/VistaHechosRelevantes/VisorDocumentos.aspx?variable1=46a9ed0a-af58-45f9-8105-d2f30e5810f3
[FULL_11_ASFI_VALORES] t=1400.9s | pag=1075 | files=1490 | data=758 | cola= 787 | prio=10 | https://appweb2.asfi.gob.bo/PaginasPublicas2/VistaHechosRelevantes/VisorDocumentos.aspx?variable1=959a4069-0dd7-48b6-b552-0b205a74fc27
[FULL_11_ASFI_VALORES] t=1402.0s | pag=1075 | files=1491 | data=758 | cola= 786 | prio=10 | https://appweb2.asfi.gob.bo/PaginasPublicas2/VistaHechosRelevantes/VisorDocumentos.aspx?variable1=e7ba455f-659b-4611-b8c4-e6a353621a16
[FULL_11_ASFI_VALORES] t=1402.8s | pag=1075 | files=1492 | data=758 | cola= 785 | prio=10 | https://appweb2.asfi.gob.bo/PaginasPublicas2/VistaHechosRelevantes/VisorDocumentos.aspx?variable1=940b4ac8-ec90-4943-ba43-39bb7dbd0f4c
[FULL_11_ASFI_VALORES] t=1403.7s | pag=1075 | files=1493 | data=758 | cola= 784 | prio=10 | https://appweb2.asfi.gob.bo/PaginasPublicas2/VistaHechosRelevantes/VisorDocumentos.aspx?variable1=21e6eb43-a201-4497-b8ab-f1f967c3c54a
[FULL_11_ASFI_VALORES] t=1404.4s | pag=1075 | files=1494 | data=758 | cola= 783 | prio=10 | https://appweb2.asfi.gob.bo/PaginasPublicas2/VistaHechosRelevantes/VisorDocumentos.aspx?variable1=e1b2e251-6813-4c54-8326-e24756078089
[FULL_11_ASFI_VALORES] t=1405.1s | pag=1075 | files=1495 | data=758 | cola= 782 | prio=10 | https://appweb2.asfi.gob.bo/PaginasPublicas2/VistaHechosRelevantes/VisorDocumentos.aspx?variable1=747a85d5-49e6-4e17-aaf9-dad3c48ba834
[FULL_11_ASFI_VALORES] t=1406.3s | pag=1075 | files=1496 | data=758 | cola= 781 | prio=10 | https://appweb2.asfi.gob.bo/PaginasPublicas2/VistaHechosRelevantes/VisorDocumentos.aspx?variable1=e134cf69-a125-4c16-86cd-c961ba87ba96
[FULL_11_ASFI_VALORES] t=1407.4s | pag=1075 | files=1497 | data=758 | cola= 780 | prio=10 | https://appweb2.asfi.gob.bo/PaginasPublicas2/VistaHechosRelevantes/VisorDocumentos.aspx?variable1=c56e9d78-47ba-4661-91ed-2197e1043549
[FULL_11_ASFI_VALORES] t=1408.5s | pag=1075 | files=1498 | data=758 | cola= 779 | prio=10 | https://appweb2.asfi.gob.bo/PaginasPublicas2/VistaHechosRelevantes/VisorDocumentos.aspx?variable1=ad1af6f1-4873-4df5-be9a-d6260a4a1ab0
[FULL_11_ASFI_VALORES] t=1409.6s | pag=1075 | files=1499 | data=758 | cola= 778 | prio=10 | https://appweb2.asfi.gob.bo/PaginasPublicas2/VistaHechosRelevantes/VisorDocumentos.aspx?variable1=47d7862c-5dc7-49fc-b900-1134175468e9
[FULL_11_ASFI_VALORES] t=1410.5s | pag=1075 | files=1500 | data=758 | cola= 777 | prio=10 | https://appweb2.asfi.gob.bo/PaginasPublicas2/VistaHechosRelevantes/VisorDocumentos.aspx?variable1=d5703e74-d26d-4803-ac30-6a1d85a0c9e6
[FULL_11_ASFI_VALORES] t=1411.6s | pag=1075 | files=1501 | data=758 | cola= 776 | prio=10 | https://appweb2.asfi.gob.bo/PaginasPublicas2/VistaHechosRelevantes/VisorDocumentos.aspx?variable1=025ea25e-95f8-4d87-9acf-0661113b1788
[FULL_11_ASFI_VALORES] t=1412.8s | pag=1075 | files=1502 | data=758 | cola= 775 | prio=10 | https://appweb2.asfi.gob.bo/PaginasPublicas2/VistaHechosRelevantes/VisorDocumentos.aspx?variable1=f141439a-5af1-4ff1-9919-dec4e17be146
[FULL_11_ASFI_VALORES] t=1413.8s | pag=1075 | files=1503 | data=758 | cola= 774 | prio=10 | https://appweb2.asfi.gob.bo/PaginasPublicas2/VistaHechosRelevantes/VisorDocumentos.aspx?variable1=8d210ebb-7341-4360-8b77-b006ee2fa5c6
[FULL_11_ASFI_VALORES] t=1414.7s | pag=1075 | files=1504 | data=758 | cola= 773 | prio=10 | https://appweb2.asfi.gob.bo/PaginasPublicas2/VistaHechosRelevantes/VisorDocumentos.aspx?variable1=f980667e-4acb-43b5-b43f-5a27a0c541c5
[FULL_11_ASFI_VALORES] t=1415.6s | pag=1075 | files=1505 | data=758 | cola= 772 | prio=10 | https://appweb2.asfi.gob.bo/PaginasPublicas2/VistaHechosRelevantes/VisorDocumentos.aspx?variable1=781af9c9-335a-4b55-b602-8207959f65d8
[FULL_11_ASFI_VALORES] t=1416.4s | pag=1075 | files=1506 | data=758 | cola= 771 | prio=10 | https://appweb2.asfi.gob.bo/PaginasPublicas2/VistaHechosRelevantes/VisorDocumentos.aspx?variable1=d7549706-5145-4a0c-bcf4-8acd9ca0facb
[FULL_11_ASFI_VALORES] t=1417.6s | pag=1075 | files=1507 | data=758 | cola= 770 | prio=10 | https://appweb2.asfi.gob.bo/PaginasPublicas2/VistaHechosRelevantes/VisorDocumentos.aspx?variable1=606e4313-ce5f-422f-ab67-2c13128f8083
[FULL_11_ASFI_VALORES] t=1418.4s | pag=1075 | files=1508 | data=758 | cola= 769 | prio=10 | https://appweb2.asfi.gob.bo/PaginasPublicas2/VistaHechosRelevantes/VisorDocumentos.aspx?variable1=f7319f96-5adf-49ea-9deb-3e7440197bd1
[FULL_11_ASFI_VALORES] t=1419.1s | pag=1075 | files=1509 | data=758 | cola= 768 | prio=10 | https://appweb2.asfi.gob.bo/PaginasPublicas2/VistaHechosRelevantes/VisorDocumentos.aspx?variable1=5397bb24-2f9b-42ba-b6b5-9deae2ce5ec4
[FULL_11_ASFI_VALORES] t=1420.1s | pag=1075 | files=1510 | data=758 | cola= 767 | prio=10 | https://appweb2.asfi.gob.bo/PaginasPublicas2/VistaHechosRelevantes/VisorDocumentos.aspx?variable1=4da2602e-1c7d-4556-b14c-7c376979e6cf
[FULL_11_ASFI_VALORES] t=1421.3s | pag=1075 | files=1511 | data=758 | cola= 766 | prio=10 | https://appweb2.asfi.gob.bo/PaginasPublicas2/VistaHechosRelevantes/VisorDocumentos.aspx?variable1=fb0e1c9b-df62-4a9e-b9d6-78b2a7ab9644
[FULL_11_ASFI_VALORES] t=1422.0s | pag=1075 | files=1512 | data=758 | cola= 765 | prio=10 | https://appweb2.asfi.gob.bo/PaginasPublicas2/VistaHechosRelevantes/VisorDocumentos.aspx?variable1=7ff2f3ac-8b65-4d46-a4a0-0d00de8d1dcd
[FULL_11_ASFI_VALORES] t=1423.3s | pag=1075 | files=1513 | data=758 | cola= 764 | prio=10 | https://appweb2.asfi.gob.bo/PaginasPublicas2/VistaHechosRelevantes/VisorDocumentos.aspx?variable1=668bf065-f001-4c13-b3e0-f8c6fb54b063
[FULL_11_ASFI_VALORES] t=1424.5s | pag=1075 | files=1514 | data=758 | cola= 763 | prio=10 | https://appweb2.asfi.gob.bo/PaginasPublicas2/VistaHechosRelevantes/VisorDocumentos.aspx?variable1=bad0464b-0a53-466b-973b-bce6632dd96e
[FULL_11_ASFI_VALORES] t=1425.5s | pag=1075 | files=1515 | data=758 | cola= 762 | prio=10 | https://appweb2.asfi.gob.bo/PaginasPublicas2/VistaHechosRelevantes/VisorDocumentos.aspx?variable1=63069010-ecdb-40cd-86f7-51b8a2644214
[FULL_11_ASFI_VALORES] t=1426.4s | pag=1075 | files=1516 | data=758 | cola= 761 | prio=10 | https://appweb2.asfi.gob.bo/PaginasPublicas2/VistaHechosRelevantes/VisorDocumentos.aspx?variable1=8f2ba454-c6d1-4a00-bccf-e1a95a178a86
[FULL_11_ASFI_VALORES] t=1427.4s | pag=1075 | files=1517 | data=758 | cola= 760 | prio=10 | https://appweb2.asfi.gob.bo/PaginasPublicas2/VistaHechosRelevantes/VisorDocumentos.aspx?variable1=fa143dbc-f4bc-42d1-a6cc-0ebe697b9f1a
[FULL_11_ASFI_VALORES] t=1428.2s | pag=1075 | files=1518 | data=758 | cola= 759 | prio=10 | https://appweb2.asfi.gob.bo/PaginasPublicas2/VistaHechosRelevantes/VisorDocumentos.aspx?variable1=e2c29fd5-6b16-4f75-a6fc-3d525a791f33
[FULL_11_ASFI_VALORES] t=1429.1s | pag=1075 | files=1519 | data=758 | cola= 758 | prio=10 | https://appweb2.asfi.gob.bo/PaginasPublicas2/VistaHechosRelevantes/VisorDocumentos.aspx?variable1=e123859b-7abf-4736-9403-fc5881c99c31
[FULL_11_ASFI_VALORES] t=1430.0s | pag=1075 | files=1520 | data=758 | cola= 757 | prio=10 | https://appweb2.asfi.gob.bo/PaginasPublicas2/VistaHechosRelevantes/VisorDocumentos.aspx?variable1=fdb27390-2ebe-4d95-a463-f21228b47e05
[FULL_11_ASFI_VALORES] t=1430.8s | pag=1075 | files=1521 | data=758 | cola= 756 | prio=10 | https://appweb2.asfi.gob.bo/PaginasPublicas2/VistaHechosRelevantes/VisorDocumentos.aspx?variable1=84e3e096-a524-45f7-8aa3-7d0db16f0303
[FULL_11_ASFI_VALORES] t=1431.6s | pag=1075 | files=1522 | data=758 | cola= 755 | prio=10 | https://appweb2.asfi.gob.bo/PaginasPublicas2/VistaHechosRelevantes/VisorDocumentos.aspx?variable1=5494c030-5cbb-418e-b838-00a4a1b1b84d
[FULL_11_ASFI_VALORES] t=1432.8s | pag=1075 | files=1523 | data=758 | cola= 754 | prio=10 | https://appweb2.asfi.gob.bo/PaginasPublicas2/VistaHechosRelevantes/VisorDocumentos.aspx?variable1=d38c2cdf-cd3f-40b8-bd71-75b9c62bd6a3
[FULL_11_ASFI_VALORES] t=1433.8s | pag=1075 | files=1524 | data=758 | cola= 753 | prio=10 | https://appweb2.asfi.gob.bo/PaginasPublicas2/VistaHechosRelevantes/VisorDocumentos.aspx?variable1=addd23b4-00d5-42df-8c11-c243b5a98984
[FULL_11_ASFI_VALORES] t=1434.6s | pag=1075 | files=1525 | data=758 | cola= 752 | prio=10 | https://appweb2.asfi.gob.bo/PaginasPublicas2/VistaHechosRelevantes/VisorDocumentos.aspx?variable1=49b748e8-0477-4250-8d09-1dba88bf09df
[FULL_11_ASFI_VALORES] t=1435.6s | pag=1075 | files=1526 | data=758 | cola= 751 | prio=10 | https://appweb2.asfi.gob.bo/PaginasPublicas2/VistaHechosRelevantes/VisorDocumentos.aspx?variable1=12aeddec-0bdc-4c88-9106-01e2960e8b9f
[FULL_11_ASFI_VALORES] t=1436.4s | pag=1075 | files=1527 | data=758 | cola= 750 | prio=10 | https://appweb2.asfi.gob.bo/PaginasPublicas2/VistaHechosRelevantes/VisorDocumentos.aspx?variable1=77ea347b-4d83-4068-90ea-4fab8e7cb10a
[FULL_11_ASFI_VALORES] t=1437.6s | pag=1075 | files=1528 | data=758 | cola= 749 | prio=10 | https://appweb2.asfi.gob.bo/PaginasPublicas2/VistaHechosRelevantes/VisorDocumentos.aspx?variable1=ebf169b1-7ee7-47b9-9d62-f68fc6a808ba
[FULL_11_ASFI_VALORES] t=1438.6s | pag=1075 | files=1529 | data=758 | cola= 748 | prio=10 | https://appweb2.asfi.gob.bo/PaginasPublicas2/VistaHechosRelevantes/VisorDocumentos.aspx?variable1=457d35cf-3220-4a3c-bc34-bad95554c8c7
[FULL_11_ASFI_VALORES] t=1439.7s | pag=1075 | files=1530 | data=758 | cola= 747 | prio=10 | https://appweb2.asfi.gob.bo/PaginasPublicas2/VistaHechosRelevantes/VisorDocumentos.aspx?variable1=b4d28a22-3dc8-4b6d-9d53-6cd0670db9ff
[FULL_11_ASFI_VALORES] t=1440.9s | pag=1075 | files=1531 | data=758 | cola= 746 | prio=10 | https://appweb2.asfi.gob.bo/PaginasPublicas2/VistaHechosRelevantes/VisorDocumentos.aspx?variable1=45f0a3f7-a2b0-4c17-85fe-43f833adf1d3
[FULL_11_ASFI_VALORES] t=1441.6s | pag=1075 | files=1532 | data=758 | cola= 745 | prio=10 | https://appweb2.asfi.gob.bo/PaginasPublicas2/VistaHechosRelevantes/VisorDocumentos.aspx?variable1=740442de-35ae-40aa-8883-e8f4b43d7660
[FULL_11_ASFI_VALORES] t=1442.6s | pag=1075 | files=1533 | data=758 | cola= 744 | prio=10 | https://appweb2.asfi.gob.bo/PaginasPublicas2/VistaHechosRelevantes/VisorDocumentos.aspx?variable1=97d77cb9-9b87-4a76-950e-e045a9cbe5c9
[FULL_11_ASFI_VALORES] t=1443.4s | pag=1075 | files=1534 | data=758 | cola= 743 | prio=10 | https://appweb2.asfi.gob.bo/PaginasPublicas2/VistaHechosRelevantes/VisorDocumentos.aspx?variable1=4c21912a-9aba-43f9-9541-379bf4001ace
[FULL_11_ASFI_VALORES] t=1444.3s | pag=1075 | files=1535 | data=758 | cola= 742 | prio=10 | https://appweb2.asfi.gob.bo/PaginasPublicas2/VistaHechosRelevantes/VisorDocumentos.aspx?variable1=b589dba7-7018-4eee-9c05-35dd06e88be8
[FULL_11_ASFI_VALORES] t=1445.1s | pag=1075 | files=1536 | data=758 | cola= 741 | prio=10 | https://appweb2.asfi.gob.bo/PaginasPublicas2/VistaHechosRelevantes/VisorDocumentos.aspx?variable1=d9f78612-e11c-4ecf-bfa4-49078be83d6d
[FULL_11_ASFI_VALORES] t=1446.1s | pag=1075 | files=1537 | data=758 | cola= 740 | prio=10 | https://appweb2.asfi.gob.bo/PaginasPublicas2/VistaHechosRelevantes/VisorDocumentos.aspx?variable1=f20204ef-d8da-4761-b092-b8f9820a2523
[FULL_11_ASFI_VALORES] t=1447.0s | pag=1075 | files=1538 | data=758 | cola= 739 | prio=10 | https://appweb2.asfi.gob.bo/PaginasPublicas2/VistaHechosRelevantes/VisorDocumentos.aspx?variable1=ccf7f891-657f-4646-90bc-d7b85094662f
[FULL_11_ASFI_VALORES] t=1448.2s | pag=1075 | files=1539 | data=758 | cola= 738 | prio=10 | https://appweb2.asfi.gob.bo/PaginasPublicas2/VistaHechosRelevantes/VisorDocumentos.aspx?variable1=ff9020e0-3f51-42d6-8147-4dfbc394db0c
[FULL_11_ASFI_VALORES] t=1449.2s | pag=1075 | files=1540 | data=758 | cola= 737 | prio=10 | https://appweb2.asfi.gob.bo/PaginasPublicas2/VistaHechosRelevantes/VisorDocumentos.aspx?variable1=f69a5f2c-8e20-4f81-9477-8c622a7ac00f
[FULL_11_ASFI_VALORES] t=1450.1s | pag=1075 | files=1541 | data=758 | cola= 736 | prio=10 | https://appweb2.asfi.gob.bo/PaginasPublicas2/VistaHechosRelevantes/VisorDocumentos.aspx?variable1=bdb09a44-4ec7-4ad6-81ab-b7f6fcf284dc
[FULL_11_ASFI_VALORES] t=1450.9s | pag=1075 | files=1542 | data=758 | cola= 735 | prio=10 | https://appweb2.asfi.gob.bo/PaginasPublicas2/VistaHechosRelevantes/VisorDocumentos.aspx?variable1=ec79a76d-682f-4ff8-a22d-9bd5e4084ac6
[FULL_11_ASFI_VALORES] t=1452.1s | pag=1075 | files=1543 | data=758 | cola= 734 | prio=10 | https://appweb2.asfi.gob.bo/PaginasPublicas2/VistaHechosRelevantes/VisorDocumentos.aspx?variable1=d2898a5e-33cd-43ef-8f33-8a0193147e86
[FULL_11_ASFI_VALORES] t=1452.8s | pag=1075 | files=1544 | data=758 | cola= 733 | prio=10 | https://appweb2.asfi.gob.bo/PaginasPublicas2/VistaHechosRelevantes/VisorDocumentos.aspx?variable1=a735955c-2954-44b7-8225-da3eaf5e294a
[FULL_11_ASFI_VALORES] t=1453.7s | pag=1075 | files=1545 | data=758 | cola= 732 | prio=10 | https://appweb2.asfi.gob.bo/PaginasPublicas2/VistaHechosRelevantes/VisorDocumentos.aspx?variable1=bf49b2b4-e92b-44e1-ac1f-d8b142f962d3
[FULL_11_ASFI_VALORES] t=1454.5s | pag=1075 | files=1546 | data=758 | cola= 731 | prio=10 | https://appweb2.asfi.gob.bo/PaginasPublicas2/VistaHechosRelevantes/VisorDocumentos.aspx?variable1=075029e7-a8c8-4759-a1f2-3f6b72fcb101
[FULL_11_ASFI_VALORES] t=1455.5s | pag=1075 | files=1547 | data=758 | cola= 730 | prio=10 | https://appweb2.asfi.gob.bo/PaginasPublicas2/VistaHechosRelevantes/VisorDocumentos.aspx?variable1=baa576bc-d163-469a-b3ee-7c36e368db10
[FULL_11_ASFI_VALORES] t=1456.3s | pag=1075 | files=1548 | data=758 | cola= 729 | prio=10 | https://appweb2.asfi.gob.bo/PaginasPublicas2/VistaHechosRelevantes/VisorDocumentos.aspx?variable1=3112db26-d359-4947-bb0d-50645c5bab80
[FULL_11_ASFI_VALORES] t=1457.2s | pag=1075 | files=1549 | data=758 | cola= 728 | prio=10 | https://appweb2.asfi.gob.bo/PaginasPublicas2/VistaHechosRelevantes/VisorDocumentos.aspx?variable1=bffcf583-e8e8-488f-bf02-8c60671ebfc1
[FULL_11_ASFI_VALORES] t=1457.9s | pag=1075 | files=1550 | data=758 | cola= 727 | prio=10 | https://appweb2.asfi.gob.bo/PaginasPublicas2/VistaHechosRelevantes/VisorDocumentos.aspx?variable1=6c136b35-06a9-4484-a208-3c98a741fa06
[FULL_11_ASFI_VALORES] t=1459.1s | pag=1075 | files=1551 | data=758 | cola= 726 | prio=10 | https://appweb2.asfi.gob.bo/PaginasPublicas2/VistaHechosRelevantes/VisorDocumentos.aspx?variable1=42bb01ab-bb62-4738-9dbe-feb9607e7009
[FULL_11_ASFI_VALORES] t=1459.9s | pag=1075 | files=1552 | data=758 | cola= 725 | prio=10 | https://appweb2.asfi.gob.bo/PaginasPublicas2/VistaHechosRelevantes/VisorDocumentos.aspx?variable1=4daaa3c8-f420-424c-9a7a-ac930fd89fc0
[FULL_11_ASFI_VALORES] t=1460.6s | pag=1075 | files=1553 | data=758 | cola= 724 | prio=10 | https://appweb2.asfi.gob.bo/PaginasPublicas2/VistaHechosRelevantes/VisorDocumentos.aspx?variable1=964ea67b-2e01-41c3-b590-7417fadba02e
[FULL_11_ASFI_VALORES] t=1461.6s | pag=1075 | files=1554 | data=758 | cola= 723 | prio=10 | https://appweb2.asfi.gob.bo/PaginasPublicas2/VistaHechosRelevantes/VisorDocumentos.aspx?variable1=6d941a21-3dbf-4133-8d5a-ef44078e66ac
[FULL_11_ASFI_VALORES] t=1462.7s | pag=1075 | files=1555 | data=758 | cola= 722 | prio=10 | https://appweb2.asfi.gob.bo/PaginasPublicas2/VistaHechosRelevantes/VisorDocumentos.aspx?variable1=76b7481f-5639-414c-bc54-322347955643
[FULL_11_ASFI_VALORES] t=1463.6s | pag=1075 | files=1556 | data=758 | cola= 721 | prio=10 | https://appweb2.asfi.gob.bo/PaginasPublicas2/VistaHechosRelevantes/VisorDocumentos.aspx?variable1=4b94faa5-a1c4-4885-8fea-3f348c07cf8a
[FULL_11_ASFI_VALORES] t=1464.5s | pag=1075 | files=1557 | data=758 | cola= 720 | prio=10 | https://appweb2.asfi.gob.bo/PaginasPublicas2/VistaHechosRelevantes/VisorDocumentos.aspx?variable1=777fea5c-3358-4ab0-acd6-6113142f0ee2
[FULL_11_ASFI_VALORES] t=1465.6s | pag=1075 | files=1558 | data=758 | cola= 719 | prio=10 | https://appweb2.asfi.gob.bo/PaginasPublicas2/VistaHechosRelevantes/VisorDocumentos.aspx?variable1=89482d98-04dd-4d4f-a978-98dde012f6ec
[FULL_11_ASFI_VALORES] t=1466.5s | pag=1075 | files=1559 | data=758 | cola= 718 | prio=10 | https://appweb2.asfi.gob.bo/PaginasPublicas2/VistaHechosRelevantes/VisorDocumentos.aspx?variable1=12346643-38a5-4d71-b51f-35f41e49b7b6
[FULL_11_ASFI_VALORES] t=1467.6s | pag=1075 | files=1560 | data=758 | cola= 717 | prio=10 | https://appweb2.asfi.gob.bo/PaginasPublicas2/VistaHechosRelevantes/VisorDocumentos.aspx?variable1=7b1c287c-b388-4a3c-8903-1194ad1a558f
[FULL_11_ASFI_VALORES] t=1468.6s | pag=1075 | files=1561 | data=758 | cola= 716 | prio=10 | https://appweb2.asfi.gob.bo/PaginasPublicas2/VistaHechosRelevantes/VisorDocumentos.aspx?variable1=2d98f3fa-95e4-4a71-83a3-da74015258a6
[FULL_11_ASFI_VALORES] t=1469.4s | pag=1075 | files=1562 | data=758 | cola= 715 | prio=10 | https://appweb2.asfi.gob.bo/PaginasPublicas2/VistaHechosRelevantes/VisorDocumentos.aspx?variable1=ca06bb02-120b-4a1e-b649-c5e0ca230e19
[FULL_11_ASFI_VALORES] t=1470.2s | pag=1075 | files=1563 | data=758 | cola= 714 | prio=10 | https://appweb2.asfi.gob.bo/PaginasPublicas2/VistaHechosRelevantes/VisorDocumentos.aspx?variable1=0691e738-3b0c-4d35-8ebf-8fce70b393ad
[FULL_11_ASFI_VALORES] t=1471.2s | pag=1075 | files=1564 | data=758 | cola= 713 | prio=10 | https://appweb2.asfi.gob.bo/PaginasPublicas2/VistaHechosRelevantes/VisorDocumentos.aspx?variable1=93be27d2-b20e-4da8-a686-893764e470fb
[FULL_11_ASFI_VALORES] t=1472.3s | pag=1075 | files=1565 | data=758 | cola= 712 | prio=10 | https://appweb2.asfi.gob.bo/PaginasPublicas2/VistaHechosRelevantes/VisorDocumentos.aspx?variable1=2bbc3c8b-37c7-4d54-a6bd-a6ea939ff546
[FULL_11_ASFI_VALORES] t=1473.2s | pag=1075 | files=1566 | data=758 | cola= 711 | prio=10 | https://appweb2.asfi.gob.bo/PaginasPublicas2/VistaHechosRelevantes/VisorDocumentos.aspx?variable1=af7491bb-7824-4ff0-828f-5d8a79fbbbd9
[FULL_11_ASFI_VALORES] t=1474.1s | pag=1075 | files=1567 | data=758 | cola= 710 | prio=10 | https://appweb2.asfi.gob.bo/PaginasPublicas2/VistaHechosRelevantes/VisorDocumentos.aspx?variable1=71f636a5-05c9-4d0f-8ab8-d0ba01c74ec4
[FULL_11_ASFI_VALORES] t=1475.1s | pag=1075 | files=1568 | data=758 | cola= 709 | prio=10 | https://appweb2.asfi.gob.bo/PaginasPublicas2/VistaHechosRelevantes/VisorDocumentos.aspx?variable1=eeecbf05-0c59-4f76-8714-f490874449d7
[FULL_11_ASFI_VALORES] t=1475.8s | pag=1075 | files=1569 | data=758 | cola= 708 | prio=10 | https://appweb2.asfi.gob.bo/PaginasPublicas2/VistaHechosRelevantes/VisorDocumentos.aspx?variable1=5b0e2946-9922-4bfc-9bd5-5b6a2ad6cc85
[FULL_11_ASFI_VALORES] t=1476.8s | pag=1075 | files=1570 | data=758 | cola= 707 | prio=10 | https://appweb2.asfi.gob.bo/PaginasPublicas2/VistaHechosRelevantes/VisorDocumentos.aspx?variable1=1e032f0f-d2da-4ed2-8df8-31b8ae674f95
[FULL_11_ASFI_VALORES] t=1477.9s | pag=1075 | files=1571 | data=758 | cola= 706 | prio=10 | https://appweb2.asfi.gob.bo/PaginasPublicas2/VistaHechosRelevantes/VisorDocumentos.aspx?variable1=7ff358f4-c7d1-4a43-be71-69e1c2aaa322
[FULL_11_ASFI_VALORES] t=1478.9s | pag=1075 | files=1572 | data=758 | cola= 705 | prio=10 | https://appweb2.asfi.gob.bo/PaginasPublicas2/VistaHechosRelevantes/VisorDocumentos.aspx?variable1=d715cf68-ee12-4213-84b4-2508fb9f32d2
[FULL_11_ASFI_VALORES] t=1480.0s | pag=1075 | files=1573 | data=758 | cola= 704 | prio=10 | https://appweb2.asfi.gob.bo/PaginasPublicas2/VistaHechosRelevantes/VisorDocumentos.aspx?variable1=b8bc31a8-f7fa-47d6-bc35-ad2af4a327cb
[FULL_11_ASFI_VALORES] t=1481.1s | pag=1075 | files=1574 | data=758 | cola= 703 | prio=10 | https://appweb2.asfi.gob.bo/PaginasPublicas2/VistaHechosRelevantes/VisorDocumentos.aspx?variable1=c62200b2-7a16-4b1f-8dec-d806d5c69f87
[FULL_11_ASFI_VALORES] t=1482.3s | pag=1075 | files=1575 | data=758 | cola= 702 | prio=10 | https://appweb2.asfi.gob.bo/PaginasPublicas2/VistaHechosRelevantes/VisorDocumentos.aspx?variable1=6ecac35b-72f2-4d51-aa90-c86283e37bf3
[FULL_11_ASFI_VALORES] t=1483.3s | pag=1075 | files=1576 | data=758 | cola= 701 | prio=10 | https://appweb2.asfi.gob.bo/PaginasPublicas2/VistaHechosRelevantes/VisorDocumentos.aspx?variable1=5a939e4e-bf6e-4a63-b52f-4dff6660c87a
[FULL_11_ASFI_VALORES] t=1484.2s | pag=1075 | files=1577 | data=758 | cola= 700 | prio=10 | https://appweb2.asfi.gob.bo/PaginasPublicas2/VistaHechosRelevantes/VisorDocumentos.aspx?variable1=bb48ecbc-994b-4d43-b697-192969d7b108
[FULL_11_ASFI_VALORES] t=1485.2s | pag=1075 | files=1578 | data=758 | cola= 699 | prio=10 | https://appweb2.asfi.gob.bo/PaginasPublicas2/VistaHechosRelevantes/VisorDocumentos.aspx?variable1=562ca35e-7488-4422-9198-0f878944f76a
[FULL_11_ASFI_VALORES] t=1486.5s | pag=1075 | files=1579 | data=758 | cola= 698 | prio=10 | https://appweb2.asfi.gob.bo/PaginasPublicas2/VistaHechosRelevantes/VisorDocumentos.aspx?variable1=2a235a5f-08a0-40c9-aafa-e3b465ff0018
[FULL_11_ASFI_VALORES] t=1487.4s | pag=1075 | files=1580 | data=758 | cola= 697 | prio=10 | https://appweb2.asfi.gob.bo/PaginasPublicas2/VistaHechosRelevantes/VisorDocumentos.aspx?variable1=f0ad88ad-f49e-48dd-acdb-163420f3290d
[FULL_11_ASFI_VALORES] t=1488.5s | pag=1075 | files=1581 | data=758 | cola= 696 | prio=10 | https://appweb2.asfi.gob.bo/PaginasPublicas2/VistaHechosRelevantes/VisorDocumentos.aspx?variable1=a3de8553-336e-4194-8eb3-8981f89eab14
[FULL_11_ASFI_VALORES] t=1489.6s | pag=1075 | files=1582 | data=758 | cola= 695 | prio=10 | https://appweb2.asfi.gob.bo/PaginasPublicas2/VistaHechosRelevantes/VisorDocumentos.aspx?variable1=2fe550fd-bc86-4648-82a6-3b55ac802fca
[FULL_11_ASFI_VALORES] t=1490.5s | pag=1075 | files=1583 | data=758 | cola= 694 | prio=10 | https://appweb2.asfi.gob.bo/PaginasPublicas2/VistaHechosRelevantes/VisorDocumentos.aspx?variable1=98933406-a26f-4f68-adc2-f6e1a5252e50
[FULL_11_ASFI_VALORES] t=1491.7s | pag=1075 | files=1584 | data=758 | cola= 693 | prio=10 | https://appweb2.asfi.gob.bo/PaginasPublicas2/VistaHechosRelevantes/VisorDocumentos.aspx?variable1=99ac1c9a-da27-4bfe-b140-4a0da1995f61
[FULL_11_ASFI_VALORES] t=1492.9s | pag=1075 | files=1585 | data=758 | cola= 692 | prio=10 | https://appweb2.asfi.gob.bo/PaginasPublicas2/VistaHechosRelevantes/VisorDocumentos.aspx?variable1=df66afd2-6ab3-4452-b7f2-b035252eabf8
[FULL_11_ASFI_VALORES] t=1494.0s | pag=1075 | files=1586 | data=758 | cola= 691 | prio=10 | https://appweb2.asfi.gob.bo/PaginasPublicas2/VistaHechosRelevantes/VisorDocumentos.aspx?variable1=d6f8b6bc-bb74-4368-bdc1-659b52e59adf
[FULL_11_ASFI_VALORES] t=1494.8s | pag=1075 | files=1587 | data=758 | cola= 690 | prio=10 | https://appweb2.asfi.gob.bo/PaginasPublicas2/VistaHechosRelevantes/VisorDocumentos.aspx?variable1=d064b8d9-5093-474d-9806-bf80b01c05ba
[FULL_11_ASFI_VALORES] t=1495.9s | pag=1075 | files=1588 | data=758 | cola= 689 | prio=10 | https://appweb2.asfi.gob.bo/PaginasPublicas2/VistaHechosRelevantes/VisorDocumentos.aspx?variable1=49643b77-7e49-4a76-ae8b-768da21db7a8
[FULL_11_ASFI_VALORES] t=1496.9s | pag=1075 | files=1589 | data=758 | cola= 688 | prio=10 | https://appweb2.asfi.gob.bo/PaginasPublicas2/VistaHechosRelevantes/VisorDocumentos.aspx?variable1=53f9f877-6238-4d8a-84df-ffd1aee5fd92
[FULL_11_ASFI_VALORES] t=1497.9s | pag=1075 | files=1590 | data=758 | cola= 687 | prio=10 | https://appweb2.asfi.gob.bo/PaginasPublicas2/VistaHechosRelevantes/VisorDocumentos.aspx?variable1=92800fe9-58b7-47a7-8057-b1e71736cd28
[FULL_11_ASFI_VALORES] t=1498.7s | pag=1075 | files=1591 | data=758 | cola= 686 | prio=10 | https://appweb2.asfi.gob.bo/PaginasPublicas2/VistaHechosRelevantes/VisorDocumentos.aspx?variable1=b8cdbbc5-88f4-45ce-8fab-88d6e105cf1a
[FULL_11_ASFI_VALORES] t=1499.4s | pag=1075 | files=1592 | data=758 | cola= 685 | prio=10 | https://appweb2.asfi.gob.bo/PaginasPublicas2/VistaHechosRelevantes/VisorDocumentos.aspx?variable1=623605cf-4e5a-4cce-8416-484e1329ade9
[FULL_11_ASFI_VALORES] t=1500.3s | pag=1075 | files=1593 | data=758 | cola= 684 | prio=10 | https://appweb2.asfi.gob.bo/PaginasPublicas2/VistaHechosRelevantes/VisorDocumentos.aspx?variable1=e07a6f1a-7dba-46d4-a9cd-4062fc179895
[FULL_11_ASFI_VALORES] t=1501.3s | pag=1075 | files=1594 | data=758 | cola= 683 | prio=10 | https://appweb2.asfi.gob.bo/PaginasPublicas2/VistaHechosRelevantes/VisorDocumentos.aspx?variable1=7d172a69-2a20-4957-a015-a52e6ba6e8ce
[FULL_11_ASFI_VALORES] t=1502.1s | pag=1075 | files=1595 | data=758 | cola= 682 | prio=10 | https://appweb2.asfi.gob.bo/PaginasPublicas2/VistaHechosRelevantes/VisorDocumentos.aspx?variable1=9cad8244-6347-4b5a-9787-3382f60a67a4
[FULL_11_ASFI_VALORES] t=1503.0s | pag=1075 | files=1596 | data=758 | cola= 681 | prio=10 | https://appweb2.asfi.gob.bo/PaginasPublicas2/VistaHechosRelevantes/VisorDocumentos.aspx?variable1=4fbdd044-3ac2-4e4c-8793-b08e8dfa578f
[FULL_11_ASFI_VALORES] t=1503.9s | pag=1075 | files=1597 | data=758 | cola= 680 | prio=10 | https://appweb2.asfi.gob.bo/PaginasPublicas2/VistaHechosRelevantes/VisorDocumentos.aspx?variable1=a9efc8d7-3991-4127-9afe-c83c6d7f45b0
[FULL_11_ASFI_VALORES] t=1504.8s | pag=1075 | files=1598 | data=758 | cola= 679 | prio=10 | https://appweb2.asfi.gob.bo/PaginasPublicas2/VistaHechosRelevantes/VisorDocumentos.aspx?variable1=c1152fa8-77b0-48e7-9d82-8ad15ff5cbfc
[FULL_11_ASFI_VALORES] t=1505.9s | pag=1075 | files=1599 | data=758 | cola= 678 | prio=10 | https://appweb2.asfi.gob.bo/PaginasPublicas2/VistaHechosRelevantes/VisorDocumentos.aspx?variable1=e23205d5-2d0c-47d2-9daf-ca1a8c237315
[FULL_11_ASFI_VALORES] t=1507.3s | pag=1075 | files=1600 | data=758 | cola= 677 | prio=10 | https://appweb2.asfi.gob.bo/PaginasPublicas2/VistaHechosRelevantes/VisorDocumentos.aspx?variable1=891a4fd5-7b84-46f2-9489-52f870aba10b
[FULL_11_ASFI_VALORES] t=1508.2s | pag=1075 | files=1601 | data=758 | cola= 676 | prio=10 | https://appweb2.asfi.gob.bo/PaginasPublicas2/VistaHechosRelevantes/VisorDocumentos.aspx?variable1=c6f024e9-333a-48fe-8b4a-fc7393ed3b6a
[FULL_11_ASFI_VALORES] t=1509.0s | pag=1075 | files=1602 | data=758 | cola= 675 | prio=10 | https://appweb2.asfi.gob.bo/PaginasPublicas2/VistaHechosRelevantes/VisorDocumentos.aspx?variable1=2c228375-06a5-4195-8016-1dcefd55dc4e
[FULL_11_ASFI_VALORES] t=1510.2s | pag=1075 | files=1603 | data=758 | cola= 674 | prio=10 | https://appweb2.asfi.gob.bo/PaginasPublicas2/VistaHechosRelevantes/VisorDocumentos.aspx?variable1=68370fa5-6f11-4a13-9024-a7c199dae464
[FULL_11_ASFI_VALORES] t=1510.9s | pag=1075 | files=1604 | data=758 | cola= 673 | prio=10 | https://appweb2.asfi.gob.bo/PaginasPublicas2/VistaHechosRelevantes/VisorDocumentos.aspx?variable1=74b6acd3-1e1f-4473-acee-77362bb2f2ba
[FULL_11_ASFI_VALORES] t=1511.9s | pag=1075 | files=1605 | data=758 | cola= 672 | prio=10 | https://appweb2.asfi.gob.bo/PaginasPublicas2/VistaHechosRelevantes/VisorDocumentos.aspx?variable1=c533393f-663f-413e-ab09-b095f9860ab5
[FULL_11_ASFI_VALORES] t=1513.1s | pag=1075 | files=1606 | data=758 | cola= 671 | prio=10 | https://appweb2.asfi.gob.bo/PaginasPublicas2/VistaHechosRelevantes/VisorDocumentos.aspx?variable1=1e02905b-8b26-4e00-85fb-b4b27275f045
[FULL_11_ASFI_VALORES] t=1514.1s | pag=1075 | files=1607 | data=758 | cola= 670 | prio=10 | https://appweb2.asfi.gob.bo/PaginasPublicas2/VistaHechosRelevantes/VisorDocumentos.aspx?variable1=3ddc9ecc-b8e4-4289-945c-5dd2dd5b366a
[FULL_11_ASFI_VALORES] t=1515.3s | pag=1075 | files=1608 | data=758 | cola= 669 | prio=10 | https://appweb2.asfi.gob.bo/PaginasPublicas2/VistaHechosRelevantes/VisorDocumentos.aspx?variable1=c518a04f-b621-44e3-8eed-03c5a1ceacc0
[FULL_11_ASFI_VALORES] t=1516.1s | pag=1075 | files=1609 | data=758 | cola= 668 | prio=10 | https://appweb2.asfi.gob.bo/PaginasPublicas2/VistaHechosRelevantes/VisorDocumentos.aspx?variable1=80a8855d-f954-4962-abf0-0380b74b120a
[FULL_11_ASFI_VALORES] t=1516.7s | pag=1075 | files=1610 | data=758 | cola= 667 | prio=10 | https://appweb2.asfi.gob.bo/PaginasPublicas2/VistaHechosRelevantes/VisorDocumentos.aspx?variable1=48031345-6d05-4521-a29b-388a30580692
[FULL_11_ASFI_VALORES] t=1517.5s | pag=1075 | files=1611 | data=758 | cola= 666 | prio=10 | https://appweb2.asfi.gob.bo/PaginasPublicas2/VistaHechosRelevantes/VisorDocumentos.aspx?variable1=a38b6cf1-c63c-4a33-9128-761871204a52
[FULL_11_ASFI_VALORES] t=1518.3s | pag=1075 | files=1612 | data=758 | cola= 665 | prio=10 | https://appweb2.asfi.gob.bo/PaginasPublicas2/VistaHechosRelevantes/VisorDocumentos.aspx?variable1=e40bdf53-2eb2-44bb-a108-d6e34395bc7e
[FULL_11_ASFI_VALORES] t=1519.1s | pag=1075 | files=1613 | data=758 | cola= 664 | prio=10 | https://appweb2.asfi.gob.bo/PaginasPublicas2/VistaHechosRelevantes/VisorDocumentos.aspx?variable1=f091f787-d7ac-43b7-a847-05cf4cdd46e7
[FULL_11_ASFI_VALORES] t=1520.2s | pag=1075 | files=1614 | data=758 | cola= 663 | prio=10 | https://appweb2.asfi.gob.bo/PaginasPublicas2/VistaHechosRelevantes/VisorDocumentos.aspx?variable1=7986f413-72ba-4f23-af83-ce6b1a0fb7d7
[FULL_11_ASFI_VALORES] t=1521.4s | pag=1075 | files=1615 | data=758 | cola= 662 | prio=10 | https://appweb2.asfi.gob.bo/PaginasPublicas2/VistaHechosRelevantes/VisorDocumentos.aspx?variable1=4b37b910-6275-4410-9328-a2af75610a45
[FULL_11_ASFI_VALORES] t=1522.1s | pag=1075 | files=1616 | data=758 | cola= 661 | prio=10 | https://appweb2.asfi.gob.bo/PaginasPublicas2/VistaHechosRelevantes/VisorDocumentos.aspx?variable1=c723f87f-13bb-4821-8862-1bed135161ef
[FULL_11_ASFI_VALORES] t=1523.2s | pag=1075 | files=1617 | data=758 | cola= 660 | prio=10 | https://appweb2.asfi.gob.bo/PaginasPublicas2/VistaHechosRelevantes/VisorDocumentos.aspx?variable1=5c29207a-144a-4ee1-a9e4-3f676a49c699
[FULL_11_ASFI_VALORES] t=1524.2s | pag=1075 | files=1618 | data=758 | cola= 659 | prio=10 | https://appweb2.asfi.gob.bo/PaginasPublicas2/VistaHechosRelevantes/VisorDocumentos.aspx?variable1=bd96f448-10ea-4803-a04b-3233fc3ee71c
[FULL_11_ASFI_VALORES] t=1524.9s | pag=1075 | files=1619 | data=758 | cola= 658 | prio=10 | https://appweb2.asfi.gob.bo/PaginasPublicas2/VistaHechosRelevantes/VisorDocumentos.aspx?variable1=eaf556a0-9418-4bfb-a9fe-cc94a78e4a77
[FULL_11_ASFI_VALORES] t=1525.8s | pag=1075 | files=1620 | data=758 | cola= 657 | prio=10 | https://appweb2.asfi.gob.bo/PaginasPublicas2/VistaHechosRelevantes/VisorDocumentos.aspx?variable1=4c12e6b3-4e3c-4fec-b882-fa063b85b540
[FULL_11_ASFI_VALORES] t=1527.0s | pag=1075 | files=1621 | data=758 | cola= 656 | prio=10 | https://appweb2.asfi.gob.bo/PaginasPublicas2/VistaHechosRelevantes/VisorDocumentos.aspx?variable1=bd532df3-d515-4a99-b999-81a50fe38828
[FULL_11_ASFI_VALORES] t=1527.6s | pag=1075 | files=1622 | data=758 | cola= 655 | prio=10 | https://appweb2.asfi.gob.bo/PaginasPublicas2/VistaHechosRelevantes/VisorDocumentos.aspx?variable1=acaf5abd-dcd2-43b5-a7e8-c42b35d7ad69
[FULL_11_ASFI_VALORES] t=1528.7s | pag=1075 | files=1623 | data=758 | cola= 654 | prio=10 | https://appweb2.asfi.gob.bo/PaginasPublicas2/VistaHechosRelevantes/VisorDocumentos.aspx?variable1=87ce22e4-bb6c-4926-a744-4c2c547dcbea
[FULL_11_ASFI_VALORES] t=1529.8s | pag=1075 | files=1624 | data=758 | cola= 653 | prio=10 | https://appweb2.asfi.gob.bo/PaginasPublicas2/VistaHechosRelevantes/VisorDocumentos.aspx?variable1=bbadf2c6-2db6-46e8-b462-894038030d75
[FULL_11_ASFI_VALORES] t=1531.0s | pag=1075 | files=1625 | data=758 | cola= 652 | prio=10 | https://appweb2.asfi.gob.bo/PaginasPublicas2/VistaHechosRelevantes/VisorDocumentos.aspx?variable1=1252184f-bbef-4ea7-897f-96ca174df7f6
[FULL_11_ASFI_VALORES] t=1532.3s | pag=1075 | files=1626 | data=758 | cola= 651 | prio=10 | https://appweb2.asfi.gob.bo/PaginasPublicas2/VistaHechosRelevantes/VisorDocumentos.aspx?variable1=160fbf75-c134-4e05-b352-09eb48c800df
[FULL_11_ASFI_VALORES] t=1533.5s | pag=1075 | files=1627 | data=758 | cola= 650 | prio=10 | https://appweb2.asfi.gob.bo/PaginasPublicas2/VistaHechosRelevantes/VisorDocumentos.aspx?variable1=e8cf84e0-e22a-483d-97b9-41a34fbd707d
[FULL_11_ASFI_VALORES] t=1534.5s | pag=1075 | files=1628 | data=758 | cola= 649 | prio=10 | https://appweb2.asfi.gob.bo/PaginasPublicas2/VistaHechosRelevantes/VisorDocumentos.aspx?variable1=fd6b0122-2ef5-4db4-bf80-d7d62c5c268c
[FULL_11_ASFI_VALORES] t=1535.5s | pag=1075 | files=1629 | data=758 | cola= 648 | prio=10 | https://appweb2.asfi.gob.bo/PaginasPublicas2/VistaHechosRelevantes/VisorDocumentos.aspx?variable1=e156a1c6-0dc8-4472-aa07-17cd379f19a2
[FULL_11_ASFI_VALORES] t=1536.6s | pag=1075 | files=1630 | data=758 | cola= 647 | prio=10 | https://appweb2.asfi.gob.bo/PaginasPublicas2/VistaHechosRelevantes/VisorDocumentos.aspx?variable1=a9fd4eaf-edac-4df2-ad3d-9a5374de7973
[FULL_11_ASFI_VALORES] t=1537.5s | pag=1075 | files=1631 | data=758 | cola= 646 | prio=10 | https://appweb2.asfi.gob.bo/PaginasPublicas2/VistaHechosRelevantes/VisorDocumentos.aspx?variable1=cc6866b2-0da0-4c7d-9551-fea7e13e8c94
[FULL_11_ASFI_VALORES] t=1538.1s | pag=1075 | files=1632 | data=758 | cola= 645 | prio=10 | https://appweb2.asfi.gob.bo/PaginasPublicas2/VistaHechosRelevantes/VisorDocumentos.aspx?variable1=82e2a8eb-4b03-4036-9635-d84d80f0a6af
[FULL_11_ASFI_VALORES] t=1539.0s | pag=1075 | files=1633 | data=758 | cola= 644 | prio=10 | https://appweb2.asfi.gob.bo/PaginasPublicas2/VistaHechosRelevantes/VisorDocumentos.aspx?variable1=f146f80a-d8dd-4290-a14d-8154706a4d7c
[FULL_11_ASFI_VALORES] t=1539.9s | pag=1075 | files=1634 | data=758 | cola= 643 | prio=10 | https://appweb2.asfi.gob.bo/PaginasPublicas2/VistaHechosRelevantes/VisorDocumentos.aspx?variable1=8b17b300-f03b-4d7a-a6f3-2c1680bcf8d1
[FULL_11_ASFI_VALORES] t=1540.8s | pag=1075 | files=1635 | data=758 | cola= 642 | prio=10 | https://appweb2.asfi.gob.bo/PaginasPublicas2/VistaHechosRelevantes/VisorDocumentos.aspx?variable1=ff200e38-d524-461e-85a5-574e9a6cf370
[FULL_11_ASFI_VALORES] t=1541.8s | pag=1075 | files=1636 | data=758 | cola= 641 | prio=10 | https://appweb2.asfi.gob.bo/PaginasPublicas2/VistaHechosRelevantes/VisorDocumentos.aspx?variable1=5293b1da-a526-4756-b169-aae99dee1723
[FULL_11_ASFI_VALORES] t=1542.7s | pag=1075 | files=1637 | data=758 | cola= 640 | prio=10 | https://appweb2.asfi.gob.bo/PaginasPublicas2/VistaHechosRelevantes/VisorDocumentos.aspx?variable1=4d66bec7-9366-4818-a8b4-01ee4519b192
[FULL_11_ASFI_VALORES] t=1543.8s | pag=1075 | files=1638 | data=758 | cola= 639 | prio=10 | https://appweb2.asfi.gob.bo/PaginasPublicas2/VistaHechosRelevantes/VisorDocumentos.aspx?variable1=dea4db25-a982-4229-8547-3a5d49326b29
[FULL_11_ASFI_VALORES] t=1544.7s | pag=1075 | files=1639 | data=758 | cola= 638 | prio=10 | https://appweb2.asfi.gob.bo/PaginasPublicas2/VistaHechosRelevantes/VisorDocumentos.aspx?variable1=3c6f5c0b-bf4e-4dbb-8803-f389c93c40a3
[FULL_11_ASFI_VALORES] t=1545.5s | pag=1075 | files=1640 | data=758 | cola= 637 | prio=10 | https://appweb2.asfi.gob.bo/PaginasPublicas2/VistaHechosRelevantes/VisorDocumentos.aspx?variable1=441a650d-dac4-4171-9fb4-572934973ba1
[FULL_11_ASFI_VALORES] t=1546.5s | pag=1075 | files=1641 | data=758 | cola= 636 | prio=10 | https://appweb2.asfi.gob.bo/PaginasPublicas2/VistaHechosRelevantes/VisorDocumentos.aspx?variable1=055946dd-dd14-4c93-9ed4-ef2454ba5356
[FULL_11_ASFI_VALORES] t=1547.3s | pag=1075 | files=1642 | data=758 | cola= 635 | prio=10 | https://appweb2.asfi.gob.bo/PaginasPublicas2/VistaHechosRelevantes/VisorDocumentos.aspx?variable1=7c76c1cf-ab15-4f47-8c42-dc34303a97b5
[FULL_11_ASFI_VALORES] t=1548.4s | pag=1075 | files=1643 | data=758 | cola= 634 | prio=10 | https://appweb2.asfi.gob.bo/PaginasPublicas2/VistaHechosRelevantes/VisorDocumentos.aspx?variable1=95a3bccc-1d24-4b82-92d3-529a32b330bb
[FULL_11_ASFI_VALORES] t=1549.2s | pag=1075 | files=1644 | data=758 | cola= 633 | prio=10 | https://appweb2.asfi.gob.bo/PaginasPublicas2/VistaHechosRelevantes/VisorDocumentos.aspx?variable1=4358df7f-2144-4d3e-8cc2-1c021461f2c4
[FULL_11_ASFI_VALORES] t=1550.4s | pag=1075 | files=1645 | data=758 | cola= 632 | prio=10 | https://appweb2.asfi.gob.bo/PaginasPublicas2/VistaHechosRelevantes/VisorDocumentos.aspx?variable1=7ba8c952-50e3-4db6-9df7-75da9de9141f
[FULL_11_ASFI_VALORES] t=1551.4s | pag=1075 | files=1646 | data=758 | cola= 631 | prio=10 | https://appweb2.asfi.gob.bo/PaginasPublicas2/VistaHechosRelevantes/VisorDocumentos.aspx?variable1=bedc2ac0-79bd-4699-bad7-4f05a16ec5d3
[FULL_11_ASFI_VALORES] t=1552.2s | pag=1075 | files=1647 | data=758 | cola= 630 | prio=10 | https://appweb2.asfi.gob.bo/PaginasPublicas2/VistaHechosRelevantes/VisorDocumentos.aspx?variable1=b670c259-b77a-4b20-979a-b6010434a54b
[FULL_11_ASFI_VALORES] t=1552.9s | pag=1075 | files=1648 | data=758 | cola= 629 | prio=10 | https://appweb2.asfi.gob.bo/PaginasPublicas2/VistaHechosRelevantes/VisorDocumentos.aspx?variable1=f66c397d-67ff-4d1b-9f64-7f3ae7b6e2c0
[FULL_11_ASFI_VALORES] t=1553.8s | pag=1075 | files=1649 | data=758 | cola= 628 | prio=10 | https://appweb2.asfi.gob.bo/PaginasPublicas2/VistaHechosRelevantes/VisorDocumentos.aspx?variable1=27d3ace2-0736-4be2-8770-036ca332069b
[FULL_11_ASFI_VALORES] t=1554.6s | pag=1075 | files=1650 | data=758 | cola= 627 | prio=10 | https://appweb2.asfi.gob.bo/PaginasPublicas2/VistaHechosRelevantes/VisorDocumentos.aspx?variable1=fe0d2ed2-0e47-44e4-9edd-f71686193cff
[FULL_11_ASFI_VALORES] t=1555.6s | pag=1075 | files=1651 | data=758 | cola= 626 | prio=10 | https://appweb2.asfi.gob.bo/PaginasPublicas2/VistaHechosRelevantes/VisorDocumentos.aspx?variable1=1ac15339-0909-462d-818f-86b7ca1800e3
[FULL_11_ASFI_VALORES] t=1556.6s | pag=1075 | files=1652 | data=758 | cola= 625 | prio=10 | https://appweb2.asfi.gob.bo/PaginasPublicas2/VistaHechosRelevantes/VisorDocumentos.aspx?variable1=502fd1c8-85f8-4ae3-83a7-e63db8e89161
[FULL_11_ASFI_VALORES] t=1557.4s | pag=1075 | files=1653 | data=758 | cola= 624 | prio=10 | https://appweb2.asfi.gob.bo/PaginasPublicas2/VistaHechosRelevantes/VisorDocumentos.aspx?variable1=1cebee8f-8e8b-4570-a7f1-9d635a696d62
[FULL_11_ASFI_VALORES] t=1558.6s | pag=1075 | files=1654 | data=758 | cola= 623 | prio=10 | https://appweb2.asfi.gob.bo/PaginasPublicas2/VistaHechosRelevantes/VisorDocumentos.aspx?variable1=6ded3977-5250-446a-87fb-cb34e9ffecec
[FULL_11_ASFI_VALORES] t=1559.4s | pag=1075 | files=1655 | data=758 | cola= 622 | prio=10 | https://appweb2.asfi.gob.bo/PaginasPublicas2/VistaHechosRelevantes/VisorDocumentos.aspx?variable1=899c09c5-2c90-43b3-b9cc-b0e69be400c3
[FULL_11_ASFI_VALORES] t=1560.7s | pag=1075 | files=1656 | data=758 | cola= 621 | prio=10 | https://appweb2.asfi.gob.bo/PaginasPublicas2/VistaHechosRelevantes/VisorDocumentos.aspx?variable1=8e82c213-8cb9-43fe-b2af-71bcdd2d9934
[FULL_11_ASFI_VALORES] t=1561.4s | pag=1075 | files=1657 | data=758 | cola= 620 | prio=10 | https://appweb2.asfi.gob.bo/PaginasPublicas2/VistaHechosRelevantes/VisorDocumentos.aspx?variable1=51a6644b-d2d7-46c3-b4d3-fface17b656c
[FULL_11_ASFI_VALORES] t=1562.3s | pag=1075 | files=1658 | data=758 | cola= 619 | prio=10 | https://appweb2.asfi.gob.bo/PaginasPublicas2/VistaHechosRelevantes/VisorDocumentos.aspx?variable1=d21de668-5470-4e01-b94e-44c29e8ddc06
[FULL_11_ASFI_VALORES] t=1563.4s | pag=1075 | files=1659 | data=758 | cola= 618 | prio=10 | https://appweb2.asfi.gob.bo/PaginasPublicas2/VistaHechosRelevantes/VisorDocumentos.aspx?variable1=0b5974d5-50cb-46e0-a0df-550d6d71eb60
[FULL_11_ASFI_VALORES] t=1564.3s | pag=1075 | files=1660 | data=758 | cola= 617 | prio=10 | https://appweb2.asfi.gob.bo/PaginasPublicas2/VistaHechosRelevantes/VisorDocumentos.aspx?variable1=e8bebc4c-bc98-40cd-95ec-3b4afc9e41a7
[FULL_11_ASFI_VALORES] t=1565.1s | pag=1075 | files=1661 | data=758 | cola= 616 | prio=10 | https://appweb2.asfi.gob.bo/PaginasPublicas2/VistaHechosRelevantes/VisorDocumentos.aspx?variable1=8f53fd3c-f15e-4025-882a-e5c8d7878090
[FULL_11_ASFI_VALORES] t=1565.7s | pag=1075 | files=1662 | data=758 | cola= 615 | prio=10 | https://appweb2.asfi.gob.bo/PaginasPublicas2/VistaHechosRelevantes/VisorDocumentos.aspx?variable1=f4848439-b577-4715-bbdf-57174e62e65b
[FULL_11_ASFI_VALORES] t=1567.0s | pag=1075 | files=1663 | data=758 | cola= 614 | prio=10 | https://appweb2.asfi.gob.bo/PaginasPublicas2/VistaHechosRelevantes/VisorDocumentos.aspx?variable1=0551d990-1e57-496c-82f5-a6b75179e700
[FULL_11_ASFI_VALORES] t=1568.2s | pag=1075 | files=1664 | data=758 | cola= 613 | prio=10 | https://appweb2.asfi.gob.bo/PaginasPublicas2/VistaHechosRelevantes/VisorDocumentos.aspx?variable1=5780332a-14ab-4581-be58-f91c9d3edc83
[FULL_11_ASFI_VALORES] t=1569.0s | pag=1075 | files=1665 | data=758 | cola= 612 | prio=10 | https://appweb2.asfi.gob.bo/PaginasPublicas2/VistaHechosRelevantes/VisorDocumentos.aspx?variable1=ce3c0643-1e12-4201-90d8-e163582894d5
[FULL_11_ASFI_VALORES] t=1570.1s | pag=1075 | files=1666 | data=758 | cola= 611 | prio=10 | https://appweb2.asfi.gob.bo/PaginasPublicas2/VistaHechosRelevantes/VisorDocumentos.aspx?variable1=32a8fe51-41f4-4aa3-9441-8bc352764852
[FULL_11_ASFI_VALORES] t=1571.1s | pag=1075 | files=1667 | data=758 | cola= 610 | prio=10 | https://appweb2.asfi.gob.bo/PaginasPublicas2/VistaHechosRelevantes/VisorDocumentos.aspx?variable1=d4cfbded-b4ec-4cfe-ac59-7eb6213b8770
[FULL_11_ASFI_VALORES] t=1571.8s | pag=1075 | files=1668 | data=758 | cola= 609 | prio=10 | https://appweb2.asfi.gob.bo/PaginasPublicas2/VistaHechosRelevantes/VisorDocumentos.aspx?variable1=56ba3f81-a7a0-417d-b13b-7e0017d34b2e
[FULL_11_ASFI_VALORES] t=1572.8s | pag=1075 | files=1669 | data=758 | cola= 608 | prio=10 | https://appweb2.asfi.gob.bo/PaginasPublicas2/VistaHechosRelevantes/VisorDocumentos.aspx?variable1=8e25af82-f0bd-42db-b369-0e2541dc57b4
[FULL_11_ASFI_VALORES] t=1573.7s | pag=1075 | files=1670 | data=758 | cola= 607 | prio=10 | https://appweb2.asfi.gob.bo/PaginasPublicas2/VistaHechosRelevantes/VisorDocumentos.aspx?variable1=1f943f66-8dec-4622-857f-77b24da4fbf0
[FULL_11_ASFI_VALORES] t=1574.5s | pag=1075 | files=1671 | data=758 | cola= 606 | prio=10 | https://appweb2.asfi.gob.bo/PaginasPublicas2/VistaHechosRelevantes/VisorDocumentos.aspx?variable1=fb84da08-c545-4da0-b940-a13df6859422
[FULL_11_ASFI_VALORES] t=1575.3s | pag=1075 | files=1672 | data=758 | cola= 605 | prio=10 | https://appweb2.asfi.gob.bo/PaginasPublicas2/VistaHechosRelevantes/VisorDocumentos.aspx?variable1=72508a6f-67a8-423e-aa3b-a3bc8ea7455a
[FULL_11_ASFI_VALORES] t=1576.4s | pag=1075 | files=1673 | data=758 | cola= 604 | prio=10 | https://appweb2.asfi.gob.bo/PaginasPublicas2/VistaHechosRelevantes/VisorDocumentos.aspx?variable1=67a678ed-4151-4ea5-ace1-e5d372093df3
[FULL_11_ASFI_VALORES] t=1577.1s | pag=1075 | files=1674 | data=758 | cola= 603 | prio=10 | https://appweb2.asfi.gob.bo/PaginasPublicas2/VistaHechosRelevantes/VisorDocumentos.aspx?variable1=5a10765e-3d6b-4c24-8f43-005686f39b75
[FULL_11_ASFI_VALORES] t=1577.8s | pag=1075 | files=1675 | data=758 | cola= 602 | prio=10 | https://appweb2.asfi.gob.bo/PaginasPublicas2/VistaHechosRelevantes/VisorDocumentos.aspx?variable1=039d186e-2d43-46bb-95fe-f2b28a94fed0
[FULL_11_ASFI_VALORES] t=1579.0s | pag=1075 | files=1676 | data=758 | cola= 601 | prio=10 | https://appweb2.asfi.gob.bo/PaginasPublicas2/VistaHechosRelevantes/VisorDocumentos.aspx?variable1=4b586e1a-b3b1-4907-9a2e-1f53e163ea3b
[FULL_11_ASFI_VALORES] t=1579.8s | pag=1075 | files=1677 | data=758 | cola= 600 | prio=10 | https://appweb2.asfi.gob.bo/PaginasPublicas2/VistaHechosRelevantes/VisorDocumentos.aspx?variable1=b7603e9b-f4b7-47fe-9a08-f96ed5574ecb
[FULL_11_ASFI_VALORES] t=1580.9s | pag=1075 | files=1678 | data=758 | cola= 599 | prio=10 | https://appweb2.asfi.gob.bo/PaginasPublicas2/VistaHechosRelevantes/VisorDocumentos.aspx?variable1=031dcf48-2d52-4dfc-a571-d8cb8aa28166
[FULL_11_ASFI_VALORES] t=1581.7s | pag=1075 | files=1679 | data=758 | cola= 598 | prio=10 | https://appweb2.asfi.gob.bo/PaginasPublicas2/VistaHechosRelevantes/VisorDocumentos.aspx?variable1=15e9310a-fa62-4079-890b-60e43e2734bf
[FULL_11_ASFI_VALORES] t=1582.7s | pag=1075 | files=1680 | data=758 | cola= 597 | prio=10 | https://appweb2.asfi.gob.bo/PaginasPublicas2/VistaHechosRelevantes/VisorDocumentos.aspx?variable1=fc1266e9-9c8d-4148-8e61-370db93918dd
[FULL_11_ASFI_VALORES] t=1583.4s | pag=1075 | files=1681 | data=758 | cola= 596 | prio=10 | https://appweb2.asfi.gob.bo/PaginasPublicas2/VistaHechosRelevantes/VisorDocumentos.aspx?variable1=7c7a7a9b-27c5-43d8-8746-3e5927a2951d
[FULL_11_ASFI_VALORES] t=1584.3s | pag=1075 | files=1682 | data=758 | cola= 595 | prio=10 | https://appweb2.asfi.gob.bo/PaginasPublicas2/VistaHechosRelevantes/VisorDocumentos.aspx?variable1=8c9abfe2-f295-470f-9860-959474639a75
[FULL_11_ASFI_VALORES] t=1585.1s | pag=1075 | files=1683 | data=758 | cola= 594 | prio=10 | https://appweb2.asfi.gob.bo/PaginasPublicas2/VistaHechosRelevantes/VisorDocumentos.aspx?variable1=a6b13c3c-fed4-4baa-87a2-f211f93afdc5
[FULL_11_ASFI_VALORES] t=1586.1s | pag=1075 | files=1684 | data=758 | cola= 593 | prio=10 | https://appweb2.asfi.gob.bo/PaginasPublicas2/VistaHechosRelevantes/VisorDocumentos.aspx?variable1=82ef160f-8fb8-4f61-91f9-40f0dcf681bc
[FULL_11_ASFI_VALORES] t=1587.2s | pag=1075 | files=1685 | data=758 | cola= 592 | prio=10 | https://appweb2.asfi.gob.bo/PaginasPublicas2/VistaHechosRelevantes/VisorDocumentos.aspx?variable1=d6199bee-6bf1-4b31-8287-d3a440d878d3
[FULL_11_ASFI_VALORES] t=1588.0s | pag=1075 | files=1686 | data=758 | cola= 591 | prio=10 | https://appweb2.asfi.gob.bo/PaginasPublicas2/VistaHechosRelevantes/VisorDocumentos.aspx?variable1=dfeb9b9e-3191-4954-b5b7-47143ae970fd
[FULL_11_ASFI_VALORES] t=1589.3s | pag=1075 | files=1687 | data=758 | cola= 590 | prio=10 | https://appweb2.asfi.gob.bo/PaginasPublicas2/VistaHechosRelevantes/VisorDocumentos.aspx?variable1=68d1b8db-a6e8-41c0-ae9d-989517077f6a
[FULL_11_ASFI_VALORES] t=1590.5s | pag=1075 | files=1688 | data=758 | cola= 589 | prio=10 | https://appweb2.asfi.gob.bo/PaginasPublicas2/VistaHechosRelevantes/VisorDocumentos.aspx?variable1=22576710-b41c-4b5e-b300-e4a2341c359e
[FULL_11_ASFI_VALORES] t=1591.7s | pag=1075 | files=1689 | data=758 | cola= 588 | prio=10 | https://appweb2.asfi.gob.bo/PaginasPublicas2/VistaHechosRelevantes/VisorDocumentos.aspx?variable1=06a304eb-09bb-45ea-92a1-e29e9962406a
[FULL_11_ASFI_VALORES] t=1592.6s | pag=1075 | files=1690 | data=758 | cola= 587 | prio=10 | https://appweb2.asfi.gob.bo/PaginasPublicas2/VistaHechosRelevantes/VisorDocumentos.aspx?variable1=1d545a92-ab82-42a4-94eb-2128514ec212
[FULL_11_ASFI_VALORES] t=1593.5s | pag=1075 | files=1691 | data=758 | cola= 586 | prio=10 | https://appweb2.asfi.gob.bo/PaginasPublicas2/VistaHechosRelevantes/VisorDocumentos.aspx?variable1=bc67fe14-9bcb-4e46-b559-a5793d5cac35
[FULL_11_ASFI_VALORES] t=1594.6s | pag=1075 | files=1692 | data=758 | cola= 585 | prio=10 | https://appweb2.asfi.gob.bo/PaginasPublicas2/VistaHechosRelevantes/VisorDocumentos.aspx?variable1=4d4648c6-bae5-4870-9f97-0674c8b3cd94
[FULL_11_ASFI_VALORES] t=1595.5s | pag=1075 | files=1693 | data=758 | cola= 584 | prio=10 | https://appweb2.asfi.gob.bo/PaginasPublicas2/VistaHechosRelevantes/VisorDocumentos.aspx?variable1=db8b3c27-2fa7-4bae-9e56-d484e0e9c86e
[FULL_11_ASFI_VALORES] t=1596.3s | pag=1075 | files=1694 | data=758 | cola= 583 | prio=10 | https://appweb2.asfi.gob.bo/PaginasPublicas2/VistaHechosRelevantes/VisorDocumentos.aspx?variable1=d598a705-6b9b-4995-98d0-c57c1421c6e7
[FULL_11_ASFI_VALORES] t=1597.5s | pag=1075 | files=1695 | data=758 | cola= 582 | prio=10 | https://appweb2.asfi.gob.bo/PaginasPublicas2/VistaHechosRelevantes/VisorDocumentos.aspx?variable1=859ff96a-09c1-4c31-937d-cb7bcb01b98b
[FULL_11_ASFI_VALORES] t=1598.5s | pag=1075 | files=1696 | data=758 | cola= 581 | prio=10 | https://appweb2.asfi.gob.bo/PaginasPublicas2/VistaHechosRelevantes/VisorDocumentos.aspx?variable1=dfded2ab-7619-41e4-8897-a353b7f2d185
[FULL_11_ASFI_VALORES] t=1599.2s | pag=1075 | files=1697 | data=758 | cola= 580 | prio=10 | https://appweb2.asfi.gob.bo/PaginasPublicas2/VistaHechosRelevantes/VisorDocumentos.aspx?variable1=a631a8e3-9166-4c63-b875-219480b902b1
[FULL_11_ASFI_VALORES] t=1600.0s | pag=1075 | files=1698 | data=758 | cola= 579 | prio=10 | https://appweb2.asfi.gob.bo/PaginasPublicas2/VistaHechosRelevantes/VisorDocumentos.aspx?variable1=ca55621a-6c35-49d1-8d90-7e4df8091ba5
[FULL_11_ASFI_VALORES] t=1601.1s | pag=1075 | files=1699 | data=758 | cola= 578 | prio=10 | https://appweb2.asfi.gob.bo/PaginasPublicas2/VistaHechosRelevantes/VisorDocumentos.aspx?variable1=5991e652-bc94-4177-9487-4a4b4ded55f1
[FULL_11_ASFI_VALORES] t=1602.4s | pag=1075 | files=1700 | data=758 | cola= 577 | prio=10 | https://appweb2.asfi.gob.bo/PaginasPublicas2/VistaHechosRelevantes/VisorDocumentos.aspx?variable1=42d80937-81bf-4ccd-bb75-ac6932fdd6da
[FULL_11_ASFI_VALORES] t=1603.4s | pag=1075 | files=1701 | data=758 | cola= 576 | prio=10 | https://appweb2.asfi.gob.bo/PaginasPublicas2/VistaHechosRelevantes/VisorDocumentos.aspx?variable1=083bd21d-9da3-4d5c-b3cf-b5e8d3155b86
[FULL_11_ASFI_VALORES] t=1604.8s | pag=1075 | files=1702 | data=758 | cola= 575 | prio=10 | https://appweb2.asfi.gob.bo/PaginasPublicas2/VistaHechosRelevantes/VisorDocumentos.aspx?variable1=5b162cf9-af65-4cea-9453-5830ec0e958e
[FULL_11_ASFI_VALORES] t=1605.9s | pag=1075 | files=1703 | data=758 | cola= 574 | prio=10 | https://appweb2.asfi.gob.bo/PaginasPublicas2/VistaHechosRelevantes/VisorDocumentos.aspx?variable1=836ce837-a1d9-46ba-a2d7-bb812b465df6
[FULL_11_ASFI_VALORES] t=1606.8s | pag=1075 | files=1704 | data=758 | cola= 573 | prio=10 | https://appweb2.asfi.gob.bo/PaginasPublicas2/VistaHechosRelevantes/VisorDocumentos.aspx?variable1=3272e51c-64ce-4879-9122-050e61258056
[FULL_11_ASFI_VALORES] t=1607.7s | pag=1075 | files=1705 | data=758 | cola= 572 | prio=10 | https://appweb2.asfi.gob.bo/PaginasPublicas2/VistaHechosRelevantes/VisorDocumentos.aspx?variable1=f6033d21-55e0-44a7-8554-d35356bb1e8c
[FULL_11_ASFI_VALORES] t=1608.9s | pag=1075 | files=1706 | data=758 | cola= 571 | prio=10 | https://appweb2.asfi.gob.bo/PaginasPublicas2/VistaHechosRelevantes/VisorDocumentos.aspx?variable1=a79549f8-7467-469d-9728-9c64e1f02c19
[FULL_11_ASFI_VALORES] t=1609.8s | pag=1075 | files=1707 | data=758 | cola= 570 | prio=10 | https://appweb2.asfi.gob.bo/PaginasPublicas2/VistaHechosRelevantes/VisorDocumentos.aspx?variable1=9307da82-2c6a-4d8f-8071-8e0268a3fd8e
[FULL_11_ASFI_VALORES] t=1610.5s | pag=1075 | files=1708 | data=758 | cola= 569 | prio=10 | https://appweb2.asfi.gob.bo/PaginasPublicas2/VistaHechosRelevantes/VisorDocumentos.aspx?variable1=50a31669-d0e1-49e5-b285-01fec0c68cb1
[FULL_11_ASFI_VALORES] t=1611.3s | pag=1075 | files=1709 | data=758 | cola= 568 | prio=50 | https://www.asfi.gob.bo/node/468
[FULL_11_ASFI_VALORES] t=1611.9s | pag=1076 | files=1709 | data=758 | cola= 568 | prio=10 | https://appweb2.asfi.gob.bo/PaginasPublicas2/VistaHechosRelevantes/ListaPublicacionHechoRelevante.aspx?Gestion=2023
[FULL_11_ASFI_VALORES] t=1627.9s | pag=1076 | files=1709 | data=758 | cola= 567 | prio=50 | https://www.asfi.gob.bo/node/467
[FULL_11_ASFI_VALORES] t=1628.4s | pag=1077 | files=1709 | data=758 | cola= 567 | prio=10 | https://appweb2.asfi.gob.bo/PaginasPublicas2/VistaHechosRelevantes/ListaPublicacionHechoRelevante.aspx?Gestion=2022
[FULL_11_ASFI_VALORES] t=1644.4s | pag=1077 | files=1709 | data=758 | cola= 566 | prio=50 | https://www.asfi.gob.bo/node/466
[FULL_11_ASFI_VALORES] t=1645.6s | pag=1078 | files=1709 | data=758 | cola= 566 | prio=10 | https://appweb2.asfi.gob.bo/PaginasPublicas2/VistaHechosRelevantes/ListaPublicacionHechoRelevante.aspx?Gestion=2021
[FULL_11_ASFI_VALORES] t=1661.5s | pag=1078 | files=1709 | data=758 | cola= 565 | prio=50 | https://www.asfi.gob.bo/node/465
[FULL_11_ASFI_VALORES] t=1662.4s | pag=1079 | files=1709 | data=758 | cola= 565 | prio=10 | https://appweb2.asfi.gob.bo/PaginasPublicas2/VistaHechosRelevantes/ListaPublicacionHechoRelevante.aspx?Gestion=2020
[FULL_11_ASFI_VALORES] t=1678.2s | pag=1079 | files=1709 | data=758 | cola= 564 | prio=50 | https://www.asfi.gob.bo/node/464
[FULL_11_ASFI_VALORES] t=1678.8s | pag=1080 | files=1709 | data=758 | cola= 564 | prio=10 | https://appweb2.asfi.gob.bo/PaginasPublicas2/VistaHechosRelevantes/ListaPublicacionHechoRelevante.aspx?Gestion=2019
[FULL_11_ASFI_VALORES] t=1694.8s | pag=1080 | files=1709 | data=758 | cola= 563 | prio=50 | https://www.asfi.gob.bo/node/463
[FULL_11_ASFI_VALORES] t=1695.6s | pag=1081 | files=1709 | data=758 | cola= 563 | prio=10 | https://appweb2.asfi.gob.bo/PaginasPublicas2/VistaHechosRelevantes/ListaPublicacionHechoRelevante.aspx?Gestion=2018
[FULL_11_ASFI_VALORES] t=1711.5s | pag=1081 | files=1709 | data=758 | cola= 562 | prio=50 | https://www.asfi.gob.bo/node/462
[FULL_11_ASFI_VALORES] t=1712.2s | pag=1082 | files=1709 | data=758 | cola= 562 | prio=10 | https://appweb2.asfi.gob.bo/PaginasPublicas2/VistaHechosRelevantes/ListaPublicacionHechoRelevante.aspx?Gestion=2017
[FULL_11_ASFI_VALORES] t=1728.3s | pag=1082 | files=1709 | data=758 | cola= 561 | prio=50 | https://www.asfi.gob.bo/node/461
[FULL_11_ASFI_VALORES] t=1728.9s | pag=1083 | files=1709 | data=758 | cola= 561 | prio=10 | https://appweb2.asfi.gob.bo/PaginasPublicas2/VistaHechosRelevantes/ListaPublicacionHechoRelevante.aspx?Gestion=2016
[FULL_11_ASFI_VALORES] t=1744.8s | pag=1083 | files=1709 | data=758 | cola= 560 | prio=50 | https://www.asfi.gob.bo/node/460
[FULL_11_ASFI_VALORES] t=1745.3s | pag=1084 | files=1709 | data=758 | cola= 560 | prio=10 | https://appweb2.asfi.gob.bo/PaginasPublicas2/VistaHechosRelevantes/ListaPublicacionHechoRelevante.aspx?Gestion=2015
[FULL_11_ASFI_VALORES] t=1760.9s | pag=1084 | files=1709 | data=758 | cola= 559 | prio=50 | https://www.asfi.gob.bo/pb/bancos-hasta-21072014
[FULL_11_ASFI_VALORES] t=1761.4s | pag=1085 | files=1709 | data=758 | cola= 558 | prio=50 | https://www.asfi.gob.bo/pb/fondos-financieros-privados-hasta-21072014
[FULL_11_ASFI_VALORES] t=1761.9s | pag=1086 | files=1709 | data=758 | cola= 557 | prio=50 | https://www.asfi.gob.bo/pb/mutuales-ahorro-y-prestamo-hasta-20112015
[FULL_11_ASFI_VALORES] t=1762.6s | pag=1087 | files=1709 | data=758 | cola= 556 | prio=50 | https://www.asfi.gob.bo/la/entidades-segundo-piso
[FULL_11_ASFI_VALORES] t=1763.6s | pag=1088 | files=1709 | data=758 | cola= 557 | prio=50 | https://www.asfi.gob.bo/pb/bancos-multiples
[FULL_11_ASFI_VALORES] t=1764.2s | pag=1089 | files=1709 | data=758 | cola= 556 | prio=50 | https://www.asfi.gob.bo/pb/bancos-pyme
[FULL_11_ASFI_VALORES] t=1765.1s | pag=1090 | files=1709 | data=758 | cola= 555 | prio=50 | https://www.asfi.gob.bo/pb/cooperativas-ahorro-y-credito-abiertas
[FULL_11_ASFI_VALORES] t=1766.0s | pag=1091 | files=1709 | data=758 | cola= 554 | prio=50 | https://www.asfi.gob.bo/pb/bancos-desarrollo-productivo
[FULL_11_ASFI_VALORES] t=1767.0s | pag=1092 | files=1709 | data=758 | cola= 553 | prio=50 | https://www.asfi.gob.bo/pb/estados-financieros-resumidos
[FULL_11_ASFI_VALORES] t=1767.4s | pag=1093 | files=1709 | data=758 | cola= 563 | prio=50 | https://www.asfi.gob.bo/pb/banco-central-bolivia
[FULL_11_ASFI_VALORES] t=1768.3s | pag=1094 | files=1709 | data=758 | cola= 573 | prio=50 | https://www.asfi.gob.bo/pb/fogavisp-fogacp-y-fogagre
[FULL_11_ASFI_VALORES] t=1769.2s | pag=1095 | files=1709 | data=758 | cola= 581 | prio=50 | https://appweb2.asfi.gob.bo/paginaspublicas2/VistaCartera/Cartera.aspx
[FULL_11_ASFI_VALORES] t=1770.5s | pag=1096 | files=1709 | data=758 | cola= 580 | prio=50 | https://www.asfi.gob.bo/node/498
[FULL_11_ASFI_VALORES] t=1786.8s | pag=1097 | files=1721 | data=759 | cola= 579 | prio=50 | https://www.asfi.gob.bo/node/499
[FULL_11_ASFI_VALORES] t=1787.8s | pag=1098 | files=1733 | data=760 | cola= 578 | prio=50 | https://www.asfi.gob.bo/node/500
[FULL_11_ASFI_VALORES] t=1788.3s | pag=1099 | files=1745 | data=761 | cola= 577 | prio=50 | https://www.asfi.gob.bo/node/501
[FULL_11_ASFI_VALORES] t=1789.0s | pag=1100 | files=1757 | data=762 | cola= 576 | prio=50 | https://www.asfi.gob.bo/node/502
[FULL_11_ASFI_VALORES] t=1789.7s | pag=1101 | files=1769 | data=763 | cola= 575 | prio=50 | https://www.asfi.gob.bo/node/503
[FULL_11_ASFI_VALORES] t=1790.3s | pag=1102 | files=1781 | data=764 | cola= 574 | prio=50 | https://www.asfi.gob.bo/node/504
[FULL_11_ASFI_VALORES] t=1791.1s | pag=1103 | files=1793 | data=765 | cola= 573 | prio=50 | https://www.asfi.gob.bo/node/505
[FULL_11_ASFI_VALORES] t=1792.0s | pag=1104 | files=1805 | data=766 | cola= 572 | prio=50 | https://www.asfi.gob.bo/node/506
[FULL_11_ASFI_VALORES] t=1792.4s | pag=1105 | files=1816 | data=767 | cola= 571 | prio=50 | https://www.asfi.gob.bo/node/507
[FULL_11_ASFI_VALORES] t=1793.1s | pag=1106 | files=1828 | data=768 | cola= 570 | prio=50 | https://www.asfi.gob.bo/node/508
[FULL_11_ASFI_VALORES] t=1793.5s | pag=1107 | files=1840 | data=769 | cola= 569 | prio=50 | https://www.asfi.gob.bo/la/2deg-reclamos-atendidos-asfi-segunda-instancia-2026
[FULL_11_ASFI_VALORES] t=1796.5s | pag=1108 | files=1842 | data=769 | cola= 568 | prio=50 | https://www.asfi.gob.bo/la/3deg-procesos-sancionatorios-2026
[FULL_11_ASFI_VALORES] t=1798.2s | pag=1109 | files=1843 | data=769 | cola= 567 | prio=50 | https://www.asfi.gob.bo/node/960
[FULL_11_ASFI_VALORES] t=1801.4s | pag=1110 | files=1845 | data=769 | cola= 566 | prio=50 | https://www.asfi.gob.bo/node/961
[FULL_11_ASFI_VALORES] t=1803.3s | pag=1111 | files=1846 | data=769 | cola= 565 | prio=50 | https://www.asfi.gob.bo/node/963
[FULL_11_ASFI_VALORES] t=1803.9s | pag=1112 | files=1848 | data=769 | cola= 564 | prio=50 | https://www.asfi.gob.bo/node/964
[FULL_11_ASFI_VALORES] t=1804.4s | pag=1113 | files=1849 | data=769 | cola= 563 | prio=50 | https://www.asfi.gob.bo/node/966
[FULL_11_ASFI_VALORES] t=1804.9s | pag=1114 | files=1851 | data=769 | cola= 562 | prio=50 | https://www.asfi.gob.bo/node/967
[FULL_11_ASFI_VALORES] t=1805.6s | pag=1115 | files=1852 | data=769 | cola= 561 | prio=50 | https://www.asfi.gob.bo/node/969
[FULL_11_ASFI_VALORES] t=1806.4s | pag=1116 | files=1854 | data=769 | cola= 560 | prio=50 | https://www.asfi.gob.bo/node/970
[FULL_11_ASFI_VALORES] t=1807.4s | pag=1117 | files=1855 | data=769 | cola= 559 | prio=50 | https://www.asfi.gob.bo/node/972
[FULL_11_ASFI_VALORES] t=1808.3s | pag=1118 | files=1857 | data=769 | cola= 558 | prio=50 | https://www.asfi.gob.bo/node/973
[FULL_11_ASFI_VALORES] t=1809.0s | pag=1119 | files=1857 | data=769 | cola= 557 | prio=50 | https://www.asfi.gob.bo/node/975
[FULL_11_ASFI_VALORES] t=1809.7s | pag=1120 | files=1859 | data=769 | cola= 556 | prio=50 | https://www.asfi.gob.bo/node/976
[FULL_11_ASFI_VALORES] t=1810.2s | pag=1121 | files=1859 | data=769 | cola= 555 | prio=50 | https://www.asfi.gob.bo/node/978
[FULL_11_ASFI_VALORES] t=1810.8s | pag=1122 | files=1861 | data=769 | cola= 554 | prio=50 | https://www.asfi.gob.bo/node/979
[FULL_11_ASFI_VALORES] t=1811.3s | pag=1123 | files=1861 | data=769 | cola= 553 | prio=50 | https://www.asfi.gob.bo/node/981
[FULL_11_ASFI_VALORES] t=1812.2s | pag=1124 | files=1863 | data=769 | cola= 552 | prio=50 | https://www.asfi.gob.bo/node/982
[FULL_11_ASFI_VALORES] t=1812.6s | pag=1125 | files=1863 | data=769 | cola= 551 | prio=50 | https://www.asfi.gob.bo/node/984
[FULL_11_ASFI_VALORES] t=1813.3s | pag=1126 | files=1865 | data=769 | cola= 550 | prio=50 | https://www.asfi.gob.bo/node/985
[FULL_11_ASFI_VALORES] t=1813.7s | pag=1127 | files=1865 | data=769 | cola= 549 | prio=50 | https://www.asfi.gob.bo/node/987
[FULL_11_ASFI_VALORES] t=1814.2s | pag=1128 | files=1867 | data=769 | cola= 548 | prio=50 | https://www.asfi.gob.bo/node/988
[FULL_11_ASFI_VALORES] t=1814.8s | pag=1129 | files=1867 | data=769 | cola= 547 | prio=50 | https://www.asfi.gob.bo/node/990
[FULL_11_ASFI_VALORES] t=1815.3s | pag=1130 | files=1869 | data=769 | cola= 546 | prio=50 | https://www.asfi.gob.bo/node/991
[FULL_11_ASFI_VALORES] t=1815.8s | pag=1131 | files=1869 | data=769 | cola= 545 | prio=50 | https://www.asfi.gob.bo/node/993
[FULL_11_ASFI_VALORES] t=1816.5s | pag=1132 | files=1871 | data=769 | cola= 544 | prio=50 | https://www.asfi.gob.bo/node/994
[FULL_11_ASFI_VALORES] t=1817.4s | pag=1133 | files=1871 | data=769 | cola= 543 | prio=50 | https://www.asfi.gob.bo//pagina-poa?field_tipos_poa_value=poa_institucional
[FULL_11_ASFI_VALORES] t=1818.4s | pag=1134 | files=1871 | data=769 | cola= 542 | prio=50 | https://www.asfi.gob.bo//pagina-poa?field_tipos_poa_value=poa_por_unidad_organizacional
[FULL_11_ASFI_VALORES] t=1819.4s | pag=1135 | files=1871 | data=769 | cola= 541 | prio=50 | https://www.asfi.gob.bo//node/1368
[FULL_11_ASFI_VALORES] t=1820.2s | pag=1136 | files=1871 | data=769 | cola= 540 | prio=50 | https://www.asfi.gob.bo//node/1367
[FULL_11_ASFI_VALORES] t=1820.7s | pag=1137 | files=1871 | data=769 | cola= 539 | prio=50 | https://www.asfi.gob.bo//node/1365
[FULL_11_ASFI_VALORES] t=1821.5s | pag=1138 | files=1871 | data=769 | cola= 538 | prio=50 | https://www.asfi.gob.bo//node/1362
[FULL_11_ASFI_VALORES] t=1822.6s | pag=1139 | files=1871 | data=769 | cola= 537 | prio=50 | https://www.asfi.gob.bo//node/1348
[FULL_11_ASFI_VALORES] t=1823.4s | pag=1140 | files=1871 | data=769 | cola= 536 | prio=50 | https://www.asfi.gob.bo//node/1347
[FULL_11_ASFI_VALORES] t=1824.3s | pag=1141 | files=1871 | data=769 | cola= 535 | prio=50 | https://www.asfi.gob.bo//node/1322
[FULL_11_ASFI_VALORES] t=1825.1s | pag=1142 | files=1871 | data=769 | cola= 534 | prio=50 | https://www.asfi.gob.bo//node/1299
[FULL_11_ASFI_VALORES] t=1825.8s | pag=1143 | files=1871 | data=769 | cola= 533 | prio=50 | https://www.asfi.gob.bo//node/1298
[FULL_11_ASFI_VALORES] t=1826.6s | pag=1144 | files=1871 | data=769 | cola= 532 | prio=50 | https://www.asfi.gob.bo//node/1296
[FULL_11_ASFI_VALORES] t=1827.2s | pag=1145 | files=1871 | data=769 | cola= 531 | prio=50 | https://www.asfi.gob.bo//node/1180
[FULL_11_ASFI_VALORES] t=1828.1s | pag=1146 | files=1871 | data=769 | cola= 530 | prio=50 | https://www.asfi.gob.bo//node/1179
[FULL_11_ASFI_VALORES] t=1828.9s | pag=1147 | files=1871 | data=769 | cola= 529 | prio=50 | https://www.asfi.gob.bo//node/1178
[FULL_11_ASFI_VALORES] t=1829.6s | pag=1148 | files=1871 | data=769 | cola= 528 | prio=50 | https://www.asfi.gob.bo//node/1177
[FULL_11_ASFI_VALORES] t=1830.2s | pag=1149 | files=1871 | data=769 | cola= 527 | prio=50 | https://www.asfi.gob.bo//node/1176
[FULL_11_ASFI_VALORES] t=1831.1s | pag=1150 | files=1871 | data=769 | cola= 526 | prio=50 | https://www.asfi.gob.bo//node/1175
[FULL_11_ASFI_VALORES] t=1831.7s | pag=1151 | files=1871 | data=769 | cola= 525 | prio=50 | https://www.asfi.gob.bo//node/857
[FULL_11_ASFI_VALORES] t=1832.3s | pag=1152 | files=1871 | data=769 | cola= 524 | prio=50 | https://www.asfi.gob.bo//node/59
[FULL_11_ASFI_VALORES] t=1833.0s | pag=1153 | files=1871 | data=769 | cola= 523 | prio=50 | https://www.asfi.gob.bo//node/58
[FULL_11_ASFI_VALORES] t=1834.0s | pag=1154 | files=1871 | data=769 | cola= 522 | prio=50 | https://www.asfi.gob.bo//node/50
[FULL_11_ASFI_VALORES] t=1835.0s | pag=1155 | files=1871 | data=769 | cola= 521 | prio=50 | https://www.asfi.gob.bo//node/49
[FULL_11_ASFI_VALORES] t=1835.6s | pag=1156 | files=1871 | data=769 | cola= 520 | prio=50 | https://www.asfi.gob.bo//node/24
[FULL_11_ASFI_VALORES] t=1836.6s | pag=1157 | files=1871 | data=769 | cola= 519 | prio=50 | https://www.asfi.gob.bo/pagina-de-banco-de-trabajo-de-investigacion
[FULL_11_ASFI_VALORES] t=1837.0s | pag=1158 | files=1880 | data=769 | cola= 519 | prio=40 | https://www.asfi.gob.bo/pagina-de-banco-de-trabajo-de-investigacion?page=1
[FULL_11_ASFI_VALORES] t=1837.5s | pag=1159 | files=1885 | data=769 | cola= 519 | prio=40 | https://www.asfi.gob.bo/pagina-de-banco-de-trabajo-de-investigacion?page=0
[FULL_11_ASFI_VALORES] t=1838.1s | pag=1160 | files=1885 | data=769 | cola= 518 | prio=50 | https://www.asfi.gob.bo/node/31
[FULL_11_ASFI_VALORES] t=1839.1s | pag=1161 | files=1885 | data=769 | cola= 517 | prio=50 | https://www.asfi.gob.bo/node/401
[FULL_11_ASFI_VALORES] t=1840.0s | pag=1162 | files=1886 | data=769 | cola= 516 | prio=50 | https://appweb2.asfi.gob.bo/PaginasPublicas2/VistaRedinorm/RegistroSuscriptores.aspx
[FULL_11_ASFI_VALORES] t=1840.6s | pag=1163 | files=1886 | data=769 | cola= 515 | prio=50 | https://www.asfi.gob.bo/pb/leyes-referidas-servicios-financieros
[FULL_11_ASFI_VALORES] t=1841.0s | pag=1164 | files=1917 | data=769 | cola= 514 | prio=50 | https://www.asfi.gob.bo/pb/decretos-supremos-referidos-servicios-financieros
[FULL_11_ASFI_VALORES] t=1843.0s | pag=1165 | files=2019 | data=769 | cola= 513 | prio=50 | https://www.asfi.gob.bo/node/953
[FULL_11_ASFI_VALORES] t=1843.7s | pag=1166 | files=2021 | data=770 | cola= 512 | prio=50 | https://www.asfi.gob.bo/node/954
[FULL_11_ASFI_VALORES] t=1845.3s | pag=1167 | files=2027 | data=771 | cola= 511 | prio=50 | https://www.asfi.gob.bo/node/955
[FULL_11_ASFI_VALORES] t=1845.8s | pag=1167 | files=2027 | data=771 | cola= 510 | prio=50 | https://www.asfi.gob.bo/node/956
[FULL_11_ASFI_VALORES] t=1847.1s | pag=1168 | files=2029 | data=771 | cola= 509 | prio=50 | https://appweb2.asfi.gob.bo/PaginasPublicas2/VistaCentralReclamosSanciones/RegistroReclamo.aspx
[FULL_11_ASFI_VALORES] t=1849.0s | pag=1169 | files=2029 | data=771 | cola= 508 | prio=50 | https://appweb2.asfi.gob.bo/paginaspublicas2/VistaCentralReclamosSanciones/ConsultaReclamos.aspx
[FULL_11_ASFI_VALORES] t=1849.3s | pag=1170 | files=2029 | data=771 | cola= 507 | prio=50 | https://appweb2.asfi.gob.bo/Paginaspublicas2/vistacontratos/busquedacontratos.aspx
[FULL_11_ASFI_VALORES] t=1855.5s | pag=1171 | files=2029 | data=771 | cola= 506 | prio=50 | https://asfi.gob.bo/
[FULL_11_ASFI_VALORES] t=1856.1s | pag=1172 | files=2029 | data=771 | cola= 515 | prio=50 | https://asfi.gob.bo/pagina-memoria-institucional
[FULL_11_ASFI_VALORES] t=1856.8s | pag=1173 | files=2039 | data=771 | cola= 517 | prio=40 | https://asfi.gob.bo/pagina-memoria-institucional?page=1
[FULL_11_ASFI_VALORES] t=1857.7s | pag=1174 | files=2049 | data=771 | cola= 517 | prio=40 | https://asfi.gob.bo/pagina-memoria-institucional?page=2
[FULL_11_ASFI_VALORES] t=1858.1s | pag=1175 | files=2059 | data=771 | cola= 516 | prio=40 | https://asfi.gob.bo/pagina-memoria-institucional?page=3
[FULL_11_ASFI_VALORES] t=1859.1s | pag=1176 | files=2065 | data=771 | cola= 515 | prio=40 | https://asfi.gob.bo/pagina-memoria-institucional?page=0
[FULL_11_ASFI_VALORES] t=1859.9s | pag=1177 | files=2065 | data=771 | cola= 514 | prio=50 | https://asfi.gob.bo/pb/objetivos-institucionales
[FULL_11_ASFI_VALORES] t=1860.7s | pag=1178 | files=2065 | data=771 | cola= 513 | prio=50 | https://asfi.gob.bo/pb/informacion-mae
[FULL_11_ASFI_VALORES] t=1861.7s | pag=1179 | files=2065 | data=771 | cola= 512 | prio=50 | https://asfi.gob.bo/la/politica-calidad
[FULL_11_ASFI_VALORES] t=1862.4s | pag=1180 | files=2065 | data=771 | cola= 511 | prio=50 | https://asfi.gob.bo/pb/plan-estrategico-institucional-pei
[FULL_11_ASFI_VALORES] t=1863.4s | pag=1181 | files=2066 | data=771 | cola= 510 | prio=50 | https://asfi.gob.bo/pagina-poa
[FULL_11_ASFI_VALORES] t=1863.9s | pag=1182 | files=2069 | data=771 | cola= 511 | prio=50 | https://asfi.gob.bo/la/seguimiento-y-evaluacion-al-poa
[FULL_11_ASFI_VALORES] t=1864.6s | pag=1183 | files=2095 | data=771 | cola= 510 | prio=50 | https://asfi.gob.bo/la/mapa-procesos
[FULL_11_ASFI_VALORES] t=1865.0s | pag=1184 | files=2096 | data=771 | cola= 509 | prio=50 | https://asfi.gob.bo/pb/plan-implementacion-software-libre-y-estandares-abiertos-pislea
[FULL_11_ASFI_VALORES] t=1865.5s | pag=1185 | files=2097 | data=771 | cola= 508 | prio=50 | https://asfi.gob.bo/presupuesto-institucional
[FULL_11_ASFI_VALORES] t=1865.9s | pag=1186 | files=2099 | data=771 | cola= 507 | prio=50 | https://asfi.gob.bo/pb/ejecucion-presupuestaria
[FULL_11_ASFI_VALORES] t=1866.7s | pag=1187 | files=2099 | data=771 | cola= 506 | prio=50 | https://asfi.gob.bo/pb/fuentes-financiamiento
[FULL_11_ASFI_VALORES] t=1867.3s | pag=1188 | files=2102 | data=771 | cola= 505 | prio=50 | https://asfi.gob.bo/la/balance-general
[FULL_11_ASFI_VALORES] t=1867.9s | pag=1189 | files=2108 | data=771 | cola= 504 | prio=50 | https://asfi.gob.bo/auditorias
[FULL_11_ASFI_VALORES] t=1868.7s | pag=1190 | files=2150 | data=771 | cola= 507 | prio=40 | https://asfi.gob.bo/auditorias?page=1
[FULL_11_ASFI_VALORES] t=1869.5s | pag=1191 | files=2223 | data=771 | cola= 507 | prio=40 | https://asfi.gob.bo/auditorias?page=2
[FULL_11_ASFI_VALORES] t=1869.9s | pag=1192 | files=2282 | data=771 | cola= 506 | prio=40 | https://asfi.gob.bo/auditorias?page=3
[FULL_11_ASFI_VALORES] t=1870.8s | pag=1193 | files=2338 | data=771 | cola= 505 | prio=40 | https://asfi.gob.bo/auditorias?page=4
[FULL_11_ASFI_VALORES] t=1871.6s | pag=1194 | files=2340 | data=771 | cola= 504 | prio=40 | https://asfi.gob.bo/auditorias?page=0
[FULL_11_ASFI_VALORES] t=1872.3s | pag=1195 | files=2340 | data=771 | cola= 503 | prio=50 | https://asfi.gob.bo/pb/gestion-denuncias-actoshechos-corrupcion
[FULL_11_ASFI_VALORES] t=1873.1s | pag=1196 | files=2341 | data=771 | cola= 502 | prio=50 | https://asfi.gob.bo/form/solicitud-de-informacion
[FULL_11_ASFI_VALORES] t=1873.8s | pag=1197 | files=2341 | data=771 | cola= 501 | prio=50 | https://asfi.gob.bo/rendicion
[FULL_11_ASFI_VALORES] t=1874.7s | pag=1198 | files=2351 | data=771 | cola= 502 | prio=40 | https://asfi.gob.bo/rendicion?page=1
[FULL_11_ASFI_VALORES] t=1875.2s | pag=1199 | files=2368 | data=771 | cola= 502 | prio=40 | https://asfi.gob.bo/rendicion?page=2
[FULL_11_ASFI_VALORES] t=1876.1s | pag=1200 | files=2378 | data=771 | cola= 501 | prio=40 | https://asfi.gob.bo/rendicion?page=0
[FULL_11_ASFI_VALORES] t=1876.6s | pag=1201 | files=2378 | data=771 | cola= 500 | prio=50 | https://asfi.gob.bo/p-gina-de-notas-de-prensa
[FULL_11_ASFI_VALORES] t=1877.2s | pag=1202 | files=2378 | data=771 | cola= 507 | prio=40 | https://asfi.gob.bo/p-gina-de-notas-de-prensa?page=1
[FULL_11_ASFI_VALORES] t=1877.6s | pag=1203 | files=2378 | data=771 | cola= 516 | prio=40 | https://asfi.gob.bo/p-gina-de-notas-de-prensa?page=2
[FULL_11_ASFI_VALORES] t=1878.5s | pag=1204 | files=2378 | data=771 | cola= 522 | prio=40 | https://asfi.gob.bo/p-gina-de-notas-de-prensa?page=0
[FULL_11_ASFI_VALORES] t=1879.2s | pag=1205 | files=2378 | data=771 | cola= 521 | prio=50 | https://asfi.gob.bo/pagina-de-revistas
[FULL_11_ASFI_VALORES] t=1880.1s | pag=1206 | files=2380 | data=771 | cola= 520 | prio=50 | https://asfi.gob.bo/pb/trabajos-investigacion
[FULL_11_ASFI_VALORES] t=1880.8s | pag=1207 | files=2380 | data=771 | cola= 522 | prio=10 | https://asfi.gob.bo/pb/publicaciones
[FULL_11_ASFI_VALORES] t=1882.1s | pag=1208 | files=2384 | data=771 | cola= 521 | prio=10 | https://asfi.gob.bo/pagina-de-otras-publicaciones
[FULL_11_ASFI_VALORES] t=1882.3s | pag=1209 | files=2386 | data=771 | cola= 520 | prio=50 | https://asfi.gob.bo/pagina-lista-articulos
[FULL_11_ASFI_VALORES] t=1882.7s | pag=1210 | files=2395 | data=771 | cola= 528 | prio=40 | https://asfi.gob.bo/pagina-lista-articulos?page=1
[FULL_11_ASFI_VALORES] t=1883.4s | pag=1211 | files=2404 | data=771 | cola= 528 | prio=40 | https://asfi.gob.bo/pagina-lista-articulos?page=2
[FULL_11_ASFI_VALORES] t=1883.8s | pag=1212 | files=2413 | data=771 | cola= 527 | prio=40 | https://asfi.gob.bo/pagina-lista-articulos?page=3
[FULL_11_ASFI_VALORES] t=1884.3s | pag=1213 | files=2422 | data=771 | cola= 526 | prio=40 | https://asfi.gob.bo/pagina-lista-articulos?page=4
[FULL_11_ASFI_VALORES] t=1884.8s | pag=1214 | files=2431 | data=771 | cola= 525 | prio=40 | https://asfi.gob.bo/pagina-lista-articulos?page=5
[FULL_11_ASFI_VALORES] t=1885.4s | pag=1215 | files=2440 | data=771 | cola= 525 | prio=40 | https://asfi.gob.bo/pagina-lista-articulos?page=6
[FULL_11_ASFI_VALORES] t=1885.7s | pag=1216 | files=2448 | data=771 | cola= 525 | prio=40 | https://asfi.gob.bo/pagina-lista-articulos?page=7
[FULL_11_ASFI_VALORES] t=1886.5s | pag=1217 | files=2454 | data=771 | cola= 525 | prio=40 | https://asfi.gob.bo/pagina-lista-articulos?page=8
[FULL_11_ASFI_VALORES] t=1887.2s | pag=1218 | files=2463 | data=771 | cola= 525 | prio=40 | https://asfi.gob.bo/pagina-lista-articulos?page=40
[FULL_11_ASFI_VALORES] t=1888.0s | pag=1219 | files=2464 | data=771 | cola= 532 | prio=40 | https://asfi.gob.bo/pagina-lista-articulos?page=0
[FULL_11_ASFI_VALORES] t=1888.8s | pag=1220 | files=2464 | data=771 | cola= 531 | prio=40 | https://asfi.gob.bo/pagina-lista-articulos?page=9
[FULL_11_ASFI_VALORES] t=1889.2s | pag=1221 | files=2470 | data=771 | cola= 531 | prio=40 | https://asfi.gob.bo/pagina-lista-articulos?page=10
[FULL_11_ASFI_VALORES] t=1889.7s | pag=1222 | files=2473 | data=771 | cola= 531 | prio=40 | https://asfi.gob.bo/pagina-lista-articulos?page=11
[FULL_11_ASFI_VALORES] t=1890.2s | pag=1223 | files=2477 | data=771 | cola= 531 | prio=40 | https://asfi.gob.bo/pagina-lista-articulos?page=12
[FULL_11_ASFI_VALORES] t=1890.8s | pag=1224 | files=2477 | data=771 | cola= 531 | prio=40 | https://asfi.gob.bo/pagina-lista-articulos?page=39
[FULL_11_ASFI_VALORES] t=1891.7s | pag=1225 | files=2486 | data=771 | cola= 530 | prio=40 | https://asfi.gob.bo/pagina-lista-articulos?page=32
[FULL_11_ASFI_VALORES] t=1892.3s | pag=1226 | files=2495 | data=771 | cola= 533 | prio=40 | https://asfi.gob.bo/pagina-lista-articulos?page=33
[FULL_11_ASFI_VALORES] t=1893.1s | pag=1227 | files=2504 | data=771 | cola= 532 | prio=40 | https://asfi.gob.bo/pagina-lista-articulos?page=34
[FULL_11_ASFI_VALORES] t=1893.4s | pag=1228 | files=2513 | data=771 | cola= 531 | prio=40 | https://asfi.gob.bo/pagina-lista-articulos?page=35
[FULL_11_ASFI_VALORES] t=1894.3s | pag=1229 | files=2522 | data=771 | cola= 530 | prio=40 | https://asfi.gob.bo/pagina-lista-articulos?page=36
[FULL_11_ASFI_VALORES] t=1894.8s | pag=1230 | files=2530 | data=771 | cola= 529 | prio=40 | https://asfi.gob.bo/pagina-lista-articulos?page=37
[FULL_11_ASFI_VALORES] t=1895.2s | pag=1231 | files=2539 | data=771 | cola= 528 | prio=40 | https://asfi.gob.bo/pagina-lista-articulos?page=38
[FULL_11_ASFI_VALORES] t=1895.8s | pag=1232 | files=2548 | data=771 | cola= 527 | prio=40 | https://asfi.gob.bo/pagina-lista-articulos?page=13
[FULL_11_ASFI_VALORES] t=1896.4s | pag=1233 | files=2557 | data=771 | cola= 527 | prio=40 | https://asfi.gob.bo/pagina-lista-articulos?page=14
[FULL_11_ASFI_VALORES] t=1897.3s | pag=1234 | files=2566 | data=771 | cola= 527 | prio=40 | https://asfi.gob.bo/pagina-lista-articulos?page=15
[FULL_11_ASFI_VALORES] t=1898.0s | pag=1235 | files=2575 | data=771 | cola= 527 | prio=40 | https://asfi.gob.bo/pagina-lista-articulos?page=16
[FULL_11_ASFI_VALORES] t=1898.6s | pag=1236 | files=2584 | data=771 | cola= 527 | prio=40 | https://asfi.gob.bo/pagina-lista-articulos?page=31
[FULL_11_ASFI_VALORES] t=1899.4s | pag=1237 | files=2593 | data=771 | cola= 527 | prio=40 | https://asfi.gob.bo/pagina-lista-articulos?page=28
[FULL_11_ASFI_VALORES] t=1900.0s | pag=1238 | files=2602 | data=771 | cola= 529 | prio=40 | https://asfi.gob.bo/pagina-lista-articulos?page=29
[FULL_11_ASFI_VALORES] t=1901.0s | pag=1239 | files=2611 | data=771 | cola= 528 | prio=40 | https://asfi.gob.bo/pagina-lista-articulos?page=30
[FULL_11_ASFI_VALORES] t=1901.6s | pag=1240 | files=2620 | data=771 | cola= 527 | prio=40 | https://asfi.gob.bo/pagina-lista-articulos?page=17
[FULL_11_ASFI_VALORES] t=1902.5s | pag=1241 | files=2629 | data=771 | cola= 527 | prio=40 | https://asfi.gob.bo/pagina-lista-articulos?page=18
[FULL_11_ASFI_VALORES] t=1903.1s | pag=1242 | files=2638 | data=771 | cola= 527 | prio=40 | https://asfi.gob.bo/pagina-lista-articulos?page=19
[FULL_11_ASFI_VALORES] t=1903.5s | pag=1243 | files=2647 | data=771 | cola= 527 | prio=40 | https://asfi.gob.bo/pagina-lista-articulos?page=20
[FULL_11_ASFI_VALORES] t=1904.4s | pag=1244 | files=2656 | data=771 | cola= 526 | prio=40 | https://asfi.gob.bo/pagina-lista-articulos?page=27
[FULL_11_ASFI_VALORES] t=1905.0s | pag=1245 | files=2665 | data=771 | cola= 525 | prio=40 | https://asfi.gob.bo/pagina-lista-articulos?page=24
[FULL_11_ASFI_VALORES] t=1905.7s | pag=1246 | files=2674 | data=771 | cola= 524 | prio=40 | https://asfi.gob.bo/pagina-lista-articulos?page=25
[FULL_11_ASFI_VALORES] t=1906.4s | pag=1247 | files=2683 | data=771 | cola= 523 | prio=40 | https://asfi.gob.bo/pagina-lista-articulos?page=26
[FULL_11_ASFI_VALORES] t=1907.3s | pag=1248 | files=2692 | data=771 | cola= 522 | prio=40 | https://asfi.gob.bo/pagina-lista-articulos?page=21
[FULL_11_ASFI_VALORES] t=1908.1s | pag=1249 | files=2701 | data=771 | cola= 521 | prio=40 | https://asfi.gob.bo/pagina-lista-articulos?page=22
[FULL_11_ASFI_VALORES] t=1908.6s | pag=1250 | files=2710 | data=771 | cola= 520 | prio=40 | https://asfi.gob.bo/pagina-lista-articulos?page=23
[FULL_11_ASFI_VALORES] t=1909.1s | pag=1251 | files=2719 | data=771 | cola= 519 | prio=50 | https://asfi.gob.bo/pagina-lista-campanias
[FULL_11_ASFI_VALORES] t=1909.6s | pag=1252 | files=2719 | data=771 | cola= 530 | prio=40 | https://asfi.gob.bo/pagina-lista-campanias?page=1
[FULL_11_ASFI_VALORES] t=1910.4s | pag=1253 | files=2719 | data=771 | cola= 539 | prio=40 | https://asfi.gob.bo/pagina-lista-campanias?page=2
[FULL_11_ASFI_VALORES] t=1911.3s | pag=1254 | files=2719 | data=771 | cola= 548 | prio=40 | https://asfi.gob.bo/pagina-lista-campanias?page=4
[FULL_11_ASFI_VALORES] t=1912.2s | pag=1255 | files=2719 | data=771 | cola= 549 | prio=40 | https://asfi.gob.bo/pagina-lista-campanias?page=0
[FULL_11_ASFI_VALORES] t=1912.7s | pag=1256 | files=2719 | data=771 | cola= 548 | prio=40 | https://asfi.gob.bo/pagina-lista-campanias?page=3
[FULL_11_ASFI_VALORES] t=1913.3s | pag=1257 | files=2719 | data=771 | cola= 556 | prio=50 | https://asfi.gob.bo/pagina-de-comunicados
[FULL_11_ASFI_VALORES] t=1914.2s | pag=1258 | files=2729 | data=771 | cola= 556 | prio=40 | https://asfi.gob.bo/pagina-de-comunicados?page=1
[FULL_11_ASFI_VALORES] t=1915.0s | pag=1259 | files=2737 | data=771 | cola= 556 | prio=40 | https://asfi.gob.bo/pagina-de-comunicados?page=0
[FULL_11_ASFI_VALORES] t=1915.7s | pag=1260 | files=2737 | data=771 | cola= 555 | prio=50 | https://asfi.gob.bo/pb/spots-institucionales
[FULL_11_ASFI_VALORES] t=1916.4s | pag=1261 | files=2737 | data=771 | cola= 554 | prio=50 | https://asfi.gob.bo/pb/organigrama-institucional
[FULL_11_ASFI_VALORES] t=1916.8s | pag=1262 | files=2737 | data=771 | cola= 553 | prio=50 | https://asfi.gob.bo/la/nomina-servidores
[FULL_11_ASFI_VALORES] t=1917.3s | pag=1263 | files=2738 | data=771 | cola= 552 | prio=50 | https://asfi.gob.bo/escala-salarial
[FULL_11_ASFI_VALORES] t=1918.1s | pag=1264 | files=2741 | data=771 | cola= 551 | prio=50 | https://asfi.gob.bo/manual-de-organizaci-n-funcional
[FULL_11_ASFI_VALORES] t=1918.8s | pag=1265 | files=2742 | data=771 | cola= 550 | prio=50 | https://asfi.gob.bo/manual-de-procedimiento
[FULL_11_ASFI_VALORES] t=1919.3s | pag=1266 | files=2743 | data=771 | cola= 549 | prio=50 | https://asfi.gob.bo/poais
[FULL_11_ASFI_VALORES] t=1919.8s | pag=1267 | files=2744 | data=771 | cola= 549 | prio=50 | https://asfi.gob.bo/la/manual-puestos
[FULL_11_ASFI_VALORES] t=1920.7s | pag=1268 | files=2767 | data=771 | cola= 548 | prio=50 | https://asfi.gob.bo/oportunidad-de-empleo
[FULL_11_ASFI_VALORES] t=1921.6s | pag=1269 | files=2767 | data=771 | cola= 547 | prio=50 | https://asfi.gob.bo/pb/terminos-referencia-consultores-linea
[FULL_11_ASFI_VALORES] t=1922.2s | pag=1270 | files=2767 | data=771 | cola= 546 | prio=50 | https://asfi.gob.bo/convocatorias
[FULL_11_ASFI_VALORES] t=1923.0s | pag=1271 | files=2777 | data=771 | cola= 548 | prio=40 | https://asfi.gob.bo/convocatorias?page=1
[FULL_11_ASFI_VALORES] t=1923.6s | pag=1272 | files=2787 | data=771 | cola= 548 | prio=40 | https://asfi.gob.bo/convocatorias?page=2
[FULL_11_ASFI_VALORES] t=1923.9s | pag=1273 | files=2797 | data=771 | cola= 548 | prio=40 | https://asfi.gob.bo/convocatorias?page=10
[FULL_11_ASFI_VALORES] t=1926.0s | pag=1274 | files=2798 | data=771 | cola= 549 | prio=40 | https://asfi.gob.bo/convocatorias?page=0
[FULL_11_ASFI_VALORES] t=1926.7s | pag=1275 | files=2798 | data=771 | cola= 548 | prio=40 | https://asfi.gob.bo/convocatorias?page=3
[FULL_11_ASFI_VALORES] t=1927.3s | pag=1276 | files=2808 | data=771 | cola= 548 | prio=40 | https://asfi.gob.bo/convocatorias?page=9
[FULL_11_ASFI_VALORES] t=1928.0s | pag=1277 | files=2818 | data=771 | cola= 547 | prio=40 | https://asfi.gob.bo/convocatorias?page=8
[FULL_11_ASFI_VALORES] t=1928.5s | pag=1278 | files=2828 | data=771 | cola= 547 | prio=40 | https://asfi.gob.bo/convocatorias?page=4
[FULL_11_ASFI_VALORES] t=1929.2s | pag=1279 | files=2838 | data=771 | cola= 547 | prio=40 | https://asfi.gob.bo/convocatorias?page=7
[FULL_11_ASFI_VALORES] t=1930.1s | pag=1280 | files=2848 | data=771 | cola= 547 | prio=40 | https://asfi.gob.bo/convocatorias?page=5
[FULL_11_ASFI_VALORES] t=1930.6s | pag=1281 | files=2858 | data=771 | cola= 546 | prio=40 | https://asfi.gob.bo/convocatorias?page=6
[FULL_11_ASFI_VALORES] t=1931.0s | pag=1282 | files=2868 | data=771 | cola= 545 | prio=50 | https://asfi.gob.bo/proveedores
[FULL_11_ASFI_VALORES] t=1931.6s | pag=1283 | files=2870 | data=771 | cola= 544 | prio=50 | https://asfi.gob.bo/pb/programa-anual-contrataciones
[FULL_11_ASFI_VALORES] t=1932.4s | pag=1284 | files=2872 | data=771 | cola= 543 | prio=50 | https://asfi.gob.bo/la/normativa-internacional
[FULL_11_ASFI_VALORES] t=1933.3s | pag=1285 | files=2872 | data=771 | cola= 542 | prio=50 | https://asfi.gob.bo/pb/reglamentos-vigentes
[FULL_11_ASFI_VALORES] t=1934.0s | pag=1286 | files=2879 | data=771 | cola= 541 | prio=50 | https://asfi.gob.bo/pb/servicios-financieros
[FULL_11_ASFI_VALORES] t=1934.6s | pag=1287 | files=2879 | data=771 | cola= 542 | prio=10 | https://asfi.gob.bo/node/402
[FULL_11_ASFI_VALORES] t=1935.4s | pag=1288 | files=2879 | data=771 | cola= 541 | prio=50 | https://asfi.gob.bo/pb/registro-suscriptores-al-servicio-comunicacion
[FULL_11_ASFI_VALORES] t=1935.9s | pag=1289 | files=2879 | data=771 | cola= 540 | prio=50 | https://asfi.gob.bo/pb/legislacion-y-disposiciones-para-regulados
[FULL_11_ASFI_VALORES] t=1936.4s | pag=1290 | files=2879 | data=771 | cola= 545 | prio=50 | https://asfi.gob.bo/pb/decretos
[FULL_11_ASFI_VALORES] t=1937.9s | pag=1291 | files=2951 | data=771 | cola= 544 | prio=50 | https://asfi.gob.bo/pb/normativa-nacional
[FULL_11_ASFI_VALORES] t=1938.6s | pag=1292 | files=2967 | data=771 | cola= 543 | prio=50 | https://asfi.gob.bo/pb/registro-y-seguimiento-reclamos
[FULL_11_ASFI_VALORES] t=1939.1s | pag=1293 | files=2967 | data=771 | cola= 542 | prio=50 | https://asfi.gob.bo/la/derechos-del-consumidor-financiero
[FULL_11_ASFI_VALORES] t=1939.7s | pag=1294 | files=2967 | data=771 | cola= 541 | prio=50 | https://asfi.gob.bo/la/cajeros-automaticos-para-personas-discapacidad
[FULL_11_ASFI_VALORES] t=1940.2s | pag=1295 | files=2969 | data=771 | cola= 540 | prio=50 | https://asfi.gob.bo/la/lineamientos-para-enif
[FULL_11_ASFI_VALORES] t=1940.9s | pag=1296 | files=2970 | data=771 | cola= 539 | prio=50 | https://asfi.gob.bo/pb/contratos-modelo-para-servicios-financieros
[FULL_11_ASFI_VALORES] t=1941.5s | pag=1297 | files=2970 | data=771 | cola= 538 | prio=50 | https://asfi.gob.bo/pb/tiempos-maximos-atencion-creditos
[FULL_11_ASFI_VALORES] t=1942.4s | pag=1298 | files=2994 | data=771 | cola= 537 | prio=50 | https://asfi.gob.bo/pb/entidades-supervisadas-if
[FULL_11_ASFI_VALORES] t=1943.5s | pag=1299 | files=2994 | data=771 | cola= 542 | prio=10 | https://asfi.gob.bo/la/entidades-intermediacion-financiera-licencia-funcionamiento
[FULL_11_ASFI_VALORES] t=1944.0s | pag=1300 | files=3005 | data=771 | cola= 541 | prio=10 | https://asfi.gob.bo/node/1003
[FULL_11_ASFI_VALORES] t=1944.9s | pag=1301 | files=3007 | data=771 | cola= 540 | prio=50 | https://asfi.gob.bo/pb/registros
[FULL_11_ASFI_VALORES] t=1945.6s | pag=1302 | files=3007 | data=771 | cola= 541 | prio=50 | https://asfi.gob.bo/la/cobertura-servicios-financieros
[FULL_11_ASFI_VALORES] t=1947.8s | pag=1303 | files=3008 | data=771 | cola= 540 | prio=50 | https://asfi.gob.bo/pb/entidades-supervisadas-mv
[FULL_11_ASFI_VALORES] t=1948.4s | pag=1304 | files=3008 | data=771 | cola= 542 | prio=10 | https://asfi.gob.bo/pb/entidades-inscritas-registro-del-mercado-valores
[FULL_11_ASFI_VALORES] t=1948.8s | pag=1305 | files=3008 | data=771 | cola= 541 | prio=50 | https://asfi.gob.bo/pb/reglamentos-internos-fondos-inversion
[FULL_11_ASFI_VALORES] t=1949.4s | pag=1306 | files=3008 | data=771 | cola= 563 | prio=50 | https://asfi.gob.bo/la/empresas-supervisadas
[FULL_11_ASFI_VALORES] t=1949.8s | pag=1307 | files=3015 | data=771 | cola= 562 | prio=50 | https://asfi.gob.bo/pb/sociedades-controladoras-grupos-financieros
[FULL_11_ASFI_VALORES] t=1950.7s | pag=1308 | files=3016 | data=771 | cola= 570 | prio=50 | https://asfi.gob.bo/pb/estados-financieros
[FULL_11_ASFI_VALORES] t=1951.4s | pag=1309 | files=3016 | data=771 | cola= 625 | prio=50 | https://asfi.gob.bo/pagina-de-direcciones
[FULL_11_ASFI_VALORES] t=1952.3s | pag=1310 | files=3016 | data=771 | cola= 625 | prio=40 | https://asfi.gob.bo/pagina-de-direcciones?page=1
[FULL_11_ASFI_VALORES] t=1953.2s | pag=1311 | files=3016 | data=771 | cola= 625 | prio=40 | https://asfi.gob.bo/pagina-de-direcciones?page=0
[FULL_11_ASFI_VALORES] t=1953.6s | pag=1312 | files=3016 | data=771 | cola= 624 | prio=50 | https://asfi.gob.bo/pb/responsables-recibir-consultas
[FULL_11_ASFI_VALORES] t=1954.5s | pag=1313 | files=3016 | data=771 | cola= 623 | prio=50 | https://asfi.gob.bo/pb/numeros-telefono-y-call-center
[FULL_11_ASFI_VALORES] t=1955.1s | pag=1314 | files=3016 | data=771 | cola= 622 | prio=50 | https://asfi.gob.bo/pb/correo-electronico-y-redes-sociales
[FULL_11_ASFI_VALORES] t=1956.1s | pag=1315 | files=3016 | data=771 | cola= 621 | prio=50 | https://asfi.gob.bo/pb/recepcion-correspondencia-firma-digital
[FULL_11_ASFI_VALORES] t=1956.9s | pag=1316 | files=3016 | data=771 | cola= 620 | prio=50 | https://asfi.gob.bo/terminos-y-condiciones
[FULL_11_ASFI_VALORES] t=1957.2s | pag=1316 | files=3016 | data=771 | cola= 619 | prio=50 | https://asfi.gob.bo/sitemap
[FULL_11_ASFI_VALORES] t=1958.1s | pag=1316 | files=3016 | data=771 | cola= 618 | prio=50 | https://asfi.gob.bo/node/753
[FULL_11_ASFI_VALORES] t=1958.9s | pag=1317 | files=3017 | data=771 | cola= 617 | prio=50 | https://asfi.gob.bo/node/762
[FULL_11_ASFI_VALORES] t=1959.9s | pag=1318 | files=3018 | data=771 | cola= 616 | prio=50 | https://asfi.gob.bo/node/763
[FULL_11_ASFI_VALORES] t=1960.5s | pag=1319 | files=3018 | data=771 | cola= 615 | prio=50 | https://asfi.gob.bo/node/764
[FULL_11_ASFI_VALORES] t=1961.4s | pag=1320 | files=3019 | data=771 | cola= 614 | prio=50 | https://asfi.gob.bo/node/765
[FULL_11_ASFI_VALORES] t=1961.8s | pag=1321 | files=3019 | data=771 | cola= 613 | prio=50 | https://asfi.gob.bo/node/766
[FULL_11_ASFI_VALORES] t=1962.5s | pag=1322 | files=3019 | data=771 | cola= 612 | prio=50 | https://asfi.gob.bo/node/767
[FULL_11_ASFI_VALORES] t=1963.3s | pag=1323 | files=3025 | data=771 | cola= 611 | prio=50 | https://asfi.gob.bo/node/768
[FULL_11_ASFI_VALORES] t=1963.9s | pag=1324 | files=3025 | data=771 | cola= 610 | prio=50 | https://asfi.gob.bo/node/769
[FULL_11_ASFI_VALORES] t=1964.9s | pag=1325 | files=3025 | data=771 | cola= 609 | prio=50 | https://asfi.gob.bo/node/433
[FULL_11_ASFI_VALORES] t=1965.5s | pag=1326 | files=3029 | data=771 | cola= 608 | prio=50 | https://asfi.gob.bo/node/432
[FULL_11_ASFI_VALORES] t=1966.0s | pag=1327 | files=3033 | data=771 | cola= 607 | prio=50 | https://asfi.gob.bo/node/431
[FULL_11_ASFI_VALORES] t=1966.8s | pag=1328 | files=3037 | data=771 | cola= 606 | prio=50 | https://asfi.gob.bo/node/430
[FULL_11_ASFI_VALORES] t=1967.7s | pag=1329 | files=3041 | data=771 | cola= 605 | prio=50 | https://asfi.gob.bo/node/429
[FULL_11_ASFI_VALORES] t=1968.3s | pag=1330 | files=3045 | data=771 | cola= 604 | prio=50 | https://asfi.gob.bo/node/428
[FULL_11_ASFI_VALORES] t=1968.7s | pag=1331 | files=3049 | data=771 | cola= 603 | prio=50 | https://asfi.gob.bo/node/427
[FULL_11_ASFI_VALORES] t=1969.3s | pag=1332 | files=3053 | data=771 | cola= 602 | prio=50 | https://asfi.gob.bo/node/426
[FULL_11_ASFI_VALORES] t=1970.2s | pag=1333 | files=3057 | data=771 | cola= 601 | prio=50 | https://asfi.gob.bo/node/425
[FULL_11_ASFI_VALORES] t=1971.0s | pag=1334 | files=3061 | data=771 | cola= 600 | prio=50 | https://asfi.gob.bo/node/424
[FULL_11_ASFI_VALORES] t=1971.7s | pag=1335 | files=3065 | data=771 | cola= 599 | prio=50 | https://asfi.gob.bo/node/423
[FULL_11_ASFI_VALORES] t=1972.6s | pag=1336 | files=3069 | data=771 | cola= 598 | prio=50 | https://asfi.gob.bo/node/422
[FULL_11_ASFI_VALORES] t=1973.2s | pag=1337 | files=3073 | data=771 | cola= 597 | prio=50 | https://asfi.gob.bo/node/421
[FULL_11_ASFI_VALORES] t=1973.7s | pag=1338 | files=3077 | data=771 | cola= 596 | prio=50 | https://asfi.gob.bo/node/420
[FULL_11_ASFI_VALORES] t=1974.3s | pag=1339 | files=3081 | data=771 | cola= 595 | prio=50 | https://asfi.gob.bo/node/419
[FULL_11_ASFI_VALORES] t=1975.1s | pag=1340 | files=3085 | data=771 | cola= 594 | prio=50 | https://asfi.gob.bo/node/418
[FULL_11_ASFI_VALORES] t=1975.9s | pag=1341 | files=3089 | data=771 | cola= 593 | prio=50 | https://asfi.gob.bo/node/417
[FULL_11_ASFI_VALORES] t=1976.7s | pag=1342 | files=3093 | data=771 | cola= 592 | prio=50 | https://asfi.gob.bo/node/399
[FULL_11_ASFI_VALORES] t=1977.5s | pag=1343 | files=3095 | data=771 | cola= 591 | prio=50 | https://asfi.gob.bo/ef/capsulas-informativas
[FULL_11_ASFI_VALORES] t=1978.3s | pag=1344 | files=3095 | data=771 | cola= 590 | prio=50 | https://asfi.gob.bo/ef/contenidos-educativos
[FULL_11_ASFI_VALORES] t=1979.2s | pag=1345 | files=3110 | data=771 | cola= 589 | prio=50 | https://asfi.gob.bo/ef/videos
[FULL_11_ASFI_VALORES] t=1979.8s | pag=1346 | files=3110 | data=771 | cola= 588 | prio=50 | https://asfi.gob.bo/ef/actividades-educacion
[FULL_11_ASFI_VALORES] t=1980.3s | pag=1347 | files=3110 | data=771 | cola= 587 | prio=50 | https://asfi.gob.bo/la/resoluciones-entidades-liquidacion
[FULL_11_ASFI_VALORES] t=1980.9s | pag=1348 | files=3111 | data=771 | cola= 586 | prio=50 | https://asfi.gob.bo/pb/prospectos
[FULL_11_ASFI_VALORES] t=1981.8s | pag=1349 | files=3111 | data=771 | cola= 670 | prio=50 | https://asfi.gob.bo/la/calificaciones-riesgo
[FULL_11_ASFI_VALORES] t=1982.7s | pag=1350 | files=3112 | data=771 | cola= 669 | prio=50 | https://asfi.gob.bo/la/procedimientos-inscripcion
[FULL_11_ASFI_VALORES] t=1983.3s | pag=1351 | files=3115 | data=771 | cola= 668 | prio=50 | https://asfi.gob.bo/la/documentos-y-formularios
[FULL_11_ASFI_VALORES] t=1984.3s | pag=1352 | files=3123 | data=771 | cola= 667 | prio=50 | https://asfi.gob.bo/la/resoluciones-caducidad
[FULL_11_ASFI_VALORES] t=1984.9s | pag=1353 | files=3137 | data=771 | cola= 666 | prio=50 | https://asfi.gob.bo/la/resoluciones-prohibicion-realizar-operaciones
[FULL_11_ASFI_VALORES] t=1985.6s | pag=1354 | files=3140 | data=771 | cola= 665 | prio=50 | https://asfi.gob.bo/la/resoluciones-rechazo-constitucion
[FULL_11_ASFI_VALORES] t=1986.0s | pag=1355 | files=3151 | data=771 | cola= 664 | prio=50 | https://asfi.gob.bo/la/resoluciones-revocatoria
[FULL_11_ASFI_VALORES] t=1986.4s | pag=1356 | files=3171 | data=771 | cola= 663 | prio=50 | https://asfi.gob.bo/node/1064
[FULL_11_ASFI_VALORES] t=1990.8s | pag=1357 | files=3179 | data=771 | cola= 662 | prio=50 | https://asfi.gob.bo/node/1009
[FULL_11_ASFI_VALORES] t=1991.3s | pag=1358 | files=3180 | data=771 | cola= 661 | prio=50 | https://asfi.gob.bo/node/1010
[FULL_11_ASFI_VALORES] t=1991.7s | pag=1359 | files=3181 | data=771 | cola= 660 | prio=50 | https://asfi.gob.bo/node/1007
[FULL_11_ASFI_VALORES] t=1992.5s | pag=1360 | files=3181 | data=771 | cola= 675 | prio=50 | https://asfi.gob.bo/pb/carta-informativa
[FULL_11_ASFI_VALORES] t=1993.3s | pag=1361 | files=3211 | data=771 | cola= 674 | prio=50 | https://asfi.gob.bo/node/1005
[FULL_11_ASFI_VALORES] t=1994.2s | pag=1362 | files=3222 | data=771 | cola= 673 | prio=50 | https://asfi.gob.bo/la/separatas-departamentales
[FULL_11_ASFI_VALORES] t=1994.7s | pag=1363 | files=3231 | data=771 | cola= 672 | prio=50 | https://asfi.gob.bo/la/inversiones
[FULL_11_ASFI_VALORES] t=2009.8s | pag=1364 | files=3242 | data=771 | cola= 671 | prio=50 | https://asfi.gob.bo/node/1046
[FULL_11_ASFI_VALORES] t=2010.4s | pag=1365 | files=3244 | data=771 | cola= 670 | prio=50 | https://asfi.gob.bo/node/1051
[FULL_11_ASFI_VALORES] t=2010.8s | pag=1366 | files=3244 | data=771 | cola= 669 | prio=50 | https://asfi.gob.bo/la/atencion-reclamos-y-consultas
[FULL_11_ASFI_VALORES] t=2011.4s | pag=1367 | files=3245 | data=771 | cola= 668 | prio=50 | https://asfi.gob.bo/la/hechos-relevantes-2026
[FULL_11_ASFI_VALORES] t=2012.1s | pag=1368 | files=3245 | data=771 | cola= 667 | prio=50 | https://asfi.gob.bo/node/470
[FULL_11_ASFI_VALORES] t=2012.7s | pag=1369 | files=3245 | data=771 | cola= 666 | prio=50 | https://asfi.gob.bo/node/469
[FULL_11_ASFI_VALORES] t=2013.5s | pag=1370 | files=3245 | data=771 | cola= 665 | prio=50 | https://asfi.gob.bo/node/468
[FULL_11_ASFI_VALORES] t=2014.1s | pag=1371 | files=3245 | data=771 | cola= 664 | prio=50 | https://asfi.gob.bo/node/467
[FULL_11_ASFI_VALORES] t=2014.6s | pag=1372 | files=3245 | data=771 | cola= 663 | prio=50 | https://asfi.gob.bo/node/466
[FULL_11_ASFI_VALORES] t=2015.3s | pag=1373 | files=3245 | data=771 | cola= 662 | prio=50 | https://asfi.gob.bo/node/465
[FULL_11_ASFI_VALORES] t=2016.0s | pag=1374 | files=3245 | data=771 | cola= 661 | prio=50 | https://asfi.gob.bo/node/464
[FULL_11_ASFI_VALORES] t=2016.8s | pag=1375 | files=3245 | data=771 | cola= 660 | prio=50 | https://asfi.gob.bo/node/463
[FULL_11_ASFI_VALORES] t=2017.7s | pag=1376 | files=3245 | data=771 | cola= 659 | prio=50 | https://asfi.gob.bo/node/462
[FULL_11_ASFI_VALORES] t=2018.3s | pag=1377 | files=3245 | data=771 | cola= 658 | prio=50 | https://asfi.gob.bo/node/461
[FULL_11_ASFI_VALORES] t=2018.6s | pag=1378 | files=3245 | data=771 | cola= 657 | prio=50 | https://asfi.gob.bo/node/460
[FULL_11_ASFI_VALORES] t=2019.6s | pag=1379 | files=3245 | data=771 | cola= 656 | prio=50 | https://asfi.gob.bo/pb/bancos-hasta-21072014
[FULL_11_ASFI_VALORES] t=2020.4s | pag=1380 | files=3245 | data=771 | cola= 655 | prio=50 | https://asfi.gob.bo/pb/fondos-financieros-privados-hasta-21072014
[FULL_11_ASFI_VALORES] t=2021.2s | pag=1381 | files=3245 | data=771 | cola= 654 | prio=50 | https://asfi.gob.bo/pb/mutuales-ahorro-y-prestamo-hasta-20112015
[FULL_11_ASFI_VALORES] t=2021.8s | pag=1382 | files=3245 | data=771 | cola= 653 | prio=50 | https://asfi.gob.bo/la/entidades-segundo-piso
[FULL_11_ASFI_VALORES] t=2022.3s | pag=1383 | files=3245 | data=771 | cola= 654 | prio=50 | https://asfi.gob.bo/pb/bancos-multiples
[FULL_11_ASFI_VALORES] t=2023.2s | pag=1384 | files=3245 | data=771 | cola= 653 | prio=50 | https://asfi.gob.bo/pb/bancos-pyme
[FULL_11_ASFI_VALORES] t=2023.9s | pag=1385 | files=3245 | data=771 | cola= 652 | prio=50 | https://asfi.gob.bo/pb/cooperativas-ahorro-y-credito-abiertas
[FULL_11_ASFI_VALORES] t=2024.3s | pag=1386 | files=3245 | data=771 | cola= 651 | prio=50 | https://asfi.gob.bo/pb/bancos-desarrollo-productivo
[FULL_11_ASFI_VALORES] t=2024.9s | pag=1387 | files=3245 | data=771 | cola= 650 | prio=50 | https://asfi.gob.bo/pb/estados-financieros-resumidos
[FULL_11_ASFI_VALORES] t=2025.5s | pag=1388 | files=3245 | data=771 | cola= 660 | prio=50 | https://asfi.gob.bo/pb/banco-central-bolivia
[FULL_11_ASFI_VALORES] t=2026.0s | pag=1389 | files=3245 | data=771 | cola= 670 | prio=50 | https://asfi.gob.bo/pb/fogavisp-fogacp-y-fogagre
[FULL_11_ASFI_VALORES] t=2026.9s | pag=1390 | files=3245 | data=771 | cola= 678 | prio=50 | https://asfi.gob.bo/node/498
[FULL_11_ASFI_VALORES] t=2042.6s | pag=1391 | files=3257 | data=772 | cola= 677 | prio=50 | https://asfi.gob.bo/node/499
[FULL_11_ASFI_VALORES] t=2043.5s | pag=1392 | files=3269 | data=773 | cola= 676 | prio=50 | https://asfi.gob.bo/node/500
[FULL_11_ASFI_VALORES] t=2044.1s | pag=1393 | files=3281 | data=774 | cola= 675 | prio=50 | https://asfi.gob.bo/node/501
[FULL_11_ASFI_VALORES] DATASETS=775 | data_html_table | https://asfi.gob.bo/node/501
[FULL_11_ASFI_VALORES] t=2045.9s | pag=1394 | files=3293 | data=775 | cola= 674 | prio=50 | https://asfi.gob.bo/node/502
[FULL_11_ASFI_VALORES] t=2046.8s | pag=1395 | files=3305 | data=776 | cola= 673 | prio=50 | https://asfi.gob.bo/node/503
[FULL_11_ASFI_VALORES] t=2047.1s | pag=1396 | files=3317 | data=777 | cola= 672 | prio=50 | https://asfi.gob.bo/node/504
[FULL_11_ASFI_VALORES] t=2047.5s | pag=1397 | files=3329 | data=778 | cola= 671 | prio=50 | https://asfi.gob.bo/node/505
[FULL_11_ASFI_VALORES] t=2048.1s | pag=1398 | files=3341 | data=779 | cola= 670 | prio=50 | https://asfi.gob.bo/node/506
[FULL_11_ASFI_VALORES] t=2048.8s | pag=1399 | files=3352 | data=780 | cola= 669 | prio=50 | https://asfi.gob.bo/node/507
[FULL_11_ASFI_VALORES] t=2049.5s | pag=1400 | files=3364 | data=781 | cola= 668 | prio=50 | https://asfi.gob.bo/node/508
[FULL_11_ASFI_VALORES] t=2050.3s | pag=1401 | files=3376 | data=782 | cola= 667 | prio=50 | https://asfi.gob.bo/la/2deg-reclamos-atendidos-asfi-segunda-instancia-2026
[FULL_11_ASFI_VALORES] t=2053.6s | pag=1402 | files=3378 | data=782 | cola= 666 | prio=50 | https://asfi.gob.bo/la/3deg-procesos-sancionatorios-2026
[FULL_11_ASFI_VALORES] t=2055.6s | pag=1403 | files=3379 | data=782 | cola= 665 | prio=50 | https://asfi.gob.bo/node/960
[FULL_11_ASFI_VALORES] t=2058.4s | pag=1404 | files=3381 | data=782 | cola= 664 | prio=50 | https://asfi.gob.bo/node/961
[FULL_11_ASFI_VALORES] t=2060.3s | pag=1405 | files=3382 | data=782 | cola= 663 | prio=50 | https://asfi.gob.bo/node/963
[FULL_11_ASFI_VALORES] t=2060.9s | pag=1406 | files=3384 | data=782 | cola= 662 | prio=50 | https://asfi.gob.bo/node/964
[FULL_11_ASFI_VALORES] t=2061.6s | pag=1407 | files=3385 | data=782 | cola= 661 | prio=50 | https://asfi.gob.bo/node/966
[FULL_11_ASFI_VALORES] t=2062.3s | pag=1408 | files=3387 | data=782 | cola= 660 | prio=50 | https://asfi.gob.bo/node/967
[FULL_11_ASFI_VALORES] t=2062.7s | pag=1409 | files=3388 | data=782 | cola= 659 | prio=50 | https://asfi.gob.bo/node/969
[FULL_11_ASFI_VALORES] t=2063.7s | pag=1410 | files=3390 | data=782 | cola= 658 | prio=50 | https://asfi.gob.bo/node/970
[FULL_11_ASFI_VALORES] t=2064.3s | pag=1411 | files=3391 | data=782 | cola= 657 | prio=50 | https://asfi.gob.bo/node/972
[FULL_11_ASFI_VALORES] t=2065.2s | pag=1412 | files=3393 | data=782 | cola= 656 | prio=50 | https://asfi.gob.bo/node/973
[FULL_11_ASFI_VALORES] t=2065.5s | pag=1413 | files=3393 | data=782 | cola= 655 | prio=50 | https://asfi.gob.bo/node/975
[FULL_11_ASFI_VALORES] t=2066.3s | pag=1414 | files=3395 | data=782 | cola= 654 | prio=50 | https://asfi.gob.bo/node/976
[FULL_11_ASFI_VALORES] t=2067.0s | pag=1415 | files=3395 | data=782 | cola= 653 | prio=50 | https://asfi.gob.bo/node/978
[FULL_11_ASFI_VALORES] t=2067.9s | pag=1416 | files=3397 | data=782 | cola= 652 | prio=50 | https://asfi.gob.bo/node/979
[FULL_11_ASFI_VALORES] t=2068.6s | pag=1417 | files=3397 | data=782 | cola= 651 | prio=50 | https://asfi.gob.bo/node/981
[FULL_11_ASFI_VALORES] t=2069.2s | pag=1418 | files=3399 | data=782 | cola= 650 | prio=50 | https://asfi.gob.bo/node/982
[FULL_11_ASFI_VALORES] t=2069.9s | pag=1419 | files=3399 | data=782 | cola= 649 | prio=50 | https://asfi.gob.bo/node/984
[FULL_11_ASFI_VALORES] t=2070.4s | pag=1420 | files=3401 | data=782 | cola= 648 | prio=50 | https://asfi.gob.bo/node/985
[FULL_11_ASFI_VALORES] t=2070.8s | pag=1421 | files=3401 | data=782 | cola= 647 | prio=50 | https://asfi.gob.bo/node/987
[FULL_11_ASFI_VALORES] t=2071.4s | pag=1422 | files=3403 | data=782 | cola= 646 | prio=50 | https://asfi.gob.bo/node/988
[FULL_11_ASFI_VALORES] t=2071.9s | pag=1423 | files=3403 | data=782 | cola= 645 | prio=50 | https://asfi.gob.bo/node/990
[FULL_11_ASFI_VALORES] t=2072.8s | pag=1424 | files=3405 | data=782 | cola= 644 | prio=50 | https://asfi.gob.bo/node/991
[FULL_11_ASFI_VALORES] t=2073.5s | pag=1425 | files=3405 | data=782 | cola= 643 | prio=50 | https://asfi.gob.bo/node/993
[FULL_11_ASFI_VALORES] t=2074.5s | pag=1426 | files=3407 | data=782 | cola= 642 | prio=50 | https://asfi.gob.bo/node/994
[FULL_11_ASFI_VALORES] t=2075.3s | pag=1427 | files=3407 | data=782 | cola= 641 | prio=50 | https://www.asfi.gob.bo/node/1000
[FULL_11_ASFI_VALORES] t=2076.0s | pag=1428 | files=3408 | data=782 | cola= 640 | prio=50 | https://www.asfi.gob.bo/pb/entidades-desestimadas-del-proceso-adecuacion
[FULL_11_ASFI_VALORES] t=2076.5s | pag=1429 | files=3410 | data=782 | cola= 639 | prio=50 | https://www.asfi.gob.bo/node/1002
[FULL_11_ASFI_VALORES] t=2077.0s | pag=1430 | files=3411 | data=782 | cola= 638 | prio=50 | https://www.asfi.gob.bo/la/siglas
[FULL_11_ASFI_VALORES] t=2078.0s | pag=1431 | files=3412 | data=782 | cola= 637 | prio=50 | https://www.asfi.gob.bo/pb/registro-firmas-auditoria-externa-autorizadas
[FULL_11_ASFI_VALORES] t=2078.9s | pag=1432 | files=3429 | data=782 | cola= 636 | prio=50 | https://www.asfi.gob.bo/node/1032
[FULL_11_ASFI_VALORES] t=2079.3s | pag=1433 | files=3429 | data=782 | cola= 635 | prio=50 | https://www.asfi.gob.bo/node/1034
[FULL_11_ASFI_VALORES] t=2079.8s | pag=1434 | files=3429 | data=782 | cola= 634 | prio=50 | https://www.asfi.gob.bo/node/1035
[FULL_11_ASFI_VALORES] t=2080.6s | pag=1435 | files=3433 | data=782 | cola= 633 | prio=50 | https://www.asfi.gob.bo/node/473
[FULL_11_ASFI_VALORES] t=2081.2s | pag=1436 | files=3446 | data=782 | cola= 632 | prio=50 | https://www.asfi.gob.bo/node/474
[FULL_11_ASFI_VALORES] t=2081.6s | pag=1437 | files=3448 | data=782 | cola= 631 | prio=50 | https://www.asfi.gob.bo/node/475
[FULL_11_ASFI_VALORES] t=2082.5s | pag=1438 | files=3455 | data=782 | cola= 630 | prio=50 | https://www.asfi.gob.bo/node/476
[FULL_11_ASFI_VALORES] t=2083.1s | pag=1439 | files=3462 | data=782 | cola= 629 | prio=50 | https://www.asfi.gob.bo/node/477
[FULL_11_ASFI_VALORES] t=2083.8s | pag=1440 | files=3468 | data=782 | cola= 628 | prio=50 | https://www.asfi.gob.bo/node/478
[FULL_11_ASFI_VALORES] t=2084.6s | pag=1441 | files=3478 | data=782 | cola= 627 | prio=50 | https://www.asfi.gob.bo/node/479
[FULL_11_ASFI_VALORES] t=2085.2s | pag=1442 | files=3485 | data=782 | cola= 626 | prio=50 | https://www.asfi.gob.bo/node/480
[FULL_11_ASFI_VALORES] t=2086.2s | pag=1443 | files=3487 | data=782 | cola= 625 | prio=50 | https://www.asfi.gob.bo/node/481
[FULL_11_ASFI_VALORES] t=2086.5s | pag=1444 | files=3488 | data=782 | cola= 624 | prio=50 | https://www.asfi.gob.bo/la/panamerican-safi-sa-0
[FULL_11_ASFI_VALORES] t=2087.2s | pag=1445 | files=3489 | data=782 | cola= 623 | prio=50 | https://www.asfi.gob.bo/node/482
[FULL_11_ASFI_VALORES] t=2087.8s | pag=1446 | files=3495 | data=782 | cola= 622 | prio=50 | https://www.asfi.gob.bo/node/483
[FULL_11_ASFI_VALORES] t=2088.7s | pag=1447 | files=3498 | data=782 | cola= 621 | prio=50 | https://www.asfi.gob.bo/node/484
[FULL_11_ASFI_VALORES] t=2089.1s | pag=1448 | files=3502 | data=782 | cola= 620 | prio=50 | https://www.asfi.gob.bo/node/485
[FULL_11_ASFI_VALORES] t=2089.6s | pag=1449 | files=3503 | data=782 | cola= 619 | prio=50 | https://www.asfi.gob.bo/node/486
[FULL_11_ASFI_VALORES] t=2090.2s | pag=1450 | files=3504 | data=782 | cola= 618 | prio=50 | https://www.asfi.gob.bo/node/487
[FULL_11_ASFI_VALORES] t=2090.7s | pag=1451 | files=3507 | data=782 | cola= 617 | prio=50 | https://www.asfi.gob.bo/node/488
[FULL_11_ASFI_VALORES] t=2091.1s | pag=1452 | files=3510 | data=782 | cola= 616 | prio=50 | https://www.asfi.gob.bo/node/489
[FULL_11_ASFI_VALORES] t=2091.7s | pag=1453 | files=3512 | data=782 | cola= 615 | prio=50 | https://www.asfi.gob.bo/node/490
[FULL_11_ASFI_VALORES] t=2092.5s | pag=1454 | files=3514 | data=782 | cola= 614 | prio=50 | https://www.asfi.gob.bo/node/491
[FULL_11_ASFI_VALORES] t=2093.1s | pag=1455 | files=3516 | data=782 | cola= 613 | prio=50 | https://www.asfi.gob.bo/node/492
[FULL_11_ASFI_VALORES] t=2093.5s | pag=1456 | files=3518 | data=782 | cola= 612 | prio=50 | https://www.asfi.gob.bo/node/493
[FULL_11_ASFI_VALORES] t=2094.3s | pag=1457 | files=3519 | data=782 | cola= 611 | prio=50 | https://www.asfi.gob.bo/node/494
[FULL_11_ASFI_VALORES] t=2095.0s | pag=1458 | files=3521 | data=782 | cola= 610 | prio=50 | https://www.asfi.gob.bo/node/495
[FULL_11_ASFI_VALORES] t=2095.7s | pag=1459 | files=3522 | data=782 | cola= 609 | prio=50 | https://www.asfi.gob.bo/node/1373
[FULL_11_ASFI_VALORES] t=2098.0s | pag=1460 | files=3527 | data=782 | cola= 608 | prio=50 | https://www.asfi.gob.bo/node/1037
[FULL_11_ASFI_VALORES] t=2099.1s | pag=1461 | files=3539 | data=782 | cola= 607 | prio=50 | https://www.asfi.gob.bo/node/1038
[FULL_11_ASFI_VALORES] t=2099.5s | pag=1462 | files=3551 | data=782 | cola= 606 | prio=50 | https://www.asfi.gob.bo/node/1039
[FULL_11_ASFI_VALORES] t=2100.2s | pag=1463 | files=3563 | data=782 | cola= 605 | prio=50 | https://www.asfi.gob.bo/node/1040
[FULL_11_ASFI_VALORES] t=2100.7s | pag=1464 | files=3575 | data=782 | cola= 604 | prio=50 | https://www.asfi.gob.bo/node/1041
[FULL_11_ASFI_VALORES] t=2101.7s | pag=1465 | files=3587 | data=782 | cola= 603 | prio=50 | https://www.asfi.gob.bo/node/1042
[FULL_11_ASFI_VALORES] t=2102.4s | pag=1466 | files=3599 | data=782 | cola= 602 | prio=50 | https://www.asfi.gob.bo/node/1043
[FULL_11_ASFI_VALORES] t=2103.1s | pag=1467 | files=3611 | data=782 | cola= 601 | prio=50 | https://www.asfi.gob.bo/node/1044
[FULL_11_ASFI_VALORES] t=2103.8s | pag=1468 | files=3618 | data=782 | cola= 600 | prio=50 | https://www.asfi.gob.bo/la/almaceneras-generales-deposito-2026
[FULL_11_ASFI_VALORES] t=2111.7s | pag=1469 | files=3624 | data=782 | cola= 599 | prio=50 | https://www.asfi.gob.bo/la/entidades-arrendamiento-financiero-2026
[FULL_11_ASFI_VALORES] t=2120.6s | pag=1470 | files=3631 | data=782 | cola= 598 | prio=50 | https://www.asfi.gob.bo/la/camaras-compensacion-y-liquidacion-2026
[FULL_11_ASFI_VALORES] t=2129.0s | pag=1471 | files=3638 | data=782 | cola= 597 | prio=50 | https://www.asfi.gob.bo/la/buros-informacion-2026
[FULL_11_ASFI_VALORES] t=2139.8s | pag=1472 | files=3645 | data=782 | cola= 596 | prio=50 | https://www.asfi.gob.bo/la/empresas-servicios-pago-movil-2026
[FULL_11_ASFI_VALORES] t=2150.9s | pag=1473 | files=3652 | data=782 | cola= 595 | prio=50 | https://www.asfi.gob.bo/la/empresas-transporte-material-monetario-y-valores-2026
[FULL_11_ASFI_VALORES] t=2160.7s | pag=1474 | files=3659 | data=783 | cola= 594 | prio=50 | https://www.asfi.gob.bo/la/empresas-administradoras-tarjetas-electronicas-2026
[FULL_11_ASFI_VALORES] t=2170.3s | pag=1475 | files=3666 | data=783 | cola= 593 | prio=50 | https://www.asfi.gob.bo/la/empresas-giros-y-remesas-dinero-2026
[FULL_11_ASFI_VALORES] t=2178.9s | pag=1476 | files=3672 | data=783 | cola= 592 | prio=50 | https://www.asfi.gob.bo/node/600
[FULL_11_ASFI_VALORES] t=2196.9s | pag=1477 | files=3684 | data=783 | cola= 591 | prio=50 | https://www.asfi.gob.bo/node/603
[FULL_11_ASFI_VALORES] t=2212.1s | pag=1478 | files=3696 | data=783 | cola= 590 | prio=50 | https://www.asfi.gob.bo/node/604
[FULL_11_ASFI_VALORES] t=2228.5s | pag=1479 | files=3708 | data=783 | cola= 589 | prio=50 | https://www.asfi.gob.bo/node/606
[FULL_11_ASFI_VALORES] t=2243.3s | pag=1480 | files=3720 | data=783 | cola= 588 | prio=50 | https://www.asfi.gob.bo/node/608
[FULL_11_ASFI_VALORES] t=2260.5s | pag=1481 | files=3732 | data=783 | cola= 587 | prio=50 | https://www.asfi.gob.bo/node/610
[FULL_11_ASFI_VALORES] t=2277.5s | pag=1482 | files=3744 | data=784 | cola= 586 | prio=50 | https://www.asfi.gob.bo/node/612
[FULL_11_ASFI_VALORES] t=2293.6s | pag=1483 | files=3756 | data=784 | cola= 585 | prio=50 | https://www.asfi.gob.bo/node/613
[FULL_11_ASFI_VALORES] t=2310.5s | pag=1484 | files=3768 | data=784 | cola= 584 | prio=50 | https://www.asfi.gob.bo/node/616
[FULL_11_ASFI_VALORES] t=2311.1s | pag=1485 | files=3780 | data=784 | cola= 583 | prio=50 | https://www.asfi.gob.bo/node/617
[FULL_11_ASFI_VALORES] t=2311.8s | pag=1486 | files=3792 | data=784 | cola= 582 | prio=50 | https://www.asfi.gob.bo/node/618
[FULL_11_ASFI_VALORES] t=2312.3s | pag=1487 | files=3804 | data=784 | cola= 581 | prio=50 | https://www.asfi.gob.bo/node/620
[FULL_11_ASFI_VALORES] t=2313.0s | pag=1488 | files=3815 | data=784 | cola= 580 | prio=50 | https://www.asfi.gob.bo/node/621
[FULL_11_ASFI_VALORES] t=2313.9s | pag=1489 | files=3827 | data=784 | cola= 579 | prio=50 | https://www.asfi.gob.bo/node/622
[FULL_11_ASFI_VALORES] t=2314.5s | pag=1490 | files=3839 | data=785 | cola= 578 | prio=50 | https://www.asfi.gob.bo/node/623
[FULL_11_ASFI_VALORES] t=2315.3s | pag=1491 | files=3851 | data=785 | cola= 577 | prio=50 | https://www.asfi.gob.bo/node/624
[FULL_11_ASFI_VALORES] t=2316.2s | pag=1492 | files=3863 | data=785 | cola= 576 | prio=50 | https://www.asfi.gob.bo/node/626
[FULL_11_ASFI_VALORES] t=2316.9s | pag=1493 | files=3875 | data=785 | cola= 575 | prio=50 | https://www.asfi.gob.bo/node/627
[FULL_11_ASFI_VALORES] t=2317.6s | pag=1494 | files=3887 | data=785 | cola= 574 | prio=50 | https://www.asfi.gob.bo/node/628
[FULL_11_ASFI_VALORES] t=2318.3s | pag=1495 | files=3899 | data=785 | cola= 573 | prio=50 | https://www.asfi.gob.bo/node/629
[FULL_11_ASFI_VALORES] t=2318.8s | pag=1496 | files=3911 | data=785 | cola= 572 | prio=50 | https://www.asfi.gob.bo/node/630
[FULL_11_ASFI_VALORES] t=2319.5s | pag=1497 | files=3923 | data=785 | cola= 571 | prio=50 | https://www.asfi.gob.bo/node/631
[FULL_11_ASFI_VALORES] t=2320.2s | pag=1498 | files=3935 | data=786 | cola= 570 | prio=50 | https://www.asfi.gob.bo/node/632
[FULL_11_ASFI_VALORES] t=2320.7s | pag=1499 | files=3947 | data=786 | cola= 569 | prio=50 | https://www.asfi.gob.bo/node/633
[FULL_11_ASFI_VALORES] t=2321.1s | pag=1500 | files=3959 | data=786 | cola= 568 | prio=50 | https://www.asfi.gob.bo/node/634
[FULL_11_ASFI_VALORES] t=2321.5s | pag=1501 | files=3971 | data=786 | cola= 567 | prio=50 | https://www.asfi.gob.bo/node/635
[FULL_11_ASFI_VALORES] t=2322.6s | pag=1502 | files=3983 | data=786 | cola= 566 | prio=50 | https://www.asfi.gob.bo/node/636
[FULL_11_ASFI_VALORES] t=2323.3s | pag=1503 | files=3995 | data=786 | cola= 565 | prio=50 | https://www.asfi.gob.bo/node/637
[FULL_11_ASFI_VALORES] t=2323.9s | pag=1504 | files=4007 | data=786 | cola= 564 | prio=50 | https://www.asfi.gob.bo/node/638
[FULL_11_ASFI_VALORES] t=2325.4s | pag=1505 | files=4019 | data=786 | cola= 563 | prio=50 | https://www.asfi.gob.bo/node/639
[FULL_11_ASFI_VALORES] t=2326.2s | pag=1506 | files=4031 | data=787 | cola= 562 | prio=50 | https://www.asfi.gob.bo/node/640
[FULL_11_ASFI_VALORES] t=2326.7s | pag=1507 | files=4043 | data=787 | cola= 561 | prio=50 | https://www.asfi.gob.bo/node/641
[FULL_11_ASFI_VALORES] t=2327.2s | pag=1508 | files=4055 | data=787 | cola= 560 | prio=50 | https://www.asfi.gob.bo/node/642
[FULL_11_ASFI_VALORES] t=2328.2s | pag=1509 | files=4067 | data=787 | cola= 559 | prio=50 | https://www.asfi.gob.bo/node/643
[FULL_11_ASFI_VALORES] t=2329.1s | pag=1510 | files=4079 | data=787 | cola= 558 | prio=50 | https://www.asfi.gob.bo/node/644
[FULL_11_ASFI_VALORES] t=2329.7s | pag=1511 | files=4091 | data=787 | cola= 557 | prio=50 | https://www.asfi.gob.bo/node/645
[FULL_11_ASFI_VALORES] t=2330.3s | pag=1512 | files=4103 | data=787 | cola= 556 | prio=50 | https://www.asfi.gob.bo/node/646
[FULL_11_ASFI_VALORES] t=2331.1s | pag=1513 | files=4115 | data=787 | cola= 555 | prio=50 | https://www.asfi.gob.bo/node/647
[FULL_11_ASFI_VALORES] t=2331.8s | pag=1514 | files=4127 | data=788 | cola= 554 | prio=50 | https://www.asfi.gob.bo/node/648
[FULL_11_ASFI_VALORES] t=2332.7s | pag=1515 | files=4139 | data=788 | cola= 553 | prio=50 | https://www.asfi.gob.bo/node/649
[FULL_11_ASFI_VALORES] t=2333.3s | pag=1516 | files=4151 | data=788 | cola= 552 | prio=50 | https://www.asfi.gob.bo/node/650
[FULL_11_ASFI_VALORES] t=2334.3s | pag=1517 | files=4163 | data=788 | cola= 551 | prio=50 | https://www.asfi.gob.bo/node/651
[FULL_11_ASFI_VALORES] t=2334.8s | pag=1518 | files=4175 | data=788 | cola= 550 | prio=50 | https://www.asfi.gob.bo/node/652
[FULL_11_ASFI_VALORES] t=2335.7s | pag=1519 | files=4187 | data=788 | cola= 549 | prio=50 | https://www.asfi.gob.bo/node/653
[FULL_11_ASFI_VALORES] t=2336.5s | pag=1520 | files=4199 | data=788 | cola= 548 | prio=50 | https://www.asfi.gob.bo/node/654
[FULL_11_ASFI_VALORES] t=2337.4s | pag=1521 | files=4211 | data=788 | cola= 547 | prio=50 | https://www.asfi.gob.bo/node/655
[FULL_11_ASFI_VALORES] t=2337.8s | pag=1522 | files=4223 | data=789 | cola= 546 | prio=50 | https://www.asfi.gob.bo/node/656
[FULL_11_ASFI_VALORES] t=2338.6s | pag=1523 | files=4235 | data=789 | cola= 545 | prio=50 | https://www.asfi.gob.bo/node/657
[FULL_11_ASFI_VALORES] t=2339.1s | pag=1524 | files=4247 | data=789 | cola= 544 | prio=50 | https://www.asfi.gob.bo/la/almaceneras-generales-deposito-2019
[FULL_11_ASFI_VALORES] t=2354.9s | pag=1525 | files=4259 | data=789 | cola= 543 | prio=50 | https://www.asfi.gob.bo/la/entidades-arrendamiento-financiero-2019
[FULL_11_ASFI_VALORES] t=2370.9s | pag=1526 | files=4271 | data=789 | cola= 542 | prio=50 | https://www.asfi.gob.bo/la/camaras-compensacion-y-liquidacion-2019
[FULL_11_ASFI_VALORES] t=2386.7s | pag=1527 | files=4283 | data=789 | cola= 541 | prio=50 | https://www.asfi.gob.bo/la/buros-informacion-2019
[FULL_11_ASFI_VALORES] t=2402.9s | pag=1528 | files=4295 | data=789 | cola= 540 | prio=50 | https://www.asfi.gob.bo/la/empresas-servicios-pago-movil-2019
[FULL_11_ASFI_VALORES] t=2418.4s | pag=1529 | files=4307 | data=789 | cola= 539 | prio=50 | https://www.asfi.gob.bo/la/empresas-transporte-material-monetario-y-valores-2019
[FULL_11_ASFI_VALORES] t=2436.0s | pag=1530 | files=4319 | data=790 | cola= 538 | prio=50 | https://www.asfi.gob.bo/la/empresas-administradoras-tarjetas-electronicas-2019
[FULL_11_ASFI_VALORES] t=2450.4s | pag=1531 | files=4330 | data=790 | cola= 537 | prio=50 | https://www.asfi.gob.bo/la/empresas-giros-y-remesas-dinero-2019
[FULL_11_ASFI_VALORES] t=2467.0s | pag=1532 | files=4342 | data=790 | cola= 536 | prio=50 | https://www.asfi.gob.bo/la/almaceneras-generales-deposito-2018
[FULL_11_ASFI_VALORES] t=2481.5s | pag=1533 | files=4354 | data=790 | cola= 535 | prio=50 | https://www.asfi.gob.bo/la/entidades-arrendamiento-financiero-2018
[FULL_11_ASFI_VALORES] t=2497.4s | pag=1534 | files=4366 | data=790 | cola= 534 | prio=50 | https://www.asfi.gob.bo/la/camaras-compensacion-y-liquidacion-2018
[FULL_11_ASFI_VALORES] t=2512.7s | pag=1535 | files=4378 | data=790 | cola= 533 | prio=50 | https://www.asfi.gob.bo/la/buros-informacion-2018
[FULL_11_ASFI_VALORES] t=2527.8s | pag=1536 | files=4390 | data=790 | cola= 532 | prio=50 | https://www.asfi.gob.bo/la/empresas-servicios-pago-movil-2018
[FULL_11_ASFI_VALORES] t=2543.1s | pag=1537 | files=4402 | data=790 | cola= 531 | prio=50 | https://www.asfi.gob.bo/la/empresas-transporte-material-monetario-y-valores-2018
[FULL_11_ASFI_VALORES] t=2557.8s | pag=1538 | files=4414 | data=791 | cola= 530 | prio=50 | https://www.asfi.gob.bo/la/empresas-administradoras-tarjetas-electronicas-2018
[FULL_11_ASFI_VALORES] t=2573.3s | pag=1539 | files=4426 | data=791 | cola= 529 | prio=50 | https://www.asfi.gob.bo/la/almaceneras-generales-deposito-2017
[FULL_11_ASFI_VALORES] t=2589.9s | pag=1540 | files=4438 | data=791 | cola= 528 | prio=50 | https://www.asfi.gob.bo/la/entidades-arrendamiento-financiero-2017
[FULL_11_ASFI_VALORES] t=2605.9s | pag=1541 | files=4450 | data=791 | cola= 527 | prio=50 | https://www.asfi.gob.bo/la/camaras-compensacion-y-liquidacion-2017
[FULL_11_ASFI_VALORES] t=2622.4s | pag=1542 | files=4462 | data=791 | cola= 526 | prio=50 | https://www.asfi.gob.bo/la/buros-informacion-2017
[FULL_11_ASFI_VALORES] t=2638.3s | pag=1543 | files=4474 | data=791 | cola= 525 | prio=50 | https://www.asfi.gob.bo/la/empresas-servicios-pago-movil-2017
[FULL_11_ASFI_VALORES] t=2654.4s | pag=1544 | files=4486 | data=791 | cola= 524 | prio=50 | https://www.asfi.gob.bo/la/empresas-transporte-material-monetario-y-valores-2017
[FULL_11_ASFI_VALORES] t=2670.2s | pag=1545 | files=4498 | data=792 | cola= 523 | prio=50 | https://www.asfi.gob.bo/la/empresas-administradoras-tarjetas-electronicas-2017
[FULL_11_ASFI_VALORES] t=2686.1s | pag=1546 | files=4510 | data=792 | cola= 522 | prio=50 | https://www.asfi.gob.bo/la/almaceneras-generales-deposito-2016
[FULL_11_ASFI_VALORES] t=2703.2s | pag=1547 | files=4522 | data=792 | cola= 521 | prio=50 | https://www.asfi.gob.bo/la/entidades-arrendamiento-financiero-2016
[FULL_11_ASFI_VALORES] t=2720.8s | pag=1548 | files=4534 | data=792 | cola= 520 | prio=50 | https://www.asfi.gob.bo/la/camaras-compensacion-y-liquidacion-2016
[FULL_11_ASFI_VALORES] t=2736.6s | pag=1549 | files=4546 | data=792 | cola= 519 | prio=50 | https://www.asfi.gob.bo/la/buros-informacion-2016
[FULL_11_ASFI_VALORES] t=2751.8s | pag=1550 | files=4558 | data=792 | cola= 518 | prio=50 | https://www.asfi.gob.bo/la/empresas-servicios-pago-movil-2016
[FULL_11_ASFI_VALORES] t=2767.4s | pag=1551 | files=4570 | data=792 | cola= 517 | prio=50 | https://www.asfi.gob.bo/la/empresas-transporte-material-monetario-y-valores-2016
[FULL_11_ASFI_VALORES] t=2785.0s | pag=1552 | files=4582 | data=793 | cola= 516 | prio=50 | https://www.asfi.gob.bo/la/empresas-administradoras-tarjetas-electronicas-2016
[FULL_11_ASFI_VALORES] t=2786.8s | pag=1553 | files=4583 | data=793 | cola= 515 | prio=50 | https://www.asfi.gob.bo/la/almaceneras-generales-deposito-2015
[FULL_11_ASFI_VALORES] t=2801.8s | pag=1554 | files=4594 | data=793 | cola= 514 | prio=50 | https://www.asfi.gob.bo/la/entidades-arrendamiento-financiero-2015
[FULL_11_ASFI_VALORES] t=2817.9s | pag=1555 | files=4605 | data=793 | cola= 513 | prio=50 | https://www.asfi.gob.bo/la/camaras-compensacion-y-liquidacion-2015
[FULL_11_ASFI_VALORES] t=2829.5s | pag=1556 | files=4614 | data=793 | cola= 512 | prio=50 | https://www.asfi.gob.bo/la/buros-informacion-2015
[FULL_11_ASFI_VALORES] t=2844.1s | pag=1557 | files=4626 | data=793 | cola= 511 | prio=50 | https://www.asfi.gob.bo/la/empresas-servicios-pago-movil-2015
[FULL_11_ASFI_VALORES] t=2858.6s | pag=1558 | files=4638 | data=793 | cola= 510 | prio=50 | https://www.asfi.gob.bo/la/empresas-transporte-material-monetario-y-valores-2015
[FULL_11_ASFI_VALORES] t=2862.4s | pag=1559 | files=4641 | data=794 | cola= 509 | prio=50 | https://barometro.asfi.gob.bo/articles
[FULL_11_ASFI_VALORES] t=2863.3s | pag=1560 | files=4641 | data=794 | cola= 511 | prio=10 | https://barometro.asfi.gob.bo/articles/20260518-cuentas-deposito-bolivia
[FULL_11_ASFI_VALORES] t=2863.9s | pag=1561 | files=4641 | data=794 | cola= 510 | prio=10 | https://barometro.asfi.gob.bo/articles/20260430-banca-digital-bolivia
[FULL_11_ASFI_VALORES] t=2864.4s | pag=1562 | files=4641 | data=794 | cola= 509 | prio=50 | https://barometro.asfi.gob.bo/estudios
[FULL_11_ASFI_VALORES] t=2865.3s | pag=1563 | files=4641 | data=794 | cola= 509 | prio=50 | https://barometro.asfi.gob.bo/encuesta-nacional
[FULL_11_ASFI_VALORES] t=2865.9s | pag=1564 | files=4641 | data=794 | cola= 508 | prio=50 | https://barometro.asfi.gob.bo/suscripciones
[FULL_11_ASFI_VALORES] t=2866.8s | pag=1565 | files=4641 | data=794 | cola= 507 | prio=50 | https://barometro.asfi.gob.bo/articles/20260630-billeteras-moviles-bolivia
[FULL_11_ASFI_VALORES] t=2867.3s | pag=1566 | files=4641 | data=794 | cola= 506 | prio=50 | https://barometro.asfi.gob.bo/articles/20260616-experiencia-banca-digital
[FULL_11_ASFI_VALORES] t=2867.9s | pag=1567 | files=4641 | data=794 | cola= 505 | prio=50 | https://correspondencia-digital.asfi.gob.bo/formulario-envio-documento-digital
[FULL_11_ASFI_VALORES] t=2868.9s | pag=1568 | files=4641 | data=794 | cola= 504 | prio=50 | https://www.asfi.gob.bo/node/1066
[FULL_11_ASFI_VALORES] t=2869.4s | pag=1569 | files=4642 | data=794 | cola= 503 | prio=50 | https://www.asfi.gob.bo/node/1067
[FULL_11_ASFI_VALORES] t=2870.3s | pag=1570 | files=4643 | data=794 | cola= 502 | prio=50 | https://www.asfi.gob.bo/ei/banco-central-bolivia
[FULL_11_ASFI_VALORES] t=2870.9s | pag=1571 | files=4643 | data=794 | cola= 501 | prio=50 | https://www.asfi.gob.bo/ei/ministerio-economia-y-finanzas
[FULL_11_ASFI_VALORES] t=2871.6s | pag=1572 | files=4643 | data=794 | cola= 500 | prio=50 | https://www.asfi.gob.bo/la/programa-pagares-2026
[FULL_11_ASFI_VALORES] t=2872.1s | pag=1573 | files=4648 | data=794 | cola= 499 | prio=50 | https://www.asfi.gob.bo/node/513
[FULL_11_ASFI_VALORES] t=2872.5s | pag=1574 | files=4664 | data=794 | cola= 498 | prio=50 | https://www.asfi.gob.bo/node/518
[FULL_11_ASFI_VALORES] t=2873.0s | pag=1575 | files=4673 | data=794 | cola= 497 | prio=50 | https://www.asfi.gob.bo/node/523
[FULL_11_ASFI_VALORES] t=2873.8s | pag=1576 | files=4678 | data=794 | cola= 496 | prio=50 | https://www.asfi.gob.bo/node/528
[FULL_11_ASFI_VALORES] t=2874.4s | pag=1577 | files=4682 | data=794 | cola= 495 | prio=50 | https://www.asfi.gob.bo/node/533
[FULL_11_ASFI_VALORES] t=2874.9s | pag=1578 | files=4687 | data=794 | cola= 494 | prio=50 | https://www.asfi.gob.bo/node/538
[FULL_11_ASFI_VALORES] t=2875.7s | pag=1579 | files=4691 | data=794 | cola= 493 | prio=50 | https://www.asfi.gob.bo/node/543
[FULL_11_ASFI_VALORES] t=2876.1s | pag=1580 | files=4693 | data=794 | cola= 492 | prio=50 | https://www.asfi.gob.bo/node/548
[FULL_11_ASFI_VALORES] t=2876.6s | pag=1581 | files=4694 | data=794 | cola= 491 | prio=50 | https://www.asfi.gob.bo/node/553
[FULL_11_ASFI_VALORES] t=2877.0s | pag=1582 | files=4697 | data=794 | cola= 490 | prio=50 | https://www.asfi.gob.bo/node/558
[FULL_11_ASFI_VALORES] t=2877.7s | pag=1583 | files=4697 | data=794 | cola= 489 | prio=50 | https://www.asfi.gob.bo/node/563
[FULL_11_ASFI_VALORES] t=2878.2s | pag=1584 | files=4699 | data=794 | cola= 488 | prio=50 | https://www.asfi.gob.bo/node/568
[FULL_11_ASFI_VALORES] t=2878.9s | pag=1585 | files=4700 | data=794 | cola= 487 | prio=50 | https://www.asfi.gob.bo/node/573
[FULL_11_ASFI_VALORES] t=2879.3s | pag=1586 | files=4705 | data=794 | cola= 486 | prio=50 | https://www.asfi.gob.bo/node/578
[FULL_11_ASFI_VALORES] t=2879.9s | pag=1587 | files=4706 | data=794 | cola= 485 | prio=50 | https://www.asfi.gob.bo/node/583
[FULL_11_ASFI_VALORES] t=2880.8s | pag=1588 | files=4711 | data=794 | cola= 484 | prio=50 | https://www.asfi.gob.bo/node/588
[FULL_11_ASFI_VALORES] t=2881.9s | pag=1589 | files=4717 | data=794 | cola= 483 | prio=50 | https://www.asfi.gob.bo/la/cd-gestion-2026
[FULL_11_ASFI_VALORES] t=2891.0s | pag=1590 | files=4724 | data=794 | cola= 482 | prio=50 | https://www.asfi.gob.bo/node/1012
[FULL_11_ASFI_VALORES] t=2908.4s | pag=1591 | files=4736 | data=794 | cola= 481 | prio=50 | https://www.asfi.gob.bo/node/1013
[FULL_11_ASFI_VALORES] t=2920.8s | pag=1592 | files=4748 | data=794 | cola= 480 | prio=50 | https://www.asfi.gob.bo/node/1014
[FULL_11_ASFI_VALORES] t=2937.1s | pag=1593 | files=4760 | data=794 | cola= 479 | prio=50 | https://www.asfi.gob.bo/node/1015
[FULL_11_ASFI_VALORES] t=2953.4s | pag=1594 | files=4772 | data=794 | cola= 478 | prio=50 | https://www.asfi.gob.bo/node/1016
[FULL_11_ASFI_VALORES] t=2970.2s | pag=1595 | files=4784 | data=794 | cola= 477 | prio=50 | https://www.asfi.gob.bo/node/1017
[FULL_11_ASFI_VALORES] t=2987.3s | pag=1596 | files=4796 | data=794 | cola= 476 | prio=50 | https://www.asfi.gob.bo/node/1018
[FULL_11_ASFI_VALORES] t=3003.6s | pag=1597 | files=4808 | data=794 | cola= 475 | prio=50 | https://www.asfi.gob.bo/node/1019
[FULL_11_ASFI_VALORES] t=3019.9s | pag=1598 | files=4820 | data=794 | cola= 474 | prio=50 | https://www.asfi.gob.bo/node/1020
[FULL_11_ASFI_VALORES] t=3035.0s | pag=1599 | files=4832 | data=794 | cola= 473 | prio=50 | https://www.asfi.gob.bo/node/1021
[FULL_11_ASFI_VALORES] t=3050.7s | pag=1600 | files=4844 | data=794 | cola= 472 | prio=50 | https://www.asfi.gob.bo/node/1022
[FULL_11_ASFI_VALORES] t=3064.9s | pag=1601 | files=4856 | data=794 | cola= 471 | prio=50 | https://www.asfi.gob.bo/node/1023
[FULL_11_ASFI_VALORES] t=3079.9s | pag=1602 | files=4868 | data=794 | cola= 470 | prio=50 | https://www.asfi.gob.bo/node/1024
[FULL_11_ASFI_VALORES] t=3095.3s | pag=1603 | files=4880 | data=794 | cola= 469 | prio=50 | https://www.asfi.gob.bo/node/1025
[FULL_11_ASFI_VALORES] t=3110.9s | pag=1604 | files=4892 | data=794 | cola= 468 | prio=50 | https://www.asfi.gob.bo/node/1026
[FULL_11_ASFI_VALORES] t=3127.4s | pag=1605 | files=4904 | data=794 | cola= 467 | prio=50 | https://www.asfi.gob.bo/la/entidades-segundo-piso-gestion-2015
[FULL_11_ASFI_VALORES] t=3128.2s | pag=1606 | files=4904 | data=794 | cola= 466 | prio=50 | https://www.asfi.gob.bo/la/entidades-segundo-piso-gestion-2014
[FULL_11_ASFI_VALORES] t=3128.7s | pag=1607 | files=4904 | data=794 | cola= 465 | prio=50 | https://www.asfi.gob.bo/la/estados-financieros-resumidos-gestion-2025
[FULL_11_ASFI_VALORES] t=3142.0s | pag=1608 | files=4914 | data=794 | cola= 464 | prio=50 | https://www.asfi.gob.bo/la/estados-financieros-resumidos-gestion-2024
[FULL_11_ASFI_VALORES] t=3142.8s | pag=1609 | files=4926 | data=794 | cola= 463 | prio=50 | https://www.asfi.gob.bo/la/estados-financieros-resumidos-gestion-2023
[FULL_11_ASFI_VALORES] t=3143.8s | pag=1610 | files=4938 | data=794 | cola= 462 | prio=50 | https://www.asfi.gob.bo/la/estados-financieros-resumidos-gestion-2022
[FULL_11_ASFI_VALORES] t=3144.7s | pag=1611 | files=4950 | data=794 | cola= 461 | prio=50 | https://www.asfi.gob.bo/la/estados-financieros-resumidos-gestion-2021
[FULL_11_ASFI_VALORES] t=3145.2s | pag=1612 | files=4962 | data=794 | cola= 460 | prio=50 | https://www.asfi.gob.bo/la/estados-financieros-resumidos-gestion-2020
[FULL_11_ASFI_VALORES] t=3145.9s | pag=1613 | files=4974 | data=794 | cola= 459 | prio=50 | https://www.asfi.gob.bo/la/estados-financieros-resumidos-gestion-2019
[FULL_11_ASFI_VALORES] t=3146.4s | pag=1614 | files=4986 | data=794 | cola= 458 | prio=50 | https://www.asfi.gob.bo/la/estados-financieros-resumidos-gestion-2018
[FULL_11_ASFI_VALORES] t=3147.0s | pag=1615 | files=4998 | data=794 | cola= 457 | prio=50 | https://www.asfi.gob.bo/la/estados-financieros-resumidos-gestion-2017
[FULL_11_ASFI_VALORES] t=3147.9s | pag=1616 | files=5010 | data=794 | cola= 456 | prio=50 | https://www.asfi.gob.bo/la/estados-financieros-resumidos-gestion-2016
[FULL_11_ASFI_VALORES] t=3148.6s | pag=1617 | files=5022 | data=794 | cola= 455 | prio=50 | https://www.asfi.gob.bo/la/estados-financieros-resumidos-gestion-2015
[FULL_11_ASFI_VALORES] t=3149.4s | pag=1618 | files=5025 | data=794 | cola= 454 | prio=50 | https://www.asfi.gob.bo/la/banco-central-estados-financieros-2023
[FULL_11_ASFI_VALORES] t=3150.2s | pag=1619 | files=5026 | data=794 | cola= 453 | prio=50 | https://www.asfi.gob.bo/la/banco-central-estados-financieros-2022
[FULL_11_ASFI_VALORES] t=3150.7s | pag=1620 | files=5038 | data=794 | cola= 452 | prio=50 | https://www.asfi.gob.bo/la/banco-central-estados-financieros-2021
[FULL_11_ASFI_VALORES] t=3151.5s | pag=1621 | files=5050 | data=794 | cola= 451 | prio=50 | https://www.asfi.gob.bo/la/banco-central-estados-financieros-2020
[FULL_11_ASFI_VALORES] t=3151.9s | pag=1622 | files=5062 | data=794 | cola= 450 | prio=50 | https://www.asfi.gob.bo/la/banco-central-estados-financieros-2019
[FULL_11_ASFI_VALORES] t=3152.5s | pag=1623 | files=5074 | data=794 | cola= 449 | prio=50 | https://www.asfi.gob.bo/la/banco-central-estados-financieros-2018
[FULL_11_ASFI_VALORES] t=3152.9s | pag=1624 | files=5086 | data=794 | cola= 448 | prio=50 | https://www.asfi.gob.bo/la/banco-central-estados-financieros-2017
[FULL_11_ASFI_VALORES] t=3153.7s | pag=1625 | files=5098 | data=794 | cola= 447 | prio=50 | https://www.asfi.gob.bo/la/banco-central-estados-financieros-2016
[FULL_11_ASFI_VALORES] t=3154.5s | pag=1626 | files=5110 | data=794 | cola= 446 | prio=50 | https://www.asfi.gob.bo/la/banco-central-estados-financieros-2015
[FULL_11_ASFI_VALORES] t=3155.0s | pag=1627 | files=5122 | data=794 | cola= 445 | prio=50 | https://www.asfi.gob.bo/la/banco-central-estados-financieros-2014
[FULL_11_ASFI_VALORES] t=3155.9s | pag=1628 | files=5134 | data=794 | cola= 444 | prio=50 | https://www.asfi.gob.bo/la/banco-central-estados-financieros-2013
[FULL_11_ASFI_VALORES] t=3156.4s | pag=1629 | files=5146 | data=794 | cola= 443 | prio=50 | https://www.asfi.gob.bo/la/fogavisp-fogacp-y-fogagre-2026
[FULL_11_ASFI_VALORES] t=3161.8s | pag=1630 | files=5149 | data=794 | cola= 442 | prio=50 | https://www.asfi.gob.bo/la/fogavisp-fogacp-y-fogagre-2025
[FULL_11_ASFI_VALORES] t=3178.0s | pag=1631 | files=5161 | data=794 | cola= 441 | prio=50 | https://www.asfi.gob.bo/la/fogavisp-fogacp-y-fogagre-2024
[FULL_11_ASFI_VALORES] t=3178.8s | pag=1632 | files=5173 | data=794 | cola= 440 | prio=50 | https://www.asfi.gob.bo/la/fogavisp-fogacp-y-fogagre-2023
[FULL_11_ASFI_VALORES] t=3179.8s | pag=1633 | files=5185 | data=794 | cola= 439 | prio=50 | https://www.asfi.gob.bo/la/fogavisp-fogacp-y-fogagre-2022
[FULL_11_ASFI_VALORES] t=3180.5s | pag=1634 | files=5197 | data=794 | cola= 438 | prio=50 | https://www.asfi.gob.bo/la/fogavisp-fogacp-y-fogagre-2021
[FULL_11_ASFI_VALORES] t=3181.1s | pag=1635 | files=5209 | data=794 | cola= 437 | prio=50 | https://www.asfi.gob.bo/la/fogavisp-fogacp-y-fogagre-2020
[FULL_11_ASFI_VALORES] t=3181.8s | pag=1636 | files=5221 | data=794 | cola= 436 | prio=50 | https://www.asfi.gob.bo/la/fogavisp-fogacp-y-fogagre-2019
[FULL_11_ASFI_VALORES] t=3182.4s | pag=1637 | files=5233 | data=794 | cola= 435 | prio=50 | https://www.asfi.gob.bo/la/fogavisp-fogacp-y-fogagre-2018
[FULL_11_ASFI_VALORES] t=3183.3s | pag=1638 | files=5236 | data=794 | cola= 434 | prio=50 | https://asfi.gob.bo//node/1402
[FULL_11_ASFI_VALORES] t=3184.3s | pag=1639 | files=5236 | data=794 | cola= 433 | prio=50 | https://asfi.gob.bo//node/1394
[FULL_11_ASFI_VALORES] t=3184.7s | pag=1640 | files=5236 | data=794 | cola= 432 | prio=50 | https://asfi.gob.bo//node/1393
[FULL_11_ASFI_VALORES] t=3185.4s | pag=1641 | files=5236 | data=794 | cola= 431 | prio=50 | https://asfi.gob.bo/node/1065
[FULL_11_ASFI_VALORES] t=3186.1s | pag=1642 | files=5236 | data=794 | cola= 432 | prio=50 | https://asfi.gob.bo/node/949
[FULL_11_ASFI_VALORES] t=3186.5s | pag=1643 | files=5266 | data=794 | cola= 431 | prio=50 | https://asfi.gob.bo/node/1070
[FULL_11_ASFI_VALORES] t=3187.4s | pag=1644 | files=5268 | data=794 | cola= 430 | prio=50 | https://asfi.gob.bo/node/1071
[FULL_11_ASFI_VALORES] t=3187.8s | pag=1645 | files=5269 | data=794 | cola= 429 | prio=50 | https://asfi.gob.bo/node/1068
[FULL_11_ASFI_VALORES] t=3188.4s | pag=1646 | files=5270 | data=794 | cola= 428 | prio=50 | https://asfi.gob.bo/node/1069
[FULL_11_ASFI_VALORES] t=3189.2s | pag=1647 | files=5271 | data=794 | cola= 427 | prio=50 | https://asfi.gob.bo/enlaces-de-interes
[FULL_11_ASFI_VALORES] t=3189.8s | pag=1648 | files=5271 | data=794 | cola= 430 | prio=10 | https://asfi.gob.bo/ei/plataforma-reporta-tu-tranca
[FULL_11_ASFI_VALORES] t=3190.6s | pag=1649 | files=5271 | data=794 | cola= 429 | prio=10 | https://asfi.gob.bo/ei/unidad-investigaciones-financieras
[FULL_11_ASFI_VALORES] t=3191.2s | pag=1650 | files=5271 | data=794 | cola= 428 | prio=50 | https://asfi.gob.bo//pagina-poa?field_tipos_poa_value=poa_institucional
[FULL_11_ASFI_VALORES] t=3192.3s | pag=1651 | files=5271 | data=794 | cola= 427 | prio=50 | https://asfi.gob.bo//pagina-poa?field_tipos_poa_value=poa_por_unidad_organizacional
[FULL_11_ASFI_VALORES] t=3193.1s | pag=1652 | files=5271 | data=794 | cola= 426 | prio=50 | https://asfi.gob.bo//node/1368
[FULL_11_ASFI_VALORES] t=3193.8s | pag=1653 | files=5271 | data=794 | cola= 425 | prio=50 | https://asfi.gob.bo//node/1367
[FULL_11_ASFI_VALORES] t=3194.8s | pag=1654 | files=5271 | data=794 | cola= 424 | prio=50 | https://asfi.gob.bo//node/1365
[FULL_11_ASFI_VALORES] t=3195.8s | pag=1655 | files=5271 | data=794 | cola= 423 | prio=50 | https://asfi.gob.bo//node/1362
[FULL_11_ASFI_VALORES] t=3196.4s | pag=1656 | files=5271 | data=794 | cola= 422 | prio=50 | https://asfi.gob.bo//node/1348
[FULL_11_ASFI_VALORES] t=3197.4s | pag=1657 | files=5271 | data=794 | cola= 421 | prio=50 | https://asfi.gob.bo//node/1347
[FULL_11_ASFI_VALORES] t=3198.4s | pag=1658 | files=5271 | data=794 | cola= 420 | prio=50 | https://asfi.gob.bo//node/1322
[FULL_11_ASFI_VALORES] t=3198.9s | pag=1659 | files=5271 | data=794 | cola= 419 | prio=50 | https://asfi.gob.bo//node/1299
[FULL_11_ASFI_VALORES] t=3199.9s | pag=1660 | files=5271 | data=794 | cola= 418 | prio=50 | https://asfi.gob.bo//node/1298
[FULL_11_ASFI_VALORES] t=3200.4s | pag=1661 | files=5271 | data=794 | cola= 417 | prio=50 | https://asfi.gob.bo//node/1296
[FULL_11_ASFI_VALORES] t=3201.3s | pag=1662 | files=5271 | data=794 | cola= 416 | prio=50 | https://asfi.gob.bo//node/1180
[FULL_11_ASFI_VALORES] t=3202.3s | pag=1663 | files=5271 | data=794 | cola= 415 | prio=50 | https://asfi.gob.bo//node/1179
[FULL_11_ASFI_VALORES] t=3203.2s | pag=1664 | files=5271 | data=794 | cola= 414 | prio=50 | https://asfi.gob.bo//node/1178
[FULL_11_ASFI_VALORES] t=3203.7s | pag=1665 | files=5271 | data=794 | cola= 413 | prio=50 | https://asfi.gob.bo//node/1177
[FULL_11_ASFI_VALORES] t=3204.4s | pag=1666 | files=5271 | data=794 | cola= 412 | prio=50 | https://asfi.gob.bo//node/1176
[FULL_11_ASFI_VALORES] t=3205.2s | pag=1667 | files=5271 | data=794 | cola= 411 | prio=50 | https://asfi.gob.bo//node/1175
[FULL_11_ASFI_VALORES] t=3206.2s | pag=1668 | files=5271 | data=794 | cola= 410 | prio=50 | https://asfi.gob.bo//node/857
[FULL_11_ASFI_VALORES] t=3207.0s | pag=1669 | files=5271 | data=794 | cola= 409 | prio=50 | https://asfi.gob.bo//node/59
[FULL_11_ASFI_VALORES] t=3207.4s | pag=1670 | files=5271 | data=794 | cola= 408 | prio=50 | https://asfi.gob.bo//node/58
[FULL_11_ASFI_VALORES] t=3208.3s | pag=1671 | files=5271 | data=794 | cola= 407 | prio=50 | https://asfi.gob.bo//node/50
[FULL_11_ASFI_VALORES] t=3209.3s | pag=1672 | files=5271 | data=794 | cola= 406 | prio=50 | https://asfi.gob.bo//node/49
[FULL_11_ASFI_VALORES] t=3210.0s | pag=1673 | files=5271 | data=794 | cola= 405 | prio=50 | https://asfi.gob.bo//node/24
[FULL_11_ASFI_VALORES] t=3210.8s | pag=1674 | files=5271 | data=794 | cola= 404 | prio=50 | https://asfi.gob.bo/pagina-de-banco-de-trabajo-de-investigacion
[FULL_11_ASFI_VALORES] t=3211.7s | pag=1675 | files=5280 | data=794 | cola= 404 | prio=40 | https://asfi.gob.bo/pagina-de-banco-de-trabajo-de-investigacion?page=1
[FULL_11_ASFI_VALORES] t=3212.5s | pag=1676 | files=5285 | data=794 | cola= 404 | prio=40 | https://asfi.gob.bo/pagina-de-banco-de-trabajo-de-investigacion?page=0
[FULL_11_ASFI_VALORES] t=3213.1s | pag=1677 | files=5285 | data=794 | cola= 403 | prio=50 | https://asfi.gob.bo/node/31
[FULL_11_ASFI_VALORES] t=3213.5s | pag=1678 | files=5285 | data=794 | cola= 402 | prio=50 | https://asfi.gob.bo/node/401
[FULL_11_ASFI_VALORES] t=3214.3s | pag=1679 | files=5285 | data=794 | cola= 401 | prio=50 | https://asfi.gob.bo/pb/leyes-referidas-servicios-financieros
[FULL_11_ASFI_VALORES] t=3215.2s | pag=1680 | files=5316 | data=794 | cola= 400 | prio=50 | https://asfi.gob.bo/pb/decretos-supremos-referidos-servicios-financieros
[FULL_11_ASFI_VALORES] t=3217.1s | pag=1681 | files=5418 | data=794 | cola= 399 | prio=50 | https://asfi.gob.bo/node/953
[FULL_11_ASFI_VALORES] t=3217.8s | pag=1682 | files=5420 | data=795 | cola= 398 | prio=50 | https://asfi.gob.bo/node/954
[FULL_11_ASFI_VALORES] t=3219.7s | pag=1683 | files=5426 | data=796 | cola= 397 | prio=50 | https://asfi.gob.bo/node/955
[FULL_11_ASFI_VALORES] t=3220.6s | pag=1683 | files=5426 | data=796 | cola= 396 | prio=50 | https://asfi.gob.bo/node/956
[FULL_11_ASFI_VALORES] t=3221.7s | pag=1684 | files=5428 | data=796 | cola= 395 | prio=50 | https://asfi.gob.bo/node/1000
[FULL_11_ASFI_VALORES] t=3222.6s | pag=1685 | files=5429 | data=796 | cola= 394 | prio=50 | https://asfi.gob.bo/pb/entidades-desestimadas-del-proceso-adecuacion
[FULL_11_ASFI_VALORES] t=3223.0s | pag=1686 | files=5429 | data=796 | cola= 393 | prio=50 | https://asfi.gob.bo/node/1002
[FULL_11_ASFI_VALORES] t=3223.5s | pag=1687 | files=5430 | data=796 | cola= 392 | prio=50 | https://asfi.gob.bo/la/siglas
[FULL_11_ASFI_VALORES] t=3224.1s | pag=1688 | files=5431 | data=796 | cola= 391 | prio=50 | https://asfi.gob.bo/pb/registro-firmas-auditoria-externa-autorizadas
[FULL_11_ASFI_VALORES] t=3225.1s | pag=1689 | files=5431 | data=796 | cola= 390 | prio=50 | https://asfi.gob.bo/node/1032
[FULL_11_ASFI_VALORES] t=3225.9s | pag=1690 | files=5431 | data=796 | cola= 389 | prio=50 | https://asfi.gob.bo/node/1034
[FULL_11_ASFI_VALORES] t=3226.5s | pag=1691 | files=5431 | data=796 | cola= 388 | prio=50 | https://asfi.gob.bo/node/1035
[FULL_11_ASFI_VALORES] t=3227.2s | pag=1692 | files=5435 | data=796 | cola= 387 | prio=50 | https://asfi.gob.bo/node/473
[FULL_11_ASFI_VALORES] t=3227.9s | pag=1693 | files=5448 | data=796 | cola= 386 | prio=50 | https://asfi.gob.bo/node/474
[FULL_11_ASFI_VALORES] t=3228.6s | pag=1694 | files=5450 | data=796 | cola= 385 | prio=50 | https://asfi.gob.bo/node/475
[FULL_11_ASFI_VALORES] t=3229.1s | pag=1695 | files=5457 | data=796 | cola= 384 | prio=50 | https://asfi.gob.bo/node/476
[FULL_11_ASFI_VALORES] t=3229.7s | pag=1696 | files=5464 | data=796 | cola= 383 | prio=50 | https://asfi.gob.bo/node/477
[FULL_11_ASFI_VALORES] t=3230.0s | pag=1697 | files=5470 | data=796 | cola= 382 | prio=50 | https://asfi.gob.bo/node/478
[FULL_11_ASFI_VALORES] t=3230.5s | pag=1698 | files=5480 | data=796 | cola= 381 | prio=50 | https://asfi.gob.bo/node/479
[FULL_11_ASFI_VALORES] t=3231.5s | pag=1699 | files=5487 | data=796 | cola= 380 | prio=50 | https://asfi.gob.bo/node/480
[FULL_11_ASFI_VALORES] t=3232.0s | pag=1700 | files=5489 | data=796 | cola= 379 | prio=50 | https://asfi.gob.bo/node/481
[FULL_11_ASFI_VALORES] t=3232.8s | pag=1701 | files=5490 | data=796 | cola= 378 | prio=50 | https://asfi.gob.bo/node/482
[FULL_11_ASFI_VALORES] t=3233.8s | pag=1702 | files=5496 | data=796 | cola= 377 | prio=50 | https://asfi.gob.bo/node/483
[FULL_11_ASFI_VALORES] t=3234.5s | pag=1703 | files=5499 | data=796 | cola= 376 | prio=50 | https://asfi.gob.bo/node/484
[FULL_11_ASFI_VALORES] t=3234.9s | pag=1704 | files=5503 | data=796 | cola= 375 | prio=50 | https://asfi.gob.bo/node/485
[FULL_11_ASFI_VALORES] t=3235.6s | pag=1705 | files=5504 | data=796 | cola= 374 | prio=50 | https://asfi.gob.bo/node/486
[FULL_11_ASFI_VALORES] t=3236.5s | pag=1706 | files=5505 | data=796 | cola= 373 | prio=50 | https://asfi.gob.bo/node/487
[FULL_11_ASFI_VALORES] t=3237.1s | pag=1707 | files=5508 | data=796 | cola= 372 | prio=50 | https://asfi.gob.bo/node/488
[FULL_11_ASFI_VALORES] t=3237.7s | pag=1708 | files=5511 | data=796 | cola= 371 | prio=50 | https://asfi.gob.bo/node/489
[FULL_11_ASFI_VALORES] t=3238.1s | pag=1709 | files=5513 | data=796 | cola= 370 | prio=50 | https://asfi.gob.bo/node/490
[FULL_11_ASFI_VALORES] t=3238.9s | pag=1710 | files=5515 | data=796 | cola= 369 | prio=50 | https://asfi.gob.bo/node/491
[FULL_11_ASFI_VALORES] t=3239.4s | pag=1711 | files=5517 | data=796 | cola= 368 | prio=50 | https://asfi.gob.bo/node/492
[FULL_11_ASFI_VALORES] t=3239.8s | pag=1712 | files=5519 | data=796 | cola= 367 | prio=50 | https://asfi.gob.bo/node/493
[FULL_11_ASFI_VALORES] t=3240.2s | pag=1713 | files=5520 | data=796 | cola= 366 | prio=50 | https://asfi.gob.bo/node/494
[FULL_11_ASFI_VALORES] t=3241.0s | pag=1714 | files=5522 | data=796 | cola= 365 | prio=50 | https://asfi.gob.bo/node/495
[FULL_11_ASFI_VALORES] t=3241.9s | pag=1715 | files=5523 | data=796 | cola= 364 | prio=50 | https://asfi.gob.bo/node/1373
[FULL_11_ASFI_VALORES] t=3243.2s | pag=1716 | files=5528 | data=796 | cola= 363 | prio=50 | https://asfi.gob.bo/node/1037
[FULL_11_ASFI_VALORES] t=3244.1s | pag=1717 | files=5540 | data=796 | cola= 362 | prio=50 | https://asfi.gob.bo/node/1038
[FULL_11_ASFI_VALORES] t=3244.5s | pag=1718 | files=5552 | data=796 | cola= 361 | prio=50 | https://asfi.gob.bo/node/1039
[FULL_11_ASFI_VALORES] t=3245.3s | pag=1719 | files=5564 | data=796 | cola= 360 | prio=50 | https://asfi.gob.bo/node/1040
[FULL_11_ASFI_VALORES] t=3245.8s | pag=1720 | files=5576 | data=796 | cola= 359 | prio=50 | https://asfi.gob.bo/node/1041
[FULL_11_ASFI_VALORES] t=3246.2s | pag=1721 | files=5588 | data=796 | cola= 358 | prio=50 | https://asfi.gob.bo/node/1042
[FULL_11_ASFI_VALORES] t=3246.7s | pag=1722 | files=5600 | data=796 | cola= 357 | prio=50 | https://asfi.gob.bo/node/1043
[FULL_11_ASFI_VALORES] t=3247.2s | pag=1723 | files=5612 | data=796 | cola= 356 | prio=50 | https://asfi.gob.bo/node/1044
[FULL_11_ASFI_VALORES] t=3248.2s | pag=1724 | files=5619 | data=796 | cola= 355 | prio=50 | https://asfi.gob.bo/la/almaceneras-generales-deposito-2026
[FULL_11_ASFI_VALORES] t=3256.6s | pag=1725 | files=5625 | data=796 | cola= 354 | prio=50 | https://asfi.gob.bo/la/entidades-arrendamiento-financiero-2026
[FULL_11_ASFI_VALORES] t=3265.6s | pag=1726 | files=5632 | data=796 | cola= 353 | prio=50 | https://asfi.gob.bo/la/camaras-compensacion-y-liquidacion-2026
[FULL_11_ASFI_VALORES] t=3275.6s | pag=1727 | files=5639 | data=796 | cola= 352 | prio=50 | https://asfi.gob.bo/la/buros-informacion-2026
[FULL_11_ASFI_VALORES] t=3284.7s | pag=1728 | files=5646 | data=796 | cola= 351 | prio=50 | https://asfi.gob.bo/la/empresas-servicios-pago-movil-2026
[FULL_11_ASFI_VALORES] t=3293.9s | pag=1729 | files=5653 | data=796 | cola= 350 | prio=50 | https://asfi.gob.bo/la/empresas-transporte-material-monetario-y-valores-2026
[FULL_11_ASFI_VALORES] t=3304.6s | pag=1730 | files=5660 | data=797 | cola= 349 | prio=50 | https://asfi.gob.bo/la/empresas-administradoras-tarjetas-electronicas-2026
[FULL_11_ASFI_VALORES] t=3314.3s | pag=1731 | files=5667 | data=797 | cola= 348 | prio=50 | https://asfi.gob.bo/la/empresas-giros-y-remesas-dinero-2026
[FULL_11_ASFI_VALORES] t=3322.4s | pag=1732 | files=5673 | data=797 | cola= 347 | prio=50 | https://asfi.gob.bo/node/600
[FULL_11_ASFI_VALORES] t=3338.0s | pag=1733 | files=5685 | data=797 | cola= 346 | prio=50 | https://asfi.gob.bo/node/603
[FULL_11_ASFI_VALORES] t=3352.6s | pag=1734 | files=5697 | data=797 | cola= 345 | prio=50 | https://asfi.gob.bo/node/604
[FULL_11_ASFI_VALORES] t=3369.1s | pag=1735 | files=5709 | data=797 | cola= 344 | prio=50 | https://asfi.gob.bo/node/606
[FULL_11_ASFI_VALORES] t=3383.5s | pag=1736 | files=5721 | data=797 | cola= 343 | prio=50 | https://asfi.gob.bo/node/608
[FULL_11_ASFI_VALORES] t=3400.1s | pag=1737 | files=5733 | data=797 | cola= 342 | prio=50 | https://asfi.gob.bo/node/610
[FULL_11_ASFI_VALORES] t=3416.2s | pag=1738 | files=5745 | data=798 | cola= 341 | prio=50 | https://asfi.gob.bo/node/612
[FULL_11_ASFI_VALORES] t=3432.2s | pag=1739 | files=5757 | data=798 | cola= 340 | prio=50 | https://asfi.gob.bo/node/613
[FULL_11_ASFI_VALORES] t=3447.7s | pag=1740 | files=5769 | data=798 | cola= 339 | prio=50 | https://asfi.gob.bo/node/616
[FULL_11_ASFI_VALORES] t=3448.6s | pag=1741 | files=5781 | data=798 | cola= 338 | prio=50 | https://asfi.gob.bo/node/617
[FULL_11_ASFI_VALORES] t=3449.5s | pag=1742 | files=5793 | data=798 | cola= 337 | prio=50 | https://asfi.gob.bo/node/618
[FULL_11_ASFI_VALORES] t=3450.0s | pag=1743 | files=5805 | data=798 | cola= 336 | prio=50 | https://asfi.gob.bo/node/620
[FULL_11_ASFI_VALORES] t=3450.8s | pag=1744 | files=5816 | data=798 | cola= 335 | prio=50 | https://asfi.gob.bo/node/621
[FULL_11_ASFI_VALORES] t=3451.7s | pag=1745 | files=5828 | data=798 | cola= 334 | prio=50 | https://asfi.gob.bo/node/622
[FULL_11_ASFI_VALORES] t=3452.5s | pag=1746 | files=5840 | data=799 | cola= 333 | prio=50 | https://asfi.gob.bo/node/623
[FULL_11_ASFI_VALORES] t=3453.3s | pag=1747 | files=5852 | data=799 | cola= 332 | prio=50 | https://asfi.gob.bo/node/624
[FULL_11_ASFI_VALORES] t=3453.8s | pag=1748 | files=5864 | data=799 | cola= 331 | prio=50 | https://asfi.gob.bo/node/626
[FULL_11_ASFI_VALORES] t=3454.4s | pag=1749 | files=5876 | data=799 | cola= 330 | prio=50 | https://asfi.gob.bo/node/627
[FULL_11_ASFI_VALORES] t=3455.0s | pag=1750 | files=5888 | data=799 | cola= 329 | prio=50 | https://asfi.gob.bo/node/628
[FULL_11_ASFI_VALORES] t=3456.0s | pag=1751 | files=5900 | data=799 | cola= 328 | prio=50 | https://asfi.gob.bo/node/629
[FULL_11_ASFI_VALORES] t=3456.5s | pag=1752 | files=5912 | data=799 | cola= 327 | prio=50 | https://asfi.gob.bo/node/630
[FULL_11_ASFI_VALORES] t=3457.2s | pag=1753 | files=5924 | data=799 | cola= 326 | prio=50 | https://asfi.gob.bo/node/631
[FULL_11_ASFI_VALORES] DATASETS=800 | data_html_table | https://asfi.gob.bo/node/631
[FULL_11_ASFI_VALORES] t=3458.1s | pag=1754 | files=5936 | data=800 | cola= 325 | prio=50 | https://asfi.gob.bo/node/632
[FULL_11_ASFI_VALORES] t=3458.7s | pag=1755 | files=5948 | data=800 | cola= 324 | prio=50 | https://asfi.gob.bo/node/633
[FULL_11_ASFI_VALORES] t=3459.6s | pag=1756 | files=5960 | data=800 | cola= 323 | prio=50 | https://asfi.gob.bo/node/634
[FULL_11_ASFI_VALORES] t=3460.0s | pag=1757 | files=5972 | data=800 | cola= 322 | prio=50 | https://asfi.gob.bo/node/635
[FULL_11_ASFI_VALORES] t=3460.9s | pag=1758 | files=5984 | data=800 | cola= 321 | prio=50 | https://asfi.gob.bo/node/636
[FULL_11_ASFI_VALORES] t=3461.9s | pag=1759 | files=5996 | data=800 | cola= 320 | prio=50 | https://asfi.gob.bo/node/637
[FULL_11_ASFI_VALORES] t=3462.6s | pag=1760 | files=6008 | data=800 | cola= 319 | prio=50 | https://asfi.gob.bo/node/638
[FULL_11_ASFI_VALORES] t=3463.1s | pag=1761 | files=6020 | data=800 | cola= 318 | prio=50 | https://asfi.gob.bo/node/639
[FULL_11_ASFI_VALORES] t=3464.0s | pag=1762 | files=6032 | data=801 | cola= 317 | prio=50 | https://asfi.gob.bo/node/640
[FULL_11_ASFI_VALORES] t=3464.7s | pag=1763 | files=6044 | data=801 | cola= 316 | prio=50 | https://asfi.gob.bo/node/641
[FULL_11_ASFI_VALORES] t=3465.3s | pag=1764 | files=6056 | data=801 | cola= 315 | prio=50 | https://asfi.gob.bo/node/642
[FULL_11_ASFI_VALORES] t=3466.0s | pag=1765 | files=6068 | data=801 | cola= 314 | prio=50 | https://asfi.gob.bo/node/643
[FULL_11_ASFI_VALORES] t=3466.6s | pag=1766 | files=6080 | data=801 | cola= 313 | prio=50 | https://asfi.gob.bo/node/644
[FULL_11_ASFI_VALORES] t=3467.5s | pag=1767 | files=6092 | data=801 | cola= 312 | prio=50 | https://asfi.gob.bo/node/645
[FULL_11_ASFI_VALORES] t=3468.2s | pag=1768 | files=6104 | data=801 | cola= 311 | prio=50 | https://asfi.gob.bo/node/646
[FULL_11_ASFI_VALORES] t=3469.0s | pag=1769 | files=6116 | data=801 | cola= 310 | prio=50 | https://asfi.gob.bo/node/647
[FULL_11_ASFI_VALORES] t=3469.7s | pag=1770 | files=6128 | data=802 | cola= 309 | prio=50 | https://asfi.gob.bo/node/648
[FULL_11_ASFI_VALORES] t=3470.3s | pag=1771 | files=6140 | data=802 | cola= 308 | prio=50 | https://asfi.gob.bo/node/649
[FULL_11_ASFI_VALORES] t=3471.0s | pag=1772 | files=6152 | data=802 | cola= 307 | prio=50 | https://asfi.gob.bo/node/650
[FULL_11_ASFI_VALORES] t=3471.4s | pag=1773 | files=6164 | data=802 | cola= 306 | prio=50 | https://asfi.gob.bo/node/651
[FULL_11_ASFI_VALORES] t=3472.3s | pag=1774 | files=6176 | data=802 | cola= 305 | prio=50 | https://asfi.gob.bo/node/652
[FULL_11_ASFI_VALORES] t=3472.7s | pag=1775 | files=6188 | data=802 | cola= 304 | prio=50 | https://asfi.gob.bo/node/653
[FULL_11_ASFI_VALORES] t=3473.3s | pag=1776 | files=6200 | data=802 | cola= 303 | prio=50 | https://asfi.gob.bo/node/654
[FULL_11_ASFI_VALORES] t=3474.1s | pag=1777 | files=6212 | data=802 | cola= 302 | prio=50 | https://asfi.gob.bo/node/655
[FULL_11_ASFI_VALORES] t=3474.8s | pag=1778 | files=6224 | data=803 | cola= 301 | prio=50 | https://asfi.gob.bo/node/656
[FULL_11_ASFI_VALORES] t=3475.3s | pag=1779 | files=6236 | data=803 | cola= 300 | prio=50 | https://asfi.gob.bo/node/657
[FULL_11_ASFI_VALORES] t=3476.3s | pag=1780 | files=6248 | data=803 | cola= 299 | prio=50 | https://asfi.gob.bo/la/programa-pagares-2026
[FULL_11_ASFI_VALORES] t=3476.9s | pag=1781 | files=6253 | data=803 | cola= 298 | prio=50 | https://asfi.gob.bo/node/513
[FULL_11_ASFI_VALORES] t=3477.3s | pag=1782 | files=6269 | data=803 | cola= 297 | prio=50 | https://asfi.gob.bo/node/518
[FULL_11_ASFI_VALORES] t=3477.8s | pag=1783 | files=6278 | data=803 | cola= 296 | prio=50 | https://asfi.gob.bo/node/523
[FULL_11_ASFI_VALORES] t=3478.6s | pag=1784 | files=6283 | data=803 | cola= 295 | prio=50 | https://asfi.gob.bo/node/528
[FULL_11_ASFI_VALORES] t=3479.4s | pag=1785 | files=6287 | data=803 | cola= 294 | prio=50 | https://asfi.gob.bo/node/533
[FULL_11_ASFI_VALORES] t=3480.3s | pag=1786 | files=6292 | data=803 | cola= 293 | prio=50 | https://asfi.gob.bo/node/538
[FULL_11_ASFI_VALORES] t=3481.0s | pag=1787 | files=6296 | data=803 | cola= 292 | prio=50 | https://asfi.gob.bo/node/543
[FULL_11_ASFI_VALORES] t=3481.4s | pag=1788 | files=6298 | data=803 | cola= 291 | prio=50 | https://asfi.gob.bo/node/548
[FULL_11_ASFI_VALORES] t=3482.1s | pag=1789 | files=6299 | data=803 | cola= 290 | prio=50 | https://asfi.gob.bo/node/553
[FULL_11_ASFI_VALORES] t=3482.6s | pag=1790 | files=6302 | data=803 | cola= 289 | prio=50 | https://asfi.gob.bo/node/558
[FULL_11_ASFI_VALORES] t=3483.1s | pag=1791 | files=6302 | data=803 | cola= 288 | prio=50 | https://asfi.gob.bo/node/563
[FULL_11_ASFI_VALORES] t=3483.5s | pag=1792 | files=6304 | data=803 | cola= 287 | prio=50 | https://asfi.gob.bo/node/568
[FULL_11_ASFI_VALORES] t=3484.4s | pag=1793 | files=6305 | data=803 | cola= 286 | prio=50 | https://asfi.gob.bo/node/573
[FULL_11_ASFI_VALORES] t=3485.0s | pag=1794 | files=6310 | data=803 | cola= 285 | prio=50 | https://asfi.gob.bo/node/578
[FULL_11_ASFI_VALORES] t=3485.8s | pag=1795 | files=6311 | data=803 | cola= 284 | prio=50 | https://asfi.gob.bo/node/583
[FULL_11_ASFI_VALORES] t=3486.4s | pag=1796 | files=6316 | data=803 | cola= 283 | prio=50 | https://asfi.gob.bo/node/588
[FULL_11_ASFI_VALORES] t=3486.7s | pag=1797 | files=6322 | data=803 | cola= 282 | prio=50 | https://asfi.gob.bo/la/cd-gestion-2026
[FULL_11_ASFI_VALORES] t=3496.5s | pag=1798 | files=6329 | data=803 | cola= 281 | prio=50 | https://asfi.gob.bo/node/1012
[FULL_11_ASFI_VALORES] t=3510.8s | pag=1799 | files=6341 | data=803 | cola= 280 | prio=50 | https://asfi.gob.bo/node/1013
[FULL_11_ASFI_VALORES] t=3524.0s | pag=1800 | files=6353 | data=803 | cola= 279 | prio=50 | https://asfi.gob.bo/node/1014
[FULL_11_ASFI_VALORES] t=3539.7s | pag=1801 | files=6365 | data=803 | cola= 278 | prio=50 | https://asfi.gob.bo/node/1015
[FULL_11_ASFI_VALORES] t=3554.7s | pag=1802 | files=6377 | data=803 | cola= 277 | prio=50 | https://asfi.gob.bo/node/1016
[FULL_11_ASFI_VALORES] t=3569.8s | pag=1803 | files=6389 | data=803 | cola= 276 | prio=50 | https://asfi.gob.bo/node/1017
[FULL_11_ASFI_VALORES] t=3585.8s | pag=1804 | files=6401 | data=803 | cola= 275 | prio=50 | https://asfi.gob.bo/node/1018
[FULL_11_ASFI_VALORES] t=3601.2s | pag=1805 | files=6413 | data=803 | cola= 274 | prio=50 | https://asfi.gob.bo/node/1019
[FULL_11_ASFI_VALORES] t=3618.0s | pag=1806 | files=6425 | data=803 | cola= 273 | prio=50 | https://asfi.gob.bo/node/1020
[FULL_11_ASFI_VALORES] t=3632.9s | pag=1807 | files=6437 | data=803 | cola= 272 | prio=50 | https://asfi.gob.bo/node/1021
[FULL_11_ASFI_VALORES] t=3649.5s | pag=1808 | files=6449 | data=803 | cola= 271 | prio=50 | https://asfi.gob.bo/node/1022
[FULL_11_ASFI_VALORES] t=3665.0s | pag=1809 | files=6461 | data=803 | cola= 270 | prio=50 | https://asfi.gob.bo/node/1023
[FULL_11_ASFI_VALORES] t=3680.8s | pag=1810 | files=6473 | data=803 | cola= 269 | prio=50 | https://asfi.gob.bo/node/1024
[FULL_11_ASFI_VALORES] t=3697.0s | pag=1811 | files=6485 | data=803 | cola= 268 | prio=50 | https://asfi.gob.bo/node/1025
[FULL_11_ASFI_VALORES] t=3712.6s | pag=1812 | files=6497 | data=803 | cola= 267 | prio=50 | https://asfi.gob.bo/node/1026
[FULL_11_ASFI_VALORES] t=3728.8s | pag=1813 | files=6509 | data=803 | cola= 266 | prio=50 | https://asfi.gob.bo/la/entidades-segundo-piso-gestion-2015
[FULL_11_ASFI_VALORES] t=3729.8s | pag=1814 | files=6509 | data=803 | cola= 265 | prio=50 | https://asfi.gob.bo/la/entidades-segundo-piso-gestion-2014
[FULL_11_ASFI_VALORES] t=3730.5s | pag=1815 | files=6509 | data=803 | cola= 264 | prio=50 | https://asfi.gob.bo/la/estados-financieros-resumidos-gestion-2025
[FULL_11_ASFI_VALORES] t=3744.2s | pag=1816 | files=6519 | data=803 | cola= 263 | prio=50 | https://asfi.gob.bo/la/estados-financieros-resumidos-gestion-2024
[FULL_11_ASFI_VALORES] t=3744.9s | pag=1817 | files=6531 | data=803 | cola= 262 | prio=50 | https://asfi.gob.bo/la/estados-financieros-resumidos-gestion-2023
[FULL_11_ASFI_VALORES] t=3745.7s | pag=1818 | files=6543 | data=803 | cola= 261 | prio=50 | https://asfi.gob.bo/la/estados-financieros-resumidos-gestion-2022
[FULL_11_ASFI_VALORES] t=3746.3s | pag=1819 | files=6555 | data=803 | cola= 260 | prio=50 | https://asfi.gob.bo/la/estados-financieros-resumidos-gestion-2021
[FULL_11_ASFI_VALORES] t=3747.2s | pag=1820 | files=6567 | data=803 | cola= 259 | prio=50 | https://asfi.gob.bo/la/estados-financieros-resumidos-gestion-2020
[FULL_11_ASFI_VALORES] t=3748.0s | pag=1821 | files=6579 | data=803 | cola= 258 | prio=50 | https://asfi.gob.bo/la/estados-financieros-resumidos-gestion-2019
[FULL_11_ASFI_VALORES] t=3748.7s | pag=1822 | files=6591 | data=803 | cola= 257 | prio=50 | https://asfi.gob.bo/la/estados-financieros-resumidos-gestion-2018
[FULL_11_ASFI_VALORES] t=3749.5s | pag=1823 | files=6603 | data=803 | cola= 256 | prio=50 | https://asfi.gob.bo/la/estados-financieros-resumidos-gestion-2017
[FULL_11_ASFI_VALORES] t=3750.2s | pag=1824 | files=6615 | data=803 | cola= 255 | prio=50 | https://asfi.gob.bo/la/estados-financieros-resumidos-gestion-2016
[FULL_11_ASFI_VALORES] t=3751.1s | pag=1825 | files=6627 | data=803 | cola= 254 | prio=50 | https://asfi.gob.bo/la/estados-financieros-resumidos-gestion-2015
[FULL_11_ASFI_VALORES] t=3751.8s | pag=1826 | files=6630 | data=803 | cola= 253 | prio=50 | https://asfi.gob.bo/la/banco-central-estados-financieros-2023
[FULL_11_ASFI_VALORES] t=3752.2s | pag=1827 | files=6631 | data=803 | cola= 252 | prio=50 | https://asfi.gob.bo/la/banco-central-estados-financieros-2022
[FULL_11_ASFI_VALORES] t=3752.8s | pag=1828 | files=6643 | data=803 | cola= 251 | prio=50 | https://asfi.gob.bo/la/banco-central-estados-financieros-2021
[FULL_11_ASFI_VALORES] t=3753.3s | pag=1829 | files=6655 | data=803 | cola= 250 | prio=50 | https://asfi.gob.bo/la/banco-central-estados-financieros-2020
[FULL_11_ASFI_VALORES] t=3753.9s | pag=1830 | files=6667 | data=803 | cola= 249 | prio=50 | https://asfi.gob.bo/la/banco-central-estados-financieros-2019
[FULL_11_ASFI_VALORES] t=3754.3s | pag=1831 | files=6679 | data=803 | cola= 248 | prio=50 | https://asfi.gob.bo/la/banco-central-estados-financieros-2018
[FULL_11_ASFI_VALORES] t=3754.9s | pag=1832 | files=6691 | data=803 | cola= 247 | prio=50 | https://asfi.gob.bo/la/banco-central-estados-financieros-2017
[FULL_11_ASFI_VALORES] t=3755.6s | pag=1833 | files=6703 | data=803 | cola= 246 | prio=50 | https://asfi.gob.bo/la/banco-central-estados-financieros-2016
[FULL_11_ASFI_VALORES] t=3756.2s | pag=1834 | files=6715 | data=803 | cola= 245 | prio=50 | https://asfi.gob.bo/la/banco-central-estados-financieros-2015
[FULL_11_ASFI_VALORES] t=3756.7s | pag=1835 | files=6727 | data=803 | cola= 244 | prio=50 | https://asfi.gob.bo/la/banco-central-estados-financieros-2014
[FULL_11_ASFI_VALORES] t=3757.4s | pag=1836 | files=6739 | data=803 | cola= 243 | prio=50 | https://asfi.gob.bo/la/banco-central-estados-financieros-2013
[FULL_11_ASFI_VALORES] t=3758.0s | pag=1837 | files=6751 | data=803 | cola= 242 | prio=50 | https://asfi.gob.bo/la/fogavisp-fogacp-y-fogagre-2026
[FULL_11_ASFI_VALORES] t=3762.8s | pag=1838 | files=6754 | data=803 | cola= 241 | prio=50 | https://asfi.gob.bo/la/fogavisp-fogacp-y-fogagre-2025
[FULL_11_ASFI_VALORES] t=3778.1s | pag=1839 | files=6766 | data=803 | cola= 240 | prio=50 | https://asfi.gob.bo/la/fogavisp-fogacp-y-fogagre-2024
[FULL_11_ASFI_VALORES] t=3778.7s | pag=1840 | files=6778 | data=803 | cola= 239 | prio=50 | https://asfi.gob.bo/la/fogavisp-fogacp-y-fogagre-2023
[FULL_11_ASFI_VALORES] t=3779.1s | pag=1841 | files=6790 | data=803 | cola= 238 | prio=50 | https://asfi.gob.bo/la/fogavisp-fogacp-y-fogagre-2022
[FULL_11_ASFI_VALORES] t=3780.1s | pag=1842 | files=6802 | data=803 | cola= 237 | prio=50 | https://asfi.gob.bo/la/fogavisp-fogacp-y-fogagre-2021
[FULL_11_ASFI_VALORES] t=3780.7s | pag=1843 | files=6814 | data=803 | cola= 236 | prio=50 | https://asfi.gob.bo/la/fogavisp-fogacp-y-fogagre-2020
[FULL_11_ASFI_VALORES] t=3781.2s | pag=1844 | files=6826 | data=803 | cola= 235 | prio=50 | https://asfi.gob.bo/la/fogavisp-fogacp-y-fogagre-2019
[FULL_11_ASFI_VALORES] t=3782.0s | pag=1845 | files=6838 | data=803 | cola= 234 | prio=50 | https://asfi.gob.bo/la/fogavisp-fogacp-y-fogagre-2018
[FULL_11_ASFI_VALORES] t=3783.0s | pag=1846 | files=6841 | data=803 | cola= 233 | prio=50 | https://barometro.asfi.gob.bo/articles/20260601-banca-digital-tramites
[FULL_11_ASFI_VALORES] t=3783.8s | pag=1847 | files=6841 | data=803 | cola= 232 | prio=50 | https://barometro.asfi.gob.bo/estudios/documentos/20251231-trayectoria-crediticia
[FULL_11_ASFI_VALORES] t=3784.2s | pag=1848 | files=6842 | data=803 | cola= 231 | prio=50 | https://asfi.gob.bo/node/1066
[FULL_11_ASFI_VALORES] t=3784.9s | pag=1849 | files=6843 | data=803 | cola= 230 | prio=50 | https://asfi.gob.bo/node/1067
[FULL_11_ASFI_VALORES] t=3785.5s | pag=1850 | files=6844 | data=803 | cola= 229 | prio=50 | https://asfi.gob.bo/ei/banco-central-bolivia
[FULL_11_ASFI_VALORES] t=3786.1s | pag=1851 | files=6844 | data=803 | cola= 228 | prio=50 | https://asfi.gob.bo/ei/ministerio-economia-y-finanzas
[FULL_11_ASFI_VALORES] t=3786.6s | pag=1852 | files=6844 | data=803 | cola= 227 | prio=70 | https://www.asfi.gob.bo/pb/mision-vision-y-valores
[FULL_11_ASFI_VALORES] t=3787.5s | pag=1853 | files=6844 | data=803 | cola= 226 | prio=70 | https://www.asfi.gob.bo/pb/unidad-transparencia-y-lucha-contra-corrupcion-utlcc
[FULL_11_ASFI_VALORES] t=3788.3s | pag=1854 | files=6844 | data=803 | cola= 225 | prio=70 | https://www.asfi.gob.bo/pb/codigo-etica-asfi
[FULL_11_ASFI_VALORES] t=3788.8s | pag=1855 | files=6845 | data=803 | cola= 224 | prio=70 | https://www.asfi.gob.bo/pb/normativa-referida-transparencia-y-lucha-contra-corrupcion-aplicable-asfi
[FULL_11_ASFI_VALORES] t=3789.2s | pag=1856 | files=6852 | data=803 | cola= 223 | prio=70 | https://www.asfi.gob.bo/pb/etica-publica
[FULL_11_ASFI_VALORES] t=3790.2s | pag=1857 | files=6854 | data=803 | cola= 223 | prio=50 | https://www.asfi.gob.bo/pb/decalogo-y-servidores-publicos
[FULL_11_ASFI_VALORES] t=3791.0s | pag=1858 | files=6854 | data=803 | cola= 222 | prio=70 | https://www.asfi.gob.bo/galeria-multimedia
[FULL_11_ASFI_VALORES] t=3791.9s | pag=1859 | files=6854 | data=803 | cola= 227 | prio=50 | https://www.asfi.gob.bo/gal/conferencia-prensa-nuevas-medidas-emitidas-asfi-para-beneficiar-prestatarios
[FULL_11_ASFI_VALORES] t=3792.3s | pag=1860 | files=6854 | data=803 | cola= 226 | prio=50 | https://www.asfi.gob.bo/gal/banca-digital-ciberdelincuencia-y-regulacion
[FULL_11_ASFI_VALORES] t=3792.7s | pag=1861 | files=6854 | data=803 | cola= 225 | prio=50 | https://www.asfi.gob.bo/gal/iv-foro-internacional-finanzas-sostenibles
[FULL_11_ASFI_VALORES] t=3793.4s | pag=1862 | files=6854 | data=803 | cola= 224 | prio=50 | https://www.asfi.gob.bo/gal/universidad-publica-alto-upea
[FULL_11_ASFI_VALORES] t=3793.9s | pag=1863 | files=6854 | data=803 | cola= 223 | prio=50 | https://www.asfi.gob.bo/gal/exposicion-personas-discapacidad
[FULL_11_ASFI_VALORES] t=3794.7s | pag=1864 | files=6854 | data=803 | cola= 222 | prio=50 | https://www.asfi.gob.bo/gal/reunion-prestatarios-afectados-su-capacidad-pago
[FULL_11_ASFI_VALORES] t=3795.2s | pag=1865 | files=6854 | data=803 | cola= 221 | prio=70 | https://www.asfi.gob.bo/pagina-de-autoridades
[FULL_11_ASFI_VALORES] t=3796.1s | pag=1866 | files=6854 | data=803 | cola= 221 | prio=40 | https://www.asfi.gob.bo/pagina-de-autoridades?page=1
[FULL_11_ASFI_VALORES] t=3796.8s | pag=1867 | files=6854 | data=803 | cola= 221 | prio=40 | https://www.asfi.gob.bo/pagina-de-autoridades?page=0
[FULL_11_ASFI_VALORES] t=3797.6s | pag=1868 | files=6854 | data=803 | cola= 220 | prio=70 | https://www.asfi.gob.bo//node/884
[FULL_11_ASFI_VALORES] t=3798.0s | pag=1869 | files=6854 | data=803 | cola= 219 | prio=70 | https://www.asfi.gob.bo//node/356
[FULL_11_ASFI_VALORES] t=3798.9s | pag=1870 | files=6854 | data=803 | cola= 218 | prio=70 | https://www.asfi.gob.bo//node/355
[FULL_11_ASFI_VALORES] t=3799.6s | pag=1871 | files=6854 | data=803 | cola= 217 | prio=70 | https://www.asfi.gob.bo//node/354
[FULL_11_ASFI_VALORES] t=3800.6s | pag=1872 | files=6854 | data=803 | cola= 216 | prio=70 | https://www.asfi.gob.bo//node/353
[FULL_11_ASFI_VALORES] t=3801.4s | pag=1873 | files=6854 | data=803 | cola= 215 | prio=70 | https://www.asfi.gob.bo//node/352
[FULL_11_ASFI_VALORES] t=3802.2s | pag=1874 | files=6854 | data=803 | cola= 214 | prio=70 | https://www.asfi.gob.bo//node/351
[FULL_11_ASFI_VALORES] t=3802.8s | pag=1875 | files=6854 | data=803 | cola= 213 | prio=70 | https://www.asfi.gob.bo//node/350
[FULL_11_ASFI_VALORES] t=3803.6s | pag=1876 | files=6854 | data=803 | cola= 212 | prio=70 | https://www.asfi.gob.bo//node/349
[FULL_11_ASFI_VALORES] t=3804.3s | pag=1877 | files=6854 | data=803 | cola= 211 | prio=70 | https://www.asfi.gob.bo//node/348
[FULL_11_ASFI_VALORES] t=3805.1s | pag=1878 | files=6854 | data=803 | cola= 210 | prio=70 | https://www.asfi.gob.bo//node/347
[FULL_11_ASFI_VALORES] t=3806.1s | pag=1879 | files=6854 | data=803 | cola= 209 | prio=70 | https://www.asfi.gob.bo//node/346
[FULL_11_ASFI_VALORES] t=3807.1s | pag=1880 | files=6854 | data=803 | cola= 208 | prio=70 | https://www.asfi.gob.bo//node/345
[FULL_11_ASFI_VALORES] t=3807.9s | pag=1881 | files=6854 | data=803 | cola= 207 | prio=70 | https://www.asfi.gob.bo//node/344
[FULL_11_ASFI_VALORES] t=3808.7s | pag=1882 | files=6854 | data=803 | cola= 206 | prio=70 | https://www.asfi.gob.bo//node/343
[FULL_11_ASFI_VALORES] t=3809.2s | pag=1883 | files=6854 | data=803 | cola= 205 | prio=70 | https://www.asfi.gob.bo//node/342
[FULL_11_ASFI_VALORES] t=3810.1s | pag=1884 | files=6854 | data=803 | cola= 204 | prio=70 | https://www.asfi.gob.bo//node/341
[FULL_11_ASFI_VALORES] t=3810.8s | pag=1885 | files=6854 | data=803 | cola= 203 | prio=70 | https://www.asfi.gob.bo//node/340
[FULL_11_ASFI_VALORES] t=3811.5s | pag=1886 | files=6854 | data=803 | cola= 202 | prio=70 | https://www.asfi.gob.bo//node/339
[FULL_11_ASFI_VALORES] t=3812.0s | pag=1887 | files=6854 | data=803 | cola= 201 | prio=70 | https://www.asfi.gob.bo//node/338
[FULL_11_ASFI_VALORES] t=3812.9s | pag=1888 | files=6854 | data=803 | cola= 200 | prio=70 | https://www.asfi.gob.bo//node/337
[FULL_11_ASFI_VALORES] t=3813.5s | pag=1889 | files=6854 | data=803 | cola= 199 | prio=70 | https://www.asfi.gob.bo//node/336
[FULL_11_ASFI_VALORES] t=3814.3s | pag=1890 | files=6854 | data=803 | cola= 198 | prio=70 | https://www.asfi.gob.bo//node/335
[FULL_11_ASFI_VALORES] t=3814.9s | pag=1891 | files=6854 | data=803 | cola= 197 | prio=70 | https://www.asfi.gob.bo//node/334
[FULL_11_ASFI_VALORES] t=3815.4s | pag=1892 | files=6854 | data=803 | cola= 196 | prio=70 | https://www.asfi.gob.bo//node/333
[FULL_11_ASFI_VALORES] t=3815.9s | pag=1893 | files=6854 | data=803 | cola= 195 | prio=70 | https://www.asfi.gob.bo//node/332
[FULL_11_ASFI_VALORES] t=3816.7s | pag=1894 | files=6854 | data=803 | cola= 194 | prio=70 | https://www.asfi.gob.bo//node/331
[FULL_11_ASFI_VALORES] t=3817.4s | pag=1895 | files=6854 | data=803 | cola= 193 | prio=70 | https://www.asfi.gob.bo//node/321
[FULL_11_ASFI_VALORES] t=3818.4s | pag=1896 | files=6854 | data=803 | cola= 192 | prio=70 | https://www.asfi.gob.bo//node/4
[FULL_11_ASFI_VALORES] t=3819.4s | pag=1897 | files=6854 | data=803 | cola= 191 | prio=70 | https://www.asfi.gob.bo//node/330
[FULL_11_ASFI_VALORES] t=3819.9s | pag=1898 | files=6854 | data=803 | cola= 190 | prio=70 | https://www.asfi.gob.bo//node/329
[FULL_11_ASFI_VALORES] t=3820.9s | pag=1899 | files=6854 | data=803 | cola= 189 | prio=70 | https://www.asfi.gob.bo//node/328
[FULL_11_ASFI_VALORES] t=3821.9s | pag=1900 | files=6854 | data=803 | cola= 188 | prio=70 | https://www.asfi.gob.bo//node/327
[FULL_11_ASFI_VALORES] t=3822.7s | pag=1901 | files=6854 | data=803 | cola= 187 | prio=70 | https://www.asfi.gob.bo//node/326
[FULL_11_ASFI_VALORES] t=3823.4s | pag=1902 | files=6854 | data=803 | cola= 186 | prio=70 | https://www.asfi.gob.bo//node/325
[FULL_11_ASFI_VALORES] t=3824.2s | pag=1903 | files=6854 | data=803 | cola= 185 | prio=70 | https://www.asfi.gob.bo//node/324
[FULL_11_ASFI_VALORES] t=3824.9s | pag=1904 | files=6854 | data=803 | cola= 184 | prio=70 | https://www.asfi.gob.bo//node/323
[FULL_11_ASFI_VALORES] t=3825.5s | pag=1905 | files=6854 | data=803 | cola= 183 | prio=70 | https://www.asfi.gob.bo//node/322
[FULL_11_ASFI_VALORES] t=3826.0s | pag=1906 | files=6854 | data=803 | cola= 182 | prio=70 | https://www.asfi.gob.bo/la/formularios-referenciales-para-ordenes-judiciales-retencion-suspension-remision-fondos-y-1
[FULL_11_ASFI_VALORES] t=3826.5s | pag=1907 | files=6855 | data=803 | cola= 181 | prio=70 | https://asfi.gob.bo/pb/mision-vision-y-valores
[FULL_11_ASFI_VALORES] t=3827.3s | pag=1908 | files=6855 | data=803 | cola= 180 | prio=70 | https://asfi.gob.bo/pb/unidad-transparencia-y-lucha-contra-corrupcion-utlcc
[FULL_11_ASFI_VALORES] t=3827.7s | pag=1909 | files=6855 | data=803 | cola= 179 | prio=70 | https://asfi.gob.bo/pb/codigo-etica-asfi
[FULL_11_ASFI_VALORES] t=3828.3s | pag=1910 | files=6856 | data=803 | cola= 178 | prio=70 | https://asfi.gob.bo/pb/normativa-referida-transparencia-y-lucha-contra-corrupcion-aplicable-asfi
[FULL_11_ASFI_VALORES] t=3829.0s | pag=1911 | files=6863 | data=803 | cola= 177 | prio=70 | https://asfi.gob.bo/pb/etica-publica
[FULL_11_ASFI_VALORES] t=3829.9s | pag=1912 | files=6865 | data=803 | cola= 177 | prio=50 | https://asfi.gob.bo/pb/decalogo-y-servidores-publicos
[FULL_11_ASFI_VALORES] t=3830.4s | pag=1913 | files=6865 | data=803 | cola= 176 | prio=70 | https://asfi.gob.bo/galeria-multimedia
[FULL_11_ASFI_VALORES] t=3831.3s | pag=1914 | files=6865 | data=803 | cola= 181 | prio=50 | https://asfi.gob.bo/gal/conferencia-prensa-nuevas-medidas-emitidas-asfi-para-beneficiar-prestatarios
[FULL_11_ASFI_VALORES] t=3831.7s | pag=1915 | files=6865 | data=803 | cola= 180 | prio=50 | https://asfi.gob.bo/gal/banca-digital-ciberdelincuencia-y-regulacion
[FULL_11_ASFI_VALORES] t=3832.5s | pag=1916 | files=6865 | data=803 | cola= 179 | prio=50 | https://asfi.gob.bo/gal/iv-foro-internacional-finanzas-sostenibles
[FULL_11_ASFI_VALORES] t=3833.0s | pag=1917 | files=6865 | data=803 | cola= 178 | prio=50 | https://asfi.gob.bo/gal/universidad-publica-alto-upea
[FULL_11_ASFI_VALORES] t=3833.5s | pag=1918 | files=6865 | data=803 | cola= 177 | prio=50 | https://asfi.gob.bo/gal/exposicion-personas-discapacidad
[FULL_11_ASFI_VALORES] t=3834.0s | pag=1919 | files=6865 | data=803 | cola= 176 | prio=50 | https://asfi.gob.bo/gal/reunion-prestatarios-afectados-su-capacidad-pago
[FULL_11_ASFI_VALORES] t=3834.7s | pag=1920 | files=6865 | data=803 | cola= 175 | prio=70 | https://asfi.gob.bo/pagina-de-autoridades
[FULL_11_ASFI_VALORES] t=3835.2s | pag=1921 | files=6865 | data=803 | cola= 175 | prio=40 | https://asfi.gob.bo/pagina-de-autoridades?page=1
[FULL_11_ASFI_VALORES] t=3835.7s | pag=1922 | files=6865 | data=803 | cola= 175 | prio=40 | https://asfi.gob.bo/pagina-de-autoridades?page=0
[FULL_11_ASFI_VALORES] t=3836.1s | pag=1923 | files=6865 | data=803 | cola= 174 | prio=70 | https://barometro.asfi.gob.bo/articles/20260703-trayectoria-creditos-microcredito
[FULL_11_ASFI_VALORES] t=3836.5s | pag=1924 | files=6865 | data=803 | cola= 173 | prio=70 | https://www.asfi.gob.bo/la/programa-emisiones-2026
[FULL_11_ASFI_VALORES] t=3837.5s | pag=1925 | files=6870 | data=803 | cola= 172 | prio=70 | https://www.asfi.gob.bo/la/emisiones-pagares-2026
[FULL_11_ASFI_VALORES] t=3838.2s | pag=1926 | files=6879 | data=803 | cola= 171 | prio=70 | https://www.asfi.gob.bo/la/emisiones-valores-titularizacion-2026
[FULL_11_ASFI_VALORES] t=3839.0s | pag=1927 | files=6879 | data=803 | cola= 170 | prio=70 | https://www.asfi.gob.bo/la/emisiones-bonos-2026
[FULL_11_ASFI_VALORES] t=3839.7s | pag=1928 | files=6891 | data=803 | cola= 169 | prio=70 | https://www.asfi.gob.bo/node/512
[FULL_11_ASFI_VALORES] t=3840.7s | pag=1929 | files=6898 | data=803 | cola= 168 | prio=70 | https://www.asfi.gob.bo/node/514
[FULL_11_ASFI_VALORES] t=3841.2s | pag=1930 | files=6948 | data=803 | cola= 167 | prio=70 | https://www.asfi.gob.bo/node/515
[FULL_11_ASFI_VALORES] t=3841.9s | pag=1931 | files=6955 | data=803 | cola= 166 | prio=70 | https://www.asfi.gob.bo/node/516
[FULL_11_ASFI_VALORES] t=3842.7s | pag=1932 | files=6984 | data=803 | cola= 165 | prio=70 | https://www.asfi.gob.bo/node/517
[FULL_11_ASFI_VALORES] t=3843.6s | pag=1933 | files=6997 | data=803 | cola= 164 | prio=70 | https://www.asfi.gob.bo/node/519
[FULL_11_ASFI_VALORES] t=3844.0s | pag=1934 | files=7020 | data=803 | cola= 163 | prio=70 | https://www.asfi.gob.bo/node/520
[FULL_11_ASFI_VALORES] t=3844.6s | pag=1935 | files=7020 | data=803 | cola= 162 | prio=70 | https://www.asfi.gob.bo/node/521
[FULL_11_ASFI_VALORES] t=3845.1s | pag=1936 | files=7046 | data=803 | cola= 161 | prio=70 | https://www.asfi.gob.bo/node/522
[FULL_11_ASFI_VALORES] t=3846.0s | pag=1937 | files=7054 | data=803 | cola= 160 | prio=70 | https://www.asfi.gob.bo/node/524
[FULL_11_ASFI_VALORES] t=3846.8s | pag=1938 | files=7067 | data=803 | cola= 159 | prio=70 | https://www.asfi.gob.bo/node/525
[FULL_11_ASFI_VALORES] t=3847.5s | pag=1939 | files=7070 | data=803 | cola= 158 | prio=70 | https://www.asfi.gob.bo/node/526
[FULL_11_ASFI_VALORES] t=3848.2s | pag=1940 | files=7099 | data=803 | cola= 157 | prio=70 | https://www.asfi.gob.bo/node/527
[FULL_11_ASFI_VALORES] t=3848.8s | pag=1941 | files=7105 | data=803 | cola= 156 | prio=70 | https://www.asfi.gob.bo/node/529
[FULL_11_ASFI_VALORES] t=3849.8s | pag=1942 | files=7113 | data=803 | cola= 155 | prio=70 | https://www.asfi.gob.bo/node/530
[FULL_11_ASFI_VALORES] t=3850.3s | pag=1943 | files=7114 | data=803 | cola= 154 | prio=70 | https://www.asfi.gob.bo/node/531
[FULL_11_ASFI_VALORES] t=3851.1s | pag=1944 | files=7135 | data=803 | cola= 153 | prio=70 | https://www.asfi.gob.bo/node/532
[FULL_11_ASFI_VALORES] t=3851.9s | pag=1945 | files=7145 | data=803 | cola= 152 | prio=70 | https://www.asfi.gob.bo/node/534
[FULL_11_ASFI_VALORES] t=3852.4s | pag=1946 | files=7159 | data=803 | cola= 151 | prio=70 | https://www.asfi.gob.bo/node/535
[FULL_11_ASFI_VALORES] t=3853.1s | pag=1947 | files=7163 | data=803 | cola= 150 | prio=70 | https://www.asfi.gob.bo/node/536
[FULL_11_ASFI_VALORES] t=3853.9s | pag=1948 | files=7187 | data=803 | cola= 149 | prio=70 | https://www.asfi.gob.bo/node/537
[FULL_11_ASFI_VALORES] t=3854.4s | pag=1949 | files=7200 | data=803 | cola= 148 | prio=70 | https://www.asfi.gob.bo/node/539
[FULL_11_ASFI_VALORES] t=3855.3s | pag=1950 | files=7214 | data=803 | cola= 147 | prio=70 | https://www.asfi.gob.bo/node/540
[FULL_11_ASFI_VALORES] t=3855.7s | pag=1951 | files=7219 | data=803 | cola= 146 | prio=70 | https://www.asfi.gob.bo/node/541
[FULL_11_ASFI_VALORES] t=3856.4s | pag=1952 | files=7254 | data=803 | cola= 145 | prio=70 | https://www.asfi.gob.bo/node/542
[FULL_11_ASFI_VALORES] t=3857.3s | pag=1953 | files=7267 | data=803 | cola= 144 | prio=70 | https://www.asfi.gob.bo/node/544
[FULL_11_ASFI_VALORES] t=3858.2s | pag=1954 | files=7275 | data=803 | cola= 143 | prio=70 | https://www.asfi.gob.bo/node/545
[FULL_11_ASFI_VALORES] t=3858.6s | pag=1955 | files=7280 | data=803 | cola= 142 | prio=70 | https://www.asfi.gob.bo/node/546
[FULL_11_ASFI_VALORES] t=3859.6s | pag=1956 | files=7307 | data=803 | cola= 141 | prio=70 | https://www.asfi.gob.bo/node/547
[FULL_11_ASFI_VALORES] t=3860.5s | pag=1957 | files=7313 | data=803 | cola= 140 | prio=70 | https://www.asfi.gob.bo/node/549
[FULL_11_ASFI_VALORES] t=3861.2s | pag=1958 | files=7317 | data=803 | cola= 139 | prio=70 | https://www.asfi.gob.bo/node/550
[FULL_11_ASFI_VALORES] t=3861.9s | pag=1959 | files=7322 | data=803 | cola= 138 | prio=70 | https://www.asfi.gob.bo/node/551
[FULL_11_ASFI_VALORES] t=3862.8s | pag=1960 | files=7335 | data=803 | cola= 137 | prio=70 | https://www.asfi.gob.bo/node/552
[FULL_11_ASFI_VALORES] t=3863.5s | pag=1961 | files=7343 | data=803 | cola= 136 | prio=70 | https://www.asfi.gob.bo/node/554
[FULL_11_ASFI_VALORES] t=3864.0s | pag=1962 | files=7350 | data=803 | cola= 135 | prio=70 | https://www.asfi.gob.bo/node/555
[FULL_11_ASFI_VALORES] t=3864.7s | pag=1963 | files=7355 | data=803 | cola= 134 | prio=70 | https://www.asfi.gob.bo/node/556
[FULL_11_ASFI_VALORES] t=3865.4s | pag=1964 | files=7377 | data=803 | cola= 133 | prio=70 | https://www.asfi.gob.bo/node/557
[FULL_11_ASFI_VALORES] t=3866.1s | pag=1965 | files=7385 | data=803 | cola= 132 | prio=70 | https://www.asfi.gob.bo/node/559
[FULL_11_ASFI_VALORES] t=3866.7s | pag=1966 | files=7394 | data=803 | cola= 131 | prio=70 | https://www.asfi.gob.bo/node/560
[FULL_11_ASFI_VALORES] t=3867.0s | pag=1967 | files=7397 | data=803 | cola= 130 | prio=70 | https://www.asfi.gob.bo/node/561
[FULL_11_ASFI_VALORES] t=3867.6s | pag=1968 | files=7431 | data=803 | cola= 129 | prio=70 | https://www.asfi.gob.bo/node/562
[FULL_11_ASFI_VALORES] t=3868.5s | pag=1969 | files=7441 | data=803 | cola= 128 | prio=70 | https://www.asfi.gob.bo/node/564
[FULL_11_ASFI_VALORES] t=3869.3s | pag=1970 | files=7445 | data=803 | cola= 127 | prio=70 | https://www.asfi.gob.bo/node/565
[FULL_11_ASFI_VALORES] t=3870.2s | pag=1971 | files=7446 | data=803 | cola= 126 | prio=70 | https://www.asfi.gob.bo/node/566
[FULL_11_ASFI_VALORES] t=3870.7s | pag=1972 | files=7480 | data=803 | cola= 125 | prio=70 | https://www.asfi.gob.bo/node/567
[FULL_11_ASFI_VALORES] t=3871.7s | pag=1973 | files=7494 | data=803 | cola= 124 | prio=70 | https://www.asfi.gob.bo/node/569
[FULL_11_ASFI_VALORES] t=3872.6s | pag=1974 | files=7499 | data=803 | cola= 123 | prio=70 | https://www.asfi.gob.bo/node/570
[FULL_11_ASFI_VALORES] t=3873.6s | pag=1975 | files=7501 | data=803 | cola= 122 | prio=70 | https://www.asfi.gob.bo/node/571
[FULL_11_ASFI_VALORES] t=3874.4s | pag=1976 | files=7523 | data=803 | cola= 121 | prio=70 | https://www.asfi.gob.bo/node/572
[FULL_11_ASFI_VALORES] t=3875.3s | pag=1977 | files=7537 | data=803 | cola= 120 | prio=70 | https://www.asfi.gob.bo/node/574
[FULL_11_ASFI_VALORES] t=3876.2s | pag=1978 | files=7545 | data=803 | cola= 119 | prio=70 | https://www.asfi.gob.bo/node/575
[FULL_11_ASFI_VALORES] t=3876.7s | pag=1979 | files=7547 | data=803 | cola= 118 | prio=70 | https://www.asfi.gob.bo/node/576
[FULL_11_ASFI_VALORES] t=3877.5s | pag=1980 | files=7575 | data=803 | cola= 117 | prio=70 | https://www.asfi.gob.bo/node/577
[FULL_11_ASFI_VALORES] t=3877.9s | pag=1981 | files=7589 | data=803 | cola= 116 | prio=70 | https://www.asfi.gob.bo/node/579
[FULL_11_ASFI_VALORES] t=3878.8s | pag=1982 | files=7598 | data=803 | cola= 115 | prio=70 | https://www.asfi.gob.bo/node/580
[FULL_11_ASFI_VALORES] t=3879.3s | pag=1983 | files=7602 | data=803 | cola= 114 | prio=70 | https://www.asfi.gob.bo/node/581
[FULL_11_ASFI_VALORES] t=3880.2s | pag=1984 | files=7623 | data=803 | cola= 113 | prio=70 | https://www.asfi.gob.bo/node/582
[FULL_11_ASFI_VALORES] t=3881.0s | pag=1985 | files=7635 | data=803 | cola= 112 | prio=70 | https://www.asfi.gob.bo/node/584
[FULL_11_ASFI_VALORES] t=3881.7s | pag=1986 | files=7648 | data=803 | cola= 111 | prio=70 | https://www.asfi.gob.bo/node/585
[FULL_11_ASFI_VALORES] t=3882.5s | pag=1987 | files=7649 | data=803 | cola= 110 | prio=70 | https://www.asfi.gob.bo/node/586
[FULL_11_ASFI_VALORES] t=3883.3s | pag=1988 | files=7660 | data=803 | cola= 109 | prio=70 | https://www.asfi.gob.bo/node/587
[FULL_11_ASFI_VALORES] t=3884.0s | pag=1989 | files=7666 | data=803 | cola= 108 | prio=70 | https://www.asfi.gob.bo/node/589
[FULL_11_ASFI_VALORES] t=3884.6s | pag=1990 | files=7667 | data=803 | cola= 107 | prio=70 | https://www.asfi.gob.bo/node/590
[FULL_11_ASFI_VALORES] t=3885.0s | pag=1991 | files=7671 | data=803 | cola= 106 | prio=70 | https://www.asfi.gob.bo/node/591
[FULL_11_ASFI_VALORES] t=3885.7s | pag=1992 | files=7693 | data=803 | cola= 105 | prio=70 | https://asfi.gob.bo//node/884
[FULL_11_ASFI_VALORES] t=3886.6s | pag=1993 | files=7693 | data=803 | cola= 104 | prio=70 | https://asfi.gob.bo//node/356
[FULL_11_ASFI_VALORES] t=3887.2s | pag=1994 | files=7693 | data=803 | cola= 103 | prio=70 | https://asfi.gob.bo//node/355
[FULL_11_ASFI_VALORES] t=3888.2s | pag=1995 | files=7693 | data=803 | cola= 102 | prio=70 | https://asfi.gob.bo//node/354
[FULL_11_ASFI_VALORES] t=3889.0s | pag=1996 | files=7693 | data=803 | cola= 101 | prio=70 | https://asfi.gob.bo//node/353
[FULL_11_ASFI_VALORES] t=3889.7s | pag=1997 | files=7693 | data=803 | cola= 100 | prio=70 | https://asfi.gob.bo//node/352
[FULL_11_ASFI_VALORES] t=3890.6s | pag=1998 | files=7693 | data=803 | cola=  99 | prio=70 | https://asfi.gob.bo//node/351
[FULL_11_ASFI_VALORES] t=3891.4s | pag=1999 | files=7693 | data=803 | cola=  98 | prio=70 | https://asfi.gob.bo//node/350
[FULL_11_ASFI_VALORES] t=3892.0s | pag=2000 | files=7693 | data=803 | cola=  97 | prio=70 | https://asfi.gob.bo//node/349
[FULL_11_ASFI_VALORES] t=3892.6s | pag=2001 | files=7693 | data=803 | cola=  96 | prio=70 | https://asfi.gob.bo//node/348
[FULL_11_ASFI_VALORES] t=3893.6s | pag=2002 | files=7693 | data=803 | cola=  95 | prio=70 | https://asfi.gob.bo//node/347
[FULL_11_ASFI_VALORES] t=3894.2s | pag=2003 | files=7693 | data=803 | cola=  94 | prio=70 | https://asfi.gob.bo//node/346
[FULL_11_ASFI_VALORES] t=3895.0s | pag=2004 | files=7693 | data=803 | cola=  93 | prio=70 | https://asfi.gob.bo//node/345
[FULL_11_ASFI_VALORES] t=3895.9s | pag=2005 | files=7693 | data=803 | cola=  92 | prio=70 | https://asfi.gob.bo//node/344
[FULL_11_ASFI_VALORES] t=3896.6s | pag=2006 | files=7693 | data=803 | cola=  91 | prio=70 | https://asfi.gob.bo//node/343
[FULL_11_ASFI_VALORES] t=3897.1s | pag=2007 | files=7693 | data=803 | cola=  90 | prio=70 | https://asfi.gob.bo//node/342
[FULL_11_ASFI_VALORES] t=3897.9s | pag=2008 | files=7693 | data=803 | cola=  89 | prio=70 | https://asfi.gob.bo//node/341
[FULL_11_ASFI_VALORES] t=3898.7s | pag=2009 | files=7693 | data=803 | cola=  88 | prio=70 | https://asfi.gob.bo//node/340
[FULL_11_ASFI_VALORES] t=3899.5s | pag=2010 | files=7693 | data=803 | cola=  87 | prio=70 | https://asfi.gob.bo//node/339
[FULL_11_ASFI_VALORES] t=3900.3s | pag=2011 | files=7693 | data=803 | cola=  86 | prio=70 | https://asfi.gob.bo//node/338
[FULL_11_ASFI_VALORES] t=3901.1s | pag=2012 | files=7693 | data=803 | cola=  85 | prio=70 | https://asfi.gob.bo//node/337
[FULL_11_ASFI_VALORES] t=3902.1s | pag=2013 | files=7693 | data=803 | cola=  84 | prio=70 | https://asfi.gob.bo//node/336
[FULL_11_ASFI_VALORES] t=3903.1s | pag=2014 | files=7693 | data=803 | cola=  83 | prio=70 | https://asfi.gob.bo//node/335
[FULL_11_ASFI_VALORES] t=3903.8s | pag=2015 | files=7693 | data=803 | cola=  82 | prio=70 | https://asfi.gob.bo//node/334
[FULL_11_ASFI_VALORES] t=3904.6s | pag=2016 | files=7693 | data=803 | cola=  81 | prio=70 | https://asfi.gob.bo//node/333
[FULL_11_ASFI_VALORES] t=3905.6s | pag=2017 | files=7693 | data=803 | cola=  80 | prio=70 | https://asfi.gob.bo//node/332
[FULL_11_ASFI_VALORES] t=3906.1s | pag=2018 | files=7693 | data=803 | cola=  79 | prio=70 | https://asfi.gob.bo//node/331
[FULL_11_ASFI_VALORES] t=3906.5s | pag=2019 | files=7693 | data=803 | cola=  78 | prio=70 | https://asfi.gob.bo//node/321
[FULL_11_ASFI_VALORES] t=3907.0s | pag=2020 | files=7693 | data=803 | cola=  77 | prio=70 | https://asfi.gob.bo//node/4
[FULL_11_ASFI_VALORES] t=3907.7s | pag=2021 | files=7693 | data=803 | cola=  76 | prio=70 | https://asfi.gob.bo//node/330
[FULL_11_ASFI_VALORES] t=3908.5s | pag=2022 | files=7693 | data=803 | cola=  75 | prio=70 | https://asfi.gob.bo//node/329
[FULL_11_ASFI_VALORES] t=3909.1s | pag=2023 | files=7693 | data=803 | cola=  74 | prio=70 | https://asfi.gob.bo//node/328
[FULL_11_ASFI_VALORES] t=3909.6s | pag=2024 | files=7693 | data=803 | cola=  73 | prio=70 | https://asfi.gob.bo//node/327
[FULL_11_ASFI_VALORES] t=3910.4s | pag=2025 | files=7693 | data=803 | cola=  72 | prio=70 | https://asfi.gob.bo//node/326
[FULL_11_ASFI_VALORES] t=3911.5s | pag=2026 | files=7693 | data=803 | cola=  71 | prio=70 | https://asfi.gob.bo//node/325
[FULL_11_ASFI_VALORES] t=3911.9s | pag=2027 | files=7693 | data=803 | cola=  70 | prio=70 | https://asfi.gob.bo//node/324
[FULL_11_ASFI_VALORES] t=3912.5s | pag=2028 | files=7693 | data=803 | cola=  69 | prio=70 | https://asfi.gob.bo//node/323
[FULL_11_ASFI_VALORES] t=3913.3s | pag=2029 | files=7693 | data=803 | cola=  68 | prio=70 | https://asfi.gob.bo//node/322
[FULL_11_ASFI_VALORES] t=3913.8s | pag=2030 | files=7693 | data=803 | cola=  67 | prio=70 | https://asfi.gob.bo/la/programa-emisiones-2026
[FULL_11_ASFI_VALORES] t=3914.4s | pag=2031 | files=7698 | data=803 | cola=  66 | prio=70 | https://asfi.gob.bo/la/emisiones-pagares-2026
[FULL_11_ASFI_VALORES] t=3915.3s | pag=2032 | files=7707 | data=803 | cola=  65 | prio=70 | https://asfi.gob.bo/la/emisiones-valores-titularizacion-2026
[FULL_11_ASFI_VALORES] t=3915.8s | pag=2033 | files=7707 | data=803 | cola=  64 | prio=70 | https://asfi.gob.bo/la/emisiones-bonos-2026
[FULL_11_ASFI_VALORES] t=3916.4s | pag=2034 | files=7719 | data=803 | cola=  63 | prio=70 | https://asfi.gob.bo/node/512
[FULL_11_ASFI_VALORES] t=3916.9s | pag=2035 | files=7726 | data=803 | cola=  62 | prio=70 | https://asfi.gob.bo/node/514
[FULL_11_ASFI_VALORES] t=3917.6s | pag=2036 | files=7776 | data=803 | cola=  61 | prio=70 | https://asfi.gob.bo/node/515
[FULL_11_ASFI_VALORES] t=3918.1s | pag=2037 | files=7783 | data=803 | cola=  60 | prio=70 | https://asfi.gob.bo/node/516
[FULL_11_ASFI_VALORES] t=3918.5s | pag=2038 | files=7812 | data=803 | cola=  59 | prio=70 | https://asfi.gob.bo/node/517
[FULL_11_ASFI_VALORES] t=3919.3s | pag=2039 | files=7825 | data=803 | cola=  58 | prio=70 | https://asfi.gob.bo/node/519
[FULL_11_ASFI_VALORES] t=3920.0s | pag=2040 | files=7848 | data=803 | cola=  57 | prio=70 | https://asfi.gob.bo/node/520
[FULL_11_ASFI_VALORES] t=3920.6s | pag=2041 | files=7848 | data=803 | cola=  56 | prio=70 | https://asfi.gob.bo/node/521
[FULL_11_ASFI_VALORES] t=3921.3s | pag=2042 | files=7874 | data=803 | cola=  55 | prio=70 | https://asfi.gob.bo/node/522
[FULL_11_ASFI_VALORES] t=3921.8s | pag=2043 | files=7882 | data=803 | cola=  54 | prio=70 | https://asfi.gob.bo/node/524
[FULL_11_ASFI_VALORES] t=3922.6s | pag=2044 | files=7895 | data=803 | cola=  53 | prio=70 | https://asfi.gob.bo/node/525
[FULL_11_ASFI_VALORES] t=3923.2s | pag=2045 | files=7898 | data=803 | cola=  52 | prio=70 | https://asfi.gob.bo/node/526
[FULL_11_ASFI_VALORES] t=3923.6s | pag=2046 | files=7927 | data=803 | cola=  51 | prio=70 | https://asfi.gob.bo/node/527
[FULL_11_ASFI_VALORES] t=3924.4s | pag=2047 | files=7933 | data=803 | cola=  50 | prio=70 | https://asfi.gob.bo/node/529
[FULL_11_ASFI_VALORES] t=3925.2s | pag=2048 | files=7941 | data=803 | cola=  49 | prio=70 | https://asfi.gob.bo/node/530
[FULL_11_ASFI_VALORES] t=3925.7s | pag=2049 | files=7942 | data=803 | cola=  48 | prio=70 | https://asfi.gob.bo/node/531
[FULL_11_ASFI_VALORES] t=3926.2s | pag=2050 | files=7963 | data=803 | cola=  47 | prio=70 | https://asfi.gob.bo/node/532
[FULL_11_ASFI_VALORES] t=3926.8s | pag=2051 | files=7973 | data=803 | cola=  46 | prio=70 | https://asfi.gob.bo/node/534
[FULL_11_ASFI_VALORES] t=3927.5s | pag=2052 | files=7987 | data=803 | cola=  45 | prio=70 | https://asfi.gob.bo/node/535
[FULL_11_ASFI_VALORES] t=3928.3s | pag=2053 | files=7991 | data=803 | cola=  44 | prio=70 | https://asfi.gob.bo/node/536
[FULL_11_ASFI_VALORES] t=3928.7s | pag=2054 | files=8015 | data=803 | cola=  43 | prio=70 | https://asfi.gob.bo/node/537
[FULL_11_ASFI_VALORES] t=3929.8s | pag=2055 | files=8028 | data=803 | cola=  42 | prio=70 | https://asfi.gob.bo/node/539
[FULL_11_ASFI_VALORES] t=3930.5s | pag=2056 | files=8042 | data=803 | cola=  41 | prio=70 | https://asfi.gob.bo/node/540
[FULL_11_ASFI_VALORES] t=3931.3s | pag=2057 | files=8047 | data=803 | cola=  40 | prio=70 | https://asfi.gob.bo/node/541
[FULL_11_ASFI_VALORES] t=3932.1s | pag=2058 | files=8082 | data=803 | cola=  39 | prio=70 | https://asfi.gob.bo/node/542
[FULL_11_ASFI_VALORES] t=3932.7s | pag=2059 | files=8095 | data=803 | cola=  38 | prio=70 | https://asfi.gob.bo/node/544
[FULL_11_ASFI_VALORES] t=3933.1s | pag=2060 | files=8103 | data=803 | cola=  37 | prio=70 | https://asfi.gob.bo/node/545
[FULL_11_ASFI_VALORES] t=3934.0s | pag=2061 | files=8108 | data=803 | cola=  36 | prio=70 | https://asfi.gob.bo/node/546
[FULL_11_ASFI_VALORES] t=3934.5s | pag=2062 | files=8135 | data=803 | cola=  35 | prio=70 | https://asfi.gob.bo/node/547
[FULL_11_ASFI_VALORES] t=3935.3s | pag=2063 | files=8141 | data=803 | cola=  34 | prio=70 | https://asfi.gob.bo/node/549
[FULL_11_ASFI_VALORES] t=3936.2s | pag=2064 | files=8145 | data=803 | cola=  33 | prio=70 | https://asfi.gob.bo/node/550
[FULL_11_ASFI_VALORES] t=3936.9s | pag=2065 | files=8150 | data=803 | cola=  32 | prio=70 | https://asfi.gob.bo/node/551
[FULL_11_ASFI_VALORES] t=3937.7s | pag=2066 | files=8163 | data=803 | cola=  31 | prio=70 | https://asfi.gob.bo/node/552
[FULL_11_ASFI_VALORES] t=3938.1s | pag=2067 | files=8171 | data=803 | cola=  30 | prio=70 | https://asfi.gob.bo/node/554
[FULL_11_ASFI_VALORES] t=3938.6s | pag=2068 | files=8178 | data=803 | cola=  29 | prio=70 | https://asfi.gob.bo/node/555
[FULL_11_ASFI_VALORES] t=3939.3s | pag=2069 | files=8183 | data=803 | cola=  28 | prio=70 | https://asfi.gob.bo/node/556
[FULL_11_ASFI_VALORES] t=3940.1s | pag=2070 | files=8205 | data=803 | cola=  27 | prio=70 | https://asfi.gob.bo/node/557
[FULL_11_ASFI_VALORES] t=3941.1s | pag=2071 | files=8213 | data=803 | cola=  26 | prio=70 | https://asfi.gob.bo/node/559
[FULL_11_ASFI_VALORES] t=3941.6s | pag=2072 | files=8222 | data=803 | cola=  25 | prio=70 | https://asfi.gob.bo/node/560
[FULL_11_ASFI_VALORES] t=3942.3s | pag=2073 | files=8225 | data=803 | cola=  24 | prio=70 | https://asfi.gob.bo/node/561
[FULL_11_ASFI_VALORES] t=3942.7s | pag=2074 | files=8259 | data=803 | cola=  23 | prio=70 | https://asfi.gob.bo/node/562
[FULL_11_ASFI_VALORES] t=3943.4s | pag=2075 | files=8269 | data=803 | cola=  22 | prio=70 | https://asfi.gob.bo/node/564
[FULL_11_ASFI_VALORES] t=3944.4s | pag=2076 | files=8273 | data=803 | cola=  21 | prio=70 | https://asfi.gob.bo/node/565
[FULL_11_ASFI_VALORES] t=3944.7s | pag=2077 | files=8274 | data=803 | cola=  20 | prio=70 | https://asfi.gob.bo/node/566
[FULL_11_ASFI_VALORES] t=3945.4s | pag=2078 | files=8308 | data=803 | cola=  19 | prio=70 | https://asfi.gob.bo/node/567
[FULL_11_ASFI_VALORES] t=3945.9s | pag=2079 | files=8322 | data=803 | cola=  18 | prio=70 | https://asfi.gob.bo/node/569
[FULL_11_ASFI_VALORES] t=3946.8s | pag=2080 | files=8327 | data=803 | cola=  17 | prio=70 | https://asfi.gob.bo/node/570
[FULL_11_ASFI_VALORES] t=3947.7s | pag=2081 | files=8329 | data=803 | cola=  16 | prio=70 | https://asfi.gob.bo/node/571
[FULL_11_ASFI_VALORES] t=3948.3s | pag=2082 | files=8351 | data=803 | cola=  15 | prio=70 | https://asfi.gob.bo/node/572
[FULL_11_ASFI_VALORES] t=3948.8s | pag=2083 | files=8365 | data=803 | cola=  14 | prio=70 | https://asfi.gob.bo/node/574
[FULL_11_ASFI_VALORES] t=3949.4s | pag=2084 | files=8373 | data=803 | cola=  13 | prio=70 | https://asfi.gob.bo/node/575
[FULL_11_ASFI_VALORES] t=3949.9s | pag=2085 | files=8375 | data=803 | cola=  12 | prio=70 | https://asfi.gob.bo/node/576
[FULL_11_ASFI_VALORES] t=3950.8s | pag=2086 | files=8403 | data=803 | cola=  11 | prio=70 | https://asfi.gob.bo/node/577
[FULL_11_ASFI_VALORES] t=3951.2s | pag=2087 | files=8417 | data=803 | cola=  10 | prio=70 | https://asfi.gob.bo/node/579
[FULL_11_ASFI_VALORES] t=3951.7s | pag=2088 | files=8426 | data=803 | cola=   9 | prio=70 | https://asfi.gob.bo/node/580
[FULL_11_ASFI_VALORES] t=3952.6s | pag=2089 | files=8430 | data=803 | cola=   8 | prio=70 | https://asfi.gob.bo/node/581
[FULL_11_ASFI_VALORES] t=3953.5s | pag=2090 | files=8451 | data=803 | cola=   7 | prio=70 | https://asfi.gob.bo/node/582
[FULL_11_ASFI_VALORES] t=3954.2s | pag=2091 | files=8463 | data=803 | cola=   6 | prio=70 | https://asfi.gob.bo/node/584
[FULL_11_ASFI_VALORES] t=3955.0s | pag=2092 | files=8476 | data=803 | cola=   5 | prio=70 | https://asfi.gob.bo/node/585
[FULL_11_ASFI_VALORES] t=3955.5s | pag=2093 | files=8477 | data=803 | cola=   4 | prio=70 | https://asfi.gob.bo/node/586
[FULL_11_ASFI_VALORES] t=3956.1s | pag=2094 | files=8488 | data=803 | cola=   3 | prio=70 | https://asfi.gob.bo/node/587
[FULL_11_ASFI_VALORES] t=3956.9s | pag=2095 | files=8494 | data=803 | cola=   2 | prio=70 | https://asfi.gob.bo/node/589
[FULL_11_ASFI_VALORES] t=3957.7s | pag=2096 | files=8495 | data=803 | cola=   1 | prio=70 | https://asfi.gob.bo/node/590
[FULL_11_ASFI_VALORES] t=3958.4s | pag=2097 | files=8499 | data=803 | cola=   0 | prio=70 | https://asfi.gob.bo/node/591

================================================================================
RESULTADO
================================================================================
Fuente:              full_11_asfi_valores
Páginas visitadas:   2098
Archivos encontrados: 8521
Datasets web:         803
Errores:              267
Motivo de parada:     frontier_exhausted
Duración:             3959.27 s

Formatos:
  - DOC    : 8
  - DOCX   : 2
  - PDF    : 5143
  - RAR    : 6
  - XLS    : 1606
  - XLSX   : 495
  - ZIP    : 1261

JSON: C:\Ultimo Semestre 7\trabajo\DATAX\team crawler\crawler_asfi\Crawler_BCB\crawler_v2\output\full_11_asfi_valores.json

Trazabilidad:
  Ejecución: 32
  Estado:    PROCESSED
  Base:      C:\Ultimo Semestre 7\trabajo\DATAX\team crawler\crawler_asfi\Crawler_BCB\crawler_v2\trace\crawler_trace.sqlite
