================================================================================
CRAWLER V2
================================================================================
Fuente: Autoridad de Regulación y Fiscalización de Telecomunicaciones y Transportes
URL configurada: https://www.att.gob.bo/
Timeout HTTP: 15 s
Pausa HTTP:   aleatoria 0.30s - 0.90s


Resolución de fuente:
  Original: https://www.att.gob.bo/
  Utilizada: https://www.att.gob.bo/
  Fallback: no
  Intentos: 1
    - usable         | HTTP=200 | https://www.att.gob.bo/

URL de trabajo: https://www.att.gob.bo/
Seeds: 6
Máx páginas: 10000
Máx archivos: 100000
Máx profundidad: 20

[ATT] t=   0.0s | pag=  0 | files=   0 | data=  0 | cola=   5 | prio= 0 | https://www.att.gob.bo/
[ATT] t=   1.3s | pag=  1 | files=   0 | data=  0 | cola=  79 | prio= 0 | https://www.att.gob.bo/en/estadistica-sectorial
[ATT] DATASETS=1 | data_html_table | https://www.att.gob.bo/en/estadistica-sectorial
[ATT] t=   2.0s | pag=  2 | files=   1 | data=  1 | cola=  78 | prio= 0 | https://www.att.gob.bo/en/situacion-de-las-telecomunicaciones-en-bolivia
[ATT] DATASETS=2 | data_html_table | https://www.att.gob.bo/en/situacion-de-las-telecomunicaciones-en-bolivia
[ATT] t=   2.8s | pag=  3 | files=  24 | data=  2 | cola=  77 | prio= 0 | https://www.att.gob.bo/en/informacion-estadistica-sector-telecomunicaciones
[ATT] t=   3.3s | pag=  4 | files=  24 | data=  2 | cola= 132 | prio= 0 | https://www.att.gob.bo/serie-historica
[ATT] DATASETS=3 | statistical_html_table | https://www.att.gob.bo/serie-historica
[ATT] t=   3.9s | pag=  5 | files=  28 | data=  3 | cola= 131 | prio= 0 | https://www.att.gob.bo/telecomunicaciones
[ATT] t=   4.8s | pag=  6 | files=  28 | data=  3 | cola= 162 | prio= 2 | https://www.att.gob.bo/en/postal
[ATT] t=   5.3s | pag=  7 | files=  28 | data=  3 | cola= 163 | prio= 2 | https://www.att.gob.bo/en/telecomunicaciones
[ATT] t=   5.8s | pag=  8 | files=  28 | data=  3 | cola= 162 | prio= 2 | https://www.att.gob.bo/en/transportes
[ATT] t=   6.3s | pag=  9 | files=  28 | data=  3 | cola= 163 | prio= 2 | https://www.att.gob.bo/en/transportes-0
[ATT] DATASETS=4 | data_html_table | https://www.att.gob.bo/en/transportes-0
[ATT] t=   6.9s | pag= 10 | files=  34 | data=  4 | cola= 162 | prio= 2 | https://www.att.gob.bo/en/normativa-sector-telecomunicaciones-uolo
[ATT] t=   7.8s | pag= 11 | files=  34 | data=  4 | cola= 165 | prio= 2 | https://www.att.gob.bo/en/normativa-sector-postal-uolo
[ATT] t=   8.5s | pag= 12 | files=  34 | data=  4 | cola= 168 | prio= 2 | https://www.att.gob.bo/en/normativa-sector-telecomunicaciones-urf
[ATT] DATASETS=5 | data_html_table | https://www.att.gob.bo/en/normativa-sector-telecomunicaciones-urf
[ATT] t=   9.2s | pag= 13 | files=  67 | data=  5 | cola= 167 | prio= 2 | https://www.att.gob.bo/en/normativa-sector-postal-urf
[ATT] DATASETS=6 | data_html_table | https://www.att.gob.bo/en/normativa-sector-postal-urf
[ATT] t=   9.8s | pag= 14 | files=  76 | data=  6 | cola= 166 | prio= 2 | https://www.att.gob.bo/en/requisitos-tele
[ATT] DATASETS=7 | data_html_table | https://www.att.gob.bo/en/requisitos-tele
[ATT] t=  10.3s | pag= 15 | files= 100 | data=  7 | cola= 165 | prio= 2 | https://www.att.gob.bo/telecomunicaciones/usuario
[ATT] t=  11.0s | pag= 16 | files= 100 | data=  7 | cola= 182 | prio= 2 | https://www.att.gob.bo/transportes/usuario
[ATT] t=  12.0s | pag= 17 | files= 100 | data=  7 | cola= 185 | prio= 2 | https://www.att.gob.bo/postal/usuario
[ATT] t=  12.7s | pag= 18 | files= 100 | data=  7 | cola= 191 | prio= 2 | https://www.att.gob.bo/transportes
[ATT] t=  13.5s | pag= 19 | files= 100 | data=  7 | cola= 191 | prio= 2 | https://www.att.gob.bo/postal
[ATT] t=  14.5s | pag= 20 | files= 100 | data=  7 | cola= 191 | prio= 2 | https://www.att.gob.bo/en/33-operadores-postales-cuentan-con-licencia-vigente-en-bolivia
[ATT] t=  15.3s | pag= 21 | files= 100 | data=  7 | cola= 191 | prio= 2 | https://www.att.gob.bo/index.php/en/postal
[ATT] t=  16.0s | pag= 22 | files= 100 | data=  7 | cola= 191 | prio= 2 | https://www.att.gob.bo/index.php/en/telecomunicaciones
[ATT] t=  17.0s | pag= 23 | files= 100 | data=  7 | cola= 190 | prio= 2 | https://www.att.gob.bo/index.php/en/transportes
[ATT] t=  17.9s | pag= 24 | files= 100 | data=  7 | cola= 191 | prio= 2 | https://www.att.gob.bo/index.php/en/informacion-estadistica-sector-telecomunicaciones
[ATT] t=  19.1s | pag= 25 | files= 100 | data=  7 | cola= 190 | prio= 2 | https://www.att.gob.bo/index.php/en/transportes-0
[ATT] DATASETS=8 | data_html_table | https://www.att.gob.bo/index.php/en/transportes-0
[ATT] t=  19.7s | pag= 26 | files= 100 | data=  8 | cola= 189 | prio= 2 | https://www.att.gob.bo/index.php/en/normativa-sector-telecomunicaciones-uolo
[ATT] t=  20.2s | pag= 27 | files= 100 | data=  8 | cola= 188 | prio= 2 | https://www.att.gob.bo/index.php/en/normativa-sector-postal-uolo
[ATT] t=  21.0s | pag= 28 | files= 100 | data=  8 | cola= 187 | prio= 2 | https://www.att.gob.bo/index.php/en/normativa-sector-telecomunicaciones-urf
[ATT] DATASETS=9 | data_html_table | https://www.att.gob.bo/index.php/en/normativa-sector-telecomunicaciones-urf
[ATT] t=  21.8s | pag= 29 | files= 100 | data=  9 | cola= 186 | prio= 2 | https://www.att.gob.bo/index.php/en/normativa-sector-postal-urf
[ATT] DATASETS=10 | data_html_table | https://www.att.gob.bo/index.php/en/normativa-sector-postal-urf
[ATT] t=  22.6s | pag= 30 | files= 100 | data= 10 | cola= 185 | prio= 2 | https://www.att.gob.bo/index.php/en/requisitos-tele
[ATT] t=  23.3s | pag= 31 | files= 100 | data= 11 | cola= 184 | prio= 2 | https://www.att.gob.bo/estadistica-sectorial
[ATT] t=  24.0s | pag= 32 | files= 100 | data= 12 | cola= 183 | prio= 2 | https://www.att.gob.bo/situacion-de-las-telecomunicaciones-en-bolivia
[ATT] t=  24.6s | pag= 33 | files= 100 | data= 13 | cola= 182 | prio= 2 | https://www.att.gob.bo/informacion-estadistica-sector-telecomunicaciones
[ATT] t=  25.0s | pag= 34 | files= 100 | data= 13 | cola= 181 | prio= 2 | https://www.att.gob.bo/extractos-publicacion-2026
[ATT] t=  25.4s | pag= 35 | files= 120 | data= 14 | cola= 180 | prio= 2 | https://www.att.gob.bo/extractos-publicacion-2025
[ATT] t=  26.2s | pag= 36 | files= 159 | data= 15 | cola= 179 | prio= 2 | https://www.att.gob.bo/extractos-publicacion-2024
[ATT] t=  27.2s | pag= 37 | files= 194 | data= 16 | cola= 178 | prio= 2 | https://www.att.gob.bo/extractos-publicacion-2023
[ATT] t=  27.9s | pag= 38 | files= 248 | data= 17 | cola= 177 | prio= 2 | https://www.att.gob.bo/extractos-publicacion-2022
[ATT] t=  28.7s | pag= 39 | files= 349 | data= 18 | cola= 176 | prio= 2 | https://www.att.gob.bo/extractos-publicacion-2021
[ATT] t=  29.7s | pag= 40 | files= 453 | data= 19 | cola= 175 | prio= 2 | https://www.att.gob.bo/extractos-publicacion-2020
[ATT] t=  30.7s | pag= 41 | files= 511 | data= 20 | cola= 174 | prio= 2 | https://www.att.gob.bo/extractos-publicacion-2019
[ATT] t=  31.9s | pag= 42 | files= 606 | data= 21 | cola= 173 | prio= 2 | https://www.att.gob.bo/extractos-publicacion-2018
[ATT] t=  33.1s | pag= 43 | files= 757 | data= 22 | cola= 172 | prio= 2 | https://www.att.gob.bo/extractos-publicacion-2017
[ATT] t=  34.2s | pag= 44 | files= 899 | data= 23 | cola= 171 | prio= 2 | https://www.att.gob.bo/extractos-publicacion-2016
[ATT] t=  35.0s | pag= 45 | files=1021 | data= 24 | cola= 170 | prio= 2 | https://www.att.gob.bo/operadores-en-telecomunicaciones
[ATT] t=  35.4s | pag= 46 | files=1022 | data= 24 | cola= 169 | prio= 2 | https://www.att.gob.bo/resoluciones-administrativas-del-sector-telecomunicaciones
[ATT] t=  36.0s | pag= 47 | files=1022 | data= 24 | cola= 169 | prio= 2 | https://www.att.gob.bo/postal/operador
[ATT] t=  36.6s | pag= 47 | files=1022 | data= 24 | cola= 168 | prio= 2 | https://www.att.gob.bo/en/operadorespostal
[ATT] t=  37.9s | pag= 48 | files=1022 | data= 24 | cola= 167 | prio= 2 | https://www.att.gob.bo/en/transportes/usuario
[ATT] t=  38.3s | pag= 49 | files=1022 | data= 24 | cola= 166 | prio= 2 | https://www.att.gob.bo/en/transportes/operador
[ATT] t=  39.2s | pag= 50 | files=1022 | data= 24 | cola= 167 | prio= 2 | https://www.att.gob.bo/normativa-sector-telecomunicaciones-uolo-leyes
[ATT] t=  40.1s | pag= 51 | files=1023 | data= 24 | cola= 166 | prio= 2 | https://www.att.gob.bo/normativa-sector-telecomunicaciones-uolo-decretos-supremos
[ATT] DATASETS=25 | data_html_table | https://www.att.gob.bo/normativa-sector-telecomunicaciones-uolo-decretos-supremos
[ATT] t=  40.6s | pag= 52 | files=1030 | data= 25 | cola= 165 | prio= 2 | https://www.att.gob.bo/normativa-sector-telecomunicaciones-uolo-resoluciones-administrativas
[ATT] t=  41.5s | pag= 53 | files=1058 | data= 26 | cola= 164 | prio= 2 | https://www.att.gob.bo/normativa-sector-telecomunicaciones-uolo-resoluciones-ministeriales
[ATT] t=  42.0s | pag= 54 | files=1079 | data= 27 | cola= 163 | prio= 2 | https://www.att.gob.bo/normativa-sector-postal-uolo-leyes
[ATT] t=  42.7s | pag= 55 | files=1080 | data= 27 | cola= 162 | prio= 2 | https://www.att.gob.bo/normativa-sector-postal-uolo-decretos-supremos
[ATT] t=  43.6s | pag= 56 | files=1081 | data= 27 | cola= 161 | prio= 2 | https://www.att.gob.bo/normativa-sector-postal-uolo-resoluciones-administrativas
[ATT] t=  44.5s | pag= 57 | files=1085 | data= 28 | cola= 160 | prio= 2 | https://www.att.gob.bo/normativa-sector-postal-uolo-resoluciones-ministeriales
[ATT] t=  44.9s | pag= 58 | files=1087 | data= 29 | cola= 159 | prio= 2 | https://www.att.gob.bo/en/resoluciones-administrativas-del-sector-telecomunicaciones
[ATT] t=  45.3s | pag= 59 | files=1087 | data= 29 | cola= 158 | prio= 2 | https://www.att.gob.bo/en/extractos-publicacion-tele
[ATT] t=  46.2s | pag= 60 | files=1087 | data= 29 | cola= 157 | prio= 2 | https://www.att.gob.bo/en/Resoluciones-Administrativas-Sector-Postal
[ATT] t=  47.0s | pag= 61 | files=1087 | data= 29 | cola= 157 | prio= 2 | https://www.att.gob.bo/en/Regulaci%C3%B3n-tecnica-eco-postal
[ATT] t=  47.6s | pag= 62 | files=1087 | data= 29 | cola= 157 | prio= 2 | https://www.att.gob.bo/en/Reclamaciones-Sector-Postal
[ATT] t=  48.2s | pag= 63 | files=1087 | data= 29 | cola= 157 | prio= 2 | https://www.att.gob.bo/en/node/301
[ATT] t=  48.8s | pag= 64 | files=1087 | data= 29 | cola= 157 | prio= 2 | https://www.att.gob.bo/transportes/operador
[ATT] t=  49.7s | pag= 65 | files=1087 | data= 29 | cola= 156 | prio= 2 | https://www.att.gob.bo/operadorespostal
[ATT] t=  50.3s | pag= 66 | files=1087 | data= 29 | cola= 155 | prio= 2 | https://www.att.gob.bo/index.php/en/operadorespostal
[ATT] t=  51.2s | pag= 67 | files=1087 | data= 29 | cola= 154 | prio= 2 | https://www.att.gob.bo/index.php/en/transportes/usuario
[ATT] t=  52.0s | pag= 68 | files=1087 | data= 29 | cola= 157 | prio= 2 | https://www.att.gob.bo/index.php/en/transportes/operador
[ATT] t=  53.2s | pag= 69 | files=1087 | data= 29 | cola= 158 | prio= 2 | https://www.att.gob.bo/reclamaciones-del-sector-postal-archivos
[ATT] t=  53.6s | pag= 70 | files=1088 | data= 29 | cola= 157 | prio= 2 | https://www.att.gob.bo/boletines-y-publicaciones-archivos
[ATT] t=  54.6s | pag= 71 | files=1101 | data= 30 | cola= 156 | prio=10 | https://www.att.gob.bo/en/memoria-institucional-v2
[ATT] t=  55.5s | pag= 72 | files=1108 | data= 31 | cola= 155 | prio=10 | https://www.att.gob.bo/en/planificacion-estrategica-v2
[ATT] t=  55.9s | pag= 73 | files=1110 | data= 32 | cola= 154 | prio=10 | https://www.att.gob.bo/en/institucional-planes-operativos-anuales
[ATT] t=  56.7s | pag= 74 | files=1110 | data= 32 | cola= 167 | prio=10 | https://www.att.gob.bo/en/presupuesto-institucional-0
[ATT] t=  57.0s | pag= 75 | files=1132 | data= 33 | cola= 166 | prio=10 | https://www.att.gob.bo/en/fuentes-de-financiamiento
[ATT] t=  57.5s | pag= 76 | files=1157 | data= 34 | cola= 165 | prio=10 | https://www.att.gob.bo/en/informes-auditoria-v2
[ATT] t=  58.2s | pag= 77 | files=1157 | data= 34 | cola= 176 | prio=10 | https://www.att.gob.bo/en/rendicion-publica-de-cuentas
[ATT] t=  58.7s | pag= 78 | files=1157 | data= 34 | cola= 187 | prio=10 | https://www.att.gob.bo/en/normativa-sector-transporte-acuativo-uolo
[ATT] t=  59.2s | pag= 79 | files=1157 | data= 34 | cola= 189 | prio=10 | https://www.att.gob.bo/en/normativa-sector-transporte-aereo-uolo
[ATT] t=  60.0s | pag= 80 | files=1157 | data= 34 | cola= 192 | prio=10 | https://www.att.gob.bo/en/normativa-sector-transporte-ferroviario-uolo
[ATT] t=  60.4s | pag= 81 | files=1157 | data= 34 | cola= 194 | prio=10 | https://www.att.gob.bo/en/normativa-sector-transporte-terrestre-uolo
[ATT] t=  61.4s | pag= 82 | files=1157 | data= 34 | cola= 196 | prio=10 | https://www.att.gob.bo/en/normativa-registro-atps-uolo
[ATT] t=  62.0s | pag= 83 | files=1157 | data= 34 | cola= 197 | prio=10 | https://www.att.gob.bo/en/normativa-general-urf
[ATT] t=  63.0s | pag= 84 | files=1161 | data= 35 | cola= 196 | prio=10 | https://www.att.gob.bo/en/normativa-sector-transporte-acuatico-urf
[ATT] t=  63.5s | pag= 85 | files=1163 | data= 36 | cola= 195 | prio=10 | https://www.att.gob.bo/en/normativa-sector-transporte-aereo-urf
[ATT] t=  64.0s | pag= 86 | files=1181 | data= 37 | cola= 194 | prio=10 | https://www.att.gob.bo/en/normativa-sector-transporte-ferroviario-urf
[ATT] t=  64.5s | pag= 87 | files=1183 | data= 38 | cola= 193 | prio=10 | https://www.att.gob.bo/en/normativa-sector-transporte-terrestre-urf
[ATT] t=  64.9s | pag= 88 | files=1188 | data= 39 | cola= 192 | prio=10 | https://www.att.gob.bo/en/normativa-sector-tecnologias-de-informacion-y-comunicacion-urf
[ATT] t=  65.3s | pag= 89 | files=1190 | data= 40 | cola= 191 | prio=10 | https://www.att.gob.bo/index.php/en/memoria-institucional-v2
[ATT] t=  66.1s | pag= 90 | files=1197 | data= 41 | cola= 190 | prio=10 | https://www.att.gob.bo/index.php/en/planificacion-estrategica-v2
[ATT] t=  66.7s | pag= 91 | files=1199 | data= 42 | cola= 189 | prio=10 | https://www.att.gob.bo/index.php/en/institucional-planes-operativos-anuales
[ATT] t=  67.3s | pag= 92 | files=1199 | data= 42 | cola= 188 | prio=10 | https://www.att.gob.bo/index.php/en/presupuesto-institucional-0
[ATT] t=  68.0s | pag= 93 | files=1221 | data= 43 | cola= 187 | prio=10 | https://www.att.gob.bo/index.php/en/fuentes-de-financiamiento
[ATT] t=  68.7s | pag= 94 | files=1221 | data= 44 | cola= 186 | prio=10 | https://www.att.gob.bo/index.php/en/informes-auditoria-v2
[ATT] t=  69.3s | pag= 95 | files=1221 | data= 44 | cola= 185 | prio=10 | https://www.att.gob.bo/index.php/en/rendicion-publica-de-cuentas
[ATT] t=  69.8s | pag= 96 | files=1221 | data= 44 | cola= 184 | prio=10 | https://www.att.gob.bo/index.php/en/normativa-sector-transporte-acuativo-uolo
[ATT] t=  70.3s | pag= 97 | files=1221 | data= 44 | cola= 183 | prio=10 | https://www.att.gob.bo/index.php/en/normativa-sector-transporte-aereo-uolo
[ATT] t=  71.2s | pag= 98 | files=1221 | data= 44 | cola= 182 | prio=10 | https://www.att.gob.bo/index.php/en/normativa-sector-transporte-ferroviario-uolo
[ATT] t=  71.6s | pag= 99 | files=1221 | data= 44 | cola= 181 | prio=10 | https://www.att.gob.bo/index.php/en/normativa-sector-transporte-terrestre-uolo
[ATT] t=  72.2s | pag=100 | files=1221 | data= 44 | cola= 180 | prio=10 | https://www.att.gob.bo/index.php/en/normativa-registro-atps-uolo
[ATT] t=  72.9s | pag=101 | files=1221 | data= 44 | cola= 179 | prio=10 | https://www.att.gob.bo/index.php/en/normativa-general-urf
[ATT] t=  73.8s | pag=102 | files=1221 | data= 45 | cola= 178 | prio=10 | https://www.att.gob.bo/index.php/en/normativa-sector-transporte-acuatico-urf
[ATT] t=  74.3s | pag=103 | files=1221 | data= 46 | cola= 177 | prio=10 | https://www.att.gob.bo/index.php/en/normativa-sector-transporte-aereo-urf
[ATT] t=  75.0s | pag=104 | files=1221 | data= 47 | cola= 176 | prio=10 | https://www.att.gob.bo/index.php/en/normativa-sector-transporte-ferroviario-urf
[ATT] t=  75.7s | pag=105 | files=1221 | data= 48 | cola= 175 | prio=10 | https://www.att.gob.bo/index.php/en/normativa-sector-transporte-terrestre-urf
[ATT] t=  76.2s | pag=106 | files=1221 | data= 49 | cola= 174 | prio=10 | https://www.att.gob.bo/index.php/en/normativa-sector-tecnologias-de-informacion-y-comunicacion-urf
[ATT] DATASETS=50 | data_html_table | https://www.att.gob.bo/index.php/en/normativa-sector-tecnologias-de-informacion-y-comunicacion-urf
[ATT] t=  77.1s | pag=107 | files=1221 | data= 50 | cola= 173 | prio=10 | https://www.att.gob.bo/regulacion-tecnica-economica
[ATT] t=  78.0s | pag=108 | files=1221 | data= 50 | cola= 174 | prio=10 | https://www.att.gob.bo/en/regulacion-tecnica-economica
[ATT] t=  78.9s | pag=109 | files=1221 | data= 50 | cola= 173 | prio=10 | https://www.att.gob.bo/resoluciones-administrativas-del-sector-archivos
[ATT] t=  79.5s | pag=110 | files=1226 | data= 51 | cola= 172 | prio=10 | https://www.att.gob.bo/regulacion-tecnica-economica-archivos
[ATT] t=  80.2s | pag=111 | files=1228 | data= 52 | cola= 171 | prio=10 | https://www.att.gob.bo/plan-operativo-anual-2026
[ATT] t=  80.6s | pag=112 | files=1228 | data= 52 | cola= 170 | prio=10 | https://www.att.gob.bo/plan-operativo-anual-2025
[ATT] t=  81.0s | pag=113 | files=1232 | data= 53 | cola= 169 | prio=10 | https://www.att.gob.bo/plan-operativo-anual-2024
[ATT] t=  81.5s | pag=114 | files=1240 | data= 54 | cola= 168 | prio=10 | https://www.att.gob.bo/plan-operativo-anual-2023
[ATT] t=  82.2s | pag=115 | files=1246 | data= 55 | cola= 167 | prio=10 | https://www.att.gob.bo/plan-operativo-anual-2022
[ATT] t=  82.9s | pag=116 | files=1254 | data= 56 | cola= 166 | prio=10 | https://www.att.gob.bo/plan-operativo-anual-2021
[ATT] t=  83.7s | pag=117 | files=1261 | data= 57 | cola= 165 | prio=10 | https://www.att.gob.bo/plan-operativo-anual-2020
[ATT] t=  84.2s | pag=118 | files=1267 | data= 58 | cola= 164 | prio=10 | https://www.att.gob.bo/plan-operativo-anual-2018
[ATT] t=  85.3s | pag=119 | files=1268 | data= 58 | cola= 163 | prio=10 | https://www.att.gob.bo/plan-operativo-anual-2017
[ATT] t=  86.1s | pag=120 | files=1274 | data= 59 | cola= 162 | prio=10 | https://www.att.gob.bo/plan-operativo-anual-2016
[ATT] t=  86.8s | pag=121 | files=1279 | data= 60 | cola= 161 | prio=10 | https://www.att.gob.bo/plan-operativo-anual-2015
[ATT] t=  87.2s | pag=122 | files=1286 | data= 61 | cola= 160 | prio=10 | https://www.att.gob.bo/plan-operativo-anual-2014
[ATT] t=  87.8s | pag=123 | files=1293 | data= 62 | cola= 159 | prio=10 | https://www.att.gob.bo/plan-operativo-anual-2013
[ATT] t=  88.4s | pag=124 | files=1330 | data= 63 | cola= 158 | prio=10 | https://www.att.gob.bo/auditoria-gestion-2026-v2
[ATT] t=  89.3s | pag=125 | files=1336 | data= 64 | cola= 157 | prio=10 | https://www.att.gob.bo/auditoria-gestion-2025-v2
[ATT] t=  90.3s | pag=126 | files=1355 | data= 65 | cola= 156 | prio=10 | https://www.att.gob.bo/auditoria-gestion-2024-v2
[ATT] t=  91.2s | pag=127 | files=1372 | data= 66 | cola= 155 | prio=10 | https://www.att.gob.bo/auditoria-gestion-2023-v2
[ATT] t=  92.1s | pag=128 | files=1393 | data= 67 | cola= 154 | prio=10 | https://www.att.gob.bo/auditoria-gestion-2022-v2
[ATT] t=  92.6s | pag=129 | files=1412 | data= 68 | cola= 153 | prio=10 | https://www.att.gob.bo/auditoria-gestion-2021-v2
[ATT] t=  93.7s | pag=130 | files=1421 | data= 69 | cola= 152 | prio=10 | https://www.att.gob.bo/auditoria-gestion-2019-v2
[ATT] t=  94.6s | pag=131 | files=1441 | data= 70 | cola= 151 | prio=10 | https://www.att.gob.bo/auditoria-gestion-2018-v2
[ATT] t=  95.8s | pag=132 | files=1457 | data= 71 | cola= 150 | prio=10 | https://www.att.gob.bo/auditoria-gestion-2017-v2
[ATT] t=  96.3s | pag=133 | files=1470 | data= 72 | cola= 149 | prio=10 | https://www.att.gob.bo/auditoria-gestion-2016-v2
[ATT] t=  97.3s | pag=134 | files=1475 | data= 73 | cola= 148 | prio=10 | https://www.att.gob.bo/auditoria-gestion-2015-v2
[ATT] t=  98.0s | pag=135 | files=1484 | data= 74 | cola= 147 | prio=10 | https://www.att.gob.bo/auditoria-gestion-2014-v2
[ATT] DATASETS=75 | data_html_table | https://www.att.gob.bo/auditoria-gestion-2014-v2
[ATT] t=  98.8s | pag=136 | files=1487 | data= 75 | cola= 146 | prio=10 | https://www.att.gob.bo/rendicion-publica-gestion-2026
[ATT] t=  99.7s | pag=137 | files=1488 | data= 75 | cola= 145 | prio=10 | https://www.att.gob.bo/rendicion-publica-gestion-2025
[ATT] t= 100.4s | pag=138 | files=1491 | data= 76 | cola= 144 | prio=10 | https://www.att.gob.bo/rendicion-publica-gestion-2024
[ATT] t= 101.0s | pag=139 | files=1494 | data= 77 | cola= 143 | prio=10 | https://www.att.gob.bo/rendicion-publica-gestion-2023
[ATT] t= 101.5s | pag=140 | files=1498 | data= 78 | cola= 142 | prio=10 | https://www.att.gob.bo/rendicion-publica-gestion-2022
[ATT] t= 102.6s | pag=141 | files=1503 | data= 79 | cola= 141 | prio=10 | https://www.att.gob.bo/rendicion-publica-gestion-2021
[ATT] t= 103.6s | pag=142 | files=1507 | data= 80 | cola= 140 | prio=10 | https://www.att.gob.bo/rendicion-publica-gestion-2020
[ATT] t= 104.8s | pag=143 | files=1510 | data= 81 | cola= 139 | prio=10 | https://www.att.gob.bo/rendicion-publica-gestion-2019
[ATT] t= 105.4s | pag=144 | files=1511 | data= 81 | cola= 138 | prio=10 | https://www.att.gob.bo/rendicion-publica-gestion-2018
[ATT] t= 106.4s | pag=145 | files=1515 | data= 82 | cola= 137 | prio=10 | https://www.att.gob.bo/rendicion-publica-gestion-2017
[ATT] t= 107.0s | pag=146 | files=1521 | data= 83 | cola= 136 | prio=10 | https://www.att.gob.bo/rendicion-publica-gestion-2016
[ATT] t= 107.8s | pag=147 | files=1524 | data= 84 | cola= 135 | prio=10 | https://www.att.gob.bo/rendicion-publica-gestion-2015
[ATT] t= 108.5s | pag=148 | files=1526 | data= 85 | cola= 134 | prio=10 | https://www.att.gob.bo/normativa-sector-transporte-acuatico-uolo-decretos-supremos
[ATT] t= 109.3s | pag=149 | files=1527 | data= 85 | cola= 133 | prio=10 | https://www.att.gob.bo/normativa-sector-transporte-acuatico-uolo-resoluciones-administrativas
[ATT] t= 109.8s | pag=150 | files=1528 | data= 85 | cola= 132 | prio=10 | https://www.att.gob.bo/normativa-sector-transporte-acuatico-uolo-resoluciones-ministeriales
[ATT] t= 110.3s | pag=151 | files=1529 | data= 85 | cola= 131 | prio=10 | https://www.att.gob.bo/normativa-sector-transporte-aereo-uolo-leyes
[ATT] t= 110.8s | pag=152 | files=1530 | data= 85 | cola= 130 | prio=10 | https://www.att.gob.bo/normativa-sector-transporte-aereo-uolo-decretos-supremos
[ATT] t= 111.3s | pag=153 | files=1532 | data= 86 | cola= 129 | prio=10 | https://www.att.gob.bo/normativa-sector-transporte-aereo-uolo-resoluciones-administrativas
[ATT] t= 112.2s | pag=154 | files=1539 | data= 87 | cola= 128 | prio=10 | https://www.att.gob.bo/normativa-sector-transporte-aereo-uolo-resoluciones-ministeriales
[ATT] t= 112.9s | pag=155 | files=1540 | data= 87 | cola= 127 | prio=10 | https://www.att.gob.bo/normativa-sector-transporte-ferroviario-uolo-decretos-supremos
[ATT] t= 113.5s | pag=156 | files=1542 | data= 88 | cola= 126 | prio=10 | https://www.att.gob.bo/normativa-sector-transporte-ferroviario-uolo-resoluciones-administrativas
[ATT] t= 113.9s | pag=157 | files=1549 | data= 89 | cola= 125 | prio=10 | https://www.att.gob.bo/normativa-sector-transporte-ferroviario-uolo-resoluciones-ministeriales
[ATT] t= 114.6s | pag=158 | files=1550 | data= 89 | cola= 124 | prio=10 | https://www.att.gob.bo/normativa-sector-transporte-terrestre-uolo-decretos-supremos
[ATT] t= 115.4s | pag=159 | files=1553 | data= 90 | cola= 123 | prio=10 | https://www.att.gob.bo/normativa-sector-transporte-terrestre-uolo-resoluciones-administrativas
[ATT] t= 116.3s | pag=160 | files=1556 | data= 91 | cola= 122 | prio=10 | https://www.att.gob.bo/normativa-sector-transporte-terrestre-uolo-resoluciones-ministeriales
[ATT] t= 117.1s | pag=161 | files=1558 | data= 92 | cola= 121 | prio=10 | https://www.att.gob.bo/normativa-registro-atps-uolo-decretos-supremos
[ATT] t= 117.9s | pag=162 | files=1559 | data= 92 | cola= 120 | prio=10 | https://www.att.gob.bo/normativa-registro-atps-uolo-resoluciones-administrativas
[ATT] t= 118.5s | pag=163 | files=1561 | data= 93 | cola= 119 | prio=50 | https://www.att.gob.bo/en
[ATT] t= 118.9s | pag=164 | files=1561 | data= 93 | cola= 118 | prio=50 | https://www.att.gob.bo/en/edictos
[ATT] t= 119.4s | pag=165 | files=1561 | data= 93 | cola= 117 | prio=50 | https://www.att.gob.bo/en/banco-de-trabajos-de-investigacion
[ATT] t= 119.9s | pag=166 | files=1561 | data= 93 | cola= 116 | prio=50 | https://www.att.gob.bo/en/campanas
[ATT] t= 120.7s | pag=167 | files=1561 | data= 93 | cola= 125 | prio= 2 | https://www.att.gob.bo/campana-transporte
[ATT] t= 121.5s | pag=168 | files=1561 | data= 93 | cola= 124 | prio=50 | https://www.att.gob.bo/en/videoteca
[ATT] t= 122.3s | pag=169 | files=1561 | data= 93 | cola= 135 | prio=40 | https://www.att.gob.bo/en/videoteca?page=0
[ATT] t= 123.0s | pag=170 | files=1561 | data= 93 | cola= 134 | prio=40 | https://www.att.gob.bo/en/videoteca?page=1
[ATT] t= 123.5s | pag=171 | files=1561 | data= 93 | cola= 135 | prio=40 | https://www.att.gob.bo/en/videoteca?page=2
[ATT] t= 124.2s | pag=172 | files=1561 | data= 93 | cola= 136 | prio=40 | https://www.att.gob.bo/en/videoteca?page=3
[ATT] t= 124.9s | pag=173 | files=1561 | data= 93 | cola= 137 | prio=40 | https://www.att.gob.bo/en/videoteca?page=4
[ATT] t= 125.6s | pag=174 | files=1561 | data= 93 | cola= 138 | prio=40 | https://www.att.gob.bo/en/videoteca?page=5
[ATT] t= 126.4s | pag=175 | files=1561 | data= 93 | cola= 140 | prio=40 | https://www.att.gob.bo/en/videoteca?page=6
[ATT] t= 127.5s | pag=176 | files=1561 | data= 93 | cola= 142 | prio=40 | https://www.att.gob.bo/en/videoteca?page=7
[ATT] t= 128.4s | pag=177 | files=1561 | data= 93 | cola= 144 | prio=40 | https://www.att.gob.bo/en/videoteca?page=8
[ATT] t= 129.5s | pag=178 | files=1561 | data= 93 | cola= 146 | prio= 2 | https://www.att.gob.bo/en/node/873
[ATT] t= 130.5s | pag=179 | files=1561 | data= 93 | cola= 145 | prio=40 | https://www.att.gob.bo/en/videoteca?page=23
[ATT] t= 131.4s | pag=180 | files=1561 | data= 93 | cola= 154 | prio=40 | https://www.att.gob.bo/en/videoteca?page=9
[ATT] t= 132.0s | pag=181 | files=1561 | data= 93 | cola= 156 | prio=40 | https://www.att.gob.bo/en/videoteca?page=10
[ATT] t= 133.0s | pag=182 | files=1561 | data= 93 | cola= 158 | prio=40 | https://www.att.gob.bo/en/videoteca?page=11
[ATT] t= 133.9s | pag=183 | files=1561 | data= 93 | cola= 159 | prio=40 | https://www.att.gob.bo/en/videoteca?page=12
[ATT] t= 134.3s | pag=184 | files=1561 | data= 93 | cola= 160 | prio=40 | https://www.att.gob.bo/en/videoteca?page=22
[ATT] t= 134.9s | pag=185 | files=1561 | data= 93 | cola= 161 | prio=40 | https://www.att.gob.bo/en/videoteca?page=15
[ATT] t= 135.6s | pag=186 | files=1561 | data= 93 | cola= 162 | prio=40 | https://www.att.gob.bo/en/videoteca?page=16
[ATT] t= 136.8s | pag=187 | files=1561 | data= 93 | cola= 163 | prio=40 | https://www.att.gob.bo/en/videoteca?page=17
[ATT] t= 137.4s | pag=188 | files=1561 | data= 93 | cola= 164 | prio=40 | https://www.att.gob.bo/en/videoteca?page=18
[ATT] t= 138.1s | pag=189 | files=1561 | data= 93 | cola= 165 | prio=40 | https://www.att.gob.bo/en/videoteca?page=19
[ATT] t= 139.2s | pag=190 | files=1561 | data= 93 | cola= 166 | prio=40 | https://www.att.gob.bo/en/videoteca?page=20
[ATT] t= 139.8s | pag=191 | files=1561 | data= 93 | cola= 167 | prio= 2 | https://www.att.gob.bo/en/node/850
[ATT] t= 140.6s | pag=192 | files=1561 | data= 93 | cola= 166 | prio=40 | https://www.att.gob.bo/en/videoteca?page=21
[ATT] t= 141.1s | pag=193 | files=1561 | data= 93 | cola= 167 | prio=40 | https://www.att.gob.bo/en/videoteca?page=13
[ATT] t= 142.1s | pag=194 | files=1561 | data= 93 | cola= 168 | prio= 2 | https://www.att.gob.bo/en/node/864
[ATT] t= 143.0s | pag=195 | files=1561 | data= 93 | cola= 167 | prio= 2 | https://www.att.gob.bo/en/node/863
[ATT] t= 144.0s | pag=196 | files=1561 | data= 93 | cola= 166 | prio=40 | https://www.att.gob.bo/en/videoteca?page=14
[ATT] t= 145.0s | pag=197 | files=1561 | data= 93 | cola= 167 | prio= 2 | https://www.att.gob.bo/en/node/861
[ATT] t= 146.0s | pag=198 | files=1561 | data= 93 | cola= 166 | prio=50 | https://www.att.gob.bo/en/reglamento
[ATT] t= 146.8s | pag=199 | files=1596 | data= 94 | cola= 165 | prio=50 | https://www.att.gob.bo/en/formularios
[ATT] t= 147.5s | pag=200 | files=1630 | data= 95 | cola= 164 | prio=50 | https://www.att.gob.bo/en/organigrama
[ATT] t= 147.9s | pag=201 | files=1630 | data= 95 | cola= 163 | prio=50 | https://www.att.gob.bo/en/nomina-de-personal-dependiente
[ATT] t= 148.8s | pag=202 | files=1631 | data= 95 | cola= 162 | prio=50 | https://www.att.gob.bo/en/escala-salarial
[ATT] t= 149.4s | pag=203 | files=1632 | data= 95 | cola= 161 | prio=50 | https://www.att.gob.bo/en/manual-de-funciones
[ATT] t= 150.1s | pag=204 | files=1633 | data= 95 | cola= 160 | prio=50 | https://www.att.gob.bo/en/programa-anual-de-operaciones
[ATT] t= 150.6s | pag=205 | files=1644 | data= 96 | cola= 159 | prio=50 | https://www.att.gob.bo/en/convocatorias-publicas
[ATT] t= 151.2s | pag=206 | files=1644 | data= 96 | cola= 169 | prio=50 | https://www.att.gob.bo/en/empresas-con-incumplimiento-de-contrato
[ATT] t= 151.7s | pag=207 | files=1660 | data= 97 | cola= 168 | prio=50 | https://www.att.gob.bo/en/nomina-de-proveedores-0
[ATT] t= 152.6s | pag=208 | files=1682 | data= 98 | cola= 167 | prio=50 | https://www.att.gob.bo/en/programa-anual-de-contrataciones
[ATT] t= 153.4s | pag=209 | files=1682 | data= 98 | cola= 174 | prio=10 | https://www.att.gob.bo/pac-2026
[ATT] t= 154.2s | pag=210 | files=1697 | data= 99 | cola= 173 | prio=10 | https://www.att.gob.bo/pac-2025
[ATT] t= 155.7s | pag=211 | files=1698 | data= 99 | cola= 172 | prio=10 | https://www.att.gob.bo/pac-2024
[ATT] t= 156.3s | pag=212 | files=1699 | data= 99 | cola= 171 | prio=10 | https://www.att.gob.bo/pac-2023
[ATT] t= 157.1s | pag=213 | files=1700 | data= 99 | cola= 170 | prio=10 | https://www.att.gob.bo/pac-2022
[ATT] t= 157.8s | pag=214 | files=1701 | data= 99 | cola= 169 | prio=10 | https://www.att.gob.bo/pac-2021
[ATT] t= 158.2s | pag=215 | files=1702 | data= 99 | cola= 168 | prio=10 | https://www.att.gob.bo/pac-2020
[ATT] DATASETS=100 | data_html_table | https://www.att.gob.bo/pac-2020
[ATT] t= 158.8s | pag=216 | files=1717 | data=100 | cola= 167 | prio=10 | https://www.att.gob.bo/pac-2019
[ATT] t= 159.3s | pag=217 | files=1717 | data=100 | cola= 166 | prio=50 | https://www.att.gob.bo/en/resolucion-administrativa-regulatoria-att-dj-rar-tl-lp-4272026
[ATT] t= 159.9s | pag=218 | files=1718 | data=100 | cola= 165 | prio=50 | https://www.att.gob.bo/en/resolucion-ministerial-ndeg105
[ATT] t= 160.6s | pag=219 | files=1719 | data=100 | cola= 164 | prio=50 | https://www.att.gob.bo/en/resolucion-administrativa-regulatoria-att-dj-rar-tl-lp-4132026
[ATT] t= 161.4s | pag=220 | files=1720 | data=100 | cola= 163 | prio=50 | https://www.att.gob.bo/en/resolucion-administrativa-regulatoria-att-dj-rar-tl-lp-3782026
[ATT] t= 161.8s | pag=221 | files=1721 | data=100 | cola= 162 | prio=50 | https://www.att.gob.bo/en/resolucion-revocatoria-att-dj-ra-re-tl-lp-572026
[ATT] t= 162.5s | pag=222 | files=1722 | data=100 | cola= 161 | prio=50 | https://www.att.gob.bo/en/resolucion-administrativa-regulatoria-att-dj-rar-tl-lp-3742026
[ATT] t= 163.4s | pag=223 | files=1723 | data=100 | cola= 160 | prio=50 | https://www.att.gob.bo/en/presentacion-de-documentacion-para-la-validacion-de-tfr-gestion-2026
[ATT] t= 164.3s | pag=224 | files=1723 | data=100 | cola= 159 | prio=50 | https://www.att.gob.bo/en/resolucion-sancionatoria-att-dj-ra-s-pt-lp-12026
[ATT] t= 165.1s | pag=225 | files=1724 | data=100 | cola= 158 | prio=50 | https://www.att.gob.bo/en/resolucion-administrativa-regulatoria-att-dj-rar-tl-lp-2882026
[ATT] t= 165.9s | pag=226 | files=1725 | data=101 | cola= 157 | prio=50 | https://www.att.gob.bo/en/habilitacion-formulario-prontis
[ATT] t= 166.4s | pag=227 | files=1725 | data=101 | cola= 156 | prio=50 | https://www.att.gob.bo/en/att-fortalece-el-trabajo-conjunto-con-instituciones-de-tarija-en-beneficio-de-los-usuarios
[ATT] t= 166.9s | pag=228 | files=1725 | data=101 | cola= 155 | prio=50 | https://www.att.gob.bo/mapa-del-sitio
[ATT] t= 167.6s | pag=229 | files=1725 | data=101 | cola= 214 | prio= 2 | https://www.att.gob.bo/drupal/servicio-postal-legal
[ATT] t= 168.4s | pag=229 | files=1725 | data=101 | cola= 213 | prio= 2 | https://www.att.gob.bo/drupal/telecomicaciones-legal
[ATT] t= 169.7s | pag=229 | files=1725 | data=101 | cola= 212 | prio= 2 | https://www.att.gob.bo/drupal/telecomunicaciones
[ATT] t= 170.6s | pag=229 | files=1725 | data=101 | cola= 211 | prio= 2 | https://www.att.gob.bo/drupal/transportes-0
[ATT] t= 171.8s | pag=229 | files=1725 | data=101 | cola= 210 | prio= 2 | https://www.att.gob.bo/drupal/ficha-de-procesos-de-telecomunicaciones
[ATT] t= 173.1s | pag=229 | files=1725 | data=101 | cola= 209 | prio= 2 | https://www.att.gob.bo/drupal/ficha-de-procesos-de-transportes
[ATT] t= 174.5s | pag=229 | files=1725 | data=101 | cola= 208 | prio= 2 | https://www.att.gob.bo/drupal/sector-postal
[ATT] t= 175.9s | pag=229 | files=1725 | data=101 | cola= 207 | prio= 2 | https://www.att.gob.bo/drupal/sector-telecomunicaciones
[ATT] t= 177.1s | pag=229 | files=1725 | data=101 | cola= 206 | prio= 2 | https://www.att.gob.bo/drupal/sector-transportes
[ATT] t= 178.4s | pag=229 | files=1725 | data=101 | cola= 205 | prio=10 | https://www.att.gob.bo/drupal/memoria-institucional
[ATT] t= 179.4s | pag=229 | files=1725 | data=101 | cola= 204 | prio=10 | https://www.att.gob.bo/drupal/informes-de-auditoria
[ATT] t= 180.8s | pag=229 | files=1725 | data=101 | cola= 203 | prio=10 | https://www.att.gob.bo/drupal/fuentes-de-financiamiento
[ATT] t= 182.1s | pag=229 | files=1725 | data=101 | cola= 202 | prio=10 | https://www.att.gob.bo/drupal/presupuesto-institucional
[ATT] t= 183.4s | pag=229 | files=1725 | data=101 | cola= 201 | prio=10 | https://www.att.gob.bo/drupal/planificacion-estrategica
[ATT] t= 184.8s | pag=229 | files=1725 | data=101 | cola= 200 | prio=10 | https://www.att.gob.bo/drupal/rendicion-publica-de-cuentas
[ATT] t= 186.2s | pag=229 | files=1725 | data=101 | cola= 199 | prio=50 | https://www.att.gob.bo/busqueda-sitio
[ATT] t= 187.0s | pag=230 | files=1725 | data=101 | cola= 198 | prio=50 | https://www.att.gob.bo/index.php/en
[ATT] t= 187.6s | pag=231 | files=1725 | data=101 | cola= 219 | prio= 2 | https://www.att.gob.bo/index.php/en/33-operadores-postales-cuentan-con-licencia-vigente-en-bolivia
[ATT] t= 188.6s | pag=232 | files=1725 | data=101 | cola= 219 | prio=40 | https://www.att.gob.bo/index.php/en?page=0
[ATT] t= 189.4s | pag=233 | files=1725 | data=101 | cola= 218 | prio=40 | https://www.att.gob.bo/index.php/en?page=1
[ATT] t= 190.2s | pag=234 | files=1725 | data=101 | cola= 219 | prio= 2 | https://www.att.gob.bo/index.php/en/la-att-canalizo-mas-de-500-reclamos-del-servicio-postal-durante-el-primer-semestre-de-2026
[ATT] t= 191.3s | pag=235 | files=1725 | data=101 | cola= 218 | prio= 2 | https://www.att.gob.bo/index.php/en/att-y-la-gobernacion-del-beni-fortalecen-coordinacion-para-mejorar-los-servicios-de-transporte-y
[ATT] t= 192.3s | pag=236 | files=1725 | data=101 | cola= 217 | prio=40 | https://www.att.gob.bo/index.php/en?page=2
[ATT] t= 193.3s | pag=237 | files=1725 | data=101 | cola= 218 | prio= 2 | https://www.att.gob.bo/index.php/en/att-fortalece-la-fiscalizacion-de-la-atencion-al-usuario-en-operadores-de-telecomunicaciones-de
[ATT] t= 194.1s | pag=238 | files=1725 | data=101 | cola= 217 | prio=40 | https://www.att.gob.bo/index.php/en?page=3
[ATT] t= 195.1s | pag=239 | files=1725 | data=101 | cola= 218 | prio=40 | https://www.att.gob.bo/index.php/en?page=4
[ATT] t= 195.9s | pag=240 | files=1725 | data=101 | cola= 219 | prio=40 | https://www.att.gob.bo/index.php/en?page=5
[ATT] t= 196.5s | pag=241 | files=1725 | data=101 | cola= 221 | prio=40 | https://www.att.gob.bo/index.php/en?page=6
[ATT] t= 197.3s | pag=242 | files=1725 | data=101 | cola= 223 | prio= 2 | https://www.att.gob.bo/index.php/en/att-destaca-el-rol-estrategico-de-las-telecomunicaciones-en-la-transformacion-digital-del-pais
[ATT] t= 198.2s | pag=243 | files=1725 | data=101 | cola= 222 | prio=10 | https://www.att.gob.bo/index.php/en/att-presenta-su-rendicion-publica-de-cuentas-inicial-2026-con-enfoque-en-transparencia-y
[ATT] t= 199.3s | pag=244 | files=1725 | data=101 | cola= 221 | prio=40 | https://www.att.gob.bo/index.php/en?page=7
[ATT] t= 200.2s | pag=245 | files=1725 | data=101 | cola= 223 | prio= 2 | https://www.att.gob.bo/index.php/en/att-consigue-apoyo-internacional-para-la-reestructuracion-y-modernizacion-del-servicio-postal-en
[ATT] t= 201.2s | pag=246 | files=1725 | data=101 | cola= 222 | prio=40 | https://www.att.gob.bo/index.php/en?page=8
[ATT] t= 202.1s | pag=247 | files=1725 | data=101 | cola= 224 | prio=10 | https://www.att.gob.bo/index.php/en/att-presenta-su-rendicion-publica-de-cuentas-final-2025-destacando-transparencia-desafios-y
[ATT] t= 202.8s | pag=248 | files=1725 | data=101 | cola= 223 | prio=40 | https://www.att.gob.bo/index.php/en?page=9
[ATT] t= 203.4s | pag=249 | files=1725 | data=101 | cola= 225 | prio=40 | https://www.att.gob.bo/index.php/en?page=10
[ATT] t= 204.0s | pag=250 | files=1725 | data=101 | cola= 227 | prio=10 | https://www.att.gob.bo/index.php/en/la-att-posiciona-bolivia-en-la-agenda-global-de-conectividad-y-regulacion-digital
[ATT] t= 204.8s | pag=251 | files=1725 | data=101 | cola= 226 | prio=40 | https://www.att.gob.bo/index.php/en?page=11
[ATT] t= 205.5s | pag=252 | files=1725 | data=101 | cola= 228 | prio=40 | https://www.att.gob.bo/index.php/en?page=12
[ATT] t= 205.9s | pag=253 | files=1725 | data=101 | cola= 230 | prio=40 | https://www.att.gob.bo/index.php/en?page=13
[ATT] t= 206.7s | pag=254 | files=1725 | data=101 | cola= 232 | prio=10 | https://www.att.gob.bo/index.php/en/att-consolida-avances-clave-en-regulacion-fiscalizacion-conectividad-y-proteccion-al-usuario
[ATT] t= 207.8s | pag=255 | files=1725 | data=101 | cola= 231 | prio=40 | https://www.att.gob.bo/index.php/en?page=14
[ATT] t= 208.5s | pag=256 | files=1725 | data=101 | cola= 233 | prio=40 | https://www.att.gob.bo/index.php/en?page=15
[ATT] t= 209.2s | pag=257 | files=1725 | data=101 | cola= 235 | prio=40 | https://www.att.gob.bo/index.php/en?page=16
[ATT] t= 210.0s | pag=258 | files=1725 | data=101 | cola= 237 | prio=40 | https://www.att.gob.bo/index.php/en?page=17
[ATT] t= 210.8s | pag=259 | files=1725 | data=101 | cola= 239 | prio=40 | https://www.att.gob.bo/index.php/en?page=18
[ATT] t= 211.5s | pag=260 | files=1725 | data=101 | cola= 241 | prio=40 | https://www.att.gob.bo/index.php/en?page=19
[ATT] t= 212.2s | pag=261 | files=1725 | data=101 | cola= 243 | prio=40 | https://www.att.gob.bo/index.php/en?page=20
[ATT] t= 212.9s | pag=262 | files=1725 | data=101 | cola= 245 | prio=40 | https://www.att.gob.bo/index.php/en?page=21
[ATT] t= 213.8s | pag=263 | files=1725 | data=101 | cola= 247 | prio=40 | https://www.att.gob.bo/index.php/en?page=22
[ATT] t= 214.3s | pag=264 | files=1725 | data=101 | cola= 249 | prio=10 | https://www.att.gob.bo/index.php/en/la-att-y-la-internet-society-firman-alianza-estrategica-para-fortalecer-la-regulacion-y-el-acceso
[ATT] t= 215.3s | pag=265 | files=1725 | data=101 | cola= 248 | prio=40 | https://www.att.gob.bo/index.php/en?page=23
[ATT] t= 215.9s | pag=266 | files=1725 | data=101 | cola= 250 | prio=10 | https://www.att.gob.bo/index.php/en/att-reafirma-su-compromiso-con-la-transparencia-en-la-rendicion-publica-de-cuentas-inicial-2025
[ATT] t= 216.5s | pag=267 | files=1725 | data=101 | cola= 249 | prio=40 | https://www.att.gob.bo/index.php/en?page=24
[ATT] t= 217.3s | pag=268 | files=1725 | data=101 | cola= 251 | prio=40 | https://www.att.gob.bo/index.php/en?page=25
[ATT] t= 218.0s | pag=269 | files=1725 | data=101 | cola= 253 | prio=40 | https://www.att.gob.bo/index.php/en?page=26
[ATT] t= 218.8s | pag=270 | files=1725 | data=101 | cola= 255 | prio=40 | https://www.att.gob.bo/index.php/en?page=27
[ATT] t= 219.8s | pag=271 | files=1725 | data=101 | cola= 257 | prio=40 | https://www.att.gob.bo/index.php/en?page=28
[ATT] t= 220.3s | pag=272 | files=1725 | data=101 | cola= 259 | prio=40 | https://www.att.gob.bo/index.php/en?page=29
[ATT] t= 220.9s | pag=273 | files=1725 | data=101 | cola= 261 | prio=40 | https://www.att.gob.bo/index.php/en?page=30
[ATT] t= 221.8s | pag=274 | files=1725 | data=101 | cola= 263 | prio=40 | https://www.att.gob.bo/index.php/en?page=31
[ATT] t= 222.6s | pag=275 | files=1725 | data=101 | cola= 265 | prio=40 | https://www.att.gob.bo/index.php/en?page=32
[ATT] t= 223.4s | pag=276 | files=1725 | data=101 | cola= 267 | prio=40 | https://www.att.gob.bo/index.php/en?page=33
[ATT] t= 224.3s | pag=277 | files=1725 | data=101 | cola= 269 | prio=40 | https://www.att.gob.bo/index.php/en?page=34
[ATT] t= 225.2s | pag=278 | files=1725 | data=101 | cola= 271 | prio=40 | https://www.att.gob.bo/index.php/en?page=35
[ATT] t= 225.6s | pag=279 | files=1725 | data=101 | cola= 273 | prio=40 | https://www.att.gob.bo/index.php/en?page=36
[ATT] t= 226.5s | pag=280 | files=1725 | data=101 | cola= 275 | prio=40 | https://www.att.gob.bo/index.php/en?page=37
[ATT] t= 227.1s | pag=281 | files=1725 | data=101 | cola= 277 | prio=40 | https://www.att.gob.bo/index.php/en?page=38
[ATT] t= 227.7s | pag=282 | files=1725 | data=101 | cola= 279 | prio=40 | https://www.att.gob.bo/index.php/en?page=39
[ATT] t= 228.5s | pag=283 | files=1725 | data=101 | cola= 281 | prio=10 | https://www.att.gob.bo/index.php/en/att-encabezara-un-plan-operativo-interinstitucional-para-evitar-ilegalidades-en-parada-al-norte-de
[ATT] t= 229.2s | pag=284 | files=1725 | data=101 | cola= 280 | prio=40 | https://www.att.gob.bo/index.php/en?page=40
[ATT] t= 230.0s | pag=285 | files=1725 | data=101 | cola= 282 | prio=40 | https://www.att.gob.bo/index.php/en?page=41
[ATT] t= 230.9s | pag=286 | files=1725 | data=101 | cola= 284 | prio=40 | https://www.att.gob.bo/index.php/en?page=42
[ATT] t= 231.5s | pag=287 | files=1725 | data=101 | cola= 286 | prio=40 | https://www.att.gob.bo/index.php/en?page=43
[ATT] t= 232.3s | pag=288 | files=1725 | data=101 | cola= 288 | prio=40 | https://www.att.gob.bo/index.php/en?page=44
[ATT] t= 232.7s | pag=289 | files=1725 | data=101 | cola= 290 | prio= 2 | https://www.att.gob.bo/index.php/en/att-inicia-acciones-penales-contra-quienes-danan-redes-de-telecomunicaciones
[ATT] t= 233.4s | pag=290 | files=1725 | data=101 | cola= 289 | prio=40 | https://www.att.gob.bo/index.php/en?page=45
[ATT] t= 234.1s | pag=291 | files=1725 | data=101 | cola= 291 | prio=40 | https://www.att.gob.bo/index.php/en?page=46
[ATT] t= 234.5s | pag=292 | files=1725 | data=101 | cola= 293 | prio= 2 | https://www.att.gob.bo/index.php/en/att-garantiza-acceso-telecomunicaciones-y-transporte-menor-costo-para-personas-con-discapacidad
[ATT] t= 235.5s | pag=293 | files=1725 | data=101 | cola= 292 | prio=40 | https://www.att.gob.bo/index.php/en?page=47
[ATT] t= 236.5s | pag=294 | files=1725 | data=101 | cola= 294 | prio=40 | https://www.att.gob.bo/index.php/en?page=48
[ATT] t= 237.4s | pag=295 | files=1725 | data=101 | cola= 296 | prio=40 | https://www.att.gob.bo/index.php/en?page=49
[ATT] t= 237.9s | pag=296 | files=1725 | data=101 | cola= 298 | prio=40 | https://www.att.gob.bo/index.php/en?page=50
[ATT] t= 238.7s | pag=297 | files=1725 | data=101 | cola= 300 | prio=10 | https://www.att.gob.bo/index.php/en/la-att-garantiza-la-seguridad-de-los-pasajeros-y-alerta-sobre-una-afectacion-economica-de-mas-bs-2
[ATT] t= 239.5s | pag=298 | files=1725 | data=101 | cola= 299 | prio=40 | https://www.att.gob.bo/index.php/en?page=51
[ATT] t= 240.5s | pag=299 | files=1725 | data=101 | cola= 301 | prio= 2 | https://www.att.gob.bo/index.php/en/la-att-lanza-proyecto-para-especializar-jovenes-universitarios-del-pais-en-los-sectores-de
[ATT] t= 240.9s | pag=300 | files=1725 | data=101 | cola= 300 | prio=40 | https://www.att.gob.bo/index.php/en?page=52
[ATT] t= 241.9s | pag=301 | files=1725 | data=101 | cola= 302 | prio=40 | https://www.att.gob.bo/index.php/en?page=53
[ATT] t= 242.6s | pag=302 | files=1725 | data=101 | cola= 304 | prio= 2 | https://www.att.gob.bo/index.php/en/att-bolivia-moderniza-su-servicio-postal-con-el-lanzamiento-de-la-plataforma-ubica-tu-envio
[ATT] t= 243.6s | pag=303 | files=1725 | data=101 | cola= 303 | prio=40 | https://www.att.gob.bo/index.php/en?page=54
[ATT] t= 244.3s | pag=304 | files=1725 | data=101 | cola= 305 | prio=40 | https://www.att.gob.bo/index.php/en?page=55
[ATT] t= 245.3s | pag=305 | files=1725 | data=101 | cola= 307 | prio=10 | https://www.att.gob.bo/index.php/en/la-att-reporta-normalidad-en-las-salidas-de-buses-nivel-nacional-y-controla-las-tarifas-de-los
[ATT] t= 246.0s | pag=306 | files=1725 | data=101 | cola= 306 | prio=40 | https://www.att.gob.bo/index.php/en?page=56
[ATT] t= 246.7s | pag=307 | files=1725 | data=101 | cola= 308 | prio=40 | https://www.att.gob.bo/index.php/en?page=57
[ATT] t= 247.6s | pag=308 | files=1725 | data=101 | cola= 310 | prio=40 | https://www.att.gob.bo/index.php/en?page=58
[ATT] t= 248.2s | pag=309 | files=1725 | data=101 | cola= 312 | prio=40 | https://www.att.gob.bo/index.php/en?page=59
[ATT] t= 248.8s | pag=310 | files=1725 | data=101 | cola= 314 | prio=40 | https://www.att.gob.bo/index.php/en?page=60
[ATT] t= 249.5s | pag=311 | files=1725 | data=101 | cola= 316 | prio=40 | https://www.att.gob.bo/index.php/en?page=61
[ATT] t= 250.1s | pag=312 | files=1725 | data=101 | cola= 318 | prio=40 | https://www.att.gob.bo/index.php/en?page=62
[ATT] t= 251.0s | pag=313 | files=1725 | data=101 | cola= 320 | prio=40 | https://www.att.gob.bo/index.php/en?page=63
[ATT] t= 251.7s | pag=314 | files=1725 | data=101 | cola= 322 | prio=40 | https://www.att.gob.bo/index.php/en?page=64
[ATT] t= 252.4s | pag=315 | files=1725 | data=101 | cola= 324 | prio= 2 | https://www.att.gob.bo/index.php/en/exito-rotundo-en-el-2do-foro-internacional-de-telecomunicaciones-y-tic-conectividad-para-la
[ATT] t= 253.1s | pag=316 | files=1725 | data=101 | cola= 323 | prio=10 | https://www.att.gob.bo/index.php/en/bolivia-sera-la-sede-de-la-historica-cumbre-regulatel-berec-2024
[ATT] t= 253.9s | pag=317 | files=1725 | data=101 | cola= 322 | prio=40 | https://www.att.gob.bo/index.php/en?page=65
[ATT] t= 254.6s | pag=318 | files=1725 | data=101 | cola= 324 | prio= 2 | https://www.att.gob.bo/index.php/en/la-att-anuncia-el-2do-foro-internacional-de-telecomunicaciones-y-tic-conectividad-para-la
[ATT] t= 255.3s | pag=319 | files=1725 | data=101 | cola= 323 | prio=40 | https://www.att.gob.bo/index.php/en?page=66
[ATT] t= 256.3s | pag=320 | files=1725 | data=101 | cola= 325 | prio=40 | https://www.att.gob.bo/index.php/en?page=67
[ATT] t= 256.9s | pag=321 | files=1725 | data=101 | cola= 327 | prio=40 | https://www.att.gob.bo/index.php/en?page=68
[ATT] t= 257.5s | pag=322 | files=1725 | data=101 | cola= 329 | prio= 2 | https://www.att.gob.bo/index.php/en/la-att-impulsa-mejoras-en-servicios-de-telecomunicaciones-en-sucre-y-supervisa-operadores-para
[ATT] t= 258.3s | pag=323 | files=1725 | data=101 | cola= 328 | prio= 2 | https://www.att.gob.bo/index.php/en/la-att-insta-las-personas-con-discapacidad-beneficiarse-de-las-tarifas-solidarias-en
[ATT] t= 259.1s | pag=324 | files=1725 | data=101 | cola= 327 | prio=40 | https://www.att.gob.bo/index.php/en?page=69
[ATT] t= 260.2s | pag=325 | files=1725 | data=101 | cola= 329 | prio=40 | https://www.att.gob.bo/index.php/en?page=70
[ATT] t= 260.8s | pag=326 | files=1725 | data=101 | cola= 331 | prio= 2 | https://www.att.gob.bo/index.php/en/la-att-premia-jovenes-innovadores-en-el-dia-mundial-de-las-telecomunicaciones-aplicaciones-para
[ATT] t= 261.9s | pag=327 | files=1725 | data=101 | cola= 330 | prio= 2 | https://www.att.gob.bo/index.php/en/jornada-intensa-por-la-celebracion-del-dia-de-las-telecomunicaciones-la-att-promueve-la-innovacion
[ATT] t= 262.8s | pag=328 | files=1725 | data=101 | cola= 329 | prio=40 | https://www.att.gob.bo/index.php/en?page=71
[ATT] t= 263.3s | pag=329 | files=1725 | data=101 | cola= 331 | prio=40 | https://www.att.gob.bo/index.php/en?page=72
[ATT] t= 264.3s | pag=330 | files=1725 | data=101 | cola= 333 | prio= 2 | https://www.att.gob.bo/index.php/en/la-att-verifica-la-prestacion-legal-del-servicio-postal-en-el-pais
[ATT] t= 265.3s | pag=331 | files=1725 | data=101 | cola= 332 | prio=40 | https://www.att.gob.bo/index.php/en?page=73
[ATT] t= 266.1s | pag=332 | files=1725 | data=101 | cola= 334 | prio= 2 | https://www.att.gob.bo/index.php/en/la-att-refuerza-medidas-de-fiscalizacion-para-garantizar-calidad-y-seguridad-en-servicios-de
[ATT] t= 266.5s | pag=333 | files=1725 | data=101 | cola= 333 | prio=40 | https://www.att.gob.bo/index.php/en?page=74
[ATT] t= 267.3s | pag=334 | files=1725 | data=101 | cola= 335 | prio=40 | https://www.att.gob.bo/index.php/en?page=75
[ATT] t= 268.1s | pag=335 | files=1725 | data=101 | cola= 337 | prio=10 | https://www.att.gob.bo/index.php/en/la-att-sanciona-la-flota-andino-tras-el-incidente-en-la-ruta-oruro-la-paz-y-advierte-los-operadores
[ATT] t= 268.8s | pag=336 | files=1725 | data=101 | cola= 336 | prio=40 | https://www.att.gob.bo/index.php/en?page=76
[ATT] t= 269.5s | pag=337 | files=1725 | data=101 | cola= 338 | prio=40 | https://www.att.gob.bo/index.php/en?page=77
[ATT] t= 270.1s | pag=338 | files=1725 | data=101 | cola= 337 | prio=40 | https://www.att.gob.bo/index.php/en?page=78
[ATT] t= 270.9s | pag=339 | files=1725 | data=101 | cola= 336 | prio=40 | https://www.att.gob.bo/index.php/en?page=79
[ATT] t= 271.4s | pag=340 | files=1725 | data=101 | cola= 335 | prio=40 | https://www.att.gob.bo/index.php/en?page=80
[ATT] t= 272.0s | pag=341 | files=1725 | data=101 | cola= 334 | prio=50 | https://www.att.gob.bo/index.php/en/edictos
[ATT] t= 272.8s | pag=342 | files=1725 | data=101 | cola= 333 | prio=50 | https://www.att.gob.bo/index.php/en/banco-de-trabajos-de-investigacion
[ATT] t= 273.5s | pag=343 | files=1725 | data=101 | cola= 332 | prio=50 | https://www.att.gob.bo/index.php/en/campanas
[ATT] t= 274.0s | pag=344 | files=1725 | data=101 | cola= 331 | prio=50 | https://www.att.gob.bo/index.php/en/videoteca
[ATT] t= 274.7s | pag=345 | files=1725 | data=101 | cola= 340 | prio=40 | https://www.att.gob.bo/index.php/en/videoteca?page=0
[ATT] t= 275.4s | pag=346 | files=1725 | data=101 | cola= 341 | prio=40 | https://www.att.gob.bo/index.php/en/videoteca?page=1
[ATT] t= 276.2s | pag=347 | files=1725 | data=101 | cola= 342 | prio=40 | https://www.att.gob.bo/index.php/en/videoteca?page=2
[ATT] t= 277.2s | pag=348 | files=1725 | data=101 | cola= 343 | prio=40 | https://www.att.gob.bo/index.php/en/videoteca?page=3
[ATT] t= 277.8s | pag=349 | files=1725 | data=101 | cola= 342 | prio=40 | https://www.att.gob.bo/index.php/en/videoteca?page=4
[ATT] t= 278.3s | pag=350 | files=1725 | data=101 | cola= 341 | prio=40 | https://www.att.gob.bo/index.php/en/videoteca?page=5
[ATT] t= 279.0s | pag=351 | files=1725 | data=101 | cola= 341 | prio=40 | https://www.att.gob.bo/index.php/en/videoteca?page=6
[ATT] t= 280.2s | pag=352 | files=1725 | data=101 | cola= 341 | prio=40 | https://www.att.gob.bo/index.php/en/videoteca?page=7
[ATT] t= 280.7s | pag=353 | files=1725 | data=101 | cola= 343 | prio=40 | https://www.att.gob.bo/index.php/en/videoteca?page=8
[ATT] t= 281.9s | pag=354 | files=1725 | data=101 | cola= 343 | prio=40 | https://www.att.gob.bo/index.php/en/videoteca?page=23
[ATT] t= 283.0s | pag=355 | files=1725 | data=101 | cola= 352 | prio=40 | https://www.att.gob.bo/index.php/en/videoteca?page=9
[ATT] t= 283.9s | pag=356 | files=1725 | data=101 | cola= 352 | prio=40 | https://www.att.gob.bo/index.php/en/videoteca?page=10
[ATT] t= 284.9s | pag=357 | files=1725 | data=101 | cola= 352 | prio=40 | https://www.att.gob.bo/index.php/en/videoteca?page=11
[ATT] t= 285.8s | pag=358 | files=1725 | data=101 | cola= 351 | prio=40 | https://www.att.gob.bo/index.php/en/videoteca?page=12
[ATT] t= 286.5s | pag=359 | files=1725 | data=101 | cola= 352 | prio=40 | https://www.att.gob.bo/index.php/en/videoteca?page=22
[ATT] t= 287.1s | pag=360 | files=1725 | data=101 | cola= 351 | prio=40 | https://www.att.gob.bo/index.php/en/videoteca?page=15
[ATT] t= 288.1s | pag=361 | files=1725 | data=101 | cola= 350 | prio=40 | https://www.att.gob.bo/index.php/en/videoteca?page=16
[ATT] t= 288.7s | pag=362 | files=1725 | data=101 | cola= 349 | prio=40 | https://www.att.gob.bo/index.php/en/videoteca?page=17
[ATT] t= 289.8s | pag=363 | files=1725 | data=101 | cola= 348 | prio=40 | https://www.att.gob.bo/index.php/en/videoteca?page=18
[ATT] t= 290.8s | pag=364 | files=1725 | data=101 | cola= 347 | prio=40 | https://www.att.gob.bo/index.php/en/videoteca?page=19
[ATT] t= 291.6s | pag=365 | files=1725 | data=101 | cola= 346 | prio=40 | https://www.att.gob.bo/index.php/en/videoteca?page=20
[ATT] t= 292.5s | pag=366 | files=1725 | data=101 | cola= 345 | prio=40 | https://www.att.gob.bo/index.php/en/videoteca?page=21
[ATT] t= 293.3s | pag=367 | files=1725 | data=101 | cola= 344 | prio=40 | https://www.att.gob.bo/index.php/en/videoteca?page=13
[ATT] t= 294.5s | pag=368 | files=1725 | data=101 | cola= 343 | prio=40 | https://www.att.gob.bo/index.php/en/videoteca?page=14
[ATT] t= 295.4s | pag=369 | files=1725 | data=101 | cola= 342 | prio=50 | https://www.att.gob.bo/index.php/en/reglamento
[ATT] t= 296.0s | pag=370 | files=1725 | data=102 | cola= 341 | prio=50 | https://www.att.gob.bo/index.php/en/formularios
[ATT] t= 297.2s | pag=371 | files=1725 | data=103 | cola= 340 | prio=50 | https://www.att.gob.bo/index.php/en/organigrama
[ATT] t= 298.1s | pag=372 | files=1725 | data=103 | cola= 339 | prio=50 | https://www.att.gob.bo/index.php/en/nomina-de-personal-dependiente
[ATT] t= 298.6s | pag=373 | files=1726 | data=103 | cola= 338 | prio=50 | https://www.att.gob.bo/index.php/en/escala-salarial
[ATT] t= 299.1s | pag=374 | files=1726 | data=103 | cola= 337 | prio=50 | https://www.att.gob.bo/index.php/en/manual-de-funciones
[ATT] t= 300.0s | pag=375 | files=1726 | data=103 | cola= 336 | prio=50 | https://www.att.gob.bo/index.php/en/programa-anual-de-operaciones
[ATT] t= 301.0s | pag=376 | files=1726 | data=104 | cola= 335 | prio=50 | https://www.att.gob.bo/index.php/en/convocatorias-publicas
[ATT] t= 301.6s | pag=377 | files=1726 | data=104 | cola= 334 | prio=50 | https://www.att.gob.bo/index.php/en/empresas-con-incumplimiento-de-contrato
[ATT] t= 302.2s | pag=378 | files=1726 | data=105 | cola= 333 | prio=50 | https://www.att.gob.bo/index.php/en/nomina-de-proveedores-0
[ATT] t= 302.6s | pag=379 | files=1726 | data=106 | cola= 332 | prio=50 | https://www.att.gob.bo/index.php/en/programa-anual-de-contrataciones
[ATT] t= 303.2s | pag=380 | files=1726 | data=106 | cola= 331 | prio=50 | https://www.att.gob.bo/fiscalizacion-control
[ATT] t= 304.1s | pag=381 | files=1726 | data=106 | cola= 335 | prio=50 | https://www.att.gob.bo/requisitos-para-el-otorgamiento-de-licencia-de-red-privada-y-licencia-para-el-uso-de-frecuencias
[ATT] t= 305.0s | pag=382 | files=1726 | data=106 | cola= 334 | prio=50 | https://www.att.gob.bo/requisitos-de-otorgamiento-de-licencia-redes-privadas
[ATT] t= 305.8s | pag=383 | files=1726 | data=106 | cola= 333 | prio=50 | https://www.att.gob.bo/requisitos-para-el-otorgamiento-de-licencia-de-radioaficionados
[ATT] t= 306.3s | pag=384 | files=1726 | data=106 | cola= 332 | prio=50 | https://www.att.gob.bo/preguntas-frecuentes-otorgamiento-de-licencias
[ATT] t= 306.7s | pag=385 | files=1726 | data=106 | cola= 332 | prio= 2 | https://www.att.gob.bo/formulario-modificacion-telecomunicaciones
[ATT] t= 307.6s | pag=386 | files=1727 | data=106 | cola= 331 | prio=50 | https://www.att.gob.bo/licitaciones-de-frecuencias-de-radiodifusion
[ATT] t= 308.0s | pag=387 | files=1727 | data=106 | cola= 344 | prio=10 | https://www.att.gob.bo/extracto-de-publicaciones-radiodifusion-2025
[ATT] t= 308.4s | pag=388 | files=1743 | data=107 | cola= 343 | prio=10 | https://www.att.gob.bo/extracto-de-publicaciones-radiodifusion-2024
[ATT] t= 309.1s | pag=389 | files=1803 | data=108 | cola= 342 | prio=10 | https://www.att.gob.bo/extracto-de-publicaciones-radiodifusion-2023
[ATT] t= 309.8s | pag=390 | files=1805 | data=109 | cola= 341 | prio=10 | https://www.att.gob.bo/extracto-de-publicaciones-radiodifusion-2022
[ATT] t= 310.8s | pag=391 | files=1840 | data=110 | cola= 340 | prio=10 | https://www.att.gob.bo/extracto-de-publicaciones-radiodifusion-2020
[ATT] t= 311.1s | pag=392 | files=1861 | data=111 | cola= 339 | prio=10 | https://www.att.gob.bo/extracto-de-publicaciones-radiodifusion-2019
[ATT] t= 311.7s | pag=393 | files=1874 | data=112 | cola= 338 | prio=10 | https://www.att.gob.bo/extracto-de-publicaciones-radiodifusion-2018
[ATT] t= 312.4s | pag=394 | files=1951 | data=113 | cola= 337 | prio=50 | https://www.att.gob.bo/licitaciones-desiertas
[ATT] t= 313.0s | pag=395 | files=1953 | data=114 | cola= 336 | prio=50 | https://www.att.gob.bo/declaraciones-tele
[ATT] t= 313.8s | pag=396 | files=1958 | data=115 | cola= 335 | prio=50 | https://www.att.gob.bo/formularios-221-222-y-223
[ATT] t= 314.5s | pag=397 | files=1958 | data=115 | cola= 334 | prio=50 | https://www.att.gob.bo/formularios2-tele
[ATT] t= 318.7s | pag=398 | files=1972 | data=116 | cola= 333 | prio=50 | https://www.att.gob.bo/requisitos-tele
[ATT] t= 319.2s | pag=399 | files=1972 | data=117 | cola= 332 | prio=50 | https://www.att.gob.bo/migracion-medios-tele
[ATT] t= 320.1s | pag=400 | files=1972 | data=117 | cola= 332 | prio=10 | https://www.att.gob.bo/migracion-medios-archivos
[ATT] t= 320.8s | pag=401 | files=1974 | data=118 | cola= 331 | prio=50 | https://www.att.gob.bo/mis-derechos
[ATT] t= 321.6s | pag=402 | files=1974 | data=118 | cola= 330 | prio=50 | https://www.att.gob.bo/expresiones
[ATT] t= 322.4s | pag=403 | files=1974 | data=118 | cola= 329 | prio=50 | https://www.att.gob.bo/servicios-publicos-tele
[ATT] t= 323.2s | pag=404 | files=1974 | data=118 | cola= 338 | prio=50 | https://www.att.gob.bo/servicios-privados-tele
[ATT] t= 323.7s | pag=405 | files=1974 | data=118 | cola= 338 | prio= 2 | https://www.att.gob.bo/formulario-solicitud-telecomunicaciones
[ATT] t= 324.7s | pag=406 | files=1978 | data=119 | cola= 337 | prio=50 | https://www.att.gob.bo/en/listado-atp
[ATT] t= 325.5s | pag=407 | files=1978 | data=120 | cola= 336 | prio=50 | https://www.att.gob.bo/en/reclamaciones
[ATT] t= 325.9s | pag=408 | files=1978 | data=120 | cola= 335 | prio=50 | https://www.att.gob.bo/en/mensajes-y-llamadas-fraudulentas
[ATT] t= 326.4s | pag=409 | files=1978 | data=120 | cola= 334 | prio=50 | https://www.att.gob.bo/en/mis-derechos
[ATT] t= 327.1s | pag=410 | files=1978 | data=120 | cola= 333 | prio=50 | https://www.att.gob.bo/en/informaciones
[ATT] t= 328.0s | pag=411 | files=1978 | data=120 | cola= 332 | prio=50 | https://www.att.gob.bo/en/herramientas
[ATT] t= 328.3s | pag=412 | files=1978 | data=120 | cola= 332 | prio=50 | https://www.att.gob.bo/en/tarifas
[ATT] t= 328.8s | pag=413 | files=1978 | data=120 | cola= 331 | prio=50 | https://www.att.gob.bo/en/radiodifusion-televisiva-digital
[ATT] t= 329.4s | pag=414 | files=1978 | data=120 | cola= 333 | prio=50 | https://www.att.gob.bo/en/tics
[ATT] t= 330.3s | pag=415 | files=1978 | data=120 | cola= 333 | prio=50 | https://www.att.gob.bo/en/servicios-publicos-tele
[ATT] t= 330.8s | pag=416 | files=1978 | data=120 | cola= 332 | prio=50 | https://www.att.gob.bo/en/servicios-privados-tele
[ATT] t= 331.8s | pag=417 | files=1978 | data=120 | cola= 331 | prio=50 | https://www.att.gob.bo/en/expresiones
[ATT] t= 332.2s | pag=418 | files=1978 | data=120 | cola= 330 | prio=50 | https://www.att.gob.bo/en/migracion-medios-tele
[ATT] t= 333.4s | pag=419 | files=1978 | data=120 | cola= 329 | prio=50 | https://www.att.gob.bo/en/homologacion-equipos
[ATT] t= 333.9s | pag=420 | files=1978 | data=120 | cola= 328 | prio=50 | https://www.att.gob.bo/en/formularios-requisitos-tele
[ATT] t= 334.9s | pag=421 | files=1978 | data=120 | cola= 327 | prio=50 | https://www.att.gob.bo/en/informacion-aereoportuaria
[ATT] t= 335.2s | pag=422 | files=1978 | data=120 | cola= 326 | prio=50 | https://www.att.gob.bo/en/informacion-aerea-para-usuario
[ATT] t= 336.1s | pag=423 | files=1978 | data=120 | cola= 330 | prio=50 | https://www.att.gob.bo/en/transporte/usuario
[ATT] t= 336.7s | pag=424 | files=1978 | data=120 | cola= 329 | prio=50 | https://www.att.gob.bo/en/pasajero-seguro
[ATT] t= 337.8s | pag=425 | files=1978 | data=120 | cola= 328 | prio=50 | https://www.att.gob.bo/en/Renovaci%C3%B3n-Licencia-CAO
[ATT] t= 338.5s | pag=426 | files=1978 | data=120 | cola= 327 | prio=50 | https://www.att.gob.bo/en/node/299
[ATT] t= 339.5s | pag=427 | files=1978 | data=120 | cola= 327 | prio=10 | https://www.att.gob.bo/otorgacion-de-derechos-archivos
[ATT] t= 340.0s | pag=428 | files=1979 | data=120 | cola= 326 | prio=50 | https://www.att.gob.bo/en/Otorgaci%C3%B3n-Licencia-CAO
[ATT] t= 340.7s | pag=429 | files=1979 | data=120 | cola= 326 | prio=10 | https://www.att.gob.bo/normativa-otorgacion-de-licencia-y-cao
[ATT] t= 341.6s | pag=430 | files=1981 | data=121 | cola= 325 | prio=50 | https://www.att.gob.bo/en/taxonomy/term/7
[ATT] t= 342.4s | pag=431 | files=1981 | data=121 | cola= 333 | prio= 2 | https://www.att.gob.bo/en/la-att-canalizo-mas-de-500-reclamos-del-servicio-postal-durante-el-primer-semestre-de-2026
[ATT] t= 342.8s | pag=432 | files=1981 | data=121 | cola= 332 | prio= 2 | https://www.att.gob.bo/en/att-y-la-gobernacion-del-beni-fortalecen-coordinacion-para-mejorar-los-servicios-de-transporte-y
[ATT] t= 343.5s | pag=433 | files=1981 | data=121 | cola= 331 | prio= 2 | https://www.att.gob.bo/en/att-fortalece-la-fiscalizacion-de-la-atencion-al-usuario-en-operadores-de-telecomunicaciones-de
[ATT] t= 344.4s | pag=434 | files=1981 | data=121 | cola= 330 | prio=40 | https://www.att.gob.bo/en/taxonomy/term/7?page=1
[ATT] t= 345.6s | pag=435 | files=1981 | data=121 | cola= 341 | prio= 2 | https://www.att.gob.bo/en/att-destaca-el-rol-estrategico-de-las-telecomunicaciones-en-la-transformacion-digital-del-pais
[ATT] t= 346.0s | pag=436 | files=1981 | data=121 | cola= 340 | prio= 2 | https://www.att.gob.bo/en/att-consigue-apoyo-internacional-para-la-reestructuracion-y-modernizacion-del-servicio-postal-en
[ATT] t= 346.3s | pag=437 | files=1981 | data=121 | cola= 339 | prio=10 | https://www.att.gob.bo/en/att-presenta-su-rendicion-publica-de-cuentas-inicial-2026-con-enfoque-en-transparencia-y
[ATT] t= 347.0s | pag=438 | files=1981 | data=121 | cola= 338 | prio=10 | https://www.att.gob.bo/en/att-presenta-su-rendicion-publica-de-cuentas-final-2025-destacando-transparencia-desafios-y
[ATT] t= 347.9s | pag=439 | files=1981 | data=121 | cola= 337 | prio=40 | https://www.att.gob.bo/en/taxonomy/term/7?page=0
[ATT] t= 348.8s | pag=440 | files=1981 | data=121 | cola= 336 | prio=40 | https://www.att.gob.bo/en/taxonomy/term/7?page=2
[ATT] t= 349.2s | pag=441 | files=1981 | data=121 | cola= 346 | prio=10 | https://www.att.gob.bo/en/la-att-posiciona-bolivia-en-la-agenda-global-de-conectividad-y-regulacion-digital
[ATT] t= 350.5s | pag=442 | files=1981 | data=121 | cola= 345 | prio=10 | https://www.att.gob.bo/en/att-consolida-avances-clave-en-regulacion-fiscalizacion-conectividad-y-proteccion-al-usuario
[ATT] t= 350.9s | pag=443 | files=1981 | data=121 | cola= 344 | prio=40 | https://www.att.gob.bo/en/taxonomy/term/7?page=3
[ATT] t= 352.1s | pag=444 | files=1981 | data=121 | cola= 354 | prio=40 | https://www.att.gob.bo/en/taxonomy/term/7?page=4
[ATT] t= 352.7s | pag=445 | files=1981 | data=121 | cola= 354 | prio=40 | https://www.att.gob.bo/en/taxonomy/term/7?page=5
[ATT] t= 353.8s | pag=446 | files=1981 | data=121 | cola= 354 | prio=40 | https://www.att.gob.bo/en/taxonomy/term/7?page=6
[ATT] t= 355.1s | pag=447 | files=1981 | data=121 | cola= 364 | prio=40 | https://www.att.gob.bo/en/taxonomy/term/7?page=7
[ATT] t= 355.6s | pag=448 | files=1981 | data=121 | cola= 374 | prio=10 | https://www.att.gob.bo/en/att-encabezara-un-plan-operativo-interinstitucional-para-evitar-ilegalidades-en-parada-al-norte-de
[ATT] t= 356.0s | pag=449 | files=1981 | data=121 | cola= 373 | prio=40 | https://www.att.gob.bo/en/taxonomy/term/7?page=8
[ATT] t= 356.8s | pag=450 | files=1981 | data=121 | cola= 383 | prio= 2 | https://www.att.gob.bo/en/att-inicia-acciones-penales-contra-quienes-danan-redes-de-telecomunicaciones
[ATT] t= 357.3s | pag=451 | files=1981 | data=121 | cola= 382 | prio=40 | https://www.att.gob.bo/en/taxonomy/term/7?page=9
[ATT] t= 358.1s | pag=452 | files=1981 | data=121 | cola= 382 | prio=40 | https://www.att.gob.bo/en/taxonomy/term/7?page=10
[ATT] t= 358.9s | pag=453 | files=1981 | data=121 | cola= 392 | prio= 2 | https://www.att.gob.bo/en/la-att-lanza-proyecto-para-especializar-jovenes-universitarios-del-pais-en-los-sectores-de
[ATT] t= 359.5s | pag=454 | files=1981 | data=121 | cola= 391 | prio= 2 | https://www.att.gob.bo/en/att-bolivia-moderniza-su-servicio-postal-con-el-lanzamiento-de-la-plataforma-ubica-tu-envio
[ATT] t= 359.9s | pag=455 | files=1981 | data=121 | cola= 390 | prio=10 | https://www.att.gob.bo/en/la-att-garantiza-la-seguridad-de-los-pasajeros-y-alerta-sobre-una-afectacion-economica-de-mas-bs-2
[ATT] t= 360.7s | pag=456 | files=1981 | data=121 | cola= 389 | prio=10 | https://www.att.gob.bo/en/la-att-reporta-normalidad-en-las-salidas-de-buses-nivel-nacional-y-controla-las-tarifas-de-los
[ATT] t= 361.3s | pag=457 | files=1981 | data=121 | cola= 388 | prio=40 | https://www.att.gob.bo/en/taxonomy/term/7?page=11
[ATT] t= 362.0s | pag=458 | files=1981 | data=121 | cola= 388 | prio=40 | https://www.att.gob.bo/en/taxonomy/term/7?page=12
[ATT] t= 363.1s | pag=459 | files=1981 | data=121 | cola= 398 | prio= 2 | https://www.att.gob.bo/en/exito-rotundo-en-el-2do-foro-internacional-de-telecomunicaciones-y-tic-conectividad-para-la
[ATT] t= 363.4s | pag=460 | files=1981 | data=121 | cola= 397 | prio=10 | https://www.att.gob.bo/en/bolivia-sera-la-sede-de-la-historica-cumbre-regulatel-berec-2024
[ATT] t= 364.2s | pag=461 | files=1981 | data=121 | cola= 396 | prio=40 | https://www.att.gob.bo/en/taxonomy/term/7?page=13
[ATT] t= 365.3s | pag=462 | files=1981 | data=121 | cola= 406 | prio= 2 | https://www.att.gob.bo/en/la-att-anuncia-el-2do-foro-internacional-de-telecomunicaciones-y-tic-conectividad-para-la
[ATT] t= 366.4s | pag=463 | files=1981 | data=121 | cola= 405 | prio= 2 | https://www.att.gob.bo/en/la-att-impulsa-mejoras-en-servicios-de-telecomunicaciones-en-sucre-y-supervisa-operadores-para
[ATT] t= 367.3s | pag=464 | files=1981 | data=121 | cola= 404 | prio= 2 | https://www.att.gob.bo/en/la-att-insta-las-personas-con-discapacidad-beneficiarse-de-las-tarifas-solidarias-en
[ATT] t= 368.2s | pag=465 | files=1981 | data=121 | cola= 403 | prio= 2 | https://www.att.gob.bo/en/la-att-premia-jovenes-innovadores-en-el-dia-mundial-de-las-telecomunicaciones-aplicaciones-para
[ATT] t= 368.9s | pag=466 | files=1981 | data=121 | cola= 402 | prio=40 | https://www.att.gob.bo/en/taxonomy/term/7?page=14
[ATT] t= 369.6s | pag=467 | files=1981 | data=121 | cola= 412 | prio= 2 | https://www.att.gob.bo/en/jornada-intensa-por-la-celebracion-del-dia-de-las-telecomunicaciones-la-att-promueve-la-innovacion
[ATT] t= 370.1s | pag=468 | files=1981 | data=121 | cola= 411 | prio= 2 | https://www.att.gob.bo/en/la-att-verifica-la-prestacion-legal-del-servicio-postal-en-el-pais
[ATT] t= 370.5s | pag=469 | files=1981 | data=121 | cola= 410 | prio= 2 | https://www.att.gob.bo/en/la-att-refuerza-medidas-de-fiscalizacion-para-garantizar-calidad-y-seguridad-en-servicios-de
[ATT] t= 371.4s | pag=470 | files=1981 | data=121 | cola= 409 | prio=40 | https://www.att.gob.bo/en/taxonomy/term/7?page=15
[ATT] t= 372.1s | pag=471 | files=1981 | data=121 | cola= 419 | prio= 2 | https://www.att.gob.bo/en/alta-latencia-de-cobertura-en-tarija-la-att-instruye-los-operadores-de-telecomunicaciones-mejorar
[ATT] t= 372.9s | pag=472 | files=1981 | data=121 | cola= 418 | prio=10 | https://www.att.gob.bo/en/la-att-sanciona-la-flota-andino-tras-el-incidente-en-la-ruta-oruro-la-paz-y-advierte-los-operadores
[ATT] t= 373.4s | pag=473 | files=1981 | data=121 | cola= 417 | prio=10 | https://www.att.gob.bo/en/un-hito-historico-para-la-seguridad-aeronautica-en-bolivia-la-att-regula-el-uso-de-frecuencias-en
[ATT] t= 374.5s | pag=474 | files=1981 | data=121 | cola= 416 | prio=40 | https://www.att.gob.bo/en/taxonomy/term/7?page=16
[ATT] t= 375.9s | pag=475 | files=1981 | data=121 | cola= 426 | prio=10 | https://www.att.gob.bo/en/otro-logro-historico-de-la-att-bolivia-avanza-hacia-un-futuro-digital-inclusivo-con-su-ingreso-la
[ATT] t= 376.5s | pag=476 | files=1981 | data=121 | cola= 425 | prio=10 | https://www.att.gob.bo/en/la-att-fortalece-la-calidad-del-servicio-aereo-capacitando-al-personal-del-nuevo-operador-tamep
[ATT] t= 377.7s | pag=477 | files=1981 | data=121 | cola= 424 | prio=40 | https://www.att.gob.bo/en/taxonomy/term/7?page=17
[ATT] t= 379.0s | pag=478 | files=1981 | data=121 | cola= 434 | prio= 2 | https://www.att.gob.bo/en/historica-reunion-entre-la-att-y-la-union-internacional-de-telecomunicaciones-durante-el-mobile
[ATT] t= 379.6s | pag=479 | files=1981 | data=121 | cola= 433 | prio= 2 | https://www.att.gob.bo/en/bolivia-y-republica-dominicana-firman-acuerdo-de-cooperacion-en-telecomunicaciones
[ATT] t= 380.4s | pag=480 | files=1981 | data=121 | cola= 432 | prio= 2 | https://www.att.gob.bo/en/la-att-capacita-mas-de-100-periodistas-de-todo-el-pais-en-telecomunicaciones-un-impulso-hacia-una
[ATT] t= 381.3s | pag=481 | files=1981 | data=121 | cola= 431 | prio= 2 | https://www.att.gob.bo/en/la-rendicion-de-cuentas-final-de-la-att-destaca-su-compromiso-con-la-calidad-y-la-innovacion-en
[ATT] t= 381.9s | pag=482 | files=1981 | data=121 | cola= 430 | prio=10 | https://www.att.gob.bo/en/tamep-punto-de-despegar-la-att-evalua-la-posible-incorporacion-de-un-nuevo-operador-al-mercado
[ATT] t= 382.7s | pag=483 | files=1981 | data=121 | cola= 429 | prio=40 | https://www.att.gob.bo/en/taxonomy/term/7?page=18
[ATT] t= 383.7s | pag=484 | files=1981 | data=121 | cola= 428 | prio=50 | https://www.att.gob.bo/resoluciones-administrativas-del-sector
[ATT] t= 384.1s | pag=485 | files=2023 | data=122 | cola= 427 | prio=50 | https://www.att.gob.bo/en/node/910
[ATT] t= 385.0s | pag=486 | files=2023 | data=122 | cola= 426 | prio=50 | https://www.att.gob.bo/en/node/908
[ATT] t= 385.6s | pag=487 | files=2023 | data=122 | cola= 425 | prio=50 | https://www.att.gob.bo/index.php/en/informacion-aereoportuaria
[ATT] t= 386.5s | pag=488 | files=2023 | data=122 | cola= 424 | prio=50 | https://www.att.gob.bo/index.php/en/informacion-aerea-para-usuario
[ATT] t= 387.3s | pag=489 | files=2023 | data=122 | cola= 423 | prio=50 | https://www.att.gob.bo/index.php/en/transporte/usuario
[ATT] t= 388.0s | pag=490 | files=2023 | data=122 | cola= 422 | prio=50 | https://www.att.gob.bo/index.php/en/pasajero-seguro
[ATT] t= 389.1s | pag=491 | files=2023 | data=122 | cola= 421 | prio=50 | https://www.att.gob.bo/index.php/en/node/910
[ATT] t= 390.2s | pag=492 | files=2023 | data=122 | cola= 420 | prio=50 | https://www.att.gob.bo/index.php/en/node/908
[ATT] t= 391.1s | pag=493 | files=2023 | data=122 | cola= 419 | prio=50 | https://www.att.gob.bo/programa-operativo-anual-2019-v2
[ATT] t= 391.8s | pag=494 | files=2029 | data=123 | cola= 418 | prio=50 | https://www.att.gob.bo/oferta-basica-de-interconexion
[ATT] t= 392.6s | pag=495 | files=2049 | data=124 | cola= 417 | prio=50 | https://www.att.gob.bo/taller-nuevo-sifcu
[ATT] DATASETS=125 | data_html_table | https://www.att.gob.bo/taller-nuevo-sifcu
[ATT] t= 393.2s | pag=496 | files=2055 | data=125 | cola= 416 | prio=50 | https://www.att.gob.bo/att-en-el-dakar-2016
[ATT] t= 393.8s | pag=497 | files=2055 | data=125 | cola= 415 | prio=50 | https://www.att.gob.bo/videoteca
[ATT] t= 394.7s | pag=498 | files=2055 | data=125 | cola= 424 | prio=40 | https://www.att.gob.bo/videoteca?page=0
[ATT] t= 395.5s | pag=499 | files=2055 | data=125 | cola= 423 | prio=40 | https://www.att.gob.bo/videoteca?page=1
[ATT] t= 396.3s | pag=500 | files=2055 | data=125 | cola= 422 | prio=40 | https://www.att.gob.bo/videoteca?page=2
[ATT] t= 397.3s | pag=501 | files=2055 | data=125 | cola= 421 | prio=40 | https://www.att.gob.bo/videoteca?page=3
[ATT] t= 397.8s | pag=502 | files=2055 | data=125 | cola= 420 | prio=40 | https://www.att.gob.bo/videoteca?page=4
[ATT] t= 398.7s | pag=503 | files=2055 | data=125 | cola= 419 | prio=40 | https://www.att.gob.bo/videoteca?page=5
[ATT] t= 399.7s | pag=504 | files=2055 | data=125 | cola= 419 | prio=40 | https://www.att.gob.bo/videoteca?page=6
[ATT] t= 400.3s | pag=505 | files=2055 | data=125 | cola= 419 | prio=40 | https://www.att.gob.bo/videoteca?page=7
[ATT] t= 400.7s | pag=506 | files=2055 | data=125 | cola= 419 | prio=40 | https://www.att.gob.bo/videoteca?page=8
[ATT] t= 401.5s | pag=507 | files=2055 | data=125 | cola= 419 | prio=40 | https://www.att.gob.bo/videoteca?page=23
[ATT] t= 402.6s | pag=508 | files=2055 | data=125 | cola= 426 | prio=40 | https://www.att.gob.bo/videoteca?page=9
[ATT] t= 403.3s | pag=509 | files=2055 | data=125 | cola= 426 | prio=40 | https://www.att.gob.bo/videoteca?page=10
[ATT] t= 404.3s | pag=510 | files=2055 | data=125 | cola= 426 | prio=40 | https://www.att.gob.bo/videoteca?page=11
[ATT] t= 405.3s | pag=511 | files=2055 | data=125 | cola= 425 | prio=40 | https://www.att.gob.bo/videoteca?page=12
[ATT] t= 405.9s | pag=512 | files=2055 | data=125 | cola= 424 | prio=40 | https://www.att.gob.bo/videoteca?page=22
[ATT] t= 406.5s | pag=513 | files=2055 | data=125 | cola= 423 | prio=40 | https://www.att.gob.bo/videoteca?page=15
[ATT] t= 407.6s | pag=514 | files=2055 | data=125 | cola= 422 | prio=40 | https://www.att.gob.bo/videoteca?page=16
[ATT] t= 408.7s | pag=515 | files=2055 | data=125 | cola= 421 | prio=40 | https://www.att.gob.bo/videoteca?page=17
[ATT] t= 409.5s | pag=516 | files=2055 | data=125 | cola= 420 | prio=40 | https://www.att.gob.bo/videoteca?page=18
[ATT] t= 410.1s | pag=517 | files=2055 | data=125 | cola= 419 | prio=40 | https://www.att.gob.bo/videoteca?page=19
[ATT] t= 411.0s | pag=518 | files=2055 | data=125 | cola= 418 | prio=40 | https://www.att.gob.bo/videoteca?page=20
[ATT] t= 411.5s | pag=519 | files=2055 | data=125 | cola= 417 | prio=40 | https://www.att.gob.bo/videoteca?page=21
[ATT] t= 412.4s | pag=520 | files=2055 | data=125 | cola= 416 | prio=40 | https://www.att.gob.bo/videoteca?page=13
[ATT] t= 413.0s | pag=521 | files=2055 | data=125 | cola= 415 | prio=40 | https://www.att.gob.bo/videoteca?page=14
[ATT] t= 413.9s | pag=522 | files=2055 | data=125 | cola= 414 | prio=50 | https://www.att.gob.bo/campana-espectro
[ATT] t= 414.8s | pag=523 | files=2055 | data=125 | cola= 413 | prio=50 | https://www.att.gob.bo/campana-firma-digital
[ATT] t= 415.7s | pag=524 | files=2055 | data=125 | cola= 412 | prio=50 | https://www.att.gob.bo/campana-portabilidad-numerica
[ATT] t= 416.9s | pag=525 | files=2055 | data=125 | cola= 411 | prio=50 | https://www.att.gob.bo/campana-no-caigas-en-la-red
[ATT] t= 417.6s | pag=526 | files=2055 | data=125 | cola= 410 | prio=50 | https://www.att.gob.bo/campana-varios
[ATT] t= 418.8s | pag=527 | files=2055 | data=125 | cola= 409 | prio=50 | https://www.att.gob.bo/campana-mi-reclamo
[ATT] t= 420.0s | pag=528 | files=2055 | data=125 | cola= 408 | prio=50 | https://www.att.gob.bo/campana-punto-de-intercambio-de-trafico
[ATT] t= 420.6s | pag=529 | files=2055 | data=125 | cola= 407 | prio=50 | https://www.att.gob.bo/en/logros-att
[ATT] t= 421.6s | pag=530 | files=2055 | data=125 | cola= 406 | prio=50 | https://www.att.gob.bo/en/node/889
[ATT] t= 422.2s | pag=531 | files=2055 | data=125 | cola= 405 | prio=50 | https://www.att.gob.bo/en/node/888
[ATT] t= 422.7s | pag=532 | files=2055 | data=125 | cola= 404 | prio=50 | https://www.att.gob.bo/en/node/887
[ATT] t= 423.7s | pag=533 | files=2055 | data=125 | cola= 403 | prio=50 | https://www.att.gob.bo/en/node/886
[ATT] t= 424.3s | pag=534 | files=2055 | data=125 | cola= 402 | prio=50 | https://www.att.gob.bo/en/node/885
[ATT] t= 425.2s | pag=535 | files=2055 | data=125 | cola= 401 | prio=50 | https://www.att.gob.bo/en/node/884
[ATT] t= 426.0s | pag=536 | files=2055 | data=125 | cola= 400 | prio=50 | https://www.att.gob.bo/en/node/883
[ATT] t= 427.2s | pag=537 | files=2055 | data=125 | cola= 399 | prio=50 | https://www.att.gob.bo/index.php/en/node/881
[ATT] t= 428.3s | pag=538 | files=2055 | data=125 | cola= 398 | prio=50 | https://www.att.gob.bo/en/node/880
[ATT] t= 429.4s | pag=539 | files=2055 | data=125 | cola= 397 | prio=50 | https://www.att.gob.bo/en/node/879
[ATT] t= 430.3s | pag=540 | files=2055 | data=125 | cola= 396 | prio=50 | https://www.att.gob.bo/en/node/878
[ATT] t= 431.1s | pag=541 | files=2055 | data=125 | cola= 395 | prio=50 | https://www.att.gob.bo/en/node/877
[ATT] t= 431.8s | pag=542 | files=2055 | data=125 | cola= 394 | prio=50 | https://www.att.gob.bo/en/node/876
[ATT] t= 432.8s | pag=543 | files=2055 | data=125 | cola= 393 | prio=50 | https://www.att.gob.bo/en/node/875
[ATT] t= 433.5s | pag=544 | files=2055 | data=125 | cola= 392 | prio=50 | https://www.att.gob.bo/en/node/874
[ATT] t= 434.2s | pag=545 | files=2055 | data=125 | cola= 391 | prio=50 | https://www.att.gob.bo/en/node/844
[ATT] t= 435.2s | pag=546 | files=2055 | data=125 | cola= 390 | prio=50 | https://www.att.gob.bo/en/node/843
[ATT] t= 436.0s | pag=547 | files=2055 | data=125 | cola= 389 | prio=50 | https://www.att.gob.bo/index.php/en/node/872
[ATT] t= 437.0s | pag=548 | files=2055 | data=125 | cola= 388 | prio=50 | https://www.att.gob.bo/index.php/en/node/871
[ATT] t= 438.1s | pag=549 | files=2055 | data=125 | cola= 387 | prio=50 | https://www.att.gob.bo/en/node/870
[ATT] t= 438.6s | pag=550 | files=2055 | data=125 | cola= 386 | prio=50 | https://www.att.gob.bo/en/node/869
[ATT] t= 439.6s | pag=551 | files=2055 | data=125 | cola= 385 | prio=50 | https://www.att.gob.bo/index.php/en/node/868
[ATT] t= 440.6s | pag=552 | files=2055 | data=125 | cola= 384 | prio=50 | https://www.att.gob.bo/index.php/en/node/867
[ATT] t= 441.5s | pag=553 | files=2055 | data=125 | cola= 383 | prio=50 | https://www.att.gob.bo/en/node/866
[ATT] t= 442.4s | pag=554 | files=2055 | data=125 | cola= 382 | prio=50 | https://www.att.gob.bo/en/node/865
[ATT] t= 443.5s | pag=555 | files=2055 | data=125 | cola= 381 | prio=50 | https://www.att.gob.bo/en/node/846
[ATT] t= 444.7s | pag=556 | files=2055 | data=125 | cola= 380 | prio=50 | https://www.att.gob.bo/en/node/845
[ATT] t= 445.4s | pag=557 | files=2055 | data=125 | cola= 379 | prio=50 | https://www.att.gob.bo/en/node/860
[ATT] t= 446.5s | pag=558 | files=2055 | data=125 | cola= 378 | prio=50 | https://www.att.gob.bo/en/node/859
[ATT] t= 447.7s | pag=559 | files=2055 | data=125 | cola= 377 | prio=50 | https://www.att.gob.bo/en/node/858
[ATT] t= 448.1s | pag=560 | files=2055 | data=125 | cola= 376 | prio=50 | https://www.att.gob.bo/en/node/857
[ATT] t= 449.2s | pag=561 | files=2055 | data=125 | cola= 375 | prio=50 | https://www.att.gob.bo/en/node/856
[ATT] t= 449.9s | pag=562 | files=2055 | data=125 | cola= 374 | prio=50 | https://www.att.gob.bo/en/node/855
[ATT] t= 450.8s | pag=563 | files=2055 | data=125 | cola= 373 | prio=50 | https://www.att.gob.bo/en/node/854
[ATT] t= 451.8s | pag=564 | files=2055 | data=125 | cola= 372 | prio=50 | https://www.att.gob.bo/en/node/853
[ATT] t= 452.9s | pag=565 | files=2055 | data=125 | cola= 371 | prio=50 | https://www.att.gob.bo/en/node/852
[ATT] t= 453.4s | pag=566 | files=2055 | data=125 | cola= 370 | prio=50 | https://www.att.gob.bo/en/node/851
[ATT] t= 454.4s | pag=567 | files=2055 | data=125 | cola= 369 | prio=50 | https://www.att.gob.bo/en/node/849
[ATT] t= 455.2s | pag=568 | files=2055 | data=125 | cola= 368 | prio=50 | https://www.att.gob.bo/en/node/848
[ATT] t= 455.9s | pag=569 | files=2055 | data=125 | cola= 367 | prio=50 | https://www.att.gob.bo/en/node/847
[ATT] t= 456.9s | pag=570 | files=2055 | data=125 | cola= 366 | prio=50 | https://www.att.gob.bo/en/node/862
[ATT] t= 457.5s | pag=571 | files=2055 | data=125 | cola= 365 | prio=50 | https://www.att.gob.bo/convocatorias-y-licitaciones-2026
[ATT] t= 458.2s | pag=572 | files=2076 | data=126 | cola= 364 | prio=50 | https://www.att.gob.bo/convocatorias-y-licitaciones-2025
[ATT] t= 459.0s | pag=573 | files=2094 | data=127 | cola= 363 | prio=50 | https://www.att.gob.bo/convocatorias-y-licitaciones-2024
[ATT] t= 459.9s | pag=574 | files=2129 | data=128 | cola= 362 | prio=50 | https://www.att.gob.bo/convocatorias-y-licitaciones-2023
[ATT] t= 460.6s | pag=575 | files=2162 | data=129 | cola= 361 | prio=50 | https://www.att.gob.bo/convocatorias-y-licitaciones-2022
[ATT] t= 461.2s | pag=576 | files=2208 | data=130 | cola= 360 | prio=50 | https://www.att.gob.bo/convocatorias-y-licitaciones-2021
[ATT] t= 462.0s | pag=577 | files=2225 | data=131 | cola= 359 | prio=50 | https://www.att.gob.bo/convocatorias-y-licitaciones-2020
[ATT] t= 462.4s | pag=578 | files=2246 | data=132 | cola= 358 | prio=50 | https://www.att.gob.bo/convocatorias-y-licitaciones-2019
[ATT] t= 463.3s | pag=579 | files=2265 | data=133 | cola= 357 | prio=50 | https://www.att.gob.bo/convocatorias-y-licitaciones-2018
[ATT] t= 463.7s | pag=580 | files=2265 | data=133 | cola= 356 | prio=50 | https://www.att.gob.bo/convocatorias-y-licitaciones-2017
[ATT] t= 464.5s | pag=581 | files=2320 | data=134 | cola= 355 | prio=50 | https://www.att.gob.bo/convocatorias-y-licitaciones-2016
[ATT] t= 465.2s | pag=582 | files=2438 | data=135 | cola= 354 | prio=50 | https://www.att.gob.bo/drupal/homepage-13
[ATT] t= 466.0s | pag=582 | files=2438 | data=135 | cola= 353 | prio=50 | https://www.att.gob.bo/drupal/organigrama
[ATT] t= 467.5s | pag=582 | files=2438 | data=135 | cola= 352 | prio=50 | https://www.att.gob.bo/drupal/regional-cochabamba-oruro
[ATT] t= 468.5s | pag=582 | files=2438 | data=135 | cola= 351 | prio=50 | https://www.att.gob.bo/drupal/regional-santa-cruz-beni
[ATT] t= 469.8s | pag=582 | files=2438 | data=135 | cola= 350 | prio=50 | https://www.att.gob.bo/drupal/regional-tarija-potosi-sucre
[ATT] t= 471.2s | pag=582 | files=2438 | data=135 | cola= 349 | prio=50 | https://www.att.gob.bo/drupal/formularios
[ATT] t= 472.7s | pag=582 | files=2438 | data=135 | cola= 348 | prio=50 | https://www.att.gob.bo/drupal/normas
[ATT] t= 473.5s | pag=582 | files=2438 | data=135 | cola= 347 | prio=50 | https://www.att.gob.bo/drupal/reglamento
[ATT] t= 474.9s | pag=582 | files=2438 | data=135 | cola= 346 | prio=50 | https://www.att.gob.bo/drupal/aereo-legal
[ATT] t= 475.9s | pag=582 | files=2438 | data=135 | cola= 345 | prio=50 | https://www.att.gob.bo/drupal/ferroviario-legal
[ATT] t= 477.2s | pag=582 | files=2438 | data=135 | cola= 344 | prio=50 | https://www.att.gob.bo/drupal/terrestre-legal
[ATT] t= 478.2s | pag=582 | files=2438 | data=135 | cola= 343 | prio=50 | https://www.att.gob.bo/drupal/campanas
[ATT] t= 479.6s | pag=582 | files=2438 | data=135 | cola= 342 | prio=50 | https://www.att.gob.bo/drupal/edictos
[ATT] t= 480.9s | pag=582 | files=2438 | data=135 | cola= 341 | prio=50 | https://www.att.gob.bo/drupal/programa-anual-de-operaciones
[ATT] t= 481.9s | pag=582 | files=2438 | data=135 | cola= 340 | prio=50 | https://www.att.gob.bo/drupal/convocatorias-publicas
[ATT] t= 482.9s | pag=582 | files=2438 | data=135 | cola= 339 | prio=50 | https://www.att.gob.bo/drupal/nomina-de-proveedores
[ATT] t= 484.1s | pag=582 | files=2438 | data=135 | cola= 338 | prio=50 | https://www.att.gob.bo/drupal/programa-anual-de-contrataciones
[ATT] t= 485.5s | pag=582 | files=2438 | data=135 | cola= 337 | prio=50 | https://www.att.gob.bo/drupal/seguimiento-al-pac
[ATT] t= 486.7s | pag=582 | files=2438 | data=135 | cola= 336 | prio=50 | https://www.att.gob.bo/drupal/balance-de-gestion
[ATT] t= 488.1s | pag=582 | files=2438 | data=135 | cola= 335 | prio=50 | https://www.att.gob.bo/drupal/ejecucion-presupuestaria
[ATT] t= 489.3s | pag=582 | files=2438 | data=135 | cola= 334 | prio=50 | https://www.att.gob.bo/drupal/banco-de-trabajos-de-investigacion
[ATT] t= 490.5s | pag=582 | files=2438 | data=135 | cola= 333 | prio=50 | https://www.att.gob.bo/drupal/medios-disponibles-para-el-acceso-la-informacion
[ATT] t= 491.7s | pag=582 | files=2438 | data=135 | cola= 332 | prio=50 | https://www.att.gob.bo/drupal/resultados-de-viajes-al-exterior
[ATT] t= 492.6s | pag=582 | files=2438 | data=135 | cola= 331 | prio=50 | https://www.att.gob.bo/drupal/plan-institucional-de-implementacion-de-gobierno-electronico
[ATT] t= 494.1s | pag=582 | files=2438 | data=135 | cola= 330 | prio=50 | https://www.att.gob.bo/drupal/plan-institucional-de-implementacion-de-software-libre-y-estandares-abiertos
[ATT] t= 495.5s | pag=582 | files=2438 | data=135 | cola= 329 | prio=50 | https://www.att.gob.bo/drupal/programa-operativo-anual
[ATT] t= 496.9s | pag=582 | files=2438 | data=135 | cola= 328 | prio=50 | https://www.att.gob.bo/drupal/resultados-de-gestion
[ATT] t= 498.2s | pag=582 | files=2438 | data=135 | cola= 327 | prio=50 | https://www.att.gob.bo/drupal/convocatorias-oportunidades-de-empleo
[ATT] t= 499.6s | pag=582 | files=2438 | data=135 | cola= 326 | prio=50 | https://www.att.gob.bo/drupal/escala-salarial
[ATT] t= 500.9s | pag=582 | files=2438 | data=135 | cola= 325 | prio=50 | https://www.att.gob.bo/drupal/manual-de-funciones
[ATT] t= 502.2s | pag=582 | files=2438 | data=135 | cola= 324 | prio=50 | https://www.att.gob.bo/drupal/perfil-de-cargos
[ATT] t= 502.9s | pag=582 | files=2438 | data=135 | cola= 323 | prio=50 | https://www.att.gob.bo/drupal/personal-dependiente
[ATT] t= 504.2s | pag=582 | files=2438 | data=135 | cola= 322 | prio=50 | https://www.att.gob.bo/drupal/gestion-publica-transparente
[ATT] t= 505.5s | pag=582 | files=2438 | data=135 | cola= 321 | prio=50 | https://www.att.gob.bo/drupal/reglamento-de-denuncias-mopsv
[ATT] t= 506.9s | pag=582 | files=2438 | data=135 | cola= 320 | prio=50 | https://www.att.gob.bo/drupal/sector-fisca-control
[ATT] t= 508.3s | pag=582 | files=2438 | data=135 | cola= 319 | prio=50 | https://www.att.gob.bo/drupal/enlaces-sitios-relacionados
[ATT] t= 509.8s | pag=582 | files=2438 | data=135 | cola= 318 | prio=50 | https://www.att.gob.bo/drupal/oficinas-att
[ATT] t= 511.1s | pag=582 | files=2438 | data=135 | cola= 317 | prio=50 | https://www.att.gob.bo/drupal/preguntas-frecuentes-0
[ATT] t= 512.4s | pag=582 | files=2438 | data=135 | cola= 316 | prio=50 | https://www.att.gob.bo/index.php/en/resolucion-administrativa-regulatoria-att-dj-rar-tl-lp-4272026
[ATT] t= 513.5s | pag=583 | files=2439 | data=135 | cola= 315 | prio=50 | https://www.att.gob.bo/index.php/en/resolucion-ministerial-ndeg105
[ATT] t= 514.1s | pag=584 | files=2440 | data=135 | cola= 314 | prio=50 | https://www.att.gob.bo/index.php/en/resolucion-administrativa-regulatoria-att-dj-rar-tl-lp-4132026
[ATT] t= 515.0s | pag=585 | files=2441 | data=135 | cola= 313 | prio=50 | https://www.att.gob.bo/index.php/en/resolucion-administrativa-regulatoria-att-dj-rar-tl-lp-3782026
[ATT] t= 515.6s | pag=586 | files=2442 | data=135 | cola= 312 | prio=50 | https://www.att.gob.bo/index.php/en/resolucion-revocatoria-att-dj-ra-re-tl-lp-572026
[ATT] t= 516.5s | pag=587 | files=2443 | data=135 | cola= 311 | prio=50 | https://www.att.gob.bo/index.php/en/resolucion-administrativa-regulatoria-att-dj-rar-tl-lp-3742026
[ATT] t= 517.6s | pag=588 | files=2444 | data=135 | cola= 310 | prio=50 | https://www.att.gob.bo/index.php/en/presentacion-de-documentacion-para-la-validacion-de-tfr-gestion-2026
[ATT] t= 518.3s | pag=589 | files=2444 | data=135 | cola= 309 | prio=50 | https://www.att.gob.bo/index.php/en/resolucion-sancionatoria-att-dj-ra-s-pt-lp-12026
[ATT] t= 519.0s | pag=590 | files=2445 | data=135 | cola= 308 | prio=50 | https://www.att.gob.bo/index.php/en/resolucion-administrativa-regulatoria-att-dj-rar-tl-lp-2882026
[ATT] t= 519.9s | pag=591 | files=2446 | data=136 | cola= 307 | prio=50 | https://www.att.gob.bo/index.php/en/habilitacion-formulario-prontis
[ATT] t= 520.6s | pag=592 | files=2446 | data=136 | cola= 306 | prio=50 | https://www.att.gob.bo/index.php/en/att-fortalece-el-trabajo-conjunto-con-instituciones-de-tarija-en-beneficio-de-los-usuarios
[ATT] t= 521.3s | pag=593 | files=2446 | data=136 | cola= 305 | prio=50 | https://www.att.gob.bo/index.php/en/taxonomy/term/7
[ATT] t= 522.1s | pag=594 | files=2446 | data=136 | cola= 306 | prio=40 | https://www.att.gob.bo/index.php/en/taxonomy/term/7?page=1
[ATT] t= 522.7s | pag=595 | files=2446 | data=136 | cola= 307 | prio=40 | https://www.att.gob.bo/index.php/en/taxonomy/term/7?page=0
[ATT] t= 523.3s | pag=596 | files=2446 | data=136 | cola= 306 | prio=40 | https://www.att.gob.bo/index.php/en/taxonomy/term/7?page=2
[ATT] t= 524.2s | pag=597 | files=2446 | data=136 | cola= 306 | prio=40 | https://www.att.gob.bo/index.php/en/taxonomy/term/7?page=3
[ATT] t= 525.0s | pag=598 | files=2446 | data=136 | cola= 306 | prio=40 | https://www.att.gob.bo/index.php/en/taxonomy/term/7?page=4
[ATT] t= 525.8s | pag=599 | files=2446 | data=136 | cola= 306 | prio=40 | https://www.att.gob.bo/index.php/en/taxonomy/term/7?page=5
[ATT] t= 526.7s | pag=600 | files=2446 | data=136 | cola= 306 | prio=40 | https://www.att.gob.bo/index.php/en/taxonomy/term/7?page=6
[ATT] t= 527.0s | pag=601 | files=2446 | data=136 | cola= 306 | prio=40 | https://www.att.gob.bo/index.php/en/taxonomy/term/7?page=7
[ATT] t= 527.9s | pag=602 | files=2446 | data=136 | cola= 306 | prio=40 | https://www.att.gob.bo/index.php/en/taxonomy/term/7?page=8
[ATT] t= 529.2s | pag=603 | files=2446 | data=136 | cola= 306 | prio=40 | https://www.att.gob.bo/index.php/en/taxonomy/term/7?page=9
[ATT] t= 529.9s | pag=604 | files=2446 | data=136 | cola= 306 | prio=40 | https://www.att.gob.bo/index.php/en/taxonomy/term/7?page=10
[ATT] t= 530.7s | pag=605 | files=2446 | data=136 | cola= 306 | prio=40 | https://www.att.gob.bo/index.php/en/taxonomy/term/7?page=11
[ATT] t= 531.5s | pag=606 | files=2446 | data=136 | cola= 306 | prio=40 | https://www.att.gob.bo/index.php/en/taxonomy/term/7?page=12
[ATT] t= 532.5s | pag=607 | files=2446 | data=136 | cola= 306 | prio=40 | https://www.att.gob.bo/index.php/en/taxonomy/term/7?page=13
[ATT] t= 533.5s | pag=608 | files=2446 | data=136 | cola= 306 | prio=40 | https://www.att.gob.bo/index.php/en/taxonomy/term/7?page=14
[ATT] t= 534.2s | pag=609 | files=2446 | data=136 | cola= 306 | prio=40 | https://www.att.gob.bo/index.php/en/taxonomy/term/7?page=15
[ATT] t= 534.9s | pag=610 | files=2446 | data=136 | cola= 306 | prio=40 | https://www.att.gob.bo/index.php/en/taxonomy/term/7?page=16
[ATT] t= 535.6s | pag=611 | files=2446 | data=136 | cola= 306 | prio=40 | https://www.att.gob.bo/index.php/en/taxonomy/term/7?page=17
[ATT] t= 536.6s | pag=612 | files=2446 | data=136 | cola= 305 | prio=50 | https://www.att.gob.bo/index.php/en/att-registra-mas-de-16800-denuncias-en-la-plataforma-bloquea-la-estafa-durante-2026
[ATT] t= 537.5s | pag=613 | files=2446 | data=136 | cola= 304 | prio=50 | https://www.att.gob.bo/index.php/en/att-vela-por-el-cumplimiento-de-tarifas-maximas-y-refuerza-la-atencion-de-reclamos-en-el-transporte
[ATT] t= 538.6s | pag=614 | files=2446 | data=136 | cola= 303 | prio=50 | https://www.att.gob.bo/index.php/en/att-intensifica-controles-para-garantizar-el-cumplimiento-de-las-tarifas-maximas-en-vuelos
[ATT] t= 539.7s | pag=615 | files=2446 | data=136 | cola= 302 | prio=50 | https://www.att.gob.bo/index.php/en/att-y-caf-impulsan-la-modernizacion-del-monitoreo-del-espectro-radioelectrico-en-bolivia
[ATT] t= 540.8s | pag=616 | files=2446 | data=136 | cola= 301 | prio=50 | https://www.att.gob.bo/index.php/en/att-reafirma-su-compromiso-con-la-lucha-contra-el-racismo-y-toda-forma-de-discriminacion
[ATT] t= 541.5s | pag=617 | files=2446 | data=136 | cola= 300 | prio=50 | https://www.att.gob.bo/index.php/en/att-y-caf-coordinan-agenda-estrategica-para-impulsar-proyectos-de-infraestructura-digital
[ATT] t= 542.4s | pag=618 | files=2446 | data=136 | cola= 299 | prio=50 | https://www.att.gob.bo/index.php/en/att-fortalece-la-lucha-contra-el-fraude-digital-con-mas-de-16-mil-denuncias-registradas-en-bloquea
[ATT] t= 543.3s | pag=619 | files=2446 | data=136 | cola= 298 | prio=50 | https://www.att.gob.bo/index.php/en/att-amplia-autorizacion-tamep-para-fortalecer-la-conectividad-aerea-nacional
[ATT] t= 544.2s | pag=620 | files=2446 | data=136 | cola= 297 | prio=50 | https://www.att.gob.bo/index.php/en/la-att-y-operadores-internacionales-impulsan-mejoras-en-la-eficiencia-y-calidad-del-transporte
[ATT] t= 545.1s | pag=621 | files=2446 | data=136 | cola= 296 | prio=50 | https://www.att.gob.bo/index.php/en/att-realiza-operativo-y-secuestra-equipos-de-emisoras-ilegales-en-santa-cruz
[ATT] t= 545.5s | pag=622 | files=2446 | data=136 | cola= 295 | prio=50 | https://www.att.gob.bo/index.php/en/att-informa-que-bolibox-no-cuenta-con-cao-vigente-y-activa-proceso-de-revocatoria
[ATT] t= 546.7s | pag=623 | files=2446 | data=136 | cola= 294 | prio=50 | https://www.att.gob.bo/index.php/en/att-realiza-primera-inspeccion-de-verificacion-de-estandares-de-calidad-2026-en-el-aeropuerto
[ATT] t= 547.6s | pag=624 | files=2446 | data=136 | cola= 293 | prio=50 | https://www.att.gob.bo/index.php/en/la-att-ejecuto-operativos-intensivos-por-carnaval-y-registro-440-facilitaciones-y-456-acciones
[ATT] t= 548.5s | pag=625 | files=2446 | data=136 | cola= 292 | prio=50 | https://www.att.gob.bo/index.php/en/la-att-posiciona-bolivia-en-liderazgo-regional-al-asumir-la-copresidencia-del-comite-de-asuntos
[ATT] t= 548.9s | pag=626 | files=2446 | data=136 | cola= 291 | prio=50 | https://www.att.gob.bo/index.php/en/att-verifica-estandares-de-calidad-y-seguridad-del-tren-carnavalero-la-paz-oruro
[ATT] t= 549.8s | pag=627 | files=2446 | data=136 | cola= 290 | prio=50 | https://www.att.gob.bo/index.php/en/la-att-y-la-citel-establecen-alianza-de-cooperacion-tecnica-para-fortalecer-la-transformacion
[ATT] t= 550.5s | pag=628 | files=2446 | data=136 | cola= 289 | prio=50 | https://www.att.gob.bo/index.php/en/att-expone-ante-el-senado-la-situacion-del-ajuste-de-tarifas-maximas-del-transporte-aereo
[ATT] t= 551.2s | pag=629 | files=2446 | data=136 | cola= 288 | prio=50 | https://www.att.gob.bo/index.php/en/att-identifica-casos-de-cobro-indebido-de-tarifas-tras-la-aplicacion-del-ajuste-tarifario-temporal
[ATT] t= 551.7s | pag=630 | files=2446 | data=136 | cola= 287 | prio=50 | https://www.att.gob.bo/index.php/en/att-y-confederacion-de-choferes-acuerdan-tarifas-transitorias-para-el-transporte-interdepartamental
[ATT] t= 553.0s | pag=631 | files=2446 | data=136 | cola= 286 | prio=50 | https://www.att.gob.bo/index.php/en/att-y-transporte-interdepartamental-acuerdan-trabajo-conjunto-para-establecer-tarifas-justas
[ATT] t= 553.9s | pag=632 | files=2446 | data=136 | cola= 285 | prio=50 | https://www.att.gob.bo/index.php/en/att-instala-mesas-de-trabajo-con-transporte-interdepartamental-para-garantizar-el-servicio-y
[ATT] t= 554.7s | pag=633 | files=2446 | data=136 | cola= 284 | prio=50 | https://www.att.gob.bo/index.php/en/la-att-despliega-acciones-para-proteger-la-ciudadania-ante-la-situacion-de-vulnerabilidad-en-los
[ATT] t= 555.8s | pag=634 | files=2446 | data=136 | cola= 283 | prio=50 | https://www.att.gob.bo/index.php/en/la-att-refuerza-controles-durante-la-temporada-alta-y-registra-mas-de-300-atenciones-usuarios-en
[ATT] t= 556.6s | pag=635 | files=2446 | data=136 | cola= 282 | prio=50 | https://www.att.gob.bo/index.php/en/att-intensifica-operativos-de-control-en-terminales-y-aeropuertos-por-vacaciones-de-fin-de-ano
[ATT] t= 557.8s | pag=636 | files=2446 | data=136 | cola= 281 | prio=50 | https://www.att.gob.bo/index.php/en/la-att-verifica-con-exito-el-primer-simulacro-de-apagon-analogico-en-el-eje-troncal-del-pais
[ATT] t= 558.2s | pag=637 | files=2446 | data=136 | cola= 280 | prio=50 | https://www.att.gob.bo/index.php/en/att-realizara-el-primer-simulacro-del-apagon-analogico-el-30-de-noviembre-de-2025
[ATT] t= 558.9s | pag=638 | files=2446 | data=136 | cola= 279 | prio=50 | https://www.att.gob.bo/index.php/en/resena-biografica-de-carlos-alberto-agreda-lema-nueva-autoridad-de-la-att
[ATT] t= 560.1s | pag=639 | files=2446 | data=136 | cola= 278 | prio=50 | https://www.att.gob.bo/index.php/en/el-ministro-de-obras-publicas-posesiona-al-nuevo-director-ejecutivo-de-la-att-lic-carlos-alberto
[ATT] t= 560.9s | pag=640 | files=2446 | data=136 | cola= 277 | prio=50 | https://www.att.gob.bo/index.php/en/la-att-realiza-inspeccion-tecnico-administrativa-en-el-marco-de-la-investigacion-sobre-el-manejo-de
[ATT] t= 561.7s | pag=641 | files=2446 | data=136 | cola= 276 | prio=50 | https://www.att.gob.bo/index.php/es/la-att-fiscaliza-el-uso-legal-del-espectro-y-la-seguridad-aerea-en-la-paz-y-el-alto
[ATT] t= 563.1s | pag=642 | files=2446 | data=136 | cola= 329 | prio= 2 | https://www.att.gob.bo/index.php/es/node/906
[ATT] t= 564.4s | pag=643 | files=2446 | data=136 | cola= 329 | prio= 2 | https://www.att.gob.bo/index.php/es/node/905
[ATT] t= 564.8s | pag=644 | files=2446 | data=136 | cola= 328 | prio= 2 | https://www.att.gob.bo/index.php/es/node/904
[ATT] t= 566.1s | pag=645 | files=2446 | data=136 | cola= 329 | prio= 2 | https://www.att.gob.bo/index.php/es/node/1813
[ATT] t= 567.3s | pag=646 | files=2446 | data=136 | cola= 328 | prio= 2 | https://www.att.gob.bo/index.php/es/node/364
[ATT] t= 568.7s | pag=647 | files=2446 | data=137 | cola= 327 | prio= 2 | https://www.att.gob.bo/index.php/es/node/1644
[ATT] t= 569.8s | pag=648 | files=2446 | data=137 | cola= 380 | prio= 2 | https://www.att.gob.bo/index.php/es/node/1649
[ATT] t= 571.0s | pag=649 | files=2446 | data=137 | cola= 379 | prio= 2 | https://www.att.gob.bo/index.php/es/node/1637
[ATT] t= 571.6s | pag=650 | files=2446 | data=138 | cola= 378 | prio= 2 | https://www.att.gob.bo/index.php/es/node/1642
[ATT] t= 572.4s | pag=651 | files=2446 | data=139 | cola= 377 | prio= 2 | https://www.att.gob.bo/index.php/es/node/244
[ATT] t= 573.1s | pag=652 | files=2446 | data=140 | cola= 376 | prio= 2 | https://www.att.gob.bo/index.php/es/node/operadorespostal
[ATT] t= 573.8s | pag=652 | files=2446 | data=140 | cola= 375 | prio= 2 | https://www.att.gob.bo/index.php/es/node/transportes/usuario
[ATT] t= 575.0s | pag=652 | files=2446 | data=140 | cola= 374 | prio= 2 | https://www.att.gob.bo/index.php/es/node/transportes/operador
[ATT] t= 576.4s | pag=652 | files=2446 | data=140 | cola= 373 | prio= 2 | https://www.att.gob.bo/es/node/906
[ATT] t= 577.6s | pag=653 | files=2446 | data=140 | cola= 373 | prio= 2 | https://www.att.gob.bo/es/node/905
[ATT] t= 578.5s | pag=654 | files=2446 | data=140 | cola= 372 | prio= 2 | https://www.att.gob.bo/es/node/904
[ATT] t= 579.3s | pag=655 | files=2446 | data=140 | cola= 373 | prio= 2 | https://www.att.gob.bo/es/node/1813
[ATT] t= 580.3s | pag=656 | files=2446 | data=140 | cola= 372 | prio= 2 | https://www.att.gob.bo/es/node/364
[ATT] t= 580.6s | pag=657 | files=2446 | data=141 | cola= 371 | prio= 2 | https://www.att.gob.bo/es/node/1644
[ATT] t= 581.1s | pag=658 | files=2446 | data=141 | cola= 370 | prio= 2 | https://www.att.gob.bo/es/node/1649
[ATT] t= 581.8s | pag=659 | files=2446 | data=141 | cola= 369 | prio= 2 | https://www.att.gob.bo/es/node/1637
[ATT] t= 582.7s | pag=660 | files=2446 | data=142 | cola= 368 | prio= 2 | https://www.att.gob.bo/es/node/1642
[ATT] t= 583.7s | pag=661 | files=2446 | data=143 | cola= 367 | prio= 2 | https://www.att.gob.bo/es/node/244
[ATT] t= 584.1s | pag=662 | files=2446 | data=144 | cola= 366 | prio= 2 | https://www.att.gob.bo/es/node/operadorespostal
[ATT] t= 584.9s | pag=662 | files=2446 | data=144 | cola= 365 | prio= 2 | https://www.att.gob.bo/es/node/transportes/usuario
[ATT] t= 585.9s | pag=662 | files=2446 | data=144 | cola= 364 | prio= 2 | https://www.att.gob.bo/es/node/transportes/operador
[ATT] t= 587.1s | pag=662 | files=2446 | data=144 | cola= 363 | prio=10 | https://www.att.gob.bo/index.php/es/node/1652
[ATT] t= 588.0s | pag=663 | files=2446 | data=145 | cola= 362 | prio=10 | https://www.att.gob.bo/index.php/es/node/1653
[ATT] t= 588.4s | pag=664 | files=2446 | data=146 | cola= 361 | prio=10 | https://www.att.gob.bo/index.php/es/node/1661
[ATT] t= 589.4s | pag=665 | files=2446 | data=146 | cola= 360 | prio=10 | https://www.att.gob.bo/index.php/es/node/1662
[ATT] t= 590.7s | pag=666 | files=2446 | data=147 | cola= 359 | prio=10 | https://www.att.gob.bo/index.php/es/node/359
[ATT] t= 591.6s | pag=667 | files=2446 | data=148 | cola= 358 | prio=10 | https://www.att.gob.bo/index.php/es/node/1650
[ATT] t= 592.1s | pag=668 | files=2446 | data=148 | cola= 357 | prio=10 | https://www.att.gob.bo/index.php/es/node/1636
[ATT] t= 592.6s | pag=669 | files=2446 | data=149 | cola= 356 | prio=10 | https://www.att.gob.bo/index.php/es/node/1643
[ATT] DATASETS=150 | data_html_table | https://www.att.gob.bo/index.php/es/node/1643
[ATT] t= 594.1s | pag=670 | files=2446 | data=150 | cola= 355 | prio=10 | https://www.att.gob.bo/es/node/1652
[ATT] t= 595.2s | pag=671 | files=2446 | data=151 | cola= 354 | prio=10 | https://www.att.gob.bo/es/node/1653
[ATT] t= 595.6s | pag=672 | files=2446 | data=152 | cola= 353 | prio=10 | https://www.att.gob.bo/es/node/1661
[ATT] t= 596.2s | pag=673 | files=2446 | data=152 | cola= 352 | prio=10 | https://www.att.gob.bo/es/node/1662
[ATT] t= 597.1s | pag=674 | files=2446 | data=153 | cola= 351 | prio=10 | https://www.att.gob.bo/es/node/359
[ATT] t= 598.0s | pag=675 | files=2446 | data=154 | cola= 350 | prio=10 | https://www.att.gob.bo/es/node/1650
[ATT] t= 598.4s | pag=676 | files=2446 | data=154 | cola= 349 | prio=10 | https://www.att.gob.bo/es/node/1636
[ATT] t= 599.8s | pag=677 | files=2446 | data=155 | cola= 348 | prio=10 | https://www.att.gob.bo/es/node/1643
[ATT] t= 600.1s | pag=678 | files=2446 | data=156 | cola= 347 | prio=50 | https://www.att.gob.bo/index.php/en/la-att-levanta-acta-de-infraccion-e-iniciara-investigacion-por-incendio-de-bus-en-la-ruta-la-paz
[ATT] t= 601.3s | pag=679 | files=2446 | data=156 | cola= 346 | prio=50 | https://www.att.gob.bo/index.php/en/la-att-solicita-la-suspension-de-licencia-de-conductores-en-estado-de-ebriedad-y-rescata-dos
[ATT] t= 602.0s | pag=680 | files=2446 | data=156 | cola= 345 | prio=50 | https://www.att.gob.bo/index.php/en/la-att-impulsa-el-plan-de-alfabetizacion-digital-para-reducir-la-brecha-tecnologica-en-bolivia
[ATT] t= 602.5s | pag=681 | files=2446 | data=156 | cola= 344 | prio=50 | https://www.att.gob.bo/index.php/en/la-att-inicia-procesos-sancionadores-trans-lujan-y-solicita-la-revocatoria-definitiva-de-las
[ATT] t= 603.5s | pag=682 | files=2446 | data=156 | cola= 343 | prio=50 | https://www.att.gob.bo/index.php/en/la-att-gestiona-cursos-de-manejo-defensivo-para-mejorar-la-seguridad-vial
[ATT] t= 604.0s | pag=683 | files=2446 | data=156 | cola= 342 | prio=50 | https://www.att.gob.bo/index.php/en/la-att-atendio-mas-de-9400-denuncias-en-la-plataforma-bloquea-la-estafa-las-ciudades-mas-afectadas
[ATT] t= 604.7s | pag=684 | files=2446 | data=156 | cola= 341 | prio=50 | https://www.att.gob.bo/index.php/en/la-att-aplica-medidas-sancionatorias-tras-accidentes-en-carretera
[ATT] t= 605.5s | pag=685 | files=2446 | data=156 | cola= 340 | prio=50 | https://www.att.gob.bo/index.php/en/la-att-refuerza-controles-ante-los-deslizamientos-en-carreteras-por-intensas-lluvias-para
[ATT] t= 606.7s | pag=686 | files=2446 | data=156 | cola= 339 | prio=50 | https://www.att.gob.bo/index.php/en/la-att-junto-la-policia-desarticulan-red-de-robo-de-cables-y-baterias-en-santa-cruz
[ATT] t= 607.6s | pag=687 | files=2446 | data=156 | cola= 338 | prio=50 | https://www.att.gob.bo/index.php/en/att-refuerza-controles-en-terminales-y-aeropuertos-con-el-operativo-challa-y-carnaval-con-viaje
[ATT] t= 608.7s | pag=688 | files=2446 | data=156 | cola= 337 | prio=50 | https://www.att.gob.bo/index.php/en/la-att-sanciona-y-suspende-dos-empresas-de-transporte-terrestre-por-poner-en-riesgo-la-seguridad-de
[ATT] t= 609.6s | pag=689 | files=2446 | data=156 | cola= 336 | prio=50 | https://www.att.gob.bo/index.php/en/la-att-controla-itinerarios-y-refuerza-la-atencion-pasajeros-con-el-operativo-tu-viaje-nuestra
[ATT] t= 610.4s | pag=690 | files=2446 | data=156 | cola= 335 | prio=50 | https://www.att.gob.bo/index.php/en/la-att-impulsa-la-capacitacion-de-conductores-para-mejorar-la-seguridad-vial-en-santa-cruz
[ATT] t= 611.0s | pag=691 | files=2446 | data=156 | cola= 334 | prio=50 | https://www.att.gob.bo/index.php/en/att-refuerza-controles-en-aeropuertos-con-el-operativo-tu-viaje-nuestra-prioridad
[ATT] t= 611.8s | pag=692 | files=2446 | data=156 | cola= 333 | prio=50 | https://www.att.gob.bo/index.php/en/la-att-bloquea-mas-de-400-lineas-e-imeis-usados-para-estafas-en-enero
[ATT] t= 612.5s | pag=693 | files=2446 | data=156 | cola= 332 | prio=50 | https://www.att.gob.bo/index.php/en/mi-vuelo-20-supera-las-130000-visitas-y-mejora-la-experiencia-de-los-pasajeros-con-7
[ATT] t= 613.7s | pag=694 | files=2446 | data=156 | cola= 331 | prio=50 | https://www.att.gob.bo/index.php/en/att-refuerza-la-seguridad-vial-con-capacitaciones-para-transportistas-sancionados
[ATT] t= 614.8s | pag=695 | files=2446 | data=156 | cola= 330 | prio=50 | https://www.att.gob.bo/index.php/en/la-att-suspende-la-empresa-panamericana-frente-al-tragico-accidente-que-cobro-19-vidas
[ATT] t= 616.0s | pag=696 | files=2446 | data=156 | cola= 329 | prio=50 | https://www.att.gob.bo/index.php/en/la-att-ejecuto-mas-de-6700-acciones-correctivas-en-los-operativos-nacionales-de-transporte
[ATT] t= 616.9s | pag=697 | files=2446 | data=156 | cola= 328 | prio=50 | https://www.att.gob.bo/index.php/en/la-att-toma-acciones-inmediatas-contra-operador-infractor-andesmar-avaroa-2
[ATT] t= 617.9s | pag=698 | files=2446 | data=156 | cola= 327 | prio=50 | https://www.att.gob.bo/index.php/en/la-att-gestiona-soluciones-para-usuarios-de-transporte-terrestre-interdepartamental
[ATT] t= 618.6s | pag=699 | files=2446 | data=156 | cola= 326 | prio=50 | https://www.att.gob.bo/index.php/en/att-conmina-la-administracion-de-la-terminal-de-buses-de-tarija-detener-los-cobros-ilegales-en-la
[ATT] t= 619.5s | pag=700 | files=2446 | data=156 | cola= 325 | prio=50 | https://www.att.gob.bo/index.php/en/la-att-coordina-acciones-para-normalizar-el-flujo-de-viajeros-en-la-frontera-pisiga-colchane
[ATT] t= 620.6s | pag=701 | files=2446 | data=156 | cola= 324 | prio=50 | https://www.att.gob.bo/index.php/en/att-regala-miles-de-sonrisas-como-resultado-de-la-campana-solidaria-de-navidad
[ATT] t= 621.0s | pag=702 | files=2446 | data=156 | cola= 323 | prio=50 | https://www.att.gob.bo/index.php/en/att-lanza-mi-vuelo-20-para-facilitar-los-viajes-aereos-en-bolivia
[ATT] t= 621.5s | pag=703 | files=2446 | data=156 | cola= 322 | prio=50 | https://www.att.gob.bo/index.php/en/att-devuelve-440-pasajes-con-sobreprecio-durante-operativo-navideno
[ATT] t= 622.5s | pag=704 | files=2446 | data=156 | cola= 321 | prio=50 | https://www.att.gob.bo/index.php/en/att-sanciona-boa-con-mas-de-bs-650-mil-por-incumplimientos-en-puntualidad
[ATT] t= 623.1s | pag=705 | files=2446 | data=156 | cola= 320 | prio=50 | https://www.att.gob.bo/index.php/en/att-protege-pasajeros-afectados-por-demora-de-vuelo-de-boa-en-miami
[ATT] t= 624.1s | pag=706 | files=2446 | data=156 | cola= 319 | prio=50 | https://www.att.gob.bo/index.php/en/att-refuerza-controles-en-aeropuertos-y-sanciona-boa-por-incumplimientos
[ATT] t= 625.1s | pag=707 | files=2446 | data=156 | cola= 318 | prio=50 | https://www.att.gob.bo/index.php/en/att-presenta-el-primer-laboratorio-5g-de-bolivia-un-hito-en-la-innovacion-tecnologica
[ATT] t= 626.0s | pag=708 | files=2446 | data=156 | cola= 317 | prio=50 | https://www.att.gob.bo/index.php/en/att-impulsa-la-capacitacion-de-conductores-para-mejorar-la-seguridad-vial-en-bolivia
[ATT] t= 626.7s | pag=709 | files=2446 | data=156 | cola= 316 | prio=50 | https://www.att.gob.bo/index.php/en/la-att-renueva-autorizacion-de-latam-para-transporte-aereo-internacional
[ATT] t= 627.5s | pag=710 | files=2446 | data=156 | cola= 315 | prio=50 | https://www.att.gob.bo/index.php/en/att-boliviana-de-aviacion-debe-responder-pasajeros-afectados-en-7-dias
[ATT] t= 628.3s | pag=711 | files=2446 | data=156 | cola= 314 | prio=50 | https://www.att.gob.bo/index.php/en/att-lanza-navidad-segura-con-paz-y-unidad-un-operativo-para-proteger-viajeros-y-promover-una
[ATT] t= 629.5s | pag=712 | files=2446 | data=156 | cola= 313 | prio=50 | https://www.att.gob.bo/index.php/en/la-att-reafirma-su-compromiso-con-la-lucha-contra-la-trata-y-trafico-de-personas-en-el-dia-contra
[ATT] t= 630.2s | pag=713 | files=2446 | data=156 | cola= 312 | prio=50 | https://www.att.gob.bo/index.php/en/att-habilita-plataforma-digital-para-el-registro-de-aplicaciones-de-transporte-de-pasajeros
[ATT] t= 630.8s | pag=714 | files=2446 | data=156 | cola= 311 | prio=50 | https://www.att.gob.bo/index.php/en/att-y-citel-unen-fuerzas-para-impulsar-la-conectividad-en-bolivia
[ATT] t= 631.6s | pag=715 | files=2446 | data=156 | cola= 310 | prio=50 | https://www.att.gob.bo/index.php/en/la-att-inicia-procesos-sancionatorios-contra-villa-del-norte-por-accidente-fatal
[ATT] t= 632.5s | pag=716 | files=2446 | data=156 | cola= 309 | prio=50 | https://www.att.gob.bo/index.php/en/att-las-falsas-asistencias-tecnicas-de-telefonicas-son-el-principal-engano-utilizado-por-los
[ATT] t= 633.6s | pag=717 | files=2446 | data=156 | cola= 308 | prio=50 | https://www.att.gob.bo/index.php/en/la-att-renueva-autorizacion-paranair-impulsando-beneficios-economicos-y-turisticos-para-el-pais
[ATT] t= 634.3s | pag=718 | files=2446 | data=156 | cola= 307 | prio=50 | https://www.att.gob.bo/index.php/en/bolivia-y-china-firman-memorando-para-impulsar-la-economia-digital-en-bolivia
[ATT] t= 635.0s | pag=719 | files=2446 | data=156 | cola= 306 | prio=50 | https://www.att.gob.bo/index.php/en/att-garantiza-tarifas-aereas-sin-excedentes-ante-incremento-de-demanda-de-vuelos-por-bloqueos
[ATT] t= 636.1s | pag=720 | files=2446 | data=156 | cola= 305 | prio=50 | https://www.att.gob.bo/index.php/en/bloqueos-en-el-pais-afectan-mas-de-81-mil-pasajeros-y-generan-perdidas-superiores-los-10-millones
[ATT] t= 637.0s | pag=721 | files=2446 | data=156 | cola= 304 | prio=50 | https://www.att.gob.bo/index.php/en/la-att-aprueba-el-reglamento-para-el-registro-nacional-de-aplicaciones-digitales-de-transporte-de
[ATT] t= 638.1s | pag=722 | files=2446 | data=156 | cola= 303 | prio=50 | https://www.att.gob.bo/index.php/en/warmis-killari-att-cuenta-con-el-primer-comite-de-mujeres-en-entidades-publicas-para-promover-la
[ATT] t= 639.2s | pag=723 | files=2446 | data=156 | cola= 302 | prio=50 | https://www.att.gob.bo/index.php/en/la-att-refuerza-controles-ante-amenazas-de-bloqueos-y-garantiza-cumplimiento-de-tarifas-y-horarios
[ATT] t= 639.9s | pag=724 | files=2446 | data=156 | cola= 301 | prio=50 | https://www.att.gob.bo/index.php/en/la-att-advierte-sobre-estafas-digitales-traves-de-falsas-campanas-solidarias
[ATT] t= 640.6s | pag=725 | files=2446 | data=156 | cola= 300 | prio=50 | https://www.att.gob.bo/index.php/en/att-fortalece-las-habilidades-del-transporte-terrestre-interdepartamental-en-cochabamba
[ATT] t= 641.1s | pag=726 | files=2446 | data=156 | cola= 299 | prio=50 | https://www.att.gob.bo/index.php/en/la-att-impulsa-la-seguridad-en-internet-con-la-implementacion-de-rpki
[ATT] t= 642.3s | pag=727 | files=2446 | data=156 | cola= 298 | prio=50 | https://www.att.gob.bo/index.php/en/juntos-por-la-amazonia-la-campana-solidaria-de-la-att-logra-reunir-215-toneladas-de-ayuda
[ATT] t= 643.0s | pag=728 | files=2446 | data=156 | cola= 297 | prio=50 | https://www.att.gob.bo/index.php/en/att-desmiente-que-la-revocatoria-de-la-licencia-de-la-radio-fm-bolivia-fue-dejada-sin-efecto
[ATT] t= 644.0s | pag=729 | files=2446 | data=156 | cola= 296 | prio=50 | https://www.att.gob.bo/index.php/en/la-att-clausura-19-operadores-de-transporte-ilegales-en-santa-cruz
[ATT] t= 644.6s | pag=730 | files=2446 | data=156 | cola= 295 | prio=50 | https://www.att.gob.bo/index.php/en/la-att-habilita-puntos-de-donacion-en-terminales-y-aeropuertos-para-acopiar-apoyo-los-voluntarios-y
[ATT] t= 645.4s | pag=731 | files=2446 | data=156 | cola= 294 | prio=50 | https://www.att.gob.bo/index.php/en/la-att-verifica-la-calidad-del-servicio-movil-en-la-paz-con-entel-tigo-y-viva
[ATT] t= 646.1s | pag=732 | files=2446 | data=156 | cola= 293 | prio=50 | https://www.att.gob.bo/index.php/en/como-viajar-en-el-dia-del-peaton-conoce-los-horarios-de-las-terminales-y-aeropuertos
[ATT] t= 646.7s | pag=733 | files=2446 | data=156 | cola= 292 | prio=50 | https://www.att.gob.bo/index.php/en/la-att-procesa-trans-narvaez-por-incumplimientos-y-accidentes-con-victimas-fatales
[ATT] t= 647.9s | pag=734 | files=2446 | data=156 | cola= 291 | prio=50 | https://www.att.gob.bo/index.php/en/la-att-toma-medidas-sancionatorias-contra-trans-narvaez-y-requerira-la-revocatoria-de-su
[ATT] t= 649.0s | pag=735 | files=2446 | data=156 | cola= 290 | prio=50 | https://www.att.gob.bo/index.php/en/la-att-toma-medidas-tras-detencion-de-un-conductor-en-estado-de-ebriedad-en-tarija
[ATT] t= 650.0s | pag=736 | files=2446 | data=156 | cola= 289 | prio=50 | https://www.att.gob.bo/index.php/en/las-aplicaciones-para-el-transporte-de-pasajeros-seran-registradas-por-la-att-para-garantizar-la
[ATT] t= 650.6s | pag=737 | files=2446 | data=156 | cola= 288 | prio=50 | https://www.att.gob.bo/index.php/en/la-att-continua-el-operativo-tarifa-controlada-economia-asegurada-para-garantizar-los-derechos-de
[ATT] t= 651.4s | pag=738 | files=2446 | data=156 | cola= 287 | prio=50 | https://www.att.gob.bo/index.php/en/la-att-ejecuta-un-operativo-para-reforzar-los-controles-en-sucre-durante-las-fiestas-patrias
[ATT] t= 652.6s | pag=739 | files=2446 | data=156 | cola= 286 | prio=50 | https://www.att.gob.bo/index.php/en/cooperacion-interinstitucional-entre-att-y-ait-fortalecera-servicios-la-sociedad-boliviana
[ATT] t= 653.6s | pag=740 | files=2446 | data=156 | cola= 285 | prio=50 | https://www.att.gob.bo/index.php/en/la-att-ejecuta-operativo-tarifa-controlada-economia-asegurada-para-proteger-pasajeros-del
[ATT] t= 654.6s | pag=741 | files=2446 | data=156 | cola= 284 | prio=50 | https://www.att.gob.bo/index.php/en/finaliza-con-exito-la-3ra-version-de-la-campana-solidaria-abrigate-con-la-att-que-coadyuvo-31-mil
[ATT] t= 655.4s | pag=742 | files=2446 | data=156 | cola= 283 | prio=50 | https://www.att.gob.bo/index.php/en/la-att-se-adhiere-la-denuncia-contra-implicados-en-atentado-la-seguridad-de-servicios-publicos
[ATT] t= 656.0s | pag=743 | files=2446 | data=156 | cola= 282 | prio=50 | https://www.att.gob.bo/index.php/en/att-air-france-continua-operando-con-normalidad
[ATT] t= 656.5s | pag=744 | files=2446 | data=156 | cola= 281 | prio=50 | https://www.att.gob.bo/index.php/en/la-att-realiza-entrega-masiva-de-la-campana-nacional-abrigate-con-la-att-para-apoyar-personas
[ATT] t= 657.4s | pag=745 | files=2446 | data=156 | cola= 280 | prio=50 | https://www.att.gob.bo/index.php/en/clausura-exitosa-del-stand-de-la-att-en-lapazexpone-2024-con-tecnologia-transformadora
[ATT] t= 658.2s | pag=746 | files=2446 | data=156 | cola= 279 | prio=50 | https://www.att.gob.bo/index.php/en/la-att-garantiza-el-bienestar-de-63-menores-en-vuelo-retrasado-por-el-huracan-beryl
[ATT] t= 658.8s | pag=747 | files=2446 | data=156 | cola= 278 | prio=50 | https://www.att.gob.bo/index.php/en/la-att-protege-pasajeros-afectados-por-sobreventa-durante-el-operativo-pequenos-viajeros-grandes
[ATT] t= 659.5s | pag=748 | files=2446 | data=156 | cola= 277 | prio=50 | https://www.att.gob.bo/index.php/en/la-att-otorgara-licencias-de-internet-inalambrico-fijo-en-la-banda-de-5-ghz
[ATT] t= 660.6s | pag=749 | files=2446 | data=156 | cola= 276 | prio=50 | https://www.att.gob.bo/index.php/en/la-att-inicia-operativo-pequenos-viajeros-grandes-cuidados-para-garantizar-la-seguridad-de-los
[ATT] t= 661.2s | pag=750 | files=2446 | data=156 | cola= 275 | prio=50 | https://www.att.gob.bo/index.php/en/la-att-continua-especializando-internacionalmente-profesionales-en-la-construccion-de-redes
[ATT] t= 662.2s | pag=751 | files=2446 | data=156 | cola= 274 | prio=50 | https://www.att.gob.bo/index.php/en/la-att-inicia-proceso-sancionatorio-contra-ecojet-por-incumplimiento-normativo-en-la-cancelacion-de
[ATT] t= 663.3s | pag=752 | files=2446 | data=156 | cola= 273 | prio=50 | https://www.att.gob.bo/index.php/en/la-att-continua-promoviendo-la-formacion-profesional-de-la-juventud-en-el-pais
[ATT] t= 664.1s | pag=753 | files=2446 | data=156 | cola= 272 | prio=50 | https://www.att.gob.bo/index.php/en/la-att-emite-conminatoria-ferroviaria-andina-para-reposicion-de-rieles-en-el-tramo-sucre-potosi
[ATT] t= 664.5s | pag=754 | files=2446 | data=156 | cola= 271 | prio=50 | https://www.att.gob.bo/index.php/en/att-advierte-un-dano-economico-de-bs-9-millones-si-el-bloqueo-persiste-en-su-segundo-dia
[ATT] t= 665.1s | pag=755 | files=2446 | data=156 | cola= 270 | prio=50 | https://www.att.gob.bo/index.php/en/la-att-lanza-la-tercera-version-de-la-campana-abrigate-con-la-att
[ATT] t= 666.1s | pag=756 | files=2446 | data=156 | cola= 269 | prio=50 | https://www.att.gob.bo/index.php/en/la-att-brinda-su-mano-amiga-personas-en-situaciones-de-vulnerabilidad-identificadas-en-el
[ATT] t= 667.1s | pag=757 | files=2446 | data=156 | cola= 268 | prio=50 | https://www.att.gob.bo/index.php/en/encuentro-bilateral-entre-bolivia-y-brasil-impulsa-cooperacion-en-el-transporte-terrestre
[ATT] t= 668.1s | pag=758 | files=2446 | data=156 | cola= 267 | prio=50 | https://www.att.gob.bo/index.php/en/att-los-bloqueos-de-carreteras-afectan-mas-de-17-mil-pasajeros-y-generan-un-dano-economico-de-mas
[ATT] t= 668.7s | pag=759 | files=2446 | data=156 | cola= 266 | prio=50 | https://www.att.gob.bo/index.php/en/conoce-las-estrategias-mas-comunes-que-utilizan-los-estafadores-en-el-pais
[ATT] t= 669.4s | pag=760 | files=2446 | data=156 | cola= 265 | prio=50 | https://www.att.gob.bo/index.php/en/unete-al-hackathon-codeatt-v20-y-descubre-el-futuro-de-la-innovacion-tecnologica-junto-la-att
[ATT] t= 670.1s | pag=761 | files=2446 | data=156 | cola= 264 | prio=50 | https://www.att.gob.bo/index.php/en/la-att-verifica-la-disponibilidad-y-funcionalidad-de-los-equipos-en-el-aeropuerto-internacional-de
[ATT] t= 670.5s | pag=762 | files=2446 | data=156 | cola= 263 | prio=50 | https://www.att.gob.bo/index.php/en/celebrando-el-dia-de-las-ninas-en-las-tic-la-att-empodero-las-futuras-lideres-digitales-en-el
[ATT] t= 671.4s | pag=763 | files=2446 | data=156 | cola= 262 | prio=50 | https://www.att.gob.bo/index.php/en/la-att-lanza-plan-de-fumigacion-en-terminales-interdepartamentales-para-garantizar-la-seguridad-y
[ATT] t= 672.6s | pag=764 | files=2446 | data=156 | cola= 261 | prio=50 | https://www.att.gob.bo/index.php/en/alianza-interinstitucional-la-estrategia-del-gobierno-para-combatir-las-estafas-en-linea-mediante
[ATT] t= 673.1s | pag=765 | files=2446 | data=156 | cola= 260 | prio=50 | https://www.att.gob.bo/index.php/en/la-att-sanciona-4-empresas-de-transporte-por-incumplimiento-en-el-llenado-de-planillas-de-pasajeros
[ATT] t= 674.2s | pag=766 | files=2446 | data=156 | cola= 259 | prio=50 | https://www.att.gob.bo/index.php/en/la-att-advierte-que-la-prueba-piloto-de-retiro-de-cableado-de-la-alcaldia-de-tarija-carece-de
[ATT] t= 675.1s | pag=767 | files=2446 | data=156 | cola= 258 | prio=50 | https://www.att.gob.bo/index.php/en/reconocen-internacionalmente-la-gestion-de-la-att-en-la-reunion-del-foro-regulatel-en-montevideo
[ATT] t= 676.0s | pag=768 | files=2446 | data=156 | cola= 257 | prio=50 | https://www.att.gob.bo/index.php/en/logros-att
[ATT] t= 676.7s | pag=769 | files=2446 | data=156 | cola= 256 | prio=50 | https://www.att.gob.bo/index.php/en/node/889
[ATT] t= 677.3s | pag=770 | files=2446 | data=156 | cola= 255 | prio=50 | https://www.att.gob.bo/index.php/en/node/888
[ATT] t= 678.5s | pag=771 | files=2446 | data=156 | cola= 254 | prio=50 | https://www.att.gob.bo/index.php/en/node/887
[ATT] t= 679.1s | pag=772 | files=2446 | data=156 | cola= 253 | prio=50 | https://www.att.gob.bo/index.php/en/node/886
[ATT] t= 680.1s | pag=773 | files=2446 | data=156 | cola= 252 | prio=50 | https://www.att.gob.bo/index.php/en/node/885
[ATT] t= 681.2s | pag=774 | files=2446 | data=156 | cola= 251 | prio=50 | https://www.att.gob.bo/index.php/en/node/876
[ATT] t= 681.8s | pag=775 | files=2446 | data=156 | cola= 250 | prio=50 | https://www.att.gob.bo/index.php/en/node/875
[ATT] t= 682.7s | pag=776 | files=2446 | data=156 | cola= 249 | prio=50 | https://www.att.gob.bo/index.php/en/node/844
[ATT] t= 683.5s | pag=777 | files=2446 | data=156 | cola= 248 | prio=50 | https://www.att.gob.bo/index.php/en/node/843
[ATT] t= 684.3s | pag=778 | files=2446 | data=156 | cola= 247 | prio=50 | https://www.att.gob.bo/index.php/en/node/866
[ATT] t= 684.9s | pag=779 | files=2446 | data=156 | cola= 246 | prio=50 | https://www.att.gob.bo/index.php/en/node/865
[ATT] t= 685.5s | pag=780 | files=2446 | data=156 | cola= 245 | prio=50 | https://www.att.gob.bo/mediciones-de-radiacion-no-ionizante-cochabamba-oruro-0
[ATT] t= 686.2s | pag=781 | files=2446 | data=156 | cola= 266 | prio=50 | https://www.att.gob.bo/mediciones-de-radiacion-no-ionizante-la-paz-pando
[ATT] t= 687.4s | pag=782 | files=2446 | data=156 | cola= 287 | prio=50 | https://www.att.gob.bo/mediciones-de-radiacion-no-ionizante-santa-cruz-beni-0
[ATT] t= 688.3s | pag=783 | files=2446 | data=156 | cola= 308 | prio=50 | https://www.att.gob.bo/mediciones-de-radiacion-no-ionizante-tarija-potosi-chuquisaca-0
[ATT] t= 689.2s | pag=784 | files=2446 | data=156 | cola= 340 | prio=50 | https://www.att.gob.bo/monitoreo-de-espectro-am-fm-tv-y-ctv
[ATT] t= 690.2s | pag=785 | files=2449 | data=157 | cola= 339 | prio=50 | https://www.att.gob.bo/licitaciones-radiodifusion-gestion-2025
[ATT] t= 690.7s | pag=786 | files=2470 | data=158 | cola= 338 | prio=50 | https://www.att.gob.bo/licitaciones-radiodifusion-gestion-2024
[ATT] t= 691.6s | pag=787 | files=2543 | data=159 | cola= 337 | prio=50 | https://www.att.gob.bo/licitaciones-radiodifusion-gestion-2023
[ATT] t= 692.1s | pag=788 | files=2560 | data=160 | cola= 336 | prio=50 | https://www.att.gob.bo/licitaciones-radiodifusion-gestion-2022
[ATT] t= 693.2s | pag=789 | files=2595 | data=161 | cola= 335 | prio=50 | https://www.att.gob.bo/licitaciones-gestion-2020
[ATT] t= 693.8s | pag=790 | files=2615 | data=162 | cola= 334 | prio=50 | https://www.att.gob.bo/licitaciones-radiodifusion-gestion-2019
[ATT] t= 694.7s | pag=791 | files=2629 | data=163 | cola= 333 | prio=50 | https://www.att.gob.bo/licitaciones-radiodifusion-gestion-2018
[ATT] t= 695.2s | pag=792 | files=2707 | data=164 | cola= 332 | prio=50 | https://www.att.gob.bo/convocatorias-y-cronogramas-de-asignacion-frecuencias-de-radiodifusion
[ATT] t= 696.0s | pag=793 | files=2711 | data=165 | cola= 331 | prio=50 | https://www.att.gob.bo/metas-cooperativas
[ATT] t= 696.6s | pag=794 | files=2711 | data=166 | cola= 330 | prio=50 | https://www.att.gob.bo/modelos-obi-y-contrato-de-interconexion
[ATT] t= 696.9s | pag=795 | files=2713 | data=167 | cola= 329 | prio=50 | https://www.att.gob.bo/plan-nacional-de-frecuencias
[ATT] t= 697.4s | pag=796 | files=2714 | data=167 | cola= 328 | prio=50 | https://www.att.gob.bo/sifcu
[ATT] t= 698.4s | pag=797 | files=2740 | data=168 | cola= 327 | prio=50 | https://www.att.gob.bo/tarifas-roaming-moviles
[ATT] t= 699.4s | pag=798 | files=2743 | data=169 | cola= 326 | prio=50 | https://www.att.gob.bo/tarifas-de-internet
[ATT] t= 700.4s | pag=799 | files=2743 | data=169 | cola= 325 | prio=50 | https://www.att.gob.bo/radioaficionados
[ATT] t= 701.0s | pag=800 | files=2743 | data=169 | cola= 324 | prio=50 | https://www.att.gob.bo/licitaciones-de-frecuencias-servicios-publicos
[ATT] t= 702.1s | pag=801 | files=2743 | data=169 | cola= 327 | prio=10 | https://www.att.gob.bo/extracto-de-publicaciones-servicios-publicos-2019
[ATT] t= 702.7s | pag=802 | files=2749 | data=170 | cola= 326 | prio=10 | https://www.att.gob.bo/extracto-de-publicaciones-servicios-publicos-2018
[ATT] t= 703.3s | pag=803 | files=2775 | data=171 | cola= 325 | prio=50 | https://www.att.gob.bo/medidor-de-velocidad-de-internet
[ATT] t= 703.7s | pag=804 | files=2775 | data=171 | cola= 324 | prio=50 | https://www.att.gob.bo/decretos-sobre-tdt
[ATT] t= 704.5s | pag=805 | files=2786 | data=172 | cola= 323 | prio=50 | https://www.att.gob.bo/preguntas-frecuentes
[ATT] t= 705.3s | pag=806 | files=2786 | data=173 | cola= 322 | prio=50 | https://www.att.gob.bo/resoluciones-administrativas-regulatorias-de-tdt
[ATT] t= 705.8s | pag=807 | files=2791 | data=174 | cola= 321 | prio=50 | https://www.att.gob.bo/situacion-del-internet-en-bolivia
[ATT] DATASETS=175 | data_html_table | https://www.att.gob.bo/situacion-del-internet-en-bolivia
[ATT] t= 707.0s | pag=808 | files=2801 | data=175 | cola= 320 | prio=50 | https://www.att.gob.bo/drupal/convocatorias-y-licitaciones-2020
[ATT] t= 708.0s | pag=808 | files=2801 | data=175 | cola= 319 | prio=50 | https://www.att.gob.bo/drupal/convocatorias-y-licitaciones-2019
[ATT] t= 709.1s | pag=808 | files=2801 | data=175 | cola= 318 | prio=50 | https://www.att.gob.bo/drupal/convocatorias-y-licitaciones-2018
[ATT] t= 710.3s | pag=808 | files=2801 | data=175 | cola= 317 | prio=50 | https://www.att.gob.bo/drupal/convocatorias-y-licitaciones-2017
[ATT] t= 712.9s | pag=808 | files=2801 | data=175 | cola= 316 | prio=50 | https://www.att.gob.bo/drupal/convocatorias-y-licitaciones-2016
[ATT] t= 714.1s | pag=808 | files=2801 | data=175 | cola= 315 | prio=50 | https://www.att.gob.bo/en/att-registra-mas-de-16800-denuncias-en-la-plataforma-bloquea-la-estafa-durante-2026
[ATT] t= 715.6s | pag=809 | files=2801 | data=175 | cola= 314 | prio=50 | https://www.att.gob.bo/en/att-vela-por-el-cumplimiento-de-tarifas-maximas-y-refuerza-la-atencion-de-reclamos-en-el-transporte
[ATT] t= 716.2s | pag=810 | files=2801 | data=175 | cola= 313 | prio=50 | https://www.att.gob.bo/en/att-intensifica-controles-para-garantizar-el-cumplimiento-de-las-tarifas-maximas-en-vuelos
[ATT] t= 717.2s | pag=811 | files=2801 | data=175 | cola= 312 | prio=50 | https://www.att.gob.bo/en/att-y-caf-impulsan-la-modernizacion-del-monitoreo-del-espectro-radioelectrico-en-bolivia
[ATT] t= 718.0s | pag=812 | files=2801 | data=175 | cola= 311 | prio=50 | https://www.att.gob.bo/en/taxonomy/term/7/feed
[ATT] t= 718.8s | pag=812 | files=2801 | data=175 | cola= 310 | prio=50 | https://www.att.gob.bo/en/att-reafirma-su-compromiso-con-la-lucha-contra-el-racismo-y-toda-forma-de-discriminacion
[ATT] t= 719.7s | pag=813 | files=2801 | data=175 | cola= 309 | prio=50 | https://www.att.gob.bo/en/att-y-caf-coordinan-agenda-estrategica-para-impulsar-proyectos-de-infraestructura-digital
[ATT] t= 720.2s | pag=814 | files=2801 | data=175 | cola= 308 | prio=50 | https://www.att.gob.bo/en/att-fortalece-la-lucha-contra-el-fraude-digital-con-mas-de-16-mil-denuncias-registradas-en-bloquea
[ATT] t= 720.8s | pag=815 | files=2801 | data=175 | cola= 307 | prio=50 | https://www.att.gob.bo/en/att-amplia-autorizacion-tamep-para-fortalecer-la-conectividad-aerea-nacional
[ATT] t= 721.4s | pag=816 | files=2801 | data=175 | cola= 306 | prio=50 | https://www.att.gob.bo/en/la-att-y-operadores-internacionales-impulsan-mejoras-en-la-eficiencia-y-calidad-del-transporte
[ATT] t= 722.1s | pag=817 | files=2801 | data=175 | cola= 305 | prio=50 | https://www.att.gob.bo/en/att-realiza-operativo-y-secuestra-equipos-de-emisoras-ilegales-en-santa-cruz
[ATT] t= 722.7s | pag=818 | files=2801 | data=175 | cola= 304 | prio=50 | https://www.att.gob.bo/en/att-informa-que-bolibox-no-cuenta-con-cao-vigente-y-activa-proceso-de-revocatoria
[ATT] t= 723.2s | pag=819 | files=2801 | data=175 | cola= 303 | prio=50 | https://www.att.gob.bo/en/att-realiza-primera-inspeccion-de-verificacion-de-estandares-de-calidad-2026-en-el-aeropuerto
[ATT] t= 724.2s | pag=820 | files=2801 | data=175 | cola= 302 | prio=50 | https://www.att.gob.bo/en/la-att-ejecuto-operativos-intensivos-por-carnaval-y-registro-440-facilitaciones-y-456-acciones
[ATT] t= 724.5s | pag=821 | files=2801 | data=175 | cola= 301 | prio=50 | https://www.att.gob.bo/en/la-att-posiciona-bolivia-en-liderazgo-regional-al-asumir-la-copresidencia-del-comite-de-asuntos
[ATT] t= 725.0s | pag=822 | files=2801 | data=175 | cola= 300 | prio=50 | https://www.att.gob.bo/en/att-verifica-estandares-de-calidad-y-seguridad-del-tren-carnavalero-la-paz-oruro
[ATT] t= 725.4s | pag=823 | files=2801 | data=175 | cola= 299 | prio=50 | https://www.att.gob.bo/en/la-att-y-la-citel-establecen-alianza-de-cooperacion-tecnica-para-fortalecer-la-transformacion
[ATT] t= 725.9s | pag=824 | files=2801 | data=175 | cola= 298 | prio=50 | https://www.att.gob.bo/en/att-expone-ante-el-senado-la-situacion-del-ajuste-de-tarifas-maximas-del-transporte-aereo
[ATT] t= 726.5s | pag=825 | files=2801 | data=175 | cola= 297 | prio=50 | https://www.att.gob.bo/en/att-identifica-casos-de-cobro-indebido-de-tarifas-tras-la-aplicacion-del-ajuste-tarifario-temporal
[ATT] t= 727.3s | pag=826 | files=2801 | data=175 | cola= 296 | prio=50 | https://www.att.gob.bo/en/att-y-confederacion-de-choferes-acuerdan-tarifas-transitorias-para-el-transporte-interdepartamental
[ATT] t= 727.8s | pag=827 | files=2801 | data=175 | cola= 295 | prio=50 | https://www.att.gob.bo/en/att-y-transporte-interdepartamental-acuerdan-trabajo-conjunto-para-establecer-tarifas-justas
[ATT] t= 728.2s | pag=828 | files=2801 | data=175 | cola= 294 | prio=50 | https://www.att.gob.bo/en/att-instala-mesas-de-trabajo-con-transporte-interdepartamental-para-garantizar-el-servicio-y
[ATT] t= 728.7s | pag=829 | files=2801 | data=175 | cola= 293 | prio=50 | https://www.att.gob.bo/en/la-att-despliega-acciones-para-proteger-la-ciudadania-ante-la-situacion-de-vulnerabilidad-en-los
[ATT] t= 729.6s | pag=830 | files=2801 | data=175 | cola= 292 | prio=50 | https://www.att.gob.bo/en/la-att-refuerza-controles-durante-la-temporada-alta-y-registra-mas-de-300-atenciones-usuarios-en
[ATT] t= 730.1s | pag=831 | files=2801 | data=175 | cola= 291 | prio=50 | https://www.att.gob.bo/en/att-intensifica-operativos-de-control-en-terminales-y-aeropuertos-por-vacaciones-de-fin-de-ano
[ATT] t= 730.6s | pag=832 | files=2801 | data=175 | cola= 290 | prio=50 | https://www.att.gob.bo/en/la-att-verifica-con-exito-el-primer-simulacro-de-apagon-analogico-en-el-eje-troncal-del-pais
[ATT] t= 731.2s | pag=833 | files=2801 | data=175 | cola= 289 | prio=50 | https://www.att.gob.bo/en/att-realizara-el-primer-simulacro-del-apagon-analogico-el-30-de-noviembre-de-2025
[ATT] t= 732.1s | pag=834 | files=2801 | data=175 | cola= 288 | prio=50 | https://www.att.gob.bo/en/mi-vuelo-20-supera-las-130000-visitas-y-mejora-la-experiencia-de-los-pasajeros-con-7
[ATT] t= 733.0s | pag=835 | files=2801 | data=175 | cola= 287 | prio=50 | https://www.att.gob.bo/en/att-refuerza-la-seguridad-vial-con-capacitaciones-para-transportistas-sancionados
[ATT] t= 733.4s | pag=836 | files=2801 | data=175 | cola= 286 | prio=50 | https://www.att.gob.bo/en/la-att-suspende-la-empresa-panamericana-frente-al-tragico-accidente-que-cobro-19-vidas
[ATT] t= 734.5s | pag=837 | files=2801 | data=175 | cola= 285 | prio=50 | https://www.att.gob.bo/en/la-att-ejecuto-mas-de-6700-acciones-correctivas-en-los-operativos-nacionales-de-transporte
[ATT] t= 735.0s | pag=838 | files=2801 | data=175 | cola= 284 | prio=50 | https://www.att.gob.bo/en/la-att-toma-acciones-inmediatas-contra-operador-infractor-andesmar-avaroa-2
[ATT] t= 736.0s | pag=839 | files=2801 | data=175 | cola= 283 | prio=50 | https://www.att.gob.bo/en/la-att-gestiona-soluciones-para-usuarios-de-transporte-terrestre-interdepartamental
[ATT] t= 736.9s | pag=840 | files=2801 | data=175 | cola= 282 | prio=50 | https://www.att.gob.bo/en/att-conmina-la-administracion-de-la-terminal-de-buses-de-tarija-detener-los-cobros-ilegales-en-la
[ATT] t= 737.4s | pag=841 | files=2801 | data=175 | cola= 281 | prio=50 | https://www.att.gob.bo/en/la-att-coordina-acciones-para-normalizar-el-flujo-de-viajeros-en-la-frontera-pisiga-colchane
[ATT] t= 738.1s | pag=842 | files=2801 | data=175 | cola= 280 | prio=50 | https://www.att.gob.bo/en/att-regala-miles-de-sonrisas-como-resultado-de-la-campana-solidaria-de-navidad
[ATT] t= 738.9s | pag=843 | files=2801 | data=175 | cola= 279 | prio=50 | https://www.att.gob.bo/en/att-lanza-mi-vuelo-20-para-facilitar-los-viajes-aereos-en-bolivia
[ATT] t= 739.4s | pag=844 | files=2801 | data=175 | cola= 278 | prio=50 | https://www.att.gob.bo/en/att-devuelve-440-pasajes-con-sobreprecio-durante-operativo-navideno
[ATT] t= 740.6s | pag=845 | files=2801 | data=175 | cola= 277 | prio=50 | https://www.att.gob.bo/en/att-sanciona-boa-con-mas-de-bs-650-mil-por-incumplimientos-en-puntualidad
[ATT] t= 741.5s | pag=846 | files=2801 | data=175 | cola= 276 | prio=50 | https://www.att.gob.bo/en/att-protege-pasajeros-afectados-por-demora-de-vuelo-de-boa-en-miami
[ATT] t= 742.5s | pag=847 | files=2801 | data=175 | cola= 275 | prio=50 | https://www.att.gob.bo/en/att-refuerza-controles-en-aeropuertos-y-sanciona-boa-por-incumplimientos
[ATT] t= 742.9s | pag=848 | files=2801 | data=175 | cola= 274 | prio=50 | https://www.att.gob.bo/en/att-presenta-el-primer-laboratorio-5g-de-bolivia-un-hito-en-la-innovacion-tecnologica
[ATT] t= 743.5s | pag=849 | files=2801 | data=175 | cola= 273 | prio=50 | https://www.att.gob.bo/en/att-impulsa-la-capacitacion-de-conductores-para-mejorar-la-seguridad-vial-en-bolivia
[ATT] t= 744.7s | pag=850 | files=2801 | data=175 | cola= 272 | prio=50 | https://www.att.gob.bo/en/la-att-renueva-autorizacion-de-latam-para-transporte-aereo-internacional
[ATT] t= 745.2s | pag=851 | files=2801 | data=175 | cola= 271 | prio=50 | https://www.att.gob.bo/en/att-boliviana-de-aviacion-debe-responder-pasajeros-afectados-en-7-dias
[ATT] t= 745.6s | pag=852 | files=2801 | data=175 | cola= 270 | prio=50 | https://www.att.gob.bo/en/att-lanza-navidad-segura-con-paz-y-unidad-un-operativo-para-proteger-viajeros-y-promover-una
[ATT] t= 746.1s | pag=853 | files=2801 | data=175 | cola= 269 | prio=50 | https://www.att.gob.bo/en/la-att-reafirma-su-compromiso-con-la-lucha-contra-la-trata-y-trafico-de-personas-en-el-dia-contra
[ATT] t= 746.9s | pag=854 | files=2801 | data=175 | cola= 268 | prio=50 | https://www.att.gob.bo/en/att-habilita-plataforma-digital-para-el-registro-de-aplicaciones-de-transporte-de-pasajeros
[ATT] t= 747.7s | pag=855 | files=2801 | data=175 | cola= 267 | prio=50 | https://www.att.gob.bo/en/att-y-citel-unen-fuerzas-para-impulsar-la-conectividad-en-bolivia
[ATT] t= 748.4s | pag=856 | files=2801 | data=175 | cola= 266 | prio=50 | https://www.att.gob.bo/en/la-att-inicia-procesos-sancionatorios-contra-villa-del-norte-por-accidente-fatal
[ATT] t= 749.2s | pag=857 | files=2801 | data=175 | cola= 265 | prio=50 | https://www.att.gob.bo/en/att-las-falsas-asistencias-tecnicas-de-telefonicas-son-el-principal-engano-utilizado-por-los
[ATT] t= 750.0s | pag=858 | files=2801 | data=175 | cola= 264 | prio=50 | https://www.att.gob.bo/en/la-att-renueva-autorizacion-paranair-impulsando-beneficios-economicos-y-turisticos-para-el-pais
[ATT] t= 751.0s | pag=859 | files=2801 | data=175 | cola= 263 | prio=50 | https://www.att.gob.bo/en/bolivia-y-china-firman-memorando-para-impulsar-la-economia-digital-en-bolivia
[ATT] t= 751.9s | pag=860 | files=2801 | data=175 | cola= 262 | prio=50 | https://www.att.gob.bo/en/att-garantiza-tarifas-aereas-sin-excedentes-ante-incremento-de-demanda-de-vuelos-por-bloqueos
[ATT] t= 752.4s | pag=861 | files=2801 | data=175 | cola= 261 | prio=50 | https://www.att.gob.bo/en/bloqueos-en-el-pais-afectan-mas-de-81-mil-pasajeros-y-generan-perdidas-superiores-los-10-millones
[ATT] t= 753.3s | pag=862 | files=2801 | data=175 | cola= 260 | prio=50 | https://www.att.gob.bo/en/la-att-clausura-19-operadores-de-transporte-ilegales-en-santa-cruz
[ATT] t= 753.9s | pag=863 | files=2801 | data=175 | cola= 259 | prio=50 | https://www.att.gob.bo/en/la-att-habilita-puntos-de-donacion-en-terminales-y-aeropuertos-para-acopiar-apoyo-los-voluntarios-y
[ATT] t= 754.7s | pag=864 | files=2801 | data=175 | cola= 258 | prio=50 | https://www.att.gob.bo/en/la-att-verifica-la-calidad-del-servicio-movil-en-la-paz-con-entel-tigo-y-viva
[ATT] t= 755.3s | pag=865 | files=2801 | data=175 | cola= 257 | prio=50 | https://www.att.gob.bo/en/como-viajar-en-el-dia-del-peaton-conoce-los-horarios-de-las-terminales-y-aeropuertos
[ATT] t= 755.7s | pag=866 | files=2801 | data=175 | cola= 256 | prio=50 | https://www.att.gob.bo/en/la-att-procesa-trans-narvaez-por-incumplimientos-y-accidentes-con-victimas-fatales
[ATT] t= 756.4s | pag=867 | files=2801 | data=175 | cola= 255 | prio=50 | https://www.att.gob.bo/en/la-att-toma-medidas-sancionatorias-contra-trans-narvaez-y-requerira-la-revocatoria-de-su
[ATT] t= 757.1s | pag=868 | files=2801 | data=175 | cola= 254 | prio=50 | https://www.att.gob.bo/en/clausura-exitosa-del-stand-de-la-att-en-lapazexpone-2024-con-tecnologia-transformadora
[ATT] t= 757.6s | pag=869 | files=2801 | data=175 | cola= 253 | prio=50 | https://www.att.gob.bo/en/la-att-garantiza-el-bienestar-de-63-menores-en-vuelo-retrasado-por-el-huracan-beryl
[ATT] t= 758.6s | pag=870 | files=2801 | data=175 | cola= 252 | prio=50 | https://www.att.gob.bo/en/la-att-protege-pasajeros-afectados-por-sobreventa-durante-el-operativo-pequenos-viajeros-grandes
[ATT] t= 759.3s | pag=871 | files=2801 | data=175 | cola= 251 | prio=50 | https://www.att.gob.bo/en/la-att-otorgara-licencias-de-internet-inalambrico-fijo-en-la-banda-de-5-ghz
[ATT] t= 760.1s | pag=872 | files=2801 | data=175 | cola= 250 | prio=50 | https://www.att.gob.bo/en/la-att-inicia-operativo-pequenos-viajeros-grandes-cuidados-para-garantizar-la-seguridad-de-los
[ATT] t= 760.5s | pag=873 | files=2801 | data=175 | cola= 249 | prio=50 | https://www.att.gob.bo/en/la-att-continua-especializando-internacionalmente-profesionales-en-la-construccion-de-redes
[ATT] t= 761.0s | pag=874 | files=2801 | data=175 | cola= 248 | prio=50 | https://www.att.gob.bo/en/la-att-inicia-proceso-sancionatorio-contra-ecojet-por-incumplimiento-normativo-en-la-cancelacion-de
[ATT] t= 762.0s | pag=875 | files=2801 | data=175 | cola= 247 | prio=50 | https://www.att.gob.bo/en/la-att-continua-promoviendo-la-formacion-profesional-de-la-juventud-en-el-pais
[ATT] t= 762.6s | pag=876 | files=2801 | data=175 | cola= 246 | prio=50 | https://www.att.gob.bo/en/la-att-emite-conminatoria-ferroviaria-andina-para-reposicion-de-rieles-en-el-tramo-sucre-potosi
[ATT] t= 763.3s | pag=877 | files=2801 | data=175 | cola= 245 | prio=50 | https://www.att.gob.bo/en/att-advierte-un-dano-economico-de-bs-9-millones-si-el-bloqueo-persiste-en-su-segundo-dia
[ATT] t= 764.2s | pag=878 | files=2801 | data=175 | cola= 244 | prio=50 | https://www.att.gob.bo/en/la-att-lanza-la-tercera-version-de-la-campana-abrigate-con-la-att
[ATT] t= 765.0s | pag=879 | files=2801 | data=175 | cola= 243 | prio=50 | https://www.att.gob.bo/en/la-att-brinda-su-mano-amiga-personas-en-situaciones-de-vulnerabilidad-identificadas-en-el
[ATT] t= 766.2s | pag=880 | files=2801 | data=175 | cola= 242 | prio=50 | https://www.att.gob.bo/en/encuentro-bilateral-entre-bolivia-y-brasil-impulsa-cooperacion-en-el-transporte-terrestre
[ATT] t= 766.9s | pag=881 | files=2801 | data=175 | cola= 241 | prio=50 | https://www.att.gob.bo/en/att-los-bloqueos-de-carreteras-afectan-mas-de-17-mil-pasajeros-y-generan-un-dano-economico-de-mas
[ATT] t= 768.0s | pag=882 | files=2801 | data=175 | cola= 240 | prio=50 | https://www.att.gob.bo/en/conoce-las-estrategias-mas-comunes-que-utilizan-los-estafadores-en-el-pais
[ATT] t= 769.0s | pag=883 | files=2801 | data=175 | cola= 239 | prio=50 | https://www.att.gob.bo/en/unete-al-hackathon-codeatt-v20-y-descubre-el-futuro-de-la-innovacion-tecnologica-junto-la-att
[ATT] t= 769.5s | pag=884 | files=2801 | data=175 | cola= 238 | prio=50 | https://www.att.gob.bo/en/la-att-verifica-la-disponibilidad-y-funcionalidad-de-los-equipos-en-el-aeropuerto-internacional-de
[ATT] t= 770.6s | pag=885 | files=2801 | data=175 | cola= 237 | prio=50 | https://www.att.gob.bo/en/celebrando-el-dia-de-las-ninas-en-las-tic-la-att-empodero-las-futuras-lideres-digitales-en-el
[ATT] t= 771.7s | pag=886 | files=2801 | data=175 | cola= 236 | prio=50 | https://www.att.gob.bo/en/la-att-lanza-plan-de-fumigacion-en-terminales-interdepartamentales-para-garantizar-la-seguridad-y
[ATT] t= 772.6s | pag=887 | files=2801 | data=175 | cola= 235 | prio=50 | https://www.att.gob.bo/en/alianza-interinstitucional-la-estrategia-del-gobierno-para-combatir-las-estafas-en-linea-mediante
[ATT] t= 773.2s | pag=888 | files=2801 | data=175 | cola= 234 | prio=50 | https://www.att.gob.bo/en/la-att-sanciona-4-empresas-de-transporte-por-incumplimiento-en-el-llenado-de-planillas-de-pasajeros
[ATT] t= 773.7s | pag=889 | files=2801 | data=175 | cola= 233 | prio=50 | https://www.att.gob.bo/en/la-att-advierte-que-la-prueba-piloto-de-retiro-de-cableado-de-la-alcaldia-de-tarija-carece-de
[ATT] t= 774.4s | pag=890 | files=2801 | data=175 | cola= 232 | prio=50 | https://www.att.gob.bo/en/reconocen-internacionalmente-la-gestion-de-la-att-en-la-reunion-del-foro-regulatel-en-montevideo
[ATT] t= 775.4s | pag=891 | files=2801 | data=175 | cola= 231 | prio=50 | https://www.att.gob.bo/en/la-att-inspecciono-el-estandar-de-calidad-en-el-aeropuerto-de-tarija-y-da-10-dias-naabol-para
[ATT] t= 776.4s | pag=892 | files=2801 | data=175 | cola= 230 | prio=50 | https://www.att.gob.bo/en/la-att-refuerza-controles-en-sucre-durante-los-juegos-bolivarianos-de-la-juventud
[ATT] t= 777.3s | pag=893 | files=2801 | data=175 | cola= 229 | prio=50 | https://www.att.gob.bo/en/la-att-controla-la-llegada-de-delegacion-internacional-en-el-aeropuerto-de-tarija-durante-la-copa
[ATT] t= 778.5s | pag=894 | files=2801 | data=175 | cola= 228 | prio=50 | https://www.att.gob.bo/en/la-att-analiza-medidas-para-mejorar-el-servicio-al-usuario-en-aeropuertos-y-terminales-terrestres
[ATT] t= 779.5s | pag=895 | files=2801 | data=175 | cola= 227 | prio=50 | https://www.att.gob.bo/en/la-att-pone-en-marcha-el-operativo-nacional-cuidando-al-peregrino-para-garantizar-seguridad-y
[ATT] t= 780.3s | pag=896 | files=2801 | data=175 | cola= 226 | prio=50 | https://www.att.gob.bo/en/la-att-garantizo-un-entorno-seguro-y-ordenado-durante-el-censo-2024-y-actuo-en-defensa-de-los
[ATT] t= 781.4s | pag=897 | files=2801 | data=175 | cola= 225 | prio=50 | https://www.att.gob.bo/en/preparativos-integrales-para-el-censo-2024-la-att-coordina-nivel-nacional-que-la-jornada-censal
[ATT] t= 782.2s | pag=898 | files=2801 | data=175 | cola= 224 | prio=50 | https://www.att.gob.bo/en/dia-del-radialista-la-att-amplia-el-concurso-de-proyectos-para-acceder-radios-comunitarias
[ATT] t= 782.9s | pag=899 | files=2801 | data=175 | cola= 224 | prio=50 | https://www.att.gob.bo/en/en-el-dia-mundial-de-los-derechos-del-consumidor-la-att-celebra-el-exito-continuo-de-concilianet
[ATT] t= 783.4s | pag=900 | files=2801 | data=175 | cola= 223 | prio=50 | https://www.att.gob.bo/en/att-desmiente-rumores-de-incremento-de-pasajes-en-vuelos
[ATT] t= 783.9s | pag=901 | files=2801 | data=175 | cola= 222 | prio=50 | https://www.att.gob.bo/en/la-att-revoca-licencia-definitiva-fm-bolivia-por-reiterados-incumplimientos
[ATT] t= 784.8s | pag=902 | files=2801 | data=175 | cola= 221 | prio=50 | https://www.att.gob.bo/en/la-att-impide-la-salida-de-una-menor-de-edad-en-un-operativo-en-el-transporte-terrestre
[ATT] t= 785.7s | pag=903 | files=2801 | data=175 | cola= 220 | prio=50 | https://www.att.gob.bo/en/censo-2024-la-att-garantiza-el-acceso-gratuito-la-plataforma-de-capacitacion-del-ine
[ATT] t= 786.4s | pag=904 | files=2801 | data=175 | cola= 219 | prio=50 | https://www.att.gob.bo/en/la-att-participa-en-el-mobile-world-congress-2024-consolidando-alianzas-estrategicas-para-el
[ATT] t= 787.5s | pag=905 | files=2801 | data=175 | cola= 218 | prio=50 | https://www.att.gob.bo/en/la-att-instruye-el-retiro-de-cableado-en-ciudades-capitales-para-promover-la-conectividad-y-el-uso
[ATT] t= 788.3s | pag=906 | files=2801 | data=175 | cola= 217 | prio=50 | https://www.att.gob.bo/en/att-aeropuerto-internacional-jorge-wilstermann-supera-la-inspeccion-de-calidad-en-las-visperas-del
[ATT] t= 789.1s | pag=907 | files=2801 | data=175 | cola= 216 | prio=50 | https://www.att.gob.bo/en/carnaval-2024-la-att-inspecciona-estandares-de-calidad-en-el-aeropuerto-de-oruro-y-garantiza
[ATT] t= 789.7s | pag=908 | files=2801 | data=175 | cola= 215 | prio=50 | https://www.att.gob.bo/en/simulacro-del-operativo-celebremos-carnavales-viajemos-tranquilos-mostro-las-medidas-de-seguridad
[ATT] t= 790.8s | pag=909 | files=2801 | data=175 | cola= 214 | prio=50 | https://www.att.gob.bo/index.php/en/taxonomy/term/7/feed
[ATT] t= 791.5s | pag=909 | files=2801 | data=175 | cola= 213 | prio=50 | https://www.att.gob.bo/index.php/es
[ATT] t= 792.9s | pag=910 | files=2801 | data=175 | cola= 212 | prio=50 | https://www.att.gob.bo/index.php/es/node/188
[ATT] t= 793.3s | pag=911 | files=2801 | data=175 | cola= 211 | prio=50 | https://www.att.gob.bo/index.php/es/node/1651
[ATT] t= 794.5s | pag=912 | files=2801 | data=175 | cola= 210 | prio=50 | https://www.att.gob.bo/index.php/es/node/190
[ATT] t= 795.0s | pag=913 | files=2801 | data=175 | cola= 209 | prio=50 | https://www.att.gob.bo/index.php/es/node/1675
[ATT] t= 795.4s | pag=914 | files=2801 | data=175 | cola= 208 | prio=50 | https://www.att.gob.bo/index.php/es/node/392
[ATT] t= 796.8s | pag=915 | files=2802 | data=175 | cola= 207 | prio=50 | https://www.att.gob.bo/index.php/es/node/393
[ATT] t= 797.8s | pag=916 | files=2802 | data=175 | cola= 206 | prio=50 | https://www.att.gob.bo/index.php/es/node/404
[ATT] t= 798.8s | pag=917 | files=2802 | data=175 | cola= 208 | prio=50 | https://www.att.gob.bo/index.php/es/node/451
[ATT] t= 799.7s | pag=918 | files=2802 | data=175 | cola= 207 | prio=50 | https://www.att.gob.bo/index.php/es/node/841
[ATT] t= 801.1s | pag=919 | files=2802 | data=175 | cola= 206 | prio=50 | https://www.att.gob.bo/index.php/es/node/412
[ATT] t= 802.4s | pag=920 | files=2802 | data=175 | cola= 205 | prio=50 | https://www.att.gob.bo/index.php/es/node/411
[ATT] t= 803.6s | pag=921 | files=2802 | data=175 | cola= 204 | prio=50 | https://www.att.gob.bo/index.php/es/node/361
[ATT] t= 804.5s | pag=922 | files=2802 | data=175 | cola= 203 | prio=50 | https://www.att.gob.bo/index.php/es/node/433
[ATT] t= 805.4s | pag=923 | files=2802 | data=175 | cola= 202 | prio=50 | https://www.att.gob.bo/index.php/es/node/842
[ATT] t= 806.4s | pag=924 | files=2802 | data=175 | cola= 201 | prio=50 | https://www.att.gob.bo/index.php/es/node/1645
[ATT] t= 807.7s | pag=925 | files=2802 | data=175 | cola= 200 | prio=50 | https://www.att.gob.bo/index.php/es/node/1646
[ATT] t= 808.3s | pag=926 | files=2802 | data=175 | cola= 199 | prio=50 | https://www.att.gob.bo/index.php/es/node/1647
[ATT] t= 809.2s | pag=927 | files=2802 | data=175 | cola= 198 | prio=50 | https://www.att.gob.bo/index.php/es/node/1648
[ATT] t= 810.0s | pag=928 | files=2802 | data=175 | cola= 197 | prio=50 | https://www.att.gob.bo/index.php/es/node/1638
[ATT] t= 811.0s | pag=929 | files=2802 | data=176 | cola= 196 | prio=50 | https://www.att.gob.bo/index.php/es/node/1639
[ATT] t= 811.8s | pag=930 | files=2802 | data=177 | cola= 195 | prio=50 | https://www.att.gob.bo/index.php/es/node/1640
[ATT] t= 812.6s | pag=931 | files=2802 | data=178 | cola= 194 | prio=50 | https://www.att.gob.bo/index.php/es/node/1641
[ATT] t= 813.5s | pag=932 | files=2802 | data=179 | cola= 193 | prio=50 | https://www.att.gob.bo/index.php/es/node/224
[ATT] t= 814.6s | pag=933 | files=2802 | data=180 | cola= 192 | prio=50 | https://www.att.gob.bo/index.php/es/node/222
[ATT] t= 815.8s | pag=934 | files=2802 | data=181 | cola= 191 | prio=50 | https://www.att.gob.bo/index.php/es/node/191
[ATT] t= 816.9s | pag=935 | files=2802 | data=181 | cola= 190 | prio=50 | https://www.att.gob.bo/index.php/es/node/1743
[ATT] t= 817.8s | pag=936 | files=2802 | data=181 | cola= 189 | prio=50 | https://www.att.gob.bo/index.php/es/node/387
[ATT] t= 818.3s | pag=937 | files=2802 | data=181 | cola= 188 | prio=50 | https://www.att.gob.bo/index.php/es/node/388
[ATT] t= 818.8s | pag=938 | files=2802 | data=181 | cola= 187 | prio=50 | https://www.att.gob.bo/index.php/es/node/343
[ATT] t= 819.7s | pag=939 | files=2802 | data=182 | cola= 186 | prio=50 | https://www.att.gob.bo/index.php/es/node/344
[ATT] t= 820.5s | pag=940 | files=2802 | data=182 | cola= 185 | prio=50 | https://www.att.gob.bo/index.php/es/node/900
[ATT] t= 821.5s | pag=941 | files=2802 | data=183 | cola= 184 | prio=50 | https://www.att.gob.bo/index.php/es/node/989
[ATT] t= 822.1s | pag=942 | files=2802 | data=184 | cola= 183 | prio=50 | https://www.att.gob.bo/index.php/es/node/356
[ATT] t= 823.3s | pag=943 | files=2802 | data=184 | cola= 182 | prio=50 | https://www.att.gob.bo/index.php/es/node/890
[ATT] t= 824.2s | pag=944 | files=2802 | data=184 | cola= 181 | prio=50 | https://www.att.gob.bo/es
[ATT] t= 825.1s | pag=945 | files=2802 | data=184 | cola= 180 | prio=50 | https://www.att.gob.bo/es/node/188
[ATT] t= 826.4s | pag=946 | files=2802 | data=184 | cola= 179 | prio=50 | https://www.att.gob.bo/es/node/1651
[ATT] t= 827.4s | pag=947 | files=2802 | data=184 | cola= 178 | prio=50 | https://www.att.gob.bo/es/node/190
[ATT] t= 828.0s | pag=948 | files=2802 | data=184 | cola= 177 | prio=50 | https://www.att.gob.bo/es/node/1675
[ATT] t= 828.7s | pag=949 | files=2802 | data=184 | cola= 176 | prio=50 | https://www.att.gob.bo/es/node/392
[ATT] t= 829.6s | pag=950 | files=2802 | data=184 | cola= 175 | prio=50 | https://www.att.gob.bo/es/node/393
[ATT] t= 830.5s | pag=951 | files=2802 | data=184 | cola= 174 | prio=50 | https://www.att.gob.bo/es/node/404
[ATT] t= 831.3s | pag=952 | files=2802 | data=184 | cola= 173 | prio=50 | https://www.att.gob.bo/es/node/451
[ATT] t= 832.1s | pag=953 | files=2802 | data=184 | cola= 172 | prio=50 | https://www.att.gob.bo/es/node/841
[ATT] t= 833.0s | pag=954 | files=2802 | data=184 | cola= 171 | prio=50 | https://www.att.gob.bo/es/node/412
[ATT] t= 834.0s | pag=955 | files=2802 | data=184 | cola= 170 | prio=50 | https://www.att.gob.bo/es/node/411
[ATT] t= 834.5s | pag=956 | files=2802 | data=184 | cola= 169 | prio=50 | https://www.att.gob.bo/es/node/361
[ATT] t= 835.6s | pag=957 | files=2802 | data=184 | cola= 168 | prio=50 | https://www.att.gob.bo/es/node/433
[ATT] t= 836.2s | pag=958 | files=2802 | data=184 | cola= 167 | prio=50 | https://www.att.gob.bo/es/node/842
[ATT] t= 836.8s | pag=959 | files=2802 | data=184 | cola= 166 | prio=50 | https://www.att.gob.bo/es/node/1645
[ATT] t= 837.7s | pag=960 | files=2802 | data=184 | cola= 165 | prio=50 | https://www.att.gob.bo/es/node/1646
[ATT] t= 838.6s | pag=961 | files=2802 | data=184 | cola= 164 | prio=50 | https://www.att.gob.bo/es/node/1647
[ATT] t= 839.8s | pag=962 | files=2802 | data=184 | cola= 163 | prio=50 | https://www.att.gob.bo/es/node/1648
[ATT] t= 840.5s | pag=963 | files=2802 | data=184 | cola= 162 | prio=50 | https://www.att.gob.bo/es/node/1638
[ATT] t= 841.1s | pag=964 | files=2802 | data=185 | cola= 161 | prio=50 | https://www.att.gob.bo/es/node/1639
[ATT] t= 841.6s | pag=965 | files=2802 | data=186 | cola= 160 | prio=50 | https://www.att.gob.bo/es/node/1640
[ATT] t= 842.4s | pag=966 | files=2802 | data=187 | cola= 159 | prio=50 | https://www.att.gob.bo/es/node/1641
[ATT] t= 842.9s | pag=967 | files=2802 | data=188 | cola= 158 | prio=50 | https://www.att.gob.bo/es/node/224
[ATT] t= 843.9s | pag=968 | files=2802 | data=189 | cola= 157 | prio=50 | https://www.att.gob.bo/es/node/222
[ATT] t= 844.7s | pag=969 | files=2802 | data=190 | cola= 156 | prio=50 | https://www.att.gob.bo/es/node/191
[ATT] t= 845.6s | pag=970 | files=2802 | data=190 | cola= 155 | prio=50 | https://www.att.gob.bo/es/node/1743
[ATT] t= 846.1s | pag=971 | files=2802 | data=190 | cola= 154 | prio=50 | https://www.att.gob.bo/es/node/387
[ATT] t= 847.3s | pag=972 | files=2802 | data=190 | cola= 153 | prio=50 | https://www.att.gob.bo/es/node/388
[ATT] t= 848.4s | pag=973 | files=2802 | data=190 | cola= 152 | prio=50 | https://www.att.gob.bo/es/node/343
[ATT] t= 849.3s | pag=974 | files=2802 | data=191 | cola= 151 | prio=50 | https://www.att.gob.bo/es/node/344
[ATT] t= 850.5s | pag=975 | files=2802 | data=191 | cola= 150 | prio=50 | https://www.att.gob.bo/es/node/900
[ATT] t= 851.3s | pag=976 | files=2802 | data=192 | cola= 149 | prio=50 | https://www.att.gob.bo/es/node/989
[ATT] t= 852.1s | pag=977 | files=2802 | data=193 | cola= 148 | prio=50 | https://www.att.gob.bo/es/node/356
[ATT] t= 852.7s | pag=978 | files=2802 | data=193 | cola= 147 | prio=50 | https://www.att.gob.bo/es/node/890
[ATT] t= 853.5s | pag=979 | files=2802 | data=193 | cola= 146 | prio=50 | https://www.att.gob.bo/mediciones-de-radiacion-no-ionizante-cochabamba-2026
[ATT] t= 854.1s | pag=980 | files=2804 | data=194 | cola= 145 | prio=50 | https://www.att.gob.bo/mediciones-de-radiacion-no-ionizante-oruro-2026
[ATT] t= 854.7s | pag=981 | files=2810 | data=195 | cola= 144 | prio=50 | https://www.att.gob.bo/mediciones-de-radiacion-no-ionizante-cochabamba-2025
[ATT] t= 855.1s | pag=982 | files=2829 | data=196 | cola= 143 | prio=50 | https://www.att.gob.bo/mediciones-de-radiacion-no-ionizante-oruro-2025
[ATT] t= 855.8s | pag=983 | files=2830 | data=197 | cola= 142 | prio=50 | https://www.att.gob.bo/mediciones-de-radiacion-no-ionizante-cochabamba-2024
[ATT] t= 856.1s | pag=984 | files=2847 | data=198 | cola= 141 | prio=50 | https://www.att.gob.bo/mediciones-de-radiacion-no-ionizante-oruro-2024
[ATT] t= 857.0s | pag=985 | files=2857 | data=199 | cola= 140 | prio=50 | https://www.att.gob.bo/mediciones-de-radiacion-no-ionizante-cochabamba-2023
[ATT] DATASETS=200 | data_html_table | https://www.att.gob.bo/mediciones-de-radiacion-no-ionizante-cochabamba-2023
[ATT] t= 857.8s | pag=986 | files=2864 | data=200 | cola= 139 | prio=50 | https://www.att.gob.bo/mediciones-de-radiacion-no-ionizante-oruro-2023
[ATT] t= 858.7s | pag=987 | files=2864 | data=200 | cola= 138 | prio=50 | https://www.att.gob.bo/mediciones-de-radiacion-no-ionizante-cochabamba-2022
[ATT] t= 859.1s | pag=988 | files=2864 | data=200 | cola= 137 | prio=50 | https://www.att.gob.bo/mediciones-de-radiacion-no-ionizante-oruro2022
[ATT] t= 859.6s | pag=989 | files=2864 | data=200 | cola= 136 | prio=50 | https://www.att.gob.bo/mediciones-de-radiacion-no-ionizante-cochabamba-2021
[ATT] t= 860.0s | pag=990 | files=2864 | data=200 | cola= 135 | prio=50 | https://www.att.gob.bo/mediciones-de-radiacion-no-ionizante-oruro-2021
[ATT] t= 860.5s | pag=991 | files=2864 | data=200 | cola= 134 | prio=50 | https://www.att.gob.bo/mediciones-de-radiacion-no-ionizante-cochabamba-2020
[ATT] t= 861.3s | pag=992 | files=2864 | data=200 | cola= 133 | prio=50 | https://www.att.gob.bo/mediciones-de-radiacion-no-ionizante-oruro-2020
[ATT] t= 861.9s | pag=993 | files=2864 | data=200 | cola= 132 | prio=50 | https://www.att.gob.bo/mediciones-de-radiacion-no-ionizante-cochabamba-2019
[ATT] t= 862.7s | pag=994 | files=2864 | data=200 | cola= 131 | prio=50 | https://www.att.gob.bo/mediciones-de-radiacion-no-ionizante-oruro-2019
[ATT] t= 863.5s | pag=995 | files=2864 | data=200 | cola= 130 | prio=50 | https://www.att.gob.bo/mediciones-de-radiacion-no-ionizante-cochabamba-2018
[ATT] t= 864.0s | pag=996 | files=2865 | data=200 | cola= 129 | prio=50 | https://www.att.gob.bo/mediciones-de-radiacion-no-ionizante-oruro-2018
[ATT] t= 864.9s | pag=997 | files=2881 | data=201 | cola= 128 | prio=50 | https://www.att.gob.bo/mediciones-de-radiacion-no-ionizante-cochabamba-2017
[ATT] t= 865.8s | pag=998 | files=2901 | data=202 | cola= 127 | prio=50 | https://www.att.gob.bo/mediciones-de-radiacion-no-ionizante-oruro-2017
[ATT] t= 866.5s | pag=999 | files=2909 | data=203 | cola= 126 | prio=50 | https://www.att.gob.bo/mediciones-de-radiacion-no-ionizante-cochabamba-2016
[ATT] t= 867.0s | pag=1000 | files=2914 | data=204 | cola= 125 | prio=50 | https://www.att.gob.bo/mediciones-de-radiacion-no-ionizante-oruro-2016
[ATT] t= 867.7s | pag=1001 | files=2915 | data=204 | cola= 124 | prio=50 | https://www.att.gob.bo/mediciones-de-radiacion-no-ionizante-la-paz-2026
[ATT] t= 868.4s | pag=1002 | files=2923 | data=205 | cola= 123 | prio=50 | https://www.att.gob.bo/mediciones-de-radiacion-no-ionizante-pando-2026
[ATT] t= 869.0s | pag=1003 | files=2923 | data=205 | cola= 122 | prio=50 | https://www.att.gob.bo/mediciones-de-radiacion-no-ionizante-la-paz-2025
[ATT] t= 869.9s | pag=1004 | files=2938 | data=206 | cola= 121 | prio=50 | https://www.att.gob.bo/mediciones-de-radiacion-no-ionizante-pando-2025
[ATT] t= 870.4s | pag=1005 | files=2940 | data=207 | cola= 120 | prio=50 | https://www.att.gob.bo/mediciones-de-radiacion-no-ionizante-la-paz-2024
[ATT] t= 870.8s | pag=1006 | files=2956 | data=208 | cola= 119 | prio=50 | https://www.att.gob.bo/mediciones-de-radiacion-no-ionizante-pando-2024
[ATT] t= 871.3s | pag=1007 | files=2964 | data=209 | cola= 118 | prio=50 | https://www.att.gob.bo/mediciones-de-radiacion-no-ionizante-la-paz-2023
[ATT] t= 872.1s | pag=1008 | files=2970 | data=210 | cola= 117 | prio=50 | https://www.att.gob.bo/mediciones-de-radiacion-no-ionizante-pando-2023
[ATT] t= 872.6s | pag=1009 | files=2970 | data=210 | cola= 116 | prio=50 | https://www.att.gob.bo/mediciones-de-radiacion-no-ionizante-la-paz-2022
[ATT] t= 873.1s | pag=1010 | files=2970 | data=210 | cola= 115 | prio=50 | https://www.att.gob.bo/mediciones-de-radiacion-no-ionizante-pando-2022
[ATT] t= 873.9s | pag=1011 | files=2970 | data=210 | cola= 114 | prio=50 | https://www.att.gob.bo/mediciones-de-radiacion-no-ionizante-la-paz-2021
[ATT] t= 874.5s | pag=1012 | files=2974 | data=211 | cola= 113 | prio=50 | https://www.att.gob.bo/mediciones-de-radiacion-no-ionizante-pando-2021
[ATT] t= 875.1s | pag=1013 | files=2974 | data=211 | cola= 112 | prio=50 | https://www.att.gob.bo/mediciones-de-radiacion-no-ionizante-la-paz-2020
[ATT] t= 875.6s | pag=1014 | files=2985 | data=212 | cola= 111 | prio=50 | https://www.att.gob.bo/mediciones-de-radiacion-no-ionizante-pando-2020
[ATT] t= 876.3s | pag=1015 | files=2990 | data=213 | cola= 110 | prio=50 | https://www.att.gob.bo/mediciones-de-radiacion-no-ionizante-la-paz-2019
[ATT] t= 877.0s | pag=1016 | files=2998 | data=214 | cola= 109 | prio=50 | https://www.att.gob.bo/mediciones-de-radiacion-no-ionizante-pando-2019
[ATT] t= 877.5s | pag=1017 | files=3000 | data=215 | cola= 108 | prio=50 | https://www.att.gob.bo/mediciones-de-radiacion-no-ionizante-la-paz-2018
[ATT] t= 878.4s | pag=1018 | files=3006 | data=216 | cola= 107 | prio=50 | https://www.att.gob.bo/mediciones-de-radiacion-no-ionizante-pando-2018
[ATT] t= 878.9s | pag=1019 | files=3008 | data=217 | cola= 106 | prio=50 | https://www.att.gob.bo/mediciones-de-radiacion-no-ionizante-la-paz-2017
[ATT] t= 879.7s | pag=1020 | files=3012 | data=218 | cola= 105 | prio=50 | https://www.att.gob.bo/mediciones-de-radiacion-no-ionizante-pando-2017
[ATT] t= 880.1s | pag=1021 | files=3013 | data=218 | cola= 104 | prio=50 | https://www.att.gob.bo/mediciones-de-radiacion-no-ionizante-la-paz-2016
[ATT] t= 881.0s | pag=1022 | files=3018 | data=219 | cola= 103 | prio=50 | https://www.att.gob.bo/mediciones-de-radiacion-no-ionizante-pando-2016
[ATT] t= 881.7s | pag=1023 | files=3018 | data=219 | cola= 102 | prio=50 | https://www.att.gob.bo/mediciones-de-radiacion-no-ionizante-santa-cruz-2026
[ATT] t= 882.9s | pag=1024 | files=3024 | data=220 | cola= 101 | prio=50 | https://www.att.gob.bo/mediciones-de-radiacion-no-ionizante-beni-2026
[ATT] t= 883.9s | pag=1025 | files=3025 | data=220 | cola= 100 | prio=50 | https://www.att.gob.bo/mediciones-de-radiacion-no-ionizante-santa-cruz-2025
[ATT] t= 884.7s | pag=1026 | files=3048 | data=221 | cola=  99 | prio=50 | https://www.att.gob.bo/mediciones-de-radiacion-no-ionizante-beni-2025
[ATT] t= 885.2s | pag=1027 | files=3052 | data=222 | cola=  98 | prio=50 | https://www.att.gob.bo/mediciones-de-radiacion-no-ionizante-santa-cruz-2024
[ATT] t= 885.7s | pag=1028 | files=3074 | data=223 | cola=  97 | prio=50 | https://www.att.gob.bo/mediciones-de-radiacion-no-ionizante-beni-2024
[ATT] t= 886.6s | pag=1029 | files=3080 | data=224 | cola=  96 | prio=50 | https://www.att.gob.bo/mediciones-de-radiacion-no-ionizante-santa-cruz-2023
[ATT] DATASETS=225 | data_html_table | https://www.att.gob.bo/mediciones-de-radiacion-no-ionizante-santa-cruz-2023
[ATT] t= 887.5s | pag=1030 | files=3084 | data=225 | cola=  95 | prio=50 | https://www.att.gob.bo/mediciones-de-radiacion-no-ionizante-beni-2023
[ATT] t= 888.5s | pag=1031 | files=3087 | data=226 | cola=  94 | prio=50 | https://www.att.gob.bo/mediciones-de-radiacion-no-ionizante-santa-cruz-2022
[ATT] t= 889.6s | pag=1032 | files=3087 | data=226 | cola=  93 | prio=50 | https://www.att.gob.bo/mediciones-de-radiacion-no-ionizante-beni-2022
[ATT] t= 890.5s | pag=1033 | files=3087 | data=226 | cola=  92 | prio=50 | https://www.att.gob.bo/mediciones-de-radiacion-no-ionizante-santa-cruz-2021
[ATT] t= 890.8s | pag=1034 | files=3092 | data=227 | cola=  91 | prio=50 | https://www.att.gob.bo/mediciones-de-radiacion-no-ionizante-beni-2021
[ATT] t= 891.5s | pag=1035 | files=3092 | data=227 | cola=  90 | prio=50 | https://www.att.gob.bo/mediciones-de-radiacion-no-ionizante-santa-cruz-2020
[ATT] t= 891.9s | pag=1036 | files=3104 | data=228 | cola=  89 | prio=50 | https://www.att.gob.bo/mediciones-de-radiacion-no-ionizante-beni-2020
[ATT] t= 892.3s | pag=1037 | files=3106 | data=229 | cola=  88 | prio=50 | https://www.att.gob.bo/mediciones-de-radiacion-no-ionizante-santa-cruz-2019
[ATT] t= 892.8s | pag=1038 | files=3124 | data=230 | cola=  87 | prio=50 | https://www.att.gob.bo/mediciones-de-radiacion-no-ionizante-beni-2019
[ATT] t= 893.9s | pag=1039 | files=3127 | data=231 | cola=  86 | prio=50 | https://www.att.gob.bo/mediciones-de-radiacion-no-ionizante-santa-cruz-2018
[ATT] t= 895.2s | pag=1040 | files=3145 | data=232 | cola=  85 | prio=50 | https://www.att.gob.bo/mediciones-de-radiacion-no-ionizante-beni-2018
[ATT] t= 896.3s | pag=1041 | files=3152 | data=233 | cola=  84 | prio=50 | https://www.att.gob.bo/mediciones-de-radiacion-no-ionizante-santa-cruz-2017
[ATT] t= 897.2s | pag=1042 | files=3190 | data=234 | cola=  83 | prio=50 | https://www.att.gob.bo/mediciones-de-radiacion-no-ionizante-beni-2017
[ATT] t= 897.8s | pag=1043 | files=3193 | data=235 | cola=  82 | prio=50 | https://www.att.gob.bo/mediciones-de-radiacion-no-ionizante-santa-cruz-2016
[ATT] t= 898.2s | pag=1044 | files=3197 | data=236 | cola=  81 | prio=50 | https://www.att.gob.bo/mediciones-de-radiacion-no-ionizante-beni-2016
[ATT] t= 899.0s | pag=1045 | files=3206 | data=237 | cola=  80 | prio=50 | https://www.att.gob.bo/mediciones-de-radiacion-no-ionizante-tarija-2026
[ATT] t= 899.6s | pag=1046 | files=3209 | data=238 | cola=  79 | prio=50 | https://www.att.gob.bo/mediciones-de-radiacion-no-ionizante-potosi-2026
[ATT] t= 900.4s | pag=1047 | files=3215 | data=239 | cola=  78 | prio=50 | https://www.att.gob.bo/mediciones-de-radiacion-no-ionizante-chuquisaca-2026
[ATT] t= 901.1s | pag=1048 | files=3216 | data=239 | cola=  77 | prio=50 | https://www.att.gob.bo/mediciones-de-radiacion-no-ionizante-tarija-2025
[ATT] t= 902.0s | pag=1049 | files=3224 | data=240 | cola=  76 | prio=50 | https://www.att.gob.bo/mediciones-de-radiacion-no-ionizante-potosi-2025
[ATT] t= 903.1s | pag=1050 | files=3230 | data=241 | cola=  75 | prio=50 | https://www.att.gob.bo/mediciones-de-radiacion-no-ionizante-chuquisaca-2025
[ATT] t= 903.8s | pag=1051 | files=3232 | data=242 | cola=  74 | prio=50 | https://www.att.gob.bo/mediciones-de-radiacion-no-ionizante-tarija-2024
[ATT] t= 904.7s | pag=1052 | files=3243 | data=243 | cola=  73 | prio=50 | https://www.att.gob.bo/mediciones-de-radiacion-no-ionizante-potosi-2024
[ATT] t= 905.4s | pag=1053 | files=3249 | data=244 | cola=  72 | prio=50 | https://www.att.gob.bo/mediciones-de-radiacion-no-ionizante-chuquisaca-2024
[ATT] t= 906.3s | pag=1054 | files=3254 | data=245 | cola=  71 | prio=50 | https://www.att.gob.bo/mediciones-de-radiacion-no-ionizante-tarija-2023
[ATT] t= 906.9s | pag=1055 | files=3260 | data=246 | cola=  70 | prio=50 | https://www.att.gob.bo/mediciones-de-radiacion-no-ionizante-potosi-2023
[ATT] t= 907.8s | pag=1056 | files=3262 | data=247 | cola=  69 | prio=50 | https://www.att.gob.bo/mediciones-de-radiacion-no-ionizante-chuquisaca-2023
[ATT] t= 908.6s | pag=1057 | files=3266 | data=248 | cola=  68 | prio=50 | https://www.att.gob.bo/mediciones-de-radiacion-no-ionizante-tarija-2022
[ATT] t= 909.0s | pag=1058 | files=3270 | data=249 | cola=  67 | prio=50 | https://www.att.gob.bo/mediciones-de-radiacion-no-ionizante-potosi-2022
[ATT] DATASETS=250 | data_html_table | https://www.att.gob.bo/mediciones-de-radiacion-no-ionizante-potosi-2022
[ATT] t= 909.5s | pag=1059 | files=3273 | data=250 | cola=  66 | prio=50 | https://www.att.gob.bo/mediciones-de-radiacion-no-ionizante-chuquisaca-2022
[ATT] t= 910.2s | pag=1060 | files=3273 | data=250 | cola=  65 | prio=50 | https://www.att.gob.bo/mediciones-de-radiacion-no-ionizante-tarija-2021
[ATT] t= 910.9s | pag=1061 | files=3277 | data=251 | cola=  64 | prio=50 | https://www.att.gob.bo/mediciones-de-radiacion-no-ionizante-potosi-2021
[ATT] t= 911.7s | pag=1062 | files=3280 | data=252 | cola=  63 | prio=50 | https://www.att.gob.bo/mediciones-de-radiacion-no-ionizante-chuquisaca-2021
[ATT] t= 912.4s | pag=1063 | files=3280 | data=252 | cola=  62 | prio=50 | https://www.att.gob.bo/mediciones-de-radiacion-no-ionizante-tarija-2020
[ATT] t= 913.2s | pag=1064 | files=3289 | data=253 | cola=  61 | prio=50 | https://www.att.gob.bo/mediciones-de-radiacion-no-ionizante-potosi-2020
[ATT] t= 913.7s | pag=1065 | files=3294 | data=254 | cola=  60 | prio=50 | https://www.att.gob.bo/mediciones-de-radiacion-no-ionizante-chuquisaca-2020
[ATT] t= 914.1s | pag=1066 | files=3298 | data=255 | cola=  59 | prio=50 | https://www.att.gob.bo/mediciones-de-radiacion-no-ionizante-tarija-2019
[ATT] t= 914.8s | pag=1067 | files=3313 | data=256 | cola=  58 | prio=50 | https://www.att.gob.bo/mediciones-de-radiacion-no-ionizante-potosi-2019
[ATT] t= 915.2s | pag=1068 | files=3320 | data=257 | cola=  57 | prio=50 | https://www.att.gob.bo/mediciones-de-radiacion-no-ionizante-chuquisaca-2019
[ATT] t= 915.7s | pag=1069 | files=3324 | data=258 | cola=  56 | prio=50 | https://www.att.gob.bo/mediciones-de-radiacion-no-ionizante-tarija-2018
[ATT] t= 916.2s | pag=1070 | files=3333 | data=259 | cola=  55 | prio=50 | https://www.att.gob.bo/mediciones-de-radiacion-no-ionizante-potosi-2018
[ATT] t= 917.2s | pag=1071 | files=3344 | data=260 | cola=  54 | prio=50 | https://www.att.gob.bo/mediciones-de-radiacion-no-ionizante-chuquisaca-2018
[ATT] t= 918.0s | pag=1072 | files=3353 | data=261 | cola=  53 | prio=50 | https://www.att.gob.bo/mediciones-de-radiacion-no-ionizante-tarija-2017
[ATT] t= 918.7s | pag=1073 | files=3365 | data=262 | cola=  52 | prio=50 | https://www.att.gob.bo/mediciones-de-radiacion-no-ionizante-potosi-2017
[ATT] t= 919.1s | pag=1074 | files=3370 | data=263 | cola=  51 | prio=50 | https://www.att.gob.bo/mediciones-de-radiacion-no-ionizante-chuquisaca-2017
[ATT] t= 920.0s | pag=1075 | files=3372 | data=264 | cola=  50 | prio=50 | https://www.att.gob.bo/mediciones-de-radiacion-no-ionizante-tarija-2016
[ATT] t= 920.9s | pag=1076 | files=3373 | data=264 | cola=  49 | prio=50 | https://www.att.gob.bo/mediciones-de-radiacion-no-ionizante-potosi-2016
[ATT] t= 921.4s | pag=1077 | files=3374 | data=264 | cola=  48 | prio=50 | https://www.att.gob.bo/mediciones-de-radiacion-no-ionizante-chuquisaca-2016
[ATT] t= 922.2s | pag=1078 | files=3374 | data=264 | cola=  47 | prio=50 | https://www.att.gob.bo/licitaciones-gestion-2019
[ATT] t= 923.1s | pag=1079 | files=3383 | data=265 | cola=  46 | prio=50 | https://www.att.gob.bo/licitaciones-gestion-2018
[ATT] t= 923.5s | pag=1080 | files=3410 | data=266 | cola=  45 | prio=50 | http://www.att.gob.bo/
[ATT] t= 924.4s | pag=1080 | files=3410 | data=266 | cola=  44 | prio=70 | https://www.att.gob.bo/en/misionvision
[ATT] t= 925.5s | pag=1081 | files=3410 | data=266 | cola=  43 | prio=70 | https://www.att.gob.bo/en/codigo-de-etica
[ATT] t= 926.0s | pag=1082 | files=3410 | data=266 | cola=  42 | prio=70 | https://www.att.gob.bo/en/galeria-institucional
[ATT] t= 926.4s | pag=1083 | files=3410 | data=266 | cola=  51 | prio=10 | https://www.att.gob.bo/en/plan-operativo-saytam-coronavirus-el-alto
[ATT] t= 927.2s | pag=1084 | files=3410 | data=266 | cola=  50 | prio=10 | https://www.att.gob.bo/en/plan-operativo-saytam-coronavirus-cochabamba
[ATT] t= 928.3s | pag=1085 | files=3410 | data=266 | cola=  49 | prio=10 | https://www.att.gob.bo/en/plan-operativo-saytam-coronavirus-la-paz
[ATT] t= 928.9s | pag=1086 | files=3410 | data=266 | cola=  48 | prio=40 | https://www.att.gob.bo/en/galeria-institucional?page=0
[ATT] t= 929.3s | pag=1087 | files=3410 | data=266 | cola=  47 | prio=40 | https://www.att.gob.bo/en/galeria-institucional?page=1
[ATT] t= 929.9s | pag=1088 | files=3410 | data=266 | cola=  52 | prio=10 | https://www.att.gob.bo/en/audiencia-publica-inicial-de-rendicion-de-cuentas-2018
[ATT] t= 930.8s | pag=1089 | files=3410 | data=266 | cola=  51 | prio=40 | https://www.att.gob.bo/en/galeria-institucional?page=2
[ATT] t= 931.2s | pag=1090 | files=3410 | data=266 | cola=  56 | prio=10 | https://www.att.gob.bo/en/rendicion-inicial-de-cuentas-santa-cruz
[ATT] t= 932.1s | pag=1091 | files=3410 | data=266 | cola=  55 | prio=10 | https://www.att.gob.bo/en/audiencia-final-de-rendicion-de-cuentas-mopsv
[ATT] t= 933.3s | pag=1092 | files=3410 | data=266 | cola=  54 | prio=40 | https://www.att.gob.bo/en/galeria-institucional?page=3
[ATT] t= 934.2s | pag=1093 | files=3410 | data=266 | cola=  57 | prio= 2 | https://www.att.gob.bo/en/dia-mundial-de-las-telecomunicaciones-y-tic
[ATT] t= 934.9s | pag=1094 | files=3410 | data=266 | cola=  56 | prio=10 | https://www.att.gob.bo/en/rendicion-de-cuentas-institucional
[ATT] t= 936.1s | pag=1095 | files=3410 | data=266 | cola=  55 | prio=10 | https://www.att.gob.bo/en/cumplimiento-la-normativa-audiencias-publicas-de-rendicion-de-cuentas
[ATT] t= 937.3s | pag=1096 | files=3410 | data=266 | cola=  54 | prio=50 | https://www.att.gob.bo/en/la-att-trabaja-por-un-retorno-seguro-clases
[ATT] t= 937.9s | pag=1097 | files=3410 | data=266 | cola=  53 | prio=50 | https://www.att.gob.bo/en/att-refuerza-la-seguridad-vial-con-capacitaciones-para-transportistas-sancionados-0
[ATT] t= 938.6s | pag=1098 | files=3410 | data=266 | cola=  52 | prio=50 | https://www.att.gob.bo/en/visita-centro-de-experiencia-huawei
[ATT] t= 939.7s | pag=1099 | files=3410 | data=266 | cola=  51 | prio=50 | https://www.att.gob.bo/en/entrega-de-mapa-naval
[ATT] t= 940.9s | pag=1100 | files=3410 | data=266 | cola=  50 | prio=50 | https://www.att.gob.bo/en/reunion-huawei
[ATT] t= 941.3s | pag=1101 | files=3410 | data=266 | cola=  49 | prio=50 | https://www.att.gob.bo/en/operativo-terminal-la-paz
[ATT] t= 942.3s | pag=1102 | files=3410 | data=266 | cola=  48 | prio=50 | https://www.att.gob.bo/en/conferencia-de-prensa
[ATT] t= 943.5s | pag=1103 | files=3410 | data=266 | cola=  47 | prio=50 | https://www.att.gob.bo/en/operativo-radio-ilegales
[ATT] t= 944.1s | pag=1104 | files=3410 | data=266 | cola=  46 | prio=50 | https://www.att.gob.bo/en/taller-de-cuerdas
[ATT] t= 944.7s | pag=1105 | files=3410 | data=266 | cola=  45 | prio=50 | https://www.att.gob.bo/en/dia-del-internet
[ATT] t= 945.6s | pag=1106 | files=3410 | data=266 | cola=  44 | prio=50 | https://www.att.gob.bo/en/marzo-23-desfile-civico-dia-del-mar
[ATT] t= 946.4s | pag=1107 | files=3410 | data=266 | cola=  43 | prio=70 | https://www.att.gob.bo/en/autoridades-att
[ATT] t= 947.2s | pag=1108 | files=3410 | data=266 | cola=  43 | prio=50 | https://www.att.gob.bo/admin/structure/views/view/team/edit/block_list_top3_teamp_style1?destination=%2Fnode%2F144
[ATT] t= 948.0s | pag=1108 | files=3410 | data=266 | cola=  42 | prio=70 | https://www.att.gob.bo/en/contactanos
[ATT] t= 949.5s | pag=1109 | files=3410 | data=266 | cola=  42 | prio=70 | https://www.att.gob.bo/misionvision
[ATT] t= 950.1s | pag=1110 | files=3410 | data=266 | cola=  41 | prio=70 | https://www.att.gob.bo/en/att-establece-periodo-de-transicion-para-fortalecer-la-implementacion-de-la-television-digital
[ATT] t= 950.8s | pag=1111 | files=3410 | data=266 | cola=  40 | prio=70 | https://www.att.gob.bo/contactanos
[ATT] t= 951.7s | pag=1112 | files=3410 | data=266 | cola=  39 | prio=70 | https://www.att.gob.bo/index.php/en/misionvision
[ATT] t= 952.4s | pag=1113 | files=3410 | data=266 | cola=  38 | prio=70 | https://www.att.gob.bo/index.php/en/codigo-de-etica
[ATT] t= 953.1s | pag=1114 | files=3410 | data=266 | cola=  37 | prio=70 | https://www.att.gob.bo/index.php/en/galeria-institucional
[ATT] t= 953.8s | pag=1115 | files=3410 | data=266 | cola=  46 | prio=10 | https://www.att.gob.bo/index.php/en/plan-operativo-saytam-coronavirus-el-alto
[ATT] t= 954.6s | pag=1116 | files=3410 | data=266 | cola=  45 | prio=10 | https://www.att.gob.bo/index.php/en/plan-operativo-saytam-coronavirus-cochabamba
[ATT] t= 955.5s | pag=1117 | files=3410 | data=266 | cola=  44 | prio=10 | https://www.att.gob.bo/index.php/en/plan-operativo-saytam-coronavirus-la-paz
[ATT] t= 956.2s | pag=1118 | files=3410 | data=266 | cola=  43 | prio=40 | https://www.att.gob.bo/index.php/en/galeria-institucional?page=0
[ATT] t= 956.6s | pag=1119 | files=3410 | data=266 | cola=  42 | prio=40 | https://www.att.gob.bo/index.php/en/galeria-institucional?page=1
[ATT] t= 957.8s | pag=1120 | files=3410 | data=266 | cola=  47 | prio=10 | https://www.att.gob.bo/index.php/en/audiencia-publica-inicial-de-rendicion-de-cuentas-2018
[ATT] t= 958.5s | pag=1121 | files=3410 | data=266 | cola=  46 | prio=40 | https://www.att.gob.bo/index.php/en/galeria-institucional?page=2
[ATT] t= 959.7s | pag=1122 | files=3410 | data=266 | cola=  51 | prio=10 | https://www.att.gob.bo/index.php/en/rendicion-inicial-de-cuentas-santa-cruz
[ATT] t= 960.5s | pag=1123 | files=3410 | data=266 | cola=  50 | prio=10 | https://www.att.gob.bo/index.php/en/audiencia-final-de-rendicion-de-cuentas-mopsv
[ATT] t= 961.3s | pag=1124 | files=3410 | data=266 | cola=  49 | prio=40 | https://www.att.gob.bo/index.php/en/galeria-institucional?page=3
[ATT] t= 962.3s | pag=1125 | files=3410 | data=266 | cola=  52 | prio= 2 | https://www.att.gob.bo/index.php/en/dia-mundial-de-las-telecomunicaciones-y-tic
[ATT] t= 962.7s | pag=1126 | files=3410 | data=266 | cola=  51 | prio=10 | https://www.att.gob.bo/index.php/en/rendicion-de-cuentas-institucional
[ATT] t= 963.4s | pag=1127 | files=3410 | data=266 | cola=  50 | prio=10 | https://www.att.gob.bo/index.php/en/cumplimiento-la-normativa-audiencias-publicas-de-rendicion-de-cuentas
[ATT] t= 963.8s | pag=1128 | files=3410 | data=266 | cola=  49 | prio=50 | https://www.att.gob.bo/index.php/en/la-att-trabaja-por-un-retorno-seguro-clases
[ATT] t= 964.7s | pag=1129 | files=3410 | data=266 | cola=  48 | prio=50 | https://www.att.gob.bo/index.php/en/att-refuerza-la-seguridad-vial-con-capacitaciones-para-transportistas-sancionados-0
[ATT] t= 965.4s | pag=1130 | files=3410 | data=266 | cola=  47 | prio=50 | https://www.att.gob.bo/index.php/en/visita-centro-de-experiencia-huawei
[ATT] t= 966.0s | pag=1131 | files=3410 | data=266 | cola=  46 | prio=50 | https://www.att.gob.bo/index.php/en/entrega-de-mapa-naval
[ATT] t= 967.2s | pag=1132 | files=3410 | data=266 | cola=  45 | prio=50 | https://www.att.gob.bo/index.php/en/reunion-huawei
[ATT] t= 968.2s | pag=1133 | files=3410 | data=266 | cola=  44 | prio=50 | https://www.att.gob.bo/index.php/en/operativo-terminal-la-paz
[ATT] t= 969.1s | pag=1134 | files=3410 | data=266 | cola=  43 | prio=50 | https://www.att.gob.bo/index.php/en/conferencia-de-prensa
[ATT] t= 970.3s | pag=1135 | files=3410 | data=266 | cola=  42 | prio=50 | https://www.att.gob.bo/index.php/en/operativo-radio-ilegales
[ATT] t= 971.6s | pag=1136 | files=3410 | data=266 | cola=  41 | prio=50 | https://www.att.gob.bo/index.php/en/taller-de-cuerdas
[ATT] t= 972.7s | pag=1137 | files=3410 | data=266 | cola=  40 | prio=50 | https://www.att.gob.bo/index.php/en/dia-del-internet
[ATT] t= 973.6s | pag=1138 | files=3410 | data=266 | cola=  39 | prio=50 | https://www.att.gob.bo/index.php/en/marzo-23-desfile-civico-dia-del-mar
[ATT] t= 974.6s | pag=1139 | files=3410 | data=266 | cola=  38 | prio=70 | https://www.att.gob.bo/index.php/en/autoridades-att
[ATT] t= 975.4s | pag=1140 | files=3410 | data=266 | cola=  37 | prio=70 | https://www.att.gob.bo/index.php/en/contactanos
[ATT] t= 976.5s | pag=1141 | files=3410 | data=266 | cola=  37 | prio=70 | https://www.att.gob.bo/sobre-television-digital
[ATT] t= 977.2s | pag=1142 | files=3410 | data=266 | cola=  37 | prio=50 | https://www.att.gob.bo/instructivo-del-seguimiento-de-apagon-analogico
[ATT] t= 978.9s | pag=1143 | files=3413 | data=267 | cola=  36 | prio=70 | https://www.att.gob.bo/index.php/en/node/882
[ATT] t= 980.1s | pag=1144 | files=3413 | data=267 | cola=  35 | prio=70 | https://www.att.gob.bo/drupal/team-1
[ATT] t= 980.6s | pag=1144 | files=3413 | data=267 | cola=  34 | prio=70 | https://www.att.gob.bo/drupal/misionvision
[ATT] t= 981.6s | pag=1144 | files=3413 | data=267 | cola=  33 | prio=70 | https://www.att.gob.bo/drupal/galeria-institucional
[ATT] t= 983.0s | pag=1144 | files=3413 | data=267 | cola=  32 | prio=70 | https://www.att.gob.bo/drupal/codigo-de-etica
[ATT] t= 984.3s | pag=1144 | files=3413 | data=267 | cola=  31 | prio=70 | https://www.att.gob.bo/drupal/videos-transparencia
[ATT] t= 985.5s | pag=1144 | files=3413 | data=267 | cola=  30 | prio=70 | https://www.att.gob.bo/index.php/en/att-establece-periodo-de-transicion-para-fortalecer-la-implementacion-de-la-television-digital
[ATT] t= 986.7s | pag=1145 | files=3413 | data=267 | cola=  29 | prio=70 | https://www.att.gob.bo/index.php/en/resultados-del-segundo-simulacro-del-apagon-analogico-reflejan-avance-gradual-hacia-la-television
[ATT] t= 987.7s | pag=1146 | files=3413 | data=267 | cola=  28 | prio=70 | https://www.att.gob.bo/index.php/en/att-socializa-ajuste-provisional-de-tarifas-aereas-y-fortalece-el-dialogo-con-los-sectores-del-pais
[ATT] t= 988.4s | pag=1147 | files=3413 | data=267 | cola=  27 | prio=70 | https://www.att.gob.bo/index.php/en/bolivia-iniciara-el-apagon-analogico-de-la-television-en-mayo-de-2026
[ATT] t= 989.3s | pag=1148 | files=3413 | data=267 | cola=  26 | prio=70 | https://www.att.gob.bo/licitaciones-de-valor-agregado-para-television-digital
[ATT] t= 990.0s | pag=1149 | files=3413 | data=267 | cola=  27 | prio=10 | https://www.att.gob.bo/drupal/extracto-de-publicaciones-tdt-servicios-valor-agregado-2020
[ATT] t= 991.5s | pag=1149 | files=3413 | data=267 | cola=  26 | prio=50 | https://www.att.gob.bo/drupal/licitaciones-tdt-gestion-2020
[ATT] t= 992.5s | pag=1149 | files=3413 | data=267 | cola=  25 | prio=70 | https://www.att.gob.bo/en/resultados-del-segundo-simulacro-del-apagon-analogico-reflejan-avance-gradual-hacia-la-television
[ATT] t= 993.9s | pag=1150 | files=3413 | data=267 | cola=  24 | prio=70 | https://www.att.gob.bo/en/att-socializa-ajuste-provisional-de-tarifas-aereas-y-fortalece-el-dialogo-con-los-sectores-del-pais
[ATT] t= 994.8s | pag=1151 | files=3413 | data=267 | cola=  23 | prio=70 | https://www.att.gob.bo/index.php/es/node/1078
[ATT] t= 995.6s | pag=1152 | files=3413 | data=267 | cola=  22 | prio=70 | https://www.att.gob.bo/es/node/1078
[ATT] t= 996.3s | pag=1153 | files=3413 | data=267 | cola=  21 | prio=70 | https://www.att.gob.bo/denuncia
[ATT] t= 997.3s | pag=1154 | files=3413 | data=267 | cola=  21 | prio=50 | https://www.att.gob.bo/en/image-captcha-refresh/webform_submission_formulario_de_denuncias_node_892_add_form
[ATT] t= 997.8s | pag=1154 | files=3414 | data=267 | cola=  20 | prio=70 | https://www.att.gob.bo/reclamo
[ATT] t= 999.3s | pag=1155 | files=3414 | data=267 | cola=  20 | prio=50 | https://www.att.gob.bo/en/image-captcha-refresh/webform_submission_formulario_de_reclamos_node_893_add_form
[ATT] t=1000.2s | pag=1155 | files=3415 | data=267 | cola=  19 | prio=70 | https://www.att.gob.bo/sugerencia
[ATT] t=1001.4s | pag=1156 | files=3415 | data=267 | cola=  19 | prio=50 | https://www.att.gob.bo/en/image-captcha-refresh/webform_submission_formulario_de_sugerencias_node_894_add_form
[ATT] t=1002.3s | pag=1156 | files=3416 | data=267 | cola=  18 | prio=70 | https://www.att.gob.bo/en/socializacion-del-decreto-supremo-ndeg-3152-de-television-digital-en-la-ciudad-de-cochabamba
[ATT] t=1003.9s | pag=1157 | files=3416 | data=267 | cola=  17 | prio=70 | https://www.att.gob.bo/en/participacion-de-la-att-en-las-ferias-de-transparencia
[ATT] t=1005.0s | pag=1158 | files=3416 | data=267 | cola=  16 | prio=70 | https://www.att.gob.bo/en/image-captcha-refresh/webform_submission_contactenos_node_890_add_form
[ATT] t=1005.4s | pag=1158 | files=3417 | data=267 | cola=  15 | prio=70 | https://www.att.gob.bo/index.php/en/socializacion-del-decreto-supremo-ndeg-3152-de-television-digital-en-la-ciudad-de-cochabamba
[ATT] t=1006.3s | pag=1159 | files=3417 | data=267 | cola=  14 | prio=70 | https://www.att.gob.bo/index.php/en/participacion-de-la-att-en-las-ferias-de-transparencia
[ATT] t=1007.0s | pag=1160 | files=3417 | data=267 | cola=  13 | prio=70 | https://www.att.gob.bo/index.php/en/image-captcha-refresh/webform_submission_contactenos_node_890_add_form
[ATT] t=1007.6s | pag=1160 | files=3418 | data=267 | cola=  12 | prio=80 | https://www.att.gob.bo/index.php/en?page=159
[ATT] t=1008.5s | pag=1161 | files=3418 | data=267 | cola=  21 | prio=50 | https://www.att.gob.bo/index.php/en/node/710
[ATT] t=1009.4s | pag=1162 | files=3418 | data=267 | cola=  20 | prio=50 | https://www.att.gob.bo/index.php/en/node/708
[ATT] t=1010.0s | pag=1163 | files=3418 | data=267 | cola=  19 | prio=80 | https://www.att.gob.bo/index.php/en?page=158
[ATT] t=1010.9s | pag=1164 | files=3418 | data=267 | cola=  20 | prio=50 | https://www.att.gob.bo/index.php/en/node/758
[ATT] t=1011.7s | pag=1165 | files=3418 | data=267 | cola=  19 | prio=50 | https://www.att.gob.bo/index.php/en/node/750
[ATT] t=1012.8s | pag=1166 | files=3418 | data=267 | cola=  18 | prio=80 | https://www.att.gob.bo/index.php/en?page=151
[ATT] t=1013.3s | pag=1167 | files=3418 | data=267 | cola=  23 | prio=10 | https://www.att.gob.bo/index.php/en/plan-operativo-saytam-coronavirus-detengamos-el-coronavirus-0
[ATT] t=1014.1s | pag=1168 | files=3418 | data=267 | cola=  22 | prio=50 | https://www.att.gob.bo/index.php/en/2do-operativo-de-secuestro-de-radios-ilegales-2021
[ATT] t=1015.0s | pag=1169 | files=3418 | data=267 | cola=  21 | prio=80 | https://www.att.gob.bo/index.php/en?page=152
[ATT] t=1015.8s | pag=1170 | files=3418 | data=267 | cola=  22 | prio=50 | https://www.att.gob.bo/index.php/en/acceso-la-informacion-del-sistema-central-de-portabilidad-numerica-firma-de-convenios-att-y
[ATT] t=1016.7s | pag=1171 | files=3418 | data=267 | cola=  21 | prio=50 | https://www.att.gob.bo/index.php/en/operativo-secuestro-de-radios-ilegales
[ATT] t=1017.8s | pag=1172 | files=3418 | data=267 | cola=  20 | prio=80 | https://www.att.gob.bo/index.php/en?page=153
[ATT] t=1018.4s | pag=1173 | files=3418 | data=267 | cola=  21 | prio=10 | https://www.att.gob.bo/index.php/en/plan-operativo-saytam-coronavirus-detengamos-el-coronavirus
[ATT] t=1019.3s | pag=1174 | files=3418 | data=267 | cola=  20 | prio=50 | https://www.att.gob.bo/index.php/en/node/836
[ATT] t=1020.4s | pag=1175 | files=3420 | data=267 | cola=  19 | prio=80 | https://www.att.gob.bo/index.php/en?page=154
[ATT] t=1021.2s | pag=1176 | files=3420 | data=267 | cola=  20 | prio= 2 | https://www.att.gob.bo/index.php/en/plan-operativo-de-control-de-servicio-postal
[ATT] t=1022.0s | pag=1177 | files=3420 | data=267 | cola=  20 | prio= 2 | http://www.att.gob.bo/operadorespostal
[ATT] t=1022.5s | pag=1177 | files=3420 | data=267 | cola=  19 | prio=50 | https://www.att.gob.bo/index.php/en/node/796
[ATT] t=1023.7s | pag=1178 | files=3422 | data=267 | cola=  18 | prio=80 | https://www.att.gob.bo/index.php/en?page=155
[ATT] t=1024.3s | pag=1179 | files=3422 | data=267 | cola=  19 | prio= 2 | https://www.att.gob.bo/index.php/en/node/793
[ATT] t=1024.9s | pag=1180 | files=3424 | data=267 | cola=  18 | prio=50 | https://www.att.gob.bo/index.php/en/node/795
[ATT] t=1025.6s | pag=1181 | files=3426 | data=267 | cola=  17 | prio=80 | https://www.att.gob.bo/index.php/en?page=156
[ATT] t=1026.6s | pag=1182 | files=3426 | data=267 | cola=  18 | prio= 2 | https://www.att.gob.bo/index.php/en/node/773
[ATT] t=1027.6s | pag=1183 | files=3428 | data=267 | cola=  17 | prio=50 | https://www.att.gob.bo/index.php/en/node/775
[ATT] t=1028.6s | pag=1184 | files=3430 | data=267 | cola=  16 | prio=80 | https://www.att.gob.bo/index.php/en?page=157
[ATT] t=1029.2s | pag=1185 | files=3430 | data=267 | cola=  17 | prio=50 | https://www.att.gob.bo/index.php/en/node/762
[ATT] t=1029.9s | pag=1186 | files=3430 | data=267 | cola=  16 | prio=50 | https://www.att.gob.bo/index.php/en/node/761
[ATT] t=1031.1s | pag=1187 | files=3430 | data=267 | cola=  15 | prio=80 | https://www.att.gob.bo/index.php/en?page=150
[ATT] t=1032.2s | pag=1188 | files=3430 | data=267 | cola=  17 | prio=50 | https://www.att.gob.bo/index.php/en/comunicado-mensaje-presidencial-2022
[ATT] t=1033.1s | pag=1189 | files=3430 | data=267 | cola=  16 | prio=50 | https://www.att.gob.bo/index.php/en/la-att-facilita-la-obtencion-de-carnets-de-vacunacion-traves-de-puntos-de-informacion-viajemos-sin
[ATT] t=1034.0s | pag=1190 | files=3430 | data=267 | cola=  15 | prio=80 | https://www.att.gob.bo/index.php/en?page=147
[ATT] t=1035.0s | pag=1191 | files=3430 | data=267 | cola=  19 | prio=50 | https://www.att.gob.bo/index.php/en/la-att-es-galardonada-por-la-implementacion-de-la-firma-digital-al-100-y-por-innovaciones
[ATT] t=1035.7s | pag=1192 | files=3430 | data=267 | cola=  18 | prio=50 | https://www.att.gob.bo/index.php/en/cuidando-al-peregrino-95-de-los-problemas-de-pasajeros-en-semana-santa-fueron-solucionados-en-el
[ATT] t=1036.4s | pag=1193 | files=3430 | data=267 | cola=  17 | prio=80 | https://www.att.gob.bo/index.php/en?page=148
[ATT] t=1037.3s | pag=1194 | files=3430 | data=267 | cola=  18 | prio=50 | https://www.att.gob.bo/index.php/en/la-att-implementa-el-operativo-de-semana-santa-cuidando-al-peregrino
[ATT] t=1038.4s | pag=1195 | files=3430 | data=267 | cola=  17 | prio=50 | https://www.att.gob.bo/index.php/en/att-ds-4669-operadores-no-podran-consumir-el-credito-principal-de-los-usuarios-de-internet-movil
[ATT] t=1039.1s | pag=1196 | files=3430 | data=267 | cola=  16 | prio=80 | https://www.att.gob.bo/index.php/en?page=149
[ATT] t=1040.1s | pag=1197 | files=3430 | data=267 | cola=  17 | prio=50 | https://www.att.gob.bo/index.php/en/la-att-lanza-plan-para-prevenir-delitos-en-entornos-digitales-en-la-epoca-de-carnaval
[ATT] t=1041.0s | pag=1198 | files=3430 | data=267 | cola=  16 | prio=50 | https://www.att.gob.bo/index.php/en/la-att-destaca-una-gestion-regulatoria-eficiente-como-resultado-de-la-renovacion-institucional-en
[ATT] t=1042.1s | pag=1199 | files=3430 | data=267 | cola=  15 | prio=80 | https://www.att.gob.bo/index.php/en?page=146
[ATT] t=1042.9s | pag=1200 | files=3430 | data=267 | cola=  17 | prio=50 | https://www.att.gob.bo/index.php/en/att-suma-esfuerzos-la-lucha-contra-el-contrabando-en-el-transporte-publico-terrestre
[ATT] t=1044.1s | pag=1201 | files=3430 | data=267 | cola=  16 | prio=50 | https://www.att.gob.bo/index.php/en/devolviendo-la-voz-los-pueblos-la-att-entrega-resoluciones-las-radios-cordial-y-comercio
[ATT] t=1045.2s | pag=1202 | files=3430 | data=267 | cola=  15 | prio=80 | https://www.att.gob.bo/index.php/en?page=143
[ATT] t=1046.2s | pag=1203 | files=3430 | data=267 | cola=  19 | prio=50 | https://www.att.gob.bo/index.php/en/la-att-implementara-dos-metodos-para-controlar-el-cumplimiento-del-ds-4669
[ATT] t=1046.8s | pag=1204 | files=3430 | data=267 | cola=  18 | prio=50 | https://www.att.gob.bo/index.php/en/att-realiza-operativo-para-controlar-las-tarifas-y-viajes-de-menores-durante-la-fiesta-de-urkupina
[ATT] t=1047.8s | pag=1205 | files=3430 | data=267 | cola=  17 | prio=80 | https://www.att.gob.bo/index.php/en?page=144
[ATT] t=1048.4s | pag=1206 | files=3430 | data=267 | cola=  18 | prio=50 | https://www.att.gob.bo/index.php/en/ds-4669-partir-del-martes-las-telefonicas-no-podran-consumir-el-credito-principal-para-el-uso-de
[ATT] t=1049.3s | pag=1207 | files=3430 | data=267 | cola=  17 | prio=50 | https://www.att.gob.bo/index.php/en/att-anuncia-implementacion-de-herramientas-digitales-para-la-mejora-de-atencion-pasajeros-de-viru
[ATT] t=1050.0s | pag=1208 | files=3430 | data=267 | cola=  16 | prio=80 | https://www.att.gob.bo/index.php/en?page=145
[ATT] t=1051.0s | pag=1209 | files=3430 | data=267 | cola=  17 | prio=50 | https://www.att.gob.bo/index.php/en/att-instruye-terminales-de-buses-y-operadores-de-transporte-optimizar-sus-servicios-durante-las
[ATT] t=1052.1s | pag=1210 | files=3430 | data=267 | cola=  16 | prio=50 | https://www.att.gob.bo/index.php/en/abrigate-con-la-att-una-campana-solidaria-para-donar-ropa-abrigadora-en-las-terminales-del-pais
[ATT] t=1052.8s | pag=1211 | files=3430 | data=267 | cola=  15 | prio=80 | https://www.att.gob.bo/index.php/en?page=142
[ATT] t=1053.4s | pag=1212 | files=3430 | data=267 | cola=  17 | prio=50 | https://www.att.gob.bo/index.php/en/mas-de-630-pasajeros-protegidos-como-resultado-del-operativo-de-la-att-durante-la-fiesta-de
[ATT] t=1054.2s | pag=1213 | files=3430 | data=267 | cola=  16 | prio=50 | https://www.att.gob.bo/index.php/en/la-att-comprobo-que-el-decreto-supremo-4669-tiene-un-impacto-positivo-en-el-pais
[ATT] t=1055.3s | pag=1214 | files=3430 | data=267 | cola=  15 | prio=80 | https://www.att.gob.bo/index.php/en?page=139
[ATT] t=1056.3s | pag=1215 | files=3430 | data=267 | cola=  19 | prio= 2 | https://www.att.gob.bo/index.php/en/supervisores-de-servicios-de-la-att-realizan-taller-nacional-para-fortalecer-la-atencion-usuarios
[ATT] t=1057.1s | pag=1216 | files=3430 | data=267 | cola=  18 | prio=50 | https://www.att.gob.bo/index.php/en/la-att-entrego-una-resolucion-y-16-licencias-de-uso-de-frecuencia-al-canal-estatal-bolivia-tv
[ATT] t=1058.0s | pag=1217 | files=3430 | data=267 | cola=  17 | prio=80 | https://www.att.gob.bo/index.php/en?page=140
[ATT] t=1058.9s | pag=1218 | files=3430 | data=267 | cola=  18 | prio=50 | https://www.att.gob.bo/index.php/en/la-att-capacito-jubilados-en-habilidades-digitales
[ATT] t=1059.7s | pag=1219 | files=3430 | data=267 | cola=  17 | prio=50 | https://www.att.gob.bo/index.php/en/att-secuestro-2-millones-de-bolivianos-en-equipos-de-14-radioemisoras-ilegales
[ATT] t=1060.7s | pag=1220 | files=3430 | data=267 | cola=  16 | prio=80 | https://www.att.gob.bo/index.php/en?page=141
[ATT] t=1061.7s | pag=1221 | files=3430 | data=267 | cola=  17 | prio=50 | https://www.att.gob.bo/index.php/en/att-crea-centro-virtual-de-capacitacion-para-mejorar-atencion-los-usuarios-de-transporte-aereo
[ATT] t=1062.9s | pag=1222 | files=3430 | data=267 | cola=  16 | prio=50 | https://www.att.gob.bo/index.php/en/att-rechaza-solicitud-de-transferencia-de-viva-y-velara-porque-el-sector-este-regulado
[ATT] t=1064.0s | pag=1223 | files=3430 | data=267 | cola=  15 | prio=80 | https://www.att.gob.bo/index.php/en?page=138
[ATT] t=1064.7s | pag=1224 | files=3430 | data=267 | cola=  17 | prio= 2 | https://www.att.gob.bo/index.php/en/att-invita-conocer-el-futuro-del-pais-en-las-telecomunicaciones
[ATT] t=1065.4s | pag=1225 | files=3430 | data=267 | cola=  16 | prio=50 | https://www.att.gob.bo/index.php/en/att-secuestro-equipos-de-seis-radioemisoras-ilegales-en-cochabamba
[ATT] t=1065.9s | pag=1226 | files=3430 | data=267 | cola=  15 | prio=80 | https://www.att.gob.bo/index.php/en?page=135
[ATT] t=1066.5s | pag=1227 | files=3430 | data=267 | cola=  19 | prio= 2 | https://www.att.gob.bo/index.php/en/sector-de-transportes-perdio-bs-26-mm-causa-del-paro-civico
[ATT] t=1067.2s | pag=1228 | files=3430 | data=267 | cola=  19 | prio=50 | https://www.att.gob.bo/index.php/en/att-crea-plataforma-mi-vuelo-que-proporciona-informacion-de-vuelos-en-tiempo-real
[ATT] t=1068.2s | pag=1229 | files=3430 | data=267 | cola=  18 | prio=50 | https://www.att.gob.bo/en/user/18
[ATT] t=1069.2s | pag=1229 | files=3430 | data=267 | cola=  17 | prio=80 | https://www.att.gob.bo/index.php/en?page=136
[ATT] t=1070.2s | pag=1230 | files=3430 | data=267 | cola=  18 | prio=50 | https://www.att.gob.bo/index.php/en/la-att-se-suma-al-trabajo-del-gabinete-especial-de-lucha-contra-incendios
[ATT] t=1070.8s | pag=1231 | files=3430 | data=267 | cola=  17 | prio=50 | https://www.att.gob.bo/index.php/en/la-att-otorga-la-primera-autorizacion-para-operadores-de-transporte-acuatico-de-pasajeros
[ATT] t=1071.8s | pag=1232 | files=3430 | data=267 | cola=  16 | prio=80 | https://www.att.gob.bo/index.php/en?page=137
[ATT] t=1072.5s | pag=1233 | files=3430 | data=267 | cola=  17 | prio=50 | https://www.att.gob.bo/index.php/en/la-att-identifico-mas-de-300-menores-que-pretendian-viajar-sin-autorizacion-en-tarija
[ATT] t=1072.9s | pag=1234 | files=3430 | data=267 | cola=  16 | prio=50 | https://www.att.gob.bo/index.php/en/ds-4669-solo-se-registraron-74-reclamos-en-un-mes-de-implementacion
[ATT] t=1073.7s | pag=1235 | files=3430 | data=267 | cola=  15 | prio=80 | https://www.att.gob.bo/index.php/en?page=134
[ATT] t=1074.8s | pag=1236 | files=3430 | data=267 | cola=  17 | prio= 2 | https://www.att.gob.bo/index.php/en/att-ejecuta-el-plan-operativo-de-control-de-servicio-postal-por-fin-de-ano
[ATT] t=1075.5s | pag=1237 | files=3430 | data=267 | cola=  16 | prio=50 | https://www.att.gob.bo/index.php/en/att-desbarato-banda-de-estafadores-que-se-hacian-pasar-por-servidores-publicos
[ATT] t=1076.1s | pag=1238 | files=3430 | data=267 | cola=  15 | prio=80 | https://www.att.gob.bo/index.php/en?page=131
[ATT] t=1076.7s | pag=1239 | files=3430 | data=267 | cola=  19 | prio=50 | https://www.att.gob.bo/index.php/en/att-realiza-mega-operativo-de-secuestro-de-radios-ilegales-nivel-nacional
[ATT] t=1077.5s | pag=1240 | files=3430 | data=267 | cola=  18 | prio=50 | https://www.att.gob.bo/index.php/en/att-otorga-un-plazo-de-5-dias-boa-para-presentar-un-plan-de-mejoras
[ATT] t=1078.1s | pag=1241 | files=3430 | data=267 | cola=  17 | prio=80 | https://www.att.gob.bo/index.php/en?page=132
[ATT] t=1079.2s | pag=1242 | files=3430 | data=267 | cola=  18 | prio=50 | https://www.att.gob.bo/index.php/en/att-fortalece-los-servicios-de-las-terminales-de-buses-traves-de-congreso-nacional
[ATT] t=1080.0s | pag=1243 | files=3430 | data=267 | cola=  17 | prio=50 | https://www.att.gob.bo/index.php/en/att-instruye-operadores-de-transporte-el-traslado-gratuito-de-victimas-de-trata-y-trafico
[ATT] t=1080.5s | pag=1244 | files=3430 | data=267 | cola=  16 | prio=80 | https://www.att.gob.bo/index.php/en?page=133
[ATT] t=1081.7s | pag=1245 | files=3430 | data=267 | cola=  17 | prio=10 | https://www.att.gob.bo/index.php/en/plan-operativo-controlando-tarifas-cuidando-tu-economia
[ATT] t=1082.3s | pag=1246 | files=3430 | data=267 | cola=  16 | prio=50 | https://www.att.gob.bo/index.php/en/inicia-el-operativo-vacaciones-tranquilas-con-la-att-para-controlar-el-viaje-de-menores-de-edad
[ATT] t=1083.0s | pag=1247 | files=3430 | data=267 | cola=  15 | prio=80 | https://www.att.gob.bo/index.php/en?page=130
[ATT] t=1083.7s | pag=1248 | files=3430 | data=267 | cola=  17 | prio=50 | https://www.att.gob.bo/index.php/en/la-att-brindo-4000-atenciones-en-terminales-y-aeropuertos-en-fin-de-ano
[ATT] t=1084.5s | pag=1249 | files=3430 | data=267 | cola=  16 | prio=50 | https://www.att.gob.bo/index.php/en/att-realizo-operativo-sorpresa-de-control-de-viajes-en-aeropuertos
[ATT] t=1085.3s | pag=1250 | files=3430 | data=267 | cola=  15 | prio=80 | https://www.att.gob.bo/index.php/en?page=127
[ATT] t=1086.2s | pag=1251 | files=3430 | data=267 | cola=  19 | prio= 2 | https://www.att.gob.bo/index.php/en/la-att-realizo-776-acciones-en-defensa-de-los-usuarios-de-transportes-en-la-primera-semana-de
[ATT] t=1087.1s | pag=1252 | files=3430 | data=267 | cola=  18 | prio=50 | https://www.att.gob.bo/index.php/en/la-att-implementa-controles-estrictos-en-terminales-y-aeropuertos-durante-carnavales
[ATT] t=1088.0s | pag=1253 | files=3430 | data=267 | cola=  17 | prio=80 | https://www.att.gob.bo/index.php/en?page=128
[ATT] t=1088.5s | pag=1254 | files=3430 | data=267 | cola=  18 | prio=50 | https://www.att.gob.bo/index.php/en/att-sancionara-operadores-cuyos-buses-no-cumplan-con-los-controles-tecnicos-de-calidad
[ATT] t=1089.2s | pag=1255 | files=3430 | data=267 | cola=  17 | prio=50 | https://www.att.gob.bo/index.php/en/la-att-recaudo-mas-de-bs-885-mm-en-2022-13-mas-que-en-la-gestion-pasada
[ATT] t=1090.4s | pag=1256 | files=3430 | data=267 | cola=  16 | prio=80 | https://www.att.gob.bo/index.php/en?page=129
[ATT] t=1091.4s | pag=1257 | files=3430 | data=267 | cola=  17 | prio=50 | https://www.att.gob.bo/index.php/en/plataforma-mi-vuelo-en-tiempo-real-de-la-att-sobrepasa-los-50000-beneficiados-con-informacion
[ATT] t=1092.1s | pag=1258 | files=3430 | data=267 | cola=  16 | prio=50 | https://www.att.gob.bo/index.php/en/att-logra-conciliacion-por-extravio-de-una-mascota-y-sancion-la-aerolinea-boa
[ATT] t=1093.0s | pag=1259 | files=3430 | data=267 | cola=  15 | prio=80 | https://www.att.gob.bo/index.php/en?page=126
[ATT] t=1093.7s | pag=1260 | files=3430 | data=267 | cola=  17 | prio=10 | https://www.att.gob.bo/index.php/en/la-att-destaco-logros-en-favor-de-los-usuarios-en-rendicion-publica-de-cuentas-final
[ATT] t=1094.3s | pag=1261 | files=3430 | data=267 | cola=  16 | prio=50 | https://www.att.gob.bo/index.php/en/carnavales-att-realizo-mas-de-2500-acciones-para-proteger-los-derechos-de-los-usuarios
[ATT] t=1095.4s | pag=1262 | files=3430 | data=267 | cola=  15 | prio=80 | https://www.att.gob.bo/index.php/en?page=123
[ATT] t=1096.0s | pag=1263 | files=3430 | data=267 | cola=  19 | prio=50 | https://www.att.gob.bo/index.php/en/att-advierte-multas-hasta-6000-ufvs-operadores-que-incumplan-estandares-de-calidad
[ATT] t=1097.2s | pag=1264 | files=3430 | data=267 | cola=  18 | prio=50 | https://www.att.gob.bo/index.php/en/att-ejecuta-operativo-para-que-los-pasajeros-disfruten-de-un-viaje-con-calidad-y-seguridad-en
[ATT] t=1097.9s | pag=1265 | files=3430 | data=267 | cola=  17 | prio=80 | https://www.att.gob.bo/index.php/en?page=124
[ATT] t=1098.4s | pag=1266 | files=3430 | data=267 | cola=  18 | prio=50 | https://www.att.gob.bo/index.php/en/tarija-recibe-su-primera-autorizacion-para-transporte-acuatico-de-pasajeros-otorgada-por-la-att
[ATT] t=1099.4s | pag=1267 | files=3430 | data=267 | cola=  17 | prio=50 | https://www.att.gob.bo/index.php/en/att-autorizaciones-para-el-servicio-de-transporte-urbano-son-atribucion-de-los-municipios
[ATT] t=1100.1s | pag=1268 | files=3430 | data=267 | cola=  16 | prio=80 | https://www.att.gob.bo/index.php/en?page=125
[ATT] t=1100.7s | pag=1269 | files=3430 | data=267 | cola=  17 | prio= 2 | https://www.att.gob.bo/index.php/en/att-y-pnud-fortalecen-capacidades-tecnicas-para-promover-la-inclusion-de-jovenes-y-mujeres-en-las
[ATT] t=1101.8s | pag=1270 | files=3430 | data=267 | cola=  16 | prio= 2 | https://www.att.gob.bo/index.php/en/bolivia-asumira-por-primera-vez-la-presidencia-de-reguladores-en-telecomunicaciones-en
[ATT] t=1102.4s | pag=1271 | files=3430 | data=267 | cola=  15 | prio=80 | https://www.att.gob.bo/index.php/en?page=122
[ATT] t=1103.4s | pag=1272 | files=3430 | data=267 | cola=  17 | prio=50 | https://www.att.gob.bo/index.php/en/att-y-univida-lanzan-operativo-conjunto-para-promover-la-cultura-de-proteccion-y-seguridad-en-el
[ATT] t=1103.9s | pag=1273 | files=3430 | data=267 | cola=  16 | prio=50 | https://www.att.gob.bo/index.php/en/la-att-lanza-proyecto-para-potenciar-la-participacion-de-las-mujeres-en-las-tecnologias-de
[ATT] t=1104.9s | pag=1274 | files=3430 | data=267 | cola=  15 | prio=80 | https://www.att.gob.bo/index.php/en?page=119
[ATT] t=1105.4s | pag=1275 | files=3430 | data=267 | cola=  19 | prio=50 | https://www.att.gob.bo/index.php/en/plataforma-mi-vuelo-de-la-att-se-actualiza-para-dar-mas-facilidades-los-pasajeros-del-pais
[ATT] t=1106.1s | pag=1276 | files=3430 | data=267 | cola=  18 | prio=50 | https://www.att.gob.bo/index.php/en/un-millon-de-bolivianos-en-equipos-secuestrados-radioemisoras-ilegales-en-cochabamba
[ATT] t=1107.1s | pag=1277 | files=3430 | data=267 | cola=  17 | prio=80 | https://www.att.gob.bo/index.php/en?page=120
[ATT] t=1107.7s | pag=1278 | files=3430 | data=267 | cola=  18 | prio=50 | https://www.att.gob.bo/index.php/en/la-att-lanza-bloquea-la-estafa-para-proteger-la-poblacion-de-estafas-en-linea
[ATT] t=1108.6s | pag=1279 | files=3430 | data=267 | cola=  17 | prio=50 | https://www.att.gob.bo/index.php/en/att-realiza-control-estricto-control-sobre-demoras-y-compensaciones-otorgadas-por-boa
[ATT] t=1109.3s | pag=1280 | files=3430 | data=267 | cola=  16 | prio=80 | https://www.att.gob.bo/index.php/en?page=121
[ATT] t=1110.0s | pag=1281 | files=3430 | data=267 | cola=  17 | prio=50 | https://www.att.gob.bo/index.php/en/hackathon-codeatt-una-oportunidad-para-la-juventud-activa-y-creativa-de-la-tecnologia
[ATT] t=1110.7s | pag=1282 | files=3430 | data=267 | cola=  16 | prio=50 | https://www.att.gob.bo/index.php/en/la-att-y-uajms-firman-convenio-para-potenciar-la-formacion-profesional-de-la-juventud-tarijena
[ATT] t=1111.6s | pag=1283 | files=3430 | data=267 | cola=  15 | prio=80 | https://www.att.gob.bo/index.php/en?page=118
[ATT] t=1112.0s | pag=1284 | files=3430 | data=267 | cola=  17 | prio=50 | https://www.att.gob.bo/index.php/en/att-realizo-un-exitoso-operativo-contra-radios-ilegales-en-la-region-de-los-yungas-de-la-paz
[ATT] t=1113.0s | pag=1285 | files=3430 | data=267 | cola=  16 | prio=50 | https://www.att.gob.bo/index.php/en/mas-de-1000-ninas-fueron-beneficiadas-en-la-1ra-fase-virtual-del-proyecto-warmis-tic
[ATT] t=1113.8s | pag=1286 | files=3430 | data=267 | cola=  15 | prio=80 | https://www.att.gob.bo/index.php/en?page=115
[ATT] t=1114.6s | pag=1287 | files=3430 | data=267 | cola=  19 | prio=50 | https://www.att.gob.bo/index.php/en/att-instruye-amaszonas-suspender-la-venta-de-pasajes-adelantados-en-la-ruta-viru-viru-asuncion
[ATT] t=1115.7s | pag=1288 | files=3430 | data=267 | cola=  18 | prio=50 | https://www.att.gob.bo/index.php/en/att-promueve-la-formacion-profesional-de-las-y-los-jovenes-bolivianos
[ATT] t=1116.9s | pag=1289 | files=3430 | data=267 | cola=  17 | prio=80 | https://www.att.gob.bo/index.php/en?page=116
[ATT] t=1117.7s | pag=1290 | files=3430 | data=267 | cola=  18 | prio=50 | https://www.att.gob.bo/index.php/en/amaszonas-otorgo-compensaciones-todos-los-usuarios-afectados-por-demoras-y-cancelaciones
[ATT] t=1118.8s | pag=1291 | files=3430 | data=267 | cola=  17 | prio=50 | https://www.att.gob.bo/index.php/en/att-resuelve-los-conflictos-en-la-ruta-internacional-oruro-pisiga
[ATT] t=1119.4s | pag=1292 | files=3430 | data=267 | cola=  16 | prio=80 | https://www.att.gob.bo/index.php/en?page=117
[ATT] t=1120.4s | pag=1293 | files=3430 | data=267 | cola=  17 | prio=50 | https://www.att.gob.bo/index.php/en/att-exhorta-alcaldias-y-defensorias-cumplir-con-su-rol-de-controlar-el-viaje-de-menores-durante-las
[ATT] t=1121.0s | pag=1294 | files=3430 | data=267 | cola=  16 | prio=50 | https://www.att.gob.bo/index.php/en/att-anuncia-el-lanzamiento-de-la-fase-2-proyecto-warmis-tics-fomentando-la-participacion-femenina
[ATT] t=1121.9s | pag=1295 | files=3430 | data=267 | cola=  15 | prio=80 | https://www.att.gob.bo/index.php/en?page=114
[ATT] t=1123.0s | pag=1296 | files=3430 | data=267 | cola=  17 | prio=50 | https://www.att.gob.bo/index.php/en/en-dos-semanas-la-att-atendio-2000-reclamos-en-las-terminales-y-aeropuertos-del-pais
[ATT] t=1124.0s | pag=1297 | files=3430 | data=267 | cola=  16 | prio=50 | https://www.att.gob.bo/index.php/en/att-renueva-licencia-de-ecojet-y-emite-conminatoria-contra-boa
[ATT] t=1124.8s | pag=1298 | files=3430 | data=267 | cola=  15 | prio=80 | https://www.att.gob.bo/index.php/en?page=111
[ATT] t=1125.6s | pag=1299 | files=3430 | data=267 | cola=  19 | prio=50 | https://www.att.gob.bo/index.php/en/att-exhorta-amaszonas-asumir-medidas-para-garantizar-la-continuidad-de-sus-servicios
[ATT] t=1126.3s | pag=1300 | files=3430 | data=267 | cola=  18 | prio=50 | https://www.att.gob.bo/index.php/en/controles-de-la-att-lograron-disminuir-en-un-60-la-venta-de-pasajes-menores-de-edad
[ATT] t=1127.2s | pag=1301 | files=3430 | data=267 | cola=  17 | prio=80 | https://www.att.gob.bo/index.php/en?page=112
[ATT] t=1127.9s | pag=1302 | files=3430 | data=267 | cola=  18 | prio=50 | https://www.att.gob.bo/index.php/en/la-att-pondra-en-marcha-un-sistema-de-monitoreo-del-espectro-electromagnetico
[ATT] t=1128.5s | pag=1303 | files=3430 | data=267 | cola=  17 | prio=70 | https://www.att.gob.bo/index.php/en/la-att-lanza-convocatoria-para-provisionar-de-internet-fijo-al-area-rural
[ATT] t=1129.3s | pag=1304 | files=3430 | data=267 | cola=  16 | prio=80 | https://www.att.gob.bo/index.php/en?page=113
[ATT] t=1130.4s | pag=1305 | files=3430 | data=267 | cola=  17 | prio=50 | https://www.att.gob.bo/index.php/en/42-profesionales-de-la-att-destacan-nivel-internacional-y-son-becados-para-especializarse-en-redes
[ATT] t=1131.0s | pag=1306 | files=3430 | data=267 | cola=  16 | prio=50 | https://www.att.gob.bo/index.php/en/en-10-dias-la-att-bloqueo-100-numeros-de-estafadores-en-linea
[ATT] t=1131.8s | pag=1307 | files=3430 | data=267 | cola=  15 | prio=80 | https://www.att.gob.bo/index.php/en?page=110
[ATT] t=1132.6s | pag=1308 | files=3430 | data=267 | cola=  17 | prio=50 | https://www.att.gob.bo/index.php/en/att-instruye-amaszonas-suspender-la-venta-adelantada-de-pasajes-con-una-anticipacion-de-tres-dias
[ATT] t=1133.0s | pag=1309 | files=3430 | data=267 | cola=  16 | prio=50 | https://www.att.gob.bo/index.php/en/att-renueva-la-autorizacion-de-avianca-ecuador-e-invita-las-aerolineas-internacionales-prestar
[ATT] t=1133.7s | pag=1310 | files=3430 | data=267 | cola=  15 | prio=80 | https://www.att.gob.bo/index.php/en?page=107
[ATT] t=1134.5s | pag=1311 | files=3430 | data=267 | cola=  19 | prio= 2 | https://www.att.gob.bo/index.php/en/el-gobierno-nacional-digitaliza-las-notificaciones-en-telecomunicaciones-transportes-electricidad
[ATT] t=1135.1s | pag=1312 | files=3430 | data=267 | cola=  18 | prio=10 | https://www.att.gob.bo/index.php/en/amaszonas-debe-presentar-un-plan-de-accion-y-reportar-las-solicitudes-de-devolucion-de-pasajes
[ATT] t=1135.5s | pag=1313 | files=3430 | data=267 | cola=  17 | prio=80 | https://www.att.gob.bo/index.php/en?page=108
[ATT] t=1136.7s | pag=1314 | files=3430 | data=267 | cola=  18 | prio=10 | https://www.att.gob.bo/index.php/en/att-la-normativa-senala-que-la-devolucion-del-costo-de-pasajes-tiene-un-plazo-de-45-dias
[ATT] t=1137.3s | pag=1315 | files=3430 | data=267 | cola=  17 | prio=50 | https://www.att.gob.bo/index.php/en/att-continua-fiscalizando-amaszonas-para-que-cumpla-las-devoluciones-o-transferencias-de-los
[ATT] t=1137.9s | pag=1316 | files=3430 | data=267 | cola=  16 | prio=80 | https://www.att.gob.bo/index.php/en?page=109
[ATT] t=1139.0s | pag=1317 | files=3430 | data=267 | cola=  17 | prio=50 | https://www.att.gob.bo/index.php/en/att-despliega-operativo-para-garantizar-devoluciones-o-transferencias-de-pasajeros-afectados-por
[ATT] t=1139.5s | pag=1318 | files=3430 | data=267 | cola=  16 | prio=50 | https://www.att.gob.bo/index.php/en/att-asume-medidas-preventivas-para-pasajeros-de-amaszonas
[ATT] t=1140.2s | pag=1319 | files=3430 | data=267 | cola=  15 | prio=80 | https://www.att.gob.bo/index.php/en?page=106
[ATT] t=1140.8s | pag=1320 | files=3430 | data=267 | cola=  17 | prio=50 | https://www.att.gob.bo/index.php/en/la-att-garantizo-que-se-cumplan-los-estandares-internacionales-en-la-1ra-olimpiada-virtual-de
[ATT] t=1141.4s | pag=1321 | files=3430 | data=267 | cola=  16 | prio=50 | https://www.att.gob.bo/index.php/en/att-interpone-demanda-penal-contra-agresores-tras-un-operativo-de-secuestro-de-radioemisoras
[ATT] t=1141.8s | pag=1322 | files=3430 | data=267 | cola=  15 | prio=80 | https://www.att.gob.bo/index.php/en?page=103
[ATT] t=1142.7s | pag=1323 | files=3430 | data=267 | cola=  19 | prio= 2 | https://www.att.gob.bo/index.php/en/la-att-fiscaliza-los-operadores-de-telecomunicaciones-en-la-atencion-al-usuario-nivel-nacional
[ATT] t=1143.1s | pag=1324 | files=3430 | data=267 | cola=  18 | prio=40 | https://www.att.gob.bo/index.php/en?page=99
[ATT] t=1143.9s | pag=1325 | files=3430 | data=267 | cola=  23 | prio=40 | https://www.att.gob.bo/index.php/en?page=100
[ATT] t=1144.8s | pag=1326 | files=3430 | data=267 | cola=  24 | prio=40 | https://www.att.gob.bo/index.php/en?page=98
[ATT] t=1145.4s | pag=1327 | files=3430 | data=267 | cola=  26 | prio= 2 | https://www.att.gob.bo/index.php/en/conminatoria-de-pago-de-obligaciones-financieras-con-la-autoridad-de-regulacion-y-fiscalizacion-de
[ATT] t=1145.7s | pag=1328 | files=3431 | data=267 | cola=  25 | prio=40 | https://www.att.gob.bo/index.php/en?page=95
[ATT] t=1146.5s | pag=1329 | files=3431 | data=267 | cola=  29 | prio= 2 | https://www.att.gob.bo/index.php/en/bolivia-asume-la-presidencia-del-foro-latinoamericano-de-entes-reguladores-de-las
[ATT] t=1147.5s | pag=1330 | files=3431 | data=267 | cola=  28 | prio= 2 | https://www.att.gob.bo/index.php/en/concilianet-un-espacio-virtual-para-que-los-usuarios-resuelvan-los-conflictos-en-servicios-de
[ATT] t=1148.7s | pag=1331 | files=3431 | data=267 | cola=  27 | prio=40 | https://www.att.gob.bo/index.php/en?page=96
[ATT] t=1149.3s | pag=1332 | files=3431 | data=267 | cola=  28 | prio=40 | https://www.att.gob.bo/index.php/en?page=97
[ATT] t=1150.0s | pag=1333 | files=3431 | data=267 | cola=  29 | prio=40 | https://www.att.gob.bo/index.php/en?page=94
[ATT] t=1150.3s | pag=1334 | files=3431 | data=267 | cola=  31 | prio=40 | https://www.att.gob.bo/index.php/en?page=91
[ATT] t=1150.9s | pag=1335 | files=3431 | data=267 | cola=  35 | prio= 2 | https://www.att.gob.bo/index.php/en/en-un-mundo-en-constante-avance-tecnologico-la-att-ofrece-los-periodistas-una-oportunidad-de
[ATT] t=1152.0s | pag=1336 | files=3431 | data=267 | cola=  34 | prio=40 | https://www.att.gob.bo/index.php/en?page=92
[ATT] t=1152.7s | pag=1337 | files=3431 | data=267 | cola=  35 | prio=10 | https://www.att.gob.bo/index.php/en/att-bloqueos-afectan-197728-pasajeros-y-la-perdida-economica-para-el-sector-de-transporte-se
[ATT] t=1153.5s | pag=1338 | files=3431 | data=267 | cola=  34 | prio=40 | https://www.att.gob.bo/index.php/en?page=93
[ATT] t=1154.3s | pag=1339 | files=3431 | data=267 | cola=  35 | prio= 2 | https://www.att.gob.bo/index.php/en/telecomunicaciones-en-miniatura-alasitas-como-puente-entre-la-tradicion-y-la-tecnologia
[ATT] t=1155.0s | pag=1340 | files=3431 | data=267 | cola=  34 | prio=40 | https://www.att.gob.bo/index.php/en?page=90
[ATT] t=1155.9s | pag=1341 | files=3431 | data=267 | cola=  36 | prio=40 | https://www.att.gob.bo/index.php/en?page=87
[ATT] t=1156.8s | pag=1342 | files=3431 | data=267 | cola=  40 | prio= 2 | https://www.att.gob.bo/index.php/en/la-att-capacita-mas-de-100-periodistas-de-todo-el-pais-en-telecomunicaciones-un-impulso-hacia-una
[ATT] t=1157.5s | pag=1343 | files=3431 | data=267 | cola=  39 | prio=40 | https://www.att.gob.bo/index.php/en?page=88
[ATT] t=1158.3s | pag=1344 | files=3431 | data=267 | cola=  40 | prio= 2 | https://www.att.gob.bo/index.php/en/la-rendicion-de-cuentas-final-de-la-att-destaca-su-compromiso-con-la-calidad-y-la-innovacion-en
[ATT] t=1159.2s | pag=1345 | files=3431 | data=267 | cola=  39 | prio=10 | https://www.att.gob.bo/index.php/en/tamep-punto-de-despegar-la-att-evalua-la-posible-incorporacion-de-un-nuevo-operador-al-mercado
[ATT] t=1160.3s | pag=1346 | files=3431 | data=267 | cola=  38 | prio=40 | https://www.att.gob.bo/index.php/en?page=89
[ATT] t=1161.0s | pag=1347 | files=3431 | data=267 | cola=  39 | prio=40 | https://www.att.gob.bo/index.php/en?page=86
[ATT] t=1161.6s | pag=1348 | files=3431 | data=267 | cola=  38 | prio=40 | https://www.att.gob.bo/index.php/en?page=83
[ATT] t=1162.1s | pag=1349 | files=3431 | data=267 | cola=  37 | prio=40 | https://www.att.gob.bo/index.php/en?page=84
[ATT] t=1163.1s | pag=1350 | files=3431 | data=267 | cola=  36 | prio=40 | https://www.att.gob.bo/index.php/en?page=85
[ATT] t=1163.9s | pag=1351 | files=3431 | data=267 | cola=  35 | prio=50 | https://www.att.gob.bo/index.php/en/conozca-el-reglamento-que-aprobo-la-att-para-transportar-tu-mascota-terrestre
[ATT] t=1164.7s | pag=1352 | files=3431 | data=267 | cola=  34 | prio=50 | https://www.att.gob.bo/index.php/en/la-att-lanza-un-sistema-digital-para-que-las-personas-con-discapacidad-accedan-de-inmediato-la
[ATT] t=1165.4s | pag=1353 | files=3431 | data=267 | cola=  33 | prio=50 | https://www.att.gob.bo/index.php/en/la-att-vela-por-la-seguridad-del-transporte-ferroviario-con-la-formacion-en-seguridad-los
[ATT] t=1166.3s | pag=1354 | files=3431 | data=267 | cola=  32 | prio=50 | https://www.att.gob.bo/index.php/en/att-sanciona-viva-por-el-servicio-no-autorizado-de-tv-por-cable-v
[ATT] t=1167.1s | pag=1355 | files=3431 | data=267 | cola=  31 | prio=50 | https://www.att.gob.bo/index.php/en/mas-de-30-mil-ciudadanos-conocieron-los-beneficios-de-la-inteligencia-artificial-en-el-stand-de-la
[ATT] t=1168.2s | pag=1356 | files=3431 | data=267 | cola=  30 | prio=50 | https://www.att.gob.bo/index.php/en/la-att-promueve-la-aplicacion-de-la-inteligencia-artificial-en-profesionales-e-investigadores-de
[ATT] t=1169.0s | pag=1357 | files=3431 | data=267 | cola=  29 | prio=50 | https://www.att.gob.bo/index.php/en/att-informa-que-amaszonas-completo-la-transferencia-efectiva-de-sus-acciones
[ATT] t=1170.2s | pag=1358 | files=3431 | data=267 | cola=  28 | prio=50 | https://www.att.gob.bo/index.php/en/enrutaatt-la-nueva-plataforma-online-que-capacita-gratuitamente-los-choferes-para-la-prevencion-de
[ATT] t=1171.1s | pag=1359 | files=3431 | data=267 | cola=  27 | prio=50 | https://www.att.gob.bo/index.php/en/administradores-de-terminales-terrestres-se-reunen-para-liderar-acciones-que-mejoren-el-servicio-de
[ATT] t=1171.7s | pag=1360 | files=3431 | data=267 | cola=  26 | prio=50 | https://www.att.gob.bo/index.php/en/att-y-quipus-se-unen-para-crear-dispositivos-tecnologicos-para-mejorar-la-calidad-de-los-servicios
[ATT] t=1172.4s | pag=1361 | files=3431 | data=267 | cola=  25 | prio=50 | https://www.att.gob.bo/index.php/en/la-att-evita-la-venta-de-pasajes-mas-de-600-menores-de-edad-sin-autorizacion
[ATT] t=1173.1s | pag=1362 | files=3431 | data=267 | cola=  24 | prio=50 | https://www.att.gob.bo/index.php/en/plataforma-bloquea-la-estafa-de-la-att-elimino-mas-de-3000-numeros-y-celulares-de-estafadores-en
[ATT] t=1174.0s | pag=1363 | files=3431 | data=267 | cola=  23 | prio=50 | https://www.att.gob.bo/index.php/en/la-att-controla-que-los-vuelos-solidarios-lleguen-las-personas-en-situacion-de-vulnerabilidad
[ATT] t=1174.8s | pag=1364 | files=3431 | data=267 | cola=  22 | prio=50 | https://www.att.gob.bo/index.php/en/operativo-de-fin-de-ano-de-la-att-venta-de-pasajes-menores-sin-autorizacion-e-incumplimiento-de
[ATT] t=1175.4s | pag=1365 | files=3431 | data=267 | cola=  21 | prio=50 | https://www.att.gob.bo/index.php/en/simulacro-del-operativo-celebremos-carnavales-viajemos-tranquilos-mostro-las-medidas-de-seguridad
[ATT] t=1176.0s | pag=1366 | files=3431 | data=267 | cola=  20 | prio=50 | https://www.att.gob.bo/index.php/en/el-gobierno-nacional-la-cabeza-de-la-att-inicia-el-operativo-celebremos-carnavales-viajemos
[ATT] t=1176.4s | pag=1367 | files=3431 | data=267 | cola=  19 | prio=50 | https://www.att.gob.bo/index.php/en/la-att-instruye-el-retiro-de-cableado-en-ciudades-capitales-para-promover-la-conectividad-y-el-uso
[ATT] t=1177.3s | pag=1368 | files=3431 | data=267 | cola=  18 | prio=50 | https://www.att.gob.bo/index.php/en/att-aeropuerto-internacional-jorge-wilstermann-supera-la-inspeccion-de-calidad-en-las-visperas-del
[ATT] t=1178.2s | pag=1369 | files=3431 | data=267 | cola=  17 | prio=50 | https://www.att.gob.bo/index.php/en/carnaval-2024-la-att-inspecciona-estandares-de-calidad-en-el-aeropuerto-de-oruro-y-garantiza
[ATT] t=1179.0s | pag=1370 | files=3431 | data=267 | cola=  16 | prio=70 | https://www.att.gob.bo/index.php/en/la-att-garantiza-transparencia-en-los-vuelos-solidarios-verificando-que-las-tarifas-establecidas
[ATT] t=1180.2s | pag=1371 | files=3431 | data=267 | cola=  15 | prio=80 | https://www.att.gob.bo/index.php/en?page=104
[ATT] t=1180.8s | pag=1372 | files=3431 | data=267 | cola=  16 | prio=50 | https://www.att.gob.bo/index.php/en/att-pone-en-vigencia-un-reglamento-para-transportar-las-mascotas-yo-animales-de-compania-terrestre
[ATT] t=1181.2s | pag=1373 | files=3431 | data=267 | cola=  15 | prio=50 | https://www.att.gob.bo/index.php/en/arranca-la-segunda-fase-del-proyecto-warmis-tic-de-la-att-empoderando-con-tecnologia-ninas-y
[ATT] t=1181.7s | pag=1374 | files=3431 | data=267 | cola=  14 | prio=80 | https://www.att.gob.bo/index.php/en?page=105
[ATT] t=1182.2s | pag=1375 | files=3431 | data=267 | cola=  15 | prio=50 | https://www.att.gob.bo/index.php/en/la-att-especializa-internacionalmente-su-personal-en-la-construccion-de-redes-comunitarias
[ATT] t=1182.5s | pag=1376 | files=3431 | data=267 | cola=  14 | prio=50 | https://www.att.gob.bo/index.php/en/att-secuestro-de-equipos-de-radios-ilegales-es-un-procedimiento-administrativo-tecnico
[ATT] t=1183.4s | pag=1377 | files=3431 | data=267 | cola=  13 | prio=80 | https://www.att.gob.bo/index.php/en?page=102
[ATT] t=1184.1s | pag=1378 | files=3431 | data=267 | cola=  14 | prio=50 | https://www.att.gob.bo/index.php/en/la-att-habilita-licencias-experimentales-para-promover-el-uso-de-nuevas-tecnologias-en-el-pais
[ATT] t=1184.9s | pag=1379 | files=3431 | data=267 | cola=  13 | prio=50 | https://www.att.gob.bo/index.php/en/la-att-identifica-parametros-tecnicos-que-no-cumplen-las-radios-legales
[ATT] t=1185.9s | pag=1380 | files=3431 | data=267 | cola=  12 | prio=80 | https://www.att.gob.bo/index.php/en?page=101
[ATT] t=1186.8s | pag=1381 | files=3431 | data=267 | cola=  13 | prio=50 | https://www.att.gob.bo/index.php/en/att-promocionara-el-uso-de-la-aplicacion-alerta-juliana-contra-la-trata-y-trafico-de-personas
[ATT] t=1187.3s | pag=1382 | files=3431 | data=267 | cola=  12 | prio=50 | https://www.att.gob.bo/index.php/en/att-mejora-la-experiencia-del-usuario-con-las-plataformas-en-streaming
[ATT] t=1188.1s | pag=1383 | files=3431 | data=267 | cola=  11 | prio=90 | https://www.att.gob.bo/en/resena-historica
[ATT] t=1189.0s | pag=1384 | files=3431 | data=267 | cola=  10 | prio=90 | https://www.att.gob.bo/en/objetivos-estrategicos-acciones-de-mediano-plazo
[ATT] t=1189.5s | pag=1385 | files=3431 | data=267 | cola=   9 | prio=90 | https://www.att.gob.bo/en/denuncias-reclamos-y-sugerencias
[ATT] t=1190.1s | pag=1386 | files=3431 | data=267 | cola=   8 | prio=90 | https://www.att.gob.bo/en/seguimiento-de-tramite
[ATT] t=1190.7s | pag=1387 | files=3431 | data=267 | cola=   7 | prio=90 | https://www.att.gob.bo/en/notas-prensa
[ATT] t=1191.1s | pag=1388 | files=3431 | data=267 | cola=   6 | prio=90 | https://www.att.gob.bo/index.php/en/resena-historica
[ATT] t=1191.6s | pag=1389 | files=3431 | data=267 | cola=   5 | prio=90 | https://www.att.gob.bo/index.php/en/objetivos-estrategicos-acciones-de-mediano-plazo
[ATT] t=1192.5s | pag=1390 | files=3431 | data=267 | cola=   4 | prio=90 | https://www.att.gob.bo/index.php/en/denuncias-reclamos-y-sugerencias
[ATT] t=1193.4s | pag=1391 | files=3431 | data=267 | cola=   3 | prio=90 | https://www.att.gob.bo/index.php/en/seguimiento-de-tramite
[ATT] t=1193.9s | pag=1392 | files=3431 | data=267 | cola=   2 | prio=90 | https://www.att.gob.bo/index.php/en/notas-prensa
[ATT] t=1194.3s | pag=1393 | files=3431 | data=267 | cola=   1 | prio=90 | https://www.att.gob.bo/drupal/objetivos-estrategicos-acciones-de-mediano-plazo
[ATT] t=1195.1s | pag=1393 | files=3431 | data=267 | cola=   0 | prio=90 | https://www.att.gob.bo/drupal/denuncias-reclamos-y-sugerencias

================================================================================
RESULTADO
================================================================================
Fuente:              att
Páginas visitadas:   1393
Archivos encontrados: 3431
Datasets web:         267
Errores:              76
Motivo de parada:     frontier_exhausted
Duración:             1196.10 s

Formatos:
  - DOC    : 9
  - DOCX   : 1
  - JSON   : 5
  - PDF    : 3362
  - RAR    : 4
  - XLS    : 42
  - XLSX   : 4
  - ZIP    : 4

JSON: C:\Ultimo Semestre 7\trabajo\DATAX\team crawler\crawler_asfi\Crawler_BCB\crawler_v2\output\att.json

Trazabilidad:
  Ejecución: 35
  Estado:    PROCESSED
  Base:      C:\Ultimo Semestre 7\trabajo\DATAX\team crawler\crawler_asfi\Crawler_BCB\crawler_v2\trace\crawler_trace.sqlite
