================================================================================
CRAWLER V2
================================================================================
Fuente: Banco Mundial
URL configurada: https://www.worldbank.org
Timeout HTTP: 15 s
Pausa HTTP:   aleatoria 0.30s - 0.90s


Resolución de fuente:
  Original: https://www.worldbank.org
  Utilizada: https://www.worldbank.org/ext/en/home
  Fallback: sí
  Intentos: 1
    - usable         | HTTP=200 | https://www.worldbank.org/

URL de trabajo: https://www.worldbank.org/ext/en/home
Seeds: 1
Máx páginas: 10000
Máx archivos: 100000
Máx profundidad: 20

[FULL_17_BM] t=   0.0s | pag=  0 | files=   0 | data=  0 | cola=   0 | prio= 0 | https://www.worldbank.org/ext/en/home
[FULL_17_BM] t=   1.3s | pag=  1 | files=   0 | data=  0 | cola=  34 | prio=10 | https://www.worldbank.org/en/publication/wdr2026
[FULL_17_BM] t=   1.9s | pag=  2 | files=   0 | data=  0 | cola=  73 | prio=10 | https://data.worldbank.org/
[FULL_17_BM] t=   2.8s | pag=  3 | files=   0 | data=  0 | cola= 126 | prio=10 | https://data360.worldbank.org/en/people
[FULL_17_BM] DATASETS=1 | exportable_data_page | https://data360.worldbank.org/en/people
[FULL_17_BM] t=   3.8s | pag=  4 | files=   0 | data=  1 | cola= 144 | prio=10 | https://data360.worldbank.org/en/prosperity
[FULL_17_BM] DATASETS=2 | exportable_data_page | https://data360.worldbank.org/en/prosperity
[FULL_17_BM] t=   4.5s | pag=  5 | files=   0 | data=  2 | cola= 143 | prio=10 | https://data360.worldbank.org/en/planet
[FULL_17_BM] DATASETS=3 | exportable_data_page | https://data360.worldbank.org/en/planet
[FULL_17_BM] t=   5.4s | pag=  6 | files=   0 | data=  3 | cola= 142 | prio=10 | https://data360.worldbank.org/en/infrastructure
[FULL_17_BM] DATASETS=4 | exportable_data_page | https://data360.worldbank.org/en/infrastructure
[FULL_17_BM] t=   6.2s | pag=  7 | files=   0 | data=  4 | cola= 141 | prio=10 | https://data360.worldbank.org/en/digital
[FULL_17_BM] DATASETS=5 | exportable_data_page | https://data360.worldbank.org/en/digital
[FULL_17_BM] t=   7.1s | pag=  8 | files=   0 | data=  5 | cola= 140 | prio=10 | https://data360.worldbank.org/en/atlas/electricity-access/
[FULL_17_BM] DATASETS=6 | exportable_data_page | https://data360.worldbank.org/en/atlas/electricity-access/
[FULL_17_BM] t=   8.3s | pag=  9 | files=   1 | data=  6 | cola= 147 | prio=10 | https://www.worldbank.org/en/publication/global-economic-prospects
[FULL_17_BM] t=  43.7s | pag= 10 | files=  93 | data=  6 | cola= 208 | prio=10 | https://openknowledge.worldbank.org/bitstreams/8e6bcf71-89a1-443b-bbe9-6c39a496d7ab/download
[FULL_17_BM] t=  45.0s | pag= 11 | files=  93 | data=  6 | cola= 207 | prio=10 | https://openknowledge.worldbank.org/bitstreams/377ac27c-0f02-4a6a-976c-9993cd3d6bab/download
[FULL_17_BM] t=  45.6s | pag= 12 | files=  93 | data=  6 | cola= 206 | prio=10 | https://openknowledge.worldbank.org/bitstreams/4df724a5-2e0d-4e66-bcb8-1d3bf4e22390/download
[FULL_17_BM] t=  46.2s | pag= 13 | files=  93 | data=  6 | cola= 205 | prio=10 | https://openknowledge.worldbank.org/bitstreams/00cfb233-585b-41fd-b2cb-d7f6dd5ef6d9/download
[FULL_17_BM] t=  46.9s | pag= 14 | files=  93 | data=  6 | cola= 204 | prio=10 | https://www.worldbank.org/en/publication/wdr2026/brief/world-development-report-2026-team-members
[FULL_17_BM] t=  47.6s | pag= 15 | files=  93 | data=  6 | cola= 205 | prio=10 | https://www.worldbank.org/en/publication/wdr2026/brief/world-development-report-2026-videos
[FULL_17_BM] t=  48.4s | pag= 16 | files=  93 | data=  6 | cola= 204 | prio=10 | https://www.worldbank.org/en/publication/wdr2026/brief/world-development-report-2026-background-papers
[FULL_17_BM] t=  49.1s | pag= 17 | files= 109 | data=  6 | cola= 206 | prio=10 | https://openknowledge.worldbank.org/bitstreams/55a2b25d-4b9c-4a1e-922d-5e8e6ccdcee6/download
[FULL_17_BM] t=  50.1s | pag= 18 | files= 109 | data=  6 | cola= 205 | prio=10 | https://openknowledge.worldbank.org/bitstreams/cbbe027c-80f1-423d-b1fe-5f4e1a91824c/download
[FULL_17_BM] t=  50.9s | pag= 19 | files= 109 | data=  6 | cola= 204 | prio=10 | https://openknowledge.worldbank.org/bitstreams/36557a92-48fe-4011-bc92-bdc111830396/download
[FULL_17_BM] t=  51.6s | pag= 20 | files= 109 | data=  6 | cola= 203 | prio=10 | https://openknowledge.worldbank.org/bitstreams/554a46f8-c296-42a4-9b2d-171b7f0417bb/download
[FULL_17_BM] t=  52.2s | pag= 21 | files= 109 | data=  6 | cola= 202 | prio=10 | https://openknowledge.worldbank.org/bitstreams/4e09bc66-48c3-460b-84d5-691c5d1e54db/download
[FULL_17_BM] t=  53.2s | pag= 22 | files= 109 | data=  6 | cola= 201 | prio=10 | https://openknowledge.worldbank.org/bitstreams/cbdbcfd9-ef7e-4aae-a63c-defaa8cc5894/download
[FULL_17_BM] t=  53.9s | pag= 23 | files= 109 | data=  6 | cola= 200 | prio=10 | https://openknowledge.worldbank.org/bitstreams/69dad57b-d07c-4eb8-8355-42aca4ec5bf0/download
[FULL_17_BM] t=  54.7s | pag= 24 | files= 109 | data=  6 | cola= 199 | prio=10 | https://openknowledge.worldbank.org/bitstreams/28211df7-6b17-4cab-aaf9-bbb833d5ebef/download
[FULL_17_BM] t=  55.8s | pag= 25 | files= 109 | data=  6 | cola= 198 | prio=10 | https://openknowledge.worldbank.org/bitstreams/f816fb0a-ee66-48ab-990d-b09fc96ca935/download
[FULL_17_BM] t=  56.6s | pag= 26 | files= 109 | data=  6 | cola= 197 | prio=10 | https://openknowledge.worldbank.org/bitstreams/faffd57f-c553-4d37-a84d-0f4223df1693/download
[FULL_17_BM] t=  57.3s | pag= 27 | files= 109 | data=  6 | cola= 196 | prio=10 | https://openknowledge.worldbank.org/bitstreams/8d03e29b-98d2-4380-afb7-c87507232fc7/download
[FULL_17_BM] t=  58.4s | pag= 28 | files= 109 | data=  6 | cola= 195 | prio=10 | https://openknowledge.worldbank.org/bitstreams/96cd32f7-d410-436f-9986-b0f2eebfae1c/download
[FULL_17_BM] t=  59.4s | pag= 29 | files= 109 | data=  6 | cola= 194 | prio=10 | https://openknowledge.worldbank.org/bitstreams/3b03adf1-b346-427b-b54c-37cf7d09c1f5/download
[FULL_17_BM] t=  60.4s | pag= 30 | files= 109 | data=  6 | cola= 193 | prio=10 | https://openknowledge.worldbank.org/bitstreams/778251ef-bc71-4ba6-9bed-df97074613b8/download
[FULL_17_BM] t=  61.0s | pag= 31 | files= 109 | data=  6 | cola= 192 | prio=10 | https://openknowledge.worldbank.org/bitstreams/68ef70eb-6c91-45a8-81c9-d012bcd5ea2b/download
[FULL_17_BM] t=  62.0s | pag= 32 | files= 109 | data=  6 | cola= 191 | prio=10 | https://openknowledge.worldbank.org/bitstreams/11ac03f3-55af-4fde-adff-af619335b381/download
[FULL_17_BM] t=  62.6s | pag= 33 | files= 109 | data=  6 | cola= 190 | prio=10 | https://openknowledge.worldbank.org/bitstreams/0c6aa1dc-1d00-4cbc-8b82-eae68cbe90fb/download
[FULL_17_BM] t=  65.9s | pag= 34 | files= 109 | data=  6 | cola= 189 | prio=10 | https://www.worldbank.org/en/publication/wdr/wdr-archive
[FULL_17_BM] t=  66.5s | pag= 35 | files= 109 | data=  6 | cola= 237 | prio=10 | https://data360.worldbank.org/en/economies
[FULL_17_BM] t=  67.1s | pag= 36 | files= 109 | data=  6 | cola= 236 | prio=10 | https://data360.worldbank.org/en/search
[FULL_17_BM] t=  68.0s | pag= 37 | files= 109 | data=  6 | cola= 235 | prio=10 | https://data360.worldbank.org/en/about
[FULL_17_BM] t=  69.0s | pag= 38 | files= 110 | data=  6 | cola= 239 | prio=10 | https://data.worldbank.org/country
[FULL_17_BM] t=  69.8s | pag= 39 | files= 110 | data=  6 | cola= 502 | prio=10 | https://data.worldbank.org/indicator
[FULL_17_BM] DATASETS=7 | exportable_data_page | https://data.worldbank.org/indicator
[FULL_17_BM] t=  70.2s | pag= 40 | files= 110 | data=  7 | cola= 830 | prio=10 | https://data360.worldbank.org/en/theme/people
[FULL_17_BM] t=  71.0s | pag= 40 | files= 110 | data=  7 | cola= 829 | prio=10 | https://data.worldbank.org/indicator/SE.PRM.CMPT.FE.ZS?end=2023&locations=1W&start=1972&view=chart
[FULL_17_BM] DATASETS=8 | exportable_data_page | https://data.worldbank.org/indicator/SE.PRM.CMPT.FE.ZS?end=2023&locations=1W&start=1972&view=chart
[FULL_17_BM] t=  72.0s | pag= 41 | files= 110 | data=  8 | cola= 842 | prio=10 | https://data360.worldbank.org/en/theme/prosperity
[FULL_17_BM] t=  73.1s | pag= 41 | files= 110 | data=  8 | cola= 841 | prio=10 | https://data.worldbank.org/indicator/SI.POV.DDAY?end=2023&locations=1W&start=1981&view=chart
[FULL_17_BM] DATASETS=9 | exportable_data_page | https://data.worldbank.org/indicator/SI.POV.DDAY?end=2023&locations=1W&start=1981&view=chart
[FULL_17_BM] t=  73.9s | pag= 42 | files= 110 | data=  9 | cola= 854 | prio=10 | https://data360.worldbank.org/en/theme/planet
[FULL_17_BM] t=  74.7s | pag= 42 | files= 110 | data=  9 | cola= 853 | prio=10 | https://data.worldbank.org/indicator/EN.GHG.CO2.MT.CE.AR5?end=2023&locations=1W&start=1960&view=chart
[FULL_17_BM] DATASETS=10 | exportable_data_page | https://data.worldbank.org/indicator/EN.GHG.CO2.MT.CE.AR5?end=2023&locations=1W&start=1960&view=chart
[FULL_17_BM] t=  75.8s | pag= 43 | files= 110 | data= 10 | cola= 865 | prio=10 | https://data360.worldbank.org/en/theme/infrastructure
[FULL_17_BM] t=  76.7s | pag= 43 | files= 110 | data= 10 | cola= 864 | prio=10 | https://data.worldbank.org/indicator/EG.ELC.ACCS.ZS?end=2023&locations=1W&start=1990&view=chart
[FULL_17_BM] t=  77.5s | pag= 44 | files= 110 | data= 11 | cola= 876 | prio=10 | https://data360.worldbank.org/en/theme/digital
[FULL_17_BM] t=  78.5s | pag= 44 | files= 110 | data= 11 | cola= 875 | prio=10 | https://data.worldbank.org/indicator/IT.NET.USER.ZS?end=2023&locations=1W&start=1990&view=chart
[FULL_17_BM] t=  79.2s | pag= 45 | files= 110 | data= 12 | cola= 888 | prio=10 | https://data360.worldbank.org/en/atlas
[FULL_17_BM] t=  80.0s | pag= 46 | files= 110 | data= 12 | cola= 903 | prio=10 | https://data.worldbank.org/products/wdi
[FULL_17_BM] t=  91.5s | pag= 47 | files= 112 | data= 13 | cola=1044 | prio=10 | https://databank.worldbank.org/
[FULL_17_BM] t=  92.7s | pag= 48 | files= 112 | data= 14 | cola=1089 | prio=10 | https://www.worldbank.org/en/programs/debt-statistics
[FULL_17_BM] t=  93.4s | pag= 49 | files= 113 | data= 14 | cola=1118 | prio=10 | https://www.worldbank.org/en/programs/statistical-performance-indicators
[FULL_17_BM] t=  94.3s | pag= 50 | files= 113 | data= 14 | cola=1127 | prio=10 | https://datacatalog.worldbank.org/search/dataset/0037798
[FULL_17_BM] t=  98.9s | pag= 51 | files= 114 | data= 15 | cola=1158 | prio=10 | https://microdata.worldbank.org/
[FULL_17_BM] t= 100.2s | pag= 52 | files= 114 | data= 15 | cola=1157 | prio=10 | https://datacatalog.worldbank.org/search/dataset/0048099
[FULL_17_BM] t= 101.5s | pag= 53 | files= 114 | data= 15 | cola=1161 | prio=10 | https://datacatalog.worldbank.org/search/dataset/0060165
[FULL_17_BM] t= 102.9s | pag= 54 | files= 114 | data= 15 | cola=1220 | prio=10 | https://datacatalog.worldbank.org/search/dataset/0065150
[FULL_17_BM] t= 103.8s | pag= 55 | files= 114 | data= 15 | cola=1222 | prio=10 | https://datacatalog.worldbank.org/
[FULL_17_BM] t= 104.2s | pag= 56 | files= 114 | data= 15 | cola=1222 | prio=10 | https://blogs.worldbank.org/en/opendata/can-income-keep-up-with-the-rising-cost-of-a-healthy-diet--new-c
[FULL_17_BM] t= 105.7s | pag= 57 | files= 114 | data= 15 | cola=1243 | prio=10 | https://blogs.worldbank.org/en/opendata/beyond-the-dashboard--the-high-cost-of-fragmented-poverty-data
[FULL_17_BM] t= 106.3s | pag= 58 | files= 114 | data= 15 | cola=1247 | prio=10 | https://blogs.worldbank.org/en/opendata/measuring-multidimensional-poverty-in-countries-with-incomplete-
[FULL_17_BM] t= 107.1s | pag= 59 | files= 114 | data= 15 | cola=1248 | prio=10 | https://blogs.worldbank.org/en/opendata/from-loss-to-resilience-in-nigeria--turning-a-growing-agricultur
[FULL_17_BM] t= 108.5s | pag= 60 | files= 114 | data= 15 | cola=1251 | prio=10 | http://blogs.worldbank.org/opendata
[FULL_17_BM] t= 109.6s | pag= 61 | files= 114 | data= 15 | cola=1350 | prio=10 | https://data.worldbank.org/about/get-started
[FULL_17_BM] t= 110.3s | pag= 62 | files= 114 | data= 15 | cola=1353 | prio=10 | https://data.worldbank.org/about/contact
[FULL_17_BM] t= 111.1s | pag= 63 | files= 114 | data= 15 | cola=1352 | prio=10 | https://data.worldbank.org/summary-terms-of-use
[FULL_17_BM] t= 111.9s | pag= 64 | files= 114 | data= 15 | cola=1354 | prio=10 | https://data.worldbank.org/about/faq
[FULL_17_BM] t= 112.6s | pag= 65 | files= 114 | data= 15 | cola=1358 | prio=10 | http://datahelpdesk.worldbank.org/
[FULL_17_BM] t= 115.5s | pag= 66 | files= 114 | data= 16 | cola=1714 | prio=10 | https://datahelpdesk.worldbank.org/knowledgebase/articles/889386
[FULL_17_BM] t= 116.6s | pag= 67 | files= 114 | data= 16 | cola=1721 | prio=10 | https://data.worldbank.org/products/data-books
[FULL_17_BM] t= 117.3s | pag= 68 | files= 115 | data= 17 | cola=1733 | prio=10 | https://data.worldbank.org/products/tools
[FULL_17_BM] t= 117.9s | pag= 69 | files= 115 | data= 18 | cola=1752 | prio=10 | https://data.worldbank.org/products/third-party-apps
[FULL_17_BM] t= 118.5s | pag= 70 | files= 115 | data= 18 | cola=1753 | prio=10 | https://data.worldbank.org/about/data-programs
[FULL_17_BM] t= 119.1s | pag= 71 | files= 115 | data= 18 | cola=1753 | prio=10 | https://www.worldbank.org/en/programs/global-data-facility
[FULL_17_BM] t= 119.8s | pag= 72 | files= 117 | data= 19 | cola=1766 | prio=10 | https://data.worldbank.org/en/programs/debt-statistics
[FULL_17_BM] t= 125.8s | pag= 72 | files= 117 | data= 19 | cola=1765 | prio=10 | http://www.worldbank.org/fraudandcorruption?clear=
[FULL_17_BM] t= 129.1s | pag= 72 | files= 117 | data= 19 | cola=1764 | prio=10 | https://data360.worldbank.org/en/home
[FULL_17_BM] t= 130.4s | pag= 72 | files= 117 | data= 19 | cola=1763 | prio=10 | https://data360.worldbank.org/en/atlas/
[FULL_17_BM] t= 131.4s | pag= 73 | files= 117 | data= 19 | cola=1762 | prio=10 | https://data360.worldbank.org/en/analytics/country-analytics
[FULL_17_BM] t= 132.0s | pag= 74 | files= 117 | data= 19 | cola=1761 | prio=10 | https://data360.worldbank.org/en/analytics/global-reports
[FULL_17_BM] t= 132.6s | pag= 75 | files= 117 | data= 19 | cola=1760 | prio=10 | https://data360.worldbank.org/en/analytics/economy-factsheets
[FULL_17_BM] t= 133.4s | pag= 76 | files= 117 | data= 19 | cola=1759 | prio=10 | https://data360.worldbank.org/en/custom-page
[FULL_17_BM] t= 134.8s | pag= 77 | files= 117 | data= 19 | cola=1758 | prio=10 | https://data360.worldbank.org/en/api
[FULL_17_BM] t= 135.5s | pag= 78 | files= 117 | data= 19 | cola=1757 | prio=10 | https://openknowledge.worldbank.org/entities/publication/1734768a-ba22-49da-aee0-6bc2501fc697
[FULL_17_BM] t= 137.4s | pag= 79 | files= 117 | data= 19 | cola=1756 | prio=10 | https://datatopics.worldbank.org/sdgatlas/goal-7-affordable-and-clean-energy/?lang=e
[FULL_17_BM] t= 138.8s | pag= 80 | files= 122 | data= 20 | cola=1773 | prio=10 | https://openknowledge.worldbank.org/entities/publication/14f03ea2-4919-444c-9ef7-7f94811ca6bf
[FULL_17_BM] t= 139.3s | pag= 81 | files= 122 | data= 20 | cola=1772 | prio=10 | https://documents.worldbank.org/en/publication/documents-reports/documentdetail/837061552325989473
[FULL_17_BM] t= 140.2s | pag= 82 | files= 122 | data= 20 | cola=1773 | prio=10 | https://data360.worldbank.org/en/atlas/measuring-progress
[FULL_17_BM] t= 141.3s | pag= 83 | files= 123 | data= 20 | cola=1772 | prio=10 | https://www.worldbank.org/pt/publication/global-economic-prospects
[FULL_17_BM] t= 146.0s | pag= 84 | files= 143 | data= 20 | cola=1796 | prio=10 | https://www.worldbank.org/ja/publication/global-economic-prospects
[FULL_17_BM] t= 146.5s | pag= 85 | files= 155 | data= 20 | cola=1819 | prio=10 | https://openknowledge.worldbank.org/bitstreams/83af07a6-d724-4797-bc2c-c85dace8f8d6/download
[FULL_17_BM] t= 148.4s | pag= 86 | files= 155 | data= 20 | cola=1818 | prio=10 | https://openknowledge.worldbank.org/bitstreams/f3a655dc-4a3e-4dc3-82e0-319ebf1ad0d3/download
[FULL_17_BM] t= 151.2s | pag= 87 | files= 155 | data= 20 | cola=1817 | prio=10 | https://www.worldbank.org/en/research/publication/fiscal-policy-in-commodity-exporters
[FULL_17_BM] t= 152.0s | pag= 88 | files= 155 | data= 20 | cola=1831 | prio=10 | https://www.worldbank.org/en/research/publication/global-jobs-challenge
[FULL_17_BM] t= 152.8s | pag= 89 | files= 155 | data= 20 | cola=1833 | prio=10 | https://www.worldbank.org/en/research/publication/accelerating-investment
[FULL_17_BM] t= 153.3s | pag= 90 | files= 155 | data= 20 | cola=1837 | prio=10 | https://openknowledge.worldbank.org/bitstreams/31103b15-178f-4c8d-82de-688655f50a84/download
[FULL_17_BM] t= 153.9s | pag= 91 | files= 155 | data= 20 | cola=1836 | prio=10 | https://openknowledge.worldbank.org/bitstreams/53bc12f6-2865-4575-86d1-41ac88216c04/download
[FULL_17_BM] t= 154.4s | pag= 92 | files= 155 | data= 20 | cola=1835 | prio=10 | https://openknowledge.worldbank.org/bitstreams/f0fe7588-bb79-4d14-8039-026ba840ed87/download
[FULL_17_BM] t= 155.0s | pag= 93 | files= 155 | data= 20 | cola=1834 | prio=10 | https://openknowledge.worldbank.org/bitstreams/c62b6f97-f142-4bbd-a281-d97110d25da1/download
[FULL_17_BM] t= 155.8s | pag= 94 | files= 155 | data= 20 | cola=1833 | prio=10 | https://openknowledge.worldbank.org/bitstreams/021dbb36-16b7-4d2e-bcd5-5c05f2643591/download
[FULL_17_BM] t= 156.4s | pag= 95 | files= 155 | data= 20 | cola=1832 | prio=10 | https://openknowledge.worldbank.org/bitstreams/5c8e0b46-e026-47ee-9ac9-882bc9bd0c1e/download
[FULL_17_BM] t= 157.3s | pag= 96 | files= 155 | data= 20 | cola=1831 | prio=10 | https://openknowledge.worldbank.org/bitstreams/43373b20-bd07-4179-bd1b-390ecf0a3340/download
[FULL_17_BM] t= 158.4s | pag= 97 | files= 155 | data= 20 | cola=1830 | prio=10 | https://openknowledge.worldbank.org/bitstreams/79111bc0-690c-4045-ade2-ba163cfb666e/download
[FULL_17_BM] t= 158.9s | pag= 98 | files= 155 | data= 20 | cola=1829 | prio=10 | https://openknowledge.worldbank.org/bitstreams/711ac66a-3333-4a2d-a4dc-38478632efde/download
[FULL_17_BM] t= 159.4s | pag= 99 | files= 155 | data= 20 | cola=1828 | prio=10 | https://openknowledge.worldbank.org/bitstreams/a1ac1756-43c4-4e3c-89e8-cdde99308b12/download
[FULL_17_BM] t= 160.4s | pag=100 | files= 155 | data= 20 | cola=1827 | prio=10 | https://openknowledge.worldbank.org/bitstreams/f5e792a7-aa32-4d42-9763-20e294787e0c/download
[FULL_17_BM] t= 161.1s | pag=101 | files= 155 | data= 20 | cola=1826 | prio=10 | https://openknowledge.worldbank.org/bitstreams/a9e24256-baf8-45bb-9075-75e437e1d6f7/download
[FULL_17_BM] t= 161.9s | pag=102 | files= 155 | data= 20 | cola=1825 | prio=10 | https://blogs.worldbank.org/search?f%5B0%5D=series%3A598&f%5B1%5D=language%3Aen&keyword=&page=0
[FULL_17_BM] t= 163.8s | pag=103 | files= 155 | data= 20 | cola=1830 | prio=10 | https://documents.worldbank.org/en/publication/documents-reports/documentdetail/099827011182513988
[FULL_17_BM] t= 164.9s | pag=104 | files= 155 | data= 20 | cola=2023 | prio=10 | https://openknowledge.worldbank.org/entities/publication/f4eea48b-41cd-4242-87ad-82dfa0dc85f2
[FULL_17_BM] t= 165.4s | pag=105 | files= 155 | data= 20 | cola=2022 | prio=10 | https://documents.worldbank.org/en/publication/documents-reports/documentdetail/099451102172652767
[FULL_17_BM] t= 165.8s | pag=106 | files= 155 | data= 20 | cola=2022 | prio=10 | https://openknowledge.worldbank.org/bitstreams/638aca2d-596b-4021-9a02-d21d20ca7f14/download
[FULL_17_BM] t= 166.5s | pag=107 | files= 155 | data= 20 | cola=2021 | prio=10 | https://www.worldbank.org/en/publication/wdr2025
[FULL_17_BM] t= 167.1s | pag=108 | files= 156 | data= 21 | cola=2047 | prio=10 | https://www.worldbank.org/en/publication/wdr2024
[FULL_17_BM] t= 167.8s | pag=109 | files= 157 | data= 21 | cola=2069 | prio=10 | https://www.worldbank.org/en/publication/wdr2023
[FULL_17_BM] t= 197.5s | pag=110 | files= 184 | data= 21 | cola=2083 | prio=10 | https://www.worldbank.org/en/publication/wdr2022
[FULL_17_BM] t= 212.6s | pag=111 | files= 235 | data= 21 | cola=2103 | prio=10 | https://www.worldbank.org/en/publication/wdr2020
[FULL_17_BM] t= 213.5s | pag=112 | files= 253 | data= 21 | cola=2114 | prio=10 | https://www.worldbank.org/en/publication/wdr2019
[FULL_17_BM] t= 214.4s | pag=113 | files= 269 | data= 22 | cola=2122 | prio=10 | https://www.worldbank.org/en/publication/wdr2018
[FULL_17_BM] t= 215.1s | pag=114 | files= 300 | data= 22 | cola=2132 | prio=10 | https://www.worldbank.org/en/publication/wdr2017
[FULL_17_BM] t= 215.9s | pag=115 | files= 333 | data= 22 | cola=2140 | prio=10 | https://www.worldbank.org/en/publication/wdr2016
[FULL_17_BM] t= 216.7s | pag=116 | files= 362 | data= 22 | cola=2170 | prio=10 | https://www.worldbank.org/en/publication/wdr2015
[FULL_17_BM] t= 217.1s | pag=117 | files= 393 | data= 22 | cola=2219 | prio=10 | https://openknowledge.worldbank.org/entities/publication/b8e6b919-0cd8-54a5-b42f-c7c19f12faf0
[FULL_17_BM] t= 218.8s | pag=118 | files= 393 | data= 22 | cola=2218 | prio=10 | https://openknowledge.worldbank.org/entities/publication/51ba7aa1-27d0-5684-8d75-fd4e736c54b8
[FULL_17_BM] t= 219.9s | pag=119 | files= 393 | data= 22 | cola=2217 | prio=10 | https://openknowledge.worldbank.org/entities/publication/b8ccedde-0673-571e-a599-31313432fffe
[FULL_17_BM] t= 220.9s | pag=120 | files= 393 | data= 22 | cola=2216 | prio=10 | https://openknowledge.worldbank.org/entities/publication/5ad3a565-0f90-5403-87ea-86948b79c623
[FULL_17_BM] t= 221.8s | pag=121 | files= 393 | data= 22 | cola=2215 | prio=10 | https://openknowledge.worldbank.org/entities/publication/cfc6265c-8fc7-51c8-b032-d718364ff139
[FULL_17_BM] t= 222.4s | pag=122 | files= 393 | data= 22 | cola=2214 | prio=10 | https://openknowledge.worldbank.org/entities/publication/27de3cf1-b01c-54fc-b330-dab2d50a15b0
[FULL_17_BM] t= 223.7s | pag=123 | files= 393 | data= 22 | cola=2213 | prio=10 | https://openknowledge.worldbank.org/entities/publication/a3469496-073f-5333-b6eb-cf0a246d3e72
[FULL_17_BM] t= 224.7s | pag=124 | files= 393 | data= 22 | cola=2212 | prio=10 | https://openknowledge.worldbank.org/entities/publication/6db831cb-da31-5fa6-a754-0dc7182ef75b
[FULL_17_BM] t= 225.7s | pag=125 | files= 393 | data= 22 | cola=2211 | prio=10 | https://openknowledge.worldbank.org/entities/publication/3114a65d-e147-5adc-9bae-d3a1f84bd0d5
[FULL_17_BM] t= 226.3s | pag=126 | files= 393 | data= 22 | cola=2210 | prio=10 | https://documents.worldbank.org/curated/en/1988/06/23179104/world-development-report-1988
[FULL_17_BM] t= 227.3s | pag=127 | files= 393 | data= 22 | cola=2209 | prio=10 | https://openknowledge.worldbank.org/entities/publication/5146b478-fa53-5f74-a67d-e66de4bd456e
[FULL_17_BM] t= 228.0s | pag=128 | files= 393 | data= 22 | cola=2208 | prio=10 | https://openknowledge.worldbank.org/entities/publication/0986a068-ea4a-52c1-8eb3-f66e6f1ee745
[FULL_17_BM] t= 229.0s | pag=129 | files= 393 | data= 22 | cola=2207 | prio=10 | https://openknowledge.worldbank.org/entities/publication/eef2ee93-df41-5ccf-a841-26dc487a4be6
[FULL_17_BM] t= 229.8s | pag=130 | files= 393 | data= 22 | cola=2206 | prio=10 | https://openknowledge.worldbank.org/entities/publication/4c898311-70c2-5ccf-9c77-c6a0038b82af
[FULL_17_BM] t= 231.5s | pag=131 | files= 393 | data= 22 | cola=2205 | prio=10 | https://openknowledge.worldbank.org/entities/publication/5af9dbcc-5983-5337-81cd-1bd2c774a174
[FULL_17_BM] t= 232.1s | pag=132 | files= 393 | data= 22 | cola=2204 | prio=10 | https://openknowledge.worldbank.org/entities/publication/fa16aa4f-7b0a-5088-b4ed-983ddc8b6647
[FULL_17_BM] t= 232.9s | pag=133 | files= 393 | data= 22 | cola=2203 | prio=10 | https://openknowledge.worldbank.org/entities/publication/64005eae-4475-52ba-98c8-8ba558061053
[FULL_17_BM] t= 233.5s | pag=134 | files= 393 | data= 22 | cola=2202 | prio=10 | https://openknowledge.worldbank.org/entities/publication/2c9fdd12-8295-5d07-82c1-21e6abafb045
[FULL_17_BM] t= 234.5s | pag=135 | files= 393 | data= 22 | cola=2201 | prio=10 | https://openknowledge.worldbank.org/entities/publication/2d952f14-cdd1-5442-87fe-fe6ec208c4ee
[FULL_17_BM] t= 235.1s | pag=136 | files= 393 | data= 22 | cola=2200 | prio=10 | https://openknowledge.worldbank.org/entities/publication/82dac80c-8e0e-5964-971a-56cf1f71e3dd
[FULL_17_BM] t= 235.9s | pag=137 | files= 393 | data= 22 | cola=2198 | prio=10 | https://datahelpdesk.worldbank.org/knowledgebase/articles/889392-about-the-indicators-api-documentation
[FULL_17_BM] t= 237.5s | pag=138 | files= 393 | data= 23 | cola=2205 | prio=10 | https://www.worldbank.org/en/about/legal/terms-of-use-for-datasets
[FULL_17_BM] t= 238.0s | pag=139 | files= 393 | data= 23 | cola=2209 | prio=10 | http://databank.worldbank.org/data/home.aspx
[FULL_17_BM] t= 240.4s | pag=140 | files= 393 | data= 24 | cola=2208 | prio=10 | http://microdata.worldbank.org/index.php/home
[FULL_17_BM] DATASETS=25 | exportable_data_page | https://microdata.worldbank.org/index.php/home
[FULL_17_BM] t= 241.8s | pag=141 | files= 393 | data= 25 | cola=2225 | prio=10 | http://datacatalog.worldbank.org/
[FULL_17_BM] t= 243.0s | pag=141 | files= 393 | data= 25 | cola=2224 | prio=10 | https://data.worldbank.org/about
[FULL_17_BM] t= 243.9s | pag=142 | files= 393 | data= 25 | cola=2233 | prio=10 | https://data.worldbank.org/products
[FULL_17_BM] t= 244.8s | pag=143 | files= 393 | data= 25 | cola=2232 | prio=10 | http://datatopics.worldbank.org/world-development-indicators
[FULL_17_BM] t= 246.5s | pag=143 | files= 393 | data= 25 | cola=2231 | prio=10 | https://www.worldbank.org/en/programs/debt-statistics/ids/products
[FULL_17_BM] t= 248.0s | pag=143 | files= 393 | data= 25 | cola=2230 | prio=10 | https://datahelpdesk.worldbank.org/knowledgebase/articles/906519
[FULL_17_BM] t= 249.1s | pag=144 | files= 393 | data= 26 | cola=2233 | prio=10 | http://datatopics.worldbank.org/sdgs
[FULL_17_BM] t= 250.4s | pag=145 | files= 393 | data= 27 | cola=2250 | prio=10 | https://data.worldbank.org/country/afghanistan
[FULL_17_BM] t= 251.2s | pag=146 | files= 393 | data= 28 | cola=2289 | prio=10 | https://data.worldbank.org/country/albania
[FULL_17_BM] t= 252.0s | pag=147 | files= 393 | data= 29 | cola=2324 | prio=10 | https://data.worldbank.org/country/algeria
[FULL_17_BM] t= 252.7s | pag=148 | files= 393 | data= 30 | cola=2360 | prio=10 | https://data.worldbank.org/country/american-samoa
[FULL_17_BM] t= 253.5s | pag=149 | files= 393 | data= 31 | cola=2391 | prio=10 | https://data.worldbank.org/country/andorra
[FULL_17_BM] t= 254.0s | pag=150 | files= 393 | data= 32 | cola=2423 | prio=10 | https://data.worldbank.org/country/angola
[FULL_17_BM] t= 254.7s | pag=151 | files= 393 | data= 33 | cola=2457 | prio=10 | https://data.worldbank.org/country/antigua-and-barbuda
[FULL_17_BM] t= 255.1s | pag=152 | files= 393 | data= 34 | cola=2491 | prio=10 | https://data.worldbank.org/country/argentina
[FULL_17_BM] t= 255.8s | pag=153 | files= 393 | data= 35 | cola=2525 | prio=10 | https://data.worldbank.org/country/armenia
[FULL_17_BM] t= 256.5s | pag=154 | files= 393 | data= 36 | cola=2559 | prio=10 | https://data.worldbank.org/country/aruba
[FULL_17_BM] t= 257.3s | pag=155 | files= 393 | data= 37 | cola=2590 | prio=10 | https://data.worldbank.org/country/australia
[FULL_17_BM] t= 257.8s | pag=156 | files= 393 | data= 38 | cola=2628 | prio=10 | https://data.worldbank.org/country/austria
[FULL_17_BM] t= 258.2s | pag=157 | files= 393 | data= 39 | cola=2666 | prio=10 | https://data.worldbank.org/country/azerbaijan
[FULL_17_BM] t= 259.2s | pag=158 | files= 393 | data= 40 | cola=2704 | prio=10 | https://data.worldbank.org/country/bahamas-the
[FULL_17_BM] t= 259.8s | pag=159 | files= 393 | data= 41 | cola=2740 | prio=10 | https://data.worldbank.org/country/bahrain
[FULL_17_BM] t= 260.3s | pag=160 | files= 393 | data= 42 | cola=2775 | prio=10 | https://data.worldbank.org/country/bangladesh
[FULL_17_BM] t= 261.1s | pag=161 | files= 393 | data= 43 | cola=2813 | prio=10 | https://data.worldbank.org/country/barbados
[FULL_17_BM] t= 261.7s | pag=162 | files= 393 | data= 44 | cola=2851 | prio=10 | https://data.worldbank.org/country/belarus
[FULL_17_BM] t= 262.7s | pag=163 | files= 393 | data= 45 | cola=2889 | prio=10 | https://data.worldbank.org/country/belgium
[FULL_17_BM] t= 263.4s | pag=164 | files= 393 | data= 46 | cola=2927 | prio=10 | https://data.worldbank.org/country/belize
[FULL_17_BM] t= 264.1s | pag=165 | files= 393 | data= 47 | cola=2965 | prio=10 | https://data.worldbank.org/country/benin
[FULL_17_BM] t= 264.5s | pag=166 | files= 393 | data= 48 | cola=3002 | prio=10 | https://data.worldbank.org/country/bermuda
[FULL_17_BM] t= 264.9s | pag=167 | files= 393 | data= 49 | cola=3034 | prio=10 | https://data.worldbank.org/country/bhutan
[FULL_17_BM] DATASETS=50 | exportable_data_page | https://data.worldbank.org/country/bhutan
[FULL_17_BM] t= 265.7s | pag=168 | files= 393 | data= 50 | cola=3072 | prio=10 | https://data.worldbank.org/country/bolivia
[FULL_17_BM] t= 266.2s | pag=169 | files= 393 | data= 51 | cola=3110 | prio=10 | https://data.worldbank.org/country/bosnia-and-herzegovina
[FULL_17_BM] t= 266.7s | pag=170 | files= 393 | data= 52 | cola=3148 | prio=10 | https://data.worldbank.org/country/botswana
[FULL_17_BM] t= 267.2s | pag=171 | files= 393 | data= 53 | cola=3185 | prio=10 | https://data.worldbank.org/country/brazil
[FULL_17_BM] t= 267.7s | pag=172 | files= 393 | data= 54 | cola=3223 | prio=10 | https://data.worldbank.org/country/british-virgin-islands
[FULL_17_BM] t= 268.2s | pag=173 | files= 393 | data= 55 | cola=3253 | prio=10 | https://data.worldbank.org/country/brunei-darussalam
[FULL_17_BM] t= 268.8s | pag=174 | files= 393 | data= 56 | cola=3284 | prio=10 | https://data.worldbank.org/country/bulgaria
[FULL_17_BM] t= 269.6s | pag=175 | files= 393 | data= 57 | cola=3323 | prio=10 | https://data.worldbank.org/country/burkina-faso
[FULL_17_BM] t= 270.5s | pag=176 | files= 393 | data= 58 | cola=3359 | prio=10 | https://data.worldbank.org/country/burundi
[FULL_17_BM] t= 271.0s | pag=177 | files= 393 | data= 59 | cola=3396 | prio=10 | https://data.worldbank.org/country/cabo-verde
[FULL_17_BM] t= 271.7s | pag=178 | files= 393 | data= 60 | cola=3434 | prio=10 | https://data.worldbank.org/country/cambodia
[FULL_17_BM] t= 272.4s | pag=179 | files= 393 | data= 61 | cola=3472 | prio=10 | https://data.worldbank.org/country/cameroon
[FULL_17_BM] t= 273.1s | pag=180 | files= 393 | data= 62 | cola=3510 | prio=10 | https://data.worldbank.org/country/canada
[FULL_17_BM] t= 273.5s | pag=181 | files= 393 | data= 63 | cola=3546 | prio=10 | https://data.worldbank.org/country/cayman-islands
[FULL_17_BM] t= 274.1s | pag=182 | files= 393 | data= 64 | cola=3577 | prio=10 | https://data.worldbank.org/country/central-african-republic
[FULL_17_BM] t= 274.5s | pag=183 | files= 393 | data= 65 | cola=3615 | prio=10 | https://data.worldbank.org/country/chad
[FULL_17_BM] t= 275.4s | pag=184 | files= 393 | data= 66 | cola=3652 | prio=10 | https://data.worldbank.org/country/channel-islands
[FULL_17_BM] t= 275.8s | pag=185 | files= 393 | data= 67 | cola=3680 | prio=10 | https://data.worldbank.org/country/chile
[FULL_17_BM] t= 276.5s | pag=186 | files= 393 | data= 68 | cola=3717 | prio=10 | https://data.worldbank.org/country/china
[FULL_17_BM] t= 277.3s | pag=187 | files= 393 | data= 69 | cola=3755 | prio=10 | https://data.worldbank.org/country/colombia
[FULL_17_BM] t= 277.8s | pag=188 | files= 393 | data= 70 | cola=3792 | prio=10 | https://data.worldbank.org/country/comoros
[FULL_17_BM] t= 278.4s | pag=189 | files= 393 | data= 71 | cola=3829 | prio=10 | https://data.worldbank.org/country/congo-dem-rep
[FULL_17_BM] t= 279.0s | pag=190 | files= 393 | data= 72 | cola=3867 | prio=10 | https://data.worldbank.org/country/congo-rep
[FULL_17_BM] t= 279.3s | pag=191 | files= 393 | data= 73 | cola=3905 | prio=10 | https://data.worldbank.org/country/costa-rica
[FULL_17_BM] t= 279.8s | pag=192 | files= 393 | data= 74 | cola=3943 | prio=10 | https://data.worldbank.org/country/cote-divoire
[FULL_17_BM] DATASETS=75 | exportable_data_page | https://data.worldbank.org/country/cote-divoire
[FULL_17_BM] t= 280.7s | pag=193 | files= 393 | data= 75 | cola=3982 | prio=10 | https://data.worldbank.org/country/croatia
[FULL_17_BM] t= 281.3s | pag=194 | files= 393 | data= 76 | cola=4020 | prio=10 | https://data.worldbank.org/country/cuba
[FULL_17_BM] t= 281.6s | pag=195 | files= 393 | data= 77 | cola=4055 | prio=10 | https://data.worldbank.org/country/curacao
[FULL_17_BM] t= 282.1s | pag=196 | files= 393 | data= 78 | cola=4085 | prio=10 | https://data.worldbank.org/country/cyprus
[FULL_17_BM] t= 282.9s | pag=197 | files= 393 | data= 79 | cola=4123 | prio=10 | https://data.worldbank.org/country/czechia
[FULL_17_BM] t= 283.6s | pag=198 | files= 393 | data= 80 | cola=4161 | prio=10 | https://data.worldbank.org/country/denmark
[FULL_17_BM] t= 284.1s | pag=199 | files= 393 | data= 81 | cola=4199 | prio=10 | https://data.worldbank.org/country/djibouti
[FULL_17_BM] t= 285.0s | pag=200 | files= 393 | data= 82 | cola=4237 | prio=10 | https://data.worldbank.org/country/dominica
[FULL_17_BM] t= 285.7s | pag=201 | files= 393 | data= 83 | cola=4275 | prio=10 | https://data.worldbank.org/country/dominican-republic
[FULL_17_BM] t= 286.4s | pag=202 | files= 393 | data= 84 | cola=4313 | prio=10 | https://data.worldbank.org/country/ecuador
[FULL_17_BM] t= 286.9s | pag=203 | files= 393 | data= 85 | cola=4350 | prio=10 | https://data.worldbank.org/country/egypt-arab-rep
[FULL_17_BM] t= 287.8s | pag=204 | files= 393 | data= 86 | cola=4388 | prio=10 | https://data.worldbank.org/country/el-salvador
[FULL_17_BM] t= 288.6s | pag=205 | files= 393 | data= 87 | cola=4426 | prio=10 | https://data.worldbank.org/country/equatorial-guinea
[FULL_17_BM] t= 289.4s | pag=206 | files= 393 | data= 88 | cola=4465 | prio=10 | https://data.worldbank.org/country/eritrea
[FULL_17_BM] t= 289.9s | pag=207 | files= 393 | data= 89 | cola=4504 | prio=10 | https://data.worldbank.org/country/estonia
[FULL_17_BM] t= 290.4s | pag=208 | files= 393 | data= 90 | cola=4542 | prio=10 | https://data.worldbank.org/country/eswatini
[FULL_17_BM] t= 291.0s | pag=209 | files= 393 | data= 91 | cola=4580 | prio=10 | https://data.worldbank.org/country/ethiopia
[FULL_17_BM] t= 291.4s | pag=210 | files= 393 | data= 92 | cola=4618 | prio=10 | https://data.worldbank.org/country/faroe-islands
[FULL_17_BM] t= 292.0s | pag=211 | files= 393 | data= 93 | cola=4648 | prio=10 | https://data.worldbank.org/country/fiji
[FULL_17_BM] t= 292.9s | pag=212 | files= 393 | data= 94 | cola=4686 | prio=10 | https://data.worldbank.org/country/finland
[FULL_17_BM] t= 293.8s | pag=213 | files= 393 | data= 95 | cola=4724 | prio=10 | https://data.worldbank.org/country/france
[FULL_17_BM] t= 294.6s | pag=214 | files= 393 | data= 96 | cola=4762 | prio=10 | https://data.worldbank.org/country/french-polynesia
[FULL_17_BM] t= 295.3s | pag=215 | files= 393 | data= 97 | cola=4792 | prio=10 | https://data.worldbank.org/country/gabon
[FULL_17_BM] t= 296.1s | pag=216 | files= 393 | data= 98 | cola=4830 | prio=10 | https://data.worldbank.org/country/gambia-the
[FULL_17_BM] t= 296.8s | pag=217 | files= 393 | data= 99 | cola=4868 | prio=10 | https://data.worldbank.org/country/georgia
[FULL_17_BM] DATASETS=100 | exportable_data_page | https://data.worldbank.org/country/georgia
[FULL_17_BM] t= 297.4s | pag=218 | files= 393 | data=100 | cola=4906 | prio=10 | https://data.worldbank.org/country/germany
[FULL_17_BM] t= 298.0s | pag=219 | files= 393 | data=101 | cola=4942 | prio=10 | https://data.worldbank.org/country/ghana
[FULL_17_BM] t= 298.6s | pag=220 | files= 393 | data=102 | cola=4980 | prio=10 | https://data.worldbank.org/country/gibraltar
[FULL_17_BM] t= 299.3s | pag=221 | files= 393 | data=103 | cola=5012 | prio=10 | https://data.worldbank.org/country/greece
[FULL_17_BM] t= 300.1s | pag=222 | files= 393 | data=104 | cola=5050 | prio=10 | https://data.worldbank.org/country/greenland
[FULL_17_BM] t= 300.8s | pag=223 | files= 393 | data=105 | cola=5082 | prio=10 | https://data.worldbank.org/country/grenada
[FULL_17_BM] t= 301.7s | pag=224 | files= 393 | data=106 | cola=5117 | prio=10 | https://data.worldbank.org/country/guam
[FULL_17_BM] t= 302.5s | pag=225 | files= 393 | data=107 | cola=5148 | prio=10 | https://data.worldbank.org/country/guatemala
[FULL_17_BM] t= 303.3s | pag=226 | files= 393 | data=108 | cola=5186 | prio=10 | https://data.worldbank.org/country/guinea
[FULL_17_BM] t= 304.0s | pag=227 | files= 393 | data=109 | cola=5224 | prio=10 | https://data.worldbank.org/country/guinea-bissau
[FULL_17_BM] t= 304.9s | pag=228 | files= 393 | data=110 | cola=5262 | prio=10 | https://data.worldbank.org/country/guyana
[FULL_17_BM] t= 305.5s | pag=229 | files= 393 | data=111 | cola=5300 | prio=10 | https://data.worldbank.org/country/haiti
[FULL_17_BM] t= 305.9s | pag=230 | files= 393 | data=112 | cola=5338 | prio=10 | https://data.worldbank.org/country/honduras
[FULL_17_BM] t= 306.8s | pag=231 | files= 393 | data=113 | cola=5376 | prio=10 | https://data.worldbank.org/country/hong-kong-sar-china
[FULL_17_BM] t= 307.3s | pag=232 | files= 393 | data=114 | cola=5411 | prio=10 | https://data.worldbank.org/country/hungary
[FULL_17_BM] t= 307.8s | pag=233 | files= 393 | data=115 | cola=5448 | prio=10 | https://data.worldbank.org/country/iceland
[FULL_17_BM] t= 308.4s | pag=234 | files= 393 | data=116 | cola=5486 | prio=10 | https://data.worldbank.org/country/india
[FULL_17_BM] t= 309.3s | pag=235 | files= 393 | data=117 | cola=5524 | prio=10 | https://data.worldbank.org/country/indonesia
[FULL_17_BM] t= 310.1s | pag=236 | files= 393 | data=118 | cola=5562 | prio=10 | https://data.worldbank.org/country/iran-islamic-rep
[FULL_17_BM] t= 311.0s | pag=237 | files= 393 | data=119 | cola=5600 | prio=10 | https://data.worldbank.org/country/iraq
[FULL_17_BM] t= 312.0s | pag=238 | files= 393 | data=120 | cola=5638 | prio=10 | https://data.worldbank.org/country/ireland
[FULL_17_BM] t= 313.0s | pag=239 | files= 393 | data=121 | cola=5676 | prio=10 | https://data.worldbank.org/country/isle-of-man
[FULL_17_BM] t= 313.6s | pag=240 | files= 393 | data=122 | cola=5707 | prio=10 | https://data.worldbank.org/country/israel
[FULL_17_BM] t= 314.1s | pag=241 | files= 393 | data=123 | cola=5745 | prio=10 | https://data.worldbank.org/country/italy
[FULL_17_BM] t= 314.7s | pag=242 | files= 393 | data=124 | cola=5783 | prio=10 | https://data.worldbank.org/country/jamaica
[FULL_17_BM] DATASETS=125 | exportable_data_page | https://data.worldbank.org/country/jamaica
[FULL_17_BM] t= 315.2s | pag=243 | files= 393 | data=125 | cola=5821 | prio=10 | https://data.worldbank.org/country/japan
[FULL_17_BM] t= 316.1s | pag=244 | files= 393 | data=126 | cola=5859 | prio=10 | https://data.worldbank.org/country/jordan
[FULL_17_BM] t= 317.0s | pag=245 | files= 393 | data=127 | cola=5897 | prio=10 | https://data.worldbank.org/country/kazakhstan
[FULL_17_BM] t= 317.6s | pag=246 | files= 393 | data=128 | cola=5935 | prio=10 | https://data.worldbank.org/country/kenya
[FULL_17_BM] t= 318.0s | pag=247 | files= 393 | data=129 | cola=5972 | prio=10 | https://data.worldbank.org/country/kiribati
[FULL_17_BM] t= 318.7s | pag=248 | files= 393 | data=130 | cola=6007 | prio=10 | https://data.worldbank.org/country/korea-dem-peoples-rep
[FULL_17_BM] t= 319.4s | pag=249 | files= 393 | data=131 | cola=6037 | prio=10 | https://data.worldbank.org/country/korea-rep
[FULL_17_BM] t= 319.8s | pag=250 | files= 393 | data=132 | cola=6075 | prio=10 | https://data.worldbank.org/country/kosovo
[FULL_17_BM] t= 320.7s | pag=251 | files= 393 | data=133 | cola=6111 | prio=10 | https://data.worldbank.org/country/kuwait
[FULL_17_BM] t= 321.4s | pag=252 | files= 393 | data=134 | cola=6147 | prio=10 | https://data.worldbank.org/country/kyrgyz-republic
[FULL_17_BM] t= 321.8s | pag=253 | files= 393 | data=135 | cola=6185 | prio=10 | https://data.worldbank.org/country/lao-pdr
[FULL_17_BM] t= 322.3s | pag=254 | files= 393 | data=136 | cola=6223 | prio=10 | https://data.worldbank.org/country/latvia
[FULL_17_BM] t= 322.9s | pag=255 | files= 393 | data=137 | cola=6261 | prio=10 | https://data.worldbank.org/country/lebanon
[FULL_17_BM] t= 323.5s | pag=256 | files= 393 | data=138 | cola=6298 | prio=10 | https://data.worldbank.org/country/lesotho
[FULL_17_BM] t= 324.5s | pag=257 | files= 393 | data=139 | cola=6336 | prio=10 | https://data.worldbank.org/country/liberia
[FULL_17_BM] t= 325.2s | pag=258 | files= 393 | data=140 | cola=6374 | prio=10 | https://data.worldbank.org/country/libya
[FULL_17_BM] t= 326.2s | pag=259 | files= 393 | data=141 | cola=6409 | prio=10 | https://data.worldbank.org/country/liechtenstein
[FULL_17_BM] t= 327.0s | pag=260 | files= 393 | data=142 | cola=6441 | prio=10 | https://data.worldbank.org/country/lithuania
[FULL_17_BM] t= 327.4s | pag=261 | files= 393 | data=143 | cola=6478 | prio=10 | https://data.worldbank.org/country/luxembourg
[FULL_17_BM] t= 327.9s | pag=262 | files= 393 | data=144 | cola=6516 | prio=10 | https://data.worldbank.org/country/macao-sar-china
[FULL_17_BM] t= 328.4s | pag=263 | files= 393 | data=145 | cola=6546 | prio=10 | https://data.worldbank.org/country/madagascar
[FULL_17_BM] t= 328.9s | pag=264 | files= 393 | data=146 | cola=6584 | prio=10 | https://data.worldbank.org/country/malawi
[FULL_17_BM] t= 329.7s | pag=265 | files= 393 | data=147 | cola=6622 | prio=10 | https://data.worldbank.org/country/malaysia
[FULL_17_BM] t= 330.6s | pag=266 | files= 393 | data=148 | cola=6660 | prio=10 | https://data.worldbank.org/country/maldives
[FULL_17_BM] t= 331.6s | pag=267 | files= 393 | data=149 | cola=6698 | prio=10 | https://data.worldbank.org/country/mali
[FULL_17_BM] DATASETS=150 | exportable_data_page | https://data.worldbank.org/country/mali
[FULL_17_BM] t= 331.9s | pag=268 | files= 393 | data=150 | cola=6736 | prio=10 | https://data.worldbank.org/country/malta
[FULL_17_BM] t= 333.1s | pag=269 | files= 393 | data=151 | cola=6773 | prio=10 | https://data.worldbank.org/country/marshall-islands
[FULL_17_BM] t= 333.7s | pag=270 | files= 393 | data=152 | cola=6804 | prio=10 | https://data.worldbank.org/country/mauritania
[FULL_17_BM] t= 334.3s | pag=271 | files= 393 | data=153 | cola=6842 | prio=10 | https://data.worldbank.org/country/mauritius
[FULL_17_BM] t= 335.1s | pag=272 | files= 393 | data=154 | cola=6881 | prio=10 | https://data.worldbank.org/country/mexico
[FULL_17_BM] t= 336.1s | pag=273 | files= 393 | data=155 | cola=6919 | prio=10 | https://data.worldbank.org/country/micronesia-fed-sts
[FULL_17_BM] t= 336.9s | pag=274 | files= 393 | data=156 | cola=6954 | prio=10 | https://data.worldbank.org/country/moldova
[FULL_17_BM] t= 337.5s | pag=275 | files= 393 | data=157 | cola=6991 | prio=10 | https://data.worldbank.org/country/monaco
[FULL_17_BM] t= 338.4s | pag=276 | files= 393 | data=158 | cola=7023 | prio=10 | https://data.worldbank.org/country/mongolia
[FULL_17_BM] t= 338.8s | pag=277 | files= 393 | data=159 | cola=7061 | prio=10 | https://data.worldbank.org/country/montenegro
[FULL_17_BM] t= 339.6s | pag=278 | files= 393 | data=160 | cola=7099 | prio=10 | https://data.worldbank.org/country/morocco
[FULL_17_BM] t= 340.5s | pag=279 | files= 393 | data=161 | cola=7137 | prio=10 | https://data.worldbank.org/country/mozambique
[FULL_17_BM] t= 356.0s | pag=279 | files= 393 | data=161 | cola=7136 | prio=10 | https://data.worldbank.org/country/myanmar
[FULL_17_BM] t= 357.2s | pag=280 | files= 393 | data=162 | cola=7174 | prio=10 | https://data.worldbank.org/country/namibia
[FULL_17_BM] t= 357.8s | pag=281 | files= 393 | data=163 | cola=7212 | prio=10 | https://data.worldbank.org/country/naoero
[FULL_17_BM] t= 358.4s | pag=282 | files= 393 | data=164 | cola=7245 | prio=10 | https://data.worldbank.org/country/nepal
[FULL_17_BM] t= 359.0s | pag=283 | files= 393 | data=165 | cola=7283 | prio=10 | https://data.worldbank.org/country/netherlands
[FULL_17_BM] t= 360.0s | pag=284 | files= 393 | data=166 | cola=7321 | prio=10 | https://data.worldbank.org/country/new-caledonia
[FULL_17_BM] t= 360.9s | pag=285 | files= 393 | data=167 | cola=7352 | prio=10 | https://data.worldbank.org/country/new-zealand
[FULL_17_BM] t= 361.7s | pag=286 | files= 393 | data=168 | cola=7390 | prio=10 | https://data.worldbank.org/country/nicaragua
[FULL_17_BM] t= 362.5s | pag=287 | files= 393 | data=169 | cola=7428 | prio=10 | https://data.worldbank.org/country/niger
[FULL_17_BM] t= 363.1s | pag=288 | files= 393 | data=170 | cola=7465 | prio=10 | https://data.worldbank.org/country/nigeria
[FULL_17_BM] t= 363.5s | pag=289 | files= 393 | data=171 | cola=7503 | prio=10 | https://data.worldbank.org/country/north-macedonia
[FULL_17_BM] t= 364.3s | pag=290 | files= 393 | data=172 | cola=7542 | prio=10 | https://data.worldbank.org/country/northern-mariana-islands
[FULL_17_BM] t= 364.9s | pag=291 | files= 393 | data=173 | cola=7572 | prio=10 | https://data.worldbank.org/country/norway
[FULL_17_BM] t= 365.4s | pag=292 | files= 393 | data=174 | cola=7610 | prio=10 | https://data.worldbank.org/country/oman
[FULL_17_BM] DATASETS=175 | exportable_data_page | https://data.worldbank.org/country/oman
[FULL_17_BM] t= 366.0s | pag=293 | files= 393 | data=175 | cola=7648 | prio=10 | https://data.worldbank.org/country/pakistan
[FULL_17_BM] t= 367.0s | pag=294 | files= 393 | data=176 | cola=7686 | prio=10 | https://data.worldbank.org/country/palau
[FULL_17_BM] t= 367.9s | pag=295 | files= 393 | data=177 | cola=7717 | prio=10 | https://data.worldbank.org/country/panama
[FULL_17_BM] t= 368.3s | pag=296 | files= 393 | data=178 | cola=7755 | prio=10 | https://data.worldbank.org/country/papua-new-guinea
[FULL_17_BM] t= 369.0s | pag=297 | files= 393 | data=179 | cola=7793 | prio=10 | https://data.worldbank.org/country/paraguay
[FULL_17_BM] t= 369.6s | pag=298 | files= 393 | data=180 | cola=7831 | prio=10 | https://data.worldbank.org/country/peru
[FULL_17_BM] t= 370.6s | pag=299 | files= 393 | data=181 | cola=7869 | prio=10 | https://data.worldbank.org/country/philippines
[FULL_17_BM] t= 371.0s | pag=300 | files= 393 | data=182 | cola=7907 | prio=10 | https://data.worldbank.org/country/poland
[FULL_17_BM] t= 371.5s | pag=301 | files= 393 | data=183 | cola=7944 | prio=10 | https://data.worldbank.org/country/portugal
[FULL_17_BM] t= 372.2s | pag=302 | files= 393 | data=184 | cola=7982 | prio=10 | https://data.worldbank.org/country/puerto-rico-us
[FULL_17_BM] t= 372.8s | pag=303 | files= 393 | data=185 | cola=8012 | prio=10 | https://data.worldbank.org/country/qatar
[FULL_17_BM] t= 373.4s | pag=304 | files= 393 | data=186 | cola=8047 | prio=10 | https://data.worldbank.org/country/romania
[FULL_17_BM] t= 374.3s | pag=305 | files= 393 | data=187 | cola=8085 | prio=10 | https://data.worldbank.org/country/russian-federation
[FULL_17_BM] t= 375.0s | pag=306 | files= 393 | data=188 | cola=8123 | prio=10 | https://data.worldbank.org/country/rwanda
[FULL_17_BM] t= 375.8s | pag=307 | files= 393 | data=189 | cola=8161 | prio=10 | https://data.worldbank.org/country/samoa
[FULL_17_BM] t= 376.7s | pag=308 | files= 393 | data=190 | cola=8198 | prio=10 | https://data.worldbank.org/country/san-marino
[FULL_17_BM] t= 377.4s | pag=309 | files= 393 | data=191 | cola=8229 | prio=10 | https://data.worldbank.org/country/sao-tome-and-principe
[FULL_17_BM] t= 378.1s | pag=310 | files= 393 | data=192 | cola=8268 | prio=10 | https://data.worldbank.org/country/saudi-arabia
[FULL_17_BM] t= 378.5s | pag=311 | files= 393 | data=193 | cola=8304 | prio=10 | https://data.worldbank.org/country/senegal
[FULL_17_BM] t= 379.2s | pag=312 | files= 393 | data=194 | cola=8342 | prio=10 | https://data.worldbank.org/country/serbia
[FULL_17_BM] t= 379.8s | pag=313 | files= 393 | data=195 | cola=8378 | prio=10 | https://data.worldbank.org/country/seychelles
[FULL_17_BM] t= 380.7s | pag=314 | files= 393 | data=196 | cola=8416 | prio=10 | https://data.worldbank.org/country/sierra-leone
[FULL_17_BM] t= 381.3s | pag=315 | files= 393 | data=197 | cola=8454 | prio=10 | https://data.worldbank.org/country/singapore
[FULL_17_BM] t= 382.2s | pag=316 | files= 393 | data=198 | cola=8492 | prio=10 | https://data.worldbank.org/country/sint-maarten-dutch-part
[FULL_17_BM] t= 382.8s | pag=317 | files= 393 | data=199 | cola=8524 | prio=10 | https://data.worldbank.org/country/slovak-republic
[FULL_17_BM] DATASETS=200 | exportable_data_page | https://data.worldbank.org/country/slovak-republic
[FULL_17_BM] t= 383.9s | pag=318 | files= 393 | data=200 | cola=8562 | prio=10 | https://data.worldbank.org/country/slovenia
[FULL_17_BM] t= 384.1s | pag=319 | files= 393 | data=201 | cola=8600 | prio=10 | https://data.worldbank.org/country/solomon-islands
[FULL_17_BM] t= 385.0s | pag=320 | files= 393 | data=202 | cola=8638 | prio=10 | https://data.worldbank.org/country/somalia-fed-rep
[FULL_17_BM] t= 385.7s | pag=321 | files= 393 | data=203 | cola=8672 | prio=10 | https://data.worldbank.org/country/south-africa
[FULL_17_BM] t= 386.2s | pag=322 | files= 393 | data=204 | cola=8710 | prio=10 | https://data.worldbank.org/country/south-sudan
[FULL_17_BM] t= 386.6s | pag=323 | files= 393 | data=205 | cola=8747 | prio=10 | https://data.worldbank.org/country/spain
[FULL_17_BM] t= 387.5s | pag=324 | files= 393 | data=206 | cola=8785 | prio=10 | https://data.worldbank.org/country/sri-lanka
[FULL_17_BM] t= 388.0s | pag=325 | files= 393 | data=207 | cola=8823 | prio=10 | https://data.worldbank.org/country/st-kitts-and-nevis
[FULL_17_BM] t= 388.7s | pag=326 | files= 393 | data=208 | cola=8861 | prio=10 | https://data.worldbank.org/country/st-lucia
[FULL_17_BM] t= 389.6s | pag=327 | files= 393 | data=209 | cola=8899 | prio=10 | https://data.worldbank.org/country/st-martin-french-part
[FULL_17_BM] t= 390.0s | pag=328 | files= 393 | data=210 | cola=8929 | prio=10 | https://data.worldbank.org/country/st-vincent-and-the-grenadines
[FULL_17_BM] t= 391.0s | pag=329 | files= 393 | data=211 | cola=8965 | prio=10 | https://data.worldbank.org/country/sudan
[FULL_17_BM] t= 391.9s | pag=330 | files= 393 | data=212 | cola=9003 | prio=10 | https://data.worldbank.org/country/suriname
[FULL_17_BM] t= 392.5s | pag=331 | files= 393 | data=213 | cola=9041 | prio=10 | https://data.worldbank.org/country/sweden
[FULL_17_BM] t= 393.2s | pag=332 | files= 393 | data=214 | cola=9077 | prio=10 | https://data.worldbank.org/country/switzerland
[FULL_17_BM] t= 393.9s | pag=333 | files= 393 | data=215 | cola=9113 | prio=10 | https://data.worldbank.org/country/syrian-arab-republic
[FULL_17_BM] t= 394.8s | pag=334 | files= 393 | data=216 | cola=9152 | prio=10 | https://data.worldbank.org/country/tajikistan
[FULL_17_BM] t= 395.6s | pag=335 | files= 393 | data=217 | cola=9188 | prio=10 | https://data.worldbank.org/country/tanzania
[FULL_17_BM] t= 396.5s | pag=336 | files= 393 | data=218 | cola=9226 | prio=10 | https://data.worldbank.org/country/thailand
[FULL_17_BM] t= 397.4s | pag=337 | files= 393 | data=219 | cola=9264 | prio=10 | https://data.worldbank.org/country/timor-leste
[FULL_17_BM] t= 398.3s | pag=338 | files= 393 | data=220 | cola=9302 | prio=10 | https://data.worldbank.org/country/togo
[FULL_17_BM] t= 399.1s | pag=339 | files= 393 | data=221 | cola=9340 | prio=10 | https://data.worldbank.org/country/tonga
[FULL_17_BM] t= 399.7s | pag=340 | files= 393 | data=222 | cola=9378 | prio=10 | https://data.worldbank.org/country/trinidad-and-tobago
[FULL_17_BM] t= 400.5s | pag=341 | files= 393 | data=223 | cola=9416 | prio=10 | https://data.worldbank.org/country/tunisia
[FULL_17_BM] t= 401.3s | pag=342 | files= 393 | data=224 | cola=9454 | prio=10 | https://data.worldbank.org/country/turkiye
[FULL_17_BM] DATASETS=225 | exportable_data_page | https://data.worldbank.org/country/turkiye
[FULL_17_BM] t= 401.8s | pag=343 | files= 393 | data=225 | cola=9494 | prio=10 | https://data.worldbank.org/country/turkmenistan
[FULL_17_BM] t= 402.7s | pag=344 | files= 393 | data=226 | cola=9532 | prio=10 | https://data.worldbank.org/country/turks-and-caicos-islands
[FULL_17_BM] t= 403.4s | pag=345 | files= 393 | data=227 | cola=9564 | prio=10 | https://data.worldbank.org/country/tuvalu
[FULL_17_BM] t= 404.0s | pag=346 | files= 393 | data=228 | cola=9599 | prio=10 | https://data.worldbank.org/country/uganda
[FULL_17_BM] t= 404.9s | pag=347 | files= 393 | data=229 | cola=9637 | prio=10 | https://data.worldbank.org/country/ukraine
[FULL_17_BM] t= 405.8s | pag=348 | files= 393 | data=230 | cola=9675 | prio=10 | https://data.worldbank.org/country/united-arab-emirates
[FULL_17_BM] t= 406.2s | pag=349 | files= 393 | data=231 | cola=9711 | prio=10 | https://data.worldbank.org/country/united-kingdom
[FULL_17_BM] t= 406.9s | pag=350 | files= 393 | data=232 | cola=9747 | prio=10 | https://data.worldbank.org/country/united-states
[FULL_17_BM] t= 407.5s | pag=351 | files= 393 | data=233 | cola=9783 | prio=10 | https://data.worldbank.org/country/uruguay
[FULL_17_BM] t= 407.9s | pag=352 | files= 393 | data=234 | cola=9821 | prio=10 | https://data.worldbank.org/country/uzbekistan
[FULL_17_BM] t= 408.7s | pag=353 | files= 393 | data=235 | cola=9859 | prio=10 | https://data.worldbank.org/country/vanuatu
[FULL_17_BM] t= 409.4s | pag=354 | files= 393 | data=236 | cola=9897 | prio=10 | https://data.worldbank.org/country/venezuela-rb
[FULL_17_BM] t= 410.4s | pag=355 | files= 393 | data=237 | cola=9934 | prio=10 | https://data.worldbank.org/country/viet-nam
[FULL_17_BM] t= 411.0s | pag=356 | files= 393 | data=238 | cola=9973 | prio=10 | https://data.worldbank.org/country/virgin-islands-us
[FULL_17_BM] t= 411.6s | pag=357 | files= 393 | data=239 | cola=10003 | prio=10 | https://data.worldbank.org/country/west-bank-and-gaza
[FULL_17_BM] t= 412.2s | pag=358 | files= 393 | data=240 | cola=10038 | prio=10 | https://data.worldbank.org/country/yemen-rep
[FULL_17_BM] t= 412.7s | pag=359 | files= 393 | data=241 | cola=10076 | prio=10 | https://data.worldbank.org/country/zambia
[FULL_17_BM] t= 413.4s | pag=360 | files= 393 | data=242 | cola=10114 | prio=10 | https://data.worldbank.org/country/zimbabwe
[FULL_17_BM] t= 413.8s | pag=361 | files= 393 | data=243 | cola=10152 | prio=10 | https://data.worldbank.org/region/east-asia-and-pacific
[FULL_17_BM] t= 414.6s | pag=362 | files= 393 | data=244 | cola=10179 | prio=10 | https://data.worldbank.org/region/europe-and-central-asia
[FULL_17_BM] t= 415.5s | pag=363 | files= 393 | data=245 | cola=10206 | prio=10 | https://data.worldbank.org/region/latin-america-and-caribbean
[FULL_17_BM] t= 416.1s | pag=364 | files= 393 | data=246 | cola=10233 | prio=10 | https://data.worldbank.org/region/middle-east-north-africa-afghanistan-and-pakistan
[FULL_17_BM] t= 416.8s | pag=365 | files= 393 | data=247 | cola=10260 | prio=10 | https://data.worldbank.org/region/north-america
[FULL_17_BM] t= 417.7s | pag=366 | files= 393 | data=248 | cola=10287 | prio=10 | https://data.worldbank.org/region/south-asia
[FULL_17_BM] t= 418.2s | pag=367 | files= 393 | data=249 | cola=10314 | prio=10 | https://data.worldbank.org/region/sub-saharan-africa
[FULL_17_BM] DATASETS=250 | exportable_data_page | https://data.worldbank.org/region/sub-saharan-africa
[FULL_17_BM] t= 418.9s | pag=368 | files= 393 | data=250 | cola=10341 | prio=10 | https://data.worldbank.org/income-level/high-income
[FULL_17_BM] t= 419.3s | pag=369 | files= 393 | data=251 | cola=10368 | prio=10 | https://data.worldbank.org/income-level/low-and-middle-income
[FULL_17_BM] t= 419.9s | pag=370 | files= 393 | data=252 | cola=10395 | prio=10 | https://data.worldbank.org/income-level/low-income
[FULL_17_BM] t= 420.5s | pag=371 | files= 393 | data=253 | cola=10422 | prio=10 | https://data.worldbank.org/income-level/lower-middle-income
[FULL_17_BM] t= 421.3s | pag=372 | files= 393 | data=254 | cola=10449 | prio=10 | https://data.worldbank.org/income-level/middle-income
[FULL_17_BM] t= 421.9s | pag=373 | files= 393 | data=255 | cola=10476 | prio=10 | https://data.worldbank.org/income-level/upper-middle-income
[FULL_17_BM] t= 422.7s | pag=374 | files= 393 | data=256 | cola=10503 | prio=10 | https://data.worldbank.org/region/ibrd-only
[FULL_17_BM] t= 423.5s | pag=375 | files= 393 | data=257 | cola=10530 | prio=10 | https://data.worldbank.org/region/ida-blend
[FULL_17_BM] t= 424.4s | pag=376 | files= 393 | data=258 | cola=10557 | prio=10 | https://data.worldbank.org/region/ida-only
[FULL_17_BM] t= 424.9s | pag=377 | files= 393 | data=259 | cola=10584 | prio=10 | https://data.worldbank.org/region/early-demographic-dividend
[FULL_17_BM] t= 425.7s | pag=378 | files= 393 | data=260 | cola=10611 | prio=10 | https://data.worldbank.org/region/late-demographic-dividend
[FULL_17_BM] t= 426.4s | pag=379 | files= 393 | data=261 | cola=10638 | prio=10 | https://data.worldbank.org/region/post-demographic-dividend
[FULL_17_BM] t= 426.9s | pag=380 | files= 393 | data=262 | cola=10665 | prio=10 | https://data.worldbank.org/region/pre-demographic-dividend
[FULL_17_BM] t= 427.7s | pag=381 | files= 393 | data=263 | cola=10692 | prio=10 | https://data.worldbank.org/region/caribbean-small-states
[FULL_17_BM] t= 428.5s | pag=382 | files= 393 | data=264 | cola=10719 | prio=10 | https://data.worldbank.org/region/other-small-states
[FULL_17_BM] t= 429.2s | pag=383 | files= 393 | data=265 | cola=10746 | prio=10 | https://data.worldbank.org/region/pacific-island-small-states
[FULL_17_BM] t= 429.9s | pag=384 | files= 393 | data=266 | cola=10773 | prio=10 | https://data.worldbank.org/region/small-states
[FULL_17_BM] t= 430.8s | pag=385 | files= 393 | data=267 | cola=10800 | prio=10 | https://data.worldbank.org/region/F1
[FULL_17_BM] t= 431.3s | pag=386 | files= 393 | data=268 | cola=10827 | prio=10 | https://data.worldbank.org/region/arab-world
[FULL_17_BM] t= 432.3s | pag=387 | files= 393 | data=269 | cola=10854 | prio=10 | https://data.worldbank.org/region/central-europe-and-the-baltics
[FULL_17_BM] t= 432.8s | pag=388 | files= 393 | data=270 | cola=10881 | prio=10 | https://data.worldbank.org/region/east-asia-and-pacific-excluding-high-income
[FULL_17_BM] t= 433.5s | pag=389 | files= 393 | data=271 | cola=10908 | prio=10 | https://data.worldbank.org/region/euro-area
[FULL_17_BM] t= 434.4s | pag=390 | files= 393 | data=272 | cola=10935 | prio=10 | https://data.worldbank.org/region/europe-and-central-asia-excluding-high-income
[FULL_17_BM] t= 435.4s | pag=391 | files= 393 | data=273 | cola=10962 | prio=10 | https://data.worldbank.org/region/european-union
[FULL_17_BM] t= 435.9s | pag=392 | files= 393 | data=274 | cola=10989 | prio=10 | https://data.worldbank.org/region/heavily-indebted-poor-countries-hipc
[FULL_17_BM] DATASETS=275 | exportable_data_page | https://data.worldbank.org/region/heavily-indebted-poor-countries-hipc
[FULL_17_BM] t= 436.4s | pag=393 | files= 393 | data=275 | cola=11016 | prio=10 | https://data.worldbank.org/region/latin-america-and-caribbean-excluding-high-income
[FULL_17_BM] t= 436.9s | pag=394 | files= 393 | data=276 | cola=11043 | prio=10 | https://data.worldbank.org/region/least-developed-countries-un-classification
[FULL_17_BM] t= 437.3s | pag=395 | files= 393 | data=277 | cola=11070 | prio=10 | https://data.worldbank.org/region/middle-east-north-africa-afghanistan-and-pakistan-excluding-high-income
[FULL_17_BM] t= 437.9s | pag=396 | files= 393 | data=278 | cola=11097 | prio=10 | https://data.worldbank.org/region/oecd-members
[FULL_17_BM] t= 438.8s | pag=397 | files= 393 | data=279 | cola=11124 | prio=10 | https://data.worldbank.org/region/sub-saharan-africa-excluding-high-income
[FULL_17_BM] t= 439.2s | pag=398 | files= 393 | data=280 | cola=11151 | prio=10 | https://data.worldbank.org/region/world
[FULL_17_BM] t= 439.8s | pag=399 | files= 393 | data=281 | cola=11178 | prio=10 | https://data.worldbank.org/topic/agriculture-and-rural-development
[FULL_17_BM] t= 440.3s | pag=400 | files= 393 | data=282 | cola=11185 | prio=10 | https://data.worldbank.org/indicator/AG.LND.IRIG.AG.ZS
[FULL_17_BM] t= 440.9s | pag=401 | files= 393 | data=283 | cola=11192 | prio=10 | https://data.worldbank.org/indicator/AG.LND.AGRI.ZS
[FULL_17_BM] t= 441.5s | pag=402 | files= 393 | data=284 | cola=11196 | prio=10 | https://data.worldbank.org/indicator/NV.AGR.TOTL.ZS
[FULL_17_BM] t= 442.4s | pag=403 | files= 393 | data=285 | cola=11208 | prio=10 | https://data.worldbank.org/indicator/AG.LND.ARBL.ZS
[FULL_17_BM] t= 443.3s | pag=404 | files= 393 | data=286 | cola=11212 | prio=10 | https://data.worldbank.org/indicator/AG.LND.ARBL.HA.PC
[FULL_17_BM] t= 444.4s | pag=405 | files= 393 | data=287 | cola=11215 | prio=10 | https://data.worldbank.org/indicator/AG.YLD.CREL.KG
[FULL_17_BM] t= 444.9s | pag=406 | files= 393 | data=288 | cola=11220 | prio=10 | https://data.worldbank.org/indicator/AG.PRD.CROP.XD
[FULL_17_BM] t= 445.9s | pag=407 | files= 393 | data=289 | cola=11224 | prio=10 | https://data.worldbank.org/indicator/SL.AGR.EMPL.FE.ZS
[FULL_17_BM] t= 446.7s | pag=408 | files= 393 | data=290 | cola=11230 | prio=10 | https://data.worldbank.org/indicator/SL.AGR.EMPL.MA.ZS
[FULL_17_BM] t= 447.5s | pag=409 | files= 393 | data=291 | cola=11233 | prio=10 | https://data.worldbank.org/indicator/AG.CON.FERT.ZS
[FULL_17_BM] t= 448.3s | pag=410 | files= 393 | data=292 | cola=11236 | prio=10 | https://data.worldbank.org/indicator/AG.PRD.FOOD.XD
[FULL_17_BM] t= 448.6s | pag=411 | files= 393 | data=293 | cola=11239 | prio=10 | https://data.worldbank.org/indicator/AG.LND.FRST.ZS
[FULL_17_BM] t= 449.2s | pag=412 | files= 393 | data=294 | cola=11242 | prio=10 | https://data.worldbank.org/indicator/AG.LND.FRST.K2
[FULL_17_BM] t= 450.1s | pag=413 | files= 393 | data=295 | cola=11246 | prio=10 | https://data.worldbank.org/indicator/AG.LND.TOTL.K2
[FULL_17_BM] t= 451.1s | pag=414 | files= 393 | data=296 | cola=11251 | prio=10 | https://data.worldbank.org/indicator/AG.LND.CREL.HA
[FULL_17_BM] t= 451.5s | pag=415 | files= 393 | data=297 | cola=11254 | prio=10 | https://data.worldbank.org/indicator/AG.PRD.LVSK.XD
[FULL_17_BM] t= 452.1s | pag=416 | files= 393 | data=298 | cola=11257 | prio=10 | https://data.worldbank.org/indicator/AG.LND.CROP.ZS
[FULL_17_BM] t= 452.9s | pag=417 | files= 393 | data=299 | cola=11260 | prio=10 | https://data.worldbank.org/indicator/SP.RUR.TOTL
[FULL_17_BM] DATASETS=300 | exportable_data_page | https://data.worldbank.org/indicator/SP.RUR.TOTL
[FULL_17_BM] t= 453.9s | pag=418 | files= 393 | data=300 | cola=11267 | prio=10 | https://data.worldbank.org/indicator/SP.RUR.TOTL.ZS
[FULL_17_BM] t= 454.4s | pag=419 | files= 393 | data=301 | cola=11270 | prio=10 | https://data.worldbank.org/indicator/AG.SRF.TOTL.K2
[FULL_17_BM] t= 455.4s | pag=420 | files= 393 | data=302 | cola=11274 | prio=10 | https://data.worldbank.org/topic/aid-effectiveness
[FULL_17_BM] t= 456.3s | pag=421 | files= 393 | data=303 | cola=11277 | prio=10 | https://data.worldbank.org/indicator/BX.GRT.EXTA.CD.WD
[FULL_17_BM] t= 471.5s | pag=421 | files= 393 | data=303 | cola=11276 | prio=10 | https://data.worldbank.org/indicator/SH.TBS.INCD
[FULL_17_BM] t= 472.6s | pag=422 | files= 393 | data=304 | cola=11287 | prio=10 | https://data.worldbank.org/indicator/SI.DST.FRST.20
[FULL_17_BM] t= 473.5s | pag=423 | files= 393 | data=305 | cola=11291 | prio=10 | https://data.worldbank.org/indicator/SH.STA.MMRT
[FULL_17_BM] t= 474.5s | pag=424 | files= 393 | data=306 | cola=11302 | prio=10 | https://data.worldbank.org/indicator/SH.DYN.MORT
[FULL_17_BM] t= 475.3s | pag=425 | files= 393 | data=307 | cola=11313 | prio=10 | https://data.worldbank.org/indicator/DT.ODA.ODAT.GN.ZS
[FULL_17_BM] t= 476.1s | pag=426 | files= 393 | data=308 | cola=11320 | prio=10 | https://data.worldbank.org/indicator/DT.ODA.ODAT.XP.ZS
[FULL_17_BM] t= 476.7s | pag=427 | files= 393 | data=309 | cola=11323 | prio=10 | https://data.worldbank.org/indicator/DT.ODA.ODAT.GI.ZS
[FULL_17_BM] t= 477.1s | pag=428 | files= 393 | data=310 | cola=11326 | prio=10 | https://data.worldbank.org/indicator/DT.ODA.ODAT.MP.ZS
[FULL_17_BM] t= 477.6s | pag=429 | files= 393 | data=311 | cola=11329 | prio=10 | https://data.worldbank.org/indicator/DT.ODA.ODAT.PC.ZS
[FULL_17_BM] t= 478.1s | pag=430 | files= 393 | data=312 | cola=11332 | prio=10 | https://data.worldbank.org/indicator/SM.POP.NETM
[FULL_17_BM] t= 478.7s | pag=431 | files= 393 | data=313 | cola=11344 | prio=10 | https://data.worldbank.org/indicator/DT.ODA.ODAT.CD
[FULL_17_BM] t= 479.2s | pag=432 | files= 393 | data=314 | cola=11347 | prio=10 | https://data.worldbank.org/indicator/SI.POV.DDAY
[FULL_17_BM] t= 479.6s | pag=433 | files= 393 | data=315 | cola=11352 | prio=10 | https://data.worldbank.org/indicator/SH.STA.ANVC.ZS
[FULL_17_BM] t= 480.3s | pag=434 | files= 393 | data=316 | cola=11357 | prio=10 | https://data.worldbank.org/indicator/SH.DYN.AIDS.ZS
[FULL_17_BM] t= 481.1s | pag=435 | files= 393 | data=317 | cola=11360 | prio=10 | https://data.worldbank.org/indicator/SH.STA.STNT.ZS
[FULL_17_BM] t= 481.5s | pag=436 | files= 393 | data=318 | cola=11369 | prio=10 | https://data.worldbank.org/indicator/SE.PRM.CMPT.ZS
[FULL_17_BM] t= 482.4s | pag=437 | files= 393 | data=319 | cola=11378 | prio=10 | https://data.worldbank.org/indicator/SE.ENR.PRSC.FM.ZS
[FULL_17_BM] t= 483.0s | pag=438 | files= 393 | data=320 | cola=11384 | prio=10 | https://data.worldbank.org/indicator/BX.GRT.TECH.CD.WD
[FULL_17_BM] t= 483.4s | pag=439 | files= 393 | data=321 | cola=11394 | prio=10 | https://data.worldbank.org/topic/climate-change
[FULL_17_BM] t= 483.9s | pag=440 | files= 393 | data=322 | cola=11399 | prio=10 | https://data.worldbank.org/indicator/EG.ELC.ACCS.ZS
[FULL_17_BM] t= 484.9s | pag=441 | files= 393 | data=323 | cola=11407 | prio=10 | https://data.worldbank.org/indicator/ER.H2O.FWTL.ZS
[FULL_17_BM] t= 485.4s | pag=442 | files= 393 | data=324 | cola=11416 | prio=10 | https://data.worldbank.org/indicator/ER.H2O.FWTL.K3
[FULL_17_BM] DATASETS=325 | exportable_data_page | https://data.worldbank.org/indicator/ER.H2O.FWTL.K3
[FULL_17_BM] t= 486.2s | pag=443 | files= 393 | data=325 | cola=11419 | prio=10 | https://data.worldbank.org/indicator/IQ.CPA.PUBS.XQ
[FULL_17_BM] t= 486.5s | pag=444 | files= 393 | data=326 | cola=11431 | prio=10 | https://data.worldbank.org/indicator/EG.USE.ELEC.KH.PC
[FULL_17_BM] t= 487.4s | pag=445 | files= 393 | data=327 | cola=11440 | prio=10 | https://data.worldbank.org/indicator/EG.USE.PCAP.KG.OE
[FULL_17_BM] t= 488.0s | pag=446 | files= 393 | data=328 | cola=11444 | prio=10 | https://data.worldbank.org/indicator/AG.LND.EL5M.ZS
[FULL_17_BM] t= 488.7s | pag=447 | files= 393 | data=329 | cola=11450 | prio=10 | https://data.worldbank.org/indicator/SP.POP.GROW
[FULL_17_BM] t= 489.5s | pag=448 | files= 393 | data=330 | cola=11461 | prio=10 | https://data.worldbank.org/indicator/EN.URB.MCTY.TL.ZS
[FULL_17_BM] t= 489.9s | pag=449 | files= 393 | data=331 | cola=11470 | prio=10 | https://data.worldbank.org/indicator/EN.POP.EL5M.ZS
[FULL_17_BM] t= 490.7s | pag=450 | files= 393 | data=332 | cola=11475 | prio=10 | https://data.worldbank.org/indicator/SP.POP.TOTL
[FULL_17_BM] t= 491.5s | pag=451 | files= 393 | data=333 | cola=11482 | prio=10 | https://data.worldbank.org/indicator/SH.STA.MALN.ZS
[FULL_17_BM] t= 492.0s | pag=452 | files= 393 | data=334 | cola=11487 | prio=10 | https://data.worldbank.org/indicator/EG.ELC.RNEW.ZS
[FULL_17_BM] t= 492.7s | pag=453 | files= 393 | data=335 | cola=11491 | prio=10 | https://data.worldbank.org/indicator/EG.FEC.RNEW.ZS
[FULL_17_BM] t= 493.4s | pag=454 | files= 393 | data=336 | cola=11494 | prio=10 | https://data.worldbank.org/indicator/ER.PTD.TOTL.ZS
[FULL_17_BM] t= 508.7s | pag=454 | files= 393 | data=336 | cola=11493 | prio=10 | https://data.worldbank.org/indicator/SP.URB.TOTL
[FULL_17_BM] t= 509.7s | pag=455 | files= 393 | data=337 | cola=11497 | prio=10 | https://data.worldbank.org/indicator/SP.URB.TOTL.IN.ZS
[FULL_17_BM] t= 510.6s | pag=456 | files= 393 | data=338 | cola=11500 | prio=10 | https://data.worldbank.org/topic/economy-and-growth
[FULL_17_BM] t= 512.3s | pag=457 | files= 393 | data=339 | cola=11504 | prio=10 | http://datatopics.worldbank.org/consumption/
[FULL_17_BM] t= 513.1s | pag=458 | files= 395 | data=339 | cola=11548 | prio=10 | https://data.worldbank.org/indicator/NY.ADJ.SVNG.GN.ZS
[FULL_17_BM] t= 513.8s | pag=459 | files= 395 | data=340 | cola=11560 | prio=10 | https://data.worldbank.org/indicator/GC.DOD.TOTL.GD.ZS
[FULL_17_BM] t= 514.6s | pag=460 | files= 395 | data=341 | cola=11569 | prio=10 | https://data.worldbank.org/indicator/BM.GSR.ROYL.CD
[FULL_17_BM] t= 515.3s | pag=461 | files= 395 | data=342 | cola=11580 | prio=10 | https://data.worldbank.org/indicator/BX.GSR.ROYL.CD
[FULL_17_BM] t= 515.7s | pag=462 | files= 395 | data=343 | cola=11583 | prio=10 | https://data.worldbank.org/indicator/BN.CAB.XOKA.CD
[FULL_17_BM] t= 516.2s | pag=463 | files= 395 | data=344 | cola=11595 | prio=10 | https://data.worldbank.org/indicator/GC.XPN.TOTL.GD.ZS
[FULL_17_BM] t= 516.7s | pag=464 | files= 395 | data=345 | cola=11606 | prio=10 | https://data.worldbank.org/indicator/NE.EXP.GNFS.ZS
[FULL_17_BM] t= 517.4s | pag=465 | files= 395 | data=346 | cola=11618 | prio=10 | https://data.worldbank.org/indicator/DT.DOD.DECT.GN.ZS
[FULL_17_BM] t= 518.1s | pag=466 | files= 395 | data=347 | cola=11624 | prio=10 | https://data.worldbank.org/indicator/DT.DOD.DECT.CD
[FULL_17_BM] t= 518.7s | pag=467 | files= 395 | data=348 | cola=11627 | prio=10 | https://data.worldbank.org/indicator/BX.KLT.DINV.CD.WD
[FULL_17_BM] t= 519.3s | pag=468 | files= 395 | data=349 | cola=11634 | prio=10 | https://data.worldbank.org/indicator/NY.GDP.MKTP.CD
[FULL_17_BM] DATASETS=350 | exportable_data_page | https://data.worldbank.org/indicator/NY.GDP.MKTP.CD
[FULL_17_BM] t= 519.9s | pag=469 | files= 395 | data=350 | cola=11644 | prio=10 | https://data.worldbank.org/indicator/NY.GDP.MKTP.KD.ZG
[FULL_17_BM] t= 520.6s | pag=470 | files= 395 | data=351 | cola=11647 | prio=10 | https://data.worldbank.org/indicator/NY.GDP.PCAP.CD
[FULL_17_BM] t= 521.4s | pag=471 | files= 395 | data=352 | cola=11654 | prio=10 | https://data.worldbank.org/indicator/NY.GDP.PCAP.KD.ZG
[FULL_17_BM] t= 522.0s | pag=472 | files= 395 | data=353 | cola=11657 | prio=10 | https://data.worldbank.org/indicator/NY.GDP.PCAP.PP.CD
[FULL_17_BM] t= 522.6s | pag=473 | files= 395 | data=354 | cola=11661 | prio=10 | https://data.worldbank.org/indicator/NY.GNP.PCAP.CD
[FULL_17_BM] t= 523.1s | pag=474 | files= 395 | data=355 | cola=11670 | prio=10 | https://data.worldbank.org/indicator/NY.GNP.PCAP.PP.CD
[FULL_17_BM] t= 523.6s | pag=475 | files= 395 | data=356 | cola=11673 | prio=10 | https://data.worldbank.org/indicator/NY.GNP.ATLS.CD
[FULL_17_BM] t= 524.4s | pag=476 | files= 395 | data=357 | cola=11682 | prio=10 | https://data.worldbank.org/indicator/NY.GNP.MKTP.PP.CD
[FULL_17_BM] t= 524.8s | pag=477 | files= 395 | data=358 | cola=11685 | prio=10 | https://data.worldbank.org/indicator/NE.GDI.TOTL.ZS
[FULL_17_BM] t= 525.2s | pag=478 | files= 395 | data=359 | cola=11696 | prio=10 | https://data.worldbank.org/indicator/NY.GNS.ICTR.ZS
[FULL_17_BM] t= 526.0s | pag=479 | files= 395 | data=360 | cola=11702 | prio=10 | https://data.worldbank.org/indicator/NE.IMP.GNFS.ZS
[FULL_17_BM] t= 526.4s | pag=480 | files= 395 | data=361 | cola=11711 | prio=10 | https://data.worldbank.org/indicator/NV.IND.TOTL.ZS
[FULL_17_BM] t= 527.4s | pag=481 | files= 395 | data=362 | cola=11722 | prio=10 | https://data.worldbank.org/indicator/NY.GDP.DEFL.KD.ZG
[FULL_17_BM] t= 527.9s | pag=482 | files= 395 | data=363 | cola=11733 | prio=10 | https://data.worldbank.org/indicator/FP.CPI.TOTL.ZG
[FULL_17_BM] t= 528.4s | pag=483 | files= 395 | data=364 | cola=11740 | prio=10 | https://data.worldbank.org/indicator/NV.MNF.TECH.ZS.UN
[FULL_17_BM] t= 528.9s | pag=484 | files= 395 | data=365 | cola=11748 | prio=10 | https://data.worldbank.org/indicator/PA.NUS.PPP
[FULL_17_BM] t= 529.3s | pag=485 | files= 395 | data=366 | cola=11756 | prio=10 | https://data.worldbank.org/indicator/BX.TRF.PWKR.CD.DT
[FULL_17_BM] t= 529.8s | pag=486 | files= 395 | data=367 | cola=11766 | prio=10 | https://data.worldbank.org/indicator/GC.REV.XGRT.GD.ZS
[FULL_17_BM] t= 530.5s | pag=487 | files= 395 | data=368 | cola=11774 | prio=10 | https://data.worldbank.org/indicator/DT.DOD.DSTC.IR.ZS
[FULL_17_BM] t= 531.4s | pag=488 | files= 395 | data=369 | cola=11778 | prio=10 | https://data.worldbank.org/indicator/DT.TDS.DECT.EX.ZS
[FULL_17_BM] t= 532.1s | pag=489 | files= 395 | data=370 | cola=11789 | prio=10 | https://data.worldbank.org/indicator/FI.RES.TOTL.CD
[FULL_17_BM] t= 532.8s | pag=490 | files= 395 | data=371 | cola=11796 | prio=10 | https://data.worldbank.org/topic/education
[FULL_17_BM] t= 533.3s | pag=491 | files= 395 | data=372 | cola=11800 | prio=10 | http://datatopics.worldbank.org/education
[FULL_17_BM] t= 534.9s | pag=492 | files= 395 | data=372 | cola=11809 | prio=10 | http://datatopics.worldbank.org/sdi
[FULL_17_BM] t= 536.1s | pag=492 | files= 395 | data=372 | cola=11808 | prio=10 | https://data.worldbank.org/indicator/SE.PRM.UNER.FE
[FULL_17_BM] t= 536.6s | pag=493 | files= 395 | data=373 | cola=11816 | prio=10 | https://data.worldbank.org/indicator/SE.PRM.UNER.MA
[FULL_17_BM] t= 537.1s | pag=494 | files= 395 | data=374 | cola=11819 | prio=10 | https://data.worldbank.org/indicator/SE.XPD.TOTL.GD.ZS
[FULL_17_BM] DATASETS=375 | exportable_data_page | https://data.worldbank.org/indicator/SE.XPD.TOTL.GD.ZS
[FULL_17_BM] t= 538.0s | pag=495 | files= 395 | data=375 | cola=11828 | prio=10 | https://data.worldbank.org/indicator/SE.XPD.TOTL.GB.ZS
[FULL_17_BM] t= 538.8s | pag=496 | files= 395 | data=376 | cola=11831 | prio=10 | https://data.worldbank.org/indicator/SE.XPD.PRIM.PC.ZS
[FULL_17_BM] t= 539.5s | pag=497 | files= 395 | data=377 | cola=11835 | prio=10 | https://data.worldbank.org/indicator/SE.XPD.SECO.PC.ZS
[FULL_17_BM] t= 540.5s | pag=498 | files= 395 | data=378 | cola=11838 | prio=10 | https://data.worldbank.org/indicator/SE.XPD.TERT.PC.ZS
[FULL_17_BM] t= 541.1s | pag=499 | files= 395 | data=379 | cola=11842 | prio=10 | https://data.worldbank.org/indicator/SE.PRM.GINT.FE.ZS
[FULL_17_BM] t= 541.5s | pag=500 | files= 395 | data=380 | cola=11847 | prio=10 | https://data.worldbank.org/indicator/SE.PRM.GINT.MA.ZS
[FULL_17_BM] t= 542.3s | pag=501 | files= 395 | data=381 | cola=11850 | prio=10 | https://data.worldbank.org/indicator/SL.TLF.TOTL.FE.ZS
[FULL_17_BM] t= 543.1s | pag=502 | files= 395 | data=382 | cola=11859 | prio=10 | https://data.worldbank.org/indicator/SL.TLF.TOTL.IN
[FULL_17_BM] t= 544.0s | pag=503 | files= 395 | data=383 | cola=11862 | prio=10 | https://data.worldbank.org/indicator/SE.ADT.LITR.FE.ZS
[FULL_17_BM] t= 544.7s | pag=504 | files= 395 | data=384 | cola=11866 | prio=10 | https://data.worldbank.org/indicator/SE.ADT.LITR.MA.ZS
[FULL_17_BM] t= 545.1s | pag=505 | files= 395 | data=385 | cola=11869 | prio=10 | https://data.worldbank.org/indicator/SE.ADT.LITR.ZS
[FULL_17_BM] t= 545.6s | pag=506 | files= 395 | data=386 | cola=11872 | prio=10 | https://data.worldbank.org/indicator/SE.ADT.1524.LT.FE.ZS
[FULL_17_BM] t= 546.2s | pag=507 | files= 395 | data=387 | cola=11875 | prio=10 | https://data.worldbank.org/indicator/SE.ADT.1524.LT.MA.ZS
[FULL_17_BM] t= 546.8s | pag=508 | files= 395 | data=388 | cola=11878 | prio=10 | https://data.worldbank.org/indicator/SE.ADT.1524.LT.ZS
[FULL_17_BM] t= 547.3s | pag=509 | files= 395 | data=389 | cola=11881 | prio=10 | https://data.worldbank.org/indicator/SE.PRM.PRSL.FE.ZS
[FULL_17_BM] t= 548.2s | pag=510 | files= 395 | data=390 | cola=11885 | prio=10 | https://data.worldbank.org/indicator/SE.PRM.PRSL.MA.ZS
[FULL_17_BM] t= 548.8s | pag=511 | files= 395 | data=391 | cola=11888 | prio=10 | https://data.worldbank.org/indicator/SP.POP.0014.TO.ZS
[FULL_17_BM] t= 549.4s | pag=512 | files= 395 | data=392 | cola=11891 | prio=10 | https://data.worldbank.org/indicator/SP.POP.1564.TO.ZS
[FULL_17_BM] t= 550.3s | pag=513 | files= 395 | data=393 | cola=11899 | prio=10 | https://data.worldbank.org/indicator/SE.PRM.CMPT.FE.ZS
[FULL_17_BM] t= 551.1s | pag=514 | files= 395 | data=394 | cola=11899 | prio=10 | https://data.worldbank.org/indicator/SE.PRM.CMPT.MA.ZS
[FULL_17_BM] t= 551.7s | pag=515 | files= 395 | data=395 | cola=11902 | prio=10 | https://data.worldbank.org/indicator/SE.SEC.PROG.FE.ZS
[FULL_17_BM] t= 552.6s | pag=516 | files= 395 | data=396 | cola=11912 | prio=10 | https://data.worldbank.org/indicator/SE.SEC.PROG.MA.ZS
[FULL_17_BM] t= 553.4s | pag=517 | files= 395 | data=397 | cola=11915 | prio=10 | https://data.worldbank.org/indicator/SE.PRM.ENRL.TC.ZS
[FULL_17_BM] t= 554.1s | pag=518 | files= 395 | data=398 | cola=11919 | prio=10 | https://data.worldbank.org/indicator/SE.PRM.REPT.FE.ZS
[FULL_17_BM] t= 555.0s | pag=519 | files= 395 | data=399 | cola=11923 | prio=10 | https://data.worldbank.org/indicator/SE.PRM.REPT.MA.ZS
[FULL_17_BM] DATASETS=400 | exportable_data_page | https://data.worldbank.org/indicator/SE.PRM.REPT.MA.ZS
[FULL_17_BM] t= 555.9s | pag=520 | files= 395 | data=400 | cola=11926 | prio=10 | https://data.worldbank.org/indicator/SE.PRE.ENRR
[FULL_17_BM] t= 556.8s | pag=521 | files= 395 | data=401 | cola=11936 | prio=10 | https://data.worldbank.org/indicator/SE.PRM.ENRR
[FULL_17_BM] t= 557.8s | pag=522 | files= 395 | data=402 | cola=11941 | prio=10 | https://data.worldbank.org/indicator/SE.PRM.NENR
[FULL_17_BM] t= 558.7s | pag=523 | files= 395 | data=403 | cola=11946 | prio=10 | https://data.worldbank.org/indicator/SE.ENR.PRIM.FM.ZS
[FULL_17_BM] t= 559.6s | pag=524 | files= 395 | data=404 | cola=11949 | prio=10 | https://data.worldbank.org/indicator/SE.SEC.ENRR
[FULL_17_BM] t= 560.6s | pag=525 | files= 395 | data=405 | cola=11954 | prio=10 | https://data.worldbank.org/indicator/SE.SEC.NENR
[FULL_17_BM] t= 561.4s | pag=526 | files= 395 | data=406 | cola=11959 | prio=10 | https://data.worldbank.org/indicator/SE.TER.ENRR
[FULL_17_BM] t= 561.8s | pag=527 | files= 395 | data=407 | cola=11970 | prio=10 | https://data.worldbank.org/indicator/SE.PRM.TCAQ.ZS
[FULL_17_BM] t= 562.3s | pag=528 | files= 395 | data=408 | cola=11975 | prio=10 | https://data.worldbank.org/indicator/SL.UEM.TOTL.FE.ZS
[FULL_17_BM] t= 562.9s | pag=529 | files= 395 | data=409 | cola=11984 | prio=10 | https://data.worldbank.org/indicator/SL.UEM.TOTL.MA.ZS
[FULL_17_BM] t= 563.8s | pag=530 | files= 395 | data=410 | cola=11987 | prio=10 | https://data.worldbank.org/indicator/SL.UEM.TOTL.ZS
[FULL_17_BM] t= 564.8s | pag=531 | files= 395 | data=411 | cola=11990 | prio=10 | https://data.worldbank.org/topic/energy-and-mining
[FULL_17_BM] t= 565.7s | pag=532 | files= 395 | data=412 | cola=11994 | prio=10 | https://data.worldbank.org/indicator/EG.USE.COMM.CL.ZS
[FULL_17_BM] t= 566.1s | pag=533 | files= 395 | data=413 | cola=11997 | prio=10 | https://data.worldbank.org/indicator/EG.IMP.CONS.ZS
[FULL_17_BM] t= 566.8s | pag=534 | files= 395 | data=414 | cola=12001 | prio=10 | https://data.worldbank.org/indicator/EG.EGY.PRIM.PP.KD
[FULL_17_BM] t= 567.6s | pag=535 | files= 395 | data=415 | cola=12004 | prio=10 | https://data.worldbank.org/indicator/EG.USE.COMM.FO.ZS
[FULL_17_BM] t= 568.6s | pag=536 | files= 395 | data=416 | cola=12007 | prio=10 | https://data.worldbank.org/indicator/TX.VAL.FUEL.ZS.UN
[FULL_17_BM] t= 569.2s | pag=537 | files= 395 | data=417 | cola=12018 | prio=10 | https://data.worldbank.org/indicator/EG.GDP.PUSE.KO.PP.KD
[FULL_17_BM] t= 569.8s | pag=538 | files= 395 | data=418 | cola=12025 | prio=10 | https://data.worldbank.org/indicator/IE.PPI.ENGY.CD
[FULL_17_BM] t= 570.6s | pag=539 | files= 395 | data=419 | cola=12035 | prio=10 | https://data.worldbank.org/indicator/TX.VAL.MMTL.ZS.UN
[FULL_17_BM] t= 571.1s | pag=540 | files= 395 | data=420 | cola=12039 | prio=10 | https://data.worldbank.org/indicator/NY.GDP.TOTL.RT.ZS
[FULL_17_BM] t= 571.7s | pag=541 | files= 395 | data=421 | cola=12044 | prio=10 | https://data.worldbank.org/topic/environment
[FULL_17_BM] t= 572.1s | pag=542 | files= 395 | data=422 | cola=12048 | prio=10 | https://data.worldbank.org/indicator/EN.BIR.THRD.NO
[FULL_17_BM] t= 573.1s | pag=543 | files= 395 | data=423 | cola=12053 | prio=10 | https://data.worldbank.org/indicator/EN.FSH.THRD.NO
[FULL_17_BM] t= 573.8s | pag=544 | files= 395 | data=424 | cola=12058 | prio=10 | https://data.worldbank.org/indicator/EN.MAM.THRD.NO
[FULL_17_BM] DATASETS=425 | exportable_data_page | https://data.worldbank.org/indicator/EN.MAM.THRD.NO
[FULL_17_BM] t= 574.4s | pag=545 | files= 395 | data=425 | cola=12061 | prio=10 | https://data.worldbank.org/indicator/EN.ATM.PM25.MC.M3
[FULL_17_BM] t= 575.0s | pag=546 | files= 395 | data=426 | cola=12065 | prio=10 | https://data.worldbank.org/indicator/EN.ATM.PM25.MC.ZS
[FULL_17_BM] t= 575.4s | pag=547 | files= 395 | data=427 | cola=12068 | prio=10 | https://data.worldbank.org/indicator/EN.HPT.THRD.NO
[FULL_17_BM] t= 576.1s | pag=548 | files= 395 | data=428 | cola=12071 | prio=10 | https://data.worldbank.org/indicator/EN.POP.SLUM.UR.ZS
[FULL_17_BM] t= 576.9s | pag=549 | files= 395 | data=429 | cola=12074 | prio=10 | https://data.worldbank.org/indicator/ER.H2O.INTR.PC
[FULL_17_BM] t= 577.4s | pag=550 | files= 395 | data=430 | cola=12077 | prio=10 | https://data.worldbank.org/indicator/ER.H2O.INTR.K3
[FULL_17_BM] t= 578.2s | pag=551 | files= 395 | data=431 | cola=12080 | prio=10 | https://data.worldbank.org/topic/external-debt
[FULL_17_BM] t= 580.1s | pag=552 | files= 395 | data=432 | cola=12084 | prio=10 | http://datatopics.worldbank.org/debt
[FULL_17_BM] t= 582.1s | pag=552 | files= 395 | data=432 | cola=12083 | prio=10 | https://data.worldbank.org/indicator/DT.DOD.DPNG.CD
[FULL_17_BM] t= 582.7s | pag=553 | files= 395 | data=433 | cola=12086 | prio=10 | https://data.worldbank.org/indicator/DT.DOD.DPPG.CD
[FULL_17_BM] t= 583.2s | pag=554 | files= 395 | data=434 | cola=12089 | prio=10 | https://data.worldbank.org/indicator/DT.DOD.DSTC.CD
[FULL_17_BM] t= 583.9s | pag=555 | files= 395 | data=435 | cola=12092 | prio=10 | https://data.worldbank.org/indicator/DT.DOD.MWBG.CD
[FULL_17_BM] t= 584.5s | pag=556 | files= 395 | data=436 | cola=12095 | prio=10 | https://data.worldbank.org/indicator/DT.DOD.DIMF.CD
[FULL_17_BM] t= 585.3s | pag=557 | files= 395 | data=437 | cola=12098 | prio=10 | https://data.worldbank.org/topic/financial-sector
[FULL_17_BM] t= 586.3s | pag=558 | files= 395 | data=438 | cola=12102 | prio=10 | http://datatopics.worldbank.org/g20fidata
[FULL_17_BM] t= 587.5s | pag=559 | files= 397 | data=439 | cola=12110 | prio=10 | https://data.worldbank.org/indicator/FB.ATM.TOTL.P5
[FULL_17_BM] t= 588.4s | pag=560 | files= 397 | data=440 | cola=12115 | prio=10 | https://data.worldbank.org/indicator/FB.BNK.CAPA.ZS
[FULL_17_BM] t= 589.0s | pag=561 | files= 397 | data=441 | cola=12118 | prio=10 | https://data.worldbank.org/indicator/FB.AST.NPER.ZS
[FULL_17_BM] t= 589.4s | pag=562 | files= 397 | data=442 | cola=12128 | prio=10 | https://data.worldbank.org/indicator/FM.LBL.BMNY.GD.ZS
[FULL_17_BM] t= 590.0s | pag=563 | files= 397 | data=443 | cola=12133 | prio=10 | https://data.worldbank.org/indicator/FM.LBL.BMNY.ZG
[FULL_17_BM] t= 590.7s | pag=564 | files= 397 | data=444 | cola=12137 | prio=10 | https://data.worldbank.org/indicator/FB.CBK.BRCH.P5
[FULL_17_BM] t= 591.6s | pag=565 | files= 397 | data=445 | cola=12140 | prio=10 | https://data.worldbank.org/indicator/FR.INR.DPST
[FULL_17_BM] t= 592.4s | pag=566 | files= 397 | data=446 | cola=12143 | prio=10 | https://data.worldbank.org/indicator/FS.AST.DOMS.GD.ZS
[FULL_17_BM] t= 593.0s | pag=567 | files= 397 | data=447 | cola=12147 | prio=10 | https://data.worldbank.org/indicator/FS.AST.PRVT.GD.ZS
[FULL_17_BM] t= 593.6s | pag=568 | files= 397 | data=448 | cola=12150 | prio=10 | https://data.worldbank.org/indicator/FR.INR.LNDP
[FULL_17_BM] t= 594.4s | pag=569 | files= 397 | data=449 | cola=12153 | prio=10 | https://data.worldbank.org/indicator/SM.POP.TOTL
[FULL_17_BM] DATASETS=450 | exportable_data_page | https://data.worldbank.org/indicator/SM.POP.TOTL
[FULL_17_BM] t= 595.1s | pag=570 | files= 397 | data=450 | cola=12156 | prio=10 | https://data.worldbank.org/indicator/FR.INR.LEND
[FULL_17_BM] t= 595.7s | pag=571 | files= 397 | data=451 | cola=12159 | prio=10 | https://data.worldbank.org/indicator/CM.MKT.LDOM.NO
[FULL_17_BM] t= 596.6s | pag=572 | files= 397 | data=452 | cola=12164 | prio=10 | https://data.worldbank.org/indicator/CM.MKT.LCAP.GD.ZS
[FULL_17_BM] t= 597.5s | pag=573 | files= 397 | data=453 | cola=12167 | prio=10 | https://data.worldbank.org/indicator/CM.MKT.LCAP.CD
[FULL_17_BM] t= 598.1s | pag=574 | files= 397 | data=454 | cola=12170 | prio=10 | https://data.worldbank.org/indicator/PA.NUS.FCRF
[FULL_17_BM] t= 598.8s | pag=575 | files= 397 | data=455 | cola=12173 | prio=10 | https://data.worldbank.org/indicator/FR.INR.RINR
[FULL_17_BM] t= 599.4s | pag=576 | files= 397 | data=456 | cola=12176 | prio=10 | https://data.worldbank.org/indicator/FR.INR.RISK
[FULL_17_BM] t= 599.9s | pag=577 | files= 397 | data=457 | cola=12179 | prio=10 | https://data.worldbank.org/indicator/CM.MKT.INDX.ZG
[FULL_17_BM] t= 600.4s | pag=578 | files= 397 | data=458 | cola=12182 | prio=10 | https://data.worldbank.org/indicator/CM.MKT.TRAD.GD.ZS
[FULL_17_BM] t= 601.1s | pag=579 | files= 397 | data=459 | cola=12185 | prio=10 | https://data.worldbank.org/indicator/CM.MKT.TRNR
[FULL_17_BM] t= 602.0s | pag=580 | files= 397 | data=460 | cola=12188 | prio=10 | https://data.worldbank.org/topic/gender
[FULL_17_BM] t= 602.9s | pag=581 | files= 397 | data=461 | cola=12192 | prio=10 | http://datatopics.worldbank.org/gender
[FULL_17_BM] t= 611.7s | pag=582 | files= 399 | data=462 | cola=12201 | prio=10 | https://data.worldbank.org/indicator/SP.ADO.TFRT
[FULL_17_BM] t= 612.7s | pag=583 | files= 399 | data=463 | cola=12205 | prio=10 | https://data.worldbank.org/indicator/SH.STA.BRTC.ZS
[FULL_17_BM] t= 613.4s | pag=584 | files= 399 | data=464 | cola=12208 | prio=10 | https://data.worldbank.org/indicator/SL.TLF.0714.FE.ZS
[FULL_17_BM] t= 613.9s | pag=585 | files= 399 | data=465 | cola=12214 | prio=10 | https://data.worldbank.org/indicator/SL.TLF.0714.MA.ZS
[FULL_17_BM] t= 614.4s | pag=586 | files= 399 | data=466 | cola=12217 | prio=10 | https://data.worldbank.org/indicator/SP.DYN.CONU.ZS
[FULL_17_BM] t= 615.1s | pag=587 | files= 399 | data=467 | cola=12221 | prio=10 | https://data.worldbank.org/indicator/SL.FAM.WORK.FE.ZS
[FULL_17_BM] t= 615.9s | pag=588 | files= 399 | data=468 | cola=12230 | prio=10 | https://data.worldbank.org/indicator/SL.FAM.WORK.MA.ZS
[FULL_17_BM] t= 616.9s | pag=589 | files= 399 | data=469 | cola=12233 | prio=10 | https://data.worldbank.org/indicator/SL.IND.EMPL.FE.ZS
[FULL_17_BM] t= 617.7s | pag=590 | files= 399 | data=470 | cola=12237 | prio=10 | https://data.worldbank.org/indicator/SL.IND.EMPL.MA.ZS
[FULL_17_BM] t= 618.1s | pag=591 | files= 399 | data=471 | cola=12240 | prio=10 | https://data.worldbank.org/indicator/SL.SRV.EMPL.FE.ZS
[FULL_17_BM] t= 618.9s | pag=592 | files= 399 | data=472 | cola=12245 | prio=10 | https://data.worldbank.org/indicator/SL.SRV.EMPL.MA.ZS
[FULL_17_BM] t= 619.4s | pag=593 | files= 399 | data=473 | cola=12248 | prio=10 | https://data.worldbank.org/indicator/SP.DYN.TFRT.IN
[FULL_17_BM] t= 619.9s | pag=594 | files= 399 | data=474 | cola=12251 | prio=10 | https://data.worldbank.org/indicator/IC.FRM.FEMO.ZS
[FULL_17_BM] DATASETS=475 | exportable_data_page | https://data.worldbank.org/indicator/IC.FRM.FEMO.ZS
[FULL_17_BM] t= 620.4s | pag=595 | files= 399 | data=475 | cola=12262 | prio=10 | https://data.worldbank.org/indicator/IC.FRM.FEMM.ZS
[FULL_17_BM] t= 621.3s | pag=596 | files= 399 | data=476 | cola=12266 | prio=10 | https://data.worldbank.org/indicator/SL.TLF.CACT.FE.ZS
[FULL_17_BM] t= 622.2s | pag=597 | files= 399 | data=477 | cola=12275 | prio=10 | https://data.worldbank.org/indicator/SL.TLF.CACT.MA.ZS
[FULL_17_BM] t= 623.1s | pag=598 | files= 399 | data=478 | cola=12278 | prio=10 | https://data.worldbank.org/indicator/SP.DYN.LE00.FE.IN
[FULL_17_BM] t= 623.8s | pag=599 | files= 399 | data=479 | cola=12281 | prio=10 | https://data.worldbank.org/indicator/SP.DYN.LE00.MA.IN
[FULL_17_BM] t= 624.3s | pag=600 | files= 399 | data=480 | cola=12284 | prio=10 | https://data.worldbank.org/indicator/SH.HIV.1524.FE.ZS
[FULL_17_BM] t= 625.2s | pag=601 | files= 399 | data=481 | cola=12294 | prio=10 | https://data.worldbank.org/indicator/SH.HIV.1524.MA.ZS
[FULL_17_BM] t= 625.9s | pag=602 | files= 399 | data=482 | cola=12297 | prio=10 | https://data.worldbank.org/indicator/SG.GEN.PARL.ZS
[FULL_17_BM] t= 626.5s | pag=603 | files= 399 | data=483 | cola=12305 | prio=10 | https://data.worldbank.org/indicator/SG.TIM.UWRK.FE
[FULL_17_BM] t= 627.0s | pag=604 | files= 399 | data=484 | cola=12308 | prio=10 | https://data.worldbank.org/indicator/SG.TIM.UWRK.MA
[FULL_17_BM] t= 627.4s | pag=605 | files= 399 | data=485 | cola=12311 | prio=10 | https://data.worldbank.org/indicator/SP.MTR.1519.ZS
[FULL_17_BM] t= 627.9s | pag=606 | files= 399 | data=486 | cola=12314 | prio=10 | https://data.worldbank.org/indicator/SL.UEM.1524.FE.ZS
[FULL_17_BM] t= 628.3s | pag=607 | files= 399 | data=487 | cola=12322 | prio=10 | https://data.worldbank.org/indicator/SL.UEM.1524.MA.ZS
[FULL_17_BM] t= 629.1s | pag=608 | files= 399 | data=488 | cola=12325 | prio=10 | https://data.worldbank.org/indicator/SL.EMP.VULN.FE.ZS
[FULL_17_BM] t= 629.7s | pag=609 | files= 399 | data=489 | cola=12336 | prio=10 | https://data.worldbank.org/indicator/SL.EMP.VULN.MA.ZS
[FULL_17_BM] t= 630.6s | pag=610 | files= 399 | data=490 | cola=12339 | prio=10 | https://data.worldbank.org/indicator/SL.EMP.WORK.FE.ZS
[FULL_17_BM] t= 631.0s | pag=611 | files= 399 | data=491 | cola=12343 | prio=10 | https://data.worldbank.org/indicator/SL.EMP.WORK.MA.ZS
[FULL_17_BM] t= 631.9s | pag=612 | files= 399 | data=492 | cola=12346 | prio=10 | https://data.worldbank.org/indicator/SG.DMK.SRCR.FN.ZS
[FULL_17_BM] t= 632.5s | pag=613 | files= 399 | data=493 | cola=12349 | prio=10 | https://data.worldbank.org/topic/health
[FULL_17_BM] t= 633.4s | pag=614 | files= 399 | data=494 | cola=12353 | prio=10 | http://datatopics.worldbank.org/hnp
[FULL_17_BM] t= 635.0s | pag=615 | files= 399 | data=494 | cola=12363 | prio=10 | https://data.worldbank.org/indicator/SP.POP.DPND
[FULL_17_BM] t= 635.5s | pag=616 | files= 399 | data=495 | cola=12368 | prio=10 | https://data.worldbank.org/indicator/SP.DYN.CBRT.IN
[FULL_17_BM] t= 636.4s | pag=617 | files= 399 | data=496 | cola=12371 | prio=10 | https://data.worldbank.org/indicator/SH.DTH.COMM.ZS
[FULL_17_BM] t= 636.9s | pag=618 | files= 399 | data=497 | cola=12380 | prio=10 | https://data.worldbank.org/indicator/SH.DTH.INJR.ZS
[FULL_17_BM] t= 637.3s | pag=619 | files= 399 | data=498 | cola=12383 | prio=10 | https://data.worldbank.org/indicator/SH.DTH.NCOM.ZS
[FULL_17_BM] t= 637.8s | pag=620 | files= 399 | data=499 | cola=12386 | prio=10 | https://data.worldbank.org/indicator/SP.REG.BRTH.ZS
[FULL_17_BM] DATASETS=500 | exportable_data_page | https://data.worldbank.org/indicator/SP.REG.BRTH.ZS
[FULL_17_BM] t= 638.6s | pag=621 | files= 399 | data=500 | cola=12394 | prio=10 | https://data.worldbank.org/indicator/SP.REG.DTHS.ZS
[FULL_17_BM] t= 639.3s | pag=622 | files= 399 | data=501 | cola=12397 | prio=10 | https://data.worldbank.org/indicator/SP.DYN.CDRT.IN
[FULL_17_BM] t= 640.1s | pag=623 | files= 399 | data=502 | cola=12400 | prio=10 | https://data.worldbank.org/indicator/SH.STA.DIAB.ZS
[FULL_17_BM] t= 640.5s | pag=624 | files= 399 | data=503 | cola=12403 | prio=10 | https://data.worldbank.org/indicator/SH.MED.BEDS.ZS
[FULL_17_BM] t= 641.3s | pag=625 | files= 399 | data=504 | cola=12409 | prio=10 | https://data.worldbank.org/indicator/SH.IMM.IDPT
[FULL_17_BM] t= 641.7s | pag=626 | files= 399 | data=505 | cola=12414 | prio=10 | https://data.worldbank.org/indicator/SH.IMM.MEAS
[FULL_17_BM] t= 642.2s | pag=627 | files= 399 | data=506 | cola=12417 | prio=10 | https://data.worldbank.org/indicator/SP.DYN.LE00.IN
[FULL_17_BM] t= 642.7s | pag=628 | files= 399 | data=507 | cola=12420 | prio=10 | https://data.worldbank.org/indicator/SH.STA.TRAF.P5
[FULL_17_BM] t= 643.6s | pag=629 | files= 399 | data=508 | cola=12423 | prio=10 | https://data.worldbank.org/indicator/SP.DYN.IMRT.IN
[FULL_17_BM] t= 644.4s | pag=630 | files= 399 | data=509 | cola=12426 | prio=10 | https://data.worldbank.org/indicator/SH.DYN.NMRT
[FULL_17_BM] t= 645.1s | pag=631 | files= 399 | data=510 | cola=12429 | prio=10 | https://data.worldbank.org/indicator/SH.SGR.PROC.P5
[FULL_17_BM] t= 645.8s | pag=632 | files= 399 | data=511 | cola=12432 | prio=10 | https://data.worldbank.org/indicator/SP.POP.65UP.TO.ZS
[FULL_17_BM] t= 646.4s | pag=633 | files= 399 | data=512 | cola=12440 | prio=10 | https://data.worldbank.org/indicator/SP.POP.TOTL.FE.ZS
[FULL_17_BM] t= 647.0s | pag=634 | files= 399 | data=513 | cola=12443 | prio=10 | https://data.worldbank.org/indicator/SH.ANM.CHLD.ZS
[FULL_17_BM] t= 647.6s | pag=635 | files= 399 | data=514 | cola=12449 | prio=10 | https://data.worldbank.org/indicator/SH.STA.OWGH.ZS
[FULL_17_BM] t= 663.0s | pag=635 | files= 399 | data=514 | cola=12448 | prio=10 | https://data.worldbank.org/indicator/SH.SVR.WAST.ZS
[FULL_17_BM] t= 664.0s | pag=636 | files= 399 | data=515 | cola=12453 | prio=10 | https://data.worldbank.org/indicator/SN.ITK.DEFC.ZS
[FULL_17_BM] t= 664.6s | pag=637 | files= 399 | data=516 | cola=12461 | prio=10 | https://data.worldbank.org/indicator/SH.STA.WAST.ZS
[FULL_17_BM] t= 665.4s | pag=638 | files= 399 | data=517 | cola=12466 | prio=10 | https://data.worldbank.org/indicator/SH.SGR.CRSK.ZS
[FULL_17_BM] t= 666.1s | pag=639 | files= 399 | data=518 | cola=12469 | prio=10 | https://data.worldbank.org/indicator/SH.SGR.IRSK.ZS
[FULL_17_BM] t= 666.8s | pag=640 | files= 399 | data=519 | cola=12472 | prio=10 | https://data.worldbank.org/indicator/SH.MED.SAOP.P5
[FULL_17_BM] t= 667.3s | pag=641 | files= 399 | data=520 | cola=12475 | prio=10 | https://data.worldbank.org/indicator/SP.UWT.TFRT
[FULL_17_BM] t= 668.0s | pag=642 | files= 399 | data=521 | cola=12478 | prio=10 | https://data.worldbank.org/topic/infrastructure
[FULL_17_BM] t= 668.4s | pag=643 | files= 399 | data=522 | cola=12482 | prio=10 | https://data.worldbank.org/indicator/IS.AIR.DPRT
[FULL_17_BM] t= 669.4s | pag=644 | files= 399 | data=523 | cola=12491 | prio=10 | https://data.worldbank.org/indicator/IS.SHP.GOOD.TU
[FULL_17_BM] t= 670.0s | pag=645 | files= 399 | data=524 | cola=12494 | prio=10 | https://data.worldbank.org/indicator/IT.NET.BBND.P2
[FULL_17_BM] DATASETS=525 | exportable_data_page | https://data.worldbank.org/indicator/IT.NET.BBND.P2
[FULL_17_BM] t= 671.0s | pag=646 | files= 399 | data=525 | cola=12502 | prio=10 | https://data.worldbank.org/indicator/IT.MLT.MAIN.P2
[FULL_17_BM] t= 671.9s | pag=647 | files= 399 | data=526 | cola=12506 | prio=10 | https://data.worldbank.org/indicator/IE.PPI.TRAN.CD
[FULL_17_BM] t= 672.5s | pag=648 | files= 399 | data=527 | cola=12509 | prio=10 | https://data.worldbank.org/indicator/IE.PPI.WATR.CD
[FULL_17_BM] t= 673.4s | pag=649 | files= 399 | data=528 | cola=12512 | prio=10 | https://data.worldbank.org/indicator/IT.CEL.SETS.P2
[FULL_17_BM] t= 673.8s | pag=650 | files= 399 | data=529 | cola=12515 | prio=10 | https://data.worldbank.org/indicator/IE.PPN.ICTI.CD
[FULL_17_BM] t= 674.5s | pag=651 | files= 399 | data=530 | cola=12518 | prio=10 | https://data.worldbank.org/indicator/IS.RRS.TOTL.KM
[FULL_17_BM] t= 675.0s | pag=652 | files= 399 | data=531 | cola=12521 | prio=10 | https://data.worldbank.org/indicator/IT.NET.SECR.P6
[FULL_17_BM] t= 675.6s | pag=653 | files= 399 | data=532 | cola=12524 | prio=10 | https://data.worldbank.org/topic/poverty
[FULL_17_BM] t= 676.4s | pag=654 | files= 399 | data=533 | cola=12527 | prio=10 | https://data.worldbank.org/indicator/SI.SPR.PC40.ZG
[FULL_17_BM] t= 677.1s | pag=655 | files= 399 | data=534 | cola=12533 | prio=10 | https://data.worldbank.org/indicator/SI.SPR.PCAP.ZG
[FULL_17_BM] t= 678.0s | pag=656 | files= 399 | data=535 | cola=12536 | prio=10 | https://data.worldbank.org/indicator/SI.POV.GINI
[FULL_17_BM] t= 678.6s | pag=657 | files= 399 | data=536 | cola=12539 | prio=10 | https://data.worldbank.org/indicator/SI.DST.04TH.20
[FULL_17_BM] t= 679.7s | pag=658 | files= 399 | data=537 | cola=12542 | prio=10 | https://data.worldbank.org/indicator/SI.DST.10TH.10
[FULL_17_BM] t= 680.5s | pag=659 | files= 399 | data=538 | cola=12545 | prio=10 | https://data.worldbank.org/indicator/SI.DST.05TH.20
[FULL_17_BM] t= 681.4s | pag=660 | files= 399 | data=539 | cola=12548 | prio=10 | https://data.worldbank.org/indicator/SI.DST.FRST.10
[FULL_17_BM] t= 681.7s | pag=661 | files= 399 | data=540 | cola=12551 | prio=10 | https://data.worldbank.org/indicator/SI.DST.02ND.20
[FULL_17_BM] t= 682.4s | pag=662 | files= 399 | data=541 | cola=12554 | prio=10 | https://data.worldbank.org/indicator/SI.DST.03RD.20
[FULL_17_BM] t= 682.9s | pag=663 | files= 399 | data=542 | cola=12557 | prio=10 | https://data.worldbank.org/indicator/SI.POV.GAPS
[FULL_17_BM] t= 683.3s | pag=664 | files= 399 | data=543 | cola=12560 | prio=10 | https://data.worldbank.org/indicator/SI.POV.NAHC
[FULL_17_BM] t= 683.8s | pag=665 | files= 399 | data=544 | cola=12564 | prio=10 | https://data.worldbank.org/indicator/SI.SPR.PC40
[FULL_17_BM] t= 684.5s | pag=666 | files= 399 | data=545 | cola=12567 | prio=10 | https://data.worldbank.org/indicator/SI.SPR.PCAP
[FULL_17_BM] t= 685.4s | pag=667 | files= 399 | data=546 | cola=12570 | prio=10 | https://data.worldbank.org/topic/private-sector
[FULL_17_BM] t= 686.1s | pag=668 | files= 399 | data=547 | cola=12574 | prio=10 | https://data.worldbank.org/indicator/IC.ELC.OUTG.ZS
[FULL_17_BM] t= 686.5s | pag=669 | files= 399 | data=548 | cola=12584 | prio=10 | https://data.worldbank.org/indicator/IC.FRM.BKWC.ZS
[FULL_17_BM] t= 687.0s | pag=670 | files= 399 | data=549 | cola=12588 | prio=10 | https://data.worldbank.org/indicator/IC.FRM.METG.ZS
[FULL_17_BM] DATASETS=550 | exportable_data_page | https://data.worldbank.org/indicator/IC.FRM.METG.ZS
[FULL_17_BM] t= 687.9s | pag=671 | files= 399 | data=550 | cola=12591 | prio=10 | https://data.worldbank.org/indicator/TX.VAL.TECH.MF.ZS
[FULL_17_BM] t= 688.7s | pag=672 | files= 399 | data=551 | cola=12594 | prio=10 | https://data.worldbank.org/indicator/TX.VAL.TECH.CD
[FULL_17_BM] t= 689.4s | pag=673 | files= 399 | data=552 | cola=12597 | prio=10 | https://data.worldbank.org/indicator/ST.INT.XPND.MP.ZS
[FULL_17_BM] t= 690.4s | pag=674 | files= 399 | data=553 | cola=12608 | prio=10 | https://data.worldbank.org/indicator/ST.INT.RCPT.XP.ZS
[FULL_17_BM] t= 691.2s | pag=675 | files= 399 | data=554 | cola=12612 | prio=10 | https://data.worldbank.org/indicator/LP.EXP.DURS.MD
[FULL_17_BM] t= 691.6s | pag=676 | files= 399 | data=555 | cola=12623 | prio=10 | https://data.worldbank.org/indicator/LP.IMP.DURS.MD
[FULL_17_BM] t= 692.5s | pag=677 | files= 399 | data=556 | cola=12626 | prio=10 | https://data.worldbank.org/indicator/LP.LPI.OVRL.XQ
[FULL_17_BM] t= 693.2s | pag=678 | files= 399 | data=557 | cola=12629 | prio=10 | https://data.worldbank.org/indicator/TX.MNF.TECH.ZS.UN
[FULL_17_BM] t= 694.0s | pag=679 | files= 399 | data=558 | cola=12634 | prio=10 | https://data.worldbank.org/indicator/TX.VAL.MRCH.CD.WT
[FULL_17_BM] t= 694.8s | pag=680 | files= 399 | data=559 | cola=12643 | prio=10 | https://data.worldbank.org/indicator/TM.VAL.MRCH.CD.WT
[FULL_17_BM] t= 695.3s | pag=681 | files= 399 | data=560 | cola=12654 | prio=10 | https://data.worldbank.org/indicator/TG.VAL.TOTL.GD.ZS
[FULL_17_BM] t= 696.2s | pag=682 | files= 399 | data=561 | cola=12662 | prio=10 | https://data.worldbank.org/indicator/TT.PRI.MRCH.XD.WD
[FULL_17_BM] t= 697.1s | pag=683 | files= 399 | data=562 | cola=12673 | prio=10 | https://data.worldbank.org/indicator/IC.BUS.NREG
[FULL_17_BM] t= 698.0s | pag=684 | files= 399 | data=563 | cola=12678 | prio=10 | https://data.worldbank.org/indicator/IC.GOV.DURS.ZS
[FULL_17_BM] t= 698.6s | pag=685 | files= 399 | data=564 | cola=12682 | prio=10 | https://data.worldbank.org/topic/public-sector
[FULL_17_BM] t= 699.5s | pag=686 | files= 399 | data=565 | cola=12686 | prio=10 | http://datatopics.worldbank.org/statisticalcapacity
[FULL_17_BM] t= 700.6s | pag=686 | files= 399 | data=565 | cola=12685 | prio=10 | http://datatopics.worldbank.org/cpia
[FULL_17_BM] t= 701.7s | pag=687 | files= 399 | data=566 | cola=12738 | prio=10 | https://data.worldbank.org/indicator/IQ.CPA.ECON.XQ
[FULL_17_BM] t= 702.7s | pag=688 | files= 399 | data=567 | cola=12743 | prio=10 | https://data.worldbank.org/indicator/IQ.CPA.SOCI.XQ
[FULL_17_BM] t= 703.2s | pag=689 | files= 399 | data=568 | cola=12746 | prio=10 | https://data.worldbank.org/indicator/IQ.CPA.STRC.XQ
[FULL_17_BM] t= 704.0s | pag=690 | files= 399 | data=569 | cola=12749 | prio=10 | https://data.worldbank.org/indicator/IQ.CPA.IRAI.XQ
[FULL_17_BM] t= 704.4s | pag=691 | files= 399 | data=570 | cola=12752 | prio=10 | https://data.worldbank.org/indicator/VC.IHR.PSRC.P5
[FULL_17_BM] t= 705.2s | pag=692 | files= 399 | data=571 | cola=12761 | prio=10 | https://data.worldbank.org/indicator/MS.MIL.XPND.GD.ZS
[FULL_17_BM] t= 705.6s | pag=693 | files= 399 | data=572 | cola=12771 | prio=10 | https://data.worldbank.org/indicator/MS.MIL.XPND.ZS
[FULL_17_BM] t= 706.0s | pag=694 | files= 399 | data=573 | cola=12774 | prio=10 | https://data.worldbank.org/indicator/GC.AST.TOTL.GD.ZS
[FULL_17_BM] t= 706.6s | pag=695 | files= 399 | data=574 | cola=12777 | prio=10 | https://data.worldbank.org/indicator/GC.LBL.TOTL.GD.ZS
[FULL_17_BM] DATASETS=575 | exportable_data_page | https://data.worldbank.org/indicator/GC.LBL.TOTL.GD.ZS
[FULL_17_BM] t= 707.1s | pag=696 | files= 399 | data=575 | cola=12780 | prio=10 | https://data.worldbank.org/indicator/GC.NFN.TOTL.GD.ZS
[FULL_17_BM] t= 707.9s | pag=697 | files= 399 | data=576 | cola=12783 | prio=10 | https://data.worldbank.org/indicator/GC.NLD.TOTL.GD.ZS
[FULL_17_BM] t= 708.6s | pag=698 | files= 399 | data=577 | cola=12786 | prio=10 | https://data.worldbank.org/indicator/GC.TAX.TOTL.GD.ZS
[FULL_17_BM] t= 709.3s | pag=699 | files= 399 | data=578 | cola=12798 | prio=10 | https://data.worldbank.org/topic/science-and-technology
[FULL_17_BM] t= 710.1s | pag=700 | files= 399 | data=579 | cola=12801 | prio=10 | https://data.worldbank.org/indicator/IP.PAT.NRES
[FULL_17_BM] t= 711.0s | pag=701 | files= 399 | data=580 | cola=12808 | prio=10 | https://data.worldbank.org/indicator/IP.PAT.RESD
[FULL_17_BM] t= 711.6s | pag=702 | files= 399 | data=581 | cola=12811 | prio=10 | https://data.worldbank.org/indicator/GB.XPD.RSDV.GD.ZS
[FULL_17_BM] t= 712.5s | pag=703 | files= 399 | data=582 | cola=12815 | prio=10 | https://data.worldbank.org/indicator/SP.POP.SCIE.RD.P6
[FULL_17_BM] t= 713.1s | pag=704 | files= 399 | data=583 | cola=12818 | prio=10 | https://data.worldbank.org/indicator/IP.JRN.ARTC.SC
[FULL_17_BM] t= 713.7s | pag=705 | files= 399 | data=584 | cola=12821 | prio=10 | https://data.worldbank.org/indicator/SP.POP.TECH.RD.P6
[FULL_17_BM] t= 714.1s | pag=706 | files= 399 | data=585 | cola=12824 | prio=10 | https://data.worldbank.org/topic/social-development
[FULL_17_BM] t= 715.0s | pag=707 | files= 399 | data=586 | cola=12828 | prio=10 | https://data.worldbank.org/indicator/SL.TLF.0714.ZS
[FULL_17_BM] t= 715.5s | pag=708 | files= 399 | data=587 | cola=12831 | prio=10 | https://data.worldbank.org/topic/social-protection-and-labor
[FULL_17_BM] t= 716.1s | pag=709 | files= 399 | data=588 | cola=12836 | prio=10 | https://www.worldbank.org/en/data/datatopics/aspire
[FULL_17_BM] t= 716.9s | pag=710 | files= 399 | data=589 | cola=12993 | prio=10 | https://datatopics.worldbank.org/jobsdiagnostics/
[FULL_17_BM] t= 746.9s | pag=711 | files= 443 | data=590 | cola=13008 | prio=10 | https://data.worldbank.org/indicator/SL.EMP.TOTL.SP.ZS
[FULL_17_BM] t= 747.8s | pag=712 | files= 443 | data=591 | cola=13016 | prio=10 | https://data.worldbank.org/indicator/SL.GDP.PCAP.EM.KD
[FULL_17_BM] t= 748.4s | pag=713 | files= 443 | data=592 | cola=13019 | prio=10 | https://data.worldbank.org/topic/trade
[FULL_17_BM] t= 749.2s | pag=714 | files= 443 | data=593 | cola=13023 | prio=10 | http://tcdata360.worldbank.org/
[FULL_17_BM] t= 780.1s | pag=714 | files= 443 | data=593 | cola=13022 | prio=10 | https://data.worldbank.org/topic/urban-development
[FULL_17_BM] t= 781.0s | pag=715 | files= 443 | data=594 | cola=13026 | prio=10 | https://data.worldbank.org/indicator/EN.POP.DNST
[FULL_17_BM] t= 781.6s | pag=716 | files= 443 | data=595 | cola=13029 | prio=10 | https://data.worldbank.org/indicator/EN.URB.LCTY.UR.ZS
[FULL_17_BM] t= 782.1s | pag=717 | files= 443 | data=596 | cola=13032 | prio=10 | https://datacatalog.worldbank.org/int/public-licenses
[FULL_17_BM] t= 783.8s | pag=718 | files= 443 | data=596 | cola=13031 | prio=10 | https://data.worldbank.org/indicator/SE.PRM.CMPT.MA.ZS?end=2023&locations=1W&start=1972&view=chart
[FULL_17_BM] t= 799.3s | pag=718 | files= 443 | data=596 | cola=13030 | prio=10 | https://data.worldbank.org/indicator/SE.PRM.CMPT.ZS?end=2023&locations=1W&start=1972&view=chart
[FULL_17_BM] t= 800.7s | pag=719 | files= 443 | data=597 | cola=13030 | prio=10 | https://data.worldbank.org/indicator/SE.PRM.AGES?end=2023&locations=1W&start=1972&view=chart
[FULL_17_BM] t= 801.5s | pag=720 | files= 443 | data=598 | cola=13033 | prio=10 | https://data.worldbank.org/indicator/SE.PRM.CUAT.FE.ZS?end=2023&locations=1W&start=1972&view=chart
[FULL_17_BM] t= 817.4s | pag=720 | files= 443 | data=598 | cola=13032 | prio=10 | https://data.worldbank.org/indicator/SE.PRM.CUAT.MA.ZS?end=2023&locations=1W&start=1972&view=chart
[FULL_17_BM] t= 833.0s | pag=721 | files= 443 | data=599 | cola=13035 | prio=10 | https://data.worldbank.org/indicator/SE.PRM.CUAT.ZS?end=2023&locations=1W&start=1972&view=chart
[FULL_17_BM] t= 848.6s | pag=721 | files= 443 | data=599 | cola=13034 | prio=10 | https://data.worldbank.org/indicator/SE.PRM.DURS?end=2023&locations=1W&start=1972&view=chart
[FULL_17_BM] DATASETS=600 | exportable_data_page | https://data.worldbank.org/indicator/SE.PRM.DURS?end=2023&locations=1W&start=1972&view=chart
[FULL_17_BM] t= 849.9s | pag=722 | files= 443 | data=600 | cola=13037 | prio=10 | https://data.worldbank.org/indicator/SE.PRM.ENRL?end=2023&locations=1W&start=1972&view=chart
[FULL_17_BM] t= 850.7s | pag=723 | files= 443 | data=601 | cola=13042 | prio=10 | https://api.worldbank.org/v2/en/indicator/SE.PRM.CMPT.FE.ZS?downloadformat=csv
[FULL_17_BM] t= 854.3s | pag=723 | files= 444 | data=601 | cola=13041 | prio=10 | https://api.worldbank.org/v2/en/indicator/SE.PRM.CMPT.FE.ZS?downloadformat=xml
[FULL_17_BM] t= 857.4s | pag=723 | files= 445 | data=601 | cola=13040 | prio=10 | https://api.worldbank.org/v2/en/indicator/SE.PRM.CMPT.FE.ZS?downloadformat=excel
[FULL_17_BM] t= 858.7s | pag=723 | files= 445 | data=601 | cola=13039 | prio=10 | http://databank.worldbank.org/data/reports.aspx?country=WLD&series=SE.PRM.CMPT.FE.ZS&source=2
[FULL_17_BM] t= 860.7s | pag=724 | files= 445 | data=602 | cola=13039 | prio=10 | http://wdi.worldbank.org/table/2.10
[FULL_17_BM] t= 866.5s | pag=725 | files= 445 | data=603 | cola=13040 | prio=10 | https://data.worldbank.org/indicator/SI.POV.GAPS?end=2023&locations=1W&start=1981&view=chart
[FULL_17_BM] t= 881.8s | pag=725 | files= 445 | data=603 | cola=13039 | prio=10 | https://data.worldbank.org/indicator/SI.POV.GINI?end=2023&locations=1W&start=1981&view=chart
[FULL_17_BM] t= 897.7s | pag=725 | files= 445 | data=603 | cola=13038 | prio=10 | https://data.worldbank.org/indicator/SI.POV.LMIC?end=2023&locations=1W&start=1981&view=chart
[FULL_17_BM] t= 899.1s | pag=726 | files= 445 | data=604 | cola=13041 | prio=10 | https://data.worldbank.org/indicator/SI.POV.LMIC.GP?end=2023&locations=1W&start=1981&view=chart
[FULL_17_BM] t= 914.6s | pag=726 | files= 445 | data=604 | cola=13040 | prio=10 | https://data.worldbank.org/indicator/SI.POV.MPUN?end=2023&locations=1W&start=1981&view=chart
[FULL_17_BM] t= 915.6s | pag=727 | files= 445 | data=605 | cola=13043 | prio=10 | https://data.worldbank.org/indicator/SI.POV.MPWB?end=2023&locations=1W&start=1981&view=chart
[FULL_17_BM] t= 916.1s | pag=728 | files= 445 | data=606 | cola=13046 | prio=10 | https://data.worldbank.org/indicator/SI.POV.NAHC?end=2023&locations=1W&start=1981&view=chart
[FULL_17_BM] t= 931.4s | pag=728 | files= 445 | data=606 | cola=13045 | prio=10 | https://data.worldbank.org/indicator/SI.POV.SOPO?end=2023&locations=1W&start=1981&view=chart
[FULL_17_BM] t= 947.4s | pag=728 | files= 445 | data=606 | cola=13044 | prio=10 | https://api.worldbank.org/v2/en/indicator/SI.POV.DDAY?downloadformat=csv
[FULL_17_BM] t= 950.0s | pag=728 | files= 446 | data=606 | cola=13043 | prio=10 | https://api.worldbank.org/v2/en/indicator/SI.POV.DDAY?downloadformat=xml
[FULL_17_BM] t= 951.6s | pag=728 | files= 447 | data=606 | cola=13042 | prio=10 | https://api.worldbank.org/v2/en/indicator/SI.POV.DDAY?downloadformat=excel
[FULL_17_BM] t= 952.7s | pag=728 | files= 447 | data=606 | cola=13041 | prio=10 | http://databank.worldbank.org/data/reports.aspx?country=WLD&series=SI.POV.DDAY&source=2
[FULL_17_BM] t= 954.6s | pag=729 | files= 447 | data=607 | cola=13040 | prio=10 | http://wdi.worldbank.org/table/1.2
[FULL_17_BM] t= 958.8s | pag=730 | files= 447 | data=608 | cola=13041 | prio=10 | https://data.worldbank.org/indicator/EN.GHG.CO2.MT.CE.AR5
[FULL_17_BM] t= 959.8s | pag=731 | files= 447 | data=609 | cola=13049 | prio=10 | https://data.worldbank.org/indicator/EN.GHG.CO2.AG.MT.CE.AR5?end=2023&locations=1W&start=1960&view=chart
[FULL_17_BM] t= 960.5s | pag=732 | files= 447 | data=610 | cola=13053 | prio=10 | https://data.worldbank.org/indicator/EN.GHG.CO2.BU.MT.CE.AR5?end=2023&locations=1W&start=1960&view=chart
[FULL_17_BM] t= 975.9s | pag=732 | files= 447 | data=610 | cola=13052 | prio=10 | https://data.worldbank.org/indicator/EN.GHG.CO2.FE.MT.CE.AR5?end=2023&locations=1W&start=1960&view=chart
[FULL_17_BM] t= 977.3s | pag=733 | files= 447 | data=611 | cola=13055 | prio=10 | https://data.worldbank.org/indicator/EN.GHG.CO2.IC.MT.CE.AR5?end=2023&locations=1W&start=1960&view=chart
[FULL_17_BM] t= 993.0s | pag=733 | files= 447 | data=611 | cola=13054 | prio=10 | https://data.worldbank.org/indicator/EN.GHG.CO2.IP.MT.CE.AR5?end=2023&locations=1W&start=1960&view=chart
[FULL_17_BM] t= 994.3s | pag=734 | files= 447 | data=612 | cola=13057 | prio=10 | https://data.worldbank.org/indicator/EN.GHG.CO2.LU.DF.MT.CE.AR5?end=2023&locations=1W&start=1960&view=chart
[FULL_17_BM] t=1009.6s | pag=734 | files= 447 | data=612 | cola=13056 | prio=10 | https://data.worldbank.org/indicator/EN.GHG.CO2.LU.FL.MT.CE.AR5?end=2023&locations=1W&start=1960&view=chart
[FULL_17_BM] t=1011.1s | pag=735 | files= 447 | data=613 | cola=13060 | prio=10 | https://data.worldbank.org/indicator/EN.GHG.CO2.LU.MT.CE.AR5?end=2023&locations=1W&start=1960&view=chart
[FULL_17_BM] t=1011.7s | pag=736 | files= 447 | data=614 | cola=13063 | prio=10 | https://api.worldbank.org/v2/en/indicator/EN.GHG.CO2.MT.CE.AR5?downloadformat=csv
[FULL_17_BM] t=1014.2s | pag=736 | files= 448 | data=614 | cola=13062 | prio=10 | https://api.worldbank.org/v2/en/indicator/EN.GHG.CO2.MT.CE.AR5?downloadformat=xml
[FULL_17_BM] t=1016.9s | pag=736 | files= 449 | data=614 | cola=13061 | prio=10 | https://api.worldbank.org/v2/en/indicator/EN.GHG.CO2.MT.CE.AR5?downloadformat=excel
[FULL_17_BM] t=1018.2s | pag=736 | files= 449 | data=614 | cola=13060 | prio=10 | http://databank.worldbank.org/data/reports.aspx?country=WLD&series=EN.GHG.CO2.MT.CE.AR5&source=2
[FULL_17_BM] t=1019.7s | pag=737 | files= 449 | data=615 | cola=13059 | prio=10 | https://data.worldbank.org/indicator/EG.ELC.ACCS.RU.ZS?end=2023&locations=1W&start=1990&view=chart
[FULL_17_BM] t=1033.5s | pag=738 | files= 449 | data=616 | cola=13062 | prio=10 | https://data.worldbank.org/indicator/EG.ELC.ACCS.UR.ZS?end=2023&locations=1W&start=1990&view=chart
[FULL_17_BM] t=1033.8s | pag=739 | files= 449 | data=617 | cola=13065 | prio=10 | https://data.worldbank.org/indicator/EG.ELC.COAL.ZS?end=2023&locations=1W&start=1990&view=chart
[FULL_17_BM] t=1034.3s | pag=740 | files= 449 | data=618 | cola=13068 | prio=10 | https://data.worldbank.org/indicator/EG.ELC.FOSL.ZS?end=2023&locations=1W&start=1990&view=chart
[FULL_17_BM] t=1034.9s | pag=741 | files= 449 | data=619 | cola=13071 | prio=10 | https://data.worldbank.org/indicator/EG.ELC.HYRO.ZS?end=2023&locations=1W&start=1990&view=chart
[FULL_17_BM] t=1035.7s | pag=742 | files= 449 | data=620 | cola=13074 | prio=10 | https://data.worldbank.org/indicator/EG.ELC.LOSS.ZS?end=2023&locations=1W&start=1990&view=chart
[FULL_17_BM] t=1051.4s | pag=742 | files= 449 | data=620 | cola=13073 | prio=10 | https://data.worldbank.org/indicator/EG.ELC.NGAS.ZS?end=2023&locations=1W&start=1990&view=chart
[FULL_17_BM] t=1052.8s | pag=742 | files= 449 | data=620 | cola=13072 | prio=10 | https://data.worldbank.org/indicator/EG.ELC.NUCL.ZS?end=2023&locations=1W&start=1990&view=chart
[FULL_17_BM] t=1068.6s | pag=742 | files= 449 | data=620 | cola=13071 | prio=10 | https://api.worldbank.org/v2/en/indicator/EG.ELC.ACCS.ZS?downloadformat=csv
[FULL_17_BM] t=1071.6s | pag=742 | files= 450 | data=620 | cola=13070 | prio=10 | https://api.worldbank.org/v2/en/indicator/EG.ELC.ACCS.ZS?downloadformat=xml
[FULL_17_BM] t=1074.2s | pag=742 | files= 451 | data=620 | cola=13069 | prio=10 | https://api.worldbank.org/v2/en/indicator/EG.ELC.ACCS.ZS?downloadformat=excel
[FULL_17_BM] t=1075.4s | pag=742 | files= 451 | data=620 | cola=13068 | prio=10 | http://databank.worldbank.org/data/reports.aspx?country=WLD&series=EG.ELC.ACCS.ZS&source=2
[FULL_17_BM] t=1077.5s | pag=743 | files= 451 | data=621 | cola=13067 | prio=10 | http://wdi.worldbank.org/table/3.7
[FULL_17_BM] t=1080.0s | pag=744 | files= 451 | data=622 | cola=13067 | prio=10 | https://data.worldbank.org/indicator/IT.NET.USER.ZS
[FULL_17_BM] t=1081.2s | pag=745 | files= 451 | data=623 | cola=13067 | prio=10 | https://data.worldbank.org/indicator/IT.NET.USER.FE.ZS?end=2023&locations=1W&start=1990&view=chart
[FULL_17_BM] t=1081.6s | pag=746 | files= 451 | data=624 | cola=13070 | prio=10 | https://data.worldbank.org/indicator/IT.NET.USER.MA.ZS?end=2023&locations=1W&start=1990&view=chart
[FULL_17_BM] DATASETS=625 | exportable_data_page | https://data.worldbank.org/indicator/IT.NET.USER.MA.ZS?end=2023&locations=1W&start=1990&view=chart
[FULL_17_BM] t=1082.2s | pag=747 | files= 451 | data=625 | cola=13073 | prio=10 | https://data.worldbank.org/indicator/IT.NET.BBND?end=2023&locations=1W&start=1990&view=chart
[FULL_17_BM] t=1082.9s | pag=748 | files= 451 | data=626 | cola=13076 | prio=10 | https://data.worldbank.org/indicator/IT.NET.BBND.P2?end=2023&locations=1W&start=1990&view=chart
[FULL_17_BM] t=1083.8s | pag=749 | files= 451 | data=627 | cola=13076 | prio=10 | https://data.worldbank.org/indicator/IT.NET.SECR?end=2023&locations=1W&start=1990&view=chart
[FULL_17_BM] t=1099.5s | pag=749 | files= 451 | data=627 | cola=13075 | prio=10 | https://data.worldbank.org/indicator/IT.NET.SECR.P6?end=2023&locations=1W&start=1990&view=chart
[FULL_17_BM] t=1115.4s | pag=749 | files= 451 | data=627 | cola=13074 | prio=10 | https://data.worldbank.org/indicator/IT.CEL.SETS?end=2023&locations=1W&start=1990&view=chart
[FULL_17_BM] t=1116.9s | pag=750 | files= 451 | data=628 | cola=13079 | prio=10 | https://data.worldbank.org/indicator/IT.CEL.SETS.P2?end=2023&locations=1W&start=1990&view=chart
[FULL_17_BM] t=1117.3s | pag=751 | files= 451 | data=629 | cola=13079 | prio=10 | https://api.worldbank.org/v2/en/indicator/IT.NET.USER.ZS?downloadformat=csv
[FULL_17_BM] t=1119.6s | pag=751 | files= 452 | data=629 | cola=13078 | prio=10 | https://api.worldbank.org/v2/en/indicator/IT.NET.USER.ZS?downloadformat=xml
[FULL_17_BM] t=1121.9s | pag=751 | files= 453 | data=629 | cola=13077 | prio=10 | https://api.worldbank.org/v2/en/indicator/IT.NET.USER.ZS?downloadformat=excel
[FULL_17_BM] t=1122.6s | pag=751 | files= 453 | data=629 | cola=13076 | prio=10 | http://databank.worldbank.org/data/reports.aspx?country=WLD&series=IT.NET.USER.ZS&source=2
[FULL_17_BM] t=1124.6s | pag=752 | files= 453 | data=630 | cola=13075 | prio=10 | http://wdi.worldbank.org/table/5.12
[FULL_17_BM] t=1133.4s | pag=753 | files= 453 | data=631 | cola=13075 | prio=10 | https://data360.worldbank.org/en/atlas/global-progress
[FULL_17_BM] t=1134.5s | pag=754 | files= 453 | data=631 | cola=13074 | prio=10 | https://data360.worldbank.org/en/atlas/data-for-development
[FULL_17_BM] t=1135.4s | pag=755 | files= 454 | data=631 | cola=13073 | prio=10 | https://data360.worldbank.org/en/atlas/learning-and-work
[FULL_17_BM] t=1136.2s | pag=756 | files= 454 | data=631 | cola=13073 | prio=10 | https://data360.worldbank.org/en/atlas/gender-and-jobs
[FULL_17_BM] t=1137.0s | pag=757 | files= 461 | data=631 | cola=13081 | prio=10 | https://data360.worldbank.org/en/atlas/extreme-poverty
[FULL_17_BM] t=1137.6s | pag=758 | files= 461 | data=631 | cola=13086 | prio=10 | https://data360.worldbank.org/en/atlas/inequality
[FULL_17_BM] t=1138.5s | pag=759 | files= 462 | data=631 | cola=13089 | prio=10 | https://data360.worldbank.org/en/atlas/water-access
[FULL_17_BM] t=1139.7s | pag=760 | files= 464 | data=631 | cola=13093 | prio=10 | https://data360.worldbank.org/en/atlas/climate
[FULL_17_BM] t=1140.3s | pag=761 | files= 465 | data=631 | cola=13095 | prio=10 | https://data360.worldbank.org/en/atlas/electricity-access
[FULL_17_BM] t=1141.4s | pag=761 | files= 465 | data=631 | cola=13094 | prio=10 | https://data360.worldbank.org/en/atlas/urban-development
[FULL_17_BM] t=1143.1s | pag=762 | files= 468 | data=631 | cola=13102 | prio=10 | https://data360.worldbank.org/en/atlas/internet-access
[FULL_17_BM] t=1144.1s | pag=763 | files= 471 | data=632 | cola=13104 | prio=10 | https://data360.worldbank.org/en/atlas/artificial-intelligence
[FULL_17_BM] t=1145.0s | pag=764 | files= 471 | data=632 | cola=13109 | prio=10 | https://datatopics.worldbank.org/sdgatlas/archive/2017/
[FULL_17_BM] t=1145.7s | pag=765 | files= 471 | data=632 | cola=13137 | prio=10 | https://datatopics.worldbank.org/sdgatlas/archive/2018/
[FULL_17_BM] t=1146.6s | pag=766 | files= 471 | data=632 | cola=13163 | prio=10 | https://datatopics.worldbank.org/sdgatlas/archive/2020/
[FULL_17_BM] t=1147.5s | pag=767 | files= 471 | data=633 | cola=13183 | prio=10 | https://datatopics.worldbank.org/sdgatlas/archive/2023/
[FULL_17_BM] t=1148.0s | pag=768 | files= 471 | data=634 | cola=13199 | prio=10 | http://www.worldbank.org/en/about/annual-report
[FULL_17_BM] t=1149.5s | pag=769 | files= 471 | data=634 | cola=13228 | prio=10 | http://www.worldbank.org/en/research
[FULL_17_BM] t=1150.3s | pag=770 | files= 471 | data=635 | cola=13290 | prio=10 | http://data.worldbank.org/
[FULL_17_BM] t=1151.1s | pag=770 | files= 471 | data=635 | cola=13289 | prio=10 | http://data.worldbank.org/country
[FULL_17_BM] t=1152.4s | pag=770 | files= 471 | data=635 | cola=13288 | prio=10 | http://data.worldbank.org/indicator
[FULL_17_BM] t=1153.3s | pag=770 | files= 471 | data=635 | cola=13287 | prio=10 | https://datatopics.worldbank.org/world-development-indicators/release-note-toc.html
[FULL_17_BM] t=1159.6s | pag=771 | files= 473 | data=636 | cola=13298 | prio=10 | https://datatopics.worldbank.org/world-development-indicators/themes/poverty-and-inequality.html
[FULL_17_BM] t=1161.0s | pag=772 | files= 473 | data=637 | cola=13409 | prio=10 | https://datatopics.worldbank.org/world-development-indicators/themes/people.html
[FULL_17_BM] t=1162.1s | pag=773 | files= 473 | data=638 | cola=13580 | prio=10 | https://datatopics.worldbank.org/world-development-indicators/themes/environment.html
[FULL_17_BM] t=1162.9s | pag=774 | files= 473 | data=639 | cola=13701 | prio=10 | https://datatopics.worldbank.org/world-development-indicators/themes/economy.html
[FULL_17_BM] t=1163.9s | pag=775 | files= 474 | data=640 | cola=13848 | prio=10 | https://datatopics.worldbank.org/world-development-indicators/themes/states-and-markets.html
[FULL_17_BM] t=1164.8s | pag=776 | files= 478 | data=641 | cola=14013 | prio=10 | https://datatopics.worldbank.org/world-development-indicators/themes/global-links.html
[FULL_17_BM] t=1165.6s | pag=777 | files= 478 | data=642 | cola=14093 | prio=10 | http://databank.worldbank.org/data/source/world-development-indicators
[FULL_17_BM] t=1166.6s | pag=778 | files= 478 | data=643 | cola=14092 | prio=10 | https://datahelpdesk.worldbank.org/knowledgebase/topics/125589-developer-information
[FULL_17_BM] t=1168.2s | pag=779 | files= 478 | data=643 | cola=14102 | prio=10 | https://datatopics.worldbank.org/world-development-indicators/user-guide.html
[FULL_17_BM] t=1168.9s | pag=780 | files= 478 | data=644 | cola=14110 | prio=10 | https://datatopics.worldbank.org/world-development-indicators/stories.html
[FULL_17_BM] t=1170.0s | pag=781 | files= 478 | data=645 | cola=14113 | prio=10 | https://datatopics.worldbank.org/world-development-indicators/stories/from-water-to-electricity.html
[FULL_17_BM] t=1170.6s | pag=782 | files= 479 | data=646 | cola=14116 | prio=10 | https://datatopics.worldbank.org/world-development-indicators/stories/has-the-goalpost-for-ending-extreme-poverty-been-shifted.html
[FULL_17_BM] t=1171.4s | pag=783 | files= 481 | data=647 | cola=14122 | prio=10 | https://datatopics.worldbank.org/world-development-indicators/stories/why-is-the-fight-against-tuberculosis-far-from-over.html
[FULL_17_BM] t=1172.0s | pag=784 | files= 481 | data=648 | cola=14122 | prio=10 | https://datatopics.worldbank.org/world-development-indicators/stories/tracing-global-trends-in-education.html
[FULL_17_BM] t=1172.9s | pag=785 | files= 485 | data=649 | cola=14130 | prio=10 | https://datatopics.worldbank.org/world-development-indicators/stories/are-sdgs-1-and-2-diverging.html
[FULL_17_BM] DATASETS=650 | exportable_data_page | https://datatopics.worldbank.org/world-development-indicators/stories/are-sdgs-1-and-2-diverging.html
[FULL_17_BM] t=1173.6s | pag=786 | files= 488 | data=650 | cola=14144 | prio=10 | https://datatopics.worldbank.org/world-development-indicators/the-world-by-income-and-region.html
[FULL_17_BM] t=1174.9s | pag=787 | files= 489 | data=651 | cola=14145 | prio=10 | https://datatopics.worldbank.org/world-development-indicators/wdi-and-the-sustainable-development-goals.html
[FULL_17_BM] t=1175.7s | pag=788 | files= 490 | data=652 | cola=14151 | prio=10 | http://datatopics.worldbank.org/sdgatlas/
[FULL_17_BM] t=1176.8s | pag=788 | files= 490 | data=652 | cola=14150 | prio=10 | https://datatopics.worldbank.org/sdgatlas/archive/2020/es/
[FULL_17_BM] t=1178.3s | pag=789 | files= 490 | data=652 | cola=14149 | prio=10 | https://datatopics.worldbank.org/sdgatlas/archive/2020/FR/
[FULL_17_BM] t=1178.8s | pag=790 | files= 490 | data=652 | cola=14148 | prio=10 | https://datatopics.worldbank.org/sdgatlas/archive/2020/JP/
[FULL_17_BM] t=1179.7s | pag=791 | files= 490 | data=652 | cola=14147 | prio=10 | http://datatopics.worldbank.org/sdgatlas/archive/2018
[FULL_17_BM] t=1180.7s | pag=791 | files= 490 | data=652 | cola=14146 | prio=10 | http://datatopics.worldbank.org/sdgatlas/archive/2017
[FULL_17_BM] t=1182.4s | pag=791 | files= 490 | data=652 | cola=14145 | prio=10 | https://datatopics.worldbank.org/world-development-indicators/sources-and-methods.html
[FULL_17_BM] t=1183.7s | pag=792 | files= 490 | data=653 | cola=14147 | prio=10 | http://databank.worldbank.org/wdi
[FULL_17_BM] t=1185.0s | pag=793 | files= 490 | data=653 | cola=14146 | prio=10 | https://data.worldbank.org/data-catalog/world-development-indicators
[FULL_17_BM] t=1187.2s | pag=793 | files= 490 | data=653 | cola=14145 | prio=10 | http://wdi.worldbank.org/tables
[FULL_17_BM] t=1187.8s | pag=794 | files= 490 | data=653 | cola=14144 | prio=10 | https://datatopics.worldbank.org/world-development-indicators/world-development-indicators-reports.html
[FULL_17_BM] t=1188.5s | pag=795 | files= 490 | data=654 | cola=14143 | prio=10 | https://datatopics.worldbank.org/world-development-indicators/wdi-archives.html
[FULL_17_BM] t=1575.0s | pag=796 | files= 611 | data=655 | cola=14143 | prio=10 | https://datatopics.worldbank.org/world-development-indicators/partners.html
[FULL_17_BM] t=1576.0s | pag=797 | files= 611 | data=656 | cola=14142 | prio=10 | https://datatopics.worldbank.org/world-development-indicators/about-world-development-indicators.html
[FULL_17_BM] t=1576.9s | pag=798 | files= 611 | data=657 | cola=14141 | prio=10 | http://www.worldbank.org/en/about/unit/integrity-vice-presidency/report-an-allegation
[FULL_17_BM] t=1578.4s | pag=798 | files= 611 | data=657 | cola=14140 | prio=10 | http://www.worldbank.org/reference/
[FULL_17_BM] t=1579.7s | pag=798 | files= 611 | data=657 | cola=14139 | prio=10 | https://databank.worldbank.org/home
[FULL_17_BM] t=1580.8s | pag=799 | files= 611 | data=658 | cola=14138 | prio=10 | https://databank.worldbank.org/databases
[FULL_17_BM] t=1581.6s | pag=800 | files= 611 | data=659 | cola=14147 | prio=10 | https://databank.worldbank.org/createreport
[FULL_17_BM] t=1582.4s | pag=801 | files= 611 | data=660 | cola=14146 | prio=10 | https://databank.worldbank.org/savedreports
[FULL_17_BM] t=1583.4s | pag=802 | files= 611 | data=660 | cola=14145 | prio=10 | https://databank.worldbank.org/datasets.aspx?lang=en
[FULL_17_BM] t=1585.2s | pag=802 | files= 611 | data=660 | cola=14144 | prio=10 | https://databank.worldbank.org/metadataglossary/all/series
[FULL_17_BM] t=1594.3s | pag=803 | files= 611 | data=661 | cola=14196 | prio=10 | https://databank.worldbank.org/source/quarterly-external-debt-statistics-gdds
[FULL_17_BM] t=1594.7s | pag=804 | files= 611 | data=662 | cola=14195 | prio=10 | https://databank.worldbank.org/source/quarterly-public-sector-debt
[FULL_17_BM] t=1595.9s | pag=805 | files= 611 | data=663 | cola=14194 | prio=10 | https://databank.worldbank.org/source/quarterly-external-debt-statistics-sdds
[FULL_17_BM] t=1597.0s | pag=806 | files= 611 | data=664 | cola=14192 | prio=10 | https://databank.worldbank.org/faq/html/databank-faq.html
[FULL_17_BM] t=1597.7s | pag=807 | files= 611 | data=665 | cola=14193 | prio=10 | https://databank.worldbank.org/source/world-development-indicators/preview/on
[FULL_17_BM] t=1599.5s | pag=808 | files= 611 | data=666 | cola=14192 | prio=10 | https://databank.worldbank.org/metadataglossary/world-development-indicators/series
[FULL_17_BM] t=1612.5s | pag=809 | files= 611 | data=667 | cola=14220 | prio=10 | https://databank.worldbank.org/source/statistical-capacity-indicators/preview/on
[FULL_17_BM] t=1613.8s | pag=810 | files= 611 | data=668 | cola=14219 | prio=10 | https://databank.worldbank.org/metadataglossary/statistical-capacity-indicators/series
[FULL_17_BM] t=1614.5s | pag=811 | files= 611 | data=669 | cola=14218 | prio=10 | https://databank.worldbank.org/source/education-statistics-^-all-indicators/preview/on
[FULL_17_BM] t=1616.6s | pag=812 | files= 611 | data=670 | cola=14217 | prio=10 | https://databank.worldbank.org/metadataglossary/education-statistics-^-all-indicators/series
[FULL_17_BM] t=1617.8s | pag=813 | files= 611 | data=670 | cola=14216 | prio=10 | https://databank.worldbank.org/source/gender-statistics/preview/on
[FULL_17_BM] t=1620.9s | pag=814 | files= 611 | data=671 | cola=14215 | prio=10 | https://databank.worldbank.org/metadataglossary/gender-statistics/series
[FULL_17_BM] t=1622.8s | pag=815 | files= 611 | data=672 | cola=14264 | prio=10 | https://databank.worldbank.org/source/health-nutrition-and-population-statistics/preview/on
[FULL_17_BM] t=1624.4s | pag=816 | files= 611 | data=673 | cola=14263 | prio=10 | https://databank.worldbank.org/metadataglossary/health-nutrition-and-population-statistics/series
[FULL_17_BM] t=1626.3s | pag=817 | files= 611 | data=674 | cola=14312 | prio=10 | https://databank.worldbank.org/indicator/NY.GDP.MKTP.KD.ZG/1ff4a498/Popular-Indicators
[FULL_17_BM] DATASETS=675 | data_html_table | https://databank.worldbank.org/indicator/NY.GDP.MKTP.KD.ZG/1ff4a498/Popular-Indicators
[FULL_17_BM] t=1628.9s | pag=818 | files= 611 | data=675 | cola=14311 | prio=10 | https://databank.worldbank.org/indicator/NY.GDP.MKTP.CD/1ff4a498/Popular-Indicators
[FULL_17_BM] t=1631.9s | pag=819 | files= 611 | data=676 | cola=14310 | prio=10 | https://databank.worldbank.org/indicator/NY.GDP.PCAP.CD/1ff4a498/Popular-Indicators
[FULL_17_BM] t=1634.6s | pag=820 | files= 611 | data=677 | cola=14309 | prio=10 | https://databank.worldbank.org/indicator/NY.GNP.PCAP.CD/1ff4a498/Popular-Indicators
[FULL_17_BM] t=1637.1s | pag=821 | files= 611 | data=678 | cola=14308 | prio=10 | https://databank.worldbank.org/indicator/NE.EXP.GNFS.ZS/1ff4a498/Popular-Indicators
[FULL_17_BM] t=1640.0s | pag=822 | files= 611 | data=679 | cola=14307 | prio=10 | https://databank.worldbank.org/indicator/BN.KLT.DINV.CD/1ff4a498/Popular-Indicators
[FULL_17_BM] t=1642.7s | pag=823 | files= 611 | data=680 | cola=14306 | prio=10 | https://databank.worldbank.org/indicator/FP.CPI.TOTL.ZG/1ff4a498/Popular-Indicators
[FULL_17_BM] t=1645.6s | pag=824 | files= 611 | data=681 | cola=14305 | prio=10 | https://databank.worldbank.org/indicator/SP.POP.TOTL/1ff4a498/Popular-Indicators
[FULL_17_BM] t=1648.3s | pag=825 | files= 611 | data=682 | cola=14304 | prio=10 | https://databank.worldbank.org/indicator/SP.DYN.LE00.IN/1ff4a498/Popular-Indicators
[FULL_17_BM] t=1651.1s | pag=826 | files= 611 | data=683 | cola=14303 | prio=10 | https://databank.worldbank.org/indicator/SI.POV.NAHC/1ff4a498/Popular-Indicators
[FULL_17_BM] t=1653.6s | pag=827 | files= 611 | data=684 | cola=14302 | prio=10 | https://databank.worldbank.org/country/CHN/556d8fa6/Popular_countries
[FULL_17_BM] t=1655.3s | pag=828 | files= 611 | data=685 | cola=14301 | prio=10 | https://databank.worldbank.org/country/USA/556d8fa6/Popular_countries
[FULL_17_BM] t=1656.6s | pag=829 | files= 611 | data=686 | cola=14300 | prio=10 | https://databank.worldbank.org/country/IND/556d8fa6/Popular_countries
[FULL_17_BM] t=1658.0s | pag=830 | files= 611 | data=687 | cola=14299 | prio=10 | https://databank.worldbank.org/country/BRA/556d8fa6/Popular_countries
[FULL_17_BM] t=1659.9s | pag=831 | files= 611 | data=688 | cola=14298 | prio=10 | https://databank.worldbank.org/country/MEX/556d8fa6/Popular_countries
[FULL_17_BM] t=1661.5s | pag=832 | files= 611 | data=689 | cola=14297 | prio=10 | https://databank.worldbank.org/country/GBR/556d8fa6/Popular_countries
[FULL_17_BM] t=1662.8s | pag=833 | files= 611 | data=690 | cola=14296 | prio=10 | https://databank.worldbank.org/country/ARG/556d8fa6/Popular_countries
[FULL_17_BM] t=1664.1s | pag=834 | files= 611 | data=691 | cola=14295 | prio=10 | https://databank.worldbank.org/country/JPN/556d8fa6/Popular_countries
[FULL_17_BM] t=1665.7s | pag=835 | files= 611 | data=692 | cola=14294 | prio=10 | https://databank.worldbank.org/country/IDN/556d8fa6/Popular_countries
[FULL_17_BM] t=1667.0s | pag=836 | files= 611 | data=693 | cola=14293 | prio=10 | https://databank.worldbank.org/country/PAK/556d8fa6/Popular_countries
[FULL_17_BM] t=1668.8s | pag=837 | files= 611 | data=694 | cola=14292 | prio=10 | http://web.worldbank.org/WBSITE/EXTERNAL/EXTABOUTUS/ORGANIZATION/ORGUNITS/EXTDOII/0,,contentMDK:20659616~menuPK:1702202~pagePK:64168445~piPK:64168309~theSitePK:588921,00.html
[FULL_17_BM] t=1670.2s | pag=837 | files= 611 | data=694 | cola=14291 | prio=10 | https://www.worldbank.org/en/programs/debt-statistics/overview
[FULL_17_BM] t=1671.0s | pag=838 | files= 611 | data=695 | cola=14291 | prio=10 | https://www.worldbank.org/en/programs/debt-statistics/statistics
[FULL_17_BM] t=1671.6s | pag=839 | files= 611 | data=696 | cola=14291 | prio=10 | https://www.worldbank.org/en/programs/debt-statistics/publications
[FULL_17_BM] t=1749.8s | pag=840 | files= 655 | data=697 | cola=14410 | prio=10 | https://www.worldbank.org/en/programs/debt-statistics/methodology
[FULL_17_BM] t=1750.6s | pag=841 | files= 673 | data=698 | cola=14417 | prio=10 | https://www.worldbank.org/en/programs/debt-statistics/events
[FULL_17_BM] t=1751.5s | pag=842 | files= 674 | data=699 | cola=14420 | prio=10 | https://www.worldbank.org/en/programs/debt-statistics/contact-us
[FULL_17_BM] DATASETS=700 | data_chart | https://www.worldbank.org/en/programs/debt-statistics/contact-us
[FULL_17_BM] t=1752.1s | pag=843 | files= 674 | data=700 | cola=14419 | prio=10 | https://www.worldbank.org/en/programs/debt-statistics/faq
[FULL_17_BM] t=1752.6s | pag=844 | files= 678 | data=701 | cola=14422 | prio=10 | https://www.worldbank.org/en/programs/debt-statistics/creditor-data-sharing
[FULL_17_BM] t=1754.2s | pag=845 | files= 678 | data=702 | cola=14421 | prio=10 | https://www.worldbank.org/en/programs/debt-statistics/drs-update
[FULL_17_BM] t=1755.0s | pag=846 | files= 681 | data=703 | cola=14420 | prio=10 | https://www.worldbank.org/en/programs/debt-statistics/idr/products
[FULL_17_BM] t=1755.3s | pag=847 | files= 687 | data=704 | cola=14420 | prio=10 | https://blogs.worldbank.org/en/opendata/international-debt-report-2025--when-relief-isn-t-enough---lmics
[FULL_17_BM] t=1756.2s | pag=848 | files= 687 | data=705 | cola=14420 | prio=10 | https://databank.worldbank.org/source/international-debt-statistics
[FULL_17_BM] t=1758.0s | pag=849 | files= 687 | data=706 | cola=14419 | prio=10 | https://www.worldbank.org/en/programs/debt-statistics/ids
[FULL_17_BM] t=1758.5s | pag=850 | files= 687 | data=707 | cola=14660 | prio=10 | https://www.worldbank.org/en/programs/debt-statistics/dssi
[FULL_17_BM] t=1759.0s | pag=851 | files= 687 | data=708 | cola=14727 | prio=10 | https://www.worldbank.org/en/programs/debt-statistics/qeds
[FULL_17_BM] t=1759.9s | pag=852 | files= 694 | data=709 | cola=14818 | prio=10 | https://www.worldbank.org/en/programs/debt-statistics/qpsd
[FULL_17_BM] t=1760.3s | pag=853 | files= 695 | data=710 | cola=14837 | prio=10 | https://blogs.worldbank.org/en/opendata/what-makes-debt-data-transparent--standards--coverage--and-timel
[FULL_17_BM] t=1761.3s | pag=854 | files= 695 | data=711 | cola=14838 | prio=10 | https://blogs.worldbank.org/en/opendata/when-debt--diet-and-development-risk-collide--hidden-links-betwe
[FULL_17_BM] t=1762.7s | pag=855 | files= 695 | data=712 | cola=14842 | prio=10 | https://www.worldbank.org/en/programs/debt-statistics/additional-data-sources
[FULL_17_BM] t=1763.5s | pag=856 | files= 695 | data=713 | cola=14841 | prio=10 | https://www.worldbank.org/en/programs/debt-statistics/user-guide
[FULL_17_BM] t=1764.1s | pag=857 | files= 695 | data=714 | cola=14845 | prio=10 | https://www.worldbank.org/en/programs/statistical-performance-indicators/explore-data
[FULL_17_BM] t=1765.1s | pag=858 | files= 695 | data=715 | cola=14848 | prio=10 | https://www.worldbank.org/en/programs/statistical-performance-indicators/Framework
[FULL_17_BM] t=1765.9s | pag=859 | files= 695 | data=716 | cola=14848 | prio=10 | https://www.worldbank.org/en/programs/statistical-performance-indicators/about-spi
[FULL_17_BM] t=1766.4s | pag=860 | files= 695 | data=717 | cola=14848 | prio=10 | https://www.worldbank.org/en/programs/statistical-performance-indicators/Blogs
[FULL_17_BM] t=1767.2s | pag=861 | files= 696 | data=718 | cola=14855 | prio=10 | https://datacatalog.worldbank.org/search/dataset/0037854/data-on-statistical-capacity
[FULL_17_BM] t=1772.6s | pag=862 | files= 698 | data=719 | cola=14862 | prio=10 | https://documents1.worldbank.org/en/publication/documents-reports/documentdetail/099051301172444558
[FULL_17_BM] t=1774.9s | pag=863 | files= 698 | data=719 | cola=14862 | prio=10 | https://documents.worldbank.org/en/publication/documents-reports/documentdetail/099046201172417098/idu13723a9001b06e14d16184c015a331e52f40b
[FULL_17_BM] t=1776.7s | pag=864 | files= 698 | data=719 | cola=14862 | prio=10 | https://documents.worldbank.org/en/publication/documents-reports/documentdetail/440191616164007723/statistical-performance-indicators-and-index-a-new-tool-to-measure-country-statistical-capacity
[FULL_17_BM] t=1777.6s | pag=865 | files= 698 | data=719 | cola=14862 | prio=10 | https://documents.worldbank.org/en/publication/documents-reports/documentdetail/815721616086786412/measuring-the-statistical-performance-of-countries-an-overview-of-updates-to-the-world-bank-statistical-capacity-index
[FULL_17_BM] t=1778.2s | pag=866 | files= 698 | data=719 | cola=14862 | prio=10 | https://www.worldbank.org/en/publication/wdr2021
[FULL_17_BM] t=1779.0s | pag=867 | files= 737 | data=720 | cola=14874 | prio=10 | https://datacatalog.worldbank.org/search?sort=last_updated_date+desc
[FULL_17_BM] t=1780.0s | pag=868 | files= 737 | data=720 | cola=14873 | prio=10 | https://datacatalog.worldbank.org/collections
[FULL_17_BM] t=1781.1s | pag=869 | files= 737 | data=720 | cola=14903 | prio=10 | https://datacatalog.worldbank.org/contact-us
[FULL_17_BM] t=1781.9s | pag=870 | files= 737 | data=720 | cola=14902 | prio=10 | https://datacatalog.worldbank.org/faq
[FULL_17_BM] t=1783.0s | pag=871 | files= 737 | data=720 | cola=14901 | prio=10 | https://api.worldbank.org/v2/en/sources/15/series/all/metadata?format=json&page=1&per_page=20000
[FULL_17_BM] t=1784.7s | pag=871 | files= 737 | data=721 | cola=14900 | prio=10 | https://databank.worldbank.org/data/views/variableselection/selectvariables.aspx?source=global-economic-monitor-%28gem%29
[FULL_17_BM] t=1786.5s | pag=872 | files= 737 | data=722 | cola=14899 | prio=10 | https://data.worldbank.org/developers
[FULL_17_BM] t=1788.5s | pag=873 | files= 737 | data=722 | cola=14898 | prio=10 | https://datacatalog.worldbank.org/search?fq=%28geographical_extent%2Fcoverage%2Fany%28geo%3Ageo%2Fname+eq+%27Afghanistan%27%29%29
[FULL_17_BM] t=1789.2s | pag=874 | files= 737 | data=722 | cola=14897 | prio=10 | https://datacatalog.worldbank.org/search?fq=%28geographical_extent%2Fcoverage%2Fany%28geo%3Ageo%2Fname+eq+%27Albania%27%29%29
[FULL_17_BM] t=1790.0s | pag=875 | files= 737 | data=722 | cola=14896 | prio=10 | https://datacatalog.worldbank.org/search?fq=%28geographical_extent%2Fcoverage%2Fany%28geo%3Ageo%2Fname+eq+%27Algeria%27%29%29
[FULL_17_BM] t=1790.9s | pag=876 | files= 737 | data=722 | cola=14895 | prio=10 | https://datacatalog.worldbank.org/search?fq=%28geographical_extent%2Fcoverage%2Fany%28geo%3Ageo%2Fname+eq+%27Angola%27%29%29
[FULL_17_BM] t=1792.0s | pag=877 | files= 737 | data=722 | cola=14894 | prio=10 | https://datacatalog.worldbank.org/search?fq=%28geographical_extent%2Fcoverage%2Fany%28geo%3Ageo%2Fname+eq+%27Antigua+and+Barbuda%27%29%29
[FULL_17_BM] t=1793.0s | pag=878 | files= 737 | data=722 | cola=14893 | prio=10 | https://datacatalog.worldbank.org/search?fq=%28geographical_extent%2Fcoverage%2Fany%28geo%3Ageo%2Fname+eq+%27Argentina%27%29%29
[FULL_17_BM] t=1793.6s | pag=879 | files= 737 | data=722 | cola=14892 | prio=10 | https://datacatalog.worldbank.org/search?fq=%28geographical_extent%2Fcoverage%2Fany%28geo%3Ageo%2Fname+eq+%27Armenia%27%29%29
[FULL_17_BM] t=1794.5s | pag=880 | files= 737 | data=722 | cola=14891 | prio=10 | https://datacatalog.worldbank.org/search?fq=%28geographical_extent%2Fcoverage%2Fany%28geo%3Ageo%2Fname+eq+%27Aruba%27%29%29
[FULL_17_BM] t=1795.4s | pag=881 | files= 737 | data=722 | cola=14890 | prio=10 | https://datacatalog.worldbank.org/search?fq=%28geographical_extent%2Fcoverage%2Fany%28geo%3Ageo%2Fname+eq+%27Australia%27%29%29
[FULL_17_BM] t=1795.9s | pag=882 | files= 737 | data=722 | cola=14889 | prio=10 | https://datacatalog.worldbank.org/search?fq=%28geographical_extent%2Fcoverage%2Fany%28geo%3Ageo%2Fname+eq+%27Austria%27%29%29
[FULL_17_BM] t=1796.7s | pag=883 | files= 737 | data=722 | cola=14888 | prio=10 | https://datacatalog.worldbank.org/search?fq=%28geographical_extent%2Fcoverage%2Fany%28geo%3Ageo%2Fname+eq+%27Azerbaijan%27%29%29
[FULL_17_BM] t=1797.6s | pag=884 | files= 737 | data=722 | cola=14887 | prio=10 | https://datacatalog.worldbank.org/search?fq=%28geographical_extent%2Fcoverage%2Fany%28geo%3Ageo%2Fname+eq+%27Bahamas%2C+The%27%29%29
[FULL_17_BM] t=1798.4s | pag=885 | files= 737 | data=722 | cola=14886 | prio=10 | https://datacatalog.worldbank.org/search?fq=%28geographical_extent%2Fcoverage%2Fany%28geo%3Ageo%2Fname+eq+%27Bahrain%27%29%29
[FULL_17_BM] t=1799.0s | pag=886 | files= 737 | data=722 | cola=14885 | prio=10 | https://datacatalog.worldbank.org/search?fq=%28temporal_resolution%2Fperiodicity+eq+%27Day%27%29
[FULL_17_BM] t=1799.5s | pag=887 | files= 737 | data=722 | cola=14884 | prio=10 | https://datacatalog.worldbank.org/search?fq=%28constraints%2Fsecurity%2Fclassification+eq+%27Public%27%29
[FULL_17_BM] t=1800.3s | pag=888 | files= 737 | data=722 | cola=14883 | prio=10 | https://datacatalog.worldbank.org/public-licenses?fragment=cc
[FULL_17_BM] t=1801.2s | pag=889 | files= 737 | data=722 | cola=14882 | prio=10 | https://datacatalog.worldbank.org/search?fq=%28identification%2Ftopics%2Fany%28top%3Atop%2Fname+eq+%27Economic+Growth%27%29%29
[FULL_17_BM] t=1802.1s | pag=890 | files= 737 | data=722 | cola=14881 | prio=10 | https://datacatalog.worldbank.org/search?fq=%28identification%2Ftopics%2Fany%28top%3Atop%2Fname+eq+%27Trade%27%29%29
[FULL_17_BM] t=1802.8s | pag=891 | files= 737 | data=722 | cola=14880 | prio=10 | https://microdata.worldbank.org/index.php/catalog/3716
[FULL_17_BM] t=1804.2s | pag=892 | files= 737 | data=723 | cola=14892 | prio=10 | https://datacatalog.worldbank.org/search?fq=%28geographical_extent%2Fcoverage%2Fany%28geo%3Ageo%2Fname+eq+%27Ethiopia%27%29%29
[FULL_17_BM] t=1805.1s | pag=893 | files= 737 | data=723 | cola=14891 | prio=10 | https://datacatalog.worldbank.org/public-licenses?fragment=research
[FULL_17_BM] t=1805.9s | pag=894 | files= 737 | data=723 | cola=14890 | prio=10 | https://datacatalog.worldbank.org/search/collections/COVID_19
[FULL_17_BM] t=1806.7s | pag=895 | files= 737 | data=723 | cola=14889 | prio=10 | https://datacatalog.worldbank.org/search?fq=%28keywords_list%2Fany%28key%3Akey+eq+%27wb_covid-19%27%29%29
[FULL_17_BM] t=1807.7s | pag=896 | files= 737 | data=723 | cola=14888 | prio=10 | https://microdata.worldbank.org/index.php/catalog/4509
[FULL_17_BM] t=1808.5s | pag=897 | files= 737 | data=724 | cola=14941 | prio=10 | https://datacatalog.worldbank.org/search?fq=%28geographical_extent%2Fcoverage%2Fany%28geo%3Ageo%2Fname+eq+%27Bangladesh%27%29%29
[FULL_17_BM] t=1809.1s | pag=898 | files= 737 | data=724 | cola=14940 | prio=10 | https://datacatalog.worldbank.org/search?fq=%28geographical_extent%2Fcoverage%2Fany%28geo%3Ageo%2Fname+eq+%27Burkina+Faso%27%29%29
[FULL_17_BM] t=1809.8s | pag=899 | files= 737 | data=724 | cola=14939 | prio=10 | https://datacatalog.worldbank.org/search?fq=%28geographical_extent%2Fcoverage%2Fany%28geo%3Ageo%2Fname+eq+%27Burundi%27%29%29
[FULL_17_BM] t=1810.7s | pag=900 | files= 737 | data=724 | cola=14938 | prio=10 | https://datacatalog.worldbank.org/search?fq=%28geographical_extent%2Fcoverage%2Fany%28geo%3Ageo%2Fname+eq+%27Cameroon%27%29%29
[FULL_17_BM] t=1811.6s | pag=901 | files= 737 | data=724 | cola=14937 | prio=10 | https://datacatalog.worldbank.org/search?fq=%28geographical_extent%2Fcoverage%2Fany%28geo%3Ageo%2Fname+eq+%27Central+African+Republic%27%29%29
[FULL_17_BM] t=1812.7s | pag=902 | files= 737 | data=724 | cola=14936 | prio=10 | https://datacatalog.worldbank.org/search?fq=%28geographical_extent%2Fcoverage%2Fany%28geo%3Ageo%2Fname+eq+%27Chad%27%29%29
[FULL_17_BM] t=1813.7s | pag=903 | files= 737 | data=724 | cola=14935 | prio=10 | https://datacatalog.worldbank.org/search?fq=%28geographical_extent%2Fcoverage%2Fany%28geo%3Ageo%2Fname+eq+%27Congo%2C+Republic+of%27%29%29
[FULL_17_BM] t=1814.5s | pag=904 | files= 737 | data=724 | cola=14934 | prio=10 | https://datacatalog.worldbank.org/search?fq=%28geographical_extent%2Fcoverage%2Fany%28geo%3Ageo%2Fname+eq+%27Gambia%2C+The%27%29%29
[FULL_17_BM] t=1815.4s | pag=905 | files= 737 | data=724 | cola=14933 | prio=10 | https://datacatalog.worldbank.org/search?fq=%28geographical_extent%2Fcoverage%2Fany%28geo%3Ageo%2Fname+eq+%27Guatemala%27%29%29
[FULL_17_BM] t=1816.4s | pag=906 | files= 737 | data=724 | cola=14932 | prio=10 | https://datacatalog.worldbank.org/search?fq=%28geographical_extent%2Fcoverage%2Fany%28geo%3Ageo%2Fname+eq+%27Guinea%27%29%29
[FULL_17_BM] t=1817.2s | pag=907 | files= 737 | data=724 | cola=14931 | prio=10 | https://datacatalog.worldbank.org/search?fq=%28keywords_list%2Fany%28key%3Akey+eq+%27Agricultural+prices%27%29%29
[FULL_17_BM] t=1818.2s | pag=908 | files= 737 | data=724 | cola=14930 | prio=10 | https://datacatalog.worldbank.org/search?fq=%28keywords_list%2Fany%28key%3Akey+eq+%27Commodity+items%27%29%29
[FULL_17_BM] t=1818.8s | pag=909 | files= 737 | data=724 | cola=14929 | prio=10 | https://datacatalog.worldbank.org/search?fq=%28keywords_list%2Fany%28key%3Akey+eq+%27Commodity+prices%27%29%29
[FULL_17_BM] t=1819.8s | pag=910 | files= 737 | data=724 | cola=14928 | prio=10 | https://datacatalog.worldbank.org/search?fq=%28keywords_list%2Fany%28key%3Akey+eq+%27Consumer+Price+Inflation+%28CPI%29%27%29%29
[FULL_17_BM] t=1820.6s | pag=911 | files= 737 | data=724 | cola=14927 | prio=10 | https://datacatalog.worldbank.org/search?fq=%28keywords_list%2Fany%28key%3Akey+eq+%27famine%27%29%29
[FULL_17_BM] t=1821.5s | pag=912 | files= 737 | data=724 | cola=14926 | prio=10 | https://datacatalog.worldbank.org/search?fq=%28keywords_list%2Fany%28key%3Akey+eq+%27Famine%27%29%29
[FULL_17_BM] t=1822.1s | pag=913 | files= 737 | data=724 | cola=14925 | prio=10 | https://datacatalog.worldbank.org/search?fq=%28keywords_list%2Fany%28key%3Akey+eq+%27FCS%27%29%29
[FULL_17_BM] t=1822.8s | pag=914 | files= 737 | data=724 | cola=14924 | prio=10 | https://datacatalog.worldbank.org/search?fq=%28keywords_list%2Fany%28key%3Akey+eq+%27FCV%27%29%29
[FULL_17_BM] t=1823.8s | pag=915 | files= 737 | data=724 | cola=14923 | prio=10 | https://datacatalog.worldbank.org/search?fq=%28keywords_list%2Fany%28key%3Akey+eq+%27Flour%27%29%29
[FULL_17_BM] t=1824.7s | pag=916 | files= 737 | data=724 | cola=14922 | prio=10 | https://datacatalog.worldbank.org/search?fq=%28keywords_list%2Fany%28key%3Akey+eq+%27Food+Crises%27%29%29
[FULL_17_BM] t=1825.5s | pag=917 | files= 737 | data=724 | cola=14921 | prio=10 | https://datacatalog.worldbank.org/search?fq=%28keywords_list%2Fany%28key%3Akey+eq+%27Food+Crisis%27%29%29
[FULL_17_BM] t=1826.1s | pag=918 | files= 737 | data=724 | cola=14920 | prio=10 | https://datacatalog.worldbank.org/search?fq=%28keywords_list%2Fany%28key%3Akey+eq+%27Food+Insecurity%27%29%29
[FULL_17_BM] t=1826.9s | pag=919 | files= 737 | data=724 | cola=14919 | prio=10 | https://datacatalog.worldbank.org/search?fq=%28keywords_list%2Fany%28key%3Akey+eq+%27food+price+crisis%27%29%29
[FULL_17_BM] t=1827.9s | pag=920 | files= 737 | data=724 | cola=14918 | prio=10 | https://datacatalog.worldbank.org/search?fq=%28keywords_list%2Fany%28key%3Akey+eq+%27Food+Price+Crisis%27%29%29
[FULL_17_BM] t=1828.6s | pag=921 | files= 737 | data=724 | cola=14917 | prio=10 | https://datacatalog.worldbank.org/search?fq=%28keywords_list%2Fany%28key%3Akey+eq+%27Food+Price+Inflation%27%29%29
[FULL_17_BM] t=1829.1s | pag=922 | files= 737 | data=724 | cola=14916 | prio=10 | https://datacatalog.worldbank.org/search?fq=%28keywords_list%2Fany%28key%3Akey+eq+%27food+price+monitor%27%29%29
[FULL_17_BM] t=1830.1s | pag=923 | files= 737 | data=724 | cola=14915 | prio=10 | https://datacatalog.worldbank.org/search?fq=%28keywords_list%2Fany%28key%3Akey+eq+%27Food+Price+Monitor%27%29%29
[FULL_17_BM] t=1831.1s | pag=924 | files= 737 | data=724 | cola=14914 | prio=10 | https://datacatalog.worldbank.org/search?fq=%28keywords_list%2Fany%28key%3Akey+eq+%27Food+prices%27%29%29
[FULL_17_BM] t=1832.1s | pag=925 | files= 737 | data=724 | cola=14913 | prio=10 | https://datacatalog.worldbank.org/search?fq=%28keywords_list%2Fany%28key%3Akey+eq+%27food+security%27%29%29
[FULL_17_BM] t=1833.0s | pag=926 | files= 737 | data=724 | cola=14912 | prio=10 | https://datacatalog.worldbank.org/search?fq=%28keywords_list%2Fany%28key%3Akey+eq+%27Food+security%27%29%29
[FULL_17_BM] t=1834.0s | pag=927 | files= 737 | data=724 | cola=14911 | prio=10 | https://datacatalog.worldbank.org/search?fq=%28keywords_list%2Fany%28key%3Akey+eq+%27fpm%27%29%29
[FULL_17_BM] t=1834.9s | pag=928 | files= 737 | data=724 | cola=14910 | prio=10 | https://datacatalog.worldbank.org/search?fq=%28keywords_list%2Fany%28key%3Akey+eq+%27FPM%27%29%29
[FULL_17_BM] t=1835.7s | pag=929 | files= 737 | data=724 | cola=14909 | prio=10 | https://datacatalog.worldbank.org/search?fq=%28keywords_list%2Fany%28key%3Akey+eq+%27fragile+country%27%29%29
[FULL_17_BM] t=1836.6s | pag=930 | files= 737 | data=724 | cola=14908 | prio=10 | https://datacatalog.worldbank.org/search?fq=%28keywords_list%2Fany%28key%3Akey+eq+%27fragility%27%29%29
[FULL_17_BM] t=1837.5s | pag=931 | files= 737 | data=724 | cola=14907 | prio=10 | https://datacatalog.worldbank.org/search?fq=%28keywords_list%2Fany%28key%3Akey+eq+%27Fragility%27%29%29
[FULL_17_BM] t=1838.0s | pag=932 | files= 737 | data=724 | cola=14906 | prio=10 | https://datacatalog.worldbank.org/search?fq=%28keywords_list%2Fany%28key%3Akey+eq+%27Geo-referenced+market+locations%27%29%29
[FULL_17_BM] t=1839.1s | pag=933 | files= 737 | data=724 | cola=14905 | prio=10 | https://datacatalog.worldbank.org/search?fq=%28keywords_list%2Fany%28key%3Akey+eq+%27inflation%27%29%29
[FULL_17_BM] t=1839.7s | pag=934 | files= 737 | data=724 | cola=14904 | prio=10 | https://datacatalog.worldbank.org/search?fq=%28keywords_list%2Fany%28key%3Akey+eq+%27Inflation%27%29%29
[FULL_17_BM] t=1840.7s | pag=935 | files= 737 | data=724 | cola=14903 | prio=10 | https://datacatalog.worldbank.org/search?fq=%28keywords_list%2Fany%28key%3Akey+eq+%27Inflation+series%27%29%29
[FULL_17_BM] t=1841.4s | pag=936 | files= 737 | data=724 | cola=14902 | prio=10 | https://datacatalog.worldbank.org/search?fq=%28keywords_list%2Fany%28key%3Akey+eq+%27International+Comparison+Program+%28ICP%29%27%29%29
[FULL_17_BM] t=1841.9s | pag=937 | files= 737 | data=724 | cola=14901 | prio=10 | https://datacatalog.worldbank.org/search?fq=%28keywords_list%2Fany%28key%3Akey+eq+%27International+prices%27%29%29
[FULL_17_BM] t=1842.7s | pag=938 | files= 737 | data=724 | cola=14900 | prio=10 | https://datacatalog.worldbank.org/search?fq=%28keywords_list%2Fany%28key%3Akey+eq+%27Maize%27%29%29
[FULL_17_BM] t=1843.5s | pag=939 | files= 737 | data=724 | cola=14899 | prio=10 | https://datacatalog.worldbank.org/search?fq=%28keywords_list%2Fany%28key%3Akey+eq+%27Market+prices%27%29%29
[FULL_17_BM] t=1844.4s | pag=940 | files= 737 | data=724 | cola=14898 | prio=10 | https://datacatalog.worldbank.org/search?fq=%28keywords_list%2Fany%28key%3Akey+eq+%27National+prices%27%29%29
[FULL_17_BM] t=1845.2s | pag=941 | files= 737 | data=724 | cola=14897 | prio=10 | https://datacatalog.worldbank.org/search?fq=%28keywords_list%2Fany%28key%3Akey+eq+%27National-level+CPI+indicators%27%29%29
[FULL_17_BM] t=1845.8s | pag=942 | files= 737 | data=724 | cola=14896 | prio=10 | https://datacatalog.worldbank.org/search?fq=%28keywords_list%2Fany%28key%3Akey+eq+%27Price+analysis%27%29%29
[FULL_17_BM] t=1846.5s | pag=943 | files= 737 | data=724 | cola=14895 | prio=10 | https://datacatalog.worldbank.org/search?fq=%28keywords_list%2Fany%28key%3Akey+eq+%27Price+fluctuations%27%29%29
[FULL_17_BM] t=1847.0s | pag=944 | files= 737 | data=724 | cola=14894 | prio=10 | https://datacatalog.worldbank.org/search?fq=%28keywords_list%2Fany%28key%3Akey+eq+%27price+imputation%27%29%29
[FULL_17_BM] t=1847.7s | pag=945 | files= 737 | data=724 | cola=14893 | prio=10 | https://datacatalog.worldbank.org/search?fq=%28keywords_list%2Fany%28key%3Akey+eq+%27Price+measurement%27%29%29
[FULL_17_BM] t=1848.3s | pag=946 | files= 737 | data=724 | cola=14892 | prio=10 | https://datacatalog.worldbank.org/search?fq=%28keywords_list%2Fany%28key%3Akey+eq+%27Price+trends%27%29%29
[FULL_17_BM] t=1849.1s | pag=947 | files= 737 | data=724 | cola=14891 | prio=10 | https://datacatalog.worldbank.org/search?fq=%28keywords_list%2Fany%28key%3Akey+eq+%27Price+Volatility%27%29%29
[FULL_17_BM] t=1850.1s | pag=948 | files= 737 | data=724 | cola=14890 | prio=10 | https://datacatalog.worldbank.org/search?fq=%28keywords_list%2Fany%28key%3Akey+eq+%27Real+Time+Food+Prices%27%29%29
[FULL_17_BM] t=1850.8s | pag=949 | files= 737 | data=724 | cola=14889 | prio=10 | https://datacatalog.worldbank.org/search?fq=%28keywords_list%2Fany%28key%3Akey+eq+%27Real-time+data%27%29%29
[FULL_17_BM] t=1851.4s | pag=950 | files= 737 | data=724 | cola=14888 | prio=10 | https://datacatalog.worldbank.org/search?fq=%28keywords_list%2Fany%28key%3Akey+eq+%27Real-time+exchange+rate+data%27%29%29
[FULL_17_BM] t=1852.5s | pag=951 | files= 737 | data=724 | cola=14887 | prio=10 | https://datacatalog.worldbank.org/search?fq=%28keywords_list%2Fany%28key%3Akey+eq+%27Rice%27%29%29
[FULL_17_BM] t=1853.1s | pag=952 | files= 737 | data=724 | cola=14886 | prio=10 | https://datacatalog.worldbank.org/search?fq=%28keywords_list%2Fany%28key%3Akey+eq+%27RTFP%27%29%29
[FULL_17_BM] t=1854.1s | pag=953 | files= 737 | data=724 | cola=14885 | prio=10 | https://datacatalog.worldbank.org/search?fq=%28keywords_list%2Fany%28key%3Akey+eq+%27Sorghum%27%29%29
[FULL_17_BM] t=1855.2s | pag=954 | files= 737 | data=724 | cola=14884 | prio=10 | https://datacatalog.worldbank.org/search?fq=%28keywords_list%2Fany%28key%3Akey+eq+%27Sub-national+price+inflation+series%27%29%29
[FULL_17_BM] t=1855.8s | pag=955 | files= 737 | data=724 | cola=14883 | prio=10 | https://datacatalog.worldbank.org/search?fq=%28keywords_list%2Fany%28key%3Akey+eq+%27Wheat%27%29%29
[FULL_17_BM] t=1856.6s | pag=956 | files= 737 | data=724 | cola=14882 | prio=10 | https://microdata.worldbank.org/index.php/catalog/6102
[FULL_17_BM] DATASETS=725 | data_html_table | https://microdata.worldbank.org/index.php/catalog/6102
[FULL_17_BM] t=1857.8s | pag=957 | files= 737 | data=725 | cola=14892 | prio=10 | https://datacatalog.worldbank.org/search?fq=%28geographical_extent%2Fcoverage%2Fany%28geo%3Ageo%2Fname+eq+%27Tanzania%27%29%29
[FULL_17_BM] t=1858.7s | pag=958 | files= 737 | data=725 | cola=14891 | prio=10 | https://datacatalog.worldbank.org/public-licenses?fragment=external
[FULL_17_BM] t=1859.5s | pag=959 | files= 737 | data=725 | cola=14890 | prio=10 | https://datacatalog.worldbank.org/getting-started
[FULL_17_BM] t=1860.3s | pag=960 | files= 737 | data=725 | cola=14889 | prio=10 | https://blogs.worldbank.org/zh/opendata/can-income-keep-up-with-the-rising-cost-of-a-healthy-diet--new-c
[FULL_17_BM] t=1861.2s | pag=961 | files= 737 | data=726 | cola=14891 | prio=10 | https://blogs.worldbank.org/en/opendata/beyond-calories--benchmarking-access-to-healthy-diets-for-people
[FULL_17_BM] t=1862.0s | pag=962 | files= 737 | data=726 | cola=14895 | prio=10 | https://blogs.worldbank.org/en/opendata/can-everyone-afford-to-eat-healthy--new-data-show-progress--but-
[FULL_17_BM] t=1862.7s | pag=963 | files= 737 | data=727 | cola=14898 | prio=10 | https://blogs.worldbank.org/en/opendata/the-world-bank-s-new-global-poverty-lines-in-2021-prices
[FULL_17_BM] t=1863.4s | pag=964 | files= 737 | data=728 | cola=14901 | prio=10 | https://www.worldbank.org/en/programs/icp/brief/foodpricesfornutrition
[FULL_17_BM] t=1864.3s | pag=965 | files= 753 | data=729 | cola=14915 | prio=10 | https://data360.worldbank.org/en/int/dataset/FAO_CAHD
[FULL_17_BM] t=1866.6s | pag=966 | files= 753 | data=729 | cola=14929 | prio=10 | https://pip.worldbank.org/furtherindicators-data
[FULL_17_BM] t=1867.6s | pag=967 | files= 753 | data=729 | cola=14928 | prio=10 | https://blogs.worldbank.org/fr/opendata
[FULL_17_BM] t=1869.3s | pag=968 | files= 753 | data=729 | cola=14952 | prio=10 | https://blogs.worldbank.org/es/opendata
[FULL_17_BM] t=1870.1s | pag=969 | files= 753 | data=729 | cola=14973 | prio=10 | https://blogs.worldbank.org/ar/opendata
[FULL_17_BM] t=1870.8s | pag=970 | files= 753 | data=729 | cola=14992 | prio=10 | https://blogs.worldbank.org/ru/opendata
[FULL_17_BM] t=1871.4s | pag=971 | files= 753 | data=729 | cola=15004 | prio=10 | https://blogs.worldbank.org/zh/opendata
[FULL_17_BM] t=1872.8s | pag=972 | files= 753 | data=729 | cola=15003 | prio=10 | https://blogs.worldbank.org/en/opendata/who-moves-up-and-why--a-closer-look-at-the-new-world-bank-group-
[FULL_17_BM] t=1873.2s | pag=973 | files= 758 | data=730 | cola=15009 | prio=10 | https://blogs.worldbank.org/en/opendata/the-atlas-of-global-development-2026-shows-the-world-at-a-critic
[FULL_17_BM] t=1874.1s | pag=974 | files= 758 | data=730 | cola=15008 | prio=10 | https://blogs.worldbank.org/en/opendata/how-well-does-ai-speak-your-language-
[FULL_17_BM] t=1874.9s | pag=975 | files= 758 | data=730 | cola=15007 | prio=10 | https://blogs.worldbank.org/en/opendata/commodity-prices-broadly-unchanged-in-july---pink-sheet
[FULL_17_BM] t=1875.9s | pag=976 | files= 759 | data=730 | cola=15006 | prio=10 | https://blogs.worldbank.org/en/opendata/the-world-is-urbanizing-fast---the-window-to-get-it-right-is-nar
[FULL_17_BM] t=1876.7s | pag=977 | files= 759 | data=730 | cola=15005 | prio=10 | https://blogs.worldbank.org/en/opendata/tracking-the-changing-role-of-foreign-direct-investment-and-remi
[FULL_17_BM] t=1877.1s | pag=978 | files= 759 | data=730 | cola=15005 | prio=10 | https://blogs.worldbank.org/en/opendata/global-food-security-monitoring-goes-dark
[FULL_17_BM] t=1877.5s | pag=979 | files= 759 | data=730 | cola=15010 | prio=10 | https://blogs.worldbank.org/en/opendata/what-four-charts-reveal-about-the-global-jobs-challenge
[FULL_17_BM] t=1879.1s | pag=980 | files= 759 | data=731 | cola=15009 | prio=10 | https://blogs.worldbank.org/en/opendata/understanding-country-income--world-bank-group-income-classifica
[FULL_17_BM] t=1880.1s | pag=981 | files= 759 | data=732 | cola=15013 | prio=10 | https://blogs.worldbank.org/en/opendata/world-bank-country-classifications-by-income-level-for-2024-2025
[FULL_17_BM] t=1880.9s | pag=982 | files= 759 | data=733 | cola=15024 | prio=10 | https://blogs.worldbank.org/en/opendata/new-world-bank-group-country-classifications-income-level-fy24
[FULL_17_BM] t=1881.8s | pag=983 | files= 760 | data=734 | cola=15030 | prio=10 | https://blogs.worldbank.org/en/opendata/new-world-bank-country-classifications-income-level-2022-2023
[FULL_17_BM] t=1882.7s | pag=984 | files= 765 | data=735 | cola=15030 | prio=10 | https://blogs.worldbank.org/en/opendata/new-world-bank-country-classifications-income-level-2021-2022
[FULL_17_BM] t=1883.2s | pag=985 | files= 765 | data=736 | cola=15029 | prio=10 | https://blogs.worldbank.org/en/opendata/new-world-bank-country-classifications-income-level-2020-2021
[FULL_17_BM] t=1884.1s | pag=986 | files= 765 | data=737 | cola=15032 | prio=10 | https://blogs.worldbank.org/en/opendata/the-global-internet-gap--what-the-data-tells-us
[FULL_17_BM] t=1885.0s | pag=987 | files= 765 | data=737 | cola=15032 | prio=10 | https://blogs.worldbank.org/en/opendata/shared-prosperity-constitutes-both-income-growth-and-inequality-
[FULL_17_BM] t=1885.6s | pag=988 | files= 765 | data=738 | cola=15033 | prio=10 | https://blogs.worldbank.org/en/opendata/extreme-poverty--hard-won-gains--new-risks-ahead
[FULL_17_BM] t=1886.0s | pag=989 | files= 765 | data=738 | cola=15034 | prio=10 | https://blogs.worldbank.org/en/opendata/failed-twice--weak-learning-in-school--few-skills-learned-on-the
[FULL_17_BM] t=1886.9s | pag=990 | files= 765 | data=738 | cola=15036 | prio=10 | https://blogs.worldbank.org/en/opendata/can-we-even-measure-progress--the-state-of-development-data
[FULL_17_BM] t=1887.8s | pag=991 | files= 765 | data=738 | cola=15036 | prio=10 | https://blogs.worldbank.org/en/opendata/measuring-development-in-years--how-far-countries-are-from-advan
[FULL_17_BM] t=1888.2s | pag=992 | files= 765 | data=739 | cola=15037 | prio=10 | https://blogs.worldbank.org/en/opendata/you-can-t-course-correct-what-you-can-t-see--how-data-and-visual
[FULL_17_BM] t=1888.6s | pag=993 | files= 765 | data=739 | cola=15036 | prio=10 | https://blogs.worldbank.org/en/opendata/how-should-countries-set-realistic-and-ambitious-development-tar
[FULL_17_BM] t=1889.3s | pag=994 | files= 766 | data=740 | cola=15035 | prio=10 | https://blogs.worldbank.org/en/opendata/march-2026-global-poverty-update-from-the-world-bank--new-data-a
[FULL_17_BM] t=1889.9s | pag=995 | files= 767 | data=741 | cola=15037 | prio=10 | https://blogs.worldbank.org/en/opendata/september-2025-global-poverty-update-from-the-world-bank--new-da
[FULL_17_BM] t=1890.8s | pag=996 | files= 767 | data=742 | cola=15037 | prio=10 | https://blogs.worldbank.org/en/opendata/a-dashboard-for-aggregated-poverty-data-for-regional--income--fr
[FULL_17_BM] t=1891.5s | pag=997 | files= 767 | data=742 | cola=15039 | prio=10 | https://blogs.worldbank.org/en/opendata/june-2025-global-poverty-update-from-the-world-bank--2021-ppps-a
[FULL_17_BM] t=1892.0s | pag=998 | files= 767 | data=743 | cola=15040 | prio=10 | https://blogs.worldbank.org/en/opendata/september-2024-global-poverty-update-from-the-world-bank--revise
[FULL_17_BM] t=1892.4s | pag=999 | files= 767 | data=744 | cola=15043 | prio=10 | https://blogs.worldbank.org/en/opendata/march-2024-global-poverty-update-from-the-world-bank--first-esti
[FULL_17_BM] t=1893.1s | pag=1000 | files= 768 | data=744 | cola=15046 | prio=10 | https://blogs.worldbank.org/en/opendata/societal-poverty-measures-poverty-and-inequality-platform-pip
[FULL_17_BM] t=1894.3s | pag=1001 | files= 768 | data=745 | cola=15049 | prio=10 | https://blogs.worldbank.org/en/opendata/illustrating-gap-between-global-extreme-poor-and-global-emissions
[FULL_17_BM] t=1894.7s | pag=1002 | files= 768 | data=746 | cola=15055 | prio=10 | https://blogs.worldbank.org/en/opendata/updated-estimates-prosperity-gap
[FULL_17_BM] t=1895.4s | pag=1003 | files= 768 | data=747 | cola=15063 | prio=10 | https://blogs.worldbank.org/en/opendata/september-2023-global-poverty-update-world-bank-new-data-poverty-during-pandemic-asia
[FULL_17_BM] t=1895.9s | pag=1004 | files= 768 | data=748 | cola=15064 | prio=10 | https://blogs.worldbank.org/en/opendata/using-pips-statistics-online-sol-your-poverty-and-inequality-analysis
[FULL_17_BM] t=1897.3s | pag=1005 | files= 769 | data=749 | cola=15065 | prio=10 | https://blogs.worldbank.org/en/opendata/how-use-pips-api
[FULL_17_BM] DATASETS=750 | exportable_data_page | https://blogs.worldbank.org/en/opendata/how-use-pips-api
[FULL_17_BM] t=1897.9s | pag=1006 | files= 769 | data=750 | cola=15066 | prio=10 | https://blogs.worldbank.org/en/opendata/how-use-pips-statistics-online-sol
[FULL_17_BM] t=1899.6s | pag=1007 | files= 769 | data=751 | cola=15065 | prio=10 | https://blogs.worldbank.org/en/opendata/how-use-pips-poverty-calculator-page
[FULL_17_BM] t=1900.3s | pag=1008 | files= 769 | data=752 | cola=15065 | prio=10 | https://blogs.worldbank.org/en/opendata/how-use-pips-country-profiles-page
[FULL_17_BM] t=1900.8s | pag=1009 | files= 769 | data=753 | cola=15065 | prio=10 | https://blogs.worldbank.org/en/opendata/how-use-pip-homepage
[FULL_17_BM] t=1901.4s | pag=1010 | files= 769 | data=754 | cola=15064 | prio=10 | https://blogs.worldbank.org/en/opendata/beverage-prices-retreat-as-supplies-recover
[FULL_17_BM] t=1902.0s | pag=1011 | files= 769 | data=755 | cola=15065 | prio=10 | https://blogs.worldbank.org/en/opendata/precious-metals-retreat-from-record-highs
[FULL_17_BM] t=1902.7s | pag=1012 | files= 769 | data=756 | cola=15067 | prio=10 | https://blogs.worldbank.org/en/opendata/coal-s-unexpected-comeback--middle-east-conflict-drives-a-return
[FULL_17_BM] t=1903.2s | pag=1013 | files= 769 | data=757 | cola=15071 | prio=10 | https://blogs.worldbank.org/en/opendata/metal-prices-surge-as-supply-pressures-intensify
[FULL_17_BM] t=1903.7s | pag=1014 | files= 769 | data=758 | cola=15072 | prio=10 | https://blogs.worldbank.org/en/opendata/strait-of-hormuz-disruption-sends-natural-gas-prices-surging
[FULL_17_BM] t=1904.5s | pag=1015 | files= 769 | data=759 | cola=15072 | prio=10 | https://blogs.worldbank.org/en/opendata/food-prices-feel-the-heat-as-war-in-the-middle-east-rattles-comm
[FULL_17_BM] t=1905.2s | pag=1016 | files= 769 | data=760 | cola=15072 | prio=10 | https://blogs.worldbank.org/en/opendata/strait-of-hormuz-disruption-sends-oil-prices-surging
[FULL_17_BM] t=1906.0s | pag=1017 | files= 769 | data=761 | cola=15071 | prio=10 | https://blogs.worldbank.org/en/opendata/fertilizer-prices-surge-as-strait-of-hormuz-disruptions-tighten-
[FULL_17_BM] t=1906.4s | pag=1018 | files= 769 | data=762 | cola=15070 | prio=10 | https://blogs.worldbank.org/en/opendata/steady-gains-in-agricultural-raw-material-prices
[FULL_17_BM] t=1907.3s | pag=1019 | files= 769 | data=763 | cola=15069 | prio=10 | https://blogs.worldbank.org/en/opendata/declining-trends-in-national-inequality
[FULL_17_BM] t=1908.0s | pag=1020 | files= 769 | data=763 | cola=15073 | prio=10 | https://blogs.worldbank.org/en/opendata/three-ways-to-use-the-prosperity-gap-index
[FULL_17_BM] t=1908.5s | pag=1021 | files= 769 | data=764 | cola=15075 | prio=10 | https://blogs.worldbank.org/en/opendata/the-prosperity-gap-incorporates-a-penalty-for-high-inequality
[FULL_17_BM] t=1908.9s | pag=1022 | files= 769 | data=765 | cola=15075 | prio=10 | https://blogs.worldbank.org/en/opendata/global-prosperity-gap--the-world-bank-s-new-measure-for-shared-p
[FULL_17_BM] t=1909.5s | pag=1023 | files= 769 | data=765 | cola=15076 | prio=10 | https://blogs.worldbank.org/en/opendata/the-demographic-profile-of-the-global-poor--who-are-the-poor-and
[FULL_17_BM] t=1910.4s | pag=1024 | files= 769 | data=765 | cola=15080 | prio=10 | https://blogs.worldbank.org/en/opendata/the-geography-of-high-inequality--monitoring-the-world-bank-s-ne
[FULL_17_BM] t=1910.9s | pag=1025 | files= 769 | data=766 | cola=15082 | prio=10 | https://blogs.worldbank.org/en/opendata/filling-the-gaps-in-survey-data-for-a-world-free-of-poverty-on-a
[FULL_17_BM] t=1911.7s | pag=1026 | files= 769 | data=767 | cola=15085 | prio=10 | https://blogs.worldbank.org/en/opendata/getting-to-zero--focusing-on-ida-countries-for-ending-poverty
[FULL_17_BM] t=1912.7s | pag=1027 | files= 770 | data=768 | cola=15091 | prio=10 | https://blogs.worldbank.org/en/opendata/the-disconnect-between-regions-at-risk-from-climate-related-haza
[FULL_17_BM] t=1914.1s | pag=1028 | files= 772 | data=769 | cola=15094 | prio=10 | https://blogs.worldbank.org/en/opendata/global-poverty-and-climate-goals-will-remain-out-of-reach-with-b
[FULL_17_BM] t=1914.6s | pag=1029 | files= 772 | data=770 | cola=15094 | prio=10 | https://blogs.worldbank.org/en/opendata/a-higher-standard-of-poverty-in-a-changing-world--the-world-bank
[FULL_17_BM] t=1915.0s | pag=1030 | files= 772 | data=771 | cola=15098 | prio=10 | https://blogs.worldbank.org/en/opendata/the-polycrisis-behind-a-lost-decade-of-poverty-reduction
[FULL_17_BM] t=1915.5s | pag=1031 | files= 773 | data=772 | cola=15100 | prio=10 | https://blogs.worldbank.org/en/opendata/blueprint-for-change--ending-poverty-on-a-livable-planet-is-poss
[FULL_17_BM] t=1916.2s | pag=1032 | files= 773 | data=773 | cola=15100 | prio=10 | https://blogs.worldbank.org/en/opendata/new-international-comparison-program-data-sheds-light-on-global-
[FULL_17_BM] t=1916.9s | pag=1033 | files= 774 | data=774 | cola=15103 | prio=10 | https://blogs.worldbank.org/en/opendata/demystifying-icp-purchasing-power-parity-calculations-using-python-global-results
[FULL_17_BM] DATASETS=775 | data_html_table | https://blogs.worldbank.org/en/opendata/demystifying-icp-purchasing-power-parity-calculations-using-python-global-results
[FULL_17_BM] t=1917.7s | pag=1034 | files= 776 | data=775 | cola=15110 | prio=10 | https://blogs.worldbank.org/en/opendata/demystifying-icp-purchasing-power-parity-calculations-using-python-regional-results
[FULL_17_BM] t=1918.2s | pag=1035 | files= 778 | data=776 | cola=15114 | prio=10 | https://blogs.worldbank.org/en/opendata/how-much-do-countries-spend-education-and-how-do-price-levels-education-compare-three
[FULL_17_BM] t=1918.8s | pag=1036 | files= 778 | data=777 | cola=15113 | prio=10 | https://blogs.worldbank.org/en/opendata/local-prices-global-economy-how-data-international-comparison-program-help-us-monitor
[FULL_17_BM] t=1919.3s | pag=1037 | files= 780 | data=778 | cola=15127 | prio=10 | https://blogs.worldbank.org/en/opendata/size-asia-and-pacific-economy-based-purchasing-power-parities-results-international
[FULL_17_BM] t=1920.2s | pag=1038 | files= 781 | data=779 | cola=15129 | prio=10 | https://blogs.worldbank.org/en/opendata/purchasing-power-parities-policy-making-visual-guide-using-data-international-comparison
[FULL_17_BM] t=1920.8s | pag=1039 | files= 781 | data=780 | cola=15132 | prio=10 | https://blogs.worldbank.org/en/opendata/introducing-the-new-guide-to-the-international-debt-statistics--
[FULL_17_BM] t=1922.0s | pag=1040 | files= 781 | data=780 | cola=15132 | prio=10 | https://blogs.worldbank.org/en/opendata/international-debt-report-2024--low--and-middle-income-countries
[FULL_17_BM] t=1922.5s | pag=1041 | files= 781 | data=780 | cola=15131 | prio=10 | https://blogs.worldbank.org/en/opendata/the-data-behind-the-international-debt-report-2023
[FULL_17_BM] t=1924.1s | pag=1042 | files= 782 | data=781 | cola=15132 | prio=10 | https://blogs.worldbank.org/en/opendata/celebrating-50-years-international-debt-report
[FULL_17_BM] t=1924.7s | pag=1043 | files= 782 | data=782 | cola=15131 | prio=10 | https://blogs.worldbank.org/en/opendata/international-debt-statistics-2022-multilateral-institutions-paved-way-highest-level-net
[FULL_17_BM] t=1926.2s | pag=1044 | files= 783 | data=783 | cola=15130 | prio=10 | https://blogs.worldbank.org/en/opendata/international-debt-statistics-2021-debt-accumulation-low-and-middle-income-countries
[FULL_17_BM] t=1926.6s | pag=1045 | files= 783 | data=784 | cola=15134 | prio=10 | https://blogs.worldbank.org/en/opendata/international-debt-statistics-2020-promoting-debt-transparency-through-newly-published
[FULL_17_BM] t=1927.2s | pag=1046 | files= 783 | data=785 | cola=15136 | prio=10 | https://blogs.worldbank.org/en/opendata/international-debt-statistics-2019-external-debt-stocks-end-2017-stood-over-7-trillion
[FULL_17_BM] t=1928.8s | pag=1047 | files= 783 | data=786 | cola=15140 | prio=10 | http://databank.worldbank.org/
[FULL_17_BM] t=1930.0s | pag=1047 | files= 783 | data=786 | cola=15138 | prio=10 | http://microdata.worldbank.org/
[FULL_17_BM] t=1931.2s | pag=1047 | files= 783 | data=786 | cola=15137 | prio=10 | http://microdata.worldbank.org/index.php/terms-of-use
[FULL_17_BM] t=1932.6s | pag=1048 | files= 783 | data=786 | cola=15138 | prio=10 | http://www.worldbank.org/en/about/legal/terms-of-use-for-datasets
[FULL_17_BM] t=1933.4s | pag=1048 | files= 783 | data=786 | cola=15137 | prio=10 | https://data.worldbank.org/restricted-data
[FULL_17_BM] t=1934.0s | pag=1049 | files= 783 | data=786 | cola=15136 | prio=10 | https://datahelpdesk.worldbank.org/knowledgebase
[FULL_17_BM] t=1935.6s | pag=1050 | files= 783 | data=787 | cola=15135 | prio=10 | https://datahelpdesk.worldbank.org/knowledgebase/articles/201203
[FULL_17_BM] t=1936.7s | pag=1051 | files= 783 | data=787 | cola=15135 | prio=10 | https://datahelpdesk.worldbank.org/knowledgebase/articles/193483
[FULL_17_BM] t=1937.5s | pag=1052 | files= 783 | data=787 | cola=15135 | prio=10 | https://datahelpdesk.worldbank.org/knowledgebase/articles/77935
[FULL_17_BM] t=1938.8s | pag=1053 | files= 783 | data=787 | cola=15136 | prio=10 | https://datahelpdesk.worldbank.org/knowledgebase/articles/114964
[FULL_17_BM] t=1939.9s | pag=1054 | files= 783 | data=787 | cola=15135 | prio=10 | https://www.worldbank.org/en/publication/human-capital
[FULL_17_BM] t=1941.2s | pag=1055 | files= 948 | data=788 | cola=15172 | prio=10 | https://datahelpdesk.worldbank.org/en-header-footer.html
[FULL_17_BM] t=1941.8s | pag=1055 | files= 948 | data=788 | cola=15171 | prio=10 | https://datahelpdesk.worldbank.org/forums/162856-new-data
[FULL_17_BM] t=1943.6s | pag=1056 | files= 948 | data=788 | cola=15175 | prio=10 | https://datahelpdesk.worldbank.org/forums/203367-general-suggestions
[FULL_17_BM] t=1944.7s | pag=1057 | files= 948 | data=788 | cola=15178 | prio=10 | https://datahelpdesk.worldbank.org/forums/170263-website-improvements
[FULL_17_BM] t=1946.0s | pag=1058 | files= 948 | data=788 | cola=15181 | prio=10 | https://datahelpdesk.worldbank.org/forums/170263-website-improvements/suggestions/9069739-fix-jsonp-prefix-capitalization-bug
[FULL_17_BM] t=1947.2s | pag=1059 | files= 948 | data=789 | cola=15187 | prio=10 | https://datahelpdesk.worldbank.org/forums/170263-website-improvements?status_id=1069514
[FULL_17_BM] t=1948.4s | pag=1060 | files= 948 | data=790 | cola=15195 | prio=10 | https://datahelpdesk.worldbank.org/forums/162856-new-data/suggestions/10094457-public-debt-servicing-to-domestic-creditors-of-ase
[FULL_17_BM] t=1949.8s | pag=1061 | files= 948 | data=790 | cola=15199 | prio=10 | https://datahelpdesk.worldbank.org/forums/162856-new-data?status_id=1069514
[FULL_17_BM] t=1951.4s | pag=1062 | files= 948 | data=790 | cola=15219 | prio=10 | https://datahelpdesk.worldbank.org/forums/162856-new-data/suggestions/5959465-housing-supply-quality
[FULL_17_BM] t=1952.8s | pag=1063 | files= 948 | data=790 | cola=15219 | prio=10 | https://datahelpdesk.worldbank.org/knowledgebase/topics/19280-country-classification
[FULL_17_BM] t=1953.6s | pag=1064 | files= 948 | data=790 | cola=15218 | prio=10 | https://datahelpdesk.worldbank.org/knowledgebase/articles/906519-world-bank-country-and-lending-groups
[FULL_17_BM] t=1954.4s | pag=1065 | files= 948 | data=791 | cola=15217 | prio=10 | https://datahelpdesk.worldbank.org/knowledgebase/articles/378834-how-does-the-world-bank-classify-countries
[FULL_17_BM] t=1955.2s | pag=1066 | files= 948 | data=792 | cola=15222 | prio=10 | https://datahelpdesk.worldbank.org/knowledgebase/articles/378833-how-are-the-income-group-thresholds-updated
[FULL_17_BM] t=1956.5s | pag=1067 | files= 948 | data=793 | cola=15223 | prio=10 | https://datahelpdesk.worldbank.org/knowledgebase/articles/378831-why-use-gni-per-capita-to-classify-economies-into
[FULL_17_BM] t=1957.4s | pag=1068 | files= 949 | data=793 | cola=15224 | prio=10 | https://datahelpdesk.worldbank.org/knowledgebase/topics/19371-currencies
[FULL_17_BM] t=1958.3s | pag=1069 | files= 949 | data=793 | cola=15223 | prio=10 | https://datahelpdesk.worldbank.org/knowledgebase/articles/114964-what-are-the-conversion-rates-from-european-moneta
[FULL_17_BM] t=1959.5s | pag=1070 | files= 949 | data=793 | cola=15222 | prio=10 | https://datahelpdesk.worldbank.org/knowledgebase/articles/114944-what-is-an-international-dollar
[FULL_17_BM] t=1960.7s | pag=1071 | files= 949 | data=793 | cola=15222 | prio=10 | https://datahelpdesk.worldbank.org/knowledgebase/articles/114943-how-do-you-derive-constant-price-series-in-usd
[FULL_17_BM] t=1961.8s | pag=1072 | files= 949 | data=793 | cola=15222 | prio=10 | https://datahelpdesk.worldbank.org/knowledgebase/topics/19373-data-compilation-methodology
[FULL_17_BM] t=1962.7s | pag=1073 | files= 949 | data=793 | cola=15224 | prio=10 | https://datahelpdesk.worldbank.org/knowledgebase/articles/906531-methodologies
[FULL_17_BM] t=1964.5s | pag=1074 | files= 949 | data=794 | cola=15226 | prio=10 | https://datahelpdesk.worldbank.org/knowledgebase/articles/114952-how-are-aggregate-growth-rates-computed-for-nation
[FULL_17_BM] t=1965.6s | pag=1075 | files= 949 | data=794 | cola=15226 | prio=10 | https://datahelpdesk.worldbank.org/knowledgebase/articles/378829-what-is-the-sdr-deflator
[FULL_17_BM] t=1966.4s | pag=1076 | files= 949 | data=795 | cola=15227 | prio=10 | https://datahelpdesk.worldbank.org/knowledgebase/articles/114968-how-do-you-derive-your-constant-price-series-for-t
[FULL_17_BM] t=1967.4s | pag=1077 | files= 949 | data=795 | cola=15228 | prio=10 | https://datahelpdesk.worldbank.org/knowledgebase/articles/114946-how-can-i-rescale-a-series-to-a-different-base-yea
[FULL_17_BM] t=1968.3s | pag=1078 | files= 949 | data=795 | cola=15228 | prio=10 | https://datahelpdesk.worldbank.org/knowledgebase/topics/19285-data-not-available
[FULL_17_BM] t=1969.6s | pag=1079 | files= 949 | data=795 | cola=15229 | prio=10 | https://datahelpdesk.worldbank.org/knowledgebase/articles/191133-why-are-some-data-not-available
[FULL_17_BM] t=1970.8s | pag=1080 | files= 949 | data=795 | cola=15229 | prio=10 | https://datahelpdesk.worldbank.org/knowledgebase/articles/114953-do-you-have-global-income-distribution-data
[FULL_17_BM] t=1972.1s | pag=1081 | files= 949 | data=795 | cola=15230 | prio=10 | https://datahelpdesk.worldbank.org/knowledgebase/articles/114937-do-you-have-any-data-on-wealth
[FULL_17_BM] t=1973.1s | pag=1082 | files= 949 | data=795 | cola=15230 | prio=10 | https://datahelpdesk.worldbank.org/knowledgebase/articles/114951-do-you-have-data-for-informal-sectors
[FULL_17_BM] t=1974.5s | pag=1083 | files= 950 | data=795 | cola=15230 | prio=10 | https://datahelpdesk.worldbank.org/knowledgebase/articles/114960-why-is-there-no-poverty-data-for-every-country-eve
[FULL_17_BM] t=1976.2s | pag=1084 | files= 950 | data=795 | cola=15230 | prio=10 | https://datahelpdesk.worldbank.org/knowledgebase/topics/19282-data-updates
[FULL_17_BM] t=1977.4s | pag=1085 | files= 950 | data=795 | cola=15229 | prio=10 | https://datahelpdesk.worldbank.org/knowledgebase/articles/906522-data-updates-and-errata
[FULL_17_BM] t=1980.0s | pag=1086 | files= 979 | data=796 | cola=15253 | prio=10 | https://datahelpdesk.worldbank.org/knowledgebase/articles/114938-do-you-have-more-recent-data-than-i-currently-find
[FULL_17_BM] t=1981.4s | pag=1087 | files= 979 | data=796 | cola=15253 | prio=10 | https://datahelpdesk.worldbank.org/knowledgebase/articles/77928-do-you-have-quarterly-monthly-or-higher-frequency
[FULL_17_BM] t=1982.3s | pag=1088 | files= 979 | data=796 | cola=15255 | prio=10 | https://datahelpdesk.worldbank.org/knowledgebase/topics/19283-databank
[FULL_17_BM] t=1983.2s | pag=1089 | files= 979 | data=797 | cola=15262 | prio=10 | https://datahelpdesk.worldbank.org/knowledgebase/articles/193416-how-do-i-start-in-databank
[FULL_17_BM] t=1984.0s | pag=1090 | files= 979 | data=797 | cola=15262 | prio=10 | https://datahelpdesk.worldbank.org/knowledgebase/articles/193418-how-do-i-select-countries-in-databank
[FULL_17_BM] t=1985.2s | pag=1091 | files= 979 | data=797 | cola=15262 | prio=10 | https://datahelpdesk.worldbank.org/knowledgebase/articles/193419-how-do-i-view-country-and-indicator-notes-metadata
[FULL_17_BM] t=1987.1s | pag=1092 | files= 979 | data=797 | cola=15262 | prio=10 | https://datahelpdesk.worldbank.org/knowledgebase/articles/193421-how-do-i-select-indicators-in-databank
[FULL_17_BM] t=1988.0s | pag=1093 | files= 979 | data=797 | cola=15262 | prio=10 | https://datahelpdesk.worldbank.org/knowledgebase/articles/193422-how-do-i-edit-the-list-of-countries-indicators-an
[FULL_17_BM] t=1989.2s | pag=1094 | files= 979 | data=797 | cola=15262 | prio=10 | https://datahelpdesk.worldbank.org/knowledgebase/articles/889386-developer-information-overview
[FULL_17_BM] t=1990.0s | pag=1095 | files= 979 | data=797 | cola=15261 | prio=10 | https://datahelpdesk.worldbank.org/knowledgebase/articles/1886674-new-features-and-enhancements-in-the-v2-api
[FULL_17_BM] t=1991.3s | pag=1096 | files= 979 | data=798 | cola=15278 | prio=10 | https://datahelpdesk.worldbank.org/knowledgebase/articles/898581-api-basic-call-structures
[FULL_17_BM] t=1992.4s | pag=1097 | files= 979 | data=799 | cola=15299 | prio=10 | https://datahelpdesk.worldbank.org/knowledgebase/articles/898590-country-api-queries
[FULL_17_BM] DATASETS=800 | exportable_data_page | https://datahelpdesk.worldbank.org/knowledgebase/articles/898590-country-api-queries
[FULL_17_BM] t=1993.7s | pag=1098 | files= 979 | data=800 | cola=15301 | prio=10 | https://datahelpdesk.worldbank.org/knowledgebase/topics/19287-external-debt
[FULL_17_BM] t=1994.9s | pag=1099 | files= 979 | data=800 | cola=15300 | prio=10 | https://datahelpdesk.worldbank.org/knowledgebase/articles/474124-what-is-external-debt
[FULL_17_BM] t=1996.3s | pag=1100 | files= 979 | data=800 | cola=15300 | prio=10 | https://datahelpdesk.worldbank.org/knowledgebase/articles/381934-what-is-the-external-debtor-reporting-system-drs
[FULL_17_BM] t=1997.0s | pag=1101 | files= 989 | data=801 | cola=15300 | prio=10 | https://datahelpdesk.worldbank.org/knowledgebase/articles/474126-what-are-stock-figures
[FULL_17_BM] t=1998.1s | pag=1102 | files= 989 | data=801 | cola=15300 | prio=10 | https://datahelpdesk.worldbank.org/knowledgebase/articles/474127-what-is-net-flow
[FULL_17_BM] t=1999.2s | pag=1103 | files= 989 | data=802 | cola=15300 | prio=10 | https://datahelpdesk.worldbank.org/knowledgebase/articles/826488-what-is-the-difference-between-external-debt-stoc
[FULL_17_BM] t=2000.1s | pag=1104 | files= 989 | data=802 | cola=15300 | prio=10 | https://datahelpdesk.worldbank.org/knowledgebase/topics/20192-finance-lending
[FULL_17_BM] t=2001.3s | pag=1105 | files= 989 | data=802 | cola=15299 | prio=10 | https://datahelpdesk.worldbank.org/knowledgebase/articles/114965-do-you-have-data-on-world-bank-interest-rates-by-c
[FULL_17_BM] t=2002.4s | pag=1106 | files= 991 | data=802 | cola=15300 | prio=10 | https://datahelpdesk.worldbank.org/knowledgebase/topics/19377-foreign-direct-investment-fdi
[FULL_17_BM] t=2003.3s | pag=1107 | files= 991 | data=802 | cola=15299 | prio=10 | https://datahelpdesk.worldbank.org/knowledgebase/articles/114954-what-is-the-difference-between-foreign-direct-inve
[FULL_17_BM] t=2004.4s | pag=1108 | files= 991 | data=802 | cola=15299 | prio=10 | https://datahelpdesk.worldbank.org/knowledgebase/articles/195312-is-foreign-direct-investment-fdi-included-in-gro
[FULL_17_BM] t=2005.5s | pag=1109 | files= 991 | data=802 | cola=15299 | prio=10 | https://datahelpdesk.worldbank.org/knowledgebase/topics/151279-gender-data-portal
[FULL_17_BM] t=2006.5s | pag=1110 | files= 991 | data=803 | cola=15304 | prio=10 | https://datahelpdesk.worldbank.org/knowledgebase/articles/1986166-how-can-i-download-data-from-the-gender-data-porta
[FULL_17_BM] t=2007.7s | pag=1111 | files= 991 | data=803 | cola=15304 | prio=10 | https://datahelpdesk.worldbank.org/knowledgebase/articles/1986136-why-are-some-data-not-available
[FULL_17_BM] t=2008.8s | pag=1112 | files= 991 | data=803 | cola=15304 | prio=10 | https://datahelpdesk.worldbank.org/knowledgebase/articles/1986139-how-do-you-use-the-gender-gap-in-the-map-view
[FULL_17_BM] t=2010.2s | pag=1113 | files= 991 | data=803 | cola=15304 | prio=10 | https://datahelpdesk.worldbank.org/knowledgebase/articles/1986142-how-can-i-learn-more-about-a-specific-indicator
[FULL_17_BM] t=2011.3s | pag=1114 | files= 991 | data=803 | cola=15304 | prio=10 | https://datahelpdesk.worldbank.org/knowledgebase/articles/1986145-why-are-some-indicators-disaggregated-whereas-othe
[FULL_17_BM] t=2012.5s | pag=1115 | files= 991 | data=803 | cola=15304 | prio=10 | https://datahelpdesk.worldbank.org/knowledgebase/topics/19375-gross-domestic-product-gdp-gross-national-income
[FULL_17_BM] t=2013.9s | pag=1116 | files= 991 | data=803 | cola=15303 | prio=10 | https://datahelpdesk.worldbank.org/knowledgebase/articles/77932-do-you-have-gross-domestic-product-gdp-and-gross
[FULL_17_BM] t=2015.1s | pag=1117 | files= 991 | data=803 | cola=15303 | prio=10 | https://datahelpdesk.worldbank.org/knowledgebase/articles/114948-what-is-the-difference-between-total-value-added-a
[FULL_17_BM] t=2016.1s | pag=1118 | files= 991 | data=803 | cola=15303 | prio=10 | https://datahelpdesk.worldbank.org/knowledgebase/articles/680284-why-do-countries-revise-their-national-accounts
[FULL_17_BM] t=2017.1s | pag=1119 | files= 991 | data=803 | cola=15303 | prio=10 | https://datahelpdesk.worldbank.org/knowledgebase/articles/114942-what-is-the-difference-between-current-and-constan
[FULL_17_BM] t=2018.2s | pag=1120 | files= 991 | data=803 | cola=15303 | prio=10 | https://datahelpdesk.worldbank.org/knowledgebase/topics/71785-icp-ppps
[FULL_17_BM] t=2019.1s | pag=1121 | files= 991 | data=803 | cola=15302 | prio=10 | https://datahelpdesk.worldbank.org/knowledgebase/articles/665452-how-do-you-extrapolate-the-ppp-conversion-factors
[FULL_17_BM] t=2020.4s | pag=1122 | files= 991 | data=803 | cola=15302 | prio=10 | https://datahelpdesk.worldbank.org/knowledgebase/topics/19292-international-comparison-program-icp
[FULL_17_BM] t=2021.7s | pag=1123 | files= 991 | data=803 | cola=15301 | prio=10 | https://datahelpdesk.worldbank.org/knowledgebase/articles/114945-why-are-some-series-shown-in-purchasing-power-pari
[FULL_17_BM] t=2022.7s | pag=1124 | files= 991 | data=803 | cola=15302 | prio=10 | https://datahelpdesk.worldbank.org/knowledgebase/articles/114947-what-is-the-difference-between-purchaser-prices-p
[FULL_17_BM] t=2023.5s | pag=1125 | files= 991 | data=803 | cola=15302 | prio=10 | https://datahelpdesk.worldbank.org/knowledgebase/topics/38788-microdata
[FULL_17_BM] t=2024.8s | pag=1126 | files= 991 | data=803 | cola=15311 | prio=10 | https://datahelpdesk.worldbank.org/knowledgebase/articles/228873-what-do-we-mean-by-microdata
[FULL_17_BM] t=2026.0s | pag=1127 | files= 991 | data=803 | cola=15311 | prio=10 | https://datahelpdesk.worldbank.org/knowledgebase/articles/235632-how-can-i-contribute-to-improving-the-microdata-li
[FULL_17_BM] t=2027.2s | pag=1128 | files= 991 | data=803 | cola=15311 | prio=10 | https://datahelpdesk.worldbank.org/knowledgebase/articles/235634-i-need-a-dataset-which-is-not-listed-in-your-micro
[FULL_17_BM] t=2028.2s | pag=1129 | files= 991 | data=803 | cola=15311 | prio=10 | https://datahelpdesk.worldbank.org/knowledgebase/articles/235635-what-are-the-research-outputs-associated-with-a-da
[FULL_17_BM] t=2029.4s | pag=1130 | files= 991 | data=803 | cola=15311 | prio=10 | https://datahelpdesk.worldbank.org/knowledgebase/articles/235636-can-you-help-with-analyzing-microdata
[FULL_17_BM] t=2030.6s | pag=1131 | files= 991 | data=803 | cola=15311 | prio=10 | https://datahelpdesk.worldbank.org/knowledgebase/topics/124557-open-data-training
[FULL_17_BM] t=2031.5s | pag=1132 | files= 991 | data=803 | cola=15310 | prio=10 | https://datahelpdesk.worldbank.org/knowledgebase/articles/889374-open-data-training-modules
[FULL_17_BM] t=2032.7s | pag=1133 | files= 991 | data=803 | cola=15315 | prio=10 | https://datahelpdesk.worldbank.org/knowledgebase/topics/19304-other
[FULL_17_BM] t=2033.9s | pag=1134 | files= 991 | data=803 | cola=15314 | prio=10 | https://datahelpdesk.worldbank.org/knowledgebase/articles/201175-how-does-the-world-bank-code-its-indicators
[FULL_17_BM] t=2034.8s | pag=1135 | files= 992 | data=804 | cola=15314 | prio=10 | https://datahelpdesk.worldbank.org/knowledgebase/articles/114940-how-can-i-keep-up-to-date-with-updates-additions
[FULL_17_BM] t=2035.7s | pag=1136 | files= 992 | data=804 | cola=15316 | prio=10 | https://datahelpdesk.worldbank.org/knowledgebase/articles/114958-what-are-emerging-markets
[FULL_17_BM] t=2037.1s | pag=1137 | files= 992 | data=804 | cola=15316 | prio=10 | https://datahelpdesk.worldbank.org/knowledgebase/articles/797676-what-is-the-difference-between-trade-indicators-de
[FULL_17_BM] t=2038.3s | pag=1138 | files= 992 | data=804 | cola=15316 | prio=10 | https://datahelpdesk.worldbank.org/knowledgebase/topics/21164-poverty-data
[FULL_17_BM] t=2039.2s | pag=1139 | files= 992 | data=804 | cola=15320 | prio=10 | https://datahelpdesk.worldbank.org/knowledgebase/articles/746109-why-did-the-world-bank-decide-to-update-the-intern
[FULL_17_BM] t=2040.0s | pag=1140 | files= 992 | data=804 | cola=15321 | prio=10 | https://datahelpdesk.worldbank.org/knowledgebase/articles/746163-what-is-the-2-15-poverty-line-and-based-on-this
[FULL_17_BM] t=2041.2s | pag=1141 | files= 992 | data=804 | cola=15321 | prio=10 | https://datahelpdesk.worldbank.org/knowledgebase/articles/193310-how-is-the-international-poverty-line-derived-how
[FULL_17_BM] t=2042.3s | pag=1142 | files= 992 | data=804 | cola=15323 | prio=10 | https://datahelpdesk.worldbank.org/knowledgebase/articles/193309-should-i-use-national-or-global-poverty-lines
[FULL_17_BM] t=2043.2s | pag=1143 | files= 992 | data=804 | cola=15323 | prio=10 | https://datahelpdesk.worldbank.org/knowledgebase/articles/746172-why-raise-the-poverty-line-to-2-15-a-day-what-wa
[FULL_17_BM] t=2044.4s | pag=1144 | files= 992 | data=804 | cola=15323 | prio=10 | https://datahelpdesk.worldbank.org/knowledgebase/topics/19378-private-sector-ifc
[FULL_17_BM] t=2045.7s | pag=1145 | files= 992 | data=804 | cola=15322 | prio=10 | https://datahelpdesk.worldbank.org/knowledgebase/articles/114961-where-can-i-find-data-on-the-private-sector-and-pr
[FULL_17_BM] t=2046.5s | pag=1146 | files= 992 | data=804 | cola=15323 | prio=10 | https://datahelpdesk.worldbank.org/knowledgebase/topics/19358-quarterly-external-debt-statistics-qeds
[FULL_17_BM] t=2047.9s | pag=1147 | files= 992 | data=804 | cola=15323 | prio=10 | https://datahelpdesk.worldbank.org/knowledgebase/articles/77929-do-you-have-quarterly-external-debt-data
[FULL_17_BM] t=2048.8s | pag=1148 | files= 992 | data=804 | cola=15325 | prio=10 | https://datahelpdesk.worldbank.org/knowledgebase/articles/310912-how-often-is-the-quarterly-external-debt-data-upda
[FULL_17_BM] t=2049.7s | pag=1149 | files= 992 | data=804 | cola=15325 | prio=10 | https://datahelpdesk.worldbank.org/knowledgebase/articles/311787-which-countries-have-reported-data-to-quarterly-ex
[FULL_17_BM] t=2050.9s | pag=1150 | files= 992 | data=805 | cola=15326 | prio=10 | https://datahelpdesk.worldbank.org/knowledgebase/articles/311827-which-countries-subscribe-to-quarterly-external-de
[FULL_17_BM] t=2051.8s | pag=1151 | files= 992 | data=806 | cola=15327 | prio=10 | https://datahelpdesk.worldbank.org/knowledgebase/articles/311834-which-countries-subscribe-to-quarterly-external-de
[FULL_17_BM] t=2052.7s | pag=1152 | files= 992 | data=807 | cola=15328 | prio=10 | https://datahelpdesk.worldbank.org/knowledgebase/topics/49089-quarterly-public-sector-debt
[FULL_17_BM] t=2053.9s | pag=1153 | files= 992 | data=807 | cola=15327 | prio=10 | https://datahelpdesk.worldbank.org/knowledgebase/articles/311566-which-countries-have-reported-data-to-quarterly-pu
[FULL_17_BM] t=2055.2s | pag=1154 | files= 993 | data=808 | cola=15327 | prio=10 | https://datahelpdesk.worldbank.org/knowledgebase/articles/311017-how-often-is-the-quarterly-public-sector-debt-data
[FULL_17_BM] t=2056.2s | pag=1155 | files= 993 | data=809 | cola=15328 | prio=10 | https://datahelpdesk.worldbank.org/knowledgebase/topics/118461-subnational-data
[FULL_17_BM] t=2057.2s | pag=1156 | files= 993 | data=809 | cola=15328 | prio=10 | https://datahelpdesk.worldbank.org/knowledgebase/articles/843492-what-is-the-subnational-population-database
[FULL_17_BM] t=2058.2s | pag=1157 | files= 993 | data=809 | cola=15328 | prio=10 | https://datahelpdesk.worldbank.org/knowledgebase/articles/843498-what-are-the-sources-for-the-subnational-populatio
[FULL_17_BM] t=2060.1s | pag=1158 | files= 993 | data=809 | cola=15328 | prio=10 | https://datahelpdesk.worldbank.org/knowledgebase/articles/843501-what-is-the-estimation-period-for-the-subnational
[FULL_17_BM] t=2061.1s | pag=1159 | files= 993 | data=809 | cola=15328 | prio=10 | https://datahelpdesk.worldbank.org/knowledgebase/articles/843507-what-are-the-methodologies-used-in-estimating-the
[FULL_17_BM] t=2062.3s | pag=1160 | files= 993 | data=809 | cola=15328 | prio=10 | https://datahelpdesk.worldbank.org/knowledgebase/articles/843510-how-are-the-first-level-administrative-division-us
[FULL_17_BM] t=2063.5s | pag=1161 | files= 993 | data=809 | cola=15328 | prio=10 | https://datahelpdesk.worldbank.org/knowledgebase/topics/19286-world-development-indicators-wdi
[FULL_17_BM] t=2064.9s | pag=1162 | files= 993 | data=809 | cola=15332 | prio=10 | https://datahelpdesk.worldbank.org/knowledgebase/articles/191128-how-do-i-access-world-development-indicators-wdi
[FULL_17_BM] t=2065.8s | pag=1163 | files= 993 | data=809 | cola=15334 | prio=10 | https://datahelpdesk.worldbank.org/knowledgebase/articles/114931-do-you-have-data-on-population-projections
[FULL_17_BM] t=2066.8s | pag=1164 | files= 993 | data=809 | cola=15335 | prio=10 | https://datahelpdesk.worldbank.org/knowledgebase/articles/114963-where-can-i-find-data-on-literacy-rates-for-high-i
[FULL_17_BM] t=2067.7s | pag=1165 | files= 993 | data=809 | cola=15335 | prio=10 | https://datahelpdesk.worldbank.org/knowledgebase/articles/114955-how-can-gross-school-enrollment-ratios-be-over-100
[FULL_17_BM] t=2068.7s | pag=1166 | files= 993 | data=809 | cola=15335 | prio=10 | https://datahelpdesk.worldbank.org/knowledgebase/articles/114950-how-do-you-define-remittances
[FULL_17_BM] t=2069.5s | pag=1167 | files= 993 | data=809 | cola=15335 | prio=10 | https://datahelpdesk.worldbank.org/knowledgebase/topics/19303-world-development-report-wdr
[FULL_17_BM] t=2070.5s | pag=1168 | files= 993 | data=809 | cola=15334 | prio=10 | https://datahelpdesk.worldbank.org/knowledgebase/articles/114936-where-can-i-find-the-data-annex-tables-of-the-worl
[FULL_17_BM] t=2071.6s | pag=1169 | files= 993 | data=809 | cola=15336 | prio=10 | https://datahelpdesk.worldbank.org/knowledgebase/articles/all
[FULL_17_BM] t=2073.5s | pag=1170 | files= 993 | data=810 | cola=15337 | prio=10 | https://datahelpdesk.worldbank.org/knowledgebase/articles/en-header-footer.html
[FULL_17_BM] t=2073.9s | pag=1170 | files= 993 | data=810 | cola=15336 | prio=10 | https://datahelpdesk.worldbank.org/knowledgebase/articles/902049-data-catalog-api
[FULL_17_BM] t=2076.2s | pag=1170 | files= 993 | data=810 | cola=15335 | prio=10 | http://projects.worldbank.org/
[FULL_17_BM] t=2077.8s | pag=1171 | files= 993 | data=811 | cola=15346 | prio=10 | https://datahelpdesk.worldbank.org/knowledgebase/articles/902061
[FULL_17_BM] t=2079.9s | pag=1171 | files= 993 | data=811 | cola=15345 | prio=10 | https://datahelpdesk.worldbank.org/admin/faqs/889386
[FULL_17_BM] t=2081.4s | pag=1172 | files= 993 | data=811 | cola=15345 | prio=10 | http://datatopics.worldbank.org/sdgatlas
[FULL_17_BM] t=2082.0s | pag=1172 | files= 993 | data=811 | cola=15344 | prio=10 | https://datatopics.worldbank.org/sdgatlas/archive/2018
[FULL_17_BM] t=2083.4s | pag=1172 | files= 993 | data=811 | cola=15343 | prio=10 | https://datatopics.worldbank.org/sdgatlas/archive/2017
[FULL_17_BM] t=2084.7s | pag=1172 | files= 993 | data=811 | cola=15342 | prio=10 | https://data.worldbank.org/products/ids
[FULL_17_BM] t=2098.7s | pag=1172 | files= 993 | data=811 | cola=15341 | prio=10 | http://datatopics.worldbank.org/debt/qpsd
[FULL_17_BM] t=2100.0s | pag=1172 | files= 993 | data=811 | cola=15340 | prio=10 | https://data.worldbank.org/products/data-books/little-data-book-on-financial-inclusion
[FULL_17_BM] t=2100.9s | pag=1173 | files= 993 | data=812 | cola=15342 | prio=10 | https://data.worldbank.org/products/data-books/little-data-book-on-info-communication-tech
[FULL_17_BM] t=2101.6s | pag=1174 | files= 994 | data=812 | cola=15343 | prio=10 | https://data.worldbank.org/products/data-books/little-data-book-on-financial-development
[FULL_17_BM] t=2102.6s | pag=1175 | files= 995 | data=812 | cola=15348 | prio=10 | https://data.worldbank.org/products/data-books/little-green-data-book
[FULL_17_BM] t=2103.0s | pag=1176 | files= 996 | data=812 | cola=15348 | prio=10 | https://data.worldbank.org/products/data-books/little-data-book-on-gender
[FULL_17_BM] t=2103.8s | pag=1177 | files= 996 | data=812 | cola=15351 | prio=10 | https://data.worldbank.org/products/data-books/little-data-book
[FULL_17_BM] t=2104.7s | pag=1178 | files= 996 | data=812 | cola=15353 | prio=10 | https://data.worldbank.org/products/data-books/little-data-book-on-climate-change
[FULL_17_BM] t=2105.2s | pag=1179 | files= 997 | data=812 | cola=15353 | prio=10 | https://data.worldbank.org/products/data-books/little-data-book-on-private-sector-dvlpmnt
[FULL_17_BM] t=2105.8s | pag=1180 | files= 998 | data=812 | cola=15353 | prio=10 | http://datatopics.worldbank.org/aspire/
[FULL_17_BM] t=2106.8s | pag=1180 | files= 998 | data=812 | cola=15352 | prio=10 | http://datatopics.worldbank.org/cpia/
[FULL_17_BM] t=2108.0s | pag=1180 | files= 998 | data=812 | cola=15351 | prio=10 | http://datatopics.worldbank.org/debt/home
[FULL_17_BM] t=2109.1s | pag=1180 | files= 998 | data=812 | cola=15350 | prio=10 | http://datatopics.worldbank.org/education/EdstatsHome.aspx
[FULL_17_BM] t=2109.9s | pag=1180 | files= 998 | data=812 | cola=15349 | prio=10 | http://datatopics.worldbank.org/financialinclusion
[FULL_17_BM] t=2112.7s | pag=1180 | files= 998 | data=812 | cola=15348 | prio=10 | http://datatopics.worldbank.org/g20fidata/
[FULL_17_BM] t=2113.6s | pag=1180 | files= 998 | data=812 | cola=15347 | prio=10 | http://datatopics.worldbank.org/gender/
[FULL_17_BM] t=2114.7s | pag=1180 | files= 998 | data=812 | cola=15346 | prio=10 | http://datatopics.worldbank.org/gmr
[FULL_17_BM] t=2116.1s | pag=1181 | files= 998 | data=812 | cola=15370 | prio=10 | http://datatopics.worldbank.org/hnp/
[FULL_17_BM] t=2117.5s | pag=1181 | files= 998 | data=812 | cola=15369 | prio=10 | http://datatopics.worldbank.org/child-malnutrition
[FULL_17_BM] t=2119.2s | pag=1182 | files= 998 | data=812 | cola=15587 | prio=10 | https://wits.worldbank.org/country-indicator.aspx
[FULL_17_BM] t=2120.6s | pag=1183 | files=1000 | data=813 | cola=15749 | prio=10 | https://wits.worldbank.org/analyticaldata/evad-countrystats.aspx
[FULL_17_BM] t=2121.3s | pag=1184 | files=1000 | data=814 | cola=15868 | prio=10 | https://wits.worldbank.org/analyticaldata/lacex-countrystats.aspx
[FULL_17_BM] t=2122.1s | pag=1185 | files=1001 | data=815 | cola=16000 | prio=10 | https://wits.worldbank.org/analyticaldata/etrade-indicators.aspx
[FULL_17_BM] t=2123.4s | pag=1186 | files=1001 | data=816 | cola=16002 | prio=10 | https://wits.worldbank.org/tariff/non-tariff-measures/en/ntm-bycountry
[FULL_17_BM] t=2124.1s | pag=1187 | files=1001 | data=817 | cola=16100 | prio=10 | https://wits.worldbank.org/tariff/non-tariff-measures/en/ntm-datavisualization
[FULL_17_BM] t=2124.9s | pag=1188 | files=1001 | data=818 | cola=16106 | prio=10 | https://datahelpdesk.worldbank.org/knowledgebase/articles/902061-climate-data-api
[FULL_17_BM] t=2127.0s | pag=1188 | files=1001 | data=818 | cola=16105 | prio=10 | https://datahelpdesk.worldbank.org/knowledgebase/articles/889464
[FULL_17_BM] t=2128.7s | pag=1189 | files=1001 | data=818 | cola=16106 | prio=10 | http://opendatatoolkit.worldbank.org/
[FULL_17_BM] t=2130.3s | pag=1190 | files=1001 | data=819 | cola=16113 | prio=10 | https://www.worldbank.org/en/programs/global-data-facility/about
[FULL_17_BM] t=2131.3s | pag=1191 | files=1002 | data=820 | cola=16116 | prio=10 | https://www.worldbank.org/en/programs/global-data-facility/areas-of-work
[FULL_17_BM] t=2132.0s | pag=1192 | files=1002 | data=821 | cola=16115 | prio=10 | https://www.worldbank.org/en/programs/global-data-facility/impact
[FULL_17_BM] t=2132.5s | pag=1193 | files=1002 | data=822 | cola=16116 | prio=10 | https://www.worldbank.org/en/programs/global-data-facility/partners
[FULL_17_BM] t=2133.0s | pag=1194 | files=1002 | data=823 | cola=16115 | prio=10 | https://www.worldbank.org/en/programs/global-data-facility/knowledge-hub
[FULL_17_BM] t=2133.6s | pag=1195 | files=1006 | data=824 | cola=16120 | prio=10 | https://www.worldbank.org/en/programs/global-data-facility/what-is-new
[FULL_17_BM] DATASETS=825 | data_chart | https://www.worldbank.org/en/programs/global-data-facility/what-is-new
[FULL_17_BM] t=2134.2s | pag=1196 | files=1007 | data=825 | cola=16126 | prio=10 | https://blogs.worldbank.org/en/opendata/the-global-data-facility--turning-data-into-impact
[FULL_17_BM] t=2135.7s | pag=1197 | files=1007 | data=825 | cola=16128 | prio=10 | https://blogs.worldbank.org/en/opendata/conservation-in-the-path-of-development--new-data-to-guide-road-
[FULL_17_BM] t=2137.4s | pag=1198 | files=1007 | data=825 | cola=16137 | prio=10 | https://blogs.worldbank.org/en/opendata/mapping-progress--how-the-world-bank-is-improving-access-to-glob
[FULL_17_BM] t=2138.1s | pag=1199 | files=1007 | data=825 | cola=16143 | prio=10 | https://blogs.worldbank.org/en/opendata/dialing-up-the-use-of-mobile-phone-data-for-statistics-in-the-so
[FULL_17_BM] t=2139.7s | pag=1200 | files=1007 | data=825 | cola=16144 | prio=10 | https://blogs.worldbank.org/en/opendata/new-poverty-estimates--a-crucial-tool-to-shape-guatemala-s-natio
[FULL_17_BM] t=2140.1s | pag=1201 | files=1008 | data=826 | cola=16147 | prio=10 | https://www.worldbank.org/en/about/unit/unit-dec/dev
[FULL_17_BM] t=2140.7s | pag=1202 | files=1008 | data=826 | cola=16156 | prio=10 | https://wdr2021.worldbank.org/
[FULL_17_BM] t=2142.3s | pag=1203 | files=1008 | data=827 | cola=16172 | prio=10 | https://datatopics.worldbank.org/sdgatlas/goal-1-no-poverty
[FULL_17_BM] t=2143.2s | pag=1204 | files=1012 | data=828 | cola=16171 | prio=10 | https://datatopics.worldbank.org/sdgatlas/goal-2-zero-hunger
[FULL_17_BM] t=2144.3s | pag=1205 | files=1018 | data=829 | cola=16170 | prio=10 | https://datatopics.worldbank.org/sdgatlas/goal-3-good-health-and-well-being
[FULL_17_BM] t=2145.9s | pag=1206 | files=1029 | data=830 | cola=16169 | prio=10 | https://datatopics.worldbank.org/sdgatlas/goal-4-quality-education
[FULL_17_BM] t=2146.8s | pag=1207 | files=1036 | data=831 | cola=16168 | prio=10 | https://datatopics.worldbank.org/sdgatlas/goal-5-gender-equality
[FULL_17_BM] t=2147.9s | pag=1208 | files=1044 | data=832 | cola=16167 | prio=10 | https://datatopics.worldbank.org/sdgatlas/goal-6-clean-water-and-sanitation
[FULL_17_BM] t=2149.1s | pag=1209 | files=1050 | data=833 | cola=16166 | prio=10 | https://datatopics.worldbank.org/sdgatlas/goal-7-affordable-and-clean-energy
[FULL_17_BM] t=2150.0s | pag=1210 | files=1050 | data=834 | cola=16165 | prio=10 | https://datatopics.worldbank.org/sdgatlas/goal-8-decent-work-and-economic-growth
[FULL_17_BM] t=2151.0s | pag=1211 | files=1057 | data=835 | cola=16164 | prio=10 | https://datatopics.worldbank.org/sdgatlas/goal-9-industry-innovation-and-infrastructure
[FULL_17_BM] t=2152.3s | pag=1212 | files=1072 | data=836 | cola=16163 | prio=10 | https://datatopics.worldbank.org/sdgatlas/goal-10-reduced-inequalities
[FULL_17_BM] t=2153.5s | pag=1213 | files=1076 | data=837 | cola=16162 | prio=10 | https://datatopics.worldbank.org/sdgatlas/goal-11-sustainable-cities-and-communities
[FULL_17_BM] t=2154.6s | pag=1214 | files=1085 | data=838 | cola=16161 | prio=10 | https://datatopics.worldbank.org/sdgatlas/goal-12-responsible-consumption-and-production
[FULL_17_BM] t=2155.6s | pag=1215 | files=1089 | data=839 | cola=16160 | prio=10 | https://datatopics.worldbank.org/sdgatlas/goal-13-climate-action
[FULL_17_BM] t=2156.5s | pag=1216 | files=1099 | data=840 | cola=16159 | prio=10 | https://datatopics.worldbank.org/sdgatlas/goal-14-life-below-water
[FULL_17_BM] t=2157.6s | pag=1217 | files=1108 | data=841 | cola=16158 | prio=10 | https://datatopics.worldbank.org/sdgatlas/goal-15-life-on-land
[FULL_17_BM] t=2158.8s | pag=1218 | files=1114 | data=842 | cola=16157 | prio=10 | https://datatopics.worldbank.org/sdgatlas/goal-16-peace-justice-and-strong-institutions
[FULL_17_BM] t=2160.0s | pag=1219 | files=1129 | data=843 | cola=16156 | prio=10 | https://datatopics.worldbank.org/sdgatlas/goal-17-partnerships-for-the-goals
[FULL_17_BM] t=2161.3s | pag=1220 | files=1134 | data=844 | cola=16155 | prio=10 | https://documents.worldbank.org/en/publication/documents-reports
[FULL_17_BM] t=2162.2s | pag=1221 | files=1134 | data=844 | cola=16164 | prio=10 | https://documents.worldbank.org/pt/publication/documents-reports/documentdetail/837061552325989473
[FULL_17_BM] t=2163.4s | pag=1222 | files=1134 | data=844 | cola=16163 | prio=10 | https://www.worldbank.org/pt/news/press-release/2016/01/06/anemic-recovery-in-emerging-markets-to-weigh-heavily-on-global-growth-in-2016
[FULL_17_BM] t=2164.1s | pag=1222 | files=1134 | data=844 | cola=16162 | prio=10 | https://openknowledge.worldbank.org/bitstreams/12782a7a-2657-465d-8ca4-1fc10ea94b51/download
[FULL_17_BM] t=2165.9s | pag=1223 | files=1134 | data=844 | cola=16161 | prio=10 | https://openknowledge.worldbank.org/bitstreams/ef211c41-f305-4e5d-b516-f568bd0876ca/download
[FULL_17_BM] t=2166.8s | pag=1224 | files=1134 | data=844 | cola=16160 | prio=10 | https://openknowledge.worldbank.org/bitstreams/54bcfedf-fe5e-451e-8b59-4a0ca14eeb0c/download
[FULL_17_BM] t=2167.7s | pag=1225 | files=1134 | data=844 | cola=16159 | prio=10 | https://www.worldbank.org/en/research/publication/frontier-markets
[FULL_17_BM] t=2169.0s | pag=1226 | files=1134 | data=845 | cola=16164 | prio=10 | https://www.worldbank.org/en/research/publication/fragile-and-conflict-affected-situations-vulnerabilities
[FULL_17_BM] t=2169.7s | pag=1227 | files=1134 | data=845 | cola=16166 | prio=10 | https://www.worldbank.org/en/research/publication/foreign-direct-investment
[FULL_17_BM] t=2170.1s | pag=1228 | files=1134 | data=845 | cola=16167 | prio=10 | https://www.worldbank.org/en/research/publication/fiscal-vulnerabilities
[FULL_17_BM] t=2170.5s | pag=1229 | files=1134 | data=845 | cola=16169 | prio=10 | https://www.worldbank.org/en/research/publication/prospects-risks-and-policies-in-IDA-countries
[FULL_17_BM] t=2172.0s | pag=1230 | files=1135 | data=845 | cola=16174 | prio=10 | https://www.worldbank.org/en/research/publication/long-term-growth-prospects
[FULL_17_BM] t=2178.8s | pag=1231 | files=1137 | data=845 | cola=16177 | prio=10 | https://www.worldbank.org/en/research/publication/commodity-markets
[FULL_17_BM] t=2180.9s | pag=1232 | files=1140 | data=846 | cola=16181 | prio=10 | https://www.worldbank.org/en/research/publication/informal-economy
[FULL_17_BM] t=2184.2s | pag=1233 | files=1142 | data=846 | cola=16186 | prio=10 | https://www.worldbank.org/en/research/publication/global-productivity
[FULL_17_BM] t=2190.2s | pag=1234 | files=1151 | data=846 | cola=16189 | prio=10 | https://www.worldbank.org/en/research/publication/waves-of-debt
[FULL_17_BM] t=2192.6s | pag=1235 | files=1152 | data=846 | cola=16192 | prio=10 | https://www.worldbank.org/en/research/publication/decade-after-global-recession
[FULL_17_BM] t=2196.8s | pag=1236 | files=1155 | data=846 | cola=16194 | prio=10 | https://www.worldbank.org/en/research/publication/inflation-in-emerging-and-developing-economies
[FULL_17_BM] t=2201.8s | pag=1237 | files=1158 | data=846 | cola=16197 | prio=10 | https://openknowledge.worldbank.org/bitstreams/352f5fd0-17f4-4215-bd8a-c7c8f6da4b92/download
[FULL_17_BM] t=2203.5s | pag=1238 | files=1158 | data=846 | cola=16196 | prio=10 | https://openknowledge.worldbank.org/bitstreams/ea6cbcef-724f-4eaf-9825-f6e2a7076541/download
[FULL_17_BM] t=2204.5s | pag=1239 | files=1158 | data=846 | cola=16195 | prio=10 | https://openknowledge.worldbank.org/bitstreams/47da3167-5500-4625-ae79-c7d03f4d475b/download
[FULL_17_BM] t=2205.2s | pag=1240 | files=1158 | data=846 | cola=16194 | prio=10 | https://openknowledge.worldbank.org/bitstreams/b42e60f7-159d-46bd-af2c-d5c25364fa79/download
[FULL_17_BM] t=2206.1s | pag=1241 | files=1158 | data=846 | cola=16193 | prio=10 | https://openknowledge.worldbank.org/bitstreams/975af635-3c67-4907-bbce-a95aa1ac2dde/download
[FULL_17_BM] t=2207.0s | pag=1242 | files=1158 | data=846 | cola=16192 | prio=10 | https://openknowledge.worldbank.org/bitstreams/eca5f44c-c266-4765-bd35-4f06b4eadd9c/download
[FULL_17_BM] t=2207.9s | pag=1243 | files=1158 | data=846 | cola=16191 | prio=10 | https://www.worldbank.org/en/topic/health/overview
[FULL_17_BM] t=2208.8s | pag=1244 | files=1158 | data=846 | cola=16241 | prio=10 | https://www.worldbank.org/en/programs/accountability/data-privacy
[FULL_17_BM] t=2209.3s | pag=1245 | files=1161 | data=846 | cola=16244 | prio=10 | https://documents.worldbank.org/pt/publication/documents-reports/documentdetail/099827011182513988
[FULL_17_BM] t=2210.0s | pag=1246 | files=1161 | data=846 | cola=16243 | prio=10 | https://documents.worldbank.org/pt/publication/documents-reports/documentdetail/099451102172652767
[FULL_17_BM] t=2211.2s | pag=1247 | files=1161 | data=846 | cola=16242 | prio=10 | https://openknowledge.worldbank.org/bitstreams/d5d445ac-35f1-41a8-ab6b-debfd4eeb47c/download
[FULL_17_BM] t=2212.2s | pag=1248 | files=1161 | data=846 | cola=16241 | prio=10 | https://www.worldbank.org/en/news/press-release/2025/12/11/international-standards-proliferate-reshaping-global-economy-too-many-developing-countries-are-left-behind-report-finds
[FULL_17_BM] t=2212.9s | pag=1249 | files=1161 | data=846 | cola=16243 | prio=10 | https://www.worldbank.org/pt/news/press-release/2025/12/11/international-standards-proliferate-reshaping-global-economy-too-many-developing-countries-are-left-behind-report-finds
[FULL_17_BM] t=2213.6s | pag=1250 | files=1161 | data=846 | cola=16243 | prio=10 | https://www.worldbank.org/en/publication/wdr2025/brief/world-development-report-2025-team-members
[FULL_17_BM] t=2215.1s | pag=1251 | files=1161 | data=846 | cola=16242 | prio=10 | https://www.worldbank.org/en/publication/wdr2025/brief/world-development-report-2025-background-papers
[FULL_17_BM] t=2215.8s | pag=1252 | files=1177 | data=846 | cola=16242 | prio=10 | https://www.worldbank.org/en/publication/wdr2025/brief/world-development-report-2025-events
[FULL_17_BM] t=2216.5s | pag=1253 | files=1188 | data=847 | cola=16256 | prio=10 | https://openknowledge.worldbank.org/bitstreams/de1331b2-0edc-45f9-a010-1dbb550bdf69/download
[FULL_17_BM] t=2217.1s | pag=1254 | files=1188 | data=847 | cola=16255 | prio=10 | https://openknowledge.worldbank.org/bitstreams/8ffcba79-91e2-40b2-8d14-0a57b97381ef/download
[FULL_17_BM] t=2217.7s | pag=1255 | files=1188 | data=847 | cola=16254 | prio=10 | https://openknowledge.worldbank.org/bitstreams/5d7951aa-a19c-4686-af26-04cd256f790c/download
[FULL_17_BM] t=2218.5s | pag=1256 | files=1188 | data=847 | cola=16253 | prio=10 | https://openknowledge.worldbank.org/bitstreams/bd779da0-5a54-4732-8d20-637320f4447a/download
[FULL_17_BM] t=2219.6s | pag=1257 | files=1188 | data=847 | cola=16252 | prio=10 | https://openknowledge.worldbank.org/bitstreams/1db12f64-5d19-403d-bd20-04e9f8172699/download
[FULL_17_BM] t=2220.6s | pag=1258 | files=1188 | data=847 | cola=16251 | prio=10 | https://openknowledge.worldbank.org/bitstreams/c3c6dcab-abf3-45bf-81ac-e2986f630463/download
[FULL_17_BM] t=2221.6s | pag=1259 | files=1188 | data=847 | cola=16250 | prio=10 | https://openknowledge.worldbank.org/bitstreams/8643585d-c9b7-40c3-ab1b-ec56c074fd13/download
[FULL_17_BM] t=2222.1s | pag=1260 | files=1188 | data=847 | cola=16249 | prio=10 | https://openknowledge.worldbank.org/bitstreams/284733dc-a487-4a35-a481-98ba6e1b432a/download
[FULL_17_BM] t=2223.0s | pag=1261 | files=1188 | data=847 | cola=16248 | prio=10 | https://openknowledge.worldbank.org/bitstreams/0efad966-883f-4979-9e7d-df87e677e417/download
[FULL_17_BM] t=2223.5s | pag=1262 | files=1188 | data=847 | cola=16247 | prio=10 | https://openknowledge.worldbank.org/bitstreams/f2d36be1-c7fa-46d8-ba35-2e72c7d1c4be/download
[FULL_17_BM] t=2224.4s | pag=1263 | files=1188 | data=847 | cola=16246 | prio=10 | https://openknowledge.worldbank.org/bitstreams/6a758bd3-8760-4c19-a043-f5771f9e5428/download
[FULL_17_BM] t=2225.2s | pag=1264 | files=1188 | data=847 | cola=16245 | prio=10 | https://openknowledge.worldbank.org/bitstreams/c5c0d164-1eb8-40f2-ba23-11207d6ce277/download
[FULL_17_BM] t=2225.8s | pag=1265 | files=1188 | data=847 | cola=16244 | prio=10 | https://openknowledge.worldbank.org/bitstreams/44913822-971f-4f06-9fe4-33fa2168ecb9/download
[FULL_17_BM] t=2226.6s | pag=1266 | files=1188 | data=847 | cola=16243 | prio=10 | https://openknowledge.worldbank.org/bitstreams/d5c38dc0-c7d1-476c-aad8-fb4243849c48/download
[FULL_17_BM] t=2227.6s | pag=1267 | files=1188 | data=847 | cola=16242 | prio=10 | https://openknowledge.worldbank.org/bitstreams/fe9a139d-b5d1-4c14-84be-74d3b7e3d48e/download
[FULL_17_BM] t=2228.6s | pag=1268 | files=1188 | data=847 | cola=16241 | prio=10 | https://openknowledge.worldbank.org/bitstreams/21c88985-c171-414d-9d64-392727f25e2e/download
[FULL_17_BM] t=2229.6s | pag=1269 | files=1188 | data=847 | cola=16240 | prio=10 | https://openknowledge.worldbank.org/bitstreams/8f58186e-1612-4d95-a6e3-8af36cf23a27/download
[FULL_17_BM] t=2230.7s | pag=1270 | files=1188 | data=847 | cola=16239 | prio=10 | https://openknowledge.worldbank.org/bitstreams/e691f88c-374d-4850-9e6a-fc0b528eba41/download
[FULL_17_BM] t=2231.5s | pag=1271 | files=1188 | data=847 | cola=16238 | prio=10 | https://openknowledge.worldbank.org/bitstreams/a8143ad0-e46d-4c88-ad75-d04ea494aeb4/download
[FULL_17_BM] t=2232.3s | pag=1272 | files=1188 | data=847 | cola=16237 | prio=10 | https://openknowledge.worldbank.org/bitstreams/8396ba33-6eed-4a46-8bc1-099bd469b1f6/download
[FULL_17_BM] t=2233.3s | pag=1273 | files=1188 | data=847 | cola=16236 | prio=10 | https://www.worldbank.org/en/publication/wdr2024/brief/world-development-report-2024-team-members
[FULL_17_BM] t=2234.1s | pag=1274 | files=1188 | data=847 | cola=16250 | prio=10 | https://www.worldbank.org/en/publication/wdr2024/brief/world-development-report-2024-background-papers
[FULL_17_BM] t=2234.8s | pag=1275 | files=1202 | data=847 | cola=16249 | prio=10 | https://www.worldbank.org/en/publication/wdr2024/brief/world-development-report-2024-events
[FULL_17_BM] t=2235.5s | pag=1276 | files=1222 | data=847 | cola=16263 | prio=10 | https://www.worldbank.org/en/publication/wdr2024/brief/world-development-report-2024-press-coverage
[FULL_17_BM] t=2235.9s | pag=1277 | files=1222 | data=847 | cola=16262 | prio=10 | https://www.worldbank.org/en/publication/wdr2024/brief/world-development-report-2024-main-messages
[FULL_17_BM] t=2236.4s | pag=1278 | files=1222 | data=847 | cola=16261 | prio=10 | https://openknowledge.worldbank.org/bitstreams/607eb2e8-4cd1-4598-baf7-ecdc3f4f73fc/download
[FULL_17_BM] t=2237.3s | pag=1279 | files=1222 | data=847 | cola=16260 | prio=10 | https://openknowledge.worldbank.org/bitstreams/42fbe64f-2908-4152-bdf3-c78fe5799bd6/download
[FULL_17_BM] t=2238.0s | pag=1280 | files=1222 | data=847 | cola=16259 | prio=10 | https://openknowledge.worldbank.org/bitstreams/0d3717b9-d97e-4485-b333-bbb0f05e7ee4/download
[FULL_17_BM] t=2238.7s | pag=1281 | files=1222 | data=847 | cola=16258 | prio=10 | https://openknowledge.worldbank.org/bitstreams/a5c0ee14-a55b-4d96-9e23-a1be8fd8b47e/download
[FULL_17_BM] t=2239.5s | pag=1282 | files=1222 | data=847 | cola=16257 | prio=10 | https://openknowledge.worldbank.org/bitstreams/9b7cebdb-d543-4011-902d-83603e4bd010/download
[FULL_17_BM] t=2240.2s | pag=1283 | files=1222 | data=847 | cola=16256 | prio=10 | https://openknowledge.worldbank.org/bitstreams/988d123c-1100-4a7e-9101-da3623b9dc08/download
[FULL_17_BM] t=2240.7s | pag=1284 | files=1222 | data=847 | cola=16255 | prio=10 | https://openknowledge.worldbank.org/bitstreams/07171984-cc15-4489-9a4e-a5350cad1da6/download
[FULL_17_BM] t=2241.5s | pag=1285 | files=1222 | data=847 | cola=16254 | prio=10 | https://openknowledge.worldbank.org/bitstreams/630d7da3-e0ca-4de5-8d76-e594c9cec4cd/download
[FULL_17_BM] t=2242.1s | pag=1286 | files=1222 | data=847 | cola=16253 | prio=10 | https://openknowledge.worldbank.org/bitstreams/e0214224-6e14-4cd0-94bb-87fb0a5e1fc5/download
[FULL_17_BM] t=2243.2s | pag=1287 | files=1222 | data=847 | cola=16252 | prio=10 | https://openknowledge.worldbank.org/bitstreams/f1d594c8-e695-428b-9547-07eef8b93631/download
[FULL_17_BM] t=2243.9s | pag=1288 | files=1222 | data=847 | cola=16251 | prio=10 | https://openknowledge.worldbank.org/bitstreams/ee9028e1-57b8-40d2-9c18-f08733008994/download
[FULL_17_BM] t=2244.7s | pag=1289 | files=1222 | data=847 | cola=16250 | prio=10 | https://openknowledge.worldbank.org/bitstreams/8bf82a23-2a87-4e80-abdc-979760c3a212/download
[FULL_17_BM] t=2245.7s | pag=1290 | files=1222 | data=847 | cola=16249 | prio=10 | https://openknowledge.worldbank.org/bitstreams/4614f1b7-6119-4d2c-9643-fdcc6816406c/download
[FULL_17_BM] t=2246.6s | pag=1291 | files=1222 | data=847 | cola=16248 | prio=10 | https://www.worldbank.org/en/publication/wdr2023/bios
[FULL_17_BM] t=2247.2s | pag=1292 | files=1222 | data=847 | cola=16251 | prio=10 | https://www.worldbank.org/en/publication/wdr2023/Events
[FULL_17_BM] t=2248.1s | pag=1293 | files=1224 | data=847 | cola=16252 | prio=10 | https://www.worldbank.org/en/publication/wdr2023/data
[FULL_17_BM] t=2429.8s | pag=1294 | files=1313 | data=848 | cola=16251 | prio=10 | https://www.worldbank.org/en/publication/wdr2023/learning
[FULL_17_BM] t=2430.7s | pag=1295 | files=1313 | data=848 | cola=16259 | prio=10 | https://www.worldbank.org/en/publication/wdr2023/backgroundpapers
[FULL_17_BM] t=2431.6s | pag=1296 | files=1326 | data=848 | cola=16258 | prio=10 | https://www.worldbank.org/en/publication/wdr2023/dissemination
[FULL_17_BM] t=2433.2s | pag=1297 | files=1326 | data=848 | cola=16257 | prio=10 | https://documents.worldbank.org/en/publication/documents-reports/documentdetail/099020325194013546
[FULL_17_BM] t=2434.7s | pag=1298 | files=1326 | data=848 | cola=16257 | prio=10 | https://openknowledge.worldbank.org/entities/publication/16dc38c7-5028-4fb5-8a03-16fc019a526e
[FULL_17_BM] t=2436.1s | pag=1299 | files=1326 | data=848 | cola=16256 | prio=10 | https://openknowledge.worldbank.org/entities/publication/15c01ee0-b9ef-4f8a-95a1-8b454f594cf8
[FULL_17_BM] t=2437.1s | pag=1300 | files=1326 | data=848 | cola=16255 | prio=10 | https://live.worldbank.org/events/world-development-report-migrants-refugees-societies
[FULL_17_BM] t=2438.5s | pag=1301 | files=1328 | data=848 | cola=16275 | prio=10 | https://www.worldbank.org/en/news/video/2023/04/24/why-countries-may-start-competing-for-more-migrants-world-development-report-2023
[FULL_17_BM] t=2439.7s | pag=1302 | files=1328 | data=848 | cola=16276 | prio=10 | https://www.worldbank.org/en/news/video/2023/04/26/summary-of-the-world-development-report-2023-key-findings
[FULL_17_BM] t=2440.7s | pag=1303 | files=1328 | data=848 | cola=16275 | prio=10 | https://www.worldbank.org/en/news/video/2023/07/13/what-a-fish-farm-can-teach-us-about-migration-angelito-s-overseas-career-world-development-report-2023
[FULL_17_BM] t=2441.3s | pag=1304 | files=1328 | data=848 | cola=16275 | prio=10 | https://www.worldbank.org/pt/publication/wdr2022
[FULL_17_BM] t=2442.8s | pag=1305 | files=1328 | data=848 | cola=16275 | prio=10 | https://aemauthor.worldbank.org/content/publication/wdr2022/en.html
[FULL_17_BM] t=2446.6s | pag=1305 | files=1328 | data=848 | cola=16274 | prio=10 | https://www.worldbank.org/en/publication/wdr2022/brief/chapter-1-introduction-the-economic-impacts-of-the-covid-19-crisis
[FULL_17_BM] t=2447.5s | pag=1306 | files=1328 | data=848 | cola=16279 | prio=10 | https://www.worldbank.org/en/publication/wdr2022/brief/chapter-2-resolving-bank-asset-distress
[FULL_17_BM] t=2448.4s | pag=1307 | files=1329 | data=848 | cola=16281 | prio=10 | https://www.worldbank.org/en/publication/wdr2022/brief/chapter-3-restructuring-firm-and-household-debt
[FULL_17_BM] t=2449.0s | pag=1308 | files=1334 | data=848 | cola=16282 | prio=10 | https://www.worldbank.org/en/publication/wdr2022/brief/chapter-4-lending-during-the-recovery-and-beyond
[FULL_17_BM] t=2449.8s | pag=1309 | files=1335 | data=849 | cola=16285 | prio=10 | https://www.worldbank.org/en/publication/wdr2022/brief/chapter-5-managing-sovereign-debt
[FULL_17_BM] t=2450.7s | pag=1310 | files=1335 | data=849 | cola=16286 | prio=10 | https://www.worldbank.org/en/publication/wdr2022/brief/chapter-6-policy-priorities-for-the-recovery
[FULL_17_BM] t=2451.1s | pag=1311 | files=1335 | data=849 | cola=16285 | prio=10 | https://www.worldbank.org/pt/publication/wdr2022/brief/chapter-1-introduction-the-economic-impacts-of-the-covid-19-crisis
[FULL_17_BM] t=2451.9s | pag=1312 | files=1335 | data=849 | cola=16284 | prio=10 | https://www.worldbank.org/pt/publication/wdr2022/brief/chapter-2-resolving-bank-asset-distress
[FULL_17_BM] t=2452.5s | pag=1313 | files=1335 | data=849 | cola=16283 | prio=10 | https://www.worldbank.org/pt/publication/wdr2022/brief/chapter-3-restructuring-firm-and-household-debt
[FULL_17_BM] t=2453.4s | pag=1314 | files=1335 | data=849 | cola=16282 | prio=10 | https://www.worldbank.org/pt/publication/wdr2022/brief/chapter-4-lending-during-the-recovery-and-beyond
[FULL_17_BM] t=2453.9s | pag=1315 | files=1335 | data=849 | cola=16281 | prio=10 | https://www.worldbank.org/pt/publication/wdr2022/brief/chapter-5-managing-sovereign-debt
[FULL_17_BM] t=2454.6s | pag=1316 | files=1335 | data=849 | cola=16280 | prio=10 | https://www.worldbank.org/pt/publication/wdr2022/brief/chapter-6-policy-priorities-for-the-recovery
[FULL_17_BM] t=2456.2s | pag=1317 | files=1335 | data=849 | cola=16279 | prio=10 | https://www.worldbank.org/en/publication/wdr2022/brief/world-development-report-2022-blogs-on-finance
[FULL_17_BM] t=2457.2s | pag=1318 | files=1335 | data=849 | cola=16284 | prio=10 | https://www.worldbank.org/en/publication/wdr2022/brief/world-development-report-2022-press-and-media-coverage
[FULL_17_BM] t=2457.8s | pag=1319 | files=1335 | data=849 | cola=16284 | prio=10 | https://www.worldbank.org/en/publication/wdr2022/brief/world-development-report-2022-consultations
[FULL_17_BM] t=2459.0s | pag=1320 | files=1335 | data=849 | cola=16283 | prio=10 | https://www.worldbank.org/en/publication/wdr2022/brief/world-development-report-2022-team-members
[FULL_17_BM] t=2460.1s | pag=1321 | files=1335 | data=849 | cola=16286 | prio=10 | https://www.worldbank.org/en/publication/wdr2020/brief/world-development-report-2020-data
[FULL_17_BM] DATASETS=850 | exportable_data_page | https://www.worldbank.org/en/publication/wdr2020/brief/world-development-report-2020-data
[FULL_17_BM] t=2460.5s | pag=1322 | files=1346 | data=850 | cola=16285 | prio=10 | https://www.worldbank.org/en/publication/wdr2020/brief/world-development-report-2020-background-papers
[FULL_17_BM] t=2461.3s | pag=1323 | files=1347 | data=850 | cola=16297 | prio=10 | https://www.worldbank.org/en/publication/wdr2020/brief/world-development-report-2020-news-and-media-coverage
[FULL_17_BM] t=2462.6s | pag=1324 | files=1347 | data=850 | cola=16297 | prio=10 | https://www.worldbank.org/en/publication/wdr2020/brief/world-development-report-2020-team-members
[FULL_17_BM] t=2463.0s | pag=1325 | files=1347 | data=850 | cola=16298 | prio=10 | https://wits.worldbank.org/gvc/gvc-data-visualization.html
[FULL_17_BM] t=2464.4s | pag=1326 | files=1347 | data=850 | cola=16309 | prio=10 | https://blogs.worldbank.org/search?f%5B0%5D=language%3Aen&f%5B1%5D=series%3A846&keyword=
[FULL_17_BM] t=2467.2s | pag=1327 | files=1347 | data=850 | cola=16308 | prio=10 | https://www.worldbank.org/en/publication/wdr2020/brief/world-development-report-2020-consultation
[FULL_17_BM] t=2468.7s | pag=1328 | files=1347 | data=850 | cola=16307 | prio=10 | https://www.worldbank.org/en/publication/wdr2019/brief/world-development-report-2019-competition-winners
[FULL_17_BM] t=2469.3s | pag=1329 | files=1348 | data=850 | cola=16306 | prio=10 | https://www.worldbank.org/en/data/interactive/2018/10/18/human-capital-index-and-components-2018
[FULL_17_BM] t=2470.1s | pag=1330 | files=1348 | data=851 | cola=16307 | prio=10 | https://www.worldbank.org/en/publication/wdr2019/brief/world-development-report-2019-in-the-news-and-media
[FULL_17_BM] t=2471.4s | pag=1331 | files=1348 | data=851 | cola=16306 | prio=10 | https://www.worldbank.org/en/publication/wdr2019/brief/world-development-report-2019-team-members
[FULL_17_BM] t=2472.9s | pag=1332 | files=1349 | data=851 | cola=16307 | prio=10 | https://blogs.worldbank.org/developmenttalk/world-development-report-2019-changing-nature-work-finally-out-officially-0
[FULL_17_BM] t=2474.8s | pag=1332 | files=1349 | data=851 | cola=16306 | prio=10 | https://blogs.worldbank.org/search?f%5B0%5D=language%3Aen&f%5B1%5D=series%3A643&f%5B2%5D=series%3A644&f%5B3%5D=series%3A645&keyword=
[FULL_17_BM] t=2477.7s | pag=1333 | files=1349 | data=851 | cola=16305 | prio=10 | https://www.worldbank.org/en/publication/wdr2019/brief/world-development-report-2019-consultation
[FULL_17_BM] t=2478.2s | pag=1334 | files=1349 | data=851 | cola=16304 | prio=10 | https://www.worldbank.org/en/publication/wdr2018/brief/world-development-report-2018-media-coverage
[FULL_17_BM] t=2479.4s | pag=1335 | files=1349 | data=851 | cola=16306 | prio=10 | https://www.worldbank.org/en/news/video/2017/09/26/world-development-report-2018-learning-to-realize-educations-promise
[FULL_17_BM] t=2480.0s | pag=1335 | files=1349 | data=851 | cola=16305 | prio=10 | https://blogs.worldbank.org/opendata/crisis-learning-9-charts-2018-world-development-report
[FULL_17_BM] t=2482.2s | pag=1336 | files=1349 | data=852 | cola=16311 | prio=10 | https://www.worldbank.org/en/publication/wdr2018/brief/world-development-report-2018-data
[FULL_17_BM] t=2483.2s | pag=1337 | files=1349 | data=853 | cola=16310 | prio=10 | https://www.worldbank.org/en/publication/wdr2018/brief/world-development-report-2018-team-members
[FULL_17_BM] t=2483.9s | pag=1338 | files=1349 | data=853 | cola=16312 | prio=10 | https://www.worldbank.org/en/publication/wdr2018/brief/world-development-report-2018-background-papers
[FULL_17_BM] t=2485.1s | pag=1339 | files=1351 | data=853 | cola=16323 | prio=10 | https://blogs.worldbank.org/search?f%5B0%5D=language%3Aen&f%5B1%5D=series%3A643&f%5B2%5D=series%3A644&keyword=
[FULL_17_BM] t=2487.2s | pag=1340 | files=1351 | data=853 | cola=16322 | prio=10 | https://live.worldbank.org/world-development-report-2017
[FULL_17_BM] t=2489.9s | pag=1341 | files=1351 | data=853 | cola=16344 | prio=10 | https://blogs.worldbank.org/opendata/2017-world-development-report-governance-and-law-in-charts
[FULL_17_BM] t=2491.6s | pag=1341 | files=1351 | data=853 | cola=16343 | prio=10 | https://www.worldbank.org/en/research/brief/world-development-report-2017-team-memebers
[FULL_17_BM] t=2492.0s | pag=1342 | files=1351 | data=853 | cola=16342 | prio=10 | https://blogs.worldbank.org/search?f%5B0%5D=language%3Aen&f%5B1%5D=series%3A643&keyword=
[FULL_17_BM] t=2494.5s | pag=1343 | files=1351 | data=853 | cola=16341 | prio=10 | https://www.worldbank.org/en/publication/wdr2016/about
[FULL_17_BM] t=2495.5s | pag=1344 | files=1352 | data=853 | cola=16343 | prio=10 | https://www.worldbank.org/en/publication/wdr2016/background-papers
[FULL_17_BM] t=2496.3s | pag=1345 | files=1353 | data=853 | cola=16343 | prio=10 | https://www.worldbank.org/en/publication/wdr2016/wdr-reports
[FULL_17_BM] t=2497.4s | pag=1345 | files=1353 | data=853 | cola=16342 | prio=10 | https://blogs.worldbank.org/search?f%5B0%5D=language%3Aen&f%5B1%5D=series%3A642&keyword=
[FULL_17_BM] t=2499.5s | pag=1346 | files=1353 | data=853 | cola=16341 | prio=10 | https://live.worldbank.org/world-development-report-2016
[FULL_17_BM] t=2501.6s | pag=1346 | files=1353 | data=853 | cola=16340 | prio=10 | https://www.worldbank.org/en/publication/wdr2016/Digital-Adoption-Index
[FULL_17_BM] t=2502.7s | pag=1347 | files=1353 | data=853 | cola=16339 | prio=10 | https://www.worldbank.org/en/publication/wdr2016/Videos
[FULL_17_BM] t=2503.3s | pag=1348 | files=1353 | data=853 | cola=16340 | prio=10 | https://www.worldbank.org/en/news/press-release/2016/05/16/digital-technologies-have-spread-rapidly-but-digital-dividends-have-lagged-behind-says-new-world-bank-report
[FULL_17_BM] t=2503.9s | pag=1348 | files=1353 | data=853 | cola=16339 | prio=10 | https://www.worldbank.org/en/publication/wdr2016/in-the-news
[FULL_17_BM] t=2505.9s | pag=1349 | files=1353 | data=853 | cola=16339 | prio=10 | https://www.worldbank.org/en/publication/wdr2016/launch-events
[FULL_17_BM] t=2506.9s | pag=1350 | files=1353 | data=853 | cola=16339 | prio=10 | https://www.worldbank.org/en/publication/wdr2016/infographics
[FULL_17_BM] t=2507.8s | pag=1351 | files=1353 | data=853 | cola=16340 | prio=10 | https://www.worldbank.org/en/publication/reference
[FULL_17_BM] t=2508.8s | pag=1351 | files=1353 | data=853 | cola=16339 | prio=10 | https://www.worldbank.org/en/publication/wdr2015/about
[FULL_17_BM] t=2510.2s | pag=1352 | files=1353 | data=853 | cola=16341 | prio=10 | https://www.worldbank.org/en/publication/wdr2015/consultations
[FULL_17_BM] t=2510.6s | pag=1353 | files=1353 | data=853 | cola=16341 | prio=10 | https://www.worldbank.org/en/publication/wdr2015/background-papers
[FULL_17_BM] t=2511.5s | pag=1354 | files=1353 | data=853 | cola=16344 | prio=10 | https://www.worldbank.org/en/publication/wdr2015/what-s-new
[FULL_17_BM] t=2512.1s | pag=1355 | files=1353 | data=853 | cola=16344 | prio=10 | https://www.worldbank.org/en/publication/wdr2015.print
[FULL_17_BM] t=2513.8s | pag=1356 | files=1353 | data=853 | cola=16343 | prio=10 | https://www.worldbank.org/en/news/press-release/2014/12/02/development-economics-policy-redesign-world-bank-report
[FULL_17_BM] t=2514.7s | pag=1356 | files=1353 | data=853 | cola=16342 | prio=10 | https://www.worldbank.org/pt/news/press-release/2014/12/02/development-economics-policy-redesign-world-bank-report
[FULL_17_BM] t=2515.6s | pag=1356 | files=1353 | data=853 | cola=16341 | prio=10 | https://www.worldbank.org/ja/news/press-release/2014/12/02/development-economics-policy-redesign-world-bank-report
[FULL_17_BM] t=2516.4s | pag=1356 | files=1353 | data=853 | cola=16340 | prio=10 | https://www.worldbank.org/en/news/feature/2014/12/02/world-development-report-2015-explores-mind-society-and-behavior
[FULL_17_BM] t=2517.2s | pag=1356 | files=1353 | data=853 | cola=16339 | prio=10 | https://www.worldbank.org/en/publication/wdr2015/figures-and-graphs
[FULL_17_BM] t=2518.1s | pag=1357 | files=1353 | data=853 | cola=16339 | prio=10 | https://www.worldbank.org/annualreport
[FULL_17_BM] t=2518.8s | pag=1357 | files=1353 | data=853 | cola=16338 | prio=10 | https://databank.worldbank.org/data/home.aspx
[FULL_17_BM] t=2520.1s | pag=1357 | files=1353 | data=853 | cola=16337 | prio=10 | https://data.worldbank.org/data-catalog
[FULL_17_BM] t=2522.0s | pag=1357 | files=1353 | data=853 | cola=16336 | prio=10 | https://econ.worldbank.org/datasets
[FULL_17_BM] t=2522.4s | pag=1357 | files=1353 | data=853 | cola=16335 | prio=10 | https://www.worldbank.org/en/data/statistical-capacity-building
[FULL_17_BM] t=2523.8s | pag=1358 | files=1353 | data=854 | cola=16347 | prio=10 | https://www.worldbank.org/en/research?lang=en
[FULL_17_BM] t=2524.2s | pag=1359 | files=1353 | data=855 | cola=16346 | prio=10 | https://documents.worldbank.org/curated/en/home
[FULL_17_BM] t=2525.5s | pag=1359 | files=1353 | data=855 | cola=16345 | prio=10 | https://datahelpdesk.worldbank.org/knowledgebase/articles/889392
[FULL_17_BM] t=2527.4s | pag=1360 | files=1353 | data=856 | cola=16344 | prio=10 | http://www.worldbank.org/en/publication/human-capital
[FULL_17_BM] t=2528.1s | pag=1360 | files=1353 | data=856 | cola=16343 | prio=10 | http://databank.worldbank.org/data/reports.aspx?source=subnational-poverty
[FULL_17_BM] t=2530.4s | pag=1361 | files=1353 | data=857 | cola=16342 | prio=10 | https://datahelpdesk.worldbank.org/knowledgebase/articles/898581
[FULL_17_BM] t=2531.3s | pag=1362 | files=1353 | data=858 | cola=16341 | prio=10 | https://api.worldbank.org/v2/country/all/indicator/SP.POP.TOTL
[FULL_17_BM] t=2533.0s | pag=1362 | files=1353 | data=858 | cola=16340 | prio=10 | http://data.worldbank.org/developers/application-showcase
[FULL_17_BM] t=2548.9s | pag=1362 | files=1353 | data=858 | cola=16339 | prio=10 | https://datahelpdesk.worldbank.org/admin/faqs/889392
[FULL_17_BM] t=2550.0s | pag=1362 | files=1353 | data=858 | cola=16338 | prio=10 | https://www.worldbank.org/ext/en/legal/terms-conditions/datasets
[FULL_17_BM] t=2551.2s | pag=1363 | files=1353 | data=858 | cola=16338 | prio=10 | https://microdata.worldbank.org/catalog
[FULL_17_BM] t=2553.0s | pag=1364 | files=1353 | data=858 | cola=16378 | prio=10 | https://microdata.worldbank.org/about
[FULL_17_BM] t=2553.5s | pag=1365 | files=1353 | data=858 | cola=16381 | prio=10 | https://microdata.worldbank.org/collections
[FULL_17_BM] t=2554.3s | pag=1366 | files=1353 | data=858 | cola=16407 | prio=10 | https://microdata.worldbank.org/citations
[FULL_17_BM] t=2555.1s | pag=1367 | files=1353 | data=858 | cola=16443 | prio=10 | https://microdata.worldbank.org/terms-of-use
[FULL_17_BM] t=2556.2s | pag=1368 | files=1353 | data=858 | cola=16442 | prio=10 | https://microdata.worldbank.org//
[FULL_17_BM] t=2557.4s | pag=1368 | files=1353 | data=858 | cola=16441 | prio=10 | https://microdata.worldbank.org/catalog/hfps
[FULL_17_BM] t=2558.9s | pag=1369 | files=1353 | data=858 | cola=16480 | prio=10 | https://microdata.worldbank.org/catalog/global-findex
[FULL_17_BM] t=2560.4s | pag=1370 | files=1353 | data=858 | cola=16525 | prio=10 | https://microdata.worldbank.org/catalog/lsms
[FULL_17_BM] t=2561.6s | pag=1371 | files=1353 | data=858 | cola=16570 | prio=10 | https://microdata.worldbank.org/catalog/ipums
[FULL_17_BM] t=2562.3s | pag=1372 | files=1353 | data=858 | cola=16608 | prio=10 | https://microdata.worldbank.org/api-documentation/catalog/index.html
[FULL_17_BM] t=2562.6s | pag=1373 | files=1353 | data=858 | cola=16607 | prio=10 | https://microdata.worldbank.org/knowledge-base
[FULL_17_BM] t=2563.7s | pag=1374 | files=1353 | data=858 | cola=16606 | prio=10 | https://microdata.worldbank.org//catalog/8557
[FULL_17_BM] t=2565.0s | pag=1375 | files=1353 | data=859 | cola=16614 | prio=10 | https://microdata.worldbank.org//catalog/8556
[FULL_17_BM] t=2565.9s | pag=1376 | files=1353 | data=860 | cola=16620 | prio=10 | https://microdata.worldbank.org//catalog/8555
[FULL_17_BM] t=2567.0s | pag=1377 | files=1353 | data=861 | cola=16625 | prio=10 | https://microdata.worldbank.org//catalog/8553
[FULL_17_BM] t=2568.1s | pag=1378 | files=1353 | data=862 | cola=16644 | prio=10 | https://microdata.worldbank.org//catalog/8552
[FULL_17_BM] t=2569.3s | pag=1379 | files=1354 | data=863 | cola=16653 | prio=10 | https://microdata.worldbank.org//catalog/history
[FULL_17_BM] t=2570.3s | pag=1380 | files=1354 | data=864 | cola=16764 | prio=10 | http://go.worldbank.org/PRTR3BCNE0
[FULL_17_BM] t=2570.9s | pag=1380 | files=1354 | data=864 | cola=16763 | prio=10 | http://web.worldbank.org/WBSITE/EXTERNAL/DATASTATISTICS/SCBEXTERNAL/0,,pagePK:229515~theSitePK:239427,00.html
[FULL_17_BM] t=2571.9s | pag=1380 | files=1354 | data=864 | cola=16762 | prio=10 | http://go.worldbank.org/QJ9L04MLK0
[FULL_17_BM] t=2572.6s | pag=1380 | files=1354 | data=864 | cola=16761 | prio=10 | https://datahelpdesk.worldbank.org/knowledgebase/articles/898473
[FULL_17_BM] t=2576.5s | pag=1381 | files=1354 | data=864 | cola=16761 | prio=10 | https://datahelpdesk.worldbank.org/knowledgebase/articles/906531
[FULL_17_BM] t=2577.7s | pag=1382 | files=1354 | data=865 | cola=16760 | prio=10 | https://datahelpdesk.worldbank.org/knowledgebase/articles/906534-data-quality-and-effectiveness
[FULL_17_BM] t=2578.7s | pag=1383 | files=1354 | data=865 | cola=16760 | prio=10 | https://datahelpdesk.worldbank.org/knowledgebase/articles/906522
[FULL_17_BM] t=2580.3s | pag=1384 | files=1354 | data=866 | cola=16759 | prio=10 | https://datahelpdesk.worldbank.org/knowledgebase/articles/378832-what-is-the-world-bank-atlas-method
[FULL_17_BM] t=2581.6s | pag=1385 | files=1354 | data=867 | cola=16763 | prio=10 | https://ddh-openapi.worldbank.org/resources/DR0095333/download
[FULL_17_BM] t=2583.5s | pag=1385 | files=1354 | data=867 | cola=16762 | prio=10 | https://ddh-openapi.worldbank.org/resources/DR0095334/download
[FULL_17_BM] t=2585.1s | pag=1385 | files=1354 | data=867 | cola=16761 | prio=10 | https://datahelpdesk.worldbank.org/admin/faqs/906519
[FULL_17_BM] t=2590.8s | pag=1385 | files=1354 | data=867 | cola=16760 | prio=10 | https://datatopics.worldbank.org/sdgatlas/goal-8-decent-work-and-economic-growth?lang=en
[FULL_17_BM] t=2592.4s | pag=1385 | files=1354 | data=867 | cola=16759 | prio=10 | https://datatopics.worldbank.org/sdgatlas/goal-1-no-poverty?lang=en
[FULL_17_BM] t=2593.5s | pag=1385 | files=1354 | data=867 | cola=16758 | prio=10 | https://datatopics.worldbank.org/sdgatlas/goal-2-zero-hunger?lang=en
[FULL_17_BM] t=2595.2s | pag=1385 | files=1354 | data=867 | cola=16757 | prio=10 | https://datatopics.worldbank.org/sdgatlas/goal-3-good-health-and-well-being?lang=en
[FULL_17_BM] t=2596.3s | pag=1385 | files=1354 | data=867 | cola=16756 | prio=10 | https://datatopics.worldbank.org/sdgatlas/goal-4-quality-education?lang=en
[FULL_17_BM] t=2597.9s | pag=1385 | files=1354 | data=867 | cola=16755 | prio=10 | https://datatopics.worldbank.org/sdgatlas/goal-5-gender-equality?lang=en
[FULL_17_BM] t=2599.1s | pag=1385 | files=1354 | data=867 | cola=16754 | prio=10 | https://datatopics.worldbank.org/sdgatlas/goal-6-clean-water-and-sanitation?lang=en
[FULL_17_BM] t=2600.1s | pag=1385 | files=1354 | data=867 | cola=16753 | prio=10 | https://datatopics.worldbank.org/sdgatlas/goal-7-affordable-and-clean-energy?lang=en
[FULL_17_BM] t=2601.3s | pag=1385 | files=1354 | data=867 | cola=16752 | prio=10 | https://datatopics.worldbank.org/sdgatlas/goal-9-industry-innovation-and-infrastructure?lang=en
[FULL_17_BM] t=2603.2s | pag=1385 | files=1354 | data=867 | cola=16751 | prio=10 | https://datatopics.worldbank.org/sdgatlas/goal-10-reduced-inequalities?lang=en
[FULL_17_BM] t=2604.6s | pag=1385 | files=1354 | data=867 | cola=16750 | prio=10 | https://datatopics.worldbank.org/sdgatlas/goal-11-sustainable-cities-and-communities?lang=en
[FULL_17_BM] t=2606.3s | pag=1385 | files=1354 | data=867 | cola=16749 | prio=10 | https://datatopics.worldbank.org/sdgatlas/goal-12-responsible-consumption-and-production?lang=en
[FULL_17_BM] t=2607.6s | pag=1385 | files=1354 | data=867 | cola=16748 | prio=10 | https://datatopics.worldbank.org/sdgatlas/goal-13-climate-action?lang=en
[FULL_17_BM] t=2609.2s | pag=1385 | files=1354 | data=867 | cola=16747 | prio=10 | https://datatopics.worldbank.org/sdgatlas/goal-14-life-below-water?lang=en
[FULL_17_BM] t=2610.7s | pag=1385 | files=1354 | data=867 | cola=16746 | prio=10 | https://datatopics.worldbank.org/sdgatlas/goal-15-life-on-land?lang=en
[FULL_17_BM] t=2611.9s | pag=1385 | files=1354 | data=867 | cola=16745 | prio=10 | https://datatopics.worldbank.org/sdgatlas/goal-16-peace-justice-and-strong-institutions?lang=en
[FULL_17_BM] t=2613.3s | pag=1385 | files=1354 | data=867 | cola=16744 | prio=10 | https://datatopics.worldbank.org/sdgatlas/goal-17-partnerships-for-the-goals?lang=en
[FULL_17_BM] t=2614.3s | pag=1385 | files=1354 | data=867 | cola=16743 | prio=10 | https://datacatalog.worldbank.org/search/dataset/0037712/World-Development-Indicators
[FULL_17_BM] t=2622.1s | pag=1386 | files=1361 | data=868 | cola=16766 | prio=10 | https://data.worldbank.org/indicator/SP.DYN.LE00.IN?locations=AF
[FULL_17_BM] t=2623.6s | pag=1387 | files=1361 | data=869 | cola=16774 | prio=10 | https://data.worldbank.org/indicator/SI.POV.DDAY?locations=AF
[FULL_17_BM] t=2639.2s | pag=1387 | files=1361 | data=869 | cola=16773 | prio=10 | https://data.worldbank.org/indicator/SP.POP.TOTL?locations=AF
[FULL_17_BM] t=2640.2s | pag=1388 | files=1361 | data=870 | cola=16780 | prio=10 | https://data.worldbank.org/indicator/SP.POP.GROW?locations=AF
[FULL_17_BM] t=2640.9s | pag=1389 | files=1361 | data=871 | cola=16788 | prio=10 | https://data.worldbank.org/indicator/SM.POP.NETM?locations=AF
[FULL_17_BM] t=2641.3s | pag=1390 | files=1361 | data=872 | cola=16796 | prio=10 | https://data.worldbank.org/indicator/HD.HCI.OVRL?locations=AF
[FULL_17_BM] t=2641.9s | pag=1391 | files=1361 | data=873 | cola=16800 | prio=10 | https://data.worldbank.org/indicator/NY.GDP.MKTP.CD?locations=AF
[FULL_17_BM] t=2642.3s | pag=1392 | files=1361 | data=874 | cola=16807 | prio=10 | https://data.worldbank.org/indicator/NY.GDP.PCAP.CD?locations=AF
[FULL_17_BM] DATASETS=875 | exportable_data_page | https://data.worldbank.org/indicator/NY.GDP.PCAP.CD?locations=AF
[FULL_17_BM] t=2642.8s | pag=1393 | files=1361 | data=875 | cola=16814 | prio=10 | https://data.worldbank.org/indicator/NY.GDP.MKTP.KD.ZG?locations=AF
[FULL_17_BM] t=2643.3s | pag=1394 | files=1361 | data=876 | cola=16814 | prio=10 | https://data.worldbank.org/indicator/SL.UEM.TOTL.ZS?locations=AF
[FULL_17_BM] t=2643.9s | pag=1395 | files=1361 | data=877 | cola=16822 | prio=10 | https://data.worldbank.org/indicator/FP.CPI.TOTL.ZG?locations=AF
[FULL_17_BM] t=2644.6s | pag=1396 | files=1361 | data=878 | cola=16830 | prio=10 | https://data.worldbank.org/indicator/BX.TRF.PWKR.DT.GD.ZS?locations=AF
[FULL_17_BM] t=2645.3s | pag=1397 | files=1361 | data=879 | cola=16841 | prio=10 | https://data.worldbank.org/indicator/EG.ELC.ACCS.ZS?locations=AF
[FULL_17_BM] t=2646.2s | pag=1398 | files=1361 | data=880 | cola=16849 | prio=10 | https://data.worldbank.org/indicator/AG.LND.FRST.ZS?locations=AF
[FULL_17_BM] t=2662.0s | pag=1398 | files=1361 | data=880 | cola=16848 | prio=10 | https://data.worldbank.org/indicator/EN.GHG.CO2.PC.CE.AR5?locations=AF
[FULL_17_BM] t=2663.5s | pag=1399 | files=1361 | data=881 | cola=16860 | prio=10 | https://data.worldbank.org/indicator/ER.H2O.FWTL.ZS?locations=AF
[FULL_17_BM] t=2678.6s | pag=1399 | files=1361 | data=881 | cola=16859 | prio=10 | https://data.worldbank.org/indicator/EG.ELC.RNWX.ZS?locations=AF
[FULL_17_BM] t=2694.9s | pag=1399 | files=1361 | data=881 | cola=16858 | prio=10 | https://data.worldbank.org/indicator/SH.STA.SMSS.ZS?locations=AF
[FULL_17_BM] t=2710.6s | pag=1399 | files=1361 | data=881 | cola=16857 | prio=10 | https://data.worldbank.org/indicator/IT.NET.USER.ZS?locations=AF
[FULL_17_BM] t=2711.9s | pag=1400 | files=1361 | data=882 | cola=16865 | prio=10 | https://data.worldbank.org/indicator/VC.IHR.PSRC.P5?locations=AF
[FULL_17_BM] t=2727.2s | pag=1400 | files=1361 | data=882 | cola=16864 | prio=10 | https://data.worldbank.org/indicator/SG.GEN.PARL.ZS?locations=AF
[FULL_17_BM] t=2728.7s | pag=1401 | files=1361 | data=883 | cola=16872 | prio=10 | https://data.worldbank.org/indicator/GC.DOD.TOTL.GD.ZS?locations=AF
[FULL_17_BM] t=2729.2s | pag=1402 | files=1361 | data=884 | cola=16880 | prio=10 | https://data.worldbank.org/indicator/IQ.SPI.OVRL?locations=AF
[FULL_17_BM] t=2730.1s | pag=1403 | files=1361 | data=885 | cola=16894 | prio=10 | https://data.worldbank.org/indicator/BX.KLT.DINV.WD.GD.ZS?locations=AF
[FULL_17_BM] t=2731.0s | pag=1404 | files=1361 | data=886 | cola=16904 | prio=10 | https://api.worldbank.org/v2/en/country/AFG?downloadformat=csv
[FULL_17_BM] t=2735.0s | pag=1404 | files=1362 | data=886 | cola=16903 | prio=10 | https://api.worldbank.org/v2/en/country/AFG?downloadformat=xml
[FULL_17_BM] t=2738.2s | pag=1404 | files=1363 | data=886 | cola=16902 | prio=10 | https://api.worldbank.org/v2/en/country/AFG?downloadformat=excel
[FULL_17_BM] t=2740.1s | pag=1404 | files=1363 | data=886 | cola=16901 | prio=10 | http://databank.worldbank.org/data/reports.aspx?country=AFG&source=2
[FULL_17_BM] t=2742.7s | pag=1405 | files=1363 | data=887 | cola=16900 | prio=10 | https://databank.worldbank.org/views/reports/reportwidget.aspx?Id=b450fd57&Report_Name=CountryProfile&country=AFG&dd=y&inf=n&tbar=y&zm=n
[FULL_17_BM] t=2743.8s | pag=1406 | files=1363 | data=888 | cola=16900 | prio=10 | http://microdata.worldbank.org/index.php/catalog/1783
[FULL_17_BM] t=2746.1s | pag=1407 | files=1363 | data=889 | cola=16911 | prio=10 | http://microdata.worldbank.org/index.php/catalog/394
[FULL_17_BM] t=2746.7s | pag=1408 | files=1363 | data=890 | cola=16920 | prio=10 | http://microdata.worldbank.org/index.php/catalog/1784
[FULL_17_BM] t=2747.9s | pag=1409 | files=1363 | data=891 | cola=16928 | prio=10 | http://microdata.worldbank.org/index.php/catalog/1780
[FULL_17_BM] t=2749.2s | pag=1410 | files=1363 | data=892 | cola=16936 | prio=10 | http://microdata.worldbank.org/index.php/catalog/?country%5B%5D=afghanistan
[FULL_17_BM] t=2750.5s | pag=1411 | files=1363 | data=892 | cola=16942 | prio=10 | http://www.worldbank.org/en/publication/global-economic-prospects
[FULL_17_BM] t=2751.2s | pag=1411 | files=1363 | data=892 | cola=16941 | prio=10 | https://climateknowledgeportal.worldbank.org/country/Afghanistan/climate-data-historical
[FULL_17_BM] t=2752.6s | pag=1411 | files=1363 | data=892 | cola=16940 | prio=10 | https://climateknowledgeportal.worldbank.org/country/afghanistan/climate-data-historical
[FULL_17_BM] t=2753.5s | pag=1411 | files=1363 | data=892 | cola=16939 | prio=10 | https://data.worldbank.org/indicator/SP.DYN.LE00.IN?locations=AL
[FULL_17_BM] t=2754.2s | pag=1412 | files=1363 | data=893 | cola=16947 | prio=10 | https://data.worldbank.org/indicator/SI.POV.DDAY?locations=AL
[FULL_17_BM] t=2754.8s | pag=1413 | files=1363 | data=894 | cola=16955 | prio=10 | https://data.worldbank.org/indicator/SP.POP.TOTL?locations=AL
[FULL_17_BM] t=2755.3s | pag=1414 | files=1363 | data=895 | cola=16962 | prio=10 | https://data.worldbank.org/indicator/SP.POP.GROW?locations=AL
[FULL_17_BM] t=2770.7s | pag=1414 | files=1363 | data=895 | cola=16961 | prio=10 | https://data.worldbank.org/indicator/SM.POP.NETM?locations=AL
[FULL_17_BM] t=2772.1s | pag=1415 | files=1363 | data=896 | cola=16969 | prio=10 | https://data.worldbank.org/indicator/HD.HCI.OVRL?locations=AL
[FULL_17_BM] t=2787.8s | pag=1415 | files=1363 | data=896 | cola=16968 | prio=10 | https://data.worldbank.org/indicator/NY.GDP.MKTP.CD?locations=AL
[FULL_17_BM] t=2789.3s | pag=1416 | files=1363 | data=897 | cola=16975 | prio=10 | https://data.worldbank.org/indicator/NY.GDP.PCAP.CD?locations=AL
[FULL_17_BM] t=2789.9s | pag=1417 | files=1363 | data=898 | cola=16982 | prio=10 | https://data.worldbank.org/indicator/NY.GDP.MKTP.KD.ZG?locations=AL
[FULL_17_BM] t=2790.4s | pag=1418 | files=1363 | data=899 | cola=16982 | prio=10 | https://data.worldbank.org/indicator/SL.UEM.TOTL.ZS?locations=AL
[FULL_17_BM] DATASETS=900 | exportable_data_page | https://data.worldbank.org/indicator/SL.UEM.TOTL.ZS?locations=AL
[FULL_17_BM] t=2791.4s | pag=1419 | files=1363 | data=900 | cola=16990 | prio=10 | https://data.worldbank.org/indicator/FP.CPI.TOTL.ZG?locations=AL
[FULL_17_BM] t=2792.6s | pag=1420 | files=1363 | data=901 | cola=16998 | prio=10 | https://data.worldbank.org/indicator/BX.TRF.PWKR.DT.GD.ZS?locations=AL
[FULL_17_BM] t=2808.0s | pag=1420 | files=1363 | data=901 | cola=16997 | prio=10 | https://data.worldbank.org/indicator/EG.ELC.ACCS.ZS?locations=AL
[FULL_17_BM] t=2824.2s | pag=1420 | files=1363 | data=901 | cola=16996 | prio=10 | https://data.worldbank.org/indicator/AG.LND.FRST.ZS?locations=AL
[FULL_17_BM] t=2825.2s | pag=1421 | files=1363 | data=902 | cola=17004 | prio=10 | https://data.worldbank.org/indicator/EN.GHG.CO2.PC.CE.AR5?locations=AL
[FULL_17_BM] t=2826.1s | pag=1422 | files=1363 | data=903 | cola=17012 | prio=10 | https://data.worldbank.org/indicator/ER.H2O.FWTL.ZS?locations=AL
[FULL_17_BM] t=2841.6s | pag=1422 | files=1363 | data=903 | cola=17011 | prio=10 | https://data.worldbank.org/indicator/EG.ELC.RNWX.ZS?locations=AL
[FULL_17_BM] t=2857.4s | pag=1422 | files=1363 | data=903 | cola=17010 | prio=10 | https://data.worldbank.org/indicator/SH.STA.SMSS.ZS?locations=AL
[FULL_17_BM] t=2873.3s | pag=1422 | files=1363 | data=903 | cola=17009 | prio=10 | https://data.worldbank.org/indicator/IT.NET.USER.ZS?locations=AL
[FULL_17_BM] t=2874.5s | pag=1423 | files=1363 | data=904 | cola=17017 | prio=10 | https://data.worldbank.org/indicator/VC.IHR.PSRC.P5?locations=AL
[FULL_17_BM] t=2875.2s | pag=1424 | files=1363 | data=905 | cola=17022 | prio=10 | https://data.worldbank.org/indicator/SG.GEN.PARL.ZS?locations=AL
[FULL_17_BM] t=2890.5s | pag=1424 | files=1363 | data=905 | cola=17021 | prio=10 | https://data.worldbank.org/indicator/GC.DOD.TOTL.GD.ZS?locations=AL
[FULL_17_BM] t=2891.8s | pag=1425 | files=1363 | data=906 | cola=17029 | prio=10 | https://data.worldbank.org/indicator/IQ.SPI.OVRL?locations=AL
[FULL_17_BM] t=2907.6s | pag=1425 | files=1363 | data=906 | cola=17028 | prio=10 | https://data.worldbank.org/indicator/BX.KLT.DINV.WD.GD.ZS?locations=AL
[FULL_17_BM] t=2924.0s | pag=1425 | files=1363 | data=906 | cola=17027 | prio=10 | https://api.worldbank.org/v2/en/country/ALB?downloadformat=csv
[FULL_17_BM] t=2927.3s | pag=1425 | files=1364 | data=906 | cola=17026 | prio=10 | https://api.worldbank.org/v2/en/country/ALB?downloadformat=xml
[FULL_17_BM] t=2930.3s | pag=1425 | files=1365 | data=906 | cola=17025 | prio=10 | https://api.worldbank.org/v2/en/country/ALB?downloadformat=excel
[FULL_17_BM] t=2931.8s | pag=1425 | files=1365 | data=906 | cola=17024 | prio=10 | http://databank.worldbank.org/data/reports.aspx?country=ALB&source=2
[FULL_17_BM] t=2934.1s | pag=1426 | files=1365 | data=907 | cola=17023 | prio=10 | https://databank.worldbank.org/views/reports/reportwidget.aspx?Id=b450fd57&Report_Name=CountryProfile&country=ALB&dd=y&inf=n&tbar=y&zm=n
[FULL_17_BM] t=2935.6s | pag=1427 | files=1365 | data=908 | cola=17022 | prio=10 | http://microdata.worldbank.org/index.php/catalog/3767
[FULL_17_BM] t=2937.4s | pag=1428 | files=1365 | data=909 | cola=17030 | prio=10 | http://microdata.worldbank.org/index.php/catalog/?country%5B%5D=albania
[FULL_17_BM] t=2938.9s | pag=1429 | files=1365 | data=909 | cola=17062 | prio=10 | https://climateknowledgeportal.worldbank.org/country/Albania/climate-data-historical
[FULL_17_BM] t=2939.3s | pag=1429 | files=1365 | data=909 | cola=17061 | prio=10 | https://climateknowledgeportal.worldbank.org/country/albania/climate-data-historical
[FULL_17_BM] t=2940.3s | pag=1429 | files=1365 | data=909 | cola=17060 | prio=10 | https://data.worldbank.org/indicator/SP.DYN.LE00.IN?locations=DZ
[FULL_17_BM] t=2941.8s | pag=1430 | files=1365 | data=910 | cola=17068 | prio=10 | https://data.worldbank.org/indicator/SI.POV.DDAY?locations=DZ
[FULL_17_BM] t=2957.4s | pag=1430 | files=1365 | data=910 | cola=17067 | prio=10 | https://data.worldbank.org/indicator/SP.POP.TOTL?locations=DZ
[FULL_17_BM] t=2958.7s | pag=1431 | files=1365 | data=911 | cola=17074 | prio=10 | https://data.worldbank.org/indicator/SP.POP.GROW?locations=DZ
[FULL_17_BM] t=2959.5s | pag=1432 | files=1365 | data=912 | cola=17082 | prio=10 | https://data.worldbank.org/indicator/SM.POP.NETM?locations=DZ
[FULL_17_BM] t=2960.2s | pag=1433 | files=1365 | data=913 | cola=17090 | prio=10 | https://data.worldbank.org/indicator/HD.HCI.OVRL?locations=DZ
[FULL_17_BM] t=2976.0s | pag=1433 | files=1365 | data=913 | cola=17089 | prio=10 | https://data.worldbank.org/indicator/NY.GDP.MKTP.CD?locations=DZ
[FULL_17_BM] t=2977.6s | pag=1434 | files=1365 | data=914 | cola=17096 | prio=10 | https://data.worldbank.org/indicator/NY.GDP.PCAP.CD?locations=DZ
[FULL_17_BM] t=2978.2s | pag=1435 | files=1365 | data=915 | cola=17103 | prio=10 | https://data.worldbank.org/indicator/NY.GDP.MKTP.KD.ZG?locations=DZ
[FULL_17_BM] t=2978.5s | pag=1436 | files=1365 | data=916 | cola=17103 | prio=10 | https://data.worldbank.org/indicator/SL.UEM.TOTL.ZS?locations=DZ
[FULL_17_BM] t=2979.0s | pag=1437 | files=1365 | data=917 | cola=17111 | prio=10 | https://data.worldbank.org/indicator/FP.CPI.TOTL.ZG?locations=DZ
[FULL_17_BM] t=2979.5s | pag=1438 | files=1365 | data=918 | cola=17119 | prio=10 | https://data.worldbank.org/indicator/BX.TRF.PWKR.DT.GD.ZS?locations=DZ
[FULL_17_BM] t=2980.1s | pag=1439 | files=1365 | data=919 | cola=17127 | prio=10 | https://data.worldbank.org/indicator/EG.ELC.ACCS.ZS?locations=DZ
[FULL_17_BM] t=2980.8s | pag=1440 | files=1365 | data=920 | cola=17135 | prio=10 | https://data.worldbank.org/indicator/AG.LND.FRST.ZS?locations=DZ
[FULL_17_BM] t=2996.6s | pag=1440 | files=1365 | data=920 | cola=17134 | prio=10 | https://data.worldbank.org/indicator/EN.GHG.CO2.PC.CE.AR5?locations=DZ
[FULL_17_BM] t=3012.7s | pag=1440 | files=1365 | data=920 | cola=17133 | prio=10 | https://data.worldbank.org/indicator/ER.H2O.FWTL.ZS?locations=DZ
[FULL_17_BM] t=3013.6s | pag=1441 | files=1365 | data=921 | cola=17141 | prio=10 | https://data.worldbank.org/indicator/EG.ELC.RNWX.ZS?locations=DZ
[FULL_17_BM] t=3014.1s | pag=1442 | files=1365 | data=922 | cola=17146 | prio=10 | https://data.worldbank.org/indicator/SH.STA.SMSS.ZS?locations=DZ
[FULL_17_BM] t=3014.5s | pag=1443 | files=1365 | data=923 | cola=17157 | prio=10 | https://data.worldbank.org/indicator/IT.NET.USER.ZS?locations=DZ
[FULL_17_BM] t=3015.4s | pag=1444 | files=1365 | data=924 | cola=17165 | prio=10 | https://data.worldbank.org/indicator/VC.IHR.PSRC.P5?locations=DZ
[FULL_17_BM] DATASETS=925 | exportable_data_page | https://data.worldbank.org/indicator/VC.IHR.PSRC.P5?locations=DZ
[FULL_17_BM] t=3016.3s | pag=1445 | files=1365 | data=925 | cola=17170 | prio=10 | https://data.worldbank.org/indicator/SG.GEN.PARL.ZS?locations=DZ
[FULL_17_BM] t=3031.9s | pag=1445 | files=1365 | data=925 | cola=17169 | prio=10 | https://data.worldbank.org/indicator/GC.DOD.TOTL.GD.ZS?locations=DZ
[FULL_17_BM] t=3033.2s | pag=1446 | files=1365 | data=926 | cola=17177 | prio=10 | https://data.worldbank.org/indicator/IQ.SPI.OVRL?locations=DZ
[FULL_17_BM] t=3048.6s | pag=1446 | files=1365 | data=926 | cola=17176 | prio=10 | https://data.worldbank.org/indicator/BX.KLT.DINV.WD.GD.ZS?locations=DZ
[FULL_17_BM] t=3049.8s | pag=1447 | files=1365 | data=927 | cola=17183 | prio=10 | https://api.worldbank.org/v2/en/country/DZA?downloadformat=csv
[FULL_17_BM] t=3052.0s | pag=1447 | files=1366 | data=927 | cola=17182 | prio=10 | https://api.worldbank.org/v2/en/country/DZA?downloadformat=xml
[FULL_17_BM] t=3054.7s | pag=1447 | files=1367 | data=927 | cola=17181 | prio=10 | https://api.worldbank.org/v2/en/country/DZA?downloadformat=excel
[FULL_17_BM] t=3055.8s | pag=1447 | files=1367 | data=927 | cola=17180 | prio=10 | http://databank.worldbank.org/data/reports.aspx?country=DZA&source=2
[FULL_17_BM] t=3057.7s | pag=1448 | files=1367 | data=928 | cola=17179 | prio=10 | https://databank.worldbank.org/views/reports/reportwidget.aspx?Id=b450fd57&Report_Name=CountryProfile&country=DZA&dd=y&inf=n&tbar=y&zm=n
[FULL_17_BM] t=3059.1s | pag=1449 | files=1367 | data=929 | cola=17178 | prio=10 | http://microdata.worldbank.org/index.php/catalog/2924
[FULL_17_BM] t=3060.3s | pag=1450 | files=1367 | data=930 | cola=17188 | prio=10 | http://microdata.worldbank.org/index.php/catalog/?country%5B%5D=algeria
[FULL_17_BM] t=3061.7s | pag=1451 | files=1367 | data=930 | cola=17198 | prio=10 | https://climateknowledgeportal.worldbank.org/country/Algeria/climate-data-historical
[FULL_17_BM] t=3062.6s | pag=1451 | files=1367 | data=930 | cola=17197 | prio=10 | https://climateknowledgeportal.worldbank.org/country/algeria/climate-data-historical
[FULL_17_BM] t=3063.9s | pag=1451 | files=1367 | data=930 | cola=17196 | prio=10 | https://data.worldbank.org/indicator/SP.DYN.LE00.IN?locations=AS
[FULL_17_BM] t=3064.7s | pag=1452 | files=1367 | data=931 | cola=17204 | prio=10 | https://data.worldbank.org/indicator/SI.POV.DDAY?locations=AS
[FULL_17_BM] t=3080.2s | pag=1452 | files=1367 | data=931 | cola=17203 | prio=10 | https://data.worldbank.org/indicator/SP.POP.TOTL?locations=AS
[FULL_17_BM] t=3096.4s | pag=1452 | files=1367 | data=931 | cola=17202 | prio=10 | https://data.worldbank.org/indicator/SP.POP.GROW?locations=AS
[FULL_17_BM] t=3097.6s | pag=1453 | files=1367 | data=932 | cola=17210 | prio=10 | https://data.worldbank.org/indicator/SM.POP.NETM?locations=AS
[FULL_17_BM] t=3113.2s | pag=1453 | files=1367 | data=932 | cola=17209 | prio=10 | https://data.worldbank.org/indicator/HD.HCI.OVRL?locations=AS
[FULL_17_BM] t=3127.5s | pag=1454 | files=1367 | data=933 | cola=17209 | prio=10 | https://data.worldbank.org/indicator/NY.GDP.MKTP.CD?locations=AS
[FULL_17_BM] t=3128.1s | pag=1455 | files=1367 | data=934 | cola=17216 | prio=10 | https://data.worldbank.org/indicator/NY.GDP.PCAP.CD?locations=AS
[FULL_17_BM] t=3128.5s | pag=1456 | files=1367 | data=935 | cola=17223 | prio=10 | https://data.worldbank.org/indicator/NY.GDP.MKTP.KD.ZG?locations=AS
[FULL_17_BM] t=3144.3s | pag=1456 | files=1367 | data=935 | cola=17222 | prio=10 | https://data.worldbank.org/indicator/SL.UEM.TOTL.ZS?locations=AS
[FULL_17_BM] t=3160.6s | pag=1456 | files=1367 | data=935 | cola=17221 | prio=10 | https://data.worldbank.org/indicator/FP.CPI.TOTL.ZG?locations=AS
[FULL_17_BM] t=3176.6s | pag=1456 | files=1367 | data=935 | cola=17220 | prio=10 | https://data.worldbank.org/indicator/BX.TRF.PWKR.DT.GD.ZS?locations=AS
[FULL_17_BM] t=3192.5s | pag=1456 | files=1367 | data=935 | cola=17219 | prio=10 | https://data.worldbank.org/indicator/EG.ELC.ACCS.ZS?locations=AS
[FULL_17_BM] t=3193.7s | pag=1457 | files=1367 | data=936 | cola=17227 | prio=10 | https://data.worldbank.org/indicator/AG.LND.FRST.ZS?locations=AS
[FULL_17_BM] t=3194.2s | pag=1458 | files=1367 | data=937 | cola=17235 | prio=10 | https://data.worldbank.org/indicator/EN.GHG.CO2.PC.CE.AR5?locations=AS
[FULL_17_BM] t=3195.0s | pag=1459 | files=1367 | data=938 | cola=17243 | prio=10 | https://data.worldbank.org/indicator/ER.H2O.FWTL.ZS?locations=AS
[FULL_17_BM] t=3195.6s | pag=1460 | files=1367 | data=939 | cola=17251 | prio=10 | https://data.worldbank.org/indicator/EG.ELC.RNWX.ZS?locations=AS
[FULL_17_BM] t=3196.5s | pag=1461 | files=1367 | data=940 | cola=17252 | prio=10 | https://data.worldbank.org/indicator/SH.STA.SMSS.ZS?locations=AS
[FULL_17_BM] t=3212.3s | pag=1461 | files=1367 | data=940 | cola=17251 | prio=10 | https://data.worldbank.org/indicator/IT.NET.USER.ZS?locations=AS
[FULL_17_BM] t=3213.7s | pag=1462 | files=1367 | data=941 | cola=17259 | prio=10 | https://data.worldbank.org/indicator/VC.IHR.PSRC.P5?locations=AS
[FULL_17_BM] t=3229.1s | pag=1462 | files=1367 | data=941 | cola=17258 | prio=10 | https://data.worldbank.org/indicator/SG.GEN.PARL.ZS?locations=AS
[FULL_17_BM] t=3230.1s | pag=1463 | files=1367 | data=942 | cola=17266 | prio=10 | https://data.worldbank.org/indicator/GC.DOD.TOTL.GD.ZS?locations=AS
[FULL_17_BM] t=3245.7s | pag=1463 | files=1367 | data=942 | cola=17265 | prio=10 | https://data.worldbank.org/indicator/IQ.SPI.OVRL?locations=AS
[FULL_17_BM] t=3261.5s | pag=1463 | files=1367 | data=942 | cola=17264 | prio=10 | https://data.worldbank.org/indicator/BX.KLT.DINV.WD.GD.ZS?locations=AS
[FULL_17_BM] t=3262.9s | pag=1464 | files=1367 | data=943 | cola=17272 | prio=10 | https://api.worldbank.org/v2/en/country/ASM?downloadformat=csv
[FULL_17_BM] t=3265.6s | pag=1464 | files=1368 | data=943 | cola=17271 | prio=10 | https://api.worldbank.org/v2/en/country/ASM?downloadformat=xml
[FULL_17_BM] t=3268.5s | pag=1464 | files=1369 | data=943 | cola=17270 | prio=10 | https://api.worldbank.org/v2/en/country/ASM?downloadformat=excel
[FULL_17_BM] t=3269.9s | pag=1464 | files=1369 | data=943 | cola=17269 | prio=10 | http://databank.worldbank.org/data/reports.aspx?country=ASM&source=2
[FULL_17_BM] t=3272.1s | pag=1465 | files=1369 | data=944 | cola=17268 | prio=10 | https://databank.worldbank.org/views/reports/reportwidget.aspx?Id=b450fd57&Report_Name=CountryProfile&country=ASM&dd=y&inf=n&tbar=y&zm=n
[FULL_17_BM] t=3273.3s | pag=1466 | files=1369 | data=945 | cola=17267 | prio=10 | http://microdata.worldbank.org/index.php/catalog/?country%5B%5D=american+samoa
[FULL_17_BM] t=3274.6s | pag=1467 | files=1369 | data=945 | cola=17277 | prio=10 | https://climateknowledgeportal.worldbank.org/country/American Samoa/climate-data-historical
[FULL_17_BM] t=3275.1s | pag=1467 | files=1369 | data=945 | cola=17276 | prio=10 | https://climateknowledgeportal.worldbank.org/country/american samoa/climate-data-historical
[FULL_17_BM] t=3276.2s | pag=1467 | files=1369 | data=945 | cola=17275 | prio=10 | https://data.worldbank.org/indicator/SP.DYN.LE00.IN?locations=AD
[FULL_17_BM] t=3276.6s | pag=1468 | files=1369 | data=946 | cola=17283 | prio=10 | https://data.worldbank.org/indicator/SI.POV.DDAY?locations=AD
[FULL_17_BM] t=3277.2s | pag=1469 | files=1369 | data=947 | cola=17291 | prio=10 | https://data.worldbank.org/indicator/SP.POP.TOTL?locations=AD
[FULL_17_BM] t=3277.9s | pag=1470 | files=1369 | data=948 | cola=17298 | prio=10 | https://data.worldbank.org/indicator/SP.POP.GROW?locations=AD
[FULL_17_BM] t=3293.7s | pag=1470 | files=1369 | data=948 | cola=17297 | prio=10 | https://data.worldbank.org/indicator/SM.POP.NETM?locations=AD
[FULL_17_BM] t=3295.0s | pag=1471 | files=1369 | data=949 | cola=17305 | prio=10 | https://data.worldbank.org/indicator/HD.HCI.OVRL?locations=AD
[FULL_17_BM] DATASETS=950 | exportable_data_page | https://data.worldbank.org/indicator/HD.HCI.OVRL?locations=AD
[FULL_17_BM] t=3295.5s | pag=1472 | files=1369 | data=950 | cola=17305 | prio=10 | https://data.worldbank.org/indicator/NY.GDP.MKTP.CD?locations=AD
[FULL_17_BM] t=3307.4s | pag=1473 | files=1369 | data=951 | cola=17312 | prio=10 | https://data.worldbank.org/indicator/NY.GDP.PCAP.CD?locations=AD
[FULL_17_BM] t=3307.8s | pag=1474 | files=1369 | data=952 | cola=17319 | prio=10 | https://data.worldbank.org/indicator/NY.GDP.MKTP.KD.ZG?locations=AD
[FULL_17_BM] t=3308.5s | pag=1475 | files=1369 | data=953 | cola=17319 | prio=10 | https://data.worldbank.org/indicator/SL.UEM.TOTL.ZS?locations=AD
[FULL_17_BM] t=3309.2s | pag=1476 | files=1369 | data=954 | cola=17327 | prio=10 | https://data.worldbank.org/indicator/FP.CPI.TOTL.ZG?locations=AD
[FULL_17_BM] t=3309.6s | pag=1477 | files=1369 | data=955 | cola=17335 | prio=10 | https://data.worldbank.org/indicator/BX.TRF.PWKR.DT.GD.ZS?locations=AD
[FULL_17_BM] t=3325.2s | pag=1477 | files=1369 | data=955 | cola=17334 | prio=10 | https://data.worldbank.org/indicator/EG.ELC.ACCS.ZS?locations=AD
[FULL_17_BM] t=3326.6s | pag=1478 | files=1369 | data=956 | cola=17342 | prio=10 | https://data.worldbank.org/indicator/AG.LND.FRST.ZS?locations=AD
[FULL_17_BM] t=3342.1s | pag=1478 | files=1369 | data=956 | cola=17341 | prio=10 | https://data.worldbank.org/indicator/EN.GHG.CO2.PC.CE.AR5?locations=AD
[FULL_17_BM] t=3343.2s | pag=1479 | files=1369 | data=957 | cola=17349 | prio=10 | https://data.worldbank.org/indicator/ER.H2O.FWTL.ZS?locations=AD
[FULL_17_BM] t=3343.8s | pag=1480 | files=1369 | data=958 | cola=17357 | prio=10 | https://data.worldbank.org/indicator/EG.ELC.RNWX.ZS?locations=AD
[FULL_17_BM] t=3359.2s | pag=1480 | files=1369 | data=958 | cola=17356 | prio=10 | https://data.worldbank.org/indicator/SH.STA.SMSS.ZS?locations=AD
[FULL_17_BM] t=3360.7s | pag=1481 | files=1369 | data=959 | cola=17364 | prio=10 | https://data.worldbank.org/indicator/IT.NET.USER.ZS?locations=AD
[FULL_17_BM] t=3361.5s | pag=1482 | files=1369 | data=960 | cola=17372 | prio=10 | https://data.worldbank.org/indicator/VC.IHR.PSRC.P5?locations=AD
[FULL_17_BM] t=3376.8s | pag=1482 | files=1369 | data=960 | cola=17371 | prio=10 | https://data.worldbank.org/indicator/SG.GEN.PARL.ZS?locations=AD
[FULL_17_BM] t=3378.0s | pag=1483 | files=1369 | data=961 | cola=17379 | prio=10 | https://data.worldbank.org/indicator/GC.DOD.TOTL.GD.ZS?locations=AD
[FULL_17_BM] t=3378.9s | pag=1484 | files=1369 | data=962 | cola=17387 | prio=10 | https://data.worldbank.org/indicator/IQ.SPI.OVRL?locations=AD
[FULL_17_BM] t=3379.8s | pag=1485 | files=1369 | data=963 | cola=17395 | prio=10 | https://data.worldbank.org/indicator/BX.KLT.DINV.WD.GD.ZS?locations=AD
[FULL_17_BM] t=3380.7s | pag=1486 | files=1369 | data=964 | cola=17403 | prio=10 | https://api.worldbank.org/v2/en/country/AND?downloadformat=csv
[FULL_17_BM] t=3383.3s | pag=1486 | files=1370 | data=964 | cola=17402 | prio=10 | https://api.worldbank.org/v2/en/country/AND?downloadformat=xml
[FULL_17_BM] t=3386.3s | pag=1486 | files=1371 | data=964 | cola=17401 | prio=10 | https://api.worldbank.org/v2/en/country/AND?downloadformat=excel
[FULL_17_BM] t=3388.1s | pag=1486 | files=1371 | data=964 | cola=17400 | prio=10 | http://databank.worldbank.org/data/reports.aspx?country=AND&source=2
[FULL_17_BM] t=3389.4s | pag=1487 | files=1371 | data=964 | cola=17399 | prio=10 | https://databank.worldbank.org/views/reports/reportwidget.aspx?Id=b450fd57&Report_Name=CountryProfile&country=AND&dd=y&inf=n&tbar=y&zm=n
[FULL_17_BM] t=3390.8s | pag=1488 | files=1371 | data=965 | cola=17398 | prio=10 | http://microdata.worldbank.org/index.php/catalog/?country%5B%5D=andorra
[FULL_17_BM] t=3392.6s | pag=1489 | files=1371 | data=965 | cola=17402 | prio=10 | https://climateknowledgeportal.worldbank.org/country/Andorra/climate-data-historical
[FULL_17_BM] t=3393.1s | pag=1489 | files=1371 | data=965 | cola=17401 | prio=10 | https://climateknowledgeportal.worldbank.org/country/andorra/climate-data-historical
[FULL_17_BM] t=3394.0s | pag=1489 | files=1371 | data=965 | cola=17400 | prio=10 | https://data.worldbank.org/indicator/SP.DYN.LE00.IN?locations=AO
[FULL_17_BM] t=3395.0s | pag=1490 | files=1371 | data=966 | cola=17408 | prio=10 | https://data.worldbank.org/indicator/SI.POV.DDAY?locations=AO
[FULL_17_BM] t=3410.4s | pag=1490 | files=1371 | data=966 | cola=17407 | prio=10 | https://data.worldbank.org/indicator/SP.POP.TOTL?locations=AO
[FULL_17_BM] t=3411.5s | pag=1491 | files=1371 | data=967 | cola=17414 | prio=10 | https://data.worldbank.org/indicator/SP.POP.GROW?locations=AO
[FULL_17_BM] t=3412.1s | pag=1492 | files=1371 | data=968 | cola=17422 | prio=10 | https://data.worldbank.org/indicator/SM.POP.NETM?locations=AO
[FULL_17_BM] t=3412.8s | pag=1493 | files=1371 | data=969 | cola=17430 | prio=10 | https://data.worldbank.org/indicator/HD.HCI.OVRL?locations=AO
[FULL_17_BM] t=3428.5s | pag=1493 | files=1371 | data=969 | cola=17429 | prio=10 | https://data.worldbank.org/indicator/NY.GDP.MKTP.CD?locations=AO
[FULL_17_BM] t=3430.0s | pag=1494 | files=1371 | data=970 | cola=17436 | prio=10 | https://data.worldbank.org/indicator/NY.GDP.PCAP.CD?locations=AO
[FULL_17_BM] t=3430.7s | pag=1495 | files=1371 | data=971 | cola=17443 | prio=10 | https://data.worldbank.org/indicator/NY.GDP.MKTP.KD.ZG?locations=AO
[FULL_17_BM] t=3431.1s | pag=1496 | files=1371 | data=972 | cola=17443 | prio=10 | https://data.worldbank.org/indicator/SL.UEM.TOTL.ZS?locations=AO
[FULL_17_BM] t=3446.6s | pag=1496 | files=1371 | data=972 | cola=17442 | prio=10 | https://data.worldbank.org/indicator/FP.CPI.TOTL.ZG?locations=AO
[FULL_17_BM] t=3448.0s | pag=1497 | files=1371 | data=973 | cola=17450 | prio=10 | https://data.worldbank.org/indicator/BX.TRF.PWKR.DT.GD.ZS?locations=AO
[FULL_17_BM] t=3448.8s | pag=1498 | files=1371 | data=974 | cola=17458 | prio=10 | https://data.worldbank.org/indicator/EG.ELC.ACCS.ZS?locations=AO
[FULL_17_BM] DATASETS=975 | exportable_data_page | https://data.worldbank.org/indicator/EG.ELC.ACCS.ZS?locations=AO
[FULL_17_BM] t=3449.2s | pag=1499 | files=1371 | data=975 | cola=17466 | prio=10 | https://data.worldbank.org/indicator/AG.LND.FRST.ZS?locations=AO
[FULL_17_BM] t=3449.8s | pag=1500 | files=1371 | data=976 | cola=17474 | prio=10 | https://data.worldbank.org/indicator/EN.GHG.CO2.PC.CE.AR5?locations=AO
[FULL_17_BM] t=3450.7s | pag=1501 | files=1371 | data=977 | cola=17482 | prio=10 | https://data.worldbank.org/indicator/ER.H2O.FWTL.ZS?locations=AO
[FULL_17_BM] t=3451.4s | pag=1502 | files=1371 | data=978 | cola=17490 | prio=10 | https://data.worldbank.org/indicator/EG.ELC.RNWX.ZS?locations=AO
[FULL_17_BM] t=3467.1s | pag=1502 | files=1371 | data=978 | cola=17489 | prio=10 | https://data.worldbank.org/indicator/SH.STA.SMSS.ZS?locations=AO
[FULL_17_BM] t=3483.2s | pag=1502 | files=1371 | data=978 | cola=17488 | prio=10 | https://data.worldbank.org/indicator/IT.NET.USER.ZS?locations=AO
[FULL_17_BM] t=3484.1s | pag=1503 | files=1371 | data=979 | cola=17496 | prio=10 | https://data.worldbank.org/indicator/VC.IHR.PSRC.P5?locations=AO
[FULL_17_BM] t=3484.9s | pag=1504 | files=1371 | data=980 | cola=17501 | prio=10 | https://data.worldbank.org/indicator/SG.GEN.PARL.ZS?locations=AO
[FULL_17_BM] t=3485.6s | pag=1505 | files=1371 | data=981 | cola=17509 | prio=10 | https://data.worldbank.org/indicator/GC.DOD.TOTL.GD.ZS?locations=AO
[FULL_17_BM] t=3501.4s | pag=1505 | files=1371 | data=981 | cola=17508 | prio=10 | https://data.worldbank.org/indicator/IQ.SPI.OVRL?locations=AO
[FULL_17_BM] t=3517.6s | pag=1505 | files=1371 | data=981 | cola=17507 | prio=10 | https://data.worldbank.org/indicator/BX.KLT.DINV.WD.GD.ZS?locations=AO
[FULL_17_BM] t=3519.0s | pag=1506 | files=1371 | data=982 | cola=17514 | prio=10 | https://api.worldbank.org/v2/en/country/AGO?downloadformat=csv
[FULL_17_BM] t=3521.7s | pag=1506 | files=1372 | data=982 | cola=17513 | prio=10 | https://api.worldbank.org/v2/en/country/AGO?downloadformat=xml
[FULL_17_BM] t=3525.9s | pag=1506 | files=1373 | data=982 | cola=17512 | prio=10 | https://api.worldbank.org/v2/en/country/AGO?downloadformat=excel
[FULL_17_BM] t=3526.9s | pag=1506 | files=1373 | data=982 | cola=17511 | prio=10 | http://databank.worldbank.org/data/reports.aspx?country=AGO&source=2
[FULL_17_BM] t=3529.2s | pag=1507 | files=1373 | data=983 | cola=17510 | prio=10 | https://databank.worldbank.org/views/reports/reportwidget.aspx?Id=b450fd57&Report_Name=CountryProfile&country=AGO&dd=y&inf=n&tbar=y&zm=n
[FULL_17_BM] t=3530.5s | pag=1508 | files=1373 | data=984 | cola=17509 | prio=10 | http://microdata.worldbank.org/index.php/catalog/?country%5B%5D=angola
[FULL_17_BM] t=3532.1s | pag=1509 | files=1373 | data=984 | cola=17515 | prio=10 | https://climateknowledgeportal.worldbank.org/country/Angola/climate-data-historical
[FULL_17_BM] t=3533.0s | pag=1509 | files=1373 | data=984 | cola=17514 | prio=10 | https://climateknowledgeportal.worldbank.org/country/angola/climate-data-historical
[FULL_17_BM] t=3533.8s | pag=1509 | files=1373 | data=984 | cola=17513 | prio=10 | https://data.worldbank.org/indicator/SP.DYN.LE00.IN?locations=AG
[FULL_17_BM] t=3549.5s | pag=1509 | files=1373 | data=984 | cola=17512 | prio=10 | https://data.worldbank.org/indicator/SI.POV.DDAY?locations=AG
[FULL_17_BM] t=3562.9s | pag=1510 | files=1373 | data=985 | cola=17520 | prio=10 | https://data.worldbank.org/indicator/SP.POP.TOTL?locations=AG
[FULL_17_BM] t=3563.5s | pag=1511 | files=1373 | data=986 | cola=17527 | prio=10 | https://data.worldbank.org/indicator/SP.POP.GROW?locations=AG
[FULL_17_BM] t=3579.1s | pag=1511 | files=1373 | data=986 | cola=17526 | prio=10 | https://data.worldbank.org/indicator/SM.POP.NETM?locations=AG
[FULL_17_BM] t=3595.1s | pag=1511 | files=1373 | data=986 | cola=17525 | prio=10 | https://data.worldbank.org/indicator/HD.HCI.OVRL?locations=AG
[FULL_17_BM] t=3611.0s | pag=1511 | files=1373 | data=986 | cola=17524 | prio=10 | https://data.worldbank.org/indicator/NY.GDP.MKTP.CD?locations=AG
[FULL_17_BM] t=3627.1s | pag=1511 | files=1373 | data=986 | cola=17523 | prio=10 | https://data.worldbank.org/indicator/NY.GDP.PCAP.CD?locations=AG
[FULL_17_BM] t=3628.2s | pag=1512 | files=1373 | data=987 | cola=17531 | prio=10 | https://data.worldbank.org/indicator/NY.GDP.MKTP.KD.ZG?locations=AG
[FULL_17_BM] t=3643.9s | pag=1512 | files=1373 | data=987 | cola=17530 | prio=10 | https://data.worldbank.org/indicator/SL.UEM.TOTL.ZS?locations=AG
[FULL_17_BM] t=3645.4s | pag=1513 | files=1373 | data=988 | cola=17538 | prio=10 | https://data.worldbank.org/indicator/FP.CPI.TOTL.ZG?locations=AG
[FULL_17_BM] t=3660.6s | pag=1513 | files=1373 | data=988 | cola=17537 | prio=10 | https://data.worldbank.org/indicator/BX.TRF.PWKR.DT.GD.ZS?locations=AG
[FULL_17_BM] t=3661.9s | pag=1514 | files=1373 | data=989 | cola=17545 | prio=10 | https://data.worldbank.org/indicator/EG.ELC.ACCS.ZS?locations=AG
[FULL_17_BM] t=3677.5s | pag=1514 | files=1373 | data=989 | cola=17544 | prio=10 | https://data.worldbank.org/indicator/AG.LND.FRST.ZS?locations=AG
[FULL_17_BM] t=3678.9s | pag=1515 | files=1373 | data=990 | cola=17552 | prio=10 | https://data.worldbank.org/indicator/EN.GHG.CO2.PC.CE.AR5?locations=AG
[FULL_17_BM] t=3694.6s | pag=1515 | files=1373 | data=990 | cola=17551 | prio=10 | https://data.worldbank.org/indicator/ER.H2O.FWTL.ZS?locations=AG
[FULL_17_BM] t=3710.6s | pag=1515 | files=1373 | data=990 | cola=17550 | prio=10 | https://data.worldbank.org/indicator/EG.ELC.RNWX.ZS?locations=AG
[FULL_17_BM] t=3726.9s | pag=1515 | files=1373 | data=990 | cola=17549 | prio=10 | https://data.worldbank.org/indicator/SH.STA.SMSS.ZS?locations=AG
[FULL_17_BM] t=3728.2s | pag=1516 | files=1373 | data=991 | cola=17557 | prio=10 | https://data.worldbank.org/indicator/IT.NET.USER.ZS?locations=AG
[FULL_17_BM] t=3744.0s | pag=1516 | files=1373 | data=991 | cola=17556 | prio=10 | https://data.worldbank.org/indicator/VC.IHR.PSRC.P5?locations=AG
[FULL_17_BM] t=3745.1s | pag=1517 | files=1373 | data=992 | cola=17561 | prio=10 | https://data.worldbank.org/indicator/SG.GEN.PARL.ZS?locations=AG
[FULL_17_BM] t=3760.6s | pag=1517 | files=1373 | data=992 | cola=17560 | prio=10 | https://data.worldbank.org/indicator/GC.DOD.TOTL.GD.ZS?locations=AG
[FULL_17_BM] t=3776.7s | pag=1517 | files=1373 | data=992 | cola=17559 | prio=10 | https://data.worldbank.org/indicator/IQ.SPI.OVRL?locations=AG
[FULL_17_BM] t=3792.9s | pag=1517 | files=1373 | data=992 | cola=17558 | prio=10 | https://data.worldbank.org/indicator/BX.KLT.DINV.WD.GD.ZS?locations=AG
[FULL_17_BM] t=3808.8s | pag=1517 | files=1373 | data=992 | cola=17557 | prio=10 | https://api.worldbank.org/v2/en/country/ATG?downloadformat=csv
[FULL_17_BM] t=3812.1s | pag=1517 | files=1374 | data=992 | cola=17556 | prio=10 | https://api.worldbank.org/v2/en/country/ATG?downloadformat=xml
[FULL_17_BM] t=3815.4s | pag=1517 | files=1375 | data=992 | cola=17555 | prio=10 | https://api.worldbank.org/v2/en/country/ATG?downloadformat=excel
[FULL_17_BM] t=3817.1s | pag=1517 | files=1375 | data=992 | cola=17554 | prio=10 | http://databank.worldbank.org/data/reports.aspx?country=ATG&source=2
[FULL_17_BM] t=3819.9s | pag=1518 | files=1375 | data=993 | cola=17553 | prio=10 | https://databank.worldbank.org/views/reports/reportwidget.aspx?Id=b450fd57&Report_Name=CountryProfile&country=ATG&dd=y&inf=n&tbar=y&zm=n
[FULL_17_BM] t=3820.8s | pag=1519 | files=1375 | data=994 | cola=17552 | prio=10 | http://microdata.worldbank.org/index.php/catalog/?country%5B%5D=antigua+and+barbuda
[FULL_17_BM] t=3822.1s | pag=1520 | files=1375 | data=994 | cola=17559 | prio=10 | https://climateknowledgeportal.worldbank.org/country/Antigua and Barbuda/climate-data-historical
[FULL_17_BM] t=3822.9s | pag=1520 | files=1375 | data=994 | cola=17558 | prio=10 | https://climateknowledgeportal.worldbank.org/country/antigua and barbuda/climate-data-historical
[FULL_17_BM] t=3824.0s | pag=1520 | files=1375 | data=994 | cola=17557 | prio=10 | https://data.worldbank.org/indicator/SP.DYN.LE00.IN?locations=AR
[FULL_17_BM] t=3825.2s | pag=1521 | files=1375 | data=995 | cola=17565 | prio=10 | https://data.worldbank.org/indicator/SI.POV.DDAY?locations=AR
[FULL_17_BM] t=3825.7s | pag=1522 | files=1375 | data=996 | cola=17573 | prio=10 | https://data.worldbank.org/indicator/SP.POP.TOTL?locations=AR
[FULL_17_BM] t=3826.6s | pag=1523 | files=1375 | data=997 | cola=17580 | prio=10 | https://data.worldbank.org/indicator/SP.POP.GROW?locations=AR
[FULL_17_BM] t=3827.5s | pag=1524 | files=1375 | data=998 | cola=17588 | prio=10 | https://data.worldbank.org/indicator/SM.POP.NETM?locations=AR
[FULL_17_BM] t=3828.2s | pag=1525 | files=1375 | data=999 | cola=17596 | prio=10 | https://data.worldbank.org/indicator/HD.HCI.OVRL?locations=AR
[FULL_17_BM] t=3843.9s | pag=1525 | files=1375 | data=999 | cola=17595 | prio=10 | https://data.worldbank.org/indicator/NY.GDP.MKTP.CD?locations=AR
[FULL_17_BM] DATASETS=1000 | exportable_data_page | https://data.worldbank.org/indicator/NY.GDP.MKTP.CD?locations=AR
[FULL_17_BM] t=3845.1s | pag=1526 | files=1375 | data=1000 | cola=17602 | prio=10 | https://data.worldbank.org/indicator/NY.GDP.PCAP.CD?locations=AR
[FULL_17_BM] t=3846.0s | pag=1527 | files=1375 | data=1001 | cola=17609 | prio=10 | https://data.worldbank.org/indicator/NY.GDP.MKTP.KD.ZG?locations=AR
[FULL_17_BM] t=3846.5s | pag=1528 | files=1375 | data=1002 | cola=17609 | prio=10 | https://data.worldbank.org/indicator/SL.UEM.TOTL.ZS?locations=AR
[FULL_17_BM] t=3847.1s | pag=1529 | files=1375 | data=1003 | cola=17617 | prio=10 | https://data.worldbank.org/indicator/FP.CPI.TOTL.ZG?locations=AR
[FULL_17_BM] t=3848.1s | pag=1530 | files=1375 | data=1004 | cola=17625 | prio=10 | https://data.worldbank.org/indicator/BX.TRF.PWKR.DT.GD.ZS?locations=AR
[FULL_17_BM] t=3848.8s | pag=1531 | files=1375 | data=1005 | cola=17633 | prio=10 | https://data.worldbank.org/indicator/EG.ELC.ACCS.ZS?locations=AR
[FULL_17_BM] t=3849.7s | pag=1532 | files=1375 | data=1006 | cola=17641 | prio=10 | https://data.worldbank.org/indicator/AG.LND.FRST.ZS?locations=AR
[FULL_17_BM] t=3850.5s | pag=1533 | files=1375 | data=1007 | cola=17649 | prio=10 | https://data.worldbank.org/indicator/EN.GHG.CO2.PC.CE.AR5?locations=AR
[FULL_17_BM] t=3864.6s | pag=1534 | files=1375 | data=1008 | cola=17657 | prio=10 | https://data.worldbank.org/indicator/ER.H2O.FWTL.ZS?locations=AR
[FULL_17_BM] t=3864.8s | pag=1535 | files=1375 | data=1009 | cola=17665 | prio=10 | https://data.worldbank.org/indicator/EG.ELC.RNWX.ZS?locations=AR
[FULL_17_BM] t=3880.3s | pag=1535 | files=1375 | data=1009 | cola=17664 | prio=10 | https://data.worldbank.org/indicator/SH.STA.SMSS.ZS?locations=AR
[FULL_17_BM] t=3896.4s | pag=1535 | files=1375 | data=1009 | cola=17663 | prio=10 | https://data.worldbank.org/indicator/IT.NET.USER.ZS?locations=AR
[FULL_17_BM] t=3897.9s | pag=1536 | files=1375 | data=1010 | cola=17671 | prio=10 | https://data.worldbank.org/indicator/VC.IHR.PSRC.P5?locations=AR
[FULL_17_BM] t=3898.8s | pag=1537 | files=1375 | data=1011 | cola=17676 | prio=10 | https://data.worldbank.org/indicator/SG.GEN.PARL.ZS?locations=AR
[FULL_17_BM] t=3914.4s | pag=1537 | files=1375 | data=1011 | cola=17675 | prio=10 | https://data.worldbank.org/indicator/GC.DOD.TOTL.GD.ZS?locations=AR
[FULL_17_BM] t=3915.9s | pag=1538 | files=1375 | data=1012 | cola=17683 | prio=10 | https://data.worldbank.org/indicator/IQ.SPI.OVRL?locations=AR
[FULL_17_BM] t=3916.3s | pag=1539 | files=1375 | data=1013 | cola=17691 | prio=10 | https://data.worldbank.org/indicator/BX.KLT.DINV.WD.GD.ZS?locations=AR
[FULL_17_BM] t=3916.8s | pag=1540 | files=1375 | data=1014 | cola=17698 | prio=10 | https://api.worldbank.org/v2/en/country/ARG?downloadformat=csv
[FULL_17_BM] t=3919.5s | pag=1540 | files=1376 | data=1014 | cola=17697 | prio=10 | https://api.worldbank.org/v2/en/country/ARG?downloadformat=xml
[FULL_17_BM] t=3923.0s | pag=1540 | files=1377 | data=1014 | cola=17696 | prio=10 | https://api.worldbank.org/v2/en/country/ARG?downloadformat=excel
[FULL_17_BM] t=3924.4s | pag=1540 | files=1377 | data=1014 | cola=17695 | prio=10 | http://databank.worldbank.org/data/reports.aspx?country=ARG&source=2
[FULL_17_BM] t=3926.7s | pag=1541 | files=1377 | data=1015 | cola=17694 | prio=10 | https://databank.worldbank.org/views/reports/reportwidget.aspx?Id=b450fd57&Report_Name=CountryProfile&country=ARG&dd=y&inf=n&tbar=y&zm=n
[FULL_17_BM] t=3927.9s | pag=1542 | files=1377 | data=1016 | cola=17693 | prio=10 | http://microdata.worldbank.org/index.php/catalog/?country%5B%5D=argentina
[FULL_17_BM] t=3929.4s | pag=1543 | files=1377 | data=1016 | cola=17701 | prio=10 | https://climateknowledgeportal.worldbank.org/country/Argentina/climate-data-historical
[FULL_17_BM] t=3930.0s | pag=1543 | files=1377 | data=1016 | cola=17700 | prio=10 | https://climateknowledgeportal.worldbank.org/country/argentina/climate-data-historical
[FULL_17_BM] t=3931.2s | pag=1543 | files=1377 | data=1016 | cola=17699 | prio=10 | https://data.worldbank.org/indicator/SP.DYN.LE00.IN?locations=AM
[FULL_17_BM] t=3931.7s | pag=1544 | files=1377 | data=1017 | cola=17707 | prio=10 | https://data.worldbank.org/indicator/SI.POV.DDAY?locations=AM
[FULL_17_BM] t=3932.6s | pag=1545 | files=1377 | data=1018 | cola=17715 | prio=10 | https://data.worldbank.org/indicator/SP.POP.TOTL?locations=AM
[FULL_17_BM] t=3933.1s | pag=1546 | files=1377 | data=1019 | cola=17722 | prio=10 | https://data.worldbank.org/indicator/SP.POP.GROW?locations=AM
[FULL_17_BM] t=3934.0s | pag=1547 | files=1377 | data=1020 | cola=17730 | prio=10 | https://data.worldbank.org/indicator/SM.POP.NETM?locations=AM
[FULL_17_BM] t=3934.8s | pag=1548 | files=1377 | data=1021 | cola=17738 | prio=10 | https://data.worldbank.org/indicator/HD.HCI.OVRL?locations=AM
[FULL_17_BM] t=3950.5s | pag=1548 | files=1377 | data=1021 | cola=17737 | prio=10 | https://data.worldbank.org/indicator/NY.GDP.MKTP.CD?locations=AM
[FULL_17_BM] t=3951.4s | pag=1549 | files=1377 | data=1022 | cola=17744 | prio=10 | https://data.worldbank.org/indicator/NY.GDP.PCAP.CD?locations=AM
[FULL_17_BM] t=3951.8s | pag=1550 | files=1377 | data=1023 | cola=17751 | prio=10 | https://data.worldbank.org/indicator/NY.GDP.MKTP.KD.ZG?locations=AM
[FULL_17_BM] t=3967.1s | pag=1550 | files=1377 | data=1023 | cola=17750 | prio=10 | https://data.worldbank.org/indicator/SL.UEM.TOTL.ZS?locations=AM
[FULL_17_BM] t=3968.0s | pag=1551 | files=1377 | data=1024 | cola=17758 | prio=10 | https://data.worldbank.org/indicator/FP.CPI.TOTL.ZG?locations=AM
[FULL_17_BM] DATASETS=1025 | exportable_data_page | https://data.worldbank.org/indicator/FP.CPI.TOTL.ZG?locations=AM
[FULL_17_BM] t=3968.5s | pag=1552 | files=1377 | data=1025 | cola=17766 | prio=10 | https://data.worldbank.org/indicator/BX.TRF.PWKR.DT.GD.ZS?locations=AM
[FULL_17_BM] t=3983.9s | pag=1552 | files=1377 | data=1025 | cola=17765 | prio=10 | https://data.worldbank.org/indicator/EG.ELC.ACCS.ZS?locations=AM
[FULL_17_BM] t=3985.3s | pag=1553 | files=1377 | data=1026 | cola=17773 | prio=10 | https://data.worldbank.org/indicator/AG.LND.FRST.ZS?locations=AM
[FULL_17_BM] t=3986.2s | pag=1554 | files=1377 | data=1027 | cola=17781 | prio=10 | https://data.worldbank.org/indicator/EN.GHG.CO2.PC.CE.AR5?locations=AM
[FULL_17_BM] t=3987.1s | pag=1555 | files=1377 | data=1028 | cola=17789 | prio=10 | https://data.worldbank.org/indicator/ER.H2O.FWTL.ZS?locations=AM
[FULL_17_BM] t=4002.8s | pag=1555 | files=1377 | data=1028 | cola=17788 | prio=10 | https://data.worldbank.org/indicator/EG.ELC.RNWX.ZS?locations=AM
[FULL_17_BM] t=4004.0s | pag=1556 | files=1377 | data=1029 | cola=17789 | prio=10 | https://data.worldbank.org/indicator/SH.STA.SMSS.ZS?locations=AM
[FULL_17_BM] t=4004.7s | pag=1557 | files=1377 | data=1030 | cola=17797 | prio=10 | https://data.worldbank.org/indicator/IT.NET.USER.ZS?locations=AM
[FULL_17_BM] t=4005.2s | pag=1558 | files=1377 | data=1031 | cola=17805 | prio=10 | https://data.worldbank.org/indicator/VC.IHR.PSRC.P5?locations=AM
[FULL_17_BM] t=4005.9s | pag=1559 | files=1377 | data=1032 | cola=17810 | prio=10 | https://data.worldbank.org/indicator/SG.GEN.PARL.ZS?locations=AM
[FULL_17_BM] t=4006.4s | pag=1560 | files=1377 | data=1033 | cola=17818 | prio=10 | https://data.worldbank.org/indicator/GC.DOD.TOTL.GD.ZS?locations=AM
[FULL_17_BM] t=4006.7s | pag=1561 | files=1377 | data=1034 | cola=17826 | prio=10 | https://data.worldbank.org/indicator/IQ.SPI.OVRL?locations=AM
[FULL_17_BM] t=4022.5s | pag=1561 | files=1377 | data=1034 | cola=17825 | prio=10 | https://data.worldbank.org/indicator/BX.KLT.DINV.WD.GD.ZS?locations=AM
[FULL_17_BM] t=4024.0s | pag=1562 | files=1377 | data=1035 | cola=17833 | prio=10 | https://api.worldbank.org/v2/en/country/ARM?downloadformat=csv
[FULL_17_BM] t=4026.5s | pag=1562 | files=1378 | data=1035 | cola=17832 | prio=10 | https://api.worldbank.org/v2/en/country/ARM?downloadformat=xml
[FULL_17_BM] t=4030.2s | pag=1562 | files=1379 | data=1035 | cola=17831 | prio=10 | https://api.worldbank.org/v2/en/country/ARM?downloadformat=excel
[FULL_17_BM] t=4032.2s | pag=1562 | files=1379 | data=1035 | cola=17830 | prio=10 | http://databank.worldbank.org/data/reports.aspx?country=ARM&source=2
[FULL_17_BM] t=4034.1s | pag=1563 | files=1379 | data=1036 | cola=17829 | prio=10 | https://databank.worldbank.org/views/reports/reportwidget.aspx?Id=b450fd57&Report_Name=CountryProfile&country=ARM&dd=y&inf=n&tbar=y&zm=n
[FULL_17_BM] t=4035.3s | pag=1564 | files=1379 | data=1037 | cola=17828 | prio=10 | http://microdata.worldbank.org/index.php/catalog/?country%5B%5D=armenia
[FULL_17_BM] t=4037.3s | pag=1565 | files=1379 | data=1037 | cola=17834 | prio=10 | https://climateknowledgeportal.worldbank.org/country/Armenia/climate-data-historical
[FULL_17_BM] t=4037.8s | pag=1565 | files=1379 | data=1037 | cola=17833 | prio=10 | https://climateknowledgeportal.worldbank.org/country/armenia/climate-data-historical
[FULL_17_BM] t=4039.2s | pag=1565 | files=1379 | data=1037 | cola=17832 | prio=10 | https://data.worldbank.org/indicator/SP.DYN.LE00.IN?locations=AW
[FULL_17_BM] t=4054.5s | pag=1565 | files=1379 | data=1037 | cola=17831 | prio=10 | https://data.worldbank.org/indicator/SI.POV.DDAY?locations=AW
[FULL_17_BM] t=4070.5s | pag=1565 | files=1379 | data=1037 | cola=17830 | prio=10 | https://data.worldbank.org/indicator/SP.POP.TOTL?locations=AW
[FULL_17_BM] t=4071.5s | pag=1566 | files=1379 | data=1038 | cola=17837 | prio=10 | https://data.worldbank.org/indicator/SP.POP.GROW?locations=AW
[FULL_17_BM] t=4086.7s | pag=1566 | files=1379 | data=1038 | cola=17836 | prio=10 | https://data.worldbank.org/indicator/SM.POP.NETM?locations=AW
[FULL_17_BM] t=4102.9s | pag=1566 | files=1379 | data=1038 | cola=17835 | prio=10 | https://data.worldbank.org/indicator/HD.HCI.OVRL?locations=AW
[FULL_17_BM] t=4119.0s | pag=1566 | files=1379 | data=1038 | cola=17834 | prio=10 | https://data.worldbank.org/indicator/NY.GDP.MKTP.CD?locations=AW
[FULL_17_BM] t=4120.5s | pag=1567 | files=1379 | data=1039 | cola=17841 | prio=10 | https://data.worldbank.org/indicator/NY.GDP.PCAP.CD?locations=AW
[FULL_17_BM] t=4121.3s | pag=1568 | files=1379 | data=1040 | cola=17848 | prio=10 | https://data.worldbank.org/indicator/NY.GDP.MKTP.KD.ZG?locations=AW
[FULL_17_BM] t=4136.9s | pag=1568 | files=1379 | data=1040 | cola=17847 | prio=10 | https://data.worldbank.org/indicator/SL.UEM.TOTL.ZS?locations=AW
[FULL_17_BM] t=4152.6s | pag=1568 | files=1379 | data=1040 | cola=17846 | prio=10 | https://data.worldbank.org/indicator/FP.CPI.TOTL.ZG?locations=AW
[FULL_17_BM] t=4153.7s | pag=1569 | files=1379 | data=1041 | cola=17854 | prio=10 | https://data.worldbank.org/indicator/BX.TRF.PWKR.DT.GD.ZS?locations=AW
[FULL_17_BM] t=4169.3s | pag=1569 | files=1379 | data=1041 | cola=17853 | prio=10 | https://data.worldbank.org/indicator/EG.ELC.ACCS.ZS?locations=AW
[FULL_17_BM] t=4185.2s | pag=1569 | files=1379 | data=1041 | cola=17852 | prio=10 | https://data.worldbank.org/indicator/AG.LND.FRST.ZS?locations=AW
[FULL_17_BM] t=4201.1s | pag=1569 | files=1379 | data=1041 | cola=17851 | prio=10 | https://data.worldbank.org/indicator/EN.GHG.CO2.PC.CE.AR5?locations=AW
[FULL_17_BM] t=4217.3s | pag=1569 | files=1379 | data=1041 | cola=17850 | prio=10 | https://data.worldbank.org/indicator/ER.H2O.FWTL.ZS?locations=AW
[FULL_17_BM] t=4233.3s | pag=1569 | files=1379 | data=1041 | cola=17849 | prio=10 | https://data.worldbank.org/indicator/EG.ELC.RNWX.ZS?locations=AW
[FULL_17_BM] t=4249.0s | pag=1569 | files=1379 | data=1041 | cola=17848 | prio=10 | https://data.worldbank.org/indicator/SH.STA.SMSS.ZS?locations=AW
[FULL_17_BM] t=4250.0s | pag=1570 | files=1379 | data=1042 | cola=17856 | prio=10 | https://data.worldbank.org/indicator/IT.NET.USER.ZS?locations=AW
[FULL_17_BM] t=4265.4s | pag=1570 | files=1379 | data=1042 | cola=17855 | prio=10 | https://data.worldbank.org/indicator/VC.IHR.PSRC.P5?locations=AW
[FULL_17_BM] t=4266.7s | pag=1571 | files=1379 | data=1043 | cola=17860 | prio=10 | https://data.worldbank.org/indicator/SG.GEN.PARL.ZS?locations=AW
[FULL_17_BM] t=4282.1s | pag=1571 | files=1379 | data=1043 | cola=17859 | prio=10 | https://data.worldbank.org/indicator/GC.DOD.TOTL.GD.ZS?locations=AW
[FULL_17_BM] t=4298.0s | pag=1571 | files=1379 | data=1043 | cola=17858 | prio=10 | https://data.worldbank.org/indicator/IQ.SPI.OVRL?locations=AW
[FULL_17_BM] t=4314.2s | pag=1571 | files=1379 | data=1043 | cola=17857 | prio=10 | https://data.worldbank.org/indicator/BX.KLT.DINV.WD.GD.ZS?locations=AW
[FULL_17_BM] t=4330.3s | pag=1571 | files=1379 | data=1043 | cola=17856 | prio=10 | https://api.worldbank.org/v2/en/country/ABW?downloadformat=csv
[FULL_17_BM] t=4333.3s | pag=1571 | files=1380 | data=1043 | cola=17855 | prio=10 | https://api.worldbank.org/v2/en/country/ABW?downloadformat=xml
[FULL_17_BM] t=4336.2s | pag=1571 | files=1381 | data=1043 | cola=17854 | prio=10 | https://api.worldbank.org/v2/en/country/ABW?downloadformat=excel
[FULL_17_BM] t=4337.2s | pag=1571 | files=1381 | data=1043 | cola=17853 | prio=10 | http://databank.worldbank.org/data/reports.aspx?country=ABW&source=2
[FULL_17_BM] t=4339.8s | pag=1572 | files=1381 | data=1044 | cola=17852 | prio=10 | https://databank.worldbank.org/views/reports/reportwidget.aspx?Id=b450fd57&Report_Name=CountryProfile&country=ABW&dd=y&inf=n&tbar=y&zm=n
[FULL_17_BM] t=4341.1s | pag=1573 | files=1381 | data=1045 | cola=17851 | prio=10 | http://microdata.worldbank.org/index.php/catalog/?country%5B%5D=aruba
[FULL_17_BM] t=4343.2s | pag=1574 | files=1381 | data=1045 | cola=17851 | prio=10 | https://climateknowledgeportal.worldbank.org/country/Aruba/climate-data-historical
[FULL_17_BM] t=4343.6s | pag=1574 | files=1381 | data=1045 | cola=17850 | prio=10 | https://climateknowledgeportal.worldbank.org/country/aruba/climate-data-historical
[FULL_17_BM] t=4344.7s | pag=1574 | files=1381 | data=1045 | cola=17849 | prio=10 | https://data.worldbank.org/indicator/SP.DYN.LE00.IN?locations=AU
[FULL_17_BM] t=4346.1s | pag=1575 | files=1381 | data=1046 | cola=17857 | prio=10 | https://data.worldbank.org/indicator/SI.POV.DDAY?locations=AU
[FULL_17_BM] t=4361.8s | pag=1575 | files=1381 | data=1046 | cola=17856 | prio=10 | https://data.worldbank.org/indicator/SP.POP.TOTL?locations=AU
[FULL_17_BM] t=4363.4s | pag=1576 | files=1381 | data=1047 | cola=17863 | prio=10 | https://data.worldbank.org/indicator/SP.POP.GROW?locations=AU
[FULL_17_BM] t=4364.2s | pag=1577 | files=1381 | data=1048 | cola=17871 | prio=10 | https://data.worldbank.org/indicator/SM.POP.NETM?locations=AU
[FULL_17_BM] t=4364.7s | pag=1578 | files=1381 | data=1049 | cola=17879 | prio=10 | https://data.worldbank.org/indicator/HD.HCI.OVRL?locations=AU
[FULL_17_BM] DATASETS=1050 | exportable_data_page | https://data.worldbank.org/indicator/HD.HCI.OVRL?locations=AU
[FULL_17_BM] t=4365.4s | pag=1579 | files=1381 | data=1050 | cola=17879 | prio=10 | https://data.worldbank.org/indicator/NY.GDP.MKTP.CD?locations=AU
[FULL_17_BM] t=4366.2s | pag=1580 | files=1381 | data=1051 | cola=17886 | prio=10 | https://data.worldbank.org/indicator/NY.GDP.PCAP.CD?locations=AU
[FULL_17_BM] t=4367.1s | pag=1581 | files=1381 | data=1052 | cola=17893 | prio=10 | https://data.worldbank.org/indicator/NY.GDP.MKTP.KD.ZG?locations=AU
[FULL_17_BM] t=4367.8s | pag=1582 | files=1381 | data=1053 | cola=17893 | prio=10 | https://data.worldbank.org/indicator/SL.UEM.TOTL.ZS?locations=AU
[FULL_17_BM] t=4368.2s | pag=1583 | files=1381 | data=1054 | cola=17901 | prio=10 | https://data.worldbank.org/indicator/FP.CPI.TOTL.ZG?locations=AU
[FULL_17_BM] t=4369.2s | pag=1584 | files=1381 | data=1055 | cola=17909 | prio=10 | https://data.worldbank.org/indicator/BX.TRF.PWKR.DT.GD.ZS?locations=AU
[FULL_17_BM] t=4384.7s | pag=1584 | files=1381 | data=1055 | cola=17908 | prio=10 | https://data.worldbank.org/indicator/EG.ELC.ACCS.ZS?locations=AU
[FULL_17_BM] t=4386.0s | pag=1585 | files=1381 | data=1056 | cola=17916 | prio=10 | https://data.worldbank.org/indicator/AG.LND.FRST.ZS?locations=AU
[FULL_17_BM] t=4386.7s | pag=1586 | files=1381 | data=1057 | cola=17924 | prio=10 | https://data.worldbank.org/indicator/EN.GHG.CO2.PC.CE.AR5?locations=AU
[FULL_17_BM] t=4387.0s | pag=1587 | files=1381 | data=1058 | cola=17932 | prio=10 | https://data.worldbank.org/indicator/ER.H2O.FWTL.ZS?locations=AU
[FULL_17_BM] t=4402.4s | pag=1587 | files=1381 | data=1058 | cola=17931 | prio=10 | https://data.worldbank.org/indicator/EG.ELC.RNWX.ZS?locations=AU
[FULL_17_BM] t=4403.9s | pag=1588 | files=1381 | data=1059 | cola=17932 | prio=10 | https://data.worldbank.org/indicator/SH.STA.SMSS.ZS?locations=AU
[FULL_17_BM] t=4419.3s | pag=1588 | files=1381 | data=1059 | cola=17931 | prio=10 | https://data.worldbank.org/indicator/IT.NET.USER.ZS?locations=AU
[FULL_17_BM] t=4420.5s | pag=1589 | files=1381 | data=1060 | cola=17939 | prio=10 | https://data.worldbank.org/indicator/VC.IHR.PSRC.P5?locations=AU
[FULL_17_BM] t=4421.1s | pag=1590 | files=1381 | data=1061 | cola=17944 | prio=10 | https://data.worldbank.org/indicator/SG.GEN.PARL.ZS?locations=AU
[FULL_17_BM] t=4436.9s | pag=1590 | files=1381 | data=1061 | cola=17943 | prio=10 | https://data.worldbank.org/indicator/GC.DOD.TOTL.GD.ZS?locations=AU
[FULL_17_BM] t=4438.0s | pag=1591 | files=1381 | data=1062 | cola=17951 | prio=10 | https://data.worldbank.org/indicator/IQ.SPI.OVRL?locations=AU
[FULL_17_BM] t=4438.8s | pag=1592 | files=1381 | data=1063 | cola=17959 | prio=10 | https://data.worldbank.org/indicator/BX.KLT.DINV.WD.GD.ZS?locations=AU
[FULL_17_BM] t=4439.7s | pag=1593 | files=1381 | data=1064 | cola=17967 | prio=10 | https://api.worldbank.org/v2/en/country/AUS?downloadformat=csv
[FULL_17_BM] t=4442.1s | pag=1593 | files=1382 | data=1064 | cola=17966 | prio=10 | https://api.worldbank.org/v2/en/country/AUS?downloadformat=xml
[FULL_17_BM] t=4445.7s | pag=1593 | files=1383 | data=1064 | cola=17965 | prio=10 | https://api.worldbank.org/v2/en/country/AUS?downloadformat=excel
[FULL_17_BM] t=4447.4s | pag=1593 | files=1383 | data=1064 | cola=17964 | prio=10 | http://databank.worldbank.org/data/reports.aspx?country=AUS&source=2
[FULL_17_BM] t=4450.0s | pag=1594 | files=1383 | data=1065 | cola=17963 | prio=10 | https://databank.worldbank.org/views/reports/reportwidget.aspx?Id=b450fd57&Report_Name=CountryProfile&country=AUS&dd=y&inf=n&tbar=y&zm=n
[FULL_17_BM] t=4451.0s | pag=1595 | files=1383 | data=1066 | cola=17962 | prio=10 | http://microdata.worldbank.org/index.php/catalog/6420
[FULL_17_BM] t=4452.1s | pag=1596 | files=1383 | data=1067 | cola=17969 | prio=10 | http://microdata.worldbank.org/index.php/catalog/390
[FULL_17_BM] t=4453.2s | pag=1597 | files=1383 | data=1068 | cola=17977 | prio=10 | http://microdata.worldbank.org/index.php/catalog/1789
[FULL_17_BM] t=4454.5s | pag=1598 | files=1383 | data=1069 | cola=17985 | prio=10 | http://microdata.worldbank.org/index.php/catalog/7865
[FULL_17_BM] t=4455.6s | pag=1599 | files=1383 | data=1070 | cola=17993 | prio=10 | http://microdata.worldbank.org/index.php/catalog/?country%5B%5D=australia
[FULL_17_BM] t=4456.8s | pag=1600 | files=1383 | data=1070 | cola=17998 | prio=10 | https://climateknowledgeportal.worldbank.org/country/Australia/climate-data-historical
[FULL_17_BM] t=4457.5s | pag=1600 | files=1383 | data=1070 | cola=17997 | prio=10 | https://climateknowledgeportal.worldbank.org/country/australia/climate-data-historical
[FULL_17_BM] t=4458.5s | pag=1600 | files=1383 | data=1070 | cola=17996 | prio=10 | https://data.worldbank.org/indicator/SP.DYN.LE00.IN?locations=AT
[FULL_17_BM] t=4474.0s | pag=1601 | files=1383 | data=1071 | cola=18004 | prio=10 | https://data.worldbank.org/indicator/SI.POV.DDAY?locations=AT
[FULL_17_BM] t=4489.2s | pag=1601 | files=1383 | data=1071 | cola=18003 | prio=10 | https://data.worldbank.org/indicator/SP.POP.TOTL?locations=AT
[FULL_17_BM] t=4490.5s | pag=1602 | files=1383 | data=1072 | cola=18010 | prio=10 | https://data.worldbank.org/indicator/SP.POP.GROW?locations=AT
[FULL_17_BM] t=4506.2s | pag=1602 | files=1383 | data=1072 | cola=18009 | prio=10 | https://data.worldbank.org/indicator/SM.POP.NETM?locations=AT
[FULL_17_BM] t=4522.0s | pag=1602 | files=1383 | data=1072 | cola=18008 | prio=10 | https://data.worldbank.org/indicator/HD.HCI.OVRL?locations=AT
[FULL_17_BM] t=4534.3s | pag=1603 | files=1383 | data=1073 | cola=18008 | prio=10 | https://data.worldbank.org/indicator/NY.GDP.MKTP.CD?locations=AT
[FULL_17_BM] t=4535.3s | pag=1604 | files=1383 | data=1074 | cola=18015 | prio=10 | https://data.worldbank.org/indicator/NY.GDP.PCAP.CD?locations=AT
[FULL_17_BM] DATASETS=1075 | exportable_data_page | https://data.worldbank.org/indicator/NY.GDP.PCAP.CD?locations=AT
[FULL_17_BM] t=4535.9s | pag=1605 | files=1383 | data=1075 | cola=18022 | prio=10 | https://data.worldbank.org/indicator/NY.GDP.MKTP.KD.ZG?locations=AT
[FULL_17_BM] t=4536.4s | pag=1606 | files=1383 | data=1076 | cola=18022 | prio=10 | https://data.worldbank.org/indicator/SL.UEM.TOTL.ZS?locations=AT
[FULL_17_BM] t=4537.0s | pag=1607 | files=1383 | data=1077 | cola=18030 | prio=10 | https://data.worldbank.org/indicator/FP.CPI.TOTL.ZG?locations=AT
[FULL_17_BM] t=4537.7s | pag=1608 | files=1383 | data=1078 | cola=18038 | prio=10 | https://data.worldbank.org/indicator/BX.TRF.PWKR.DT.GD.ZS?locations=AT
[FULL_17_BM] t=4553.3s | pag=1608 | files=1383 | data=1078 | cola=18037 | prio=10 | https://data.worldbank.org/indicator/EG.ELC.ACCS.ZS?locations=AT
[FULL_17_BM] t=4554.3s | pag=1609 | files=1383 | data=1079 | cola=18045 | prio=10 | https://data.worldbank.org/indicator/AG.LND.FRST.ZS?locations=AT
[FULL_17_BM] t=4555.1s | pag=1610 | files=1383 | data=1080 | cola=18053 | prio=10 | https://data.worldbank.org/indicator/EN.GHG.CO2.PC.CE.AR5?locations=AT
[FULL_17_BM] t=4556.0s | pag=1611 | files=1383 | data=1081 | cola=18061 | prio=10 | https://data.worldbank.org/indicator/ER.H2O.FWTL.ZS?locations=AT
[FULL_17_BM] t=4571.3s | pag=1611 | files=1383 | data=1081 | cola=18060 | prio=10 | https://data.worldbank.org/indicator/EG.ELC.RNWX.ZS?locations=AT
[FULL_17_BM] t=4587.3s | pag=1611 | files=1383 | data=1081 | cola=18059 | prio=10 | https://data.worldbank.org/indicator/SH.STA.SMSS.ZS?locations=AT
[FULL_17_BM] t=4589.0s | pag=1612 | files=1383 | data=1082 | cola=18067 | prio=10 | https://data.worldbank.org/indicator/IT.NET.USER.ZS?locations=AT
[FULL_17_BM] t=4604.0s | pag=1612 | files=1383 | data=1082 | cola=18066 | prio=10 | https://data.worldbank.org/indicator/VC.IHR.PSRC.P5?locations=AT
[FULL_17_BM] t=4605.2s | pag=1613 | files=1383 | data=1083 | cola=18071 | prio=10 | https://data.worldbank.org/indicator/SG.GEN.PARL.ZS?locations=AT
[FULL_17_BM] t=4620.8s | pag=1613 | files=1383 | data=1083 | cola=18070 | prio=10 | https://data.worldbank.org/indicator/GC.DOD.TOTL.GD.ZS?locations=AT
[FULL_17_BM] t=4622.1s | pag=1614 | files=1383 | data=1084 | cola=18078 | prio=10 | https://data.worldbank.org/indicator/IQ.SPI.OVRL?locations=AT
[FULL_17_BM] t=4637.4s | pag=1614 | files=1383 | data=1084 | cola=18077 | prio=10 | https://data.worldbank.org/indicator/BX.KLT.DINV.WD.GD.ZS?locations=AT
[FULL_17_BM] t=4653.7s | pag=1614 | files=1383 | data=1084 | cola=18076 | prio=10 | https://api.worldbank.org/v2/en/country/AUT?downloadformat=csv
[FULL_17_BM] t=4656.5s | pag=1614 | files=1384 | data=1084 | cola=18075 | prio=10 | https://api.worldbank.org/v2/en/country/AUT?downloadformat=xml
[FULL_17_BM] t=4659.6s | pag=1614 | files=1385 | data=1084 | cola=18074 | prio=10 | https://api.worldbank.org/v2/en/country/AUT?downloadformat=excel
[FULL_17_BM] t=4661.4s | pag=1614 | files=1385 | data=1084 | cola=18073 | prio=10 | http://databank.worldbank.org/data/reports.aspx?country=AUT&source=2
[FULL_17_BM] t=4663.7s | pag=1615 | files=1385 | data=1085 | cola=18072 | prio=10 | https://databank.worldbank.org/views/reports/reportwidget.aspx?Id=b450fd57&Report_Name=CountryProfile&country=AUT&dd=y&inf=n&tbar=y&zm=n
[FULL_17_BM] t=4664.7s | pag=1616 | files=1385 | data=1086 | cola=18071 | prio=10 | http://microdata.worldbank.org/index.php/catalog/6809
[FULL_17_BM] t=4665.5s | pag=1617 | files=1385 | data=1087 | cola=18080 | prio=10 | http://microdata.worldbank.org/index.php/catalog/2928
[FULL_17_BM] t=4667.0s | pag=1618 | files=1385 | data=1088 | cola=18087 | prio=10 | http://microdata.worldbank.org/index.php/catalog/2930
[FULL_17_BM] t=4668.2s | pag=1619 | files=1385 | data=1089 | cola=18094 | prio=10 | http://microdata.worldbank.org/index.php/catalog/2932
[FULL_17_BM] t=4669.5s | pag=1620 | files=1385 | data=1090 | cola=18101 | prio=10 | http://microdata.worldbank.org/index.php/catalog/?country%5B%5D=austria
[FULL_17_BM] t=4671.0s | pag=1621 | files=1385 | data=1090 | cola=18106 | prio=10 | https://climateknowledgeportal.worldbank.org/country/Austria/climate-data-historical
[FULL_17_BM] t=4671.6s | pag=1621 | files=1385 | data=1090 | cola=18105 | prio=10 | https://climateknowledgeportal.worldbank.org/country/austria/climate-data-historical
[FULL_17_BM] t=4672.4s | pag=1621 | files=1385 | data=1090 | cola=18104 | prio=10 | https://data.worldbank.org/indicator/SP.DYN.LE00.IN?locations=AZ
[FULL_17_BM] t=4673.4s | pag=1622 | files=1385 | data=1091 | cola=18112 | prio=10 | https://data.worldbank.org/indicator/SI.POV.DDAY?locations=AZ
[FULL_17_BM] t=4674.0s | pag=1623 | files=1385 | data=1092 | cola=18120 | prio=10 | https://data.worldbank.org/indicator/SP.POP.TOTL?locations=AZ
[FULL_17_BM] t=4675.0s | pag=1624 | files=1385 | data=1093 | cola=18127 | prio=10 | https://data.worldbank.org/indicator/SP.POP.GROW?locations=AZ
[FULL_17_BM] t=4690.3s | pag=1624 | files=1385 | data=1093 | cola=18126 | prio=10 | https://data.worldbank.org/indicator/SM.POP.NETM?locations=AZ
[FULL_17_BM] t=4691.3s | pag=1625 | files=1385 | data=1094 | cola=18134 | prio=10 | https://data.worldbank.org/indicator/HD.HCI.OVRL?locations=AZ
[FULL_17_BM] t=4706.8s | pag=1625 | files=1385 | data=1094 | cola=18133 | prio=10 | https://data.worldbank.org/indicator/NY.GDP.MKTP.CD?locations=AZ
[FULL_17_BM] t=4707.8s | pag=1626 | files=1385 | data=1095 | cola=18140 | prio=10 | https://data.worldbank.org/indicator/NY.GDP.PCAP.CD?locations=AZ
[FULL_17_BM] t=4708.4s | pag=1627 | files=1385 | data=1096 | cola=18147 | prio=10 | https://data.worldbank.org/indicator/NY.GDP.MKTP.KD.ZG?locations=AZ
[FULL_17_BM] t=4709.0s | pag=1628 | files=1385 | data=1097 | cola=18147 | prio=10 | https://data.worldbank.org/indicator/SL.UEM.TOTL.ZS?locations=AZ
[FULL_17_BM] t=4709.5s | pag=1629 | files=1385 | data=1098 | cola=18155 | prio=10 | https://data.worldbank.org/indicator/FP.CPI.TOTL.ZG?locations=AZ
[FULL_17_BM] t=4710.1s | pag=1630 | files=1385 | data=1099 | cola=18163 | prio=10 | https://data.worldbank.org/indicator/BX.TRF.PWKR.DT.GD.ZS?locations=AZ
[FULL_17_BM] t=4725.8s | pag=1630 | files=1385 | data=1099 | cola=18162 | prio=10 | https://data.worldbank.org/indicator/EG.ELC.ACCS.ZS?locations=AZ
[FULL_17_BM] t=4741.8s | pag=1630 | files=1385 | data=1099 | cola=18161 | prio=10 | https://data.worldbank.org/indicator/AG.LND.FRST.ZS?locations=AZ
[FULL_17_BM] DATASETS=1100 | exportable_data_page | https://data.worldbank.org/indicator/AG.LND.FRST.ZS?locations=AZ
[FULL_17_BM] t=4743.1s | pag=1631 | files=1385 | data=1100 | cola=18169 | prio=10 | https://data.worldbank.org/indicator/EN.GHG.CO2.PC.CE.AR5?locations=AZ
[FULL_17_BM] t=4743.6s | pag=1632 | files=1385 | data=1101 | cola=18177 | prio=10 | https://data.worldbank.org/indicator/ER.H2O.FWTL.ZS?locations=AZ
[FULL_17_BM] t=4759.3s | pag=1632 | files=1385 | data=1101 | cola=18176 | prio=10 | https://data.worldbank.org/indicator/EG.ELC.RNWX.ZS?locations=AZ
[FULL_17_BM] t=4775.5s | pag=1632 | files=1385 | data=1101 | cola=18175 | prio=10 | https://data.worldbank.org/indicator/SH.STA.SMSS.ZS?locations=AZ
[FULL_17_BM] t=4791.8s | pag=1632 | files=1385 | data=1101 | cola=18174 | prio=10 | https://data.worldbank.org/indicator/IT.NET.USER.ZS?locations=AZ
[FULL_17_BM] t=4807.2s | pag=1633 | files=1385 | data=1102 | cola=18182 | prio=10 | https://data.worldbank.org/indicator/VC.IHR.PSRC.P5?locations=AZ
[FULL_17_BM] t=4808.0s | pag=1634 | files=1385 | data=1103 | cola=18187 | prio=10 | https://data.worldbank.org/indicator/SG.GEN.PARL.ZS?locations=AZ
[FULL_17_BM] t=4808.6s | pag=1635 | files=1385 | data=1104 | cola=18195 | prio=10 | https://data.worldbank.org/indicator/GC.DOD.TOTL.GD.ZS?locations=AZ
[FULL_17_BM] t=4810.9s | pag=1636 | files=1385 | data=1105 | cola=18203 | prio=10 | https://data.worldbank.org/indicator/IQ.SPI.OVRL?locations=AZ
[FULL_17_BM] t=4824.1s | pag=1637 | files=1385 | data=1106 | cola=18211 | prio=10 | https://data.worldbank.org/indicator/BX.KLT.DINV.WD.GD.ZS?locations=AZ
[FULL_17_BM] t=4824.5s | pag=1638 | files=1385 | data=1107 | cola=18219 | prio=10 | https://api.worldbank.org/v2/en/country/AZE?downloadformat=csv
[FULL_17_BM] t=4827.4s | pag=1638 | files=1386 | data=1107 | cola=18218 | prio=10 | https://api.worldbank.org/v2/en/country/AZE?downloadformat=xml
[FULL_17_BM] t=4830.0s | pag=1638 | files=1387 | data=1107 | cola=18217 | prio=10 | https://api.worldbank.org/v2/en/country/AZE?downloadformat=excel
[FULL_17_BM] t=4831.9s | pag=1638 | files=1387 | data=1107 | cola=18216 | prio=10 | http://databank.worldbank.org/data/reports.aspx?country=AZE&source=2
[FULL_17_BM] t=4833.9s | pag=1639 | files=1387 | data=1108 | cola=18215 | prio=10 | https://databank.worldbank.org/views/reports/reportwidget.aspx?Id=b450fd57&Report_Name=CountryProfile&country=AZE&dd=y&inf=n&tbar=y&zm=n
[FULL_17_BM] t=4835.0s | pag=1640 | files=1387 | data=1109 | cola=18214 | prio=10 | http://microdata.worldbank.org/index.php/catalog/7867
[FULL_17_BM] t=4836.1s | pag=1641 | files=1387 | data=1110 | cola=18221 | prio=10 | http://microdata.worldbank.org/index.php/catalog/6670
[FULL_17_BM] t=4837.4s | pag=1642 | files=1389 | data=1111 | cola=18228 | prio=10 | http://microdata.worldbank.org/index.php/catalog/6200
[FULL_17_BM] t=4838.3s | pag=1643 | files=1389 | data=1112 | cola=18237 | prio=10 | http://microdata.worldbank.org/index.php/catalog/5847
[FULL_17_BM] t=4839.7s | pag=1644 | files=1389 | data=1113 | cola=18244 | prio=10 | http://microdata.worldbank.org/index.php/catalog/?country%5B%5D=azerbaijan
[FULL_17_BM] t=4841.5s | pag=1645 | files=1389 | data=1113 | cola=18248 | prio=10 | https://climateknowledgeportal.worldbank.org/country/Azerbaijan/climate-data-historical
[FULL_17_BM] t=4842.3s | pag=1645 | files=1389 | data=1113 | cola=18247 | prio=10 | https://climateknowledgeportal.worldbank.org/country/azerbaijan/climate-data-historical
[FULL_17_BM] t=4843.5s | pag=1645 | files=1389 | data=1113 | cola=18246 | prio=10 | https://data.worldbank.org/indicator/SP.DYN.LE00.IN?locations=BS
[FULL_17_BM] t=4854.5s | pag=1646 | files=1389 | data=1114 | cola=18254 | prio=10 | https://data.worldbank.org/indicator/SI.POV.DDAY?locations=BS
[FULL_17_BM] t=4864.0s | pag=1647 | files=1389 | data=1115 | cola=18262 | prio=10 | https://data.worldbank.org/indicator/SP.POP.TOTL?locations=BS
[FULL_17_BM] t=4864.2s | pag=1648 | files=1389 | data=1116 | cola=18269 | prio=10 | https://data.worldbank.org/indicator/SP.POP.GROW?locations=BS
[FULL_17_BM] t=4873.3s | pag=1649 | files=1389 | data=1117 | cola=18277 | prio=10 | https://data.worldbank.org/indicator/SM.POP.NETM?locations=BS
[FULL_17_BM] t=4876.6s | pag=1650 | files=1389 | data=1118 | cola=18285 | prio=10 | https://data.worldbank.org/indicator/HD.HCI.OVRL?locations=BS
[FULL_17_BM] t=4883.5s | pag=1651 | files=1389 | data=1119 | cola=18285 | prio=10 | https://data.worldbank.org/indicator/NY.GDP.MKTP.CD?locations=BS
[FULL_17_BM] t=4884.2s | pag=1652 | files=1389 | data=1120 | cola=18292 | prio=10 | https://data.worldbank.org/indicator/NY.GDP.PCAP.CD?locations=BS
[FULL_17_BM] t=4884.6s | pag=1653 | files=1389 | data=1121 | cola=18299 | prio=10 | https://data.worldbank.org/indicator/NY.GDP.MKTP.KD.ZG?locations=BS
[FULL_17_BM] t=4885.3s | pag=1654 | files=1389 | data=1122 | cola=18299 | prio=10 | https://data.worldbank.org/indicator/SL.UEM.TOTL.ZS?locations=BS
[FULL_17_BM] t=4886.2s | pag=1655 | files=1389 | data=1123 | cola=18307 | prio=10 | https://data.worldbank.org/indicator/FP.CPI.TOTL.ZG?locations=BS
[FULL_17_BM] t=4886.6s | pag=1656 | files=1389 | data=1124 | cola=18315 | prio=10 | https://data.worldbank.org/indicator/BX.TRF.PWKR.DT.GD.ZS?locations=BS
[FULL_17_BM] DATASETS=1125 | exportable_data_page | https://data.worldbank.org/indicator/BX.TRF.PWKR.DT.GD.ZS?locations=BS
[FULL_17_BM] t=4895.8s | pag=1657 | files=1389 | data=1125 | cola=18323 | prio=10 | https://data.worldbank.org/indicator/EG.ELC.ACCS.ZS?locations=BS
[FULL_17_BM] t=4903.5s | pag=1658 | files=1389 | data=1126 | cola=18331 | prio=10 | https://data.worldbank.org/indicator/AG.LND.FRST.ZS?locations=BS
[FULL_17_BM] t=4908.8s | pag=1659 | files=1389 | data=1127 | cola=18339 | prio=10 | https://data.worldbank.org/indicator/EN.GHG.CO2.PC.CE.AR5?locations=BS
[FULL_17_BM] t=4915.7s | pag=1660 | files=1389 | data=1128 | cola=18347 | prio=10 | https://data.worldbank.org/indicator/ER.H2O.FWTL.ZS?locations=BS
[FULL_17_BM] t=4916.2s | pag=1661 | files=1389 | data=1129 | cola=18355 | prio=10 | https://data.worldbank.org/indicator/EG.ELC.RNWX.ZS?locations=BS
[FULL_17_BM] t=4922.1s | pag=1662 | files=1389 | data=1130 | cola=18356 | prio=10 | https://data.worldbank.org/indicator/SH.STA.SMSS.ZS?locations=BS
[FULL_17_BM] t=4922.2s | pag=1663 | files=1389 | data=1131 | cola=18364 | prio=10 | https://data.worldbank.org/indicator/IT.NET.USER.ZS?locations=BS
[FULL_17_BM] t=4922.9s | pag=1664 | files=1389 | data=1132 | cola=18372 | prio=10 | https://data.worldbank.org/indicator/VC.IHR.PSRC.P5?locations=BS
[FULL_17_BM] t=4923.3s | pag=1665 | files=1389 | data=1133 | cola=18377 | prio=10 | https://data.worldbank.org/indicator/SG.GEN.PARL.ZS?locations=BS
[FULL_17_BM] t=4929.6s | pag=1666 | files=1389 | data=1134 | cola=18385 | prio=10 | https://data.worldbank.org/indicator/GC.DOD.TOTL.GD.ZS?locations=BS
[FULL_17_BM] t=4935.6s | pag=1667 | files=1389 | data=1135 | cola=18393 | prio=10 | https://data.worldbank.org/indicator/IQ.SPI.OVRL?locations=BS
[FULL_17_BM] t=4940.3s | pag=1668 | files=1389 | data=1136 | cola=18401 | prio=10 | https://data.worldbank.org/indicator/BX.KLT.DINV.WD.GD.ZS?locations=BS
[FULL_17_BM] t=4943.3s | pag=1669 | files=1389 | data=1137 | cola=18408 | prio=10 | https://api.worldbank.org/v2/en/country/BHS?downloadformat=csv
[FULL_17_BM] t=4945.5s | pag=1669 | files=1390 | data=1137 | cola=18407 | prio=10 | https://api.worldbank.org/v2/en/country/BHS?downloadformat=xml
[FULL_17_BM] t=4948.9s | pag=1669 | files=1391 | data=1137 | cola=18406 | prio=10 | https://api.worldbank.org/v2/en/country/BHS?downloadformat=excel
[FULL_17_BM] t=4950.1s | pag=1669 | files=1391 | data=1137 | cola=18405 | prio=10 | http://databank.worldbank.org/data/reports.aspx?country=BHS&source=2
[FULL_17_BM] t=4952.1s | pag=1670 | files=1391 | data=1138 | cola=18404 | prio=10 | https://databank.worldbank.org/views/reports/reportwidget.aspx?Id=b450fd57&Report_Name=CountryProfile&country=BHS&dd=y&inf=n&tbar=y&zm=n
[FULL_17_BM] t=4953.4s | pag=1671 | files=1391 | data=1139 | cola=18403 | prio=10 | http://microdata.worldbank.org/index.php/catalog/5594
[FULL_17_BM] t=4954.2s | pag=1672 | files=1391 | data=1140 | cola=18410 | prio=10 | http://microdata.worldbank.org/index.php/catalog/864
[FULL_17_BM] t=4955.2s | pag=1673 | files=1391 | data=1141 | cola=18416 | prio=10 | http://microdata.worldbank.org/index.php/catalog/?country%5B%5D=bahamas%2C+the
[FULL_17_BM] t=4957.0s | pag=1674 | files=1391 | data=1141 | cola=18426 | prio=10 | https://climateknowledgeportal.worldbank.org/country/Bahamas, The/climate-data-historical
[FULL_17_BM] t=4957.6s | pag=1674 | files=1391 | data=1141 | cola=18425 | prio=10 | https://climateknowledgeportal.worldbank.org/country/bahamas, the/climate-data-historical
[FULL_17_BM] t=4958.8s | pag=1674 | files=1391 | data=1141 | cola=18424 | prio=10 | https://data.worldbank.org/indicator/SP.DYN.LE00.IN?locations=BH
[FULL_17_BM] t=4965.2s | pag=1675 | files=1391 | data=1142 | cola=18432 | prio=10 | https://data.worldbank.org/indicator/SI.POV.DDAY?locations=BH
[FULL_17_BM] t=4965.3s | pag=1676 | files=1391 | data=1143 | cola=18440 | prio=10 | https://data.worldbank.org/indicator/SP.POP.TOTL?locations=BH
[FULL_17_BM] t=4966.0s | pag=1677 | files=1391 | data=1144 | cola=18447 | prio=10 | https://data.worldbank.org/indicator/SP.POP.GROW?locations=BH
[FULL_17_BM] t=4966.8s | pag=1678 | files=1391 | data=1145 | cola=18455 | prio=10 | https://data.worldbank.org/indicator/SM.POP.NETM?locations=BH
[FULL_17_BM] t=4974.0s | pag=1679 | files=1391 | data=1146 | cola=18463 | prio=10 | https://data.worldbank.org/indicator/HD.HCI.OVRL?locations=BH
[FULL_17_BM] t=4984.0s | pag=1680 | files=1391 | data=1147 | cola=18463 | prio=10 | https://data.worldbank.org/indicator/NY.GDP.MKTP.CD?locations=BH
[FULL_17_BM] t=4984.7s | pag=1681 | files=1391 | data=1148 | cola=18470 | prio=10 | https://data.worldbank.org/indicator/NY.GDP.PCAP.CD?locations=BH
[FULL_17_BM] t=4985.3s | pag=1682 | files=1391 | data=1149 | cola=18477 | prio=10 | https://data.worldbank.org/indicator/NY.GDP.MKTP.KD.ZG?locations=BH
[FULL_17_BM] DATASETS=1150 | exportable_data_page | https://data.worldbank.org/indicator/NY.GDP.MKTP.KD.ZG?locations=BH
[FULL_17_BM] t=4985.8s | pag=1683 | files=1391 | data=1150 | cola=18477 | prio=10 | https://data.worldbank.org/indicator/SL.UEM.TOTL.ZS?locations=BH
[FULL_17_BM] t=4986.4s | pag=1684 | files=1391 | data=1151 | cola=18485 | prio=10 | https://data.worldbank.org/indicator/FP.CPI.TOTL.ZG?locations=BH
[FULL_17_BM] t=4987.3s | pag=1685 | files=1391 | data=1152 | cola=18493 | prio=10 | https://data.worldbank.org/indicator/BX.TRF.PWKR.DT.GD.ZS?locations=BH
[FULL_17_BM] t=4997.7s | pag=1686 | files=1391 | data=1153 | cola=18501 | prio=10 | https://data.worldbank.org/indicator/EG.ELC.ACCS.ZS?locations=BH
[FULL_17_BM] t=5009.3s | pag=1687 | files=1391 | data=1154 | cola=18509 | prio=10 | https://data.worldbank.org/indicator/AG.LND.FRST.ZS?locations=BH
[FULL_17_BM] t=5020.7s | pag=1688 | files=1391 | data=1155 | cola=18517 | prio=10 | https://data.worldbank.org/indicator/EN.GHG.CO2.PC.CE.AR5?locations=BH
[FULL_17_BM] t=5021.2s | pag=1689 | files=1391 | data=1156 | cola=18525 | prio=10 | https://data.worldbank.org/indicator/ER.H2O.FWTL.ZS?locations=BH
[FULL_17_BM] t=5034.2s | pag=1690 | files=1391 | data=1157 | cola=18533 | prio=10 | https://data.worldbank.org/indicator/EG.ELC.RNWX.ZS?locations=BH
[FULL_17_BM] t=5042.0s | pag=1691 | files=1391 | data=1158 | cola=18534 | prio=10 | https://data.worldbank.org/indicator/SH.STA.SMSS.ZS?locations=BH
[FULL_17_BM] t=5042.3s | pag=1692 | files=1391 | data=1159 | cola=18542 | prio=10 | https://data.worldbank.org/indicator/IT.NET.USER.ZS?locations=BH
[FULL_17_BM] t=5043.1s | pag=1693 | files=1391 | data=1160 | cola=18550 | prio=10 | https://data.worldbank.org/indicator/VC.IHR.PSRC.P5?locations=BH
[FULL_17_BM] t=5047.2s | pag=1694 | files=1391 | data=1161 | cola=18555 | prio=10 | https://data.worldbank.org/indicator/SG.GEN.PARL.ZS?locations=BH
[FULL_17_BM] t=5047.6s | pag=1695 | files=1391 | data=1162 | cola=18563 | prio=10 | https://data.worldbank.org/indicator/GC.DOD.TOTL.GD.ZS?locations=BH
[FULL_17_BM] t=5052.2s | pag=1696 | files=1391 | data=1163 | cola=18571 | prio=10 | https://data.worldbank.org/indicator/IQ.SPI.OVRL?locations=BH
[FULL_17_BM] t=5057.6s | pag=1697 | files=1391 | data=1164 | cola=18579 | prio=10 | https://data.worldbank.org/indicator/BX.KLT.DINV.WD.GD.ZS?locations=BH
[FULL_17_BM] t=5064.3s | pag=1698 | files=1391 | data=1165 | cola=18586 | prio=10 | https://api.worldbank.org/v2/en/country/BHR?downloadformat=csv
[FULL_17_BM] t=5067.2s | pag=1698 | files=1392 | data=1165 | cola=18585 | prio=10 | https://api.worldbank.org/v2/en/country/BHR?downloadformat=xml
[FULL_17_BM] t=5069.9s | pag=1698 | files=1393 | data=1165 | cola=18584 | prio=10 | https://api.worldbank.org/v2/en/country/BHR?downloadformat=excel
[FULL_17_BM] t=5071.4s | pag=1698 | files=1393 | data=1165 | cola=18583 | prio=10 | http://databank.worldbank.org/data/reports.aspx?country=BHR&source=2
[FULL_17_BM] t=5073.1s | pag=1699 | files=1393 | data=1166 | cola=18582 | prio=10 | https://databank.worldbank.org/views/reports/reportwidget.aspx?Id=b450fd57&Report_Name=CountryProfile&country=BHR&dd=y&inf=n&tbar=y&zm=n
[FULL_17_BM] t=5074.5s | pag=1700 | files=1393 | data=1167 | cola=18581 | prio=10 | http://microdata.worldbank.org/index.php/catalog/7868
[FULL_17_BM] t=5075.8s | pag=1701 | files=1393 | data=1168 | cola=18588 | prio=10 | http://microdata.worldbank.org/index.php/catalog/6524
[FULL_17_BM] t=5077.1s | pag=1702 | files=1393 | data=1169 | cola=18595 | prio=10 | http://microdata.worldbank.org/index.php/catalog/3202
[FULL_17_BM] t=5078.3s | pag=1703 | files=1393 | data=1170 | cola=18602 | prio=10 | http://microdata.worldbank.org/index.php/catalog/3259
[FULL_17_BM] t=5079.6s | pag=1704 | files=1393 | data=1171 | cola=18612 | prio=10 | http://microdata.worldbank.org/index.php/catalog/?country%5B%5D=bahrain
[FULL_17_BM] t=5081.4s | pag=1705 | files=1393 | data=1171 | cola=18615 | prio=10 | https://climateknowledgeportal.worldbank.org/country/Bahrain/climate-data-historical
[FULL_17_BM] t=5082.0s | pag=1705 | files=1393 | data=1171 | cola=18614 | prio=10 | https://climateknowledgeportal.worldbank.org/country/bahrain/climate-data-historical
[FULL_17_BM] t=5083.3s | pag=1705 | files=1393 | data=1171 | cola=18613 | prio=10 | https://data.worldbank.org/indicator/SP.DYN.LE00.IN?locations=BD
[FULL_17_BM] t=5084.0s | pag=1706 | files=1393 | data=1172 | cola=18621 | prio=10 | https://data.worldbank.org/indicator/SI.POV.DDAY?locations=BD
[FULL_17_BM] t=5086.3s | pag=1707 | files=1393 | data=1173 | cola=18629 | prio=10 | https://data.worldbank.org/indicator/SP.POP.TOTL?locations=BD
[FULL_17_BM] t=5086.6s | pag=1708 | files=1393 | data=1174 | cola=18636 | prio=10 | https://data.worldbank.org/indicator/SP.POP.GROW?locations=BD
[FULL_17_BM] DATASETS=1175 | exportable_data_page | https://data.worldbank.org/indicator/SP.POP.GROW?locations=BD
[FULL_17_BM] t=5089.4s | pag=1709 | files=1393 | data=1175 | cola=18644 | prio=10 | https://data.worldbank.org/indicator/SM.POP.NETM?locations=BD
[FULL_17_BM] t=5093.0s | pag=1710 | files=1393 | data=1176 | cola=18652 | prio=10 | https://data.worldbank.org/indicator/HD.HCI.OVRL?locations=BD
[FULL_17_BM] t=5093.3s | pag=1711 | files=1393 | data=1177 | cola=18652 | prio=10 | https://data.worldbank.org/indicator/NY.GDP.MKTP.CD?locations=BD
[FULL_17_BM] t=5094.0s | pag=1712 | files=1393 | data=1178 | cola=18659 | prio=10 | https://data.worldbank.org/indicator/NY.GDP.PCAP.CD?locations=BD
[FULL_17_BM] t=5094.8s | pag=1713 | files=1393 | data=1179 | cola=18666 | prio=10 | https://data.worldbank.org/indicator/NY.GDP.MKTP.KD.ZG?locations=BD
[FULL_17_BM] t=5095.2s | pag=1714 | files=1393 | data=1180 | cola=18666 | prio=10 | https://data.worldbank.org/indicator/SL.UEM.TOTL.ZS?locations=BD
[FULL_17_BM] t=5095.9s | pag=1715 | files=1393 | data=1181 | cola=18674 | prio=10 | https://data.worldbank.org/indicator/FP.CPI.TOTL.ZG?locations=BD
[FULL_17_BM] t=5096.4s | pag=1716 | files=1393 | data=1182 | cola=18682 | prio=10 | https://data.worldbank.org/indicator/BX.TRF.PWKR.DT.GD.ZS?locations=BD
[FULL_17_BM] t=5098.3s | pag=1717 | files=1393 | data=1183 | cola=18690 | prio=10 | https://data.worldbank.org/indicator/EG.ELC.ACCS.ZS?locations=BD
[FULL_17_BM] t=5100.4s | pag=1718 | files=1393 | data=1184 | cola=18698 | prio=10 | https://data.worldbank.org/indicator/AG.LND.FRST.ZS?locations=BD
[FULL_17_BM] t=5103.4s | pag=1719 | files=1393 | data=1185 | cola=18706 | prio=10 | https://data.worldbank.org/indicator/EN.GHG.CO2.PC.CE.AR5?locations=BD
[FULL_17_BM] t=5106.8s | pag=1720 | files=1393 | data=1186 | cola=18714 | prio=10 | https://data.worldbank.org/indicator/ER.H2O.FWTL.ZS?locations=BD
[FULL_17_BM] t=5108.8s | pag=1721 | files=1393 | data=1187 | cola=18722 | prio=10 | https://data.worldbank.org/indicator/EG.ELC.RNWX.ZS?locations=BD
[FULL_17_BM] t=5110.6s | pag=1722 | files=1393 | data=1188 | cola=18723 | prio=10 | https://data.worldbank.org/indicator/SH.STA.SMSS.ZS?locations=BD
[FULL_17_BM] t=5110.7s | pag=1723 | files=1393 | data=1189 | cola=18731 | prio=10 | https://data.worldbank.org/indicator/IT.NET.USER.ZS?locations=BD
[FULL_17_BM] t=5111.6s | pag=1724 | files=1393 | data=1190 | cola=18739 | prio=10 | https://data.worldbank.org/indicator/VC.IHR.PSRC.P5?locations=BD
[FULL_17_BM] t=5112.1s | pag=1725 | files=1393 | data=1191 | cola=18744 | prio=10 | https://data.worldbank.org/indicator/SG.GEN.PARL.ZS?locations=BD
[FULL_17_BM] t=5112.5s | pag=1726 | files=1393 | data=1192 | cola=18752 | prio=10 | https://data.worldbank.org/indicator/GC.DOD.TOTL.GD.ZS?locations=BD
[FULL_17_BM] t=5113.5s | pag=1727 | files=1393 | data=1193 | cola=18760 | prio=10 | https://data.worldbank.org/indicator/IQ.SPI.OVRL?locations=BD
[FULL_17_BM] t=5114.3s | pag=1728 | files=1393 | data=1194 | cola=18768 | prio=10 | https://data.worldbank.org/indicator/BX.KLT.DINV.WD.GD.ZS?locations=BD
[FULL_17_BM] t=5114.9s | pag=1729 | files=1393 | data=1195 | cola=18775 | prio=10 | https://api.worldbank.org/v2/en/country/BGD?downloadformat=csv
[FULL_17_BM] t=5117.8s | pag=1729 | files=1394 | data=1195 | cola=18774 | prio=10 | https://api.worldbank.org/v2/en/country/BGD?downloadformat=xml
[FULL_17_BM] t=5120.9s | pag=1729 | files=1395 | data=1195 | cola=18773 | prio=10 | https://api.worldbank.org/v2/en/country/BGD?downloadformat=excel
[FULL_17_BM] t=5122.1s | pag=1729 | files=1395 | data=1195 | cola=18772 | prio=10 | http://databank.worldbank.org/data/reports.aspx?country=BGD&source=2
[FULL_17_BM] t=5124.6s | pag=1730 | files=1395 | data=1196 | cola=18771 | prio=10 | https://databank.worldbank.org/views/reports/reportwidget.aspx?Id=b450fd57&Report_Name=CountryProfile&country=BGD&dd=y&inf=n&tbar=y&zm=n
[FULL_17_BM] t=5126.1s | pag=1731 | files=1395 | data=1197 | cola=18770 | prio=10 | http://microdata.worldbank.org/index.php/catalog/6104
[FULL_17_BM] t=5127.2s | pag=1732 | files=1395 | data=1198 | cola=18777 | prio=10 | http://microdata.worldbank.org/index.php/catalog/5331
[FULL_17_BM] t=5128.3s | pag=1733 | files=1395 | data=1199 | cola=18784 | prio=10 | http://microdata.worldbank.org/index.php/catalog/8209
[FULL_17_BM] DATASETS=1200 | data_html_table | https://microdata.worldbank.org/index.php/catalog/8209
[FULL_17_BM] t=5129.4s | pag=1734 | files=1395 | data=1200 | cola=18795 | prio=10 | http://microdata.worldbank.org/index.php/catalog/8028
[FULL_17_BM] t=5130.5s | pag=1735 | files=1395 | data=1201 | cola=18802 | prio=10 | http://microdata.worldbank.org/index.php/catalog/?country%5B%5D=bangladesh
[FULL_17_BM] t=5132.3s | pag=1736 | files=1395 | data=1201 | cola=18818 | prio=10 | https://climateknowledgeportal.worldbank.org/country/Bangladesh/climate-data-historical
[FULL_17_BM] t=5132.8s | pag=1736 | files=1395 | data=1201 | cola=18817 | prio=10 | https://climateknowledgeportal.worldbank.org/country/bangladesh/climate-data-historical
[FULL_17_BM] t=5134.1s | pag=1736 | files=1395 | data=1201 | cola=18816 | prio=10 | https://data.worldbank.org/indicator/SP.DYN.LE00.IN?locations=BB
[FULL_17_BM] t=5134.9s | pag=1737 | files=1395 | data=1202 | cola=18824 | prio=10 | https://data.worldbank.org/indicator/SI.POV.DDAY?locations=BB
[FULL_17_BM] t=5135.5s | pag=1738 | files=1395 | data=1203 | cola=18832 | prio=10 | https://data.worldbank.org/indicator/SP.POP.TOTL?locations=BB
[FULL_17_BM] t=5136.5s | pag=1739 | files=1395 | data=1204 | cola=18839 | prio=10 | https://data.worldbank.org/indicator/SP.POP.GROW?locations=BB
[FULL_17_BM] t=5140.6s | pag=1740 | files=1395 | data=1205 | cola=18847 | prio=10 | https://data.worldbank.org/indicator/SM.POP.NETM?locations=BB
[FULL_17_BM] t=5144.3s | pag=1741 | files=1395 | data=1206 | cola=18855 | prio=10 | https://data.worldbank.org/indicator/HD.HCI.OVRL?locations=BB
[FULL_17_BM] t=5144.9s | pag=1742 | files=1395 | data=1207 | cola=18855 | prio=10 | https://data.worldbank.org/indicator/NY.GDP.MKTP.CD?locations=BB
[FULL_17_BM] t=5145.5s | pag=1743 | files=1395 | data=1208 | cola=18862 | prio=10 | https://data.worldbank.org/indicator/NY.GDP.PCAP.CD?locations=BB
[FULL_17_BM] t=5146.5s | pag=1744 | files=1395 | data=1209 | cola=18869 | prio=10 | https://data.worldbank.org/indicator/NY.GDP.MKTP.KD.ZG?locations=BB
[FULL_17_BM] t=5147.5s | pag=1745 | files=1395 | data=1210 | cola=18869 | prio=10 | https://data.worldbank.org/indicator/SL.UEM.TOTL.ZS?locations=BB
[FULL_17_BM] t=5148.1s | pag=1746 | files=1395 | data=1211 | cola=18877 | prio=10 | https://data.worldbank.org/indicator/FP.CPI.TOTL.ZG?locations=BB
[FULL_17_BM] t=5150.5s | pag=1747 | files=1395 | data=1212 | cola=18885 | prio=10 | https://data.worldbank.org/indicator/BX.TRF.PWKR.DT.GD.ZS?locations=BB
[FULL_17_BM] t=5150.7s | pag=1748 | files=1395 | data=1213 | cola=18893 | prio=10 | https://data.worldbank.org/indicator/EG.ELC.ACCS.ZS?locations=BB
[FULL_17_BM] t=5153.7s | pag=1749 | files=1395 | data=1214 | cola=18901 | prio=10 | https://data.worldbank.org/indicator/AG.LND.FRST.ZS?locations=BB
[FULL_17_BM] t=5156.9s | pag=1750 | files=1395 | data=1215 | cola=18909 | prio=10 | https://data.worldbank.org/indicator/EN.GHG.CO2.PC.CE.AR5?locations=BB
[FULL_17_BM] t=5157.3s | pag=1751 | files=1395 | data=1216 | cola=18917 | prio=10 | https://data.worldbank.org/indicator/ER.H2O.FWTL.ZS?locations=BB
[FULL_17_BM] t=5157.7s | pag=1752 | files=1395 | data=1217 | cola=18925 | prio=10 | https://data.worldbank.org/indicator/EG.ELC.RNWX.ZS?locations=BB
[FULL_17_BM] t=5159.9s | pag=1753 | files=1395 | data=1218 | cola=18926 | prio=10 | https://data.worldbank.org/indicator/SH.STA.SMSS.ZS?locations=BB
[FULL_17_BM] t=5160.3s | pag=1754 | files=1395 | data=1219 | cola=18934 | prio=10 | https://data.worldbank.org/indicator/IT.NET.USER.ZS?locations=BB
[FULL_17_BM] t=5161.2s | pag=1755 | files=1395 | data=1220 | cola=18942 | prio=10 | https://data.worldbank.org/indicator/VC.IHR.PSRC.P5?locations=BB
[FULL_17_BM] t=5161.6s | pag=1756 | files=1395 | data=1221 | cola=18947 | prio=10 | https://data.worldbank.org/indicator/SG.GEN.PARL.ZS?locations=BB
[FULL_17_BM] t=5163.7s | pag=1757 | files=1395 | data=1222 | cola=18955 | prio=10 | https://data.worldbank.org/indicator/GC.DOD.TOTL.GD.ZS?locations=BB
[FULL_17_BM] t=5164.3s | pag=1758 | files=1395 | data=1223 | cola=18963 | prio=10 | https://data.worldbank.org/indicator/IQ.SPI.OVRL?locations=BB
[FULL_17_BM] t=5166.2s | pag=1759 | files=1395 | data=1224 | cola=18971 | prio=10 | https://data.worldbank.org/indicator/BX.KLT.DINV.WD.GD.ZS?locations=BB
[FULL_17_BM] DATASETS=1225 | exportable_data_page | https://data.worldbank.org/indicator/BX.KLT.DINV.WD.GD.ZS?locations=BB
[FULL_17_BM] t=5169.0s | pag=1760 | files=1395 | data=1225 | cola=18978 | prio=10 | https://api.worldbank.org/v2/en/country/BRB?downloadformat=csv
[FULL_17_BM] t=5171.3s | pag=1760 | files=1396 | data=1225 | cola=18977 | prio=10 | https://api.worldbank.org/v2/en/country/BRB?downloadformat=xml
[FULL_17_BM] t=5174.2s | pag=1760 | files=1397 | data=1225 | cola=18976 | prio=10 | https://api.worldbank.org/v2/en/country/BRB?downloadformat=excel
[FULL_17_BM] t=5175.4s | pag=1760 | files=1397 | data=1225 | cola=18975 | prio=10 | http://databank.worldbank.org/data/reports.aspx?country=BRB&source=2
[FULL_17_BM] t=5191.4s | pag=1760 | files=1397 | data=1225 | cola=18974 | prio=10 | https://databank.worldbank.org/views/reports/reportwidget.aspx?Id=b450fd57&Report_Name=CountryProfile&country=BRB&dd=y&inf=n&tbar=y&zm=n
[FULL_17_BM] t=5207.6s | pag=1760 | files=1397 | data=1225 | cola=18973 | prio=10 | http://microdata.worldbank.org/index.php/catalog/6430
[FULL_17_BM] t=5208.8s | pag=1761 | files=1397 | data=1226 | cola=18980 | prio=10 | http://microdata.worldbank.org/index.php/catalog/5606
[FULL_17_BM] t=5209.6s | pag=1762 | files=1397 | data=1227 | cola=18987 | prio=10 | http://microdata.worldbank.org/index.php/catalog/2351
[FULL_17_BM] t=5211.1s | pag=1763 | files=1397 | data=1228 | cola=18997 | prio=10 | http://microdata.worldbank.org/index.php/catalog/865
[FULL_17_BM] t=5212.2s | pag=1764 | files=1397 | data=1229 | cola=19003 | prio=10 | http://microdata.worldbank.org/index.php/catalog/?country%5B%5D=barbados
[FULL_17_BM] t=5213.6s | pag=1765 | files=1397 | data=1229 | cola=19008 | prio=10 | https://climateknowledgeportal.worldbank.org/country/Barbados/climate-data-historical
[FULL_17_BM] t=5214.3s | pag=1765 | files=1397 | data=1229 | cola=19007 | prio=10 | https://climateknowledgeportal.worldbank.org/country/barbados/climate-data-historical
[FULL_17_BM] t=5215.4s | pag=1765 | files=1397 | data=1229 | cola=19006 | prio=10 | https://data.worldbank.org/indicator/SP.DYN.LE00.IN?locations=BY
[FULL_17_BM] t=5216.4s | pag=1766 | files=1397 | data=1230 | cola=19014 | prio=10 | https://data.worldbank.org/indicator/SI.POV.DDAY?locations=BY
[FULL_17_BM] t=5219.4s | pag=1767 | files=1397 | data=1231 | cola=19022 | prio=10 | https://data.worldbank.org/indicator/SP.POP.TOTL?locations=BY
[FULL_17_BM] t=5220.1s | pag=1768 | files=1397 | data=1232 | cola=19029 | prio=10 | https://data.worldbank.org/indicator/SP.POP.GROW?locations=BY
[FULL_17_BM] t=5225.3s | pag=1769 | files=1397 | data=1233 | cola=19037 | prio=10 | https://data.worldbank.org/indicator/SM.POP.NETM?locations=BY
[FULL_17_BM] t=5225.5s | pag=1770 | files=1397 | data=1234 | cola=19045 | prio=10 | https://data.worldbank.org/indicator/HD.HCI.OVRL?locations=BY
[FULL_17_BM] t=5226.4s | pag=1771 | files=1397 | data=1235 | cola=19045 | prio=10 | https://data.worldbank.org/indicator/NY.GDP.MKTP.CD?locations=BY
[FULL_17_BM] t=5227.5s | pag=1772 | files=1397 | data=1236 | cola=19052 | prio=10 | https://data.worldbank.org/indicator/NY.GDP.PCAP.CD?locations=BY
[FULL_17_BM] t=5228.2s | pag=1773 | files=1397 | data=1237 | cola=19059 | prio=10 | https://data.worldbank.org/indicator/NY.GDP.MKTP.KD.ZG?locations=BY
[FULL_17_BM] t=5229.0s | pag=1774 | files=1397 | data=1238 | cola=19059 | prio=10 | https://data.worldbank.org/indicator/SL.UEM.TOTL.ZS?locations=BY
[FULL_17_BM] t=5229.5s | pag=1775 | files=1397 | data=1239 | cola=19067 | prio=10 | https://data.worldbank.org/indicator/FP.CPI.TOTL.ZG?locations=BY
[FULL_17_BM] t=5230.6s | pag=1776 | files=1397 | data=1240 | cola=19075 | prio=10 | https://data.worldbank.org/indicator/BX.TRF.PWKR.DT.GD.ZS?locations=BY
[FULL_17_BM] t=5231.5s | pag=1777 | files=1397 | data=1241 | cola=19083 | prio=10 | https://data.worldbank.org/indicator/EG.ELC.ACCS.ZS?locations=BY
[FULL_17_BM] t=5233.8s | pag=1778 | files=1397 | data=1242 | cola=19091 | prio=10 | https://data.worldbank.org/indicator/AG.LND.FRST.ZS?locations=BY
[FULL_17_BM] t=5236.8s | pag=1779 | files=1397 | data=1243 | cola=19099 | prio=10 | https://data.worldbank.org/indicator/EN.GHG.CO2.PC.CE.AR5?locations=BY
[FULL_17_BM] t=5240.4s | pag=1780 | files=1397 | data=1244 | cola=19107 | prio=10 | https://data.worldbank.org/indicator/ER.H2O.FWTL.ZS?locations=BY
[FULL_17_BM] t=5242.3s | pag=1781 | files=1397 | data=1245 | cola=19115 | prio=10 | https://data.worldbank.org/indicator/EG.ELC.RNWX.ZS?locations=BY
[FULL_17_BM] t=5242.8s | pag=1782 | files=1397 | data=1246 | cola=19116 | prio=10 | https://data.worldbank.org/indicator/SH.STA.SMSS.ZS?locations=BY
[FULL_17_BM] t=5245.1s | pag=1783 | files=1397 | data=1247 | cola=19124 | prio=10 | https://data.worldbank.org/indicator/IT.NET.USER.ZS?locations=BY
[FULL_17_BM] t=5249.7s | pag=1784 | files=1397 | data=1248 | cola=19132 | prio=10 | https://data.worldbank.org/indicator/VC.IHR.PSRC.P5?locations=BY
[FULL_17_BM] t=5249.8s | pag=1785 | files=1397 | data=1249 | cola=19137 | prio=10 | https://data.worldbank.org/indicator/SG.GEN.PARL.ZS?locations=BY
[FULL_17_BM] DATASETS=1250 | exportable_data_page | https://data.worldbank.org/indicator/SG.GEN.PARL.ZS?locations=BY
[FULL_17_BM] t=5252.0s | pag=1786 | files=1397 | data=1250 | cola=19145 | prio=10 | https://data.worldbank.org/indicator/GC.DOD.TOTL.GD.ZS?locations=BY
[FULL_17_BM] t=5254.6s | pag=1787 | files=1397 | data=1251 | cola=19153 | prio=10 | https://data.worldbank.org/indicator/IQ.SPI.OVRL?locations=BY
[FULL_17_BM] t=5254.8s | pag=1788 | files=1397 | data=1252 | cola=19161 | prio=10 | https://data.worldbank.org/indicator/BX.KLT.DINV.WD.GD.ZS?locations=BY
[FULL_17_BM] t=5255.6s | pag=1789 | files=1397 | data=1253 | cola=19168 | prio=10 | https://api.worldbank.org/v2/en/country/BLR?downloadformat=csv
[FULL_17_BM] t=5258.2s | pag=1789 | files=1398 | data=1253 | cola=19167 | prio=10 | https://api.worldbank.org/v2/en/country/BLR?downloadformat=xml
[FULL_17_BM] t=5261.2s | pag=1789 | files=1399 | data=1253 | cola=19166 | prio=10 | https://api.worldbank.org/v2/en/country/BLR?downloadformat=excel
[FULL_17_BM] t=5263.0s | pag=1789 | files=1399 | data=1253 | cola=19165 | prio=10 | http://databank.worldbank.org/data/reports.aspx?country=BLR&source=2
[FULL_17_BM] t=5265.2s | pag=1790 | files=1399 | data=1254 | cola=19164 | prio=10 | https://databank.worldbank.org/views/reports/reportwidget.aspx?Id=b450fd57&Report_Name=CountryProfile&country=BLR&dd=y&inf=n&tbar=y&zm=n
[FULL_17_BM] t=5266.9s | pag=1791 | files=1399 | data=1255 | cola=19163 | prio=10 | http://microdata.worldbank.org/index.php/catalog/8297
[FULL_17_BM] t=5268.1s | pag=1792 | files=1399 | data=1256 | cola=19169 | prio=10 | http://microdata.worldbank.org/index.php/catalog/6805
[FULL_17_BM] t=5269.0s | pag=1793 | files=1399 | data=1257 | cola=19175 | prio=10 | http://microdata.worldbank.org/index.php/catalog/6804
[FULL_17_BM] t=5270.3s | pag=1794 | files=1399 | data=1258 | cola=19181 | prio=10 | http://microdata.worldbank.org/index.php/catalog/5250
[FULL_17_BM] t=5271.4s | pag=1795 | files=1399 | data=1259 | cola=19186 | prio=10 | http://microdata.worldbank.org/index.php/catalog/?country%5B%5D=belarus
[FULL_17_BM] t=5273.1s | pag=1796 | files=1399 | data=1259 | cola=19197 | prio=10 | https://climateknowledgeportal.worldbank.org/country/Belarus/climate-data-historical
[FULL_17_BM] t=5273.6s | pag=1796 | files=1399 | data=1259 | cola=19196 | prio=10 | https://climateknowledgeportal.worldbank.org/country/belarus/climate-data-historical
[FULL_17_BM] t=5274.5s | pag=1796 | files=1399 | data=1259 | cola=19195 | prio=10 | https://data.worldbank.org/indicator/SP.DYN.LE00.IN?locations=BE
[FULL_17_BM] t=5275.4s | pag=1797 | files=1399 | data=1260 | cola=19203 | prio=10 | https://data.worldbank.org/indicator/SI.POV.DDAY?locations=BE
[FULL_17_BM] t=5276.2s | pag=1798 | files=1399 | data=1261 | cola=19211 | prio=10 | https://data.worldbank.org/indicator/SP.POP.TOTL?locations=BE
[FULL_17_BM] t=5276.7s | pag=1799 | files=1399 | data=1262 | cola=19218 | prio=10 | https://data.worldbank.org/indicator/SP.POP.GROW?locations=BE
[FULL_17_BM] t=5277.5s | pag=1800 | files=1399 | data=1263 | cola=19226 | prio=10 | https://data.worldbank.org/indicator/SM.POP.NETM?locations=BE
[FULL_17_BM] t=5280.6s | pag=1801 | files=1399 | data=1264 | cola=19234 | prio=10 | https://data.worldbank.org/indicator/HD.HCI.OVRL?locations=BE
[FULL_17_BM] t=5280.7s | pag=1802 | files=1399 | data=1265 | cola=19234 | prio=10 | https://data.worldbank.org/indicator/NY.GDP.MKTP.CD?locations=BE
[FULL_17_BM] t=5281.7s | pag=1803 | files=1399 | data=1266 | cola=19241 | prio=10 | https://data.worldbank.org/indicator/NY.GDP.PCAP.CD?locations=BE
[FULL_17_BM] t=5282.6s | pag=1804 | files=1399 | data=1267 | cola=19248 | prio=10 | https://data.worldbank.org/indicator/NY.GDP.MKTP.KD.ZG?locations=BE
[FULL_17_BM] t=5283.0s | pag=1805 | files=1399 | data=1268 | cola=19248 | prio=10 | https://data.worldbank.org/indicator/SL.UEM.TOTL.ZS?locations=BE
[FULL_17_BM] t=5283.7s | pag=1806 | files=1399 | data=1269 | cola=19256 | prio=10 | https://data.worldbank.org/indicator/FP.CPI.TOTL.ZG?locations=BE
[FULL_17_BM] t=5284.5s | pag=1807 | files=1399 | data=1270 | cola=19264 | prio=10 | https://data.worldbank.org/indicator/BX.TRF.PWKR.DT.GD.ZS?locations=BE
[FULL_17_BM] t=5284.9s | pag=1808 | files=1399 | data=1271 | cola=19272 | prio=10 | https://data.worldbank.org/indicator/EG.ELC.ACCS.ZS?locations=BE
[FULL_17_BM] t=5288.7s | pag=1809 | files=1399 | data=1272 | cola=19280 | prio=10 | https://data.worldbank.org/indicator/AG.LND.FRST.ZS?locations=BE
[FULL_17_BM] t=5291.0s | pag=1810 | files=1399 | data=1273 | cola=19288 | prio=10 | https://data.worldbank.org/indicator/EN.GHG.CO2.PC.CE.AR5?locations=BE
[FULL_17_BM] t=5293.8s | pag=1811 | files=1399 | data=1274 | cola=19296 | prio=10 | https://data.worldbank.org/indicator/ER.H2O.FWTL.ZS?locations=BE
[FULL_17_BM] DATASETS=1275 | exportable_data_page | https://data.worldbank.org/indicator/ER.H2O.FWTL.ZS?locations=BE
[FULL_17_BM] t=5294.1s | pag=1812 | files=1399 | data=1275 | cola=19304 | prio=10 | https://data.worldbank.org/indicator/EG.ELC.RNWX.ZS?locations=BE
[FULL_17_BM] t=5298.0s | pag=1813 | files=1399 | data=1276 | cola=19305 | prio=10 | https://data.worldbank.org/indicator/SH.STA.SMSS.ZS?locations=BE
[FULL_17_BM] t=5300.5s | pag=1814 | files=1399 | data=1277 | cola=19313 | prio=10 | https://data.worldbank.org/indicator/IT.NET.USER.ZS?locations=BE
[FULL_17_BM] t=5302.5s | pag=1815 | files=1399 | data=1278 | cola=19321 | prio=10 | https://data.worldbank.org/indicator/VC.IHR.PSRC.P5?locations=BE
[FULL_17_BM] t=5303.1s | pag=1816 | files=1399 | data=1279 | cola=19326 | prio=10 | https://data.worldbank.org/indicator/SG.GEN.PARL.ZS?locations=BE
[FULL_17_BM] t=5304.8s | pag=1817 | files=1399 | data=1280 | cola=19334 | prio=10 | https://data.worldbank.org/indicator/GC.DOD.TOTL.GD.ZS?locations=BE
[FULL_17_BM] t=5305.2s | pag=1818 | files=1399 | data=1281 | cola=19342 | prio=10 | https://data.worldbank.org/indicator/IQ.SPI.OVRL?locations=BE
[FULL_17_BM] t=5307.5s | pag=1819 | files=1399 | data=1282 | cola=19350 | prio=10 | https://data.worldbank.org/indicator/BX.KLT.DINV.WD.GD.ZS?locations=BE
[FULL_17_BM] t=5310.9s | pag=1820 | files=1399 | data=1283 | cola=19357 | prio=10 | https://api.worldbank.org/v2/en/country/BEL?downloadformat=csv
[FULL_17_BM] t=5313.2s | pag=1820 | files=1400 | data=1283 | cola=19356 | prio=10 | https://api.worldbank.org/v2/en/country/BEL?downloadformat=xml
[FULL_17_BM] t=5316.7s | pag=1820 | files=1401 | data=1283 | cola=19355 | prio=10 | https://api.worldbank.org/v2/en/country/BEL?downloadformat=excel
[FULL_17_BM] t=5318.4s | pag=1820 | files=1401 | data=1283 | cola=19354 | prio=10 | http://databank.worldbank.org/data/reports.aspx?country=BEL&source=2
[FULL_17_BM] t=5321.3s | pag=1821 | files=1401 | data=1284 | cola=19353 | prio=10 | https://databank.worldbank.org/views/reports/reportwidget.aspx?Id=b450fd57&Report_Name=CountryProfile&country=BEL&dd=y&inf=n&tbar=y&zm=n
[FULL_17_BM] t=5322.6s | pag=1822 | files=1401 | data=1285 | cola=19352 | prio=10 | http://microdata.worldbank.org/index.php/catalog/5296
[FULL_17_BM] t=5323.5s | pag=1823 | files=1401 | data=1286 | cola=19358 | prio=10 | http://microdata.worldbank.org/index.php/catalog/5980
[FULL_17_BM] t=5324.9s | pag=1824 | files=1401 | data=1287 | cola=19365 | prio=10 | http://microdata.worldbank.org/index.php/catalog/5948
[FULL_17_BM] t=5325.9s | pag=1825 | files=1401 | data=1288 | cola=19371 | prio=10 | http://microdata.worldbank.org/index.php/catalog/7111
[FULL_17_BM] t=5327.1s | pag=1826 | files=1401 | data=1289 | cola=19378 | prio=10 | http://microdata.worldbank.org/index.php/catalog/?country%5B%5D=belgium
[FULL_17_BM] t=5328.6s | pag=1827 | files=1401 | data=1289 | cola=19383 | prio=10 | https://climateknowledgeportal.worldbank.org/country/Belgium/climate-data-historical
[FULL_17_BM] t=5329.2s | pag=1827 | files=1401 | data=1289 | cola=19382 | prio=10 | https://climateknowledgeportal.worldbank.org/country/belgium/climate-data-historical
[FULL_17_BM] t=5330.5s | pag=1827 | files=1401 | data=1289 | cola=19381 | prio=10 | https://data.worldbank.org/indicator/SP.DYN.LE00.IN?locations=BZ
[FULL_17_BM] t=5333.7s | pag=1828 | files=1401 | data=1290 | cola=19389 | prio=10 | https://data.worldbank.org/indicator/SI.POV.DDAY?locations=BZ
[FULL_17_BM] t=5335.0s | pag=1829 | files=1401 | data=1291 | cola=19397 | prio=10 | https://data.worldbank.org/indicator/SP.POP.TOTL?locations=BZ
[FULL_17_BM] t=5335.4s | pag=1830 | files=1401 | data=1292 | cola=19404 | prio=10 | https://data.worldbank.org/indicator/SP.POP.GROW?locations=BZ
[FULL_17_BM] t=5338.3s | pag=1831 | files=1401 | data=1293 | cola=19412 | prio=10 | https://data.worldbank.org/indicator/SM.POP.NETM?locations=BZ
[FULL_17_BM] t=5338.6s | pag=1832 | files=1401 | data=1294 | cola=19420 | prio=10 | https://data.worldbank.org/indicator/HD.HCI.OVRL?locations=BZ
[FULL_17_BM] t=5339.3s | pag=1833 | files=1401 | data=1295 | cola=19420 | prio=10 | https://data.worldbank.org/indicator/NY.GDP.MKTP.CD?locations=BZ
[FULL_17_BM] t=5340.1s | pag=1834 | files=1401 | data=1296 | cola=19427 | prio=10 | https://data.worldbank.org/indicator/NY.GDP.PCAP.CD?locations=BZ
[FULL_17_BM] t=5343.1s | pag=1835 | files=1401 | data=1297 | cola=19434 | prio=10 | https://data.worldbank.org/indicator/NY.GDP.MKTP.KD.ZG?locations=BZ
[FULL_17_BM] t=5345.6s | pag=1836 | files=1401 | data=1298 | cola=19434 | prio=10 | https://data.worldbank.org/indicator/SL.UEM.TOTL.ZS?locations=BZ
[FULL_17_BM] t=5345.9s | pag=1837 | files=1401 | data=1299 | cola=19442 | prio=10 | https://data.worldbank.org/indicator/FP.CPI.TOTL.ZG?locations=BZ
[FULL_17_BM] DATASETS=1300 | exportable_data_page | https://data.worldbank.org/indicator/FP.CPI.TOTL.ZG?locations=BZ
[FULL_17_BM] t=5347.0s | pag=1838 | files=1401 | data=1300 | cola=19450 | prio=10 | https://data.worldbank.org/indicator/BX.TRF.PWKR.DT.GD.ZS?locations=BZ
[FULL_17_BM] t=5347.8s | pag=1839 | files=1401 | data=1301 | cola=19458 | prio=10 | https://data.worldbank.org/indicator/EG.ELC.ACCS.ZS?locations=BZ
[FULL_17_BM] t=5349.6s | pag=1840 | files=1401 | data=1302 | cola=19466 | prio=10 | https://data.worldbank.org/indicator/AG.LND.FRST.ZS?locations=BZ
[FULL_17_BM] t=5353.4s | pag=1841 | files=1401 | data=1303 | cola=19474 | prio=10 | https://data.worldbank.org/indicator/EN.GHG.CO2.PC.CE.AR5?locations=BZ
[FULL_17_BM] t=5355.8s | pag=1842 | files=1401 | data=1304 | cola=19482 | prio=10 | https://data.worldbank.org/indicator/ER.H2O.FWTL.ZS?locations=BZ
[FULL_17_BM] t=5357.8s | pag=1843 | files=1401 | data=1305 | cola=19490 | prio=10 | https://data.worldbank.org/indicator/EG.ELC.RNWX.ZS?locations=BZ
[FULL_17_BM] t=5363.7s | pag=1844 | files=1401 | data=1306 | cola=19491 | prio=10 | https://data.worldbank.org/indicator/SH.STA.SMSS.ZS?locations=BZ
[FULL_17_BM] t=5370.1s | pag=1845 | files=1401 | data=1307 | cola=19499 | prio=10 | https://data.worldbank.org/indicator/IT.NET.USER.ZS?locations=BZ
[FULL_17_BM] t=5370.3s | pag=1846 | files=1401 | data=1308 | cola=19507 | prio=10 | https://data.worldbank.org/indicator/VC.IHR.PSRC.P5?locations=BZ
[FULL_17_BM] t=5371.2s | pag=1847 | files=1401 | data=1309 | cola=19512 | prio=10 | https://data.worldbank.org/indicator/SG.GEN.PARL.ZS?locations=BZ
[FULL_17_BM] t=5371.8s | pag=1848 | files=1401 | data=1310 | cola=19520 | prio=10 | https://data.worldbank.org/indicator/GC.DOD.TOTL.GD.ZS?locations=BZ
[FULL_17_BM] t=5372.2s | pag=1849 | files=1401 | data=1311 | cola=19528 | prio=10 | https://data.worldbank.org/indicator/IQ.SPI.OVRL?locations=BZ
[FULL_17_BM] t=5377.2s | pag=1850 | files=1401 | data=1312 | cola=19536 | prio=10 | https://data.worldbank.org/indicator/BX.KLT.DINV.WD.GD.ZS?locations=BZ
[FULL_17_BM] t=5377.9s | pag=1851 | files=1401 | data=1313 | cola=19543 | prio=10 | https://api.worldbank.org/v2/en/country/BLZ?downloadformat=csv
[FULL_17_BM] t=5380.4s | pag=1851 | files=1402 | data=1313 | cola=19542 | prio=10 | https://api.worldbank.org/v2/en/country/BLZ?downloadformat=xml
[FULL_17_BM] t=5383.3s | pag=1851 | files=1403 | data=1313 | cola=19541 | prio=10 | https://api.worldbank.org/v2/en/country/BLZ?downloadformat=excel
[FULL_17_BM] t=5384.3s | pag=1851 | files=1403 | data=1313 | cola=19540 | prio=10 | http://databank.worldbank.org/data/reports.aspx?country=BLZ&source=2
[FULL_17_BM] t=5389.3s | pag=1852 | files=1403 | data=1314 | cola=19539 | prio=10 | https://databank.worldbank.org/views/reports/reportwidget.aspx?Id=b450fd57&Report_Name=CountryProfile&country=BLZ&dd=y&inf=n&tbar=y&zm=n
[FULL_17_BM] t=5390.4s | pag=1853 | files=1403 | data=1315 | cola=19538 | prio=10 | http://microdata.worldbank.org/index.php/catalog/7871
[FULL_17_BM] t=5391.7s | pag=1854 | files=1403 | data=1316 | cola=19545 | prio=10 | http://microdata.worldbank.org/index.php/catalog/6510
[FULL_17_BM] t=5392.9s | pag=1855 | files=1403 | data=1317 | cola=19552 | prio=10 | http://microdata.worldbank.org/index.php/catalog/4572
[FULL_17_BM] t=5394.7s | pag=1856 | files=1404 | data=1318 | cola=19558 | prio=10 | http://microdata.worldbank.org/index.php/catalog/4764
[FULL_17_BM] t=5395.4s | pag=1857 | files=1404 | data=1319 | cola=19563 | prio=10 | http://microdata.worldbank.org/index.php/catalog/?country%5B%5D=belize
[FULL_17_BM] t=5397.1s | pag=1858 | files=1404 | data=1319 | cola=19569 | prio=10 | https://climateknowledgeportal.worldbank.org/country/Belize/climate-data-historical
[FULL_17_BM] t=5397.8s | pag=1858 | files=1404 | data=1319 | cola=19568 | prio=10 | https://climateknowledgeportal.worldbank.org/country/belize/climate-data-historical
[FULL_17_BM] t=5398.8s | pag=1858 | files=1404 | data=1319 | cola=19567 | prio=10 | https://data.worldbank.org/indicator/SP.DYN.LE00.IN?locations=BJ
[FULL_17_BM] t=5399.4s | pag=1859 | files=1404 | data=1320 | cola=19575 | prio=10 | https://data.worldbank.org/indicator/SI.POV.DDAY?locations=BJ
[FULL_17_BM] t=5400.1s | pag=1860 | files=1404 | data=1321 | cola=19583 | prio=10 | https://data.worldbank.org/indicator/SP.POP.TOTL?locations=BJ
[FULL_17_BM] t=5400.7s | pag=1861 | files=1404 | data=1322 | cola=19590 | prio=10 | https://data.worldbank.org/indicator/SP.POP.GROW?locations=BJ
[FULL_17_BM] t=5401.2s | pag=1862 | files=1404 | data=1323 | cola=19598 | prio=10 | https://data.worldbank.org/indicator/SM.POP.NETM?locations=BJ
[FULL_17_BM] t=5404.1s | pag=1863 | files=1404 | data=1324 | cola=19606 | prio=10 | https://data.worldbank.org/indicator/HD.HCI.OVRL?locations=BJ
[FULL_17_BM] DATASETS=1325 | exportable_data_page | https://data.worldbank.org/indicator/HD.HCI.OVRL?locations=BJ
[FULL_17_BM] t=5406.9s | pag=1864 | files=1404 | data=1325 | cola=19606 | prio=10 | https://data.worldbank.org/indicator/NY.GDP.MKTP.CD?locations=BJ
[FULL_17_BM] t=5409.7s | pag=1865 | files=1404 | data=1326 | cola=19613 | prio=10 | https://data.worldbank.org/indicator/NY.GDP.PCAP.CD?locations=BJ
[FULL_17_BM] t=5410.0s | pag=1866 | files=1404 | data=1327 | cola=19620 | prio=10 | https://data.worldbank.org/indicator/NY.GDP.MKTP.KD.ZG?locations=BJ
[FULL_17_BM] t=5410.8s | pag=1867 | files=1404 | data=1328 | cola=19620 | prio=10 | https://data.worldbank.org/indicator/SL.UEM.TOTL.ZS?locations=BJ
[FULL_17_BM] t=5413.0s | pag=1868 | files=1404 | data=1329 | cola=19628 | prio=10 | https://data.worldbank.org/indicator/FP.CPI.TOTL.ZG?locations=BJ
[FULL_17_BM] t=5413.2s | pag=1869 | files=1404 | data=1330 | cola=19636 | prio=10 | https://data.worldbank.org/indicator/BX.TRF.PWKR.DT.GD.ZS?locations=BJ
[FULL_17_BM] t=5413.6s | pag=1870 | files=1404 | data=1331 | cola=19644 | prio=10 | https://data.worldbank.org/indicator/EG.ELC.ACCS.ZS?locations=BJ
[FULL_17_BM] t=5416.6s | pag=1871 | files=1404 | data=1332 | cola=19652 | prio=10 | https://data.worldbank.org/indicator/AG.LND.FRST.ZS?locations=BJ
[FULL_17_BM] t=5418.2s | pag=1872 | files=1404 | data=1333 | cola=19660 | prio=10 | https://data.worldbank.org/indicator/EN.GHG.CO2.PC.CE.AR5?locations=BJ
[FULL_17_BM] t=5421.2s | pag=1873 | files=1404 | data=1334 | cola=19668 | prio=10 | https://data.worldbank.org/indicator/ER.H2O.FWTL.ZS?locations=BJ
[FULL_17_BM] t=5421.4s | pag=1874 | files=1404 | data=1335 | cola=19676 | prio=10 | https://data.worldbank.org/indicator/EG.ELC.RNWX.ZS?locations=BJ
[FULL_17_BM] t=5422.4s | pag=1875 | files=1404 | data=1336 | cola=19677 | prio=10 | https://data.worldbank.org/indicator/SH.STA.SMSS.ZS?locations=BJ
[FULL_17_BM] t=5423.2s | pag=1876 | files=1404 | data=1337 | cola=19685 | prio=10 | https://data.worldbank.org/indicator/IT.NET.USER.ZS?locations=BJ
[FULL_17_BM] t=5424.0s | pag=1877 | files=1404 | data=1338 | cola=19693 | prio=10 | https://data.worldbank.org/indicator/VC.IHR.PSRC.P5?locations=BJ
[FULL_17_BM] t=5426.2s | pag=1878 | files=1404 | data=1339 | cola=19698 | prio=10 | https://data.worldbank.org/indicator/SG.GEN.PARL.ZS?locations=BJ
[FULL_17_BM] t=5428.1s | pag=1879 | files=1404 | data=1340 | cola=19706 | prio=10 | https://data.worldbank.org/indicator/GC.DOD.TOTL.GD.ZS?locations=BJ
[FULL_17_BM] t=5428.2s | pag=1880 | files=1404 | data=1341 | cola=19714 | prio=10 | https://data.worldbank.org/indicator/IQ.SPI.OVRL?locations=BJ
[FULL_17_BM] t=5430.4s | pag=1881 | files=1404 | data=1342 | cola=19722 | prio=10 | https://data.worldbank.org/indicator/BX.KLT.DINV.WD.GD.ZS?locations=BJ
[FULL_17_BM] t=5431.1s | pag=1882 | files=1404 | data=1343 | cola=19729 | prio=10 | https://api.worldbank.org/v2/en/country/BEN?downloadformat=csv
[FULL_17_BM] t=5433.9s | pag=1882 | files=1405 | data=1343 | cola=19728 | prio=10 | https://api.worldbank.org/v2/en/country/BEN?downloadformat=xml
[FULL_17_BM] t=5437.2s | pag=1882 | files=1406 | data=1343 | cola=19727 | prio=10 | https://api.worldbank.org/v2/en/country/BEN?downloadformat=excel
[FULL_17_BM] t=5438.6s | pag=1882 | files=1406 | data=1343 | cola=19726 | prio=10 | http://databank.worldbank.org/data/reports.aspx?country=BEN&source=2
[FULL_17_BM] t=5441.3s | pag=1883 | files=1406 | data=1344 | cola=19725 | prio=10 | https://databank.worldbank.org/views/reports/reportwidget.aspx?Id=b450fd57&Report_Name=CountryProfile&country=BEN&dd=y&inf=n&tbar=y&zm=n
[FULL_17_BM] t=5442.5s | pag=1884 | files=1406 | data=1345 | cola=19724 | prio=10 | http://microdata.worldbank.org/index.php/catalog/2944
[FULL_17_BM] t=5443.7s | pag=1885 | files=1406 | data=1346 | cola=19731 | prio=10 | http://microdata.worldbank.org/index.php/catalog/888
[FULL_17_BM] t=5445.1s | pag=1886 | files=1406 | data=1347 | cola=19738 | prio=10 | http://microdata.worldbank.org/index.php/catalog/3805
[FULL_17_BM] t=5446.2s | pag=1887 | files=1406 | data=1348 | cola=19744 | prio=10 | http://microdata.worldbank.org/index.php/catalog/?country%5B%5D=benin
[FULL_17_BM] t=5448.1s | pag=1888 | files=1406 | data=1348 | cola=19750 | prio=10 | https://climateknowledgeportal.worldbank.org/country/Benin/climate-data-historical
[FULL_17_BM] t=5448.6s | pag=1888 | files=1406 | data=1348 | cola=19749 | prio=10 | https://climateknowledgeportal.worldbank.org/country/benin/climate-data-historical
[FULL_17_BM] t=5449.4s | pag=1888 | files=1406 | data=1348 | cola=19748 | prio=10 | https://data.worldbank.org/indicator/SP.DYN.LE00.IN?locations=BM
[FULL_17_BM] t=5450.5s | pag=1889 | files=1406 | data=1349 | cola=19756 | prio=10 | https://data.worldbank.org/indicator/SI.POV.DDAY?locations=BM
[FULL_17_BM] DATASETS=1350 | exportable_data_page | https://data.worldbank.org/indicator/SI.POV.DDAY?locations=BM
[FULL_17_BM] t=5451.4s | pag=1890 | files=1406 | data=1350 | cola=19764 | prio=10 | https://data.worldbank.org/indicator/SP.POP.TOTL?locations=BM
[FULL_17_BM] t=5452.3s | pag=1891 | files=1406 | data=1351 | cola=19771 | prio=10 | https://data.worldbank.org/indicator/SP.POP.GROW?locations=BM
[FULL_17_BM] t=5455.9s | pag=1892 | files=1406 | data=1352 | cola=19779 | prio=10 | https://data.worldbank.org/indicator/SM.POP.NETM?locations=BM
[FULL_17_BM] t=5459.8s | pag=1893 | files=1406 | data=1353 | cola=19787 | prio=10 | https://data.worldbank.org/indicator/HD.HCI.OVRL?locations=BM
[FULL_17_BM] t=5461.7s | pag=1894 | files=1406 | data=1354 | cola=19787 | prio=10 | https://data.worldbank.org/indicator/NY.GDP.MKTP.CD?locations=BM
[FULL_17_BM] t=5462.0s | pag=1895 | files=1406 | data=1355 | cola=19794 | prio=10 | https://data.worldbank.org/indicator/NY.GDP.PCAP.CD?locations=BM
[FULL_17_BM] t=5462.6s | pag=1896 | files=1406 | data=1356 | cola=19801 | prio=10 | https://data.worldbank.org/indicator/NY.GDP.MKTP.KD.ZG?locations=BM
[FULL_17_BM] t=5463.4s | pag=1897 | files=1406 | data=1357 | cola=19801 | prio=10 | https://data.worldbank.org/indicator/SL.UEM.TOTL.ZS?locations=BM
[FULL_17_BM] t=5464.2s | pag=1898 | files=1406 | data=1358 | cola=19809 | prio=10 | https://data.worldbank.org/indicator/FP.CPI.TOTL.ZG?locations=BM
[FULL_17_BM] t=5466.2s | pag=1899 | files=1406 | data=1359 | cola=19817 | prio=10 | https://data.worldbank.org/indicator/BX.TRF.PWKR.DT.GD.ZS?locations=BM
[FULL_17_BM] t=5466.5s | pag=1900 | files=1406 | data=1360 | cola=19825 | prio=10 | https://data.worldbank.org/indicator/EG.ELC.ACCS.ZS?locations=BM
[FULL_17_BM] t=5467.2s | pag=1901 | files=1406 | data=1361 | cola=19833 | prio=10 | https://data.worldbank.org/indicator/AG.LND.FRST.ZS?locations=BM
[FULL_17_BM] t=5467.8s | pag=1902 | files=1406 | data=1362 | cola=19841 | prio=10 | https://data.worldbank.org/indicator/EN.GHG.CO2.PC.CE.AR5?locations=BM
[FULL_17_BM] t=5468.3s | pag=1903 | files=1406 | data=1363 | cola=19849 | prio=10 | https://data.worldbank.org/indicator/ER.H2O.FWTL.ZS?locations=BM
[FULL_17_BM] t=5472.3s | pag=1904 | files=1406 | data=1364 | cola=19857 | prio=10 | https://data.worldbank.org/indicator/EG.ELC.RNWX.ZS?locations=BM
[FULL_17_BM] t=5472.7s | pag=1905 | files=1406 | data=1365 | cola=19858 | prio=10 | https://data.worldbank.org/indicator/SH.STA.SMSS.ZS?locations=BM
[FULL_17_BM] t=5475.6s | pag=1906 | files=1406 | data=1366 | cola=19866 | prio=10 | https://data.worldbank.org/indicator/IT.NET.USER.ZS?locations=BM
[FULL_17_BM] t=5478.5s | pag=1907 | files=1406 | data=1367 | cola=19874 | prio=10 | https://data.worldbank.org/indicator/VC.IHR.PSRC.P5?locations=BM
[FULL_17_BM] t=5478.7s | pag=1908 | files=1406 | data=1368 | cola=19879 | prio=10 | https://data.worldbank.org/indicator/SG.GEN.PARL.ZS?locations=BM
[FULL_17_BM] t=5479.3s | pag=1909 | files=1406 | data=1369 | cola=19887 | prio=10 | https://data.worldbank.org/indicator/GC.DOD.TOTL.GD.ZS?locations=BM
[FULL_17_BM] t=5481.2s | pag=1910 | files=1406 | data=1370 | cola=19895 | prio=10 | https://data.worldbank.org/indicator/IQ.SPI.OVRL?locations=BM
[FULL_17_BM] t=5481.4s | pag=1911 | files=1406 | data=1371 | cola=19903 | prio=10 | https://data.worldbank.org/indicator/BX.KLT.DINV.WD.GD.ZS?locations=BM
[FULL_17_BM] t=5486.3s | pag=1912 | files=1406 | data=1372 | cola=19910 | prio=10 | https://api.worldbank.org/v2/en/country/BMU?downloadformat=csv
[FULL_17_BM] t=5488.7s | pag=1912 | files=1407 | data=1372 | cola=19909 | prio=10 | https://api.worldbank.org/v2/en/country/BMU?downloadformat=xml
[FULL_17_BM] t=5491.2s | pag=1912 | files=1408 | data=1372 | cola=19908 | prio=10 | https://api.worldbank.org/v2/en/country/BMU?downloadformat=excel
[FULL_17_BM] t=5492.1s | pag=1912 | files=1408 | data=1372 | cola=19907 | prio=10 | http://databank.worldbank.org/data/reports.aspx?country=BMU&source=2
[FULL_17_BM] t=5508.1s | pag=1912 | files=1408 | data=1372 | cola=19906 | prio=10 | https://databank.worldbank.org/views/reports/reportwidget.aspx?Id=b450fd57&Report_Name=CountryProfile&country=BMU&dd=y&inf=n&tbar=y&zm=n
[FULL_17_BM] t=5524.1s | pag=1912 | files=1408 | data=1372 | cola=19905 | prio=10 | http://microdata.worldbank.org/index.php/catalog/3812
[FULL_17_BM] t=5525.4s | pag=1913 | files=1408 | data=1373 | cola=19911 | prio=10 | http://microdata.worldbank.org/index.php/catalog/?country%5B%5D=bermuda
[FULL_17_BM] t=5526.7s | pag=1914 | files=1408 | data=1373 | cola=19911 | prio=10 | https://climateknowledgeportal.worldbank.org/country/Bermuda/climate-data-historical
[FULL_17_BM] t=5527.2s | pag=1914 | files=1408 | data=1373 | cola=19910 | prio=10 | https://climateknowledgeportal.worldbank.org/country/bermuda/climate-data-historical
[FULL_17_BM] t=5528.2s | pag=1914 | files=1408 | data=1373 | cola=19909 | prio=10 | https://data.worldbank.org/indicator/SP.DYN.LE00.IN?locations=BT
[FULL_17_BM] t=5528.8s | pag=1915 | files=1408 | data=1374 | cola=19917 | prio=10 | https://data.worldbank.org/indicator/SI.POV.DDAY?locations=BT
[FULL_17_BM] DATASETS=1375 | exportable_data_page | https://data.worldbank.org/indicator/SI.POV.DDAY?locations=BT
[FULL_17_BM] t=5529.2s | pag=1916 | files=1408 | data=1375 | cola=19925 | prio=10 | https://data.worldbank.org/indicator/SP.POP.TOTL?locations=BT
[FULL_17_BM] t=5530.2s | pag=1917 | files=1408 | data=1376 | cola=19932 | prio=10 | https://data.worldbank.org/indicator/SP.POP.GROW?locations=BT
[FULL_17_BM] t=5531.0s | pag=1918 | files=1408 | data=1377 | cola=19940 | prio=10 | https://data.worldbank.org/indicator/SM.POP.NETM?locations=BT
[FULL_17_BM] t=5534.8s | pag=1919 | files=1408 | data=1378 | cola=19948 | prio=10 | https://data.worldbank.org/indicator/HD.HCI.OVRL?locations=BT
[FULL_17_BM] t=5536.4s | pag=1920 | files=1408 | data=1379 | cola=19948 | prio=10 | https://data.worldbank.org/indicator/NY.GDP.MKTP.CD?locations=BT
[FULL_17_BM] t=5537.2s | pag=1921 | files=1408 | data=1380 | cola=19955 | prio=10 | https://data.worldbank.org/indicator/NY.GDP.PCAP.CD?locations=BT
[FULL_17_BM] t=5540.7s | pag=1922 | files=1408 | data=1381 | cola=19962 | prio=10 | https://data.worldbank.org/indicator/NY.GDP.MKTP.KD.ZG?locations=BT
[FULL_17_BM] t=5541.2s | pag=1923 | files=1408 | data=1382 | cola=19962 | prio=10 | https://data.worldbank.org/indicator/SL.UEM.TOTL.ZS?locations=BT
[FULL_17_BM] t=5546.2s | pag=1924 | files=1408 | data=1383 | cola=19970 | prio=10 | https://data.worldbank.org/indicator/FP.CPI.TOTL.ZG?locations=BT
[FULL_17_BM] t=5546.7s | pag=1925 | files=1408 | data=1384 | cola=19978 | prio=10 | https://data.worldbank.org/indicator/BX.TRF.PWKR.DT.GD.ZS?locations=BT
[FULL_17_BM] t=5552.4s | pag=1926 | files=1408 | data=1385 | cola=19986 | prio=10 | https://data.worldbank.org/indicator/EG.ELC.ACCS.ZS?locations=BT
[FULL_17_BM] t=5552.7s | pag=1927 | files=1408 | data=1386 | cola=19994 | prio=10 | https://data.worldbank.org/indicator/AG.LND.FRST.ZS?locations=BT
[FULL_17_BM] t=5553.3s | pag=1928 | files=1408 | data=1387 | cola=20002 | prio=10 | https://data.worldbank.org/indicator/EN.GHG.CO2.PC.CE.AR5?locations=BT
[FULL_17_BM] t=5558.7s | pag=1929 | files=1408 | data=1388 | cola=20010 | prio=10 | https://data.worldbank.org/indicator/ER.H2O.FWTL.ZS?locations=BT
[FULL_17_BM] t=5558.8s | pag=1930 | files=1408 | data=1389 | cola=20018 | prio=10 | https://data.worldbank.org/indicator/EG.ELC.RNWX.ZS?locations=BT
[FULL_17_BM] t=5559.4s | pag=1931 | files=1408 | data=1390 | cola=20019 | prio=10 | https://data.worldbank.org/indicator/SH.STA.SMSS.ZS?locations=BT
[FULL_17_BM] t=5566.8s | pag=1932 | files=1408 | data=1391 | cola=20027 | prio=10 | https://data.worldbank.org/indicator/IT.NET.USER.ZS?locations=BT
[FULL_17_BM] t=5567.3s | pag=1933 | files=1408 | data=1392 | cola=20035 | prio=10 | https://data.worldbank.org/indicator/VC.IHR.PSRC.P5?locations=BT
[FULL_17_BM] t=5573.4s | pag=1934 | files=1408 | data=1393 | cola=20040 | prio=10 | https://data.worldbank.org/indicator/SG.GEN.PARL.ZS?locations=BT
[FULL_17_BM] t=5581.1s | pag=1935 | files=1408 | data=1394 | cola=20048 | prio=10 | https://data.worldbank.org/indicator/GC.DOD.TOTL.GD.ZS?locations=BT
[FULL_17_BM] t=5581.4s | pag=1936 | files=1408 | data=1395 | cola=20056 | prio=10 | https://data.worldbank.org/indicator/IQ.SPI.OVRL?locations=BT
[FULL_17_BM] t=5581.8s | pag=1937 | files=1408 | data=1396 | cola=20064 | prio=10 | https://data.worldbank.org/indicator/BX.KLT.DINV.WD.GD.ZS?locations=BT
[FULL_17_BM] t=5586.3s | pag=1938 | files=1408 | data=1397 | cola=20071 | prio=10 | https://api.worldbank.org/v2/en/country/BTN?downloadformat=csv
[FULL_17_BM] t=5588.6s | pag=1938 | files=1409 | data=1397 | cola=20070 | prio=10 | https://api.worldbank.org/v2/en/country/BTN?downloadformat=xml
[FULL_17_BM] t=5591.8s | pag=1938 | files=1410 | data=1397 | cola=20069 | prio=10 | https://api.worldbank.org/v2/en/country/BTN?downloadformat=excel
[FULL_17_BM] t=5593.3s | pag=1938 | files=1410 | data=1397 | cola=20068 | prio=10 | http://databank.worldbank.org/data/reports.aspx?country=BTN&source=2
[FULL_17_BM] t=5596.1s | pag=1939 | files=1410 | data=1398 | cola=20067 | prio=10 | https://databank.worldbank.org/views/reports/reportwidget.aspx?Id=b450fd57&Report_Name=CountryProfile&country=BTN&dd=y&inf=n&tbar=y&zm=n
[FULL_17_BM] t=5597.3s | pag=1940 | files=1410 | data=1399 | cola=20066 | prio=10 | http://microdata.worldbank.org/index.php/catalog/6417
[FULL_17_BM] DATASETS=1400 | data_html_table | https://microdata.worldbank.org/index.php/catalog/6417
[FULL_17_BM] t=5598.2s | pag=1941 | files=1410 | data=1400 | cola=20073 | prio=10 | http://microdata.worldbank.org/index.php/catalog/6270
[FULL_17_BM] t=5599.2s | pag=1942 | files=1410 | data=1401 | cola=20080 | prio=10 | http://microdata.worldbank.org/index.php/catalog/3513
[FULL_17_BM] t=5600.4s | pag=1943 | files=1410 | data=1402 | cola=20087 | prio=10 | http://microdata.worldbank.org/index.php/catalog/2722
[FULL_17_BM] t=5601.4s | pag=1944 | files=1410 | data=1403 | cola=20094 | prio=10 | http://microdata.worldbank.org/index.php/catalog/?country%5B%5D=bhutan
[FULL_17_BM] t=5602.8s | pag=1945 | files=1410 | data=1403 | cola=20097 | prio=10 | https://climateknowledgeportal.worldbank.org/country/Bhutan/climate-data-historical
[FULL_17_BM] t=5603.5s | pag=1945 | files=1410 | data=1403 | cola=20096 | prio=10 | https://climateknowledgeportal.worldbank.org/country/bhutan/climate-data-historical
[FULL_17_BM] t=5604.3s | pag=1945 | files=1410 | data=1403 | cola=20095 | prio=10 | https://data.worldbank.org/indicator/SP.DYN.LE00.IN?locations=BO
[FULL_17_BM] t=5605.2s | pag=1946 | files=1410 | data=1404 | cola=20103 | prio=10 | https://data.worldbank.org/indicator/SI.POV.DDAY?locations=BO
[FULL_17_BM] t=5606.1s | pag=1947 | files=1410 | data=1405 | cola=20111 | prio=10 | https://data.worldbank.org/indicator/SP.POP.TOTL?locations=BO
[FULL_17_BM] t=5606.9s | pag=1948 | files=1410 | data=1406 | cola=20118 | prio=10 | https://data.worldbank.org/indicator/SP.POP.GROW?locations=BO
[FULL_17_BM] t=5607.6s | pag=1949 | files=1410 | data=1407 | cola=20126 | prio=10 | https://data.worldbank.org/indicator/SM.POP.NETM?locations=BO
[FULL_17_BM] t=5608.2s | pag=1950 | files=1410 | data=1408 | cola=20134 | prio=10 | https://data.worldbank.org/indicator/HD.HCI.OVRL?locations=BO
[FULL_17_BM] t=5614.2s | pag=1951 | files=1410 | data=1409 | cola=20134 | prio=10 | https://data.worldbank.org/indicator/NY.GDP.MKTP.CD?locations=BO
[FULL_17_BM] t=5614.7s | pag=1952 | files=1410 | data=1410 | cola=20141 | prio=10 | https://data.worldbank.org/indicator/NY.GDP.PCAP.CD?locations=BO
[FULL_17_BM] t=5615.3s | pag=1953 | files=1410 | data=1411 | cola=20148 | prio=10 | https://data.worldbank.org/indicator/NY.GDP.MKTP.KD.ZG?locations=BO
[FULL_17_BM] t=5615.8s | pag=1954 | files=1410 | data=1412 | cola=20148 | prio=10 | https://data.worldbank.org/indicator/SL.UEM.TOTL.ZS?locations=BO
[FULL_17_BM] t=5616.1s | pag=1955 | files=1410 | data=1413 | cola=20156 | prio=10 | https://data.worldbank.org/indicator/FP.CPI.TOTL.ZG?locations=BO
[FULL_17_BM] t=5616.8s | pag=1956 | files=1410 | data=1414 | cola=20164 | prio=10 | https://data.worldbank.org/indicator/BX.TRF.PWKR.DT.GD.ZS?locations=BO
[FULL_17_BM] t=5624.1s | pag=1957 | files=1410 | data=1415 | cola=20172 | prio=10 | https://data.worldbank.org/indicator/EG.ELC.ACCS.ZS?locations=BO
[FULL_17_BM] t=5624.5s | pag=1958 | files=1410 | data=1416 | cola=20180 | prio=10 | https://data.worldbank.org/indicator/AG.LND.FRST.ZS?locations=BO
[FULL_17_BM] t=5625.4s | pag=1959 | files=1410 | data=1417 | cola=20188 | prio=10 | https://data.worldbank.org/indicator/EN.GHG.CO2.PC.CE.AR5?locations=BO
[FULL_17_BM] t=5626.3s | pag=1960 | files=1410 | data=1418 | cola=20196 | prio=10 | https://data.worldbank.org/indicator/ER.H2O.FWTL.ZS?locations=BO
[FULL_17_BM] t=5626.7s | pag=1961 | files=1410 | data=1419 | cola=20204 | prio=10 | https://data.worldbank.org/indicator/EG.ELC.RNWX.ZS?locations=BO
[FULL_17_BM] t=5627.2s | pag=1962 | files=1410 | data=1420 | cola=20205 | prio=10 | https://data.worldbank.org/indicator/SH.STA.SMSS.ZS?locations=BO
[FULL_17_BM] t=5628.0s | pag=1963 | files=1410 | data=1421 | cola=20213 | prio=10 | https://data.worldbank.org/indicator/IT.NET.USER.ZS?locations=BO
[FULL_17_BM] t=5628.7s | pag=1964 | files=1410 | data=1422 | cola=20221 | prio=10 | https://data.worldbank.org/indicator/VC.IHR.PSRC.P5?locations=BO
[FULL_17_BM] t=5629.3s | pag=1965 | files=1410 | data=1423 | cola=20226 | prio=10 | https://data.worldbank.org/indicator/SG.GEN.PARL.ZS?locations=BO
[FULL_17_BM] t=5629.9s | pag=1966 | files=1410 | data=1424 | cola=20234 | prio=10 | https://data.worldbank.org/indicator/GC.DOD.TOTL.GD.ZS?locations=BO
[FULL_17_BM] DATASETS=1425 | exportable_data_page | https://data.worldbank.org/indicator/GC.DOD.TOTL.GD.ZS?locations=BO
[FULL_17_BM] t=5630.3s | pag=1967 | files=1410 | data=1425 | cola=20242 | prio=10 | https://data.worldbank.org/indicator/IQ.SPI.OVRL?locations=BO
[FULL_17_BM] t=5631.2s | pag=1968 | files=1410 | data=1426 | cola=20250 | prio=10 | https://data.worldbank.org/indicator/BX.KLT.DINV.WD.GD.ZS?locations=BO
[FULL_17_BM] t=5632.0s | pag=1969 | files=1410 | data=1427 | cola=20257 | prio=10 | https://api.worldbank.org/v2/en/country/BOL?downloadformat=csv
[FULL_17_BM] t=5633.9s | pag=1969 | files=1411 | data=1427 | cola=20256 | prio=10 | https://api.worldbank.org/v2/en/country/BOL?downloadformat=xml
[FULL_17_BM] t=5637.0s | pag=1969 | files=1412 | data=1427 | cola=20255 | prio=10 | https://api.worldbank.org/v2/en/country/BOL?downloadformat=excel
[FULL_17_BM] t=5638.5s | pag=1969 | files=1412 | data=1427 | cola=20254 | prio=10 | http://databank.worldbank.org/data/reports.aspx?country=BOL&source=2
[FULL_17_BM] t=5643.2s | pag=1970 | files=1412 | data=1428 | cola=20253 | prio=10 | https://databank.worldbank.org/views/reports/reportwidget.aspx?Id=b450fd57&Report_Name=CountryProfile&country=BOL&dd=y&inf=n&tbar=y&zm=n
[FULL_17_BM] t=5644.3s | pag=1971 | files=1412 | data=1429 | cola=20252 | prio=10 | http://microdata.worldbank.org/index.php/catalog/8033
[FULL_17_BM] t=5645.3s | pag=1972 | files=1412 | data=1430 | cola=20259 | prio=10 | http://microdata.worldbank.org/index.php/catalog/7873
[FULL_17_BM] t=5646.6s | pag=1973 | files=1412 | data=1431 | cola=20266 | prio=10 | http://microdata.worldbank.org/index.php/catalog/4559
[FULL_17_BM] t=5648.1s | pag=1974 | files=1412 | data=1432 | cola=20272 | prio=10 | http://microdata.worldbank.org/index.php/catalog/4752
[FULL_17_BM] t=5649.0s | pag=1975 | files=1412 | data=1433 | cola=20277 | prio=10 | http://microdata.worldbank.org/index.php/catalog/?country%5B%5D=bolivia
[FULL_17_BM] t=5650.8s | pag=1976 | files=1412 | data=1433 | cola=20283 | prio=10 | https://climateknowledgeportal.worldbank.org/country/Bolivia/climate-data-historical
[FULL_17_BM] t=5651.2s | pag=1976 | files=1412 | data=1433 | cola=20282 | prio=10 | https://climateknowledgeportal.worldbank.org/country/bolivia/climate-data-historical
[FULL_17_BM] t=5652.2s | pag=1976 | files=1412 | data=1433 | cola=20281 | prio=10 | https://data.worldbank.org/indicator/SP.DYN.LE00.IN?locations=BA
[FULL_17_BM] t=5667.2s | pag=1977 | files=1412 | data=1434 | cola=20289 | prio=10 | https://data.worldbank.org/indicator/SI.POV.DDAY?locations=BA
[FULL_17_BM] t=5667.5s | pag=1978 | files=1412 | data=1435 | cola=20297 | prio=10 | https://data.worldbank.org/indicator/SP.POP.TOTL?locations=BA
[FULL_17_BM] t=5668.1s | pag=1979 | files=1412 | data=1436 | cola=20304 | prio=10 | https://data.worldbank.org/indicator/SP.POP.GROW?locations=BA
[FULL_17_BM] t=5668.8s | pag=1980 | files=1412 | data=1437 | cola=20312 | prio=10 | https://data.worldbank.org/indicator/SM.POP.NETM?locations=BA
[FULL_17_BM] t=5675.4s | pag=1981 | files=1412 | data=1438 | cola=20320 | prio=10 | https://data.worldbank.org/indicator/HD.HCI.OVRL?locations=BA
[FULL_17_BM] t=5690.6s | pag=1981 | files=1412 | data=1438 | cola=20319 | prio=10 | https://data.worldbank.org/indicator/NY.GDP.MKTP.CD?locations=BA
[FULL_17_BM] t=5691.9s | pag=1982 | files=1412 | data=1439 | cola=20326 | prio=10 | https://data.worldbank.org/indicator/NY.GDP.PCAP.CD?locations=BA
[FULL_17_BM] t=5692.8s | pag=1983 | files=1412 | data=1440 | cola=20333 | prio=10 | https://data.worldbank.org/indicator/NY.GDP.MKTP.KD.ZG?locations=BA
[FULL_17_BM] t=5693.3s | pag=1984 | files=1412 | data=1441 | cola=20333 | prio=10 | https://data.worldbank.org/indicator/SL.UEM.TOTL.ZS?locations=BA
[FULL_17_BM] t=5694.1s | pag=1985 | files=1412 | data=1442 | cola=20341 | prio=10 | https://data.worldbank.org/indicator/FP.CPI.TOTL.ZG?locations=BA
[FULL_17_BM] t=5709.6s | pag=1985 | files=1412 | data=1442 | cola=20340 | prio=10 | https://data.worldbank.org/indicator/BX.TRF.PWKR.DT.GD.ZS?locations=BA
[FULL_17_BM] t=5725.5s | pag=1985 | files=1412 | data=1442 | cola=20339 | prio=10 | https://data.worldbank.org/indicator/EG.ELC.ACCS.ZS?locations=BA
[FULL_17_BM] t=5741.8s | pag=1985 | files=1412 | data=1442 | cola=20338 | prio=10 | https://data.worldbank.org/indicator/AG.LND.FRST.ZS?locations=BA
[FULL_17_BM] t=5743.3s | pag=1986 | files=1412 | data=1443 | cola=20346 | prio=10 | https://data.worldbank.org/indicator/EN.GHG.CO2.PC.CE.AR5?locations=BA
[FULL_17_BM] t=5759.0s | pag=1986 | files=1412 | data=1443 | cola=20345 | prio=10 | https://data.worldbank.org/indicator/ER.H2O.FWTL.ZS?locations=BA
[FULL_17_BM] t=5760.0s | pag=1987 | files=1412 | data=1444 | cola=20353 | prio=10 | https://data.worldbank.org/indicator/EG.ELC.RNWX.ZS?locations=BA
[FULL_17_BM] t=5775.8s | pag=1987 | files=1412 | data=1444 | cola=20352 | prio=10 | https://data.worldbank.org/indicator/SH.STA.SMSS.ZS?locations=BA
[FULL_17_BM] t=5791.8s | pag=1987 | files=1412 | data=1444 | cola=20351 | prio=10 | https://data.worldbank.org/indicator/IT.NET.USER.ZS?locations=BA
[FULL_17_BM] t=5793.6s | pag=1988 | files=1412 | data=1445 | cola=20359 | prio=10 | https://data.worldbank.org/indicator/VC.IHR.PSRC.P5?locations=BA
[FULL_17_BM] t=5805.2s | pag=1989 | files=1412 | data=1446 | cola=20364 | prio=10 | https://data.worldbank.org/indicator/SG.GEN.PARL.ZS?locations=BA
[FULL_17_BM] t=5805.9s | pag=1990 | files=1412 | data=1447 | cola=20372 | prio=10 | https://data.worldbank.org/indicator/GC.DOD.TOTL.GD.ZS?locations=BA
[FULL_17_BM] t=5806.5s | pag=1991 | files=1412 | data=1448 | cola=20380 | prio=10 | https://data.worldbank.org/indicator/IQ.SPI.OVRL?locations=BA
[FULL_17_BM] t=5822.0s | pag=1991 | files=1412 | data=1448 | cola=20379 | prio=10 | https://data.worldbank.org/indicator/BX.KLT.DINV.WD.GD.ZS?locations=BA
[FULL_17_BM] t=5838.1s | pag=1991 | files=1412 | data=1448 | cola=20378 | prio=10 | https://api.worldbank.org/v2/en/country/BIH?downloadformat=csv
[FULL_17_BM] t=5841.3s | pag=1991 | files=1413 | data=1448 | cola=20377 | prio=10 | https://api.worldbank.org/v2/en/country/BIH?downloadformat=xml
[FULL_17_BM] t=5843.7s | pag=1991 | files=1414 | data=1448 | cola=20376 | prio=10 | https://api.worldbank.org/v2/en/country/BIH?downloadformat=excel
[FULL_17_BM] t=5845.4s | pag=1991 | files=1414 | data=1448 | cola=20375 | prio=10 | http://databank.worldbank.org/data/reports.aspx?country=BIH&source=2
[FULL_17_BM] t=5861.6s | pag=1991 | files=1414 | data=1448 | cola=20374 | prio=10 | https://databank.worldbank.org/views/reports/reportwidget.aspx?Id=b450fd57&Report_Name=CountryProfile&country=BIH&dd=y&inf=n&tbar=y&zm=n
[FULL_17_BM] t=5877.6s | pag=1991 | files=1414 | data=1448 | cola=20373 | prio=10 | http://microdata.worldbank.org/index.php/catalog/7112
[FULL_17_BM] t=5879.5s | pag=1992 | files=1414 | data=1449 | cola=20380 | prio=10 | http://microdata.worldbank.org/index.php/catalog/7874
[FULL_17_BM] DATASETS=1450 | data_html_table | https://microdata.worldbank.org/index.php/catalog/7874
[FULL_17_BM] t=5880.2s | pag=1993 | files=1414 | data=1450 | cola=20387 | prio=10 | http://microdata.worldbank.org/index.php/catalog/6509
[FULL_17_BM] t=5881.2s | pag=1994 | files=1414 | data=1451 | cola=20394 | prio=10 | http://microdata.worldbank.org/index.php/catalog/6296
[FULL_17_BM] t=5882.0s | pag=1995 | files=1414 | data=1452 | cola=20401 | prio=10 | http://microdata.worldbank.org/index.php/catalog/?country%5B%5D=bosnia+and+herzegovina
[FULL_17_BM] t=5883.6s | pag=1996 | files=1414 | data=1452 | cola=20407 | prio=10 | https://climateknowledgeportal.worldbank.org/country/Bosnia and Herzegovina/climate-data-historical
[FULL_17_BM] t=5884.3s | pag=1996 | files=1414 | data=1452 | cola=20406 | prio=10 | https://climateknowledgeportal.worldbank.org/country/bosnia and herzegovina/climate-data-historical
[FULL_17_BM] t=5885.5s | pag=1996 | files=1414 | data=1452 | cola=20405 | prio=10 | https://data.worldbank.org/indicator/SP.DYN.LE00.IN?locations=BW
[FULL_17_BM] t=5901.7s | pag=1996 | files=1414 | data=1452 | cola=20404 | prio=10 | https://data.worldbank.org/indicator/SI.POV.DDAY?locations=BW
[FULL_17_BM] t=5917.9s | pag=1996 | files=1414 | data=1452 | cola=20403 | prio=10 | https://data.worldbank.org/indicator/SP.POP.TOTL?locations=BW
[FULL_17_BM] t=5919.1s | pag=1997 | files=1414 | data=1453 | cola=20410 | prio=10 | https://data.worldbank.org/indicator/SP.POP.GROW?locations=BW
[FULL_17_BM] t=5934.7s | pag=1997 | files=1414 | data=1453 | cola=20409 | prio=10 | https://data.worldbank.org/indicator/SM.POP.NETM?locations=BW
[FULL_17_BM] t=5950.8s | pag=1997 | files=1414 | data=1453 | cola=20408 | prio=10 | https://data.worldbank.org/indicator/HD.HCI.OVRL?locations=BW
[FULL_17_BM] t=5966.7s | pag=1997 | files=1414 | data=1453 | cola=20407 | prio=10 | https://data.worldbank.org/indicator/NY.GDP.MKTP.CD?locations=BW
[FULL_17_BM] t=5983.3s | pag=1997 | files=1414 | data=1453 | cola=20406 | prio=10 | https://data.worldbank.org/indicator/NY.GDP.PCAP.CD?locations=BW
[FULL_17_BM] t=5984.9s | pag=1998 | files=1414 | data=1454 | cola=20414 | prio=10 | https://data.worldbank.org/indicator/NY.GDP.MKTP.KD.ZG?locations=BW
[FULL_17_BM] t=5985.8s | pag=1999 | files=1414 | data=1455 | cola=20420 | prio=10 | https://data.worldbank.org/indicator/SL.UEM.TOTL.ZS?locations=BW
[FULL_17_BM] t=6001.4s | pag=1999 | files=1414 | data=1455 | cola=20419 | prio=10 | https://data.worldbank.org/indicator/FP.CPI.TOTL.ZG?locations=BW
[FULL_17_BM] t=6003.1s | pag=2000 | files=1414 | data=1456 | cola=20427 | prio=10 | https://data.worldbank.org/indicator/BX.TRF.PWKR.DT.GD.ZS?locations=BW
[FULL_17_BM] t=6003.4s | pag=2001 | files=1414 | data=1457 | cola=20435 | prio=10 | https://data.worldbank.org/indicator/EG.ELC.ACCS.ZS?locations=BW
[FULL_17_BM] t=6004.2s | pag=2002 | files=1414 | data=1458 | cola=20443 | prio=10 | https://data.worldbank.org/indicator/AG.LND.FRST.ZS?locations=BW
[FULL_17_BM] t=6019.7s | pag=2002 | files=1414 | data=1458 | cola=20442 | prio=10 | https://data.worldbank.org/indicator/EN.GHG.CO2.PC.CE.AR5?locations=BW
[FULL_17_BM] t=6035.9s | pag=2002 | files=1414 | data=1458 | cola=20441 | prio=10 | https://data.worldbank.org/indicator/ER.H2O.FWTL.ZS?locations=BW
[FULL_17_BM] t=6037.0s | pag=2003 | files=1414 | data=1459 | cola=20449 | prio=10 | https://data.worldbank.org/indicator/EG.ELC.RNWX.ZS?locations=BW
[FULL_17_BM] t=6052.6s | pag=2003 | files=1414 | data=1459 | cola=20448 | prio=10 | https://data.worldbank.org/indicator/SH.STA.SMSS.ZS?locations=BW
[FULL_17_BM] t=6068.8s | pag=2003 | files=1414 | data=1459 | cola=20447 | prio=10 | https://data.worldbank.org/indicator/IT.NET.USER.ZS?locations=BW
[FULL_17_BM] t=6070.1s | pag=2004 | files=1414 | data=1460 | cola=20455 | prio=10 | https://data.worldbank.org/indicator/VC.IHR.PSRC.P5?locations=BW
[FULL_17_BM] t=6085.5s | pag=2004 | files=1414 | data=1460 | cola=20454 | prio=10 | https://data.worldbank.org/indicator/SG.GEN.PARL.ZS?locations=BW
[FULL_17_BM] t=6101.4s | pag=2004 | files=1414 | data=1460 | cola=20453 | prio=10 | https://data.worldbank.org/indicator/GC.DOD.TOTL.GD.ZS?locations=BW
[FULL_17_BM] t=6102.9s | pag=2005 | files=1414 | data=1461 | cola=20461 | prio=10 | https://data.worldbank.org/indicator/IQ.SPI.OVRL?locations=BW
[FULL_17_BM] t=6118.3s | pag=2005 | files=1414 | data=1461 | cola=20460 | prio=10 | https://data.worldbank.org/indicator/BX.KLT.DINV.WD.GD.ZS?locations=BW
[FULL_17_BM] t=6119.6s | pag=2006 | files=1414 | data=1462 | cola=20467 | prio=10 | https://api.worldbank.org/v2/en/country/BWA?downloadformat=csv
[FULL_17_BM] t=6122.8s | pag=2006 | files=1415 | data=1462 | cola=20466 | prio=10 | https://api.worldbank.org/v2/en/country/BWA?downloadformat=xml
[FULL_17_BM] t=6126.3s | pag=2006 | files=1416 | data=1462 | cola=20465 | prio=10 | https://api.worldbank.org/v2/en/country/BWA?downloadformat=excel
[FULL_17_BM] t=6128.3s | pag=2006 | files=1416 | data=1462 | cola=20464 | prio=10 | http://databank.worldbank.org/data/reports.aspx?country=BWA&source=2
[FULL_17_BM] t=6144.9s | pag=2006 | files=1416 | data=1462 | cola=20463 | prio=10 | https://databank.worldbank.org/views/reports/reportwidget.aspx?Id=b450fd57&Report_Name=CountryProfile&country=BWA&dd=y&inf=n&tbar=y&zm=n
[FULL_17_BM] t=6161.4s | pag=2006 | files=1416 | data=1462 | cola=20462 | prio=10 | http://microdata.worldbank.org/index.php/catalog/431
[FULL_17_BM] t=6162.4s | pag=2007 | files=1416 | data=1463 | cola=20470 | prio=10 | http://microdata.worldbank.org/index.php/catalog/889
[FULL_17_BM] t=6163.4s | pag=2008 | files=1416 | data=1464 | cola=20477 | prio=10 | http://microdata.worldbank.org/index.php/catalog/1246
[FULL_17_BM] t=6164.2s | pag=2009 | files=1416 | data=1465 | cola=20486 | prio=10 | http://microdata.worldbank.org/index.php/catalog/?country%5B%5D=botswana
[FULL_17_BM] t=6166.7s | pag=2010 | files=1416 | data=1465 | cola=20492 | prio=10 | https://climateknowledgeportal.worldbank.org/country/Botswana/climate-data-historical
[FULL_17_BM] t=6167.5s | pag=2010 | files=1416 | data=1465 | cola=20491 | prio=10 | https://climateknowledgeportal.worldbank.org/country/botswana/climate-data-historical
[FULL_17_BM] t=6168.8s | pag=2010 | files=1416 | data=1465 | cola=20490 | prio=10 | https://data.worldbank.org/indicator/SP.DYN.LE00.IN?locations=BR
[FULL_17_BM] t=6169.6s | pag=2011 | files=1416 | data=1466 | cola=20498 | prio=10 | https://data.worldbank.org/indicator/SI.POV.DDAY?locations=BR
[FULL_17_BM] t=6170.1s | pag=2012 | files=1416 | data=1467 | cola=20506 | prio=10 | https://data.worldbank.org/indicator/SP.POP.TOTL?locations=BR
[FULL_17_BM] t=6170.8s | pag=2013 | files=1416 | data=1468 | cola=20513 | prio=10 | https://data.worldbank.org/indicator/SP.POP.GROW?locations=BR
[FULL_17_BM] t=6171.4s | pag=2014 | files=1416 | data=1469 | cola=20521 | prio=10 | https://data.worldbank.org/indicator/SM.POP.NETM?locations=BR
[FULL_17_BM] t=6172.3s | pag=2015 | files=1416 | data=1470 | cola=20529 | prio=10 | https://data.worldbank.org/indicator/HD.HCI.OVRL?locations=BR
[FULL_17_BM] t=6187.7s | pag=2015 | files=1416 | data=1470 | cola=20528 | prio=10 | https://data.worldbank.org/indicator/NY.GDP.MKTP.CD?locations=BR
[FULL_17_BM] t=6189.5s | pag=2016 | files=1416 | data=1471 | cola=20535 | prio=10 | https://data.worldbank.org/indicator/NY.GDP.PCAP.CD?locations=BR
[FULL_17_BM] t=6190.1s | pag=2017 | files=1416 | data=1472 | cola=20542 | prio=10 | https://data.worldbank.org/indicator/NY.GDP.MKTP.KD.ZG?locations=BR
[FULL_17_BM] t=6191.0s | pag=2018 | files=1416 | data=1473 | cola=20542 | prio=10 | https://data.worldbank.org/indicator/SL.UEM.TOTL.ZS?locations=BR
[FULL_17_BM] t=6191.5s | pag=2019 | files=1416 | data=1474 | cola=20550 | prio=10 | https://data.worldbank.org/indicator/FP.CPI.TOTL.ZG?locations=BR
[FULL_17_BM] DATASETS=1475 | exportable_data_page | https://data.worldbank.org/indicator/FP.CPI.TOTL.ZG?locations=BR
[FULL_17_BM] t=6192.1s | pag=2020 | files=1416 | data=1475 | cola=20558 | prio=10 | https://data.worldbank.org/indicator/BX.TRF.PWKR.DT.GD.ZS?locations=BR
[FULL_17_BM] t=6207.8s | pag=2020 | files=1416 | data=1475 | cola=20557 | prio=10 | https://data.worldbank.org/indicator/EG.ELC.ACCS.ZS?locations=BR
[FULL_17_BM] t=6209.2s | pag=2021 | files=1416 | data=1476 | cola=20565 | prio=10 | https://data.worldbank.org/indicator/AG.LND.FRST.ZS?locations=BR
[FULL_17_BM] t=6209.8s | pag=2022 | files=1416 | data=1477 | cola=20573 | prio=10 | https://data.worldbank.org/indicator/EN.GHG.CO2.PC.CE.AR5?locations=BR
[FULL_17_BM] t=6210.5s | pag=2023 | files=1416 | data=1478 | cola=20581 | prio=10 | https://data.worldbank.org/indicator/ER.H2O.FWTL.ZS?locations=BR
[FULL_17_BM] t=6211.1s | pag=2024 | files=1416 | data=1479 | cola=20589 | prio=10 | https://data.worldbank.org/indicator/EG.ELC.RNWX.ZS?locations=BR
[FULL_17_BM] t=6211.7s | pag=2025 | files=1416 | data=1480 | cola=20590 | prio=10 | https://data.worldbank.org/indicator/SH.STA.SMSS.ZS?locations=BR
[FULL_17_BM] t=6212.7s | pag=2026 | files=1416 | data=1481 | cola=20598 | prio=10 | https://data.worldbank.org/indicator/IT.NET.USER.ZS?locations=BR
[FULL_17_BM] t=6213.6s | pag=2027 | files=1416 | data=1482 | cola=20606 | prio=10 | https://data.worldbank.org/indicator/VC.IHR.PSRC.P5?locations=BR
[FULL_17_BM] t=6214.5s | pag=2028 | files=1416 | data=1483 | cola=20611 | prio=10 | https://data.worldbank.org/indicator/SG.GEN.PARL.ZS?locations=BR
[FULL_17_BM] t=6215.2s | pag=2029 | files=1416 | data=1484 | cola=20619 | prio=10 | https://data.worldbank.org/indicator/GC.DOD.TOTL.GD.ZS?locations=BR
[FULL_17_BM] t=6215.7s | pag=2030 | files=1416 | data=1485 | cola=20627 | prio=10 | https://data.worldbank.org/indicator/IQ.SPI.OVRL?locations=BR
[FULL_17_BM] t=6216.6s | pag=2031 | files=1416 | data=1486 | cola=20635 | prio=10 | https://data.worldbank.org/indicator/BX.KLT.DINV.WD.GD.ZS?locations=BR
[FULL_17_BM] t=6217.1s | pag=2032 | files=1416 | data=1487 | cola=20643 | prio=10 | https://api.worldbank.org/v2/en/country/BRA?downloadformat=csv
[FULL_17_BM] t=6219.8s | pag=2032 | files=1417 | data=1487 | cola=20642 | prio=10 | https://api.worldbank.org/v2/en/country/BRA?downloadformat=xml
[FULL_17_BM] t=6222.7s | pag=2032 | files=1418 | data=1487 | cola=20641 | prio=10 | https://api.worldbank.org/v2/en/country/BRA?downloadformat=excel
[FULL_17_BM] t=6224.8s | pag=2032 | files=1418 | data=1487 | cola=20640 | prio=10 | http://databank.worldbank.org/data/reports.aspx?country=BRA&source=2
[FULL_17_BM] t=6227.6s | pag=2033 | files=1418 | data=1488 | cola=20639 | prio=10 | https://databank.worldbank.org/views/reports/reportwidget.aspx?Id=b450fd57&Report_Name=CountryProfile&country=BRA&dd=y&inf=n&tbar=y&zm=n
[FULL_17_BM] t=6228.8s | pag=2034 | files=1418 | data=1489 | cola=20638 | prio=10 | http://microdata.worldbank.org/index.php/catalog/5334
[FULL_17_BM] t=6230.1s | pag=2035 | files=1418 | data=1490 | cola=20645 | prio=10 | http://microdata.worldbank.org/index.php/catalog/3848
[FULL_17_BM] t=6231.4s | pag=2036 | files=1418 | data=1491 | cola=20652 | prio=10 | http://microdata.worldbank.org/index.php/catalog/3804
[FULL_17_BM] t=6232.8s | pag=2037 | files=1418 | data=1492 | cola=20659 | prio=10 | http://microdata.worldbank.org/index.php/catalog/6285
[FULL_17_BM] t=6233.6s | pag=2038 | files=1418 | data=1493 | cola=20667 | prio=10 | http://microdata.worldbank.org/index.php/catalog/?country%5B%5D=brazil
[FULL_17_BM] t=6235.3s | pag=2039 | files=1418 | data=1493 | cola=20673 | prio=10 | https://climateknowledgeportal.worldbank.org/country/Brazil/climate-data-historical
[FULL_17_BM] t=6236.1s | pag=2039 | files=1418 | data=1493 | cola=20672 | prio=10 | https://climateknowledgeportal.worldbank.org/country/brazil/climate-data-historical
[FULL_17_BM] t=6237.8s | pag=2039 | files=1418 | data=1493 | cola=20671 | prio=10 | https://data.worldbank.org/indicator/SP.DYN.LE00.IN?locations=VG
[FULL_17_BM] t=6253.6s | pag=2039 | files=1418 | data=1493 | cola=20670 | prio=10 | https://data.worldbank.org/indicator/SI.POV.DDAY?locations=VG
[FULL_17_BM] t=6255.3s | pag=2040 | files=1418 | data=1494 | cola=20678 | prio=10 | https://data.worldbank.org/indicator/SP.POP.TOTL?locations=VG
[FULL_17_BM] t=6255.7s | pag=2041 | files=1418 | data=1495 | cola=20685 | prio=10 | https://data.worldbank.org/indicator/SP.POP.GROW?locations=VG
[FULL_17_BM] t=6271.3s | pag=2041 | files=1418 | data=1495 | cola=20684 | prio=10 | https://data.worldbank.org/indicator/SM.POP.NETM?locations=VG
[FULL_17_BM] t=6287.4s | pag=2041 | files=1418 | data=1495 | cola=20683 | prio=10 | https://data.worldbank.org/indicator/HD.HCI.OVRL?locations=VG
[FULL_17_BM] t=6303.5s | pag=2041 | files=1418 | data=1495 | cola=20682 | prio=10 | https://data.worldbank.org/indicator/NY.GDP.MKTP.CD?locations=VG
[FULL_17_BM] t=6304.8s | pag=2042 | files=1418 | data=1496 | cola=20689 | prio=10 | https://data.worldbank.org/indicator/NY.GDP.PCAP.CD?locations=VG
[FULL_17_BM] t=6305.6s | pag=2043 | files=1418 | data=1497 | cola=20696 | prio=10 | https://data.worldbank.org/indicator/NY.GDP.MKTP.KD.ZG?locations=VG
[FULL_17_BM] t=6306.0s | pag=2044 | files=1418 | data=1498 | cola=20696 | prio=10 | https://data.worldbank.org/indicator/SL.UEM.TOTL.ZS?locations=VG
[FULL_17_BM] t=6306.8s | pag=2045 | files=1418 | data=1499 | cola=20704 | prio=10 | https://data.worldbank.org/indicator/FP.CPI.TOTL.ZG?locations=VG
[FULL_17_BM] t=6322.3s | pag=2045 | files=1418 | data=1499 | cola=20703 | prio=10 | https://data.worldbank.org/indicator/BX.TRF.PWKR.DT.GD.ZS?locations=VG
[FULL_17_BM] DATASETS=1500 | exportable_data_page | https://data.worldbank.org/indicator/BX.TRF.PWKR.DT.GD.ZS?locations=VG
[FULL_17_BM] t=6324.0s | pag=2046 | files=1418 | data=1500 | cola=20711 | prio=10 | https://data.worldbank.org/indicator/EG.ELC.ACCS.ZS?locations=VG
[FULL_17_BM] t=6324.4s | pag=2047 | files=1418 | data=1501 | cola=20719 | prio=10 | https://data.worldbank.org/indicator/AG.LND.FRST.ZS?locations=VG
[FULL_17_BM] t=6340.1s | pag=2047 | files=1418 | data=1501 | cola=20718 | prio=10 | https://data.worldbank.org/indicator/EN.GHG.CO2.PC.CE.AR5?locations=VG
[FULL_17_BM] t=6356.3s | pag=2047 | files=1418 | data=1501 | cola=20717 | prio=10 | https://data.worldbank.org/indicator/ER.H2O.FWTL.ZS?locations=VG
[FULL_17_BM] t=6372.1s | pag=2047 | files=1418 | data=1501 | cola=20716 | prio=10 | https://data.worldbank.org/indicator/EG.ELC.RNWX.ZS?locations=VG
[FULL_17_BM] t=6388.2s | pag=2047 | files=1418 | data=1501 | cola=20715 | prio=10 | https://data.worldbank.org/indicator/SH.STA.SMSS.ZS?locations=VG
[FULL_17_BM] t=6389.3s | pag=2048 | files=1418 | data=1502 | cola=20723 | prio=10 | https://data.worldbank.org/indicator/IT.NET.USER.ZS?locations=VG
[FULL_17_BM] t=6389.7s | pag=2049 | files=1418 | data=1503 | cola=20731 | prio=10 | https://data.worldbank.org/indicator/VC.IHR.PSRC.P5?locations=VG
[FULL_17_BM] t=6405.0s | pag=2049 | files=1418 | data=1503 | cola=20730 | prio=10 | https://data.worldbank.org/indicator/SG.GEN.PARL.ZS?locations=VG
[FULL_17_BM] t=6406.5s | pag=2050 | files=1418 | data=1504 | cola=20738 | prio=10 | https://data.worldbank.org/indicator/GC.DOD.TOTL.GD.ZS?locations=VG
[FULL_17_BM] t=6422.1s | pag=2050 | files=1418 | data=1504 | cola=20737 | prio=10 | https://data.worldbank.org/indicator/IQ.SPI.OVRL?locations=VG
[FULL_17_BM] t=6438.2s | pag=2050 | files=1418 | data=1504 | cola=20736 | prio=10 | https://data.worldbank.org/indicator/BX.KLT.DINV.WD.GD.ZS?locations=VG
[FULL_17_BM] t=6454.6s | pag=2050 | files=1418 | data=1504 | cola=20735 | prio=10 | https://api.worldbank.org/v2/en/country/VGB?downloadformat=csv
[FULL_17_BM] t=6458.0s | pag=2050 | files=1419 | data=1504 | cola=20734 | prio=10 | https://api.worldbank.org/v2/en/country/VGB?downloadformat=xml
[FULL_17_BM] t=6461.1s | pag=2050 | files=1420 | data=1504 | cola=20733 | prio=10 | https://api.worldbank.org/v2/en/country/VGB?downloadformat=excel
[FULL_17_BM] t=6462.8s | pag=2050 | files=1420 | data=1504 | cola=20732 | prio=10 | http://databank.worldbank.org/data/reports.aspx?country=VGB&source=2
[FULL_17_BM] t=6465.3s | pag=2051 | files=1420 | data=1505 | cola=20731 | prio=10 | https://databank.worldbank.org/views/reports/reportwidget.aspx?Id=b450fd57&Report_Name=CountryProfile&country=VGB&dd=y&inf=n&tbar=y&zm=n
[FULL_17_BM] t=6466.6s | pag=2052 | files=1420 | data=1506 | cola=20730 | prio=10 | https://climateknowledgeportal.worldbank.org/country/British Virgin Islands/climate-data-historical
[FULL_17_BM] t=6467.5s | pag=2052 | files=1420 | data=1506 | cola=20729 | prio=10 | https://climateknowledgeportal.worldbank.org/country/british virgin islands/climate-data-historical
[FULL_17_BM] t=6468.8s | pag=2052 | files=1420 | data=1506 | cola=20728 | prio=10 | https://data.worldbank.org/indicator/SP.DYN.LE00.IN?locations=BN
[FULL_17_BM] t=6470.4s | pag=2053 | files=1420 | data=1507 | cola=20736 | prio=10 | https://data.worldbank.org/indicator/SI.POV.DDAY?locations=BN
[FULL_17_BM] t=6471.4s | pag=2054 | files=1420 | data=1508 | cola=20744 | prio=10 | https://data.worldbank.org/indicator/SP.POP.TOTL?locations=BN
[FULL_17_BM] t=6472.1s | pag=2055 | files=1420 | data=1509 | cola=20751 | prio=10 | https://data.worldbank.org/indicator/SP.POP.GROW?locations=BN
[FULL_17_BM] t=6472.8s | pag=2056 | files=1420 | data=1510 | cola=20759 | prio=10 | https://data.worldbank.org/indicator/SM.POP.NETM?locations=BN
[FULL_17_BM] t=6473.6s | pag=2057 | files=1420 | data=1511 | cola=20767 | prio=10 | https://data.worldbank.org/indicator/HD.HCI.OVRL?locations=BN
[FULL_17_BM] t=6489.0s | pag=2057 | files=1420 | data=1511 | cola=20766 | prio=10 | https://data.worldbank.org/indicator/NY.GDP.MKTP.CD?locations=BN
[FULL_17_BM] t=6490.2s | pag=2058 | files=1420 | data=1512 | cola=20773 | prio=10 | https://data.worldbank.org/indicator/NY.GDP.PCAP.CD?locations=BN
[FULL_17_BM] t=6490.8s | pag=2059 | files=1420 | data=1513 | cola=20780 | prio=10 | https://data.worldbank.org/indicator/NY.GDP.MKTP.KD.ZG?locations=BN
[FULL_17_BM] t=6491.4s | pag=2060 | files=1420 | data=1514 | cola=20780 | prio=10 | https://data.worldbank.org/indicator/SL.UEM.TOTL.ZS?locations=BN
[FULL_17_BM] t=6492.2s | pag=2061 | files=1420 | data=1515 | cola=20788 | prio=10 | https://data.worldbank.org/indicator/FP.CPI.TOTL.ZG?locations=BN
[FULL_17_BM] t=6492.9s | pag=2062 | files=1420 | data=1516 | cola=20796 | prio=10 | https://data.worldbank.org/indicator/BX.TRF.PWKR.DT.GD.ZS?locations=BN
[FULL_17_BM] t=6493.5s | pag=2063 | files=1420 | data=1517 | cola=20804 | prio=10 | https://data.worldbank.org/indicator/EG.ELC.ACCS.ZS?locations=BN
[FULL_17_BM] t=6494.4s | pag=2064 | files=1420 | data=1518 | cola=20812 | prio=10 | https://data.worldbank.org/indicator/AG.LND.FRST.ZS?locations=BN
[FULL_17_BM] t=6495.3s | pag=2065 | files=1420 | data=1519 | cola=20820 | prio=10 | https://data.worldbank.org/indicator/EN.GHG.CO2.PC.CE.AR5?locations=BN
[FULL_17_BM] t=6495.7s | pag=2066 | files=1420 | data=1520 | cola=20828 | prio=10 | https://data.worldbank.org/indicator/ER.H2O.FWTL.ZS?locations=BN
[FULL_17_BM] t=6511.4s | pag=2066 | files=1420 | data=1520 | cola=20827 | prio=10 | https://data.worldbank.org/indicator/EG.ELC.RNWX.ZS?locations=BN
[FULL_17_BM] t=6512.6s | pag=2067 | files=1420 | data=1521 | cola=20828 | prio=10 | https://data.worldbank.org/indicator/SH.STA.SMSS.ZS?locations=BN
[FULL_17_BM] t=6513.0s | pag=2068 | files=1420 | data=1522 | cola=20836 | prio=10 | https://data.worldbank.org/indicator/IT.NET.USER.ZS?locations=BN
[FULL_17_BM] t=6513.6s | pag=2069 | files=1420 | data=1523 | cola=20844 | prio=10 | https://data.worldbank.org/indicator/VC.IHR.PSRC.P5?locations=BN
[FULL_17_BM] t=6514.4s | pag=2070 | files=1420 | data=1524 | cola=20849 | prio=10 | https://data.worldbank.org/indicator/SG.GEN.PARL.ZS?locations=BN
[FULL_17_BM] t=6530.1s | pag=2070 | files=1420 | data=1524 | cola=20848 | prio=10 | https://data.worldbank.org/indicator/GC.DOD.TOTL.GD.ZS?locations=BN
[FULL_17_BM] t=6531.5s | pag=2070 | files=1420 | data=1524 | cola=20847 | prio=10 | https://data.worldbank.org/indicator/IQ.SPI.OVRL?locations=BN
[FULL_17_BM] t=6547.6s | pag=2070 | files=1420 | data=1524 | cola=20846 | prio=10 | https://data.worldbank.org/indicator/BX.KLT.DINV.WD.GD.ZS?locations=BN
[FULL_17_BM] t=6563.7s | pag=2070 | files=1420 | data=1524 | cola=20845 | prio=10 | https://api.worldbank.org/v2/en/country/BRN?downloadformat=csv
[FULL_17_BM] t=6567.2s | pag=2070 | files=1421 | data=1524 | cola=20844 | prio=10 | https://api.worldbank.org/v2/en/country/BRN?downloadformat=xml
[FULL_17_BM] t=6570.3s | pag=2070 | files=1422 | data=1524 | cola=20843 | prio=10 | https://api.worldbank.org/v2/en/country/BRN?downloadformat=excel
[FULL_17_BM] t=6571.4s | pag=2070 | files=1422 | data=1524 | cola=20842 | prio=10 | http://databank.worldbank.org/data/reports.aspx?country=BRN&source=2
[FULL_17_BM] DATASETS=1525 | data_html_table | https://databank.worldbank.org/reports.aspx?country=BRN&source=2
[FULL_17_BM] t=6573.9s | pag=2071 | files=1422 | data=1525 | cola=20841 | prio=10 | https://databank.worldbank.org/views/reports/reportwidget.aspx?Id=b450fd57&Report_Name=CountryProfile&country=BRN&dd=y&inf=n&tbar=y&zm=n
[FULL_17_BM] t=6575.4s | pag=2072 | files=1422 | data=1526 | cola=20840 | prio=10 | https://climateknowledgeportal.worldbank.org/country/Brunei Darussalam/climate-data-historical
[FULL_17_BM] t=6576.5s | pag=2072 | files=1422 | data=1526 | cola=20839 | prio=10 | https://climateknowledgeportal.worldbank.org/country/brunei darussalam/climate-data-historical
[FULL_17_BM] t=6577.9s | pag=2072 | files=1422 | data=1526 | cola=20838 | prio=10 | https://data.worldbank.org/indicator/SP.DYN.LE00.IN?locations=BG
[FULL_17_BM] t=6579.5s | pag=2073 | files=1422 | data=1527 | cola=20846 | prio=10 | https://data.worldbank.org/indicator/SI.POV.DDAY?locations=BG
[FULL_17_BM] t=6580.7s | pag=2074 | files=1422 | data=1528 | cola=20854 | prio=10 | https://data.worldbank.org/indicator/SP.POP.TOTL?locations=BG
[FULL_17_BM] t=6581.0s | pag=2075 | files=1422 | data=1529 | cola=20861 | prio=10 | https://data.worldbank.org/indicator/SP.POP.GROW?locations=BG
[FULL_17_BM] t=6581.5s | pag=2076 | files=1422 | data=1530 | cola=20869 | prio=10 | https://data.worldbank.org/indicator/SM.POP.NETM?locations=BG
[FULL_17_BM] t=6596.8s | pag=2076 | files=1422 | data=1530 | cola=20868 | prio=10 | https://data.worldbank.org/indicator/HD.HCI.OVRL?locations=BG
[FULL_17_BM] t=6598.2s | pag=2077 | files=1422 | data=1531 | cola=20868 | prio=10 | https://data.worldbank.org/indicator/NY.GDP.MKTP.CD?locations=BG
[FULL_17_BM] t=6599.0s | pag=2078 | files=1422 | data=1532 | cola=20875 | prio=10 | https://data.worldbank.org/indicator/NY.GDP.PCAP.CD?locations=BG
[FULL_17_BM] t=6599.7s | pag=2079 | files=1422 | data=1533 | cola=20882 | prio=10 | https://data.worldbank.org/indicator/NY.GDP.MKTP.KD.ZG?locations=BG
[FULL_17_BM] t=6600.1s | pag=2080 | files=1422 | data=1534 | cola=20882 | prio=10 | https://data.worldbank.org/indicator/SL.UEM.TOTL.ZS?locations=BG
[FULL_17_BM] t=6601.0s | pag=2080 | files=1422 | data=1534 | cola=20881 | prio=10 | https://data.worldbank.org/indicator/FP.CPI.TOTL.ZG?locations=BG
[FULL_17_BM] t=6602.5s | pag=2081 | files=1422 | data=1535 | cola=20889 | prio=10 | https://data.worldbank.org/indicator/BX.TRF.PWKR.DT.GD.ZS?locations=BG
[FULL_17_BM] t=6603.2s | pag=2081 | files=1422 | data=1535 | cola=20888 | prio=10 | https://data.worldbank.org/indicator/EG.ELC.ACCS.ZS?locations=BG
[FULL_17_BM] t=6619.6s | pag=2081 | files=1422 | data=1535 | cola=20887 | prio=10 | https://data.worldbank.org/indicator/AG.LND.FRST.ZS?locations=BG
[FULL_17_BM] t=6635.9s | pag=2081 | files=1422 | data=1535 | cola=20886 | prio=10 | https://data.worldbank.org/indicator/EN.GHG.CO2.PC.CE.AR5?locations=BG
[FULL_17_BM] t=6637.6s | pag=2082 | files=1422 | data=1536 | cola=20894 | prio=10 | https://data.worldbank.org/indicator/ER.H2O.FWTL.ZS?locations=BG
[FULL_17_BM] t=6653.2s | pag=2082 | files=1422 | data=1536 | cola=20893 | prio=10 | https://data.worldbank.org/indicator/EG.ELC.RNWX.ZS?locations=BG
[FULL_17_BM] t=6654.4s | pag=2083 | files=1422 | data=1537 | cola=20900 | prio=10 | https://data.worldbank.org/indicator/SH.STA.SMSS.ZS?locations=BG
[FULL_17_BM] t=6654.8s | pag=2084 | files=1422 | data=1538 | cola=20908 | prio=10 | https://data.worldbank.org/indicator/IT.NET.USER.ZS?locations=BG
[FULL_17_BM] t=6655.2s | pag=2084 | files=1422 | data=1538 | cola=20907 | prio=10 | https://data.worldbank.org/indicator/VC.IHR.PSRC.P5?locations=BG
[FULL_17_BM] t=6656.6s | pag=2085 | files=1422 | data=1539 | cola=20912 | prio=10 | https://data.worldbank.org/indicator/SG.GEN.PARL.ZS?locations=BG
[FULL_17_BM] t=6657.4s | pag=2086 | files=1422 | data=1540 | cola=20920 | prio=10 | https://data.worldbank.org/indicator/GC.DOD.TOTL.GD.ZS?locations=BG
[FULL_17_BM] t=6657.8s | pag=2087 | files=1422 | data=1541 | cola=20928 | prio=10 | https://data.worldbank.org/indicator/IQ.SPI.OVRL?locations=BG
[FULL_17_BM] t=6673.5s | pag=2087 | files=1422 | data=1541 | cola=20927 | prio=10 | https://data.worldbank.org/indicator/BX.KLT.DINV.WD.GD.ZS?locations=BG
[FULL_17_BM] t=6689.7s | pag=2087 | files=1422 | data=1541 | cola=20926 | prio=10 | https://api.worldbank.org/v2/en/country/BGR?downloadformat=csv
[FULL_17_BM] t=6692.9s | pag=2087 | files=1423 | data=1541 | cola=20925 | prio=10 | https://api.worldbank.org/v2/en/country/BGR?downloadformat=xml
[FULL_17_BM] t=6696.7s | pag=2087 | files=1424 | data=1541 | cola=20924 | prio=10 | https://api.worldbank.org/v2/en/country/BGR?downloadformat=excel
[FULL_17_BM] t=6698.5s | pag=2087 | files=1424 | data=1541 | cola=20923 | prio=10 | http://databank.worldbank.org/data/reports.aspx?country=BGR&source=2
[FULL_17_BM] t=6700.7s | pag=2088 | files=1424 | data=1542 | cola=20922 | prio=10 | https://databank.worldbank.org/views/reports/reportwidget.aspx?Id=b450fd57&Report_Name=CountryProfile&country=BGR&dd=y&inf=n&tbar=y&zm=n
[FULL_17_BM] t=6701.9s | pag=2089 | files=1424 | data=1543 | cola=20921 | prio=10 | http://microdata.worldbank.org/index.php/catalog/6636
[FULL_17_BM] t=6703.5s | pag=2090 | files=1424 | data=1544 | cola=20926 | prio=10 | http://microdata.worldbank.org/index.php/catalog/8087
[FULL_17_BM] t=6704.7s | pag=2091 | files=1424 | data=1545 | cola=20932 | prio=10 | http://microdata.worldbank.org/index.php/catalog/6582
[FULL_17_BM] t=6705.8s | pag=2092 | files=1424 | data=1546 | cola=20939 | prio=10 | http://microdata.worldbank.org/index.php/catalog/6581
[FULL_17_BM] t=6707.2s | pag=2093 | files=1424 | data=1547 | cola=20946 | prio=10 | http://microdata.worldbank.org/index.php/catalog/?country%5B%5D=bulgaria
[FULL_17_BM] t=6709.4s | pag=2094 | files=1424 | data=1547 | cola=20952 | prio=10 | https://climateknowledgeportal.worldbank.org/country/Bulgaria/climate-data-historical
[FULL_17_BM] t=6709.9s | pag=2094 | files=1424 | data=1547 | cola=20951 | prio=10 | https://climateknowledgeportal.worldbank.org/country/bulgaria/climate-data-historical
[FULL_17_BM] t=6711.6s | pag=2094 | files=1424 | data=1547 | cola=20950 | prio=10 | https://data.worldbank.org/indicator/SP.DYN.LE00.IN?locations=BF
[FULL_17_BM] t=6713.2s | pag=2095 | files=1424 | data=1548 | cola=20958 | prio=10 | https://data.worldbank.org/indicator/SI.POV.DDAY?locations=BF
[FULL_17_BM] t=6713.7s | pag=2095 | files=1424 | data=1548 | cola=20957 | prio=10 | https://data.worldbank.org/indicator/SP.POP.TOTL?locations=BF
[FULL_17_BM] t=6715.3s | pag=2096 | files=1424 | data=1549 | cola=20964 | prio=10 | https://data.worldbank.org/indicator/SP.POP.GROW?locations=BF
[FULL_17_BM] DATASETS=1550 | exportable_data_page | https://data.worldbank.org/indicator/SP.POP.GROW?locations=BF
[FULL_17_BM] t=6715.9s | pag=2097 | files=1424 | data=1550 | cola=20972 | prio=10 | https://data.worldbank.org/indicator/SM.POP.NETM?locations=BF
[FULL_17_BM] t=6716.8s | pag=2098 | files=1424 | data=1551 | cola=20980 | prio=10 | https://data.worldbank.org/indicator/HD.HCI.OVRL?locations=BF
[FULL_17_BM] t=6732.4s | pag=2098 | files=1424 | data=1551 | cola=20979 | prio=10 | https://data.worldbank.org/indicator/NY.GDP.MKTP.CD?locations=BF
[FULL_17_BM] t=6748.6s | pag=2098 | files=1424 | data=1551 | cola=20978 | prio=10 | https://data.worldbank.org/indicator/NY.GDP.PCAP.CD?locations=BF
[FULL_17_BM] t=6750.0s | pag=2099 | files=1424 | data=1552 | cola=20986 | prio=10 | https://data.worldbank.org/indicator/NY.GDP.MKTP.KD.ZG?locations=BF
[FULL_17_BM] t=6750.3s | pag=2100 | files=1424 | data=1553 | cola=20992 | prio=10 | https://data.worldbank.org/indicator/SL.UEM.TOTL.ZS?locations=BF
[FULL_17_BM] t=6750.7s | pag=2101 | files=1424 | data=1554 | cola=21000 | prio=10 | https://data.worldbank.org/indicator/FP.CPI.TOTL.ZG?locations=BF
[FULL_17_BM] t=6751.7s | pag=2102 | files=1424 | data=1555 | cola=21008 | prio=10 | https://data.worldbank.org/indicator/BX.TRF.PWKR.DT.GD.ZS?locations=BF
[FULL_17_BM] t=6752.1s | pag=2103 | files=1424 | data=1556 | cola=21016 | prio=10 | https://data.worldbank.org/indicator/EG.ELC.ACCS.ZS?locations=BF
[FULL_17_BM] t=6752.9s | pag=2104 | files=1424 | data=1557 | cola=21024 | prio=10 | https://data.worldbank.org/indicator/AG.LND.FRST.ZS?locations=BF
[FULL_17_BM] t=6753.6s | pag=2105 | files=1424 | data=1558 | cola=21032 | prio=10 | https://data.worldbank.org/indicator/EN.GHG.CO2.PC.CE.AR5?locations=BF
[FULL_17_BM] t=6754.1s | pag=2106 | files=1424 | data=1559 | cola=21040 | prio=10 | https://data.worldbank.org/indicator/ER.H2O.FWTL.ZS?locations=BF
[FULL_17_BM] t=6769.5s | pag=2106 | files=1424 | data=1559 | cola=21039 | prio=10 | https://data.worldbank.org/indicator/EG.ELC.RNWX.ZS?locations=BF
[FULL_17_BM] t=6771.3s | pag=2107 | files=1424 | data=1560 | cola=21040 | prio=10 | https://data.worldbank.org/indicator/SH.STA.SMSS.ZS?locations=BF
[FULL_17_BM] t=6786.8s | pag=2107 | files=1424 | data=1560 | cola=21039 | prio=10 | https://data.worldbank.org/indicator/IT.NET.USER.ZS?locations=BF
[FULL_17_BM] t=6787.9s | pag=2108 | files=1424 | data=1561 | cola=21047 | prio=10 | https://data.worldbank.org/indicator/VC.IHR.PSRC.P5?locations=BF
[FULL_17_BM] t=6788.6s | pag=2109 | files=1424 | data=1562 | cola=21052 | prio=10 | https://data.worldbank.org/indicator/SG.GEN.PARL.ZS?locations=BF
[FULL_17_BM] t=6789.2s | pag=2110 | files=1424 | data=1563 | cola=21060 | prio=10 | https://data.worldbank.org/indicator/GC.DOD.TOTL.GD.ZS?locations=BF
[FULL_17_BM] t=6789.7s | pag=2111 | files=1424 | data=1564 | cola=21068 | prio=10 | https://data.worldbank.org/indicator/IQ.SPI.OVRL?locations=BF
[FULL_17_BM] t=6790.2s | pag=2112 | files=1424 | data=1565 | cola=21076 | prio=10 | https://data.worldbank.org/indicator/BX.KLT.DINV.WD.GD.ZS?locations=BF
[FULL_17_BM] t=6790.9s | pag=2113 | files=1424 | data=1566 | cola=21083 | prio=10 | https://api.worldbank.org/v2/en/country/BFA?downloadformat=csv
[FULL_17_BM] t=6794.0s | pag=2113 | files=1425 | data=1566 | cola=21082 | prio=10 | https://api.worldbank.org/v2/en/country/BFA?downloadformat=xml
[FULL_17_BM] t=6796.8s | pag=2113 | files=1426 | data=1566 | cola=21081 | prio=10 | https://api.worldbank.org/v2/en/country/BFA?downloadformat=excel
[FULL_17_BM] t=6798.5s | pag=2113 | files=1426 | data=1566 | cola=21080 | prio=10 | http://databank.worldbank.org/data/reports.aspx?country=BFA&source=2
[FULL_17_BM] t=6814.2s | pag=2113 | files=1426 | data=1566 | cola=21079 | prio=10 | https://databank.worldbank.org/views/reports/reportwidget.aspx?Id=b450fd57&Report_Name=CountryProfile&country=BFA&dd=y&inf=n&tbar=y&zm=n
[FULL_17_BM] t=6830.7s | pag=2113 | files=1426 | data=1566 | cola=21078 | prio=10 | http://microdata.worldbank.org/index.php/catalog/7878
[FULL_17_BM] t=6832.2s | pag=2114 | files=1426 | data=1567 | cola=21085 | prio=10 | http://microdata.worldbank.org/index.php/catalog/6673
[FULL_17_BM] t=6833.1s | pag=2115 | files=1426 | data=1568 | cola=21092 | prio=10 | http://microdata.worldbank.org/index.php/catalog/?country%5B%5D=burkina+faso
[FULL_17_BM] t=6834.6s | pag=2116 | files=1426 | data=1568 | cola=21098 | prio=10 | https://climateknowledgeportal.worldbank.org/country/Burkina Faso/climate-data-historical
[FULL_17_BM] t=6835.2s | pag=2116 | files=1426 | data=1568 | cola=21097 | prio=10 | https://climateknowledgeportal.worldbank.org/country/burkina faso/climate-data-historical
[FULL_17_BM] t=6836.6s | pag=2116 | files=1426 | data=1568 | cola=21096 | prio=10 | https://data.worldbank.org/indicator/SP.DYN.LE00.IN?locations=BI
[FULL_17_BM] t=6837.5s | pag=2116 | files=1426 | data=1568 | cola=21095 | prio=10 | https://data.worldbank.org/indicator/SI.POV.DDAY?locations=BI
[FULL_17_BM] t=6839.0s | pag=2116 | files=1426 | data=1568 | cola=21094 | prio=10 | https://data.worldbank.org/indicator/SP.POP.TOTL?locations=BI
[FULL_17_BM] t=6840.9s | pag=2117 | files=1426 | data=1569 | cola=21101 | prio=10 | https://data.worldbank.org/indicator/SP.POP.GROW?locations=BI
[FULL_17_BM] t=6841.4s | pag=2118 | files=1426 | data=1570 | cola=21109 | prio=10 | https://data.worldbank.org/indicator/SM.POP.NETM?locations=BI
[FULL_17_BM] t=6841.9s | pag=2119 | files=1426 | data=1571 | cola=21117 | prio=10 | https://data.worldbank.org/indicator/HD.HCI.OVRL?locations=BI
[FULL_17_BM] t=6857.6s | pag=2119 | files=1426 | data=1571 | cola=21116 | prio=10 | https://data.worldbank.org/indicator/NY.GDP.MKTP.CD?locations=BI
[FULL_17_BM] t=6859.6s | pag=2120 | files=1426 | data=1572 | cola=21123 | prio=10 | https://data.worldbank.org/indicator/NY.GDP.PCAP.CD?locations=BI
[FULL_17_BM] t=6860.1s | pag=2121 | files=1426 | data=1573 | cola=21130 | prio=10 | https://data.worldbank.org/indicator/NY.GDP.MKTP.KD.ZG?locations=BI
[FULL_17_BM] t=6860.6s | pag=2122 | files=1426 | data=1574 | cola=21130 | prio=10 | https://data.worldbank.org/indicator/SL.UEM.TOTL.ZS?locations=BI
[FULL_17_BM] DATASETS=1575 | exportable_data_page | https://data.worldbank.org/indicator/SL.UEM.TOTL.ZS?locations=BI
[FULL_17_BM] t=6861.3s | pag=2123 | files=1426 | data=1575 | cola=21138 | prio=10 | https://data.worldbank.org/indicator/FP.CPI.TOTL.ZG?locations=BI
[FULL_17_BM] t=6862.0s | pag=2124 | files=1426 | data=1576 | cola=21146 | prio=10 | https://data.worldbank.org/indicator/BX.TRF.PWKR.DT.GD.ZS?locations=BI
[FULL_17_BM] t=6877.4s | pag=2124 | files=1426 | data=1576 | cola=21145 | prio=10 | https://data.worldbank.org/indicator/EG.ELC.ACCS.ZS?locations=BI
[FULL_17_BM] t=6879.3s | pag=2125 | files=1426 | data=1577 | cola=21153 | prio=10 | https://data.worldbank.org/indicator/AG.LND.FRST.ZS?locations=BI
[FULL_17_BM] t=6894.8s | pag=2125 | files=1426 | data=1577 | cola=21152 | prio=10 | https://data.worldbank.org/indicator/EN.GHG.CO2.PC.CE.AR5?locations=BI
[FULL_17_BM] t=6896.6s | pag=2126 | files=1426 | data=1578 | cola=21160 | prio=10 | https://data.worldbank.org/indicator/ER.H2O.FWTL.ZS?locations=BI
[FULL_17_BM] t=6911.8s | pag=2126 | files=1426 | data=1578 | cola=21159 | prio=10 | https://data.worldbank.org/indicator/EG.ELC.RNWX.ZS?locations=BI
[FULL_17_BM] t=6928.1s | pag=2126 | files=1426 | data=1578 | cola=21158 | prio=10 | https://data.worldbank.org/indicator/SH.STA.SMSS.ZS?locations=BI
[FULL_17_BM] t=6944.1s | pag=2126 | files=1426 | data=1578 | cola=21157 | prio=10 | https://data.worldbank.org/indicator/IT.NET.USER.ZS?locations=BI
[FULL_17_BM] t=6945.4s | pag=2127 | files=1426 | data=1579 | cola=21165 | prio=10 | https://data.worldbank.org/indicator/VC.IHR.PSRC.P5?locations=BI
[FULL_17_BM] t=6961.0s | pag=2127 | files=1426 | data=1579 | cola=21164 | prio=10 | https://data.worldbank.org/indicator/SG.GEN.PARL.ZS?locations=BI
[FULL_17_BM] t=6962.6s | pag=2128 | files=1426 | data=1580 | cola=21172 | prio=10 | https://data.worldbank.org/indicator/GC.DOD.TOTL.GD.ZS?locations=BI
[FULL_17_BM] t=6963.5s | pag=2129 | files=1426 | data=1581 | cola=21180 | prio=10 | https://data.worldbank.org/indicator/IQ.SPI.OVRL?locations=BI
[FULL_17_BM] t=6978.8s | pag=2129 | files=1426 | data=1581 | cola=21179 | prio=10 | https://data.worldbank.org/indicator/BX.KLT.DINV.WD.GD.ZS?locations=BI
[FULL_17_BM] t=6995.1s | pag=2129 | files=1426 | data=1581 | cola=21178 | prio=10 | https://api.worldbank.org/v2/en/country/BDI?downloadformat=csv
[FULL_17_BM] t=6999.2s | pag=2129 | files=1427 | data=1581 | cola=21177 | prio=10 | https://api.worldbank.org/v2/en/country/BDI?downloadformat=xml
[FULL_17_BM] t=7002.5s | pag=2129 | files=1428 | data=1581 | cola=21176 | prio=10 | https://api.worldbank.org/v2/en/country/BDI?downloadformat=excel
[FULL_17_BM] t=7004.3s | pag=2129 | files=1428 | data=1581 | cola=21175 | prio=10 | http://databank.worldbank.org/data/reports.aspx?country=BDI&source=2
[FULL_17_BM] t=7007.6s | pag=2130 | files=1428 | data=1582 | cola=21174 | prio=10 | https://databank.worldbank.org/views/reports/reportwidget.aspx?Id=b450fd57&Report_Name=CountryProfile&country=BDI&dd=y&inf=n&tbar=y&zm=n
[FULL_17_BM] t=7009.2s | pag=2131 | files=1428 | data=1583 | cola=21173 | prio=10 | http://microdata.worldbank.org/index.php/catalog/8121
[FULL_17_BM] t=7010.6s | pag=2132 | files=1428 | data=1584 | cola=21180 | prio=10 | http://microdata.worldbank.org/index.php/catalog/6507
[FULL_17_BM] t=7011.6s | pag=2133 | files=1428 | data=1585 | cola=21187 | prio=10 | http://microdata.worldbank.org/index.php/catalog/6563
[FULL_17_BM] t=7012.8s | pag=2134 | files=1428 | data=1586 | cola=21194 | prio=10 | http://microdata.worldbank.org/index.php/catalog/?country%5B%5D=burundi
[FULL_17_BM] t=7014.4s | pag=2135 | files=1428 | data=1586 | cola=21199 | prio=10 | https://climateknowledgeportal.worldbank.org/country/Burundi/climate-data-historical
[FULL_17_BM] t=7015.2s | pag=2135 | files=1428 | data=1586 | cola=21198 | prio=10 | https://climateknowledgeportal.worldbank.org/country/burundi/climate-data-historical
[FULL_17_BM] t=7016.3s | pag=2135 | files=1428 | data=1586 | cola=21197 | prio=10 | https://data.worldbank.org/indicator/SP.DYN.LE00.IN?locations=CV
[FULL_17_BM] t=7017.9s | pag=2136 | files=1428 | data=1587 | cola=21205 | prio=10 | https://data.worldbank.org/indicator/SI.POV.DDAY?locations=CV
[FULL_17_BM] t=7018.2s | pag=2137 | files=1428 | data=1588 | cola=21213 | prio=10 | https://data.worldbank.org/indicator/SP.POP.TOTL?locations=CV
[FULL_17_BM] t=7018.7s | pag=2138 | files=1428 | data=1589 | cola=21220 | prio=10 | https://data.worldbank.org/indicator/SP.POP.GROW?locations=CV
[FULL_17_BM] t=7019.3s | pag=2139 | files=1428 | data=1590 | cola=21228 | prio=10 | https://data.worldbank.org/indicator/SM.POP.NETM?locations=CV
[FULL_17_BM] t=7034.7s | pag=2139 | files=1428 | data=1590 | cola=21227 | prio=10 | https://data.worldbank.org/indicator/HD.HCI.OVRL?locations=CV
[FULL_17_BM] t=7051.0s | pag=2139 | files=1428 | data=1590 | cola=21226 | prio=10 | https://data.worldbank.org/indicator/NY.GDP.MKTP.CD?locations=CV
[FULL_17_BM] t=7052.3s | pag=2140 | files=1428 | data=1591 | cola=21233 | prio=10 | https://data.worldbank.org/indicator/NY.GDP.PCAP.CD?locations=CV
[FULL_17_BM] t=7052.8s | pag=2141 | files=1428 | data=1592 | cola=21240 | prio=10 | https://data.worldbank.org/indicator/NY.GDP.MKTP.KD.ZG?locations=CV
[FULL_17_BM] t=7053.6s | pag=2142 | files=1428 | data=1593 | cola=21240 | prio=10 | https://data.worldbank.org/indicator/SL.UEM.TOTL.ZS?locations=CV
[FULL_17_BM] t=7054.2s | pag=2143 | files=1428 | data=1594 | cola=21248 | prio=10 | https://data.worldbank.org/indicator/FP.CPI.TOTL.ZG?locations=CV
[FULL_17_BM] t=7055.1s | pag=2144 | files=1428 | data=1595 | cola=21256 | prio=10 | https://data.worldbank.org/indicator/BX.TRF.PWKR.DT.GD.ZS?locations=CV
[FULL_17_BM] t=7055.8s | pag=2145 | files=1428 | data=1596 | cola=21264 | prio=10 | https://data.worldbank.org/indicator/EG.ELC.ACCS.ZS?locations=CV
[FULL_17_BM] t=7071.6s | pag=2145 | files=1428 | data=1596 | cola=21263 | prio=10 | https://data.worldbank.org/indicator/AG.LND.FRST.ZS?locations=CV
[FULL_17_BM] t=7073.2s | pag=2146 | files=1428 | data=1597 | cola=21271 | prio=10 | https://data.worldbank.org/indicator/EN.GHG.CO2.PC.CE.AR5?locations=CV
[FULL_17_BM] t=7088.7s | pag=2146 | files=1428 | data=1597 | cola=21270 | prio=10 | https://data.worldbank.org/indicator/ER.H2O.FWTL.ZS?locations=CV
[FULL_17_BM] t=7105.1s | pag=2146 | files=1428 | data=1597 | cola=21269 | prio=10 | https://data.worldbank.org/indicator/EG.ELC.RNWX.ZS?locations=CV
[FULL_17_BM] t=7106.6s | pag=2147 | files=1428 | data=1598 | cola=21276 | prio=10 | https://data.worldbank.org/indicator/SH.STA.SMSS.ZS?locations=CV
[FULL_17_BM] t=7122.1s | pag=2147 | files=1428 | data=1598 | cola=21275 | prio=10 | https://data.worldbank.org/indicator/IT.NET.USER.ZS?locations=CV
[FULL_17_BM] t=7123.7s | pag=2148 | files=1428 | data=1599 | cola=21283 | prio=10 | https://data.worldbank.org/indicator/VC.IHR.PSRC.P5?locations=CV
[FULL_17_BM] DATASETS=1600 | exportable_data_page | https://data.worldbank.org/indicator/VC.IHR.PSRC.P5?locations=CV
[FULL_17_BM] t=7124.1s | pag=2149 | files=1428 | data=1600 | cola=21288 | prio=10 | https://data.worldbank.org/indicator/SG.GEN.PARL.ZS?locations=CV
[FULL_17_BM] t=7139.4s | pag=2149 | files=1428 | data=1600 | cola=21287 | prio=10 | https://data.worldbank.org/indicator/GC.DOD.TOTL.GD.ZS?locations=CV
[FULL_17_BM] t=7156.1s | pag=2149 | files=1428 | data=1600 | cola=21286 | prio=10 | https://data.worldbank.org/indicator/IQ.SPI.OVRL?locations=CV
[FULL_17_BM] t=7172.2s | pag=2149 | files=1428 | data=1600 | cola=21285 | prio=10 | https://data.worldbank.org/indicator/BX.KLT.DINV.WD.GD.ZS?locations=CV
[FULL_17_BM] t=7188.6s | pag=2149 | files=1428 | data=1600 | cola=21284 | prio=10 | https://api.worldbank.org/v2/en/country/CPV?downloadformat=csv
[FULL_17_BM] t=7191.4s | pag=2149 | files=1429 | data=1600 | cola=21283 | prio=10 | https://api.worldbank.org/v2/en/country/CPV?downloadformat=xml
[FULL_17_BM] t=7194.7s | pag=2149 | files=1430 | data=1600 | cola=21282 | prio=10 | https://api.worldbank.org/v2/en/country/CPV?downloadformat=excel
[FULL_17_BM] t=7196.6s | pag=2149 | files=1430 | data=1600 | cola=21281 | prio=10 | http://databank.worldbank.org/data/reports.aspx?country=CPV&source=2

[BATCH] TIMEOUT DE FUENTE
