================================================================================
CRAWLER V2
================================================================================
Fuente: Comisión Económica para América Latina y el Caribe
URL configurada: https://www.cepal.org
Timeout HTTP: 15 s
Pausa HTTP:   aleatoria 0.30s - 0.90s


Resolución de fuente:
  Original: https://www.cepal.org
  Utilizada: https://www.cepal.org/
  Fallback: sí
  Intentos: 1
    - usable         | HTTP=200 | https://www.cepal.org/

URL de trabajo: https://www.cepal.org/
Seeds: 1
Máx páginas: 10000
Máx archivos: 100000
Máx profundidad: 20

[FULL_20_CEPAL] t=   0.0s | pag=  0 | files=   0 | data=  0 | cola=   0 | prio= 0 | https://www.cepal.org/
[FULL_20_CEPAL] DATASETS=1 | data_chart | https://www.cepal.org/
[FULL_20_CEPAL] t=   1.5s | pag=  1 | files=   0 | data=  1 | cola= 117 | prio=10 | https://www.cepal.org/es/areas-trabajo/estadisticas
[FULL_20_CEPAL] DATASETS=2 | data_chart | https://www.cepal.org/es/areas-trabajo/estadisticas
[FULL_20_CEPAL] t=   1.9s | pag=  2 | files=   0 | data=  2 | cola= 161 | prio=10 | https://www.cepal.org/es/publicaciones
[FULL_20_CEPAL] t=   2.7s | pag=  3 | files=   0 | data=  2 | cola= 201 | prio=10 | https://statistics.cepal.org/portal/cepalstat/index.html?lang=es
[FULL_20_CEPAL] t=   3.7s | pag=  4 | files=   0 | data=  2 | cola= 200 | prio=10 | https://statistics.cepal.org/
[FULL_20_CEPAL] t=   4.5s | pag=  5 | files=   0 | data=  2 | cola= 199 | prio=10 | https://repositorio.cepal.org/entities/publication/47abc7c1-89b3-4e89-a386-a9ca0a9a31c0
[FULL_20_CEPAL] t=   6.0s | pag=  6 | files=   0 | data=  2 | cola= 229 | prio=10 | https://www.cepal.org/es/eventos/xxv-reunion-comite-ejecutivo-la-conferencia-estadistica-americas-la-cepal
[FULL_20_CEPAL] DATASETS=3 | data_html_table | https://www.cepal.org/es/eventos/xxv-reunion-comite-ejecutivo-la-conferencia-estadistica-americas-la-cepal
[FULL_20_CEPAL] t=   6.8s | pag=  7 | files=   9 | data=  3 | cola= 234 | prio=10 | https://www.cepal.org/es/publicaciones/90268-estudio-economico-america-latina-caribe-2026-crecimiento-productividad-un
[FULL_20_CEPAL] t=   7.6s | pag=  8 | files=   9 | data=  3 | cola= 249 | prio=10 | https://www.cepal.org/es/publicaciones/90219-rupturas-oportunidades-propuestas-que-america-latina-caribe-prospere-la-nueva
[FULL_20_CEPAL] t=   8.5s | pag=  9 | files=   9 | data=  3 | cola= 264 | prio=10 | https://www.cepal.org/es/publicaciones/90189-impactos-america-latina-caribe-hostilidades-recientes-la-republica-islamica-iran
[FULL_20_CEPAL] t=   9.4s | pag= 10 | files=   9 | data=  3 | cola= 274 | prio=10 | https://www.cepal.org/es/publicaciones/87056-notas-poblacion-vol-53-ndeg-122
[FULL_20_CEPAL] DATASETS=4 | exportable_data_page | https://www.cepal.org/es/publicaciones/87056-notas-poblacion-vol-53-ndeg-122
[FULL_20_CEPAL] t=   9.9s | pag= 11 | files=   9 | data=  4 | cola= 304 | prio=10 | https://www.cepal.org/es/publicaciones/90154-la-inversion-extranjera-directa-america-latina-caribe-2026-navegando-nuevo
[FULL_20_CEPAL] t=  10.4s | pag= 12 | files=   9 | data=  4 | cola= 310 | prio=10 | https://www.cepal.org/es/publicaciones/90130-75-anos-la-sede-subregional-la-cepal-mexico-historia-logros-desafios
[FULL_20_CEPAL] t=  11.0s | pag= 13 | files=   9 | data=  4 | cola= 320 | prio=10 | https://www.cepal.org/es/publicaciones/90011-revista-cepal-148-50-anos-planteando-desafios-desarrollo-america-latina-caribe
[FULL_20_CEPAL] t=  11.7s | pag= 14 | files=   9 | data=  4 | cola= 335 | prio=10 | https://www.cepal.org/es/publicaciones/89986-estadisticas-tributarias-america-latina-caribe-2026
[FULL_20_CEPAL] t=  12.7s | pag= 15 | files=   9 | data=  4 | cola= 345 | prio=10 | https://statistics.cepal.org/portal/cepalstat/carousel-home-content.html?lang=es
[FULL_20_CEPAL] DATASETS=5 | data_chart | https://statistics.cepal.org/portal/cepalstat/carousel-home-content.html?lang=es
[FULL_20_CEPAL] t=  13.5s | pag= 16 | files=   9 | data=  5 | cola= 344 | prio=10 | https://www.cepal.org/es/temas/estadisticas-sociales
[FULL_20_CEPAL] t=  14.5s | pag= 17 | files=   9 | data=  5 | cola= 366 | prio=10 | https://www.cepal.org/es/temas/estadisticas-economicas
[FULL_20_CEPAL] t=  15.5s | pag= 18 | files=   9 | data=  5 | cola= 386 | prio=10 | https://www.cepal.org/es/temas/estadisticas-ambientales
[FULL_20_CEPAL] DATASETS=6 | data_chart | https://www.cepal.org/es/temas/estadisticas-ambientales
[FULL_20_CEPAL] t=  15.9s | pag= 19 | files=   9 | data=  6 | cola= 407 | prio=10 | https://www.cepal.org/es/temas/indicadores-objetivos-desarrollo-sostenible-ods
[FULL_20_CEPAL] DATASETS=7 | data_chart | https://www.cepal.org/es/temas/indicadores-objetivos-desarrollo-sostenible-ods
[FULL_20_CEPAL] t=  16.6s | pag= 20 | files=   9 | data=  7 | cola= 424 | prio=10 | https://www.cepal.org/es/temas/institucionalidad-estadistica
[FULL_20_CEPAL] DATASETS=8 | data_chart | https://www.cepal.org/es/temas/institucionalidad-estadistica
[FULL_20_CEPAL] t=  17.3s | pag= 21 | files=   9 | data=  8 | cola= 440 | prio=10 | https://www.cepal.org/es/eventos/taller-fortalecimiento-ideg-informacion-geoespacial-innovacion-territorial-infraestructura
[FULL_20_CEPAL] t=  17.9s | pag= 22 | files=  25 | data=  8 | cola= 441 | prio=10 | https://www.cepal.org/es/notas/cepal-participa-la-xx-version-jornadas-idera-infraestructura-datos-geoespaciales-la-republica
[FULL_20_CEPAL] t=  18.9s | pag= 23 | files=  25 | data=  8 | cola= 442 | prio=10 | https://www.cepal.org/es/notas/la-cepal-presenta-su-estrategia-regional-asistencia-tecnica-estadisticas-economicas-directores
[FULL_20_CEPAL] t=  19.4s | pag= 24 | files=  25 | data=  8 | cola= 445 | prio=10 | https://www.cepal.org/es/publicaciones/90121-estructura-productiva-dinamicas-recientes-actividades-servicios-america-latina
[FULL_20_CEPAL] t=  20.1s | pag= 25 | files=  25 | data=  8 | cola= 451 | prio=10 | https://www.cepal.org/es/listado/cepal_publication?work_area=8184
[FULL_20_CEPAL] t=  21.1s | pag= 26 | files=  25 | data=  8 | cola= 467 | prio=10 | https://www.cepal.org/es/areas-trabajo/estadisticas/acerca-estadisticas
[FULL_20_CEPAL] t=  21.7s | pag= 27 | files=  29 | data=  8 | cola= 469 | prio=10 | https://www.cepal.org/es/areas-trabajo/estadisticas/b-division-estadisticas-equipo-trabajo
[FULL_20_CEPAL] t=  22.3s | pag= 28 | files=  29 | data=  8 | cola= 474 | prio=10 | https://www.cepal.org/es/areas-trabajo/estadisticas/c-cepalstat-bases-datos-publicaciones-estadisticas
[FULL_20_CEPAL] t=  23.2s | pag= 28 | files=  29 | data=  8 | cola= 473 | prio=10 | https://www.cepal.org/es/areas-trabajo/estadisticas/d-cepalgeo
[FULL_20_CEPAL] t=  24.6s | pag= 29 | files=  29 | data=  8 | cola= 473 | prio=10 | https://www.cepal.org/es/areas-trabajo/estadisticas/conferencia-estadistica-americas
[FULL_20_CEPAL] DATASETS=9 | data_chart | https://www.cepal.org/es/organos-subsidiarios/conferencia-estadistica-americas
[FULL_20_CEPAL] t=  25.9s | pag= 30 | files=  29 | data=  9 | cola= 508 | prio=10 | https://www.cepal.org/es/areas-trabajo/estadisticas/f-un-ggim-americas
[FULL_20_CEPAL] t=  27.0s | pag= 31 | files=  30 | data=  9 | cola= 535 | prio=10 | https://www.cepal.org/es/areas-trabajo/estadisticas/g-fuentes-informacion-estadistica
[FULL_20_CEPAL] DATASETS=10 | statistical_html_table | https://www.cepal.org/es/areas-trabajo/estadisticas/g-fuentes-informacion-estadistica
[FULL_20_CEPAL] t=  27.9s | pag= 32 | files=  30 | data= 10 | cola= 537 | prio=10 | https://www.cepal.org/es/tipo-de-publicacion/anuario-estadistico-america-latina-caribe
[FULL_20_CEPAL] t=  28.7s | pag= 33 | files=  30 | data= 11 | cola= 551 | prio=10 | https://www.cepal.org/es/tipo-de-publicacion/serie-estudios-estadisticos
[FULL_20_CEPAL] t=  30.8s | pag= 34 | files=  30 | data= 12 | cola= 568 | prio=10 | https://www.cepal.org/es/tipo-de-publicacion/temas-estadisticos-la-cepal
[FULL_20_CEPAL] t=  31.5s | pag= 35 | files=  30 | data= 12 | cola= 577 | prio=10 | https://www.cepal.org/es/proyectos/integracion-informacion-estadistica-geoespacial
[FULL_20_CEPAL] t=  32.1s | pag= 36 | files=  30 | data= 13 | cola= 591 | prio=10 | https://statistics.cepal.org/portal/cepalstat/index.html
[FULL_20_CEPAL] t=  33.3s | pag= 37 | files=  30 | data= 13 | cola= 590 | prio=10 | https://www.cepal.org/es/catalogo-anual-tematicos-publicaciones
[FULL_20_CEPAL] t=  33.9s | pag= 38 | files=  30 | data= 13 | cola= 604 | prio=10 | https://www.cepal.org/es/publications/accesible
[FULL_20_CEPAL] t=  34.7s | pag= 39 | files=  30 | data= 13 | cola= 618 | prio=10 | https://www.cepal.org/es/publicaciones/tipo/informes-anuales
[FULL_20_CEPAL] t=  35.4s | pag= 40 | files=  30 | data= 13 | cola= 619 | prio=10 | https://www.cepal.org/es/publicaciones/90225-impactos-cambio-demografico-america-latina-caribe-retos-opciones-la-politica
[FULL_20_CEPAL] t=  36.2s | pag= 41 | files=  30 | data= 14 | cola= 634 | prio=10 | https://www.cepal.org/es/publicaciones/89774-agenda-2030-america-latina-caribe-como-acelerar-paso-su-cumplimiento-la-nueva
[FULL_20_CEPAL] t=  36.9s | pag= 42 | files=  30 | data= 14 | cola= 646 | prio=10 | https://www.cepal.org/es/publicaciones/90271-calendario-conferencias-la-cepal-propuesto-periodo-2027-2028-nota-la-secretaria
[FULL_20_CEPAL] t=  37.7s | pag= 43 | files=  30 | data= 14 | cola= 651 | prio=10 | https://www.cepal.org/es/publicaciones/90267-evolucion-macroeconomica-la-republica-dominicana-2025-perspectivas-2026
[FULL_20_CEPAL] t=  38.5s | pag= 44 | files=  30 | data= 14 | cola= 654 | prio=10 | https://www.cepal.org/es/publicaciones/90266-evolucion-macroeconomica-panama-2025-perspectivas-2026
[FULL_20_CEPAL] t=  39.1s | pag= 45 | files=  30 | data= 14 | cola= 656 | prio=10 | https://www.cepal.org/es/publicaciones/90265-evolucion-macroeconomica-nicaragua-2025-perspectivas-2026
[FULL_20_CEPAL] t=  40.0s | pag= 46 | files=  30 | data= 14 | cola= 658 | prio=10 | https://www.cepal.org/es/publicaciones/90264-evolucion-macroeconomica-mexico-2025-perspectivas-2026
[FULL_20_CEPAL] t=  40.8s | pag= 47 | files=  30 | data= 14 | cola= 660 | prio=10 | https://www.cepal.org/es/publicaciones/90263-evolucion-macroeconomica-honduras-2025-perspectivas-2026
[FULL_20_CEPAL] t=  41.7s | pag= 48 | files=  30 | data= 14 | cola= 662 | prio=10 | https://www.cepal.org/es/publicaciones/90262-evolucion-macroeconomica-haiti-2025-perspectivas-2026
[FULL_20_CEPAL] t=  42.3s | pag= 49 | files=  30 | data= 14 | cola= 664 | prio=10 | https://www.cepal.org/es/listado/cepal_publication
[FULL_20_CEPAL] t=  42.9s | pag= 50 | files=  30 | data= 14 | cola= 671 | prio=10 | https://www.cepal.org/es/listado/cepal_publication?topic=8204
[FULL_20_CEPAL] t=  58.3s | pag= 50 | files=  30 | data= 14 | cola= 670 | prio=10 | https://www.cepal.org/es/listado/cepal_publication?work_area=8187
[FULL_20_CEPAL] t=  74.4s | pag= 50 | files=  30 | data= 14 | cola= 669 | prio=10 | https://www.cepal.org/es/listado/cepal_publication?work_area=8192
[FULL_20_CEPAL] t=  75.8s | pag= 51 | files=  30 | data= 14 | cola= 688 | prio=10 | https://www.cepal.org/es/listado/cepal_publication?work_area=8188
[FULL_20_CEPAL] t=  76.7s | pag= 52 | files=  30 | data= 14 | cola= 693 | prio=10 | https://www.cepal.org/es/listado/cepal_publication?work_area=8183
[FULL_20_CEPAL] t=  92.3s | pag= 52 | files=  30 | data= 14 | cola= 692 | prio=10 | https://www.cepal.org/es/listado/cepal_publication?work_area=8195
[FULL_20_CEPAL] t=  94.4s | pag= 53 | files=  30 | data= 14 | cola= 711 | prio=10 | https://www.cepal.org/es/listado/cepal_publication?work_area=8179
[FULL_20_CEPAL] t=  95.0s | pag= 54 | files=  30 | data= 14 | cola= 725 | prio=10 | https://www.cepal.org/es/listado/cepal_publication?work_area=8190
[FULL_20_CEPAL] t= 110.4s | pag= 54 | files=  30 | data= 14 | cola= 724 | prio=10 | https://www.cepal.org/es/listado/cepal_publication?work_area=8169
[FULL_20_CEPAL] t= 112.1s | pag= 55 | files=  30 | data= 14 | cola= 732 | prio=10 | https://www.cepal.org/es/listado/cepal_publication?work_area=8180
[FULL_20_CEPAL] t= 127.5s | pag= 55 | files=  30 | data= 14 | cola= 731 | prio=10 | https://www.cepal.org/publicaciones/80727-america-latina-caribe-trampas-desarrollo-transformaciones-indispensables-como
[FULL_20_CEPAL] t= 128.8s | pag= 56 | files=  30 | data= 14 | cola= 742 | prio=10 | https://www.cepal.org/es/tipo-de-publicacion/panorama-politicas-desarrollo-productivo-america-latina-caribe
[FULL_20_CEPAL] t= 129.7s | pag= 57 | files=  30 | data= 14 | cola= 748 | prio=10 | https://www.cepal.org/es/tipo-de-publicacion/balance-preliminar-economias-america-latina-caribe
[FULL_20_CEPAL] t= 130.5s | pag= 58 | files=  30 | data= 14 | cola= 762 | prio=10 | https://www.cepal.org/es/tipo-de-publicacion/estudio-economico-america-latina-caribe
[FULL_20_CEPAL] t= 131.4s | pag= 59 | files=  30 | data= 14 | cola= 776 | prio=10 | https://www.cepal.org/es/tipo-de-publicacion/la-inversion-extranjera-directa-america-latina-caribe
[FULL_20_CEPAL] t= 131.9s | pag= 60 | files=  30 | data= 14 | cola= 788 | prio=10 | https://www.cepal.org/es/tipo-de-publicacion/perspectivas-comercio-internacional-america-latina-caribe
[FULL_20_CEPAL] t= 132.4s | pag= 61 | files=  30 | data= 14 | cola= 801 | prio=10 | https://www.cepal.org/es/tipo-de-publicacion/panorama-social-america-latina-caribe
[FULL_20_CEPAL] t= 132.9s | pag= 62 | files=  30 | data= 14 | cola= 812 | prio=10 | https://www.cepal.org/es/tipo-de-publicacion/documentos-conferencias-reuniones
[FULL_20_CEPAL] t= 133.9s | pag= 63 | files=  30 | data= 14 | cola= 825 | prio=10 | https://www.cepal.org/es/tipo-de-publicacion/documentos-proyectos-estudios-investigaciones
[FULL_20_CEPAL] t= 134.9s | pag= 64 | files=  30 | data= 14 | cola= 834 | prio=10 | https://www.cepal.org/es/tipo-de-publicacion/publicaciones-periodicas-revistas-boletines
[FULL_20_CEPAL] t= 135.3s | pag= 65 | files=  30 | data= 14 | cola= 840 | prio=10 | https://www.cepal.org/es/tipo-de-publicacion/series-la-cepal
[FULL_20_CEPAL] t= 136.1s | pag= 66 | files=  30 | data= 14 | cola= 851 | prio=10 | https://www.cepal.org/es/tipo-de-publicacion/libros-monografias
[FULL_20_CEPAL] t= 136.9s | pag= 67 | files=  30 | data= 14 | cola= 862 | prio=10 | https://www.cepal.org/es/publicaciones/tipo/revista-cepal
[FULL_20_CEPAL] t= 137.6s | pag= 68 | files=  30 | data= 14 | cola= 883 | prio=10 | https://repositorio.cepal.org/info/opendata
[FULL_20_CEPAL] t= 139.0s | pag= 69 | files=  30 | data= 14 | cola= 886 | prio=10 | https://repositorio.cepal.org/bitstreams/ddaf4444-dcbc-48a9-afd2-06306ac3e5c3/download
[FULL_20_CEPAL] t= 140.7s | pag= 69 | files=  31 | data= 14 | cola= 885 | prio=10 | https://repositorio.cepal.org/entities/publication/47abc7c1-89b3-4e89-a386-a9ca0a9a31c0/full
[FULL_20_CEPAL] t= 154.8s | pag= 70 | files=  31 | data= 14 | cola= 884 | prio=10 | https://www.cepal.org/es/temas/estadisticas-genero
[FULL_20_CEPAL] t= 155.6s | pag= 71 | files=  31 | data= 15 | cola= 897 | prio=10 | https://www.cepal.org/es/tipo-de-publicacion/panorama-economico-america-latina
[FULL_20_CEPAL] t= 156.8s | pag= 71 | files=  31 | data= 15 | cola= 896 | prio=10 | https://www.cepal.org/en/publications/90269-economic-survey-latin-america-and-caribbean-2026-growth-and-productivity-amid
[FULL_20_CEPAL] t= 158.3s | pag= 72 | files=  31 | data= 15 | cola= 960 | prio=10 | https://repositorio.cepal.org/server/api/core/bitstreams/070682ee-e39d-4e4c-907d-d7dc91e6ed00/content
[FULL_20_CEPAL] t= 159.2s | pag= 72 | files=  31 | data= 15 | cola= 959 | prio=10 | https://www.cepal.org/es/publicaciones/90259-evolucion-macroeconomica-costa-rica-2025-perspectivas-2026
[FULL_20_CEPAL] t= 160.3s | pag= 73 | files=  31 | data= 15 | cola= 961 | prio=10 | https://www.cepal.org/es/publicaciones/90260-evolucion-macroeconomica-salvador-2025-perspectivas-2026
[FULL_20_CEPAL] t= 161.0s | pag= 74 | files=  31 | data= 15 | cola= 963 | prio=10 | https://www.cepal.org/es/publicaciones/90261-evolucion-macroeconomica-guatemala-2025-perspectivas-2026
[FULL_20_CEPAL] t= 161.8s | pag= 75 | files=  31 | data= 15 | cola= 965 | prio=10 | https://www.cepal.org/es/tipo-de-publicacion/libros-documentos-institucionales
[FULL_20_CEPAL] t= 162.4s | pag= 76 | files=  31 | data= 15 | cola= 977 | prio=10 | https://www.cepal.org/en/publications/90220-ruptures-and-opportunities-proposals-latin-america-and-caribbean-thrive-new
[FULL_20_CEPAL] t= 163.2s | pag= 77 | files=  31 | data= 15 | cola= 993 | prio=10 | https://sitios.cepal.org/geopolitica/es
[FULL_20_CEPAL] t= 164.4s | pag= 78 | files=  33 | data= 15 | cola= 994 | prio=10 | https://repositorio.cepal.org/bitstreams/5899a80b-ee21-487a-babb-79a3ae8c6501/download
[FULL_20_CEPAL] t= 168.7s | pag= 78 | files=  33 | data= 15 | cola= 993 | prio=10 | https://repositorio.cepal.org/bitstreams/6f3699e9-9d6d-45cc-adde-8323abc7a2ff/download
[FULL_20_CEPAL] t= 172.0s | pag= 78 | files=  33 | data= 15 | cola= 992 | prio=10 | https://www.cepal.org/es/tipo-de-publicacion/boletines
[FULL_20_CEPAL] t= 172.7s | pag= 79 | files=  33 | data= 15 | cola=1005 | prio=10 | https://www.cepal.org/es/tipo-de-publicacion/informe-especial-la-cepal
[FULL_20_CEPAL] t= 173.6s | pag= 80 | files=  33 | data= 15 | cola=1016 | prio=10 | https://www.cepal.org/en/publications/90224-effects-recent-hostilities-and-around-islamic-republic-iran-latin-america-and
[FULL_20_CEPAL] t= 174.4s | pag= 81 | files=  33 | data= 15 | cola=1026 | prio=10 | https://www.cepal.org/es/tipo-de-publicacion/revistas
[FULL_20_CEPAL] t= 175.0s | pag= 82 | files=  33 | data= 15 | cola=1029 | prio=10 | https://www.cepal.org/es/tipo-de-publicacion/notas-poblacion
[FULL_20_CEPAL] t= 175.4s | pag= 83 | files=  33 | data= 15 | cola=1046 | prio=10 | https://www.cepal.org/es/publicaciones/87058-impacto-la-caida-la-natalidad-sistemas-educativos-america-latina
[FULL_20_CEPAL] t= 176.3s | pag= 84 | files=  33 | data= 15 | cola=1049 | prio=10 | https://www.cepal.org/es/publicaciones/90085-aceptacion-divorcio-mundo-determinantes-individuales-contextuales
[FULL_20_CEPAL] t= 177.0s | pag= 85 | files=  33 | data= 15 | cola=1052 | prio=10 | https://www.cepal.org/es/publicaciones/90166-perfil-la-primera-union-tipo-consensual-la-republica-bolivariana-venezuela-1980
[FULL_20_CEPAL] t= 179.2s | pag= 86 | files=  33 | data= 15 | cola=1055 | prio=10 | https://www.cepal.org/en/publications/90164-maternal-mortality-and-severe-maternal-morbidity-dominican-republic-during-and
[FULL_20_CEPAL] t= 179.8s | pag= 87 | files=  33 | data= 15 | cola=1063 | prio=10 | https://www.cepal.org/es/publicaciones/90167-segregacion-residencial-reconfiguracion-socioespacial-la-region-metropolitana
[FULL_20_CEPAL] t= 180.6s | pag= 88 | files=  33 | data= 15 | cola=1067 | prio=10 | https://www.cepal.org/es/publicaciones/90170-participacion-mujeres-venezolanas-mercado-trabajo-caracteristicas-factores
[FULL_20_CEPAL] t= 181.3s | pag= 89 | files=  33 | data= 15 | cola=1071 | prio=10 | https://www.cepal.org/en/publications/89972-pandemics-mexico-and-its-capital-brief-review
[FULL_20_CEPAL] t= 181.8s | pag= 90 | files=  33 | data= 15 | cola=1074 | prio=10 | https://www.cepal.org/en/publications/90173-typology-last-mile-households-universal-electrification-colombia-differentiating
[FULL_20_CEPAL] t= 182.5s | pag= 91 | files=  33 | data= 15 | cola=1083 | prio=10 | https://www.cepal.org/en/publications/90155-foreign-direct-investment-latin-america-and-caribbean-2026-navigating-new-global
[FULL_20_CEPAL] t= 183.1s | pag= 92 | files=  33 | data= 15 | cola=1089 | prio=10 | https://www.cepal.org/es/temas/historia-economica-america-latina-caribe
[FULL_20_CEPAL] t= 183.9s | pag= 93 | files=  33 | data= 15 | cola=1101 | prio=10 | https://www.cepal.org/es/temas/arquitectura-financiera
[FULL_20_CEPAL] t= 184.4s | pag= 94 | files=  33 | data= 15 | cola=1115 | prio=10 | https://www.cepal.org/es/publicaciones/90015-nota-editorial-cincuenta-anos-la-revista-cepal-un-bien-publico-regional
[FULL_20_CEPAL] t= 186.4s | pag= 95 | files=  33 | data= 15 | cola=1117 | prio=10 | https://www.cepal.org/es/publicaciones/90016-la-revista-la-cepal-la-gestion-prebisch-gurrieri-1976-1986-un-proyecto-editorial
[FULL_20_CEPAL] t= 187.8s | pag= 96 | files=  33 | data= 15 | cola=1119 | prio=10 | https://www.cepal.org/es/publicaciones/90018-estado-capitalismo-periferico-prebisch
[FULL_20_CEPAL] t= 188.3s | pag= 97 | files=  33 | data= 15 | cola=1121 | prio=10 | https://www.cepal.org/es/publicaciones/90019-poder-estilos-desarrollo-america-latina
[FULL_20_CEPAL] t= 190.1s | pag= 98 | files=  33 | data= 15 | cola=1123 | prio=10 | https://www.cepal.org/es/publicaciones/90020-la-dinamica-la-heterogeneidad-estructural-estilos-desarrollo-formalizacion
[FULL_20_CEPAL] t= 190.9s | pag= 99 | files=  33 | data= 15 | cola=1125 | prio=10 | https://www.cepal.org/es/publicaciones/90022-capitales-cartera-la-restriccion-externa-al-crecimiento-economico-casos-brasil
[FULL_20_CEPAL] t= 192.5s | pag=100 | files=  33 | data= 15 | cola=1127 | prio=10 | https://www.cepal.org/es/publicaciones/90024-actualizacion-la-matriz-insumo-producto-mexico-1980-precios-2018-mediante-metodo
[FULL_20_CEPAL] t= 193.1s | pag=101 | files=  33 | data= 15 | cola=1130 | prio=10 | https://www.cepal.org/es/publicaciones/90025-poverty-latin-america-feelingsperceptions-vs-material-conditions-veronica
[FULL_20_CEPAL] t= 194.8s | pag=102 | files=  33 | data= 15 | cola=1132 | prio=10 | https://www.cepal.org/es/publicaciones/90026-resena-public-opinion-and-turmoil-latin-american-democracies
[FULL_20_CEPAL] t= 196.4s | pag=103 | files=  33 | data= 15 | cola=1135 | prio=10 | https://www.cepal.org/es/tipo-de-publicacion/coediciones
[FULL_20_CEPAL] t= 197.3s | pag=104 | files=  33 | data= 16 | cola=1151 | prio=10 | https://www.cepal.org/en/publications/89993-revenue-statistics-latin-america-and-caribbean-2026
[FULL_20_CEPAL] t= 197.9s | pag=105 | files=  33 | data= 17 | cola=1159 | prio=10 | https://www.cepal.org/es/eventos/xiii-reunion-la-conferencia-estadistica-americas-la-cepal
[FULL_20_CEPAL] t= 199.7s | pag=106 | files=  33 | data= 17 | cola=1182 | prio=10 | https://www.cepal.org/es/comunicados/cepal-lanza-anuario-estadistico-2025-indicadores-clave-desarrollo-economico-social
[FULL_20_CEPAL] t= 200.3s | pag=107 | files=  33 | data= 17 | cola=1185 | prio=10 | https://www.cepal.org/es/notas/cepalstat-actualiza-amplia-indicadores-percepciones-basados-encuestas-internacionales
[FULL_20_CEPAL] t= 202.0s | pag=108 | files=  33 | data= 17 | cola=1187 | prio=10 | https://www.cepal.org/es/notas/cepalstat-incorpora-primera-serie-regional-indicadores-discapacidad
[FULL_20_CEPAL] t= 202.9s | pag=109 | files=  33 | data= 17 | cola=1190 | prio=10 | https://www.cepal.org/es/publicaciones/81425-indice-pobreza-multidimensional-america-latina
[FULL_20_CEPAL] t= 203.3s | pag=110 | files=  33 | data= 17 | cola=1196 | prio=10 | https://www.cepal.org/es/listado/cepal_publication?topic=8229
[FULL_20_CEPAL] t= 204.3s | pag=111 | files=  33 | data= 17 | cola=1209 | prio=10 | https://www.cepal.org/es/temas/estadisticas-sociales/acerca-estadisticas-sociales
[FULL_20_CEPAL] t= 205.7s | pag=112 | files=  33 | data= 17 | cola=1210 | prio=10 | https://www.cepal.org/es/temas/estadisticas-sociales/b-cepalstat-portal-datos-publicaciones-estadisticas
[FULL_20_CEPAL] t= 207.4s | pag=112 | files=  33 | data= 17 | cola=1209 | prio=10 | https://www.cepal.org/es/temas/estadisticas-sociales/c-portal-desigualdades-america-latina
[FULL_20_CEPAL] t= 209.2s | pag=113 | files=  33 | data= 17 | cola=1208 | prio=10 | https://www.cepal.org/es/temas/estadisticas-sociales/d-estadisticas-basadas-modelos-estimacion-areas-pequenas-america-latina
[FULL_20_CEPAL] t= 210.1s | pag=114 | files=  33 | data= 17 | cola=1207 | prio=10 | https://www.cepal.org/es/temas/estadisticas-sociales/metodos-clasificaciones-estadisticas
[FULL_20_CEPAL] t= 212.6s | pag=115 | files= 109 | data= 18 | cola=1243 | prio=10 | https://statistics.cepal.org/portal/cepalstat/perfil-regional.html?lang=es&theme=1
[FULL_20_CEPAL] t= 213.0s | pag=116 | files= 109 | data= 18 | cola=1242 | prio=10 | https://statistics.cepal.org/portal/cepalstat/perfil-nacional.html?country=atg&lang=es&theme=1
[FULL_20_CEPAL] t= 214.0s | pag=117 | files= 109 | data= 18 | cola=1241 | prio=10 | https://www.cepal.org/es/notas/encuentro-regional-la-cepal-aborda-nuevas-directrices-integrar-estadisticas-empresas-comercio
[FULL_20_CEPAL] t= 215.7s | pag=118 | files= 109 | data= 18 | cola=1243 | prio=10 | https://www.cepal.org/es/publicaciones/84526-programa-comparacion-internacional-ciclo-2021-america-latina-caribe-documento
[FULL_20_CEPAL] t= 216.4s | pag=119 | files= 109 | data= 18 | cola=1245 | prio=10 | https://www.cepal.org/es/listado/cepal_publication?topic=8231
[FULL_20_CEPAL] t= 232.1s | pag=119 | files= 109 | data= 18 | cola=1244 | prio=10 | https://www.cepal.org/es/temas/estadisticas-economicas/acerca-estadisticas-economicas
[FULL_20_CEPAL] t= 234.7s | pag=120 | files= 109 | data= 18 | cola=1245 | prio=10 | https://www.cepal.org/es/temas/estadisticas-economicas/b-cepalstat-portal-datos-publicaciones-estadisticas
[FULL_20_CEPAL] t= 235.6s | pag=120 | files= 109 | data= 18 | cola=1244 | prio=10 | https://www.cepal.org/es/temas/estadisticas-economicas/c-repositorio-cuadros-oferta-utilizacion-matrices-insumo-producto
[FULL_20_CEPAL] t= 237.3s | pag=121 | files= 109 | data= 18 | cola=1243 | prio=10 | https://www.cepal.org/es/temas/estadisticas-economicas/d-metodos-clasificaciones-estadisticas
[FULL_20_CEPAL] t= 238.9s | pag=122 | files= 176 | data= 19 | cola=1243 | prio=10 | https://statistics.cepal.org/portal/cepalstat/perfil-regional.html?lang=es&theme=2
[FULL_20_CEPAL] t= 239.6s | pag=123 | files= 176 | data= 19 | cola=1242 | prio=10 | https://statistics.cepal.org/portal/cepalstat/perfil-nacional.html?country=atg&lang=es&theme=2
[FULL_20_CEPAL] t= 240.4s | pag=124 | files= 176 | data= 19 | cola=1241 | prio=10 | https://www.cepal.org/es/proyectos/fortalecimiento-capacidades-estadisticas-la-construccion-indicadores-macroeconomicos
[FULL_20_CEPAL] t= 243.5s | pag=125 | files= 176 | data= 19 | cola=1251 | prio=10 | https://www.cepal.org/es/eventos/taller-la-generacion-indicadores-cambio-climatico-republica-dominicana-2026
[FULL_20_CEPAL] t= 245.4s | pag=126 | files= 187 | data= 19 | cola=1253 | prio=10 | https://www.cepal.org/es/notas/paises-expertos-reafirman-compromiso-fortalecer-estadisticas-desastres-nivel-global
[FULL_20_CEPAL] t= 246.9s | pag=127 | files= 187 | data= 19 | cola=1256 | prio=10 | https://www.cepal.org/es/publicaciones/84902-estadisticas-desastres-gestion-riesgo-estado-actual-perspectivas
[FULL_20_CEPAL] t= 248.2s | pag=128 | files= 187 | data= 19 | cola=1259 | prio=10 | https://www.cepal.org/es/listado/cepal_publication?topic=8230
[FULL_20_CEPAL] t= 263.5s | pag=128 | files= 187 | data= 19 | cola=1258 | prio=10 | https://www.cepal.org/es/temas/estadisticas-ambientales/acerca-estadisticas-indicadores-ambientales
[FULL_20_CEPAL] t= 264.9s | pag=129 | files= 189 | data= 19 | cola=1261 | prio=10 | https://www.cepal.org/es/temas/estadisticas-ambientales/b-documentos-metodologias-referencia
[FULL_20_CEPAL] t= 265.5s | pag=130 | files= 189 | data= 19 | cola=1263 | prio=10 | https://statistics.cepal.org/portal/cepalstat/perfil-regional.html?lang=es&theme=3
[FULL_20_CEPAL] t= 266.1s | pag=131 | files= 189 | data= 19 | cola=1262 | prio=10 | https://statistics.cepal.org/portal/cepalstat/perfil-nacional.html?country=atg&lang=es&theme=3
[FULL_20_CEPAL] t= 266.8s | pag=132 | files= 189 | data= 19 | cola=1261 | prio=10 | https://www.cepal.org/es/proyectos/mejorar-estadisticas-indicadores-cambio-climatico-america-latina-caribe
[FULL_20_CEPAL] t= 267.7s | pag=133 | files= 189 | data= 19 | cola=1265 | prio=10 | https://www.cepal.org/es/listado/cepal_publication?topic=8384
[FULL_20_CEPAL] t= 268.2s | pag=134 | files= 189 | data= 19 | cola=1276 | prio=10 | https://www.cepal.org/es/videos/cepalgeo-infraestructura-datos-espaciales-cepal
[FULL_20_CEPAL] t= 268.6s | pag=135 | files= 189 | data= 19 | cola=1278 | prio=10 | https://www.cepal.org/es/temas/indicadores-objetivos-desarrollo-sostenible-ods/principales-lineas-trabajo-torno-indicadores
[FULL_20_CEPAL] t= 270.5s | pag=136 | files= 189 | data= 19 | cola=1279 | prio=10 | https://www.cepal.org/es/temas/indicadores-objetivos-desarrollo-sostenible-ods/b-agenda-2030-america-latina-caribe-plataforma
[FULL_20_CEPAL] t= 273.0s | pag=136 | files= 189 | data= 19 | cola=1278 | prio=10 | https://www.cepal.org/es/temas/indicadores-objetivos-desarrollo-sostenible-ods/c-ods-america-latina-caribe-centro-gestion
[FULL_20_CEPAL] t= 275.0s | pag=136 | files= 189 | data= 19 | cola=1277 | prio=10 | https://www.cepal.org/es/temas/indicadores-objetivos-desarrollo-sostenible-ods/d-geoportal-ods
[FULL_20_CEPAL] t= 276.0s | pag=137 | files= 189 | data= 20 | cola=1311 | prio=10 | https://www.cepal.org/es/temas/indicadores-objetivos-desarrollo-sostenible-ods/conferencia-estadistica-americas
[FULL_20_CEPAL] t= 276.7s | pag=137 | files= 189 | data= 20 | cola=1310 | prio=10 | https://www.cepal.org/es/eventos/quincuagesimo-septimo-periodo-sesiones-la-comision-estadistica-naciones-unidas
[FULL_20_CEPAL] t= 278.3s | pag=138 | files= 191 | data= 20 | cola=1311 | prio=10 | https://www.cepal.org/es/comunicados/conferencia-estadistica-americas-concluyo-exito-su-decimotercera-reunion
[FULL_20_CEPAL] t= 280.2s | pag=139 | files= 191 | data= 20 | cola=1313 | prio=10 | https://www.cepal.org/es/comunicados/autoridades-llaman-fortalecer-la-gobernanza-datos-sistemas-estadisticos-nacionales
[FULL_20_CEPAL] t= 282.0s | pag=140 | files= 191 | data= 20 | cola=1315 | prio=10 | https://www.cepal.org/es/noticias/decimotercera-reunion-la-conferencia-estadistica-americas-se-realizara-la-cepal
[FULL_20_CEPAL] t= 283.8s | pag=141 | files= 191 | data= 20 | cola=1319 | prio=10 | https://www.cepal.org/es/notas/cepal-brinda-asistencia-tecnica-mexico-avanzar-interoperabilidad-gobernanza-datos-ambientales
[FULL_20_CEPAL] t= 285.7s | pag=142 | files= 191 | data= 20 | cola=1320 | prio=10 | https://www.cepal.org/es/publicaciones/90006-accesibilidad-datos-publicados-oficinas-nacionales-estadistica-america-latina
[FULL_20_CEPAL] t= 286.4s | pag=143 | files= 191 | data= 20 | cola=1324 | prio=10 | https://www.cepal.org/es/listado/cepal_publication?topic=8380
[FULL_20_CEPAL] t= 301.7s | pag=143 | files= 191 | data= 20 | cola=1323 | prio=10 | https://www.cepal.org/es/videos/conferencia-estadistica-americas-la-cepal
[FULL_20_CEPAL] t= 302.8s | pag=144 | files= 191 | data= 20 | cola=1325 | prio=10 | https://www.cepal.org/es/temas/big-data
[FULL_20_CEPAL] t= 304.7s | pag=145 | files= 191 | data= 20 | cola=1339 | prio=10 | https://www.cepal.org/es/temas/indicadores-economicos-proyecciones
[FULL_20_CEPAL] t= 305.3s | pag=146 | files= 191 | data= 20 | cola=1354 | prio=10 | https://www.cepal.org/en/publications/90122-production-structure-and-recent-trends-service-activities-latin-america
[FULL_20_CEPAL] t= 306.2s | pag=147 | files= 191 | data= 20 | cola=1359 | prio=10 | https://www.cepal.org/en/list/cepal_publication
[FULL_20_CEPAL] t= 306.6s | pag=148 | files= 191 | data= 20 | cola=1376 | prio=10 | https://www.cepal.org/pt-br/list/cepal_publication
[FULL_20_CEPAL] t= 307.4s | pag=149 | files= 191 | data= 20 | cola=1450 | prio=10 | https://www.cepal.org/es/publicaciones/90147-guia-practica-la-produccion-estadisticas-armonizadas-desplazamiento-forzado
[FULL_20_CEPAL] t= 308.9s | pag=150 | files= 191 | data= 20 | cola=1454 | prio=10 | https://www.cepal.org/es/publicaciones/90150-informe-la-decimotercera-reunion-la-conferencia-estadistica-americas-la-comision
[FULL_20_CEPAL] t= 309.4s | pag=151 | files= 191 | data= 20 | cola=1459 | prio=10 | https://www.cepal.org/es/publicaciones/88574-catalogo-publicaciones-2025
[FULL_20_CEPAL] t= 310.1s | pag=152 | files= 191 | data= 20 | cola=1472 | prio=10 | https://www.cepal.org/es/publicaciones/85980-anuario-estadistico-america-latina-caribe-2025-statistical-yearbook-latin
[FULL_20_CEPAL] t= 310.9s | pag=153 | files= 191 | data= 20 | cola=1478 | prio=10 | https://www.cepal.org/es/publicaciones/81663-catalogo-tematico-estadisticas
[FULL_20_CEPAL] t= 312.2s | pag=154 | files= 191 | data= 20 | cola=1480 | prio=10 | https://www.cepal.org/es/publicaciones/84147-diagnostico-marcos-area-encuestas-agropecuarias
[FULL_20_CEPAL] t= 313.9s | pag=155 | files= 191 | data= 20 | cola=1483 | prio=10 | https://www.cepal.org/es/publicaciones/85913-encuestas-posenumeracion-censal-fundamentos-estadisticos-su-diseno-analisis
[FULL_20_CEPAL] t= 314.3s | pag=156 | files= 191 | data= 20 | cola=1485 | prio=10 | https://www.cepal.org/es/publicaciones/84549-uso-imagenes-satelitales-la-construccion-estadisticas-regionales-desagregadas
[FULL_20_CEPAL] t= 316.3s | pag=157 | files= 191 | data= 20 | cola=1489 | prio=10 | https://www.cepal.org/es/publicaciones/84499-la-situacion-estadisticas-indicadores-cuentas-ambientales-america-latina-0
[FULL_20_CEPAL] t= 318.4s | pag=158 | files= 191 | data= 20 | cola=1491 | prio=10 | https://www.cepal.org/es/publicaciones/84499-la-situacion-estadisticas-indicadores-cuentas-ambientales-america-latina-caribe
[FULL_20_CEPAL] t= 319.8s | pag=159 | files= 191 | data= 20 | cola=1492 | prio=10 | https://www.cepal.org/es/publicaciones/85938-revista-cepal-147
[FULL_20_CEPAL] t= 322.1s | pag=160 | files= 191 | data= 20 | cola=1510 | prio=10 | https://www.cepal.org/es/publicaciones/84409-manual-uso-integracion-datos-administrativos-fines-estadisticos-relacionados
[FULL_20_CEPAL] t= 322.9s | pag=161 | files= 191 | data= 20 | cola=1514 | prio=10 | https://www.cepal.org/es/listado/cepal_publication?page=1&work_area=8184
[FULL_20_CEPAL] t= 338.7s | pag=161 | files= 191 | data= 20 | cola=1513 | prio=10 | https://www.cepal.org/es/listado/cepal_publication?page=2&work_area=8184
[FULL_20_CEPAL] t= 354.6s | pag=161 | files= 191 | data= 20 | cola=1512 | prio=10 | https://www.cepal.org/es/listado/cepal_publication?page=140&work_area=8184
[FULL_20_CEPAL] t= 370.8s | pag=161 | files= 191 | data= 20 | cola=1511 | prio=10 | https://www.cepal.org/es/publicaciones/ae
[FULL_20_CEPAL] t= 372.7s | pag=161 | files= 191 | data= 20 | cola=1510 | prio=10 | https://www.cepal.org/es/publicaciones/tipo/estudios-estadisticos
[FULL_20_CEPAL] t= 374.9s | pag=161 | files= 191 | data= 20 | cola=1509 | prio=10 | https://www.cepal.org/es/publicaciones/tipo/metodologias-cepal
[FULL_20_CEPAL] t= 376.9s | pag=161 | files= 191 | data= 20 | cola=1508 | prio=10 | https://www.cepal.org/es/publicaciones/tipo/temas-estadisticos-cepal
[FULL_20_CEPAL] t= 379.0s | pag=161 | files= 191 | data= 20 | cola=1507 | prio=10 | https://www.cepal.org/es/eventos/xii-reunion-la-conferencia-estadistica-americas-la-cepal
[FULL_20_CEPAL] t= 381.8s | pag=162 | files= 191 | data= 20 | cola=1530 | prio=10 | https://www.cepal.org/es/eventos/xi-reunion-la-conferencia-estadistica-americas-la-cepal
[FULL_20_CEPAL] t= 382.9s | pag=163 | files= 191 | data= 20 | cola=1551 | prio=10 | https://www.cepal.org/es/eventos/decima-reunion-la-conferencia-estadistica-americas-la-cepal
[FULL_20_CEPAL] t= 384.1s | pag=164 | files= 193 | data= 20 | cola=1572 | prio=10 | https://www.cepal.org/es/eventos/xxiv-reunion-comite-ejecutivo-la-conferencia-estadistica-americas-la-cepal
[FULL_20_CEPAL] t= 385.8s | pag=165 | files= 233 | data= 21 | cola=1582 | prio=10 | https://www.cepal.org/es/eventos/reunion-informativa-la-conferencia-estadistica-americas-2025
[FULL_20_CEPAL] t= 387.6s | pag=166 | files= 233 | data= 21 | cola=1584 | prio=10 | https://www.cepal.org/es/eventos/xxiii-reunion-comite-ejecutivo-la-conferencia-estadistica-americas-la-cepal
[FULL_20_CEPAL] t= 389.3s | pag=167 | files= 265 | data= 22 | cola=1602 | prio=10 | https://www.cepal.org/es/eventos/sexta-reunion-grupo-coordinacion-estadistica-la-agenda-2030-america-latina-caribe
[FULL_20_CEPAL] t= 390.7s | pag=168 | files= 266 | data= 22 | cola=1605 | prio=10 | https://www.cepal.org/es/eventos/seminario-integracion-fuentes-datos-estadisticas-oficiales
[FULL_20_CEPAL] t= 393.4s | pag=169 | files= 280 | data= 22 | cola=1606 | prio=10 | https://www.cepal.org/es/publicaciones/80477-codigo-regional-buenas-practicas-estadisticas-america-latina-caribe-2023
[FULL_20_CEPAL] t= 395.4s | pag=170 | files= 280 | data= 22 | cola=1609 | prio=10 | https://www.cepal.org/es/publicaciones/48066-documento-metodologico-aprovechamiento-estadistico-registros-administrativos
[FULL_20_CEPAL] t= 397.5s | pag=171 | files= 280 | data= 22 | cola=1611 | prio=10 | https://www.cepal.org/es/publicaciones/48073-protocolo-la-recoleccion-divulgacion-datos-ninos-ninas-adolescentes
[FULL_20_CEPAL] t= 398.0s | pag=172 | files= 280 | data= 22 | cola=1614 | prio=10 | https://www.cepal.org/es/publicaciones/48019-guia-metodologica-mediciones-uso-tiempo-america-latina-caribe
[FULL_20_CEPAL] t= 399.6s | pag=173 | files= 280 | data= 22 | cola=1619 | prio=10 | https://www.cepal.org/es/publicaciones/48022-lineamientos-generales-la-captura-datos-censales-revision-metodos-miras-la-ronda
[FULL_20_CEPAL] t= 401.2s | pag=174 | files= 280 | data= 22 | cola=1621 | prio=10 | https://www.cepal.org/es/publicaciones/48005-guide-implementation-quality-assurance-framework-statistical-processes-and
[FULL_20_CEPAL] t= 402.8s | pag=175 | files= 280 | data= 23 | cola=1625 | prio=10 | https://www.cepal.org/es/publicaciones/45253-ley-generica-estadisticas-america-latina
[FULL_20_CEPAL] t= 404.5s | pag=176 | files= 280 | data= 23 | cola=1629 | prio=10 | https://www.cepal.org/es/listado/cepal_publication?subsidiary_body=8177
[FULL_20_CEPAL] t= 420.3s | pag=176 | files= 280 | data= 23 | cola=1628 | prio=10 | https://www.cepal.org/es/organos-subsidiarios/conferencia-estadistica-americas/la-cea
[FULL_20_CEPAL] t= 421.9s | pag=177 | files= 280 | data= 23 | cola=1639 | prio=10 | https://www.cepal.org/es/organos-subsidiarios/conferencia-estadistica-americas/b-comite-ejecutivo-la-cea
[FULL_20_CEPAL] t= 423.7s | pag=178 | files= 281 | data= 23 | cola=1662 | prio=10 | https://www.cepal.org/es/organos-subsidiarios/conferencia-estadistica-americas/c-estados-miembros-la-cea
[FULL_20_CEPAL] t= 424.7s | pag=179 | files= 281 | data= 24 | cola=1663 | prio=10 | https://www.cepal.org/es/organos-subsidiarios/conferencia-estadistica-americas/d-grupos-trabajo-la-cea
[FULL_20_CEPAL] t= 426.2s | pag=180 | files= 281 | data= 24 | cola=1685 | prio=10 | https://www.cepal.org/es/organos-subsidiarios/conferencia-estadistica-americas/red-transmision-conocimiento-rtc
[FULL_20_CEPAL] t= 427.3s | pag=181 | files= 281 | data= 24 | cola=1701 | prio=10 | https://www.cepal.org/es/organos-subsidiarios/conferencia-estadistica-americas/f-actividades-estadisticas-america-latina
[FULL_20_CEPAL] t= 428.3s | pag=182 | files= 281 | data= 24 | cola=1786 | prio=10 | https://www.cepal.org/es/organos-subsidiarios/conferencia-estadistica-americas/g-grupo-coordinacion-estadistica-la-agenda
[FULL_20_CEPAL] DATASETS=25 | data_html_table | https://www.cepal.org/es/organos-subsidiarios/conferencia-estadistica-americas/g-grupo-coordinacion-estadistica-la-agenda
[FULL_20_CEPAL] t= 430.3s | pag=183 | files= 290 | data= 25 | cola=1797 | prio=10 | https://www.cepal.org/es/notas/reunion-interagencial-naciones-unidas-fortalecer-la-cooperacion-estadisticas-oficiales
[FULL_20_CEPAL] t= 431.8s | pag=184 | files= 290 | data= 25 | cola=1798 | prio=10 | https://www.cepal.org/es/organos-subsidiarios/conferencia-estadistica-americas/grupo-coordinacion-estadistica-la-agenda-2030-america-latina-caribe
[FULL_20_CEPAL] t= 432.6s | pag=184 | files= 290 | data= 25 | cola=1797 | prio=10 | https://www.cepal.org/es/publicaciones/47405-distribucion-geografica-la-actividad-economica-la-argentina-revision
[FULL_20_CEPAL] t= 434.7s | pag=185 | files= 290 | data= 25 | cola=1801 | prio=10 | https://www.cepal.org/es/publicaciones/47153-perspectivas-globales-regionales-la-integracion-la-informacion-estadistica
[FULL_20_CEPAL] t= 436.2s | pag=186 | files= 290 | data= 25 | cola=1804 | prio=10 | https://www.cepal.org/es/listado/cepal_publication?subsidiary_body=8365
[FULL_20_CEPAL] t= 451.6s | pag=186 | files= 290 | data= 25 | cola=1803 | prio=10 | https://www.cepal.org/es/publicaciones/81296-anuario-estadistico-america-latina-caribe-2024-statistical-yearbook-latin
[FULL_20_CEPAL] t= 452.7s | pag=187 | files= 290 | data= 25 | cola=1807 | prio=10 | https://www.cepal.org/es/publicaciones/68991-anuario-estadistico-america-latina-caribe-2023-statistical-yearbook-latin
[FULL_20_CEPAL] t= 454.4s | pag=188 | files= 290 | data= 25 | cola=1811 | prio=10 | https://www.cepal.org/es/publicaciones/48706-anuario-estadistico-america-latina-caribe-2022-statistical-yearbook-latin
[FULL_20_CEPAL] t= 455.4s | pag=189 | files= 290 | data= 25 | cola=1815 | prio=10 | https://www.cepal.org/es/publicaciones/47827-anuario-estadistico-america-latina-caribe-2021-statistical-yearbook-latin
[FULL_20_CEPAL] t= 456.9s | pag=190 | files= 290 | data= 25 | cola=1821 | prio=10 | https://www.cepal.org/es/publicaciones/46739-anuario-estadistico-america-latina-caribe-2020-statistical-yearbook-latin
[FULL_20_CEPAL] t= 457.6s | pag=191 | files= 290 | data= 25 | cola=1828 | prio=10 | https://www.cepal.org/es/publicaciones/45353-anuario-estadistico-america-latina-caribe-2019-statistical-yearbook-latin
[FULL_20_CEPAL] t= 458.2s | pag=192 | files= 290 | data= 25 | cola=1832 | prio=10 | https://www.cepal.org/es/publicaciones/44445-anuario-estadistico-america-latina-caribe-2018-statistical-yearbook-latin
[FULL_20_CEPAL] t= 460.0s | pag=193 | files= 290 | data= 25 | cola=1837 | prio=10 | https://www.cepal.org/es/publicaciones/43239-anuario-estadistico-america-latina-caribe-2017-statistical-yearbook-latin
[FULL_20_CEPAL] t= 460.7s | pag=194 | files= 290 | data= 25 | cola=1842 | prio=10 | https://www.cepal.org/es/publicaciones/40972-anuario-estadistico-america-latina-caribe-2016-statistical-yearbook-latin
[FULL_20_CEPAL] t= 462.1s | pag=195 | files= 290 | data= 25 | cola=1848 | prio=10 | https://www.cepal.org/es/tipo-de-publicacion/anuario-estadistico-america-latina-caribe?page=1
[FULL_20_CEPAL] t= 463.7s | pag=196 | files= 290 | data= 25 | cola=1857 | prio=10 | https://www.cepal.org/es/tipo-de-publicacion/anuario-estadistico-america-latina-caribe?page=2
[FULL_20_CEPAL] t= 465.5s | pag=197 | files= 290 | data= 25 | cola=1866 | prio=10 | https://www.cepal.org/es/tipo-de-publicacion/anuario-estadistico-america-latina-caribe?page=3
[FULL_20_CEPAL] t= 467.6s | pag=198 | files= 290 | data= 25 | cola=1875 | prio=10 | https://www.cepal.org/es/tipo-de-publicacion/anuario-estadistico-america-latina-caribe?page=4
[FULL_20_CEPAL] t= 469.4s | pag=199 | files= 290 | data= 25 | cola=1883 | prio=10 | https://www.cepal.org/es/publicaciones/81385-estimacion-areas-pequenas-indicadores-pobreza-america-latina-aplicacion-basada
[FULL_20_CEPAL] t= 469.8s | pag=200 | files= 290 | data= 25 | cola=1885 | prio=10 | https://www.cepal.org/es/publicaciones/69177-servicios-intermediacion-financiera-medidos-indirectamente-medicion-un-contexto
[FULL_20_CEPAL] t= 470.3s | pag=201 | files= 290 | data= 25 | cola=1887 | prio=10 | https://www.cepal.org/es/publicaciones/69130-indice-mala-calidad-empleo-exploracion-la-ultima-decada-america-latina
[FULL_20_CEPAL] t= 471.6s | pag=202 | files= 290 | data= 25 | cola=1889 | prio=10 | https://www.cepal.org/es/publicaciones/67980-efectos-diseno-indicadores-sociales-america-latina-funcion-generalizada-varianza
[FULL_20_CEPAL] t= 473.3s | pag=203 | files= 290 | data= 25 | cola=1891 | prio=10 | https://www.cepal.org/es/publicaciones/48668-modelos-unidad-la-generacion-mapas-pobreza-nivel-subnacional
[FULL_20_CEPAL] t= 475.0s | pag=204 | files= 290 | data= 25 | cola=1893 | prio=10 | https://www.cepal.org/es/publicaciones/44214-desagregacion-datos-encuestas-hogares-metodologias-estimacion-areas-pequenas
[FULL_20_CEPAL] t= 475.9s | pag=205 | files= 290 | data= 25 | cola=1896 | prio=10 | https://www.cepal.org/es/publicaciones/47921-cambio-ano-referencia-agregados-regionales-anuales-cuentas-nacionales
[FULL_20_CEPAL] t= 476.4s | pag=206 | files= 290 | data= 25 | cola=1898 | prio=10 | https://www.cepal.org/es/tipo-de-publicacion/serie-estudios-estadisticos?page=1
[FULL_20_CEPAL] t= 478.0s | pag=207 | files= 290 | data= 25 | cola=1908 | prio=10 | https://www.cepal.org/es/tipo-de-publicacion/serie-estudios-estadisticos?page=2
[FULL_20_CEPAL] t= 479.9s | pag=208 | files= 290 | data= 25 | cola=1917 | prio=10 | https://www.cepal.org/es/tipo-de-publicacion/serie-estudios-estadisticos?page=3
[FULL_20_CEPAL] t= 480.6s | pag=209 | files= 290 | data= 25 | cola=1926 | prio=10 | https://www.cepal.org/es/tipo-de-publicacion/serie-estudios-estadisticos?page=4
[FULL_20_CEPAL] t= 481.1s | pag=210 | files= 290 | data= 25 | cola=1935 | prio=10 | https://www.cepal.org/es/tipo-de-publicacion/serie-estudios-estadisticos?page=5
[FULL_20_CEPAL] t= 483.1s | pag=211 | files= 290 | data= 25 | cola=1945 | prio=10 | https://www.cepal.org/es/tipo-de-publicacion/serie-estudios-estadisticos?page=6
[FULL_20_CEPAL] t= 485.0s | pag=212 | files= 290 | data= 25 | cola=1954 | prio=10 | https://www.cepal.org/es/tipo-de-publicacion/serie-estudios-estadisticos?page=7
[FULL_20_CEPAL] DATASET ACTUALIZADO | https://www.cepal.org/es/tipo-de-publicacion/serie-estudios-estadisticos -> https://www.cepal.org/es/tipo-de-publicacion/serie-estudios-estadisticos?page=7
[FULL_20_CEPAL] t= 487.2s | pag=213 | files= 290 | data= 25 | cola=1963 | prio=10 | https://www.cepal.org/es/tipo-de-publicacion/serie-estudios-estadisticos?page=8
[FULL_20_CEPAL] t= 488.0s | pag=214 | files= 290 | data= 25 | cola=1972 | prio=10 | https://www.cepal.org/es/tipo-de-publicacion/serie-estudios-estadisticos?page=10
[FULL_20_CEPAL] t= 489.8s | pag=215 | files= 290 | data= 25 | cola=1979 | prio=10 | https://www.cepal.org/es/publicaciones/83770-la-revolucion-datos-mas-mejor-informacion-promover-desarrollo-sostenible
[FULL_20_CEPAL] t= 490.3s | pag=216 | files= 290 | data= 25 | cola=1982 | prio=10 | https://www.cepal.org/es/publicaciones/82544-percepciones-gobernabilidad-gobernanza-america-latina
[FULL_20_CEPAL] t= 491.0s | pag=217 | files= 290 | data= 25 | cola=1986 | prio=10 | https://www.cepal.org/es/publicaciones/82398-panorama-institucional-la-produccion-estadisticas-ambientales-america-latina
[FULL_20_CEPAL] t= 491.5s | pag=218 | files= 290 | data= 25 | cola=1989 | prio=10 | https://www.cepal.org/es/publicaciones/82292-metodologia-empleada-la-obtencion-resultados-ciclo-2021-programa-comparacion
[FULL_20_CEPAL] t= 493.3s | pag=219 | files= 290 | data= 25 | cola=1992 | prio=10 | https://www.cepal.org/es/publicaciones/81897-estadisticas-indicadores-relacionadas-cambio-climatico-america-latina-caribe
[FULL_20_CEPAL] t= 494.0s | pag=220 | files= 290 | data= 25 | cola=1995 | prio=10 | https://www.cepal.org/es/publicaciones/81398-principales-resultados-ciclo-2021-programa-comparacion-internacional-america
[FULL_20_CEPAL] t= 494.7s | pag=221 | files= 290 | data= 25 | cola=1998 | prio=10 | https://www.cepal.org/es/tipo-de-publicacion/temas-estadisticos-la-cepal?page=1
[FULL_20_CEPAL] t= 496.7s | pag=222 | files= 290 | data= 25 | cola=2008 | prio=10 | https://www.cepal.org/es/tipo-de-publicacion/temas-estadisticos-la-cepal?page=2
[FULL_20_CEPAL] t= 497.2s | pag=223 | files= 290 | data= 25 | cola=2010 | prio=10 | https://www.cepal.org/es/temas/innovacion-estadistica
[FULL_20_CEPAL] t= 499.8s | pag=224 | files= 290 | data= 25 | cola=2021 | prio=10 | https://campusestadisticas.cepal.org/
[FULL_20_CEPAL] t= 501.2s | pag=225 | files= 290 | data= 26 | cola=2078 | prio=10 | https://www.cepal.org/es/eventos/septima-reunion-grupo-expertos-un-ggim-integracion-informacion-estadistica-geoespacial
[FULL_20_CEPAL] t= 504.6s | pag=226 | files= 304 | data= 26 | cola=2080 | prio=10 | https://www.cepal.org/es/notas/instituto-nacional-estadisticas-censos-indec-instituto-geografico-nacional-argentina-apoyo
[FULL_20_CEPAL] t= 506.7s | pag=227 | files= 304 | data= 26 | cola=2081 | prio=10 | https://www.cepal.org/es/eventos/taller-la-generacion-hoja-ruta-la-integracion-informacion-estadistica-geoespacial-argentina
[FULL_20_CEPAL] t= 507.5s | pag=228 | files= 305 | data= 26 | cola=2082 | prio=10 | https://www.cepal.org/es/eventos/taller-la-generacion-hoja-ruta-la-integracion-informacion-estadistica-geoespacial-costa-rica
[FULL_20_CEPAL] t= 511.6s | pag=229 | files= 308 | data= 26 | cola=2083 | prio=10 | https://www.cepal.org/es/publicaciones/81653-catalogo-tematico-desarrollo-economico
[FULL_20_CEPAL] t= 512.2s | pag=230 | files= 308 | data= 26 | cola=2086 | prio=10 | https://www.cepal.org/es/publicaciones/81658-catalogo-tematico-poblacion-desarrollo
[FULL_20_CEPAL] t= 512.7s | pag=231 | files= 308 | data= 26 | cola=2091 | prio=10 | https://www.cepal.org/es/publicaciones/81686-catalogo-tematico-desarrollo-productivo-empresarial
[FULL_20_CEPAL] t= 513.6s | pag=232 | files= 308 | data= 26 | cola=2094 | prio=10 | https://www.cepal.org/es/publicaciones/81656-catalogo-tematico-desarrollo-social
[FULL_20_CEPAL] t= 514.6s | pag=233 | files= 308 | data= 26 | cola=2098 | prio=10 | https://www.cepal.org/es/publicaciones/81682-catalogo-tematico-recursos-naturales
[FULL_20_CEPAL] t= 515.6s | pag=234 | files= 308 | data= 26 | cola=2103 | prio=10 | https://www.cepal.org/es/publicaciones/81654-catalogo-tematico-planificacion-desarrollo
[FULL_20_CEPAL] t= 516.3s | pag=235 | files= 308 | data= 26 | cola=2109 | prio=10 | https://www.cepal.org/es/publicaciones/89944-catalogo-tematico-acuerdo-escazu
[FULL_20_CEPAL] t= 519.7s | pag=236 | files= 308 | data= 26 | cola=2113 | prio=10 | https://www.cepal.org/es/publicaciones/81662-catalogo-tematico-agenda-2030-desarrollo-sostenible
[FULL_20_CEPAL] t= 520.2s | pag=237 | files= 308 | data= 26 | cola=2116 | prio=10 | https://www.cepal.org/en/publications/89929-thematic-catalogue-2030-agenda-sustainable-development
[FULL_20_CEPAL] t= 523.4s | pag=238 | files= 308 | data= 26 | cola=2122 | prio=10 | https://www.cepal.org/es/publicaciones/81689-catalogo-tematico-asuntos-genero
[FULL_20_CEPAL] t= 526.1s | pag=239 | files= 308 | data= 26 | cola=2127 | prio=10 | https://www.cepal.org/en/publications/90078-thematic-catalogue-gender-affairs
[FULL_20_CEPAL] t= 528.4s | pag=240 | files= 308 | data= 26 | cola=2135 | prio=10 | https://www.cepal.org/es/publicaciones/81661-catalogo-tematico-desarrollo-sostenible-asentamientos-humanos
[FULL_20_CEPAL] t= 530.1s | pag=241 | files= 308 | data= 26 | cola=2138 | prio=10 | https://www.cepal.org/es/publicaciones/81688-catalogo-tematico-comercio-internacional-integracion
[FULL_20_CEPAL] t= 532.9s | pag=242 | files= 308 | data= 26 | cola=2144 | prio=10 | https://www.cepal.org/en/publications/accesible
[FULL_20_CEPAL] t= 533.6s | pag=243 | files= 308 | data= 26 | cola=2154 | prio=10 | https://www.cepal.org/pt-br/publications/accesible
[FULL_20_CEPAL] t= 534.0s | pag=244 | files= 308 | data= 26 | cola=2153 | prio=10 | https://www.cepal.org/es/publicaciones/90234-impactos-cambio-demografico-america-latina-caribe-retos-opciones-la-politica
[FULL_20_CEPAL] t= 534.8s | pag=245 | files= 308 | data= 26 | cola=2155 | prio=10 | https://www.cepal.org/es/publicaciones/82881-personas-discapacidad-la-visibilidad-estadistica-al-ejercicio-derechos-version
[FULL_20_CEPAL] t= 535.5s | pag=246 | files= 308 | data= 26 | cola=2158 | prio=10 | https://www.cepal.org/es/publicaciones/81359-perspectivas-comercio-internacional-america-latina-caribe-2024-resumen-ejecutivo
[FULL_20_CEPAL] t= 536.2s | pag=247 | files= 308 | data= 26 | cola=2161 | prio=10 | https://www.cepal.org/es/publicaciones/81301-estudio-economico-america-latina-caribe-2024-resumen-ejecutivo-version-accesible
[FULL_20_CEPAL] t= 536.7s | pag=248 | files= 308 | data= 26 | cola=2163 | prio=10 | https://www.cepal.org/es/publicaciones/81203-panorama-social-america-latina-caribe-2024-version-accesible
[FULL_20_CEPAL] t= 537.2s | pag=249 | files= 308 | data= 26 | cola=2167 | prio=10 | https://www.cepal.org/es/publicaciones/81202-guia-la-creacion-documentos-accesibles-la-comision-economica-america-latina
[FULL_20_CEPAL] t= 539.0s | pag=250 | files= 308 | data= 26 | cola=2170 | prio=10 | https://www.cepal.org/es/publicaciones/81132-estudio-economico-america-latina-caribe-2023-version-accesible
[FULL_20_CEPAL] t= 539.7s | pag=251 | files= 308 | data= 26 | cola=2172 | prio=10 | https://www.cepal.org/es/publicaciones/80434-compromiso-santiago-version-accesible
[FULL_20_CEPAL] t= 541.6s | pag=252 | files= 308 | data= 26 | cola=2174 | prio=10 | https://www.cepal.org/es/publicaciones/80419-compromiso-buenos-aires-version-accesible
[FULL_20_CEPAL] t= 544.8s | pag=253 | files= 308 | data= 26 | cola=2176 | prio=10 | https://www.cepal.org/es/publicaciones/80418-consenso-montevideo-poblacion-desarrollo-version-accesible
[FULL_20_CEPAL] t= 545.6s | pag=254 | files= 308 | data= 26 | cola=2179 | prio=10 | https://www.cepal.org/es/publicaciones/69179-panorama-social-america-latina-caribe-2023-version-accesible
[FULL_20_CEPAL] t= 546.5s | pag=255 | files= 308 | data= 26 | cola=2182 | prio=10 | https://www.cepal.org/es/publicaciones/69162-acuerdo-regional-acceso-la-informacion-la-participacion-publica-acceso-la
[FULL_20_CEPAL] t= 547.4s | pag=256 | files= 308 | data= 26 | cola=2184 | prio=10 | https://www.cepal.org/es/publicaciones/48905-panorama-social-america-latina-caribe-2022-resumen-ejecutivo-formato-accesible
[FULL_20_CEPAL] t= 549.3s | pag=257 | files= 308 | data= 26 | cola=2186 | prio=10 | https://www.cepal.org/en/publications/90226-impacts-demographic-change-latin-america-and-caribbean-public-policy-challenges
[FULL_20_CEPAL] t= 550.1s | pag=258 | files= 308 | data= 26 | cola=2197 | prio=10 | https://repositorio.cepal.org/bitstreams/cac14596-5113-4447-9cb2-15bfa440f5f6/download
[FULL_20_CEPAL] t= 552.1s | pag=258 | files= 308 | data= 26 | cola=2196 | prio=10 | https://repositorio.cepal.org/bitstreams/ca444aaf-0bca-4c33-9c67-51e4570e5c88/download
[FULL_20_CEPAL] t= 554.2s | pag=258 | files= 308 | data= 26 | cola=2195 | prio=10 | https://www.cepal.org/en/publications/89775-2030-agenda-latin-america-and-caribbean-accelerating-implementation-new-era
[FULL_20_CEPAL] t= 556.4s | pag=259 | files= 308 | data= 27 | cola=2202 | prio=10 | https://www.cepal.org/es/publicaciones/89912-agenda-2030-america-latina-caribe-como-acelerar-paso-su-cumplimiento-la-nueva
[FULL_20_CEPAL] t= 557.4s | pag=260 | files= 308 | data= 27 | cola=2204 | prio=10 | https://www.cepal.org/es/publicaciones/89917-ods-6-agua-limpia-saneamiento-implementacion-america-latina-caribe-2026
[FULL_20_CEPAL] t= 558.2s | pag=261 | files= 308 | data= 27 | cola=2206 | prio=10 | https://www.cepal.org/es/publicaciones/89919-ods-7-energia-asequible-contaminante-implementacion-america-latina-caribe-2026
[FULL_20_CEPAL] t= 559.5s | pag=262 | files= 308 | data= 27 | cola=2208 | prio=10 | https://www.cepal.org/es/publicaciones/89921-ods-9-industria-innovacion-infraestructura-implementacion-america-latina-caribe
[FULL_20_CEPAL] t= 560.1s | pag=263 | files= 308 | data= 27 | cola=2210 | prio=10 | https://www.cepal.org/es/publicaciones/89923-ods-11-ciudades-comunidades-sostenibles-implementacion-america-latina-caribe
[FULL_20_CEPAL] t= 562.1s | pag=264 | files= 308 | data= 27 | cola=2212 | prio=10 | https://www.cepal.org/es/publicaciones/89926-ods-17-alianzas-lograr-objetivos-implementacion-america-latina-caribe-2026
[FULL_20_CEPAL] t= 562.9s | pag=265 | files= 308 | data= 27 | cola=2214 | prio=10 | https://www.cepal.org/es/tipo-de-publicacion/documentos-periodo-sesiones-la-cepal
[FULL_20_CEPAL] t= 564.5s | pag=266 | files= 308 | data= 27 | cola=2217 | prio=10 | https://www.cepal.org/es/tipo-de-publicacion/periodo-sesiones-la-comision
[FULL_20_CEPAL] t= 566.8s | pag=267 | files= 308 | data= 27 | cola=2235 | prio=10 | https://www.cepal.org/es/tipo-de-publicacion/sede-subregional-la-cepal-mexico-estudios-investigaciones
[FULL_20_CEPAL] t= 567.6s | pag=268 | files= 308 | data= 27 | cola=2245 | prio=10 | https://www.cepal.org/es/publicaciones/90258-impactos-oportunidades-la-prevencion-gestion-plasticos-un-solo-uso-mediante-la
[FULL_20_CEPAL] t= 568.2s | pag=269 | files= 308 | data= 27 | cola=2248 | prio=10 | https://www.cepal.org/es/publicaciones/90255-matrimonios-uniones-infantiles-america-latina-caribe-datos-la-accion-publica
[FULL_20_CEPAL] t= 568.8s | pag=270 | files= 308 | data= 27 | cola=2250 | prio=10 | https://www.cepal.org/es/publicaciones/90241-simulador-la-transformacion-digital-productiva-herramienta-diseno-politicas
[FULL_20_CEPAL] t= 569.4s | pag=271 | files= 308 | data= 27 | cola=2253 | prio=10 | https://www.cepal.org/es/publicaciones/90231-guia-la-implementacion-la-metodologia-planificacion-electrica-resiliente-sector
[FULL_20_CEPAL] t= 570.3s | pag=272 | files= 308 | data= 27 | cola=2256 | prio=10 | https://www.cepal.org/es/publicaciones/90230-la-trampa-la-baja-capacidad-crecer-america-latina-caribe
[FULL_20_CEPAL] t= 571.0s | pag=273 | files= 308 | data= 27 | cola=2258 | prio=10 | https://www.cepal.org/es/listado/cepal_publication?page=1
[FULL_20_CEPAL] t= 571.9s | pag=274 | files= 308 | data= 27 | cola=2266 | prio=10 | https://www.cepal.org/es/listado/cepal_publication?page=2
[FULL_20_CEPAL] t= 587.7s | pag=274 | files= 308 | data= 27 | cola=2265 | prio=10 | https://www.cepal.org/es/listado/cepal_publication?page=1305
[FULL_20_CEPAL] t= 604.0s | pag=274 | files= 308 | data= 27 | cola=2264 | prio=10 | https://www.cepal.org/es/publicaciones/90191-iniciativas-articulacion-productiva-territorial-mexico-gobernanza-subnacional
[FULL_20_CEPAL] t= 605.7s | pag=275 | files= 308 | data= 27 | cola=2266 | prio=10 | https://www.cepal.org/es/publicaciones/90112-boletin-comercio-exterior-mercosur-9-acuerdo-la-union-europea-oportunidad
[FULL_20_CEPAL] t= 606.6s | pag=276 | files= 308 | data= 27 | cola=2269 | prio=10 | https://www.cepal.org/es/publicaciones/90118-institucionalidad-mecanismos-seguimiento-compromisos-materia-cooperacion-sur-sur
[FULL_20_CEPAL] t= 607.9s | pag=277 | files= 308 | data= 27 | cola=2273 | prio=10 | https://www.cepal.org/es/publicaciones/90114-temario-provisional-anotado-segunda-reunion-la-mesa-directiva-la-conferencia
[FULL_20_CEPAL] t= 609.4s | pag=278 | files= 308 | data= 27 | cola=2276 | prio=10 | https://www.cepal.org/es/publicaciones/90030-accion-la-igualdad-genero-la-sociedad-cuidado-propuesta-normativa-estandares
[FULL_20_CEPAL] t= 610.3s | pag=279 | files= 308 | data= 27 | cola=2278 | prio=10 | https://www.cepal.org/es/publicaciones/89985-informe-portuario-2024-2025-como-navegar-nueva-etapa-globalizacion
[FULL_20_CEPAL] t= 610.8s | pag=280 | files= 308 | data= 27 | cola=2282 | prio=10 | https://www.cepal.org/es/publicaciones/89964-fortalecimiento-la-cadena-valor-la-miel-regiones-costa-mixteca-estado-oaxaca
[FULL_20_CEPAL] t= 612.4s | pag=281 | files= 308 | data= 27 | cola=2284 | prio=10 | https://www.cepal.org/es/publicaciones/89941-estrategia-nacional-exportacion-servicios-modernos-panama-2026
[FULL_20_CEPAL] t= 613.4s | pag=282 | files= 308 | data= 27 | cola=2287 | prio=10 | https://www.cepal.org/es/publicaciones/86530-cooperativas-latinoamericanas-comercio-justo-historias-resiliencia
[FULL_20_CEPAL] t= 614.0s | pag=283 | files= 308 | data= 27 | cola=2290 | prio=10 | https://www.cepal.org/es/publicaciones/86003-politicas-desarrollo-productivo-ambito-subnacional-fundamentos-instituciones
[FULL_20_CEPAL] t= 614.5s | pag=284 | files= 308 | data= 27 | cola=2292 | prio=10 | https://www.cepal.org/es/publicaciones/85929-rol-la-infraestructura-la-seguridad-vial-america-latina
[FULL_20_CEPAL] t= 615.2s | pag=285 | files= 308 | data= 27 | cola=2294 | prio=10 | https://www.cepal.org/es/publicaciones/84632-claves-la-cepal-desarrollo-ndeg25-perspectivas-comercio-internacional-america
[FULL_20_CEPAL] t= 616.1s | pag=286 | files= 308 | data= 27 | cola=2297 | prio=10 | https://www.cepal.org/es/publicaciones/84551-transformacion-digital-portuaria-sistemas-comunitarios-portuarios-gemelos
[FULL_20_CEPAL] t= 616.6s | pag=287 | files= 308 | data= 27 | cola=2299 | prio=10 | https://www.cepal.org/es/publicaciones/84429-guia-basica-gobernanza-anticipatoria
[FULL_20_CEPAL] t= 617.4s | pag=288 | files= 308 | data= 27 | cola=2303 | prio=10 | https://www.cepal.org/es/publicaciones/83137-desarrollo-clusteres-logisticos-america-latina
[FULL_20_CEPAL] t= 618.3s | pag=289 | files= 308 | data= 27 | cola=2306 | prio=10 | https://www.cepal.org/es/publicaciones/84477-boletin-estadistico-comercio-exterior-bienes-america-latina-caribe-segundo
[FULL_20_CEPAL] t= 619.5s | pag=290 | files= 308 | data= 27 | cola=2309 | prio=10 | https://www.cepal.org/es/publicaciones/83912-oportunidades-diversificacion-exportadora-mercosur-un-abordaje-espacio-producto
[FULL_20_CEPAL] t= 620.4s | pag=291 | files= 308 | data= 27 | cola=2311 | prio=10 | https://www.cepal.org/es/listado/cepal_publication?page=1&work_area=8192
[FULL_20_CEPAL] t= 636.0s | pag=291 | files= 308 | data= 27 | cola=2310 | prio=10 | https://www.cepal.org/es/listado/cepal_publication?page=2&work_area=8192
[FULL_20_CEPAL] t= 652.4s | pag=291 | files= 308 | data= 27 | cola=2309 | prio=10 | https://www.cepal.org/es/listado/cepal_publication?page=132&work_area=8192
[FULL_20_CEPAL] t= 668.4s | pag=291 | files= 308 | data= 27 | cola=2308 | prio=10 | https://www.cepal.org/es/publicaciones/90194-transicion-energetica-crecimiento-economico-mexico-mirada-un-desarrollo
[FULL_20_CEPAL] t= 669.7s | pag=292 | files= 308 | data= 27 | cola=2310 | prio=10 | https://www.cepal.org/es/publicaciones/90159-repensar-la-cooperacion-sur-sur-triangular-tiempos-incertidumbre-documento-la
[FULL_20_CEPAL] t= 670.9s | pag=293 | files= 308 | data= 27 | cola=2313 | prio=10 | https://www.cepal.org/es/publicaciones/90070-amenazas-inflacionarias-latentes-retos-la-politica-monetaria-financiera
[FULL_20_CEPAL] t= 672.1s | pag=294 | files= 308 | data= 27 | cola=2315 | prio=10 | https://www.cepal.org/es/listado/cepal_publication?page=1&work_area=8188
[FULL_20_CEPAL] t= 673.1s | pag=295 | files= 308 | data= 27 | cola=2320 | prio=10 | https://www.cepal.org/es/listado/cepal_publication?page=2&work_area=8188
[FULL_20_CEPAL] t= 688.7s | pag=295 | files= 308 | data= 27 | cola=2319 | prio=10 | https://www.cepal.org/es/listado/cepal_publication?page=233&work_area=8188
[FULL_20_CEPAL] t= 705.1s | pag=295 | files= 308 | data= 27 | cola=2318 | prio=10 | https://www.cepal.org/es/publicaciones/90208-valor-agregado-programa-imss-coplamar-como-estrategia-atencion-primaria-salud
[FULL_20_CEPAL] t= 706.2s | pag=296 | files= 308 | data= 27 | cola=2321 | prio=10 | https://www.cepal.org/es/publicaciones/90175-informe-la-implementacion-programa-universalizacion-atencion-primaria-salud
[FULL_20_CEPAL] t= 707.1s | pag=297 | files= 308 | data= 27 | cola=2323 | prio=10 | https://www.cepal.org/es/publicaciones/90148-trayectorias-la-migracion-retorno-mexico-2015-2025
[FULL_20_CEPAL] t= 707.8s | pag=298 | files= 308 | data= 27 | cola=2325 | prio=10 | https://www.cepal.org/es/publicaciones/90142-cohesion-social-desarrollo-social-inclusivo-america-latina-caribe-perfiles
[FULL_20_CEPAL] t= 708.7s | pag=299 | files= 308 | data= 27 | cola=2329 | prio=10 | https://www.cepal.org/es/publicaciones/90132-experiencia-digital-la-ninez-adolescencia-america-latina-argentina-bolivia
[FULL_20_CEPAL] t= 709.4s | pag=300 | files= 308 | data= 27 | cola=2331 | prio=10 | https://www.cepal.org/es/publicaciones/90136-charlas-magistrales-desigualdad-social-barr-bourguignon-ferreira-foster-lustig
[FULL_20_CEPAL] t= 710.0s | pag=301 | files= 308 | data= 27 | cola=2334 | prio=10 | https://www.cepal.org/es/publicaciones/90135-educacion-desigualdad-desarrollo-social-inclusivo
[FULL_20_CEPAL] t= 710.8s | pag=302 | files= 308 | data= 27 | cola=2336 | prio=10 | https://www.cepal.org/es/publicaciones/90124-desigualdad-social-multidimensional-avances-propuesta-medicion-regional
[FULL_20_CEPAL] t= 711.3s | pag=303 | files= 308 | data= 27 | cola=2338 | prio=10 | https://www.cepal.org/es/publicaciones/90140-temario-provisional-anotado-sexta-reunion-la-conferencia-regional-poblacion
[FULL_20_CEPAL] t= 712.8s | pag=304 | files= 308 | data= 27 | cola=2344 | prio=10 | https://www.cepal.org/es/publicaciones/90127-informe-la-sexta-reunion-la-conferencia-regional-desarrollo-social-america
[FULL_20_CEPAL] t= 714.4s | pag=305 | files= 308 | data= 27 | cola=2349 | prio=10 | https://www.cepal.org/es/publicaciones/90139-provisional-agenda-sixth-session-regional-conference-population-and-development
[FULL_20_CEPAL] t= 715.7s | pag=306 | files= 308 | data= 27 | cola=2351 | prio=10 | https://www.cepal.org/es/publicaciones/90042-sistemas-salud-universales-integrales-sostenibles-resilientes-un-requisito
[FULL_20_CEPAL] t= 716.2s | pag=307 | files= 308 | data= 27 | cola=2355 | prio=10 | https://www.cepal.org/es/publicaciones/90196-sistemas-salud-universales
[FULL_20_CEPAL] t= 717.4s | pag=308 | files= 308 | data= 27 | cola=2357 | prio=10 | https://www.cepal.org/es/publicaciones/90199-sistemas-salud-resilientes
[FULL_20_CEPAL] t= 718.6s | pag=309 | files= 308 | data= 27 | cola=2359 | prio=10 | https://www.cepal.org/es/publicaciones/90201-sistemas-salud-universales-integrales-sostenibles-resilientes-avanzar-desarrollo
[FULL_20_CEPAL] t= 719.9s | pag=310 | files= 308 | data= 27 | cola=2361 | prio=10 | https://www.cepal.org/es/publicaciones/90197-sistemas-salud-integrales
[FULL_20_CEPAL] t= 721.4s | pag=311 | files= 308 | data= 27 | cola=2363 | prio=10 | https://www.cepal.org/es/publicaciones/90198-sistemas-salud-sostenibles
[FULL_20_CEPAL] t= 723.2s | pag=312 | files= 308 | data= 27 | cola=2365 | prio=10 | https://www.cepal.org/es/listado/cepal_publication?page=1&work_area=8195
[FULL_20_CEPAL] t= 738.9s | pag=312 | files= 308 | data= 27 | cola=2364 | prio=10 | https://www.cepal.org/es/listado/cepal_publication?page=2&work_area=8195
[FULL_20_CEPAL] t= 755.1s | pag=312 | files= 308 | data= 27 | cola=2363 | prio=10 | https://www.cepal.org/es/listado/cepal_publication?page=261&work_area=8195
[FULL_20_CEPAL] t= 771.3s | pag=312 | files= 308 | data= 27 | cola=2362 | prio=10 | https://www.cepal.org/es/publicaciones/90217-protocolo-la-evaluacion-visual-infraestructura-patrimonial-aplicacion-chile
[FULL_20_CEPAL] t= 773.0s | pag=313 | files= 308 | data= 27 | cola=2365 | prio=10 | https://www.cepal.org/es/publicaciones/90206-ruta-la-implementacion-acuerdo-regional-acceso-la-informacion-la-participacion
[FULL_20_CEPAL] t= 773.5s | pag=314 | files= 308 | data= 27 | cola=2367 | prio=10 | https://www.cepal.org/es/publicaciones/90038-relatoria-segundo-seminario-impacto-la-delincuencia-organizada-la-economia
[FULL_20_CEPAL] t= 774.5s | pag=315 | files= 308 | data= 27 | cola=2370 | prio=10 | https://www.cepal.org/es/publicaciones/84908-relatoria-primer-seminario-impacto-la-delincuencia-organizada-la-economia
[FULL_20_CEPAL] t= 775.1s | pag=316 | files= 308 | data= 27 | cola=2373 | prio=10 | https://www.cepal.org/es/publicaciones/89994-estadisticas-subsector-electrico-paises-sistema-la-integracion-centroamericana
[FULL_20_CEPAL] t= 775.9s | pag=317 | files= 308 | data= 27 | cola=2375 | prio=10 | https://www.cepal.org/es/publicaciones/89987-resumen-la-presidencia-novena-reunion-foro-paises-america-latina-caribe
[FULL_20_CEPAL] t= 777.4s | pag=318 | files= 308 | data= 27 | cola=2380 | prio=10 | https://www.cepal.org/es/publicaciones/90002-decisiones-aprobadas-cuarta-reunion-la-conferencia-partes-acuerdo-regional
[FULL_20_CEPAL] t= 779.1s | pag=319 | files= 308 | data= 27 | cola=2383 | prio=10 | https://www.cepal.org/es/publicaciones/89938-acuerdo-regional-acceso-la-informacion-la-participacion-publica-acceso-la
[FULL_20_CEPAL] t= 779.6s | pag=320 | files= 308 | data= 27 | cola=2386 | prio=10 | https://www.cepal.org/es/publicaciones/89936-informe-la-xxii-reunion-comite-monitoreo-comite-desarrollo-cooperacion-caribe
[FULL_20_CEPAL] t= 781.2s | pag=321 | files= 308 | data= 27 | cola=2391 | prio=10 | https://www.cepal.org/es/publicaciones/89932-informe-la-secretaria-registros-emisiones-transferencias-contaminantes-america
[FULL_20_CEPAL] t= 782.8s | pag=322 | files= 308 | data= 27 | cola=2394 | prio=10 | https://www.cepal.org/es/publicaciones/89925-informe-la-secretaria-la-participacion-publico-procesos-toma-decisiones
[FULL_20_CEPAL] t= 784.2s | pag=323 | files= 308 | data= 27 | cola=2397 | prio=10 | https://www.cepal.org/es/publicaciones/89765-informe-la-secretaria-registros-emisiones-transferencias-contaminantes-america
[FULL_20_CEPAL] t= 785.7s | pag=324 | files= 308 | data= 27 | cola=2400 | prio=10 | https://www.cepal.org/es/listado/cepal_publication?page=1&work_area=8179
[FULL_20_CEPAL] t= 786.5s | pag=325 | files= 308 | data= 27 | cola=2417 | prio=10 | https://www.cepal.org/es/listado/cepal_publication?page=2&work_area=8179
[FULL_20_CEPAL] t= 802.2s | pag=325 | files= 308 | data= 27 | cola=2416 | prio=10 | https://www.cepal.org/es/listado/cepal_publication?page=103&work_area=8179
[FULL_20_CEPAL] t= 803.5s | pag=326 | files= 308 | data= 27 | cola=2419 | prio=10 | https://www.cepal.org/es/publicaciones/90221-informe-actividades-centro-latinoamericano-caribeno-demografia-celade-division
[FULL_20_CEPAL] t= 803.9s | pag=327 | files= 308 | data= 27 | cola=2421 | prio=10 | https://www.cepal.org/es/publicaciones/89931-politicas-publicas-cuidados-largo-plazo-experiencias-mejorar-la-calidad-vida
[FULL_20_CEPAL] t= 804.6s | pag=328 | files= 308 | data= 27 | cola=2423 | prio=10 | https://www.cepal.org/es/publicaciones/89940-desafio-economico-envejecimiento-papel-aumento-la-educacion-uruguay
[FULL_20_CEPAL] t= 805.2s | pag=329 | files= 308 | data= 27 | cola=2427 | prio=10 | https://www.cepal.org/es/publicaciones/89761-guia-la-elaboracion-informe-nacional-voluntario-marco-quinto-examen-evaluacion
[FULL_20_CEPAL] t= 806.6s | pag=330 | files= 308 | data= 27 | cola=2430 | prio=10 | https://www.cepal.org/es/publicaciones/86021-informe-la-sexta-reunion-la-mesa-directiva-la-conferencia-regional-poblacion
[FULL_20_CEPAL] t= 808.2s | pag=331 | files= 308 | data= 27 | cola=2433 | prio=10 | https://www.cepal.org/es/publicaciones/89955-niveles-tendencias-composicion-la-fecundidad-colombia-periodo-2004-2023
[FULL_20_CEPAL] t= 810.1s | pag=332 | files= 308 | data= 27 | cola=2435 | prio=10 | https://www.cepal.org/es/listado/cepal_publication?page=1&work_area=8169
[FULL_20_CEPAL] t= 825.8s | pag=332 | files= 308 | data= 27 | cola=2434 | prio=10 | https://www.cepal.org/es/listado/cepal_publication?page=2&work_area=8169
[FULL_20_CEPAL] t= 842.1s | pag=332 | files= 308 | data= 27 | cola=2433 | prio=10 | https://www.cepal.org/es/listado/cepal_publication?page=125&work_area=8169
[FULL_20_CEPAL] t= 858.2s | pag=332 | files= 308 | data= 27 | cola=2432 | prio=10 | https://www.cepal.org/es/tipo-de-publicacion/documentos-posicion-periodo-sesiones-la-comision
[FULL_20_CEPAL] t= 860.8s | pag=333 | files= 308 | data= 27 | cola=2442 | prio=10 | https://www.cepal.org/en/publications/80728-development-traps-latin-america-and-caribbean-vital-transformations-and-how
[FULL_20_CEPAL] t= 861.8s | pag=334 | files= 308 | data= 27 | cola=2454 | prio=10 | https://www.cepal.org/es/publicaciones/80740-america-latina-caribe-trampas-desarrollo-transformaciones-indispensables-como
[FULL_20_CEPAL] t= 862.8s | pag=335 | files= 308 | data= 27 | cola=2457 | prio=10 | https://www.cepal.org/es/publicaciones/82535-panorama-politicas-desarrollo-productivo-america-latina-caribe-2025-como-salir
[FULL_20_CEPAL] t= 863.6s | pag=336 | files= 308 | data= 27 | cola=2462 | prio=10 | https://www.cepal.org/es/publicaciones/86526-separata-capitulo-ii-politicas-ciencia-tecnologia-innovacion-desarrollo
[FULL_20_CEPAL] t= 864.1s | pag=337 | files= 308 | data= 27 | cola=2464 | prio=10 | https://www.cepal.org/es/publicaciones/82533-panorama-politicas-desarrollo-productivo-america-latina-caribe-2025-como-salir
[FULL_20_CEPAL] t= 864.6s | pag=338 | files= 308 | data= 27 | cola=2467 | prio=10 | https://www.cepal.org/es/publicaciones/81404-escalar-mejorar-politicas-desarrollo-productivo-113-recomendaciones-america
[FULL_20_CEPAL] t= 865.5s | pag=339 | files= 308 | data= 27 | cola=2470 | prio=10 | https://www.cepal.org/es/publicaciones/80641-panorama-politicas-desarrollo-productivo-america-latina-caribe-2024-como
[FULL_20_CEPAL] t= 866.3s | pag=340 | files= 308 | data= 27 | cola=2476 | prio=10 | https://www.cepal.org/es/publicaciones/84460-balance-preliminar-economias-america-latina-caribe-2025
[FULL_20_CEPAL] t= 867.1s | pag=341 | files= 308 | data= 28 | cola=2494 | prio=10 | https://www.cepal.org/en/publications/84461-preliminary-overview-economies-latin-america-and-caribbean-2025-executive-summary
[FULL_20_CEPAL] t= 867.6s | pag=342 | files= 308 | data= 28 | cola=2500 | prio=10 | https://www.cepal.org/es/publicaciones/81104-balance-preliminar-economias-america-latina-caribe-2024
[FULL_20_CEPAL] t= 868.3s | pag=343 | files= 308 | data= 28 | cola=2518 | prio=10 | https://www.cepal.org/es/publicaciones/68747-balance-preliminar-economias-america-latina-caribe-2023
[FULL_20_CEPAL] t= 870.2s | pag=344 | files= 308 | data= 28 | cola=2544 | prio=10 | https://www.cepal.org/es/publicaciones/48574-balance-preliminar-economias-america-latina-caribe-2022
[FULL_20_CEPAL] t= 871.1s | pag=345 | files= 308 | data= 28 | cola=2568 | prio=10 | https://www.cepal.org/es/publicaciones/47669-balance-preliminar-economias-america-latina-caribe-2021
[FULL_20_CEPAL] t= 872.7s | pag=346 | files= 308 | data= 28 | cola=2591 | prio=10 | https://www.cepal.org/es/publicaciones/46501-balance-preliminar-economias-america-latina-caribe-2020
[FULL_20_CEPAL] t= 874.3s | pag=347 | files= 308 | data= 28 | cola=2614 | prio=10 | https://www.cepal.org/es/publicaciones/45000-balance-preliminar-economias-america-latina-caribe-2019
[FULL_20_CEPAL] t= 875.9s | pag=348 | files= 308 | data= 28 | cola=2637 | prio=10 | https://www.cepal.org/es/publicaciones/44326-balance-preliminar-economias-america-latina-caribe-2018
[FULL_20_CEPAL] t= 877.3s | pag=349 | files= 308 | data= 28 | cola=2660 | prio=10 | https://www.cepal.org/es/publicaciones/42651-balance-preliminar-economias-america-latina-caribe-2017
[FULL_20_CEPAL] t= 878.3s | pag=350 | files= 308 | data= 28 | cola=2684 | prio=10 | https://www.cepal.org/es/tipo-de-publicacion/balance-preliminar-economias-america-latina-caribe?page=1
[FULL_20_CEPAL] t= 879.8s | pag=351 | files= 308 | data= 28 | cola=2693 | prio=10 | https://www.cepal.org/es/tipo-de-publicacion/balance-preliminar-economias-america-latina-caribe?page=2
[FULL_20_CEPAL] t= 881.2s | pag=352 | files= 308 | data= 28 | cola=2702 | prio=10 | https://www.cepal.org/es/tipo-de-publicacion/balance-preliminar-economias-america-latina-caribe?page=3
[FULL_20_CEPAL] t= 882.9s | pag=353 | files= 308 | data= 28 | cola=2706 | prio=10 | https://www.cepal.org/es/publicaciones/82263-estudio-economico-america-latina-caribe-2025-movilizacion-recursos
[FULL_20_CEPAL] t= 883.7s | pag=354 | files= 308 | data= 28 | cola=2729 | prio=10 | https://www.cepal.org/en/publications/82264-economic-survey-latin-america-and-caribbean-2025-resource-mobilization-finance
[FULL_20_CEPAL] t= 884.7s | pag=355 | files= 308 | data= 28 | cola=2737 | prio=10 | https://www.cepal.org/en/publications/81302-economic-survey-latin-america-and-caribbean-2024-executive-summary-accessible-0
[FULL_20_CEPAL] t= 886.3s | pag=356 | files= 308 | data= 28 | cola=2741 | prio=10 | https://www.cepal.org/en/publications/82265-economic-survey-latin-america-and-caribbean-2025-resource-mobilization-finance
[FULL_20_CEPAL] t= 886.8s | pag=357 | files= 308 | data= 28 | cola=2744 | prio=10 | https://www.cepal.org/es/publicaciones/80595-estudio-economico-america-latina-caribe-2024-trampa-crecimiento-cambio-climatico
[FULL_20_CEPAL] t= 887.3s | pag=358 | files= 308 | data= 28 | cola=2767 | prio=10 | https://www.cepal.org/es/publicaciones/67989-estudio-economico-america-latina-caribe-2023-financiamiento-transicion
[FULL_20_CEPAL] t= 887.8s | pag=359 | files= 308 | data= 28 | cola=2789 | prio=10 | https://www.cepal.org/es/publicaciones/48077-estudio-economico-america-latina-caribe-2022-dinamica-desafios-la-inversion
[FULL_20_CEPAL] t= 888.4s | pag=360 | files= 308 | data= 28 | cola=2813 | prio=10 | https://www.cepal.org/es/publicaciones/47192-estudio-economico-america-latina-caribe-2021-dinamica-laboral-politicas-empleo
[FULL_20_CEPAL] t= 889.3s | pag=361 | files= 308 | data= 28 | cola=2836 | prio=10 | https://www.cepal.org/es/tipo-de-publicacion/estudio-economico-america-latina-caribe?page=1
[FULL_20_CEPAL] t= 891.0s | pag=362 | files= 308 | data= 28 | cola=2846 | prio=10 | https://www.cepal.org/es/tipo-de-publicacion/estudio-economico-america-latina-caribe?page=2
[FULL_20_CEPAL] t= 893.0s | pag=363 | files= 308 | data= 28 | cola=2855 | prio=10 | https://www.cepal.org/es/tipo-de-publicacion/estudio-economico-america-latina-caribe?page=3
[FULL_20_CEPAL] t= 895.0s | pag=364 | files= 308 | data= 28 | cola=2864 | prio=10 | https://www.cepal.org/es/tipo-de-publicacion/estudio-economico-america-latina-caribe?page=4
[FULL_20_CEPAL] t= 896.9s | pag=365 | files= 308 | data= 28 | cola=2873 | prio=10 | https://www.cepal.org/es/tipo-de-publicacion/estudio-economico-america-latina-caribe?page=5
[FULL_20_CEPAL] t= 898.8s | pag=366 | files= 308 | data= 28 | cola=2880 | prio=10 | https://www.cepal.org/es/publicaciones/82116-la-inversion-extranjera-directa-america-latina-caribe-2025
[FULL_20_CEPAL] t= 899.4s | pag=367 | files= 308 | data= 28 | cola=2887 | prio=10 | https://www.cepal.org/en/publications/82117-foreign-direct-investment-latin-america-and-caribbean-2025-executive-summary
[FULL_20_CEPAL] t= 901.1s | pag=368 | files= 308 | data= 28 | cola=2890 | prio=10 | https://www.cepal.org/es/publicaciones/80564-la-inversion-extranjera-directa-america-latina-caribe-2024
[FULL_20_CEPAL] t= 901.5s | pag=369 | files= 308 | data= 28 | cola=2896 | prio=10 | https://www.cepal.org/es/publicaciones/48978-la-inversion-extranjera-directa-america-latina-caribe-2023
[FULL_20_CEPAL] t= 902.2s | pag=370 | files= 308 | data= 28 | cola=2904 | prio=10 | https://www.cepal.org/es/publicaciones/48520-la-inversion-extranjera-directa-america-latina-caribe-2022
[FULL_20_CEPAL] t= 902.9s | pag=371 | files= 308 | data= 28 | cola=2910 | prio=10 | https://www.cepal.org/es/publicaciones/47147-la-inversion-extranjera-directa-america-latina-caribe-2021
[FULL_20_CEPAL] t= 903.7s | pag=372 | files= 308 | data= 28 | cola=2916 | prio=10 | https://www.cepal.org/es/publicaciones/46450-la-inversion-extranjera-directa-america-latina-caribe-2020
[FULL_20_CEPAL] t= 904.4s | pag=373 | files= 308 | data= 28 | cola=2924 | prio=10 | https://www.cepal.org/es/publicaciones/44697-la-inversion-extranjera-directa-america-latina-caribe-2019
[FULL_20_CEPAL] t= 905.4s | pag=374 | files= 308 | data= 28 | cola=2932 | prio=10 | https://www.cepal.org/es/tipo-de-publicacion/la-inversion-extranjera-directa-america-latina-caribe?page=1
[FULL_20_CEPAL] t= 907.5s | pag=375 | files= 308 | data= 28 | cola=2942 | prio=10 | https://www.cepal.org/es/tipo-de-publicacion/la-inversion-extranjera-directa-america-latina-caribe?page=2
[FULL_20_CEPAL] t= 909.1s | pag=376 | files= 308 | data= 28 | cola=2951 | prio=10 | https://www.cepal.org/es/tipo-de-publicacion/la-inversion-extranjera-directa-america-latina-caribe?page=3
[FULL_20_CEPAL] t= 911.0s | pag=377 | files= 308 | data= 28 | cola=2953 | prio=10 | https://www.cepal.org/es/publicaciones/83782-perspectivas-comercio-internacional-america-latina-caribe-2025-comercio
[FULL_20_CEPAL] t= 911.9s | pag=378 | files= 308 | data= 28 | cola=2958 | prio=10 | https://www.cepal.org/en/publications/83785-international-trade-outlook-latin-america-and-caribbean-2025-international-trade
[FULL_20_CEPAL] t= 912.6s | pag=379 | files= 308 | data= 28 | cola=2964 | prio=10 | https://www.cepal.org/es/publicaciones/80767-perspectivas-comercio-internacional-america-latina-caribe-2024-reconfiguracion
[FULL_20_CEPAL] t= 913.4s | pag=380 | files= 308 | data= 28 | cola=2968 | prio=10 | https://www.cepal.org/es/publicaciones/68663-perspectivas-comercio-internacional-america-latina-caribe-2023-cambios
[FULL_20_CEPAL] t= 914.0s | pag=381 | files= 308 | data= 28 | cola=2974 | prio=10 | https://www.cepal.org/es/publicaciones/48650-perspectivas-comercio-internacional-america-latina-caribe-2022-desafio-dinamizar
[FULL_20_CEPAL] t= 915.9s | pag=382 | files= 308 | data= 28 | cola=2980 | prio=10 | https://www.cepal.org/es/publicaciones/47535-perspectivas-comercio-internacional-america-latina-caribe-2021-busca
[FULL_20_CEPAL] t= 916.6s | pag=383 | files= 308 | data= 28 | cola=2986 | prio=10 | https://www.cepal.org/es/publicaciones/46613-perspectivas-comercio-internacional-america-latina-caribe-2020-la-integracion
[FULL_20_CEPAL] t= 917.4s | pag=384 | files= 308 | data= 28 | cola=2993 | prio=10 | https://www.cepal.org/es/publicaciones/44918-perspectivas-comercio-internacional-america-latina-caribe-2019-adverso-contexto
[FULL_20_CEPAL] t= 918.0s | pag=385 | files= 308 | data= 28 | cola=3001 | prio=10 | https://www.cepal.org/es/publicaciones/44196-perspectivas-comercio-internacional-america-latina-caribe-2018-tensiones
[FULL_20_CEPAL] t= 918.8s | pag=386 | files= 308 | data= 28 | cola=3008 | prio=10 | https://www.cepal.org/es/tipo-de-publicacion/perspectivas-comercio-internacional-america-latina-caribe?page=1
[FULL_20_CEPAL] t= 920.6s | pag=387 | files= 308 | data= 28 | cola=3017 | prio=10 | https://www.cepal.org/es/tipo-de-publicacion/perspectivas-comercio-internacional-america-latina-caribe?page=2
[FULL_20_CEPAL] t= 921.3s | pag=388 | files= 308 | data= 28 | cola=3026 | prio=10 | https://www.cepal.org/es/tipo-de-publicacion/perspectivas-comercio-internacional-america-latina-caribe?page=3
[FULL_20_CEPAL] t= 922.1s | pag=389 | files= 308 | data= 28 | cola=3026 | prio=10 | https://www.cepal.org/es/publicaciones/84175-panorama-social-america-latina-caribe-2025-como-salir-la-trampa-alta-desigualdad
[FULL_20_CEPAL] t= 922.9s | pag=390 | files= 308 | data= 28 | cola=3033 | prio=10 | https://www.cepal.org/es/publicaciones/84176-panorama-social-america-latina-caribe-2025-como-salir-la-trampa-alta-desigualdad
[FULL_20_CEPAL] t= 923.7s | pag=391 | files= 308 | data= 28 | cola=3037 | prio=10 | https://www.cepal.org/es/publicaciones/80858-panorama-social-america-latina-caribe-2024-desafios-la-proteccion-social
[FULL_20_CEPAL] t= 924.7s | pag=392 | files= 308 | data= 28 | cola=3042 | prio=10 | https://www.cepal.org/es/publicaciones/68702-panorama-social-america-latina-caribe-2023-la-inclusion-laboral-como-eje-central
[FULL_20_CEPAL] t= 925.2s | pag=393 | files= 308 | data= 28 | cola=3050 | prio=10 | https://www.cepal.org/es/publicaciones/48518-panorama-social-america-latina-caribe-2022-la-transformacion-la-educacion-como
[FULL_20_CEPAL] t= 926.1s | pag=394 | files= 308 | data= 28 | cola=3058 | prio=10 | https://www.cepal.org/es/publicaciones/47718-panorama-social-america-latina-2021
[FULL_20_CEPAL] t= 927.0s | pag=395 | files= 308 | data= 28 | cola=3066 | prio=10 | https://www.cepal.org/es/publicaciones/46687-panorama-social-america-latina-2020
[FULL_20_CEPAL] t= 928.0s | pag=396 | files= 308 | data= 28 | cola=3073 | prio=10 | https://www.cepal.org/es/tipo-de-publicacion/panorama-social-america-latina-caribe?page=1
[FULL_20_CEPAL] t= 928.8s | pag=397 | files= 308 | data= 28 | cola=3083 | prio=10 | https://www.cepal.org/es/tipo-de-publicacion/panorama-social-america-latina-caribe?page=2
[FULL_20_CEPAL] t= 930.5s | pag=398 | files= 308 | data= 28 | cola=3092 | prio=10 | https://www.cepal.org/es/tipo-de-publicacion/panorama-social-america-latina-caribe?page=3
[FULL_20_CEPAL] t= 932.5s | pag=399 | files= 308 | data= 28 | cola=3099 | prio=10 | https://www.cepal.org/es/listado/cepal_publication?publication_type=8284
[FULL_20_CEPAL] t= 948.1s | pag=399 | files= 308 | data= 28 | cola=3098 | prio=10 | https://www.cepal.org/es/listado/cepal_publication?publication_type=8285
[FULL_20_CEPAL] t= 964.3s | pag=399 | files= 308 | data= 28 | cola=3097 | prio=10 | https://www.cepal.org/es/listado/cepal_publication?publication_type=8286
[FULL_20_CEPAL] t= 980.5s | pag=399 | files= 308 | data= 28 | cola=3096 | prio=10 | https://www.cepal.org/es/listado/cepal_publication?publication_type=8287
[FULL_20_CEPAL] t= 982.2s | pag=400 | files= 308 | data= 28 | cola=3107 | prio=10 | https://www.cepal.org/es/listado/cepal_publication?publication_type=8288
[FULL_20_CEPAL] t= 998.0s | pag=400 | files= 308 | data= 28 | cola=3106 | prio=10 | https://www.cepal.org/es/listado/cepal_publication?publication_type=8289
[FULL_20_CEPAL] t=1014.0s | pag=400 | files= 308 | data= 28 | cola=3105 | prio=10 | https://www.cepal.org/es/listado/cepal_publication?publication_type=8290
[FULL_20_CEPAL] t=1030.5s | pag=400 | files= 308 | data= 28 | cola=3104 | prio=10 | https://www.cepal.org/es/listado/cepal_publication?publication_type=8291
[FULL_20_CEPAL] t=1046.5s | pag=400 | files= 308 | data= 28 | cola=3103 | prio=10 | https://www.cepal.org/es/listado/cepal_publication?publication_type=9083
[FULL_20_CEPAL] t=1062.5s | pag=400 | files= 308 | data= 28 | cola=3102 | prio=10 | https://www.cepal.org/es/listado/cepal_publication?publication_type=8292
[FULL_20_CEPAL] t=1078.8s | pag=400 | files= 308 | data= 28 | cola=3101 | prio=10 | https://www.cepal.org/es/listado/cepal_publication?publication_type=8293
[FULL_20_CEPAL] t=1094.9s | pag=400 | files= 308 | data= 28 | cola=3100 | prio=10 | https://www.cepal.org/es/listado/cepal_publication?publication_type=8294
[FULL_20_CEPAL] t=1096.5s | pag=401 | files= 308 | data= 28 | cola=3122 | prio=10 | https://www.cepal.org/es/tipo-de-publicacion/documentos-proyectos
[FULL_20_CEPAL] t=1097.0s | pag=402 | files= 308 | data= 29 | cola=3132 | prio=10 | https://www.cepal.org/es/tipo-de-publicacion/sede-la-cepal-santiago-estudios-investigaciones
[FULL_20_CEPAL] t=1099.7s | pag=403 | files= 308 | data= 30 | cola=3147 | prio=10 | https://www.cepal.org/es/tipo-de-publicacion/sede-subregional-la-cepal-caribe-estudios-investigaciones
[FULL_20_CEPAL] t=1101.5s | pag=404 | files= 308 | data= 30 | cola=3168 | prio=10 | https://www.cepal.org/es/tipo-de-publicacion/oficina-la-cepal-bogota-estudios-investigaciones
[FULL_20_CEPAL] t=1103.0s | pag=405 | files= 308 | data= 30 | cola=3171 | prio=10 | https://www.cepal.org/es/tipo-de-publicacion/oficina-la-cepal-brasilia-estudios-investigaciones
[FULL_20_CEPAL] t=1104.9s | pag=406 | files= 308 | data= 30 | cola=3190 | prio=10 | https://www.cepal.org/es/tipo-de-publicacion/oficina-la-cepal-argentina-estudios-investigaciones
[FULL_20_CEPAL] t=1105.7s | pag=407 | files= 308 | data= 30 | cola=3205 | prio=10 | https://www.cepal.org/es/tipo-de-publicacion/oficina-la-cepal-montevideo-estudios-investigaciones
[FULL_20_CEPAL] t=1107.8s | pag=408 | files= 308 | data= 30 | cola=3225 | prio=10 | https://www.cepal.org/es/tipo-de-publicacion/oficina-la-cepal-washington-estudios-investigaciones
[FULL_20_CEPAL] t=1109.5s | pag=409 | files= 308 | data= 31 | cola=3245 | prio=10 | https://www.cepal.org/es/tipo-de-publicacion/textos-discusion-cepalipea
[FULL_20_CEPAL] t=1111.1s | pag=410 | files= 308 | data= 31 | cola=3246 | prio=10 | https://www.cepal.org/es/tipo-de-publicacion/avances-la-implementacion-objetivos-desarrollo-sostenible-ods-america-latina
[FULL_20_CEPAL] t=1111.8s | pag=411 | files= 308 | data= 31 | cola=3253 | prio=10 | https://www.cepal.org/es/tipo-de-publicacion/informes-covid-19
[FULL_20_CEPAL] t=1113.5s | pag=412 | files= 308 | data= 31 | cola=3265 | prio=10 | https://www.cepal.org/es/tipo-de-publicacion/observatorio-demografico-america-latina-caribe-demographic-observatory-latin
[FULL_20_CEPAL] t=1114.1s | pag=413 | files= 308 | data= 31 | cola=3277 | prio=10 | https://www.cepal.org/es/tipo-de-publicacion/hummingbird
[FULL_20_CEPAL] t=1116.0s | pag=414 | files= 308 | data= 31 | cola=3297 | prio=10 | https://www.cepal.org/es/tipo-de-publicacion/series-comercio-internacional
[FULL_20_CEPAL] t=1116.7s | pag=415 | files= 308 | data= 32 | cola=3316 | prio=10 | https://www.cepal.org/es/tipo-de-publicacion/serie-desarrollo-productivo
[FULL_20_CEPAL] t=1118.3s | pag=416 | files= 308 | data= 33 | cola=3336 | prio=10 | https://www.cepal.org/es/tipo-de-publicacion/serie-estudios-perspectivas-oficina-la-cepal-bogota
[FULL_20_CEPAL] t=1119.2s | pag=417 | files= 308 | data= 34 | cola=3353 | prio=10 | https://www.cepal.org/es/tipo-de-publicacion/serie-estudios-perspectivas-oficina-la-cepal-brasilia
[FULL_20_CEPAL] t=1119.8s | pag=418 | files= 308 | data= 35 | cola=3359 | prio=10 | https://www.cepal.org/es/tipo-de-publicacion/serie-estudios-perspectivas-oficina-la-cepal-argentina
[FULL_20_CEPAL] t=1120.5s | pag=419 | files= 308 | data= 36 | cola=3374 | prio=10 | https://www.cepal.org/es/tipo-de-publicacion/serie-estudios-perspectivas-sede-subregional-la-cepal-mexico
[FULL_20_CEPAL] t=1121.4s | pag=420 | files= 308 | data= 37 | cola=3391 | prio=10 | https://www.cepal.org/es/tipo-de-publicacion/serie-estudios-perspectivas-oficina-la-cepal-montevideo
[FULL_20_CEPAL] t=1122.3s | pag=421 | files= 308 | data= 38 | cola=3407 | prio=10 | https://www.cepal.org/es/tipo-de-publicacion/estudios-perspectivas-sede-subregional-la-cepal-caribe
[FULL_20_CEPAL] t=1123.2s | pag=422 | files= 308 | data= 38 | cola=3427 | prio=10 | https://www.cepal.org/es/tipo-de-publicacion/estudios-perspectivas-oficina-la-cepal-washington
[FULL_20_CEPAL] t=1123.9s | pag=423 | files= 308 | data= 38 | cola=3441 | prio=10 | https://www.cepal.org/es/tipo-de-publicacion/series-la-cepal?page=1
[FULL_20_CEPAL] t=1124.9s | pag=424 | files= 308 | data= 38 | cola=3448 | prio=10 | https://www.cepal.org/es/tipo-de-publicacion/series-la-cepal?page=2
[FULL_20_CEPAL] t=1125.6s | pag=425 | files= 308 | data= 38 | cola=3448 | prio=10 | https://www.cepal.org/es/tipo-de-publicacion/libros-la-cepal
[FULL_20_CEPAL] t=1126.4s | pag=426 | files= 308 | data= 38 | cola=3467 | prio=10 | https://www.cepal.org/es/tipo-de-publicacion/observatorio-igualdad-genero-america-latina-caribe-estudios
[FULL_20_CEPAL] t=1127.3s | pag=427 | files= 308 | data= 38 | cola=3474 | prio=10 | https://www.cepal.org/es/tipo-de-publicacion/catalogos-bibliografias-resumenes
[FULL_20_CEPAL] t=1129.2s | pag=428 | files= 308 | data= 38 | cola=3478 | prio=10 | https://www.cepal.org/es/tipo-de-publicacion/coleccion-la-hora-la-igualdad
[FULL_20_CEPAL] t=1131.0s | pag=429 | files= 308 | data= 38 | cola=3484 | prio=10 | https://www.cepal.org/es/tipo-de-publicacion/panorama-fiscal-america-latina-caribe
[FULL_20_CEPAL] t=1131.6s | pag=430 | files= 308 | data= 38 | cola=3495 | prio=10 | https://www.cepal.org/es/tipo-de-publicacion/paginas-selectas-la-cepal
[FULL_20_CEPAL] t=1134.2s | pag=431 | files= 308 | data= 38 | cola=3506 | prio=10 | https://www.cepal.org/es/tipo-de-publicacion/aniversarios-la-cepal
[FULL_20_CEPAL] t=1135.6s | pag=432 | files= 308 | data= 38 | cola=3516 | prio=10 | https://www.cepal.org/es/tipo-de-publicacion/metodologias-la-cepal
[FULL_20_CEPAL] t=1136.0s | pag=433 | files= 308 | data= 38 | cola=3525 | prio=10 | https://www.cepal.org/es/tipo-de-publicacion/manuales-la-cepal
[FULL_20_CEPAL] t=1136.7s | pag=434 | files= 308 | data= 38 | cola=3531 | prio=10 | https://www.cepal.org/es/tipo-de-publicacion/libros-monografias?page=1
[FULL_20_CEPAL] t=1137.1s | pag=435 | files= 308 | data= 38 | cola=3534 | prio=10 | https://www.cepal.org/es/publicaciones/83001-revista-cepal-146
[FULL_20_CEPAL] t=1139.9s | pag=436 | files= 308 | data= 38 | cola=3547 | prio=10 | https://www.cepal.org/es/publicaciones/81876-revista-cepal-145
[FULL_20_CEPAL] t=1140.3s | pag=437 | files= 308 | data= 39 | cola=3561 | prio=10 | https://www.cepal.org/es/publicaciones/81222-revista-cepal-144
[FULL_20_CEPAL] t=1141.1s | pag=438 | files= 308 | data= 39 | cola=3575 | prio=10 | https://www.cepal.org/es/publicaciones/80842-revista-cepal-143
[FULL_20_CEPAL] t=1142.5s | pag=439 | files= 308 | data= 39 | cola=3579 | prio=10 | https://www.cepal.org/es/publicaciones/80503-revista-cepal-142
[FULL_20_CEPAL] t=1144.1s | pag=440 | files= 308 | data= 39 | cola=3583 | prio=10 | https://www.cepal.org/es/publicaciones/68541-revista-cepal-140
[FULL_20_CEPAL] t=1145.7s | pag=441 | files= 308 | data= 39 | cola=3587 | prio=10 | https://www.cepal.org/es/publicaciones/48793-revista-cepal-139
[FULL_20_CEPAL] t=1147.7s | pag=442 | files= 308 | data= 39 | cola=3593 | prio=10 | https://www.cepal.org/es/publicaciones/48672-revista-cepal-138
[FULL_20_CEPAL] t=1148.2s | pag=443 | files= 308 | data= 39 | cola=3598 | prio=10 | https://www.cepal.org/es/publicaciones/48095-revista-cepal-137
[FULL_20_CEPAL] t=1150.0s | pag=444 | files= 308 | data= 39 | cola=3604 | prio=10 | https://www.cepal.org/es/listado/cepal_publication?publication_biblevel=2&publication_type=8155
[FULL_20_CEPAL] t=1165.8s | pag=444 | files= 308 | data= 39 | cola=3603 | prio=10 | https://www.cepal.org/es/publicaciones/45034-raul-prebisch-su-faceta-banquero-central-doctor-monetario-textos-publicados
[FULL_20_CEPAL] t=1167.3s | pag=445 | files= 308 | data= 39 | cola=3605 | prio=10 | https://www.cepal.org/es/publicaciones/43988-manuscritos-clases-dictadas-raul-prebisch-buenos-aires-la-dinamica-economica-6
[FULL_20_CEPAL] t=1168.1s | pag=446 | files= 308 | data= 39 | cola=3609 | prio=10 | https://www.cepal.org/es/publicaciones/37962-revista-la-cepal-numero-extraordinario-cepal-cincuenta-anos
[FULL_20_CEPAL] t=1168.8s | pag=447 | files= 308 | data= 39 | cola=3611 | prio=10 | https://www.cepal.org/es/tipo-de-publicacion/revista-cepal/acerca-revista-cepal
[FULL_20_CEPAL] t=1169.7s | pag=448 | files= 308 | data= 39 | cola=3612 | prio=10 | https://www.cepal.org/es/tipo-de-publicacion/revista-cepal/consejo-editorial
[FULL_20_CEPAL] t=1170.4s | pag=449 | files= 308 | data= 39 | cola=3613 | prio=10 | https://www.cepal.org/es/tipo-de-publicacion/revista-cepal/disclaimer
[FULL_20_CEPAL] t=1170.9s | pag=450 | files= 308 | data= 39 | cola=3614 | prio=10 | https://www.cepal.org/es/tipo-de-publicacion/revista-cepal/equipo-trabajo-la-revista-cepal
[FULL_20_CEPAL] t=1172.6s | pag=451 | files= 308 | data= 39 | cola=3617 | prio=10 | https://www.cepal.org/es/tipo-de-publicacion/revista-cepal/indizacion
[FULL_20_CEPAL] t=1173.1s | pag=452 | files= 308 | data= 39 | cola=3618 | prio=10 | https://www.cepal.org/es/tipo-de-publicacion/revista-cepal/jueces-la-revista-cepal
[FULL_20_CEPAL] t=1174.9s | pag=453 | files= 308 | data= 39 | cola=3619 | prio=10 | https://www.cepal.org/es/tipo-de-publicacion/revista-cepal/orientacion-colaboradores-la-revista-la-cepal
[FULL_20_CEPAL] t=1175.5s | pag=454 | files= 308 | data= 39 | cola=3620 | prio=10 | https://repositorio.cepal.org/server/oai/request?metadataPrefix=oai_dc&verb=ListRecords
[FULL_20_CEPAL] t=1177.1s | pag=454 | files= 308 | data= 39 | cola=3619 | prio=10 | https://repositorio.cepal.org/server/oai/openaire4?metadataPrefix=oai_openaire&verb=ListRecords
[FULL_20_CEPAL] t=1178.8s | pag=454 | files= 308 | data= 39 | cola=3618 | prio=10 | https://www.cepal.org/es/notas/datos-la-igualdad-genero-0
[FULL_20_CEPAL] t=1179.4s | pag=455 | files= 308 | data= 39 | cola=3619 | prio=10 | https://www.cepal.org/es/notas/datos-la-igualdad-genero
[FULL_20_CEPAL] t=1180.3s | pag=456 | files= 308 | data= 39 | cola=3620 | prio=10 | https://www.cepal.org/es/publicaciones/90190-la-agenda-2030-desarrollo-sostenible-la-agenda-regional-genero-america-latina
[FULL_20_CEPAL] t=1181.3s | pag=457 | files= 308 | data= 39 | cola=3622 | prio=10 | https://www.cepal.org/es/listado/cepal_publication?topic=37
[FULL_20_CEPAL] t=1196.8s | pag=457 | files= 308 | data= 39 | cola=3621 | prio=10 | https://www.cepal.org/en/work-areas/statistics
[FULL_20_CEPAL] t=1198.3s | pag=458 | files= 308 | data= 40 | cola=3657 | prio=10 | https://www.cepal.org/en/publications
[FULL_20_CEPAL] t=1198.8s | pag=459 | files= 308 | data= 40 | cola=3675 | prio=10 | https://statistics.cepal.org/portal/cepalstat/index.html?lang=en
[FULL_20_CEPAL] t=1200.2s | pag=460 | files= 308 | data= 40 | cola=3674 | prio=10 | https://www.cepal.org/en/publication-types-dspace-linked/flagships
[FULL_20_CEPAL] t=1200.9s | pag=461 | files= 308 | data= 40 | cola=3674 | prio=10 | https://www.cepal.org/en/publication-types-dspace-linked/economic-overview-latin-america
[FULL_20_CEPAL] t=1202.2s | pag=461 | files= 308 | data= 40 | cola=3673 | prio=10 | https://www.cepal.org/es/publicaciones/90156-herramientas-la-transversalizacion-la-perspectiva-genero-la-cooperacion
[FULL_20_CEPAL] t=1204.0s | pag=462 | files= 308 | data= 40 | cola=3676 | prio=10 | https://www.cepal.org/es/publicaciones/90081-compromiso-tlatelolco-decada-accion-logro-la-igualdad-sustantiva-genero-la
[FULL_20_CEPAL] t=1204.7s | pag=463 | files= 308 | data= 40 | cola=3683 | prio=10 | https://www.cepal.org/es/tipo-de-publicacion/libros-documentos-institucionales?page=1
[FULL_20_CEPAL] t=1206.8s | pag=464 | files= 308 | data= 40 | cola=3686 | prio=10 | https://www.cepal.org/es/tipo-de-publicacion/libros-documentos-institucionales?page=2
[FULL_20_CEPAL] t=1209.0s | pag=465 | files= 308 | data= 40 | cola=3691 | prio=10 | https://www.cepal.org/es/tipo-de-publicacion/libros-documentos-institucionales?page=3
[FULL_20_CEPAL] t=1211.1s | pag=466 | files= 308 | data= 40 | cola=3696 | prio=10 | https://www.cepal.org/es/tipo-de-publicacion/libros-documentos-institucionales?page=4
[FULL_20_CEPAL] t=1212.8s | pag=467 | files= 308 | data= 40 | cola=3704 | prio=10 | https://www.cepal.org/es/tipo-de-publicacion/libros-documentos-institucionales?page=5
[FULL_20_CEPAL] t=1214.5s | pag=468 | files= 308 | data= 40 | cola=3711 | prio=10 | https://www.cepal.org/es/tipo-de-publicacion/libros-documentos-institucionales?page=6
[FULL_20_CEPAL] t=1216.6s | pag=469 | files= 308 | data= 40 | cola=3720 | prio=10 | https://www.cepal.org/es/tipo-de-publicacion/libros-documentos-institucionales?page=7
[FULL_20_CEPAL] t=1218.4s | pag=470 | files= 308 | data= 40 | cola=3726 | prio=10 | https://www.cepal.org/es/tipo-de-publicacion/libros-documentos-institucionales?page=8
[FULL_20_CEPAL] t=1220.0s | pag=471 | files= 308 | data= 40 | cola=3735 | prio=10 | https://www.cepal.org/es/tipo-de-publicacion/libros-documentos-institucionales?page=53
[FULL_20_CEPAL] t=1222.0s | pag=472 | files= 308 | data= 40 | cola=3748 | prio=10 | https://www.cepal.org/en/publication-types-dspace-linked/books-and-monographs
[FULL_20_CEPAL] t=1222.6s | pag=473 | files= 308 | data= 40 | cola=3757 | prio=10 | https://www.cepal.org/en/publication-types-dspace-linked/institutional-documents-and-books
[FULL_20_CEPAL] t=1223.6s | pag=474 | files= 308 | data= 40 | cola=3766 | prio=10 | https://sitios.cepal.org/geopolitica/en
[FULL_20_CEPAL] t=1224.9s | pag=475 | files= 310 | data= 40 | cola=3766 | prio=10 | https://repositorio.cepal.org/bitstreams/4d8a333e-9260-44c8-8a49-fd4e0eeff712/download
[FULL_20_CEPAL] t=1226.4s | pag=475 | files= 310 | data= 40 | cola=3765 | prio=10 | https://repositorio.cepal.org/bitstreams/55b3d6fa-32ae-4f7a-947e-10bfc213aea1/download
[FULL_20_CEPAL] t=1228.7s | pag=475 | files= 310 | data= 40 | cola=3764 | prio=10 | https://www.cepal.org/es/tipo-de-publicacion/boletin-economico-america-latina
[FULL_20_CEPAL] t=1229.6s | pag=476 | files= 310 | data= 40 | cola=3778 | prio=10 | https://www.cepal.org/es/tipo-de-publicacion/notas-planificacion-desarrollo
[FULL_20_CEPAL] t=1231.2s | pag=477 | files= 310 | data= 40 | cola=3789 | prio=10 | https://www.cepal.org/es/tipo-de-publicacion/boletin-red-comisiones-futuro-parlamentarias-america-latina-caribe
[FULL_20_CEPAL] t=1231.9s | pag=478 | files= 310 | data= 40 | cola=3795 | prio=10 | https://www.cepal.org/es/tipo-de-publicacion/boletin-instituto-ilpes
[FULL_20_CEPAL] t=1233.4s | pag=479 | files= 310 | data= 40 | cola=3809 | prio=10 | https://www.cepal.org/es/tipo-de-publicacion/boletin-banco-datos
[FULL_20_CEPAL] t=1235.2s | pag=480 | files= 310 | data= 40 | cola=3810 | prio=10 | https://www.cepal.org/es/tipo-de-publicacion/boletin-planificacion-ilpes
[FULL_20_CEPAL] t=1235.7s | pag=481 | files= 310 | data= 40 | cola=3826 | prio=10 | https://www.cepal.org/es/tipo-de-publicacion/boletines-historicos
[FULL_20_CEPAL] t=1237.5s | pag=482 | files= 310 | data= 40 | cola=3829 | prio=10 | https://www.cepal.org/es/tipo-de-publicacion/boletin-estadistico-america-latina
[FULL_20_CEPAL] t=1240.7s | pag=483 | files= 310 | data= 40 | cola=3830 | prio=10 | https://www.cepal.org/es/tipo-de-publicacion/temas-genero-la-argentina
[FULL_20_CEPAL] t=1243.9s | pag=484 | files= 310 | data= 40 | cola=3833 | prio=10 | https://www.cepal.org/es/tipo-de-publicacion/boletines?page=1
[FULL_20_CEPAL] t=1245.5s | pag=485 | files= 310 | data= 40 | cola=3840 | prio=10 | https://www.cepal.org/es/tipo-de-publicacion/boletines?page=2
[FULL_20_CEPAL] t=1247.4s | pag=486 | files= 310 | data= 40 | cola=3847 | prio=10 | https://www.cepal.org/es/tipo-de-publicacion/boletines?page=3
[FULL_20_CEPAL] t=1248.3s | pag=487 | files= 310 | data= 40 | cola=3847 | prio=10 | https://www.cepal.org/es/publicaciones/81411-camino-la-segunda-cumbre-mundial-desarrollo-social-2025-un-pacto-desarrollo
[FULL_20_CEPAL] t=1249.1s | pag=488 | files= 310 | data= 40 | cola=3850 | prio=10 | https://www.cepal.org/es/publicaciones/80944-la-trampa-alta-desigualdad-baja-movilidad-social-america-latina-caribe-un
[FULL_20_CEPAL] t=1250.1s | pag=489 | files= 310 | data= 40 | cola=3853 | prio=10 | https://www.cepal.org/es/publicaciones/80763-la-urgencia-invertir-sistemas-salud-america-latina-caribe-reducir-la-desigualdad
[FULL_20_CEPAL] t=1250.7s | pag=490 | files= 310 | data= 40 | cola=3856 | prio=10 | https://www.cepal.org/es/publicaciones/68814-prevencion-reduccion-abandono-escolar-america-latina-caribe
[FULL_20_CEPAL] t=1251.7s | pag=491 | files= 310 | data= 40 | cola=3859 | prio=10 | https://www.cepal.org/es/publicaciones/48964-extraccion-industrializacion-litio-oportunidades-desafios-america-latina-caribe
[FULL_20_CEPAL] t=1252.4s | pag=492 | files= 310 | data= 40 | cola=3862 | prio=10 | https://www.cepal.org/es/publicaciones/48531-seguridad-alimentaria-nutricional-sostenible-america-latina-caribe-respuesta-la
[FULL_20_CEPAL] t=1254.2s | pag=493 | files= 310 | data= 40 | cola=3865 | prio=10 | https://www.cepal.org/es/publicaciones/47912-repercusiones-america-latina-caribe-la-guerra-ucrania-como-enfrentar-esta-nueva
[FULL_20_CEPAL] t=1254.7s | pag=494 | files= 310 | data= 40 | cola=3868 | prio=10 | https://www.cepal.org/en/publications/47856-special-drawing-rights-sdrs-and-covid-19-crisis
[FULL_20_CEPAL] t=1256.1s | pag=495 | files= 310 | data= 40 | cola=3870 | prio=10 | https://www.cepal.org/es/publicaciones/47831-efectos-economicos-financieros-america-latina-caribe-conflicto-la-federacion
[FULL_20_CEPAL] t=1256.7s | pag=496 | files= 310 | data= 40 | cola=3873 | prio=10 | https://www.cepal.org/es/tipo-de-publicacion/informe-especial-la-cepal?page=1
[FULL_20_CEPAL] t=1258.7s | pag=497 | files= 310 | data= 40 | cola=3883 | prio=10 | https://www.cepal.org/en/publication-types-dspace-linked/regular-publications-reviews-and-bulletins
[FULL_20_CEPAL] t=1259.4s | pag=498 | files= 310 | data= 40 | cola=3888 | prio=10 | https://www.cepal.org/en/publication-types-dspace-linked/newsletters
[FULL_20_CEPAL] t=1260.1s | pag=499 | files= 310 | data= 40 | cola=3900 | prio=10 | https://www.cepal.org/en/publication-types-dspace-linked/eclac-special-report
[FULL_20_CEPAL] t=1260.7s | pag=500 | files= 310 | data= 40 | cola=3901 | prio=10 | https://www.cepal.org/es/tipo-de-publicacion/revista-focus
[FULL_20_CEPAL] t=1262.3s | pag=501 | files= 310 | data= 40 | cola=3921 | prio=10 | https://www.cepal.org/es/tipo-de-publicacion/revistas-historicas
[FULL_20_CEPAL] t=1264.0s | pag=502 | files= 310 | data= 40 | cola=3922 | prio=10 | https://www.cepal.org/es/publicaciones/82504-notas-poblacion-vol-52-ndeg-121
[FULL_20_CEPAL] t=1265.6s | pag=503 | files= 310 | data= 40 | cola=3941 | prio=10 | https://www.cepal.org/es/publicaciones/81460-notas-poblacion-vol-52-ndeg-120
[FULL_20_CEPAL] t=1266.5s | pag=504 | files= 310 | data= 40 | cola=3955 | prio=10 | https://www.cepal.org/es/publicaciones/81108-notas-poblacion-vol-51-ndeg-119
[FULL_20_CEPAL] t=1267.0s | pag=505 | files= 310 | data= 40 | cola=3957 | prio=10 | https://www.cepal.org/es/publicaciones/80541-notas-poblacion-vol-51-ndeg-118
[FULL_20_CEPAL] t=1268.5s | pag=506 | files= 310 | data= 40 | cola=3959 | prio=10 | https://www.cepal.org/es/publicaciones/68999-notas-poblacion-vol-50-ndeg-117
[FULL_20_CEPAL] t=1269.9s | pag=507 | files= 310 | data= 40 | cola=3963 | prio=10 | https://www.cepal.org/es/publicaciones/49035-notas-poblacion-vol-50-ndeg-116
[FULL_20_CEPAL] t=1271.8s | pag=508 | files= 310 | data= 40 | cola=3967 | prio=10 | https://www.cepal.org/es/publicaciones/48739-notas-poblacion-vol-49-ndeg-115
[FULL_20_CEPAL] t=1272.5s | pag=509 | files= 310 | data= 40 | cola=3971 | prio=10 | https://www.cepal.org/es/publicaciones/48112-notas-poblacion-vol-49-ndeg-114
[FULL_20_CEPAL] t=1274.2s | pag=510 | files= 310 | data= 40 | cola=3975 | prio=10 | https://www.cepal.org/es/publicaciones/47692-notas-poblacion-vol-48-ndeg-113
[FULL_20_CEPAL] t=1275.5s | pag=511 | files= 310 | data= 40 | cola=3979 | prio=10 | https://www.cepal.org/es/publicaciones/47003-notas-poblacion-vol-48-ndeg-112
[FULL_20_CEPAL] t=1276.0s | pag=512 | files= 310 | data= 40 | cola=3983 | prio=10 | https://www.cepal.org/es/listado/cepal_publication?publication_biblevel=2&publication_type=8147
[FULL_20_CEPAL] t=1291.6s | pag=512 | files= 310 | data= 40 | cola=3982 | prio=10 | https://www.cepal.org/es/tipo-de-publicacion/notas-poblacion/acerca-notas-poblacion
[FULL_20_CEPAL] t=1294.1s | pag=513 | files= 310 | data= 40 | cola=3983 | prio=10 | https://www.cepal.org/es/tipo-de-publicacion/notas-poblacion/comite-editorial-notas-poblacion
[FULL_20_CEPAL] t=1296.3s | pag=514 | files= 310 | data= 40 | cola=3984 | prio=10 | https://www.cepal.org/es/tipo-de-publicacion/notas-poblacion/consejo-editorial-notas-poblacion
[FULL_20_CEPAL] t=1297.2s | pag=515 | files= 310 | data= 40 | cola=3985 | prio=10 | https://www.cepal.org/es/tipo-de-publicacion/notas-poblacion/declaracion-etica-buenas-practicas
[FULL_20_CEPAL] t=1298.1s | pag=516 | files= 310 | data= 40 | cola=3986 | prio=10 | https://www.cepal.org/es/tipo-de-publicacion/notas-poblacion/orientacion-colaboradores-notas-poblacion
[FULL_20_CEPAL] t=1299.0s | pag=517 | files= 310 | data= 40 | cola=3987 | prio=10 | https://www.cepal.org/en/publication-types-dspace-linked/magazines
[FULL_20_CEPAL] t=1300.8s | pag=518 | files= 310 | data= 40 | cola=3990 | prio=10 | https://www.cepal.org/en/publications/type/population-notes
[FULL_20_CEPAL] t=1301.8s | pag=519 | files= 310 | data= 40 | cola=3994 | prio=10 | https://www.cepal.org/es/temas/autonomia-economica-mujeres
[FULL_20_CEPAL] t=1302.5s | pag=520 | files= 310 | data= 40 | cola=4008 | prio=10 | https://www.cepal.org/en/topics/indicators-sustainable-development-goals-sdgs
[FULL_20_CEPAL] t=1304.3s | pag=521 | files= 310 | data= 41 | cola=4027 | prio=10 | https://www.cepal.org/en/publication-types-dspace-linked/foreign-direct-investment-latin-america-and-caribbean
[FULL_20_CEPAL] t=1304.9s | pag=522 | files= 310 | data= 41 | cola=4030 | prio=10 | https://www.cepal.org/es/listado/cepal_publication?topic=51
[FULL_20_CEPAL] t=1320.5s | pag=522 | files= 310 | data= 41 | cola=4029 | prio=10 | https://www.cepal.org/es/eventos/xiv-catedra-raul-prebisch-dictada-mariana-mazzucato-economista-profesora-economia-titulo
[FULL_20_CEPAL] t=1321.8s | pag=523 | files= 311 | data= 41 | cola=4033 | prio=10 | https://www.cepal.org/es/noticias/cancilleres-america-latina-caribe-ratificaron-su-compromiso-multilateralismo-abogaron
[FULL_20_CEPAL] t=1322.7s | pag=524 | files= 311 | data= 41 | cola=4039 | prio=10 | https://www.cepal.org/es/listado/cepal_publication?topic=118
[FULL_20_CEPAL] t=1338.2s | pag=524 | files= 311 | data= 41 | cola=4038 | prio=10 | https://www.cepal.org/es/publicaciones/90153-perspectivas-la-agricultura-desarrollo-rural-americas-mirada-america-latina
[FULL_20_CEPAL] t=1339.6s | pag=525 | files= 311 | data= 41 | cola=4040 | prio=10 | https://www.cepal.org/en/publications/90098-assessment-effects-and-impacts-hurricane-melissa-jamaica
[FULL_20_CEPAL] t=1340.6s | pag=526 | files= 311 | data= 41 | cola=4044 | prio=10 | https://www.cepal.org/en/publications/90080-harnessing-intellectual-property-development-opportunities-and-challenges-latin
[FULL_20_CEPAL] t=1341.4s | pag=527 | files= 311 | data= 41 | cola=4047 | prio=10 | https://www.cepal.org/en/publications/90028-harnessing-intellectual-property-development-opportunities-and-challenges-latin
[FULL_20_CEPAL] t=1342.2s | pag=528 | files= 311 | data= 41 | cola=4051 | prio=10 | https://www.cepal.org/es/publicaciones/90005-inclusion-la-discapacidad-sistemas-salud-gestion-emergencias-america-latina
[FULL_20_CEPAL] t=1344.2s | pag=529 | files= 311 | data= 41 | cola=4053 | prio=10 | https://www.cepal.org/es/publicaciones/89770-la-agenda-2030-desarrollo-sostenible-la-agenda-regional-genero-america-latina
[FULL_20_CEPAL] t=1344.9s | pag=530 | files= 311 | data= 41 | cola=4055 | prio=10 | https://www.cepal.org/es/tipo-de-publicacion/coediciones?page=1
[FULL_20_CEPAL] t=1347.5s | pag=531 | files= 311 | data= 41 | cola=4062 | prio=10 | https://www.cepal.org/es/tipo-de-publicacion/coediciones?page=2
[FULL_20_CEPAL] t=1349.2s | pag=532 | files= 311 | data= 41 | cola=4067 | prio=10 | https://www.cepal.org/es/tipo-de-publicacion/coediciones?page=3
[FULL_20_CEPAL] t=1349.6s | pag=533 | files= 311 | data= 41 | cola=4075 | prio=10 | https://www.cepal.org/es/tipo-de-publicacion/coediciones?page=4
[FULL_20_CEPAL] t=1352.3s | pag=534 | files= 311 | data= 41 | cola=4083 | prio=10 | https://www.cepal.org/es/tipo-de-publicacion/coediciones?page=5
[FULL_20_CEPAL] t=1354.1s | pag=535 | files= 311 | data= 41 | cola=4093 | prio=10 | https://www.cepal.org/es/tipo-de-publicacion/coediciones?page=6
[FULL_20_CEPAL] t=1356.1s | pag=536 | files= 311 | data= 41 | cola=4103 | prio=10 | https://www.cepal.org/es/tipo-de-publicacion/coediciones?page=7
[FULL_20_CEPAL] t=1358.0s | pag=537 | files= 311 | data= 41 | cola=4113 | prio=10 | https://www.cepal.org/es/tipo-de-publicacion/coediciones?page=8
[FULL_20_CEPAL] t=1360.1s | pag=538 | files= 311 | data= 41 | cola=4123 | prio=10 | https://www.cepal.org/es/tipo-de-publicacion/coediciones?page=50
[FULL_20_CEPAL] t=1362.3s | pag=539 | files= 311 | data= 41 | cola=4132 | prio=10 | https://www.cepal.org/en/publication-types-dspace-linked/coeditions
[FULL_20_CEPAL] t=1362.8s | pag=540 | files= 311 | data= 41 | cola=4141 | prio=10 | https://cea.cepal.org/13/es/noticias/conferencia-estadistica-americas-concluyo-exito-su-decimotercera-reunion
[FULL_20_CEPAL] t=1364.3s | pag=541 | files= 311 | data= 41 | cola=4143 | prio=10 | https://cea.cepal.org/13/es/programa/retos-la-gobernanza-administracion-datos-ecosistemas-nacionales-cambiantes
[FULL_20_CEPAL] t=1365.8s | pag=542 | files= 318 | data= 41 | cola=4152 | prio=10 | https://cea.cepal.org/13/es/programa/evento-paralelo-registros-conocimientos-presentacion-manual-uso-datos-administrativos-su
[FULL_20_CEPAL] t=1366.6s | pag=543 | files= 318 | data= 42 | cola=4154 | prio=10 | https://cea.cepal.org/13/es/programa/retos-la-gobernanza-administracion-datos-ecosistemas-nacionales-cambiantes-continuacion
[FULL_20_CEPAL] t=1367.9s | pag=544 | files= 319 | data= 42 | cola=4157 | prio=10 | https://cea.cepal.org/13/es/documentos/informe-la-decimotercera-reunion-la-conferencia-estadistica-la-cea-cepal
[FULL_20_CEPAL] t=1368.7s | pag=545 | files= 319 | data= 42 | cola=4160 | prio=10 | https://cea.cepal.org/13/es/documentos/plan-estrategico-2026-2035-la-conferencia-estadistica-americas-la-cepal
[FULL_20_CEPAL] t=1369.4s | pag=546 | files= 319 | data= 42 | cola=4163 | prio=10 | https://cea.cepal.org/13/es/documentos/resolucion-14xiii-la-decimotercera-reunion-la-conferencia-estadistica-americas
[FULL_20_CEPAL] t=1370.2s | pag=547 | files= 321 | data= 42 | cola=4167 | prio=10 | https://cea.cepal.org/13/es/noticias/autoridades-llaman-fortalecer-la-gobernanza-datos-sistemas-estadisticos-nacionales
[FULL_20_CEPAL] t=1371.3s | pag=548 | files= 321 | data= 42 | cola=4169 | prio=10 | https://cea.cepal.org/13/es/noticias/como-seguir-la-decimotercera-reunion-la-conferencia-estadistica-americas-la-cepal
[FULL_20_CEPAL] t=1372.3s | pag=549 | files= 321 | data= 42 | cola=4171 | prio=10 | https://cea.cepal.org/13/es/noticias/decimotercera-reunion-la-conferencia-estadistica-americas-se-realizara-la-cepal
[FULL_20_CEPAL] t=1373.2s | pag=550 | files= 321 | data= 42 | cola=4173 | prio=10 | https://cea.cepal.org/13/es/noticias/autoridades-analizan-avances-uso-la-inteligencia-artificial-estadisticas-oficiales-paises
[FULL_20_CEPAL] t=1374.3s | pag=551 | files= 321 | data= 42 | cola=4175 | prio=10 | https://www.cepal.org/es/publications/85980-anuario-estadistico-america-latina-caribe-2025-statistical-yearbook-latin-america
[FULL_20_CEPAL] t=1375.0s | pag=551 | files= 321 | data= 42 | cola=4174 | prio=10 | https://statistics.cepal.org/yearbook/2025/index.html?lang=es
[FULL_20_CEPAL] t=1376.1s | pag=552 | files= 321 | data= 42 | cola=4173 | prio=10 | https://statistics.cepal.org/portal/cepalstat/dashboard.html?lang=es&theme=1
[FULL_20_CEPAL] t=1376.8s | pag=553 | files= 321 | data= 42 | cola=4172 | prio=10 | https://statistics.cepal.org/portal/cepalstat/dashboard.html?lang=es&theme=4
[FULL_20_CEPAL] t=1377.4s | pag=554 | files= 321 | data= 42 | cola=4171 | prio=10 | https://www.cepal.org/en/publications/86002-multidimensional-poverty-index-latin-america
[FULL_20_CEPAL] t=1378.5s | pag=555 | files= 321 | data= 42 | cola=4172 | prio=10 | https://www.cepal.org/es/publicaciones/81426-indice-pobreza-multidimensional-america-latina-resumen
[FULL_20_CEPAL] t=1379.2s | pag=556 | files= 321 | data= 42 | cola=4174 | prio=10 | https://www.cepal.org/es/publicaciones/90094-decimotercera-reunion-la-conferencia-estadistica-americas-la-cepal-album
[FULL_20_CEPAL] t=1379.8s | pag=557 | files= 321 | data= 42 | cola=4178 | prio=10 | https://www.cepal.org/es/publicaciones/84200-report-outcomes-biennial-programme-regional-and-international-cooperation
[FULL_20_CEPAL] t=1380.4s | pag=558 | files= 321 | data= 42 | cola=4181 | prio=10 | https://www.cepal.org/es/publicaciones/84217-informe-resultados-programa-bienal-actividades-cooperacion-regional
[FULL_20_CEPAL] t=1382.3s | pag=559 | files= 321 | data= 42 | cola=4184 | prio=10 | https://www.cepal.org/es/publicaciones/84084-guia-practica-la-produccion-estadisticas-armonizadas-desplazamiento-forzado
[FULL_20_CEPAL] t=1383.1s | pag=560 | files= 321 | data= 42 | cola=4186 | prio=10 | https://www.cepal.org/es/publicaciones/84088-guia-practica-la-produccion-estadisticas-armonizadas-desplazamiento-forzado
[FULL_20_CEPAL] t=1384.4s | pag=561 | files= 321 | data= 42 | cola=4189 | prio=10 | https://www.cepal.org/es/publicaciones/84008-guia-referencia-registros-administrativos-la-policia
[FULL_20_CEPAL] t=1386.3s | pag=562 | files= 321 | data= 42 | cola=4191 | prio=10 | https://www.cepal.org/es/publicaciones/83942-programa-bienal-actividades-cooperacion-regional-internacional-2026-2027-la
[FULL_20_CEPAL] t=1388.2s | pag=563 | files= 321 | data= 42 | cola=4194 | prio=10 | https://www.cepal.org/es/publicaciones/83980-guia-la-elaboracion-un-sistema-integrado-indicadores-bienestar
[FULL_20_CEPAL] t=1389.1s | pag=564 | files= 321 | data= 42 | cola=4196 | prio=10 | https://www.cepal.org/es/publicaciones/82452-temario-provisional-anotado-decimotercera-reunion-la-conferencia-estadistica
[FULL_20_CEPAL] t=1390.8s | pag=565 | files= 321 | data= 42 | cola=4199 | prio=10 | https://www.cepal.org/es/publicaciones/84113-infome-la-vigesimocuarta-reunion-comite-ejecutivo-la-conferencia-estadistica
[FULL_20_CEPAL] t=1393.2s | pag=566 | files= 321 | data= 42 | cola=4201 | prio=10 | https://www.cepal.org/es/publicaciones/83295-sexta-reunion-la-mesa-directiva-la-conferencia-regional-poblacion-desarrollo
[FULL_20_CEPAL] t=1393.9s | pag=567 | files= 321 | data= 42 | cola=4206 | prio=10 | https://www.cepal.org/es/listado/cepal_publication?page=1&topic=8229
[FULL_20_CEPAL] t=1409.6s | pag=567 | files= 321 | data= 42 | cola=4205 | prio=10 | https://www.cepal.org/es/listado/cepal_publication?page=2&topic=8229
[FULL_20_CEPAL] t=1425.8s | pag=567 | files= 321 | data= 42 | cola=4204 | prio=10 | https://www.cepal.org/es/listado/cepal_publication?page=22&topic=8229
[FULL_20_CEPAL] t=1442.0s | pag=567 | files= 321 | data= 42 | cola=4203 | prio=10 | https://www.cepal.org/es/areas-de-trabajo/estadisticas
[FULL_20_CEPAL] t=1443.8s | pag=567 | files= 321 | data= 42 | cola=4202 | prio=10 | https://statistics.cepal.org/portal/cepalstat/dashboard.html?lang=es&temaIndicadores=394
[FULL_20_CEPAL] t=1444.4s | pag=568 | files= 321 | data= 42 | cola=4201 | prio=10 | https://statistics.cepal.org/portal/cepalstat/dashboard.html?lang=es&temaIndicadores=414
[FULL_20_CEPAL] t=1445.1s | pag=569 | files= 321 | data= 42 | cola=4200 | prio=10 | https://statistics.cepal.org/portal/cepalstat/dashboard.html?lang=es&temaIndicadores=493
[FULL_20_CEPAL] t=1445.6s | pag=570 | files= 321 | data= 42 | cola=4199 | prio=10 | https://statistics.cepal.org/portal/cepalstat/dashboard.html?lang=es&temaIndicadores=525
[FULL_20_CEPAL] t=1446.1s | pag=571 | files= 321 | data= 42 | cola=4198 | prio=10 | https://statistics.cepal.org/portal/cepalstat/dashboard.html?lang=es
[FULL_20_CEPAL] t=1446.8s | pag=572 | files= 321 | data= 42 | cola=4197 | prio=10 | https://statistics.cepal.org/portal/cepalstat/perfil-regional.html?lang=es&tema=1
[FULL_20_CEPAL] t=1447.8s | pag=573 | files= 321 | data= 42 | cola=4196 | prio=10 | https://statistics.cepal.org/portal/cepalstat/perfil-regional.html?lang=es&tema=2
[FULL_20_CEPAL] t=1448.3s | pag=574 | files= 321 | data= 42 | cola=4195 | prio=10 | https://statistics.cepal.org/portal/cepalstat/perfil-regional.html?lang=es&tema=3
[FULL_20_CEPAL] t=1449.0s | pag=575 | files= 321 | data= 42 | cola=4194 | prio=10 | https://statistics.cepal.org/portal/cepalstat/perfil-regional.html?lang=es&tema=4
[FULL_20_CEPAL] t=1449.8s | pag=576 | files= 321 | data= 42 | cola=4193 | prio=10 | https://statistics.cepal.org/portal/cepalstat/perfil-nacional.html?country=atg&lang=es&tema=1
[FULL_20_CEPAL] t=1450.5s | pag=577 | files= 321 | data= 42 | cola=4192 | prio=10 | https://statistics.cepal.org/portal/cepalstat/perfil-nacional.html?country=atg&lang=es&tema=2
[FULL_20_CEPAL] t=1451.1s | pag=578 | files= 321 | data= 42 | cola=4191 | prio=10 | https://statistics.cepal.org/portal/cepalstat/perfil-nacional.html?country=atg&lang=es&tema=3
[FULL_20_CEPAL] t=1451.7s | pag=579 | files= 321 | data= 42 | cola=4190 | prio=10 | https://statistics.cepal.org/portal/cepalstat/perfil-nacional.html?country=arg&lang=es&tema=4
[FULL_20_CEPAL] t=1452.1s | pag=580 | files= 321 | data= 42 | cola=4189 | prio=10 | https://statistics.cepal.org/geo/geo-cepalstat/?lang=es
[FULL_20_CEPAL] t=1452.8s | pag=581 | files= 321 | data= 43 | cola=4188 | prio=10 | https://statistics.cepal.org/portal/cepalstat/publicaciones.html?lang=es
[FULL_20_CEPAL] t=1453.4s | pag=582 | files= 321 | data= 43 | cola=4187 | prio=10 | https://statistics.cepal.org/portal/cepalstat/open-data.html?lang=es
[FULL_20_CEPAL] t=1454.3s | pag=583 | files= 321 | data= 43 | cola=4186 | prio=10 | https://biblioguias.cepal.org/cepalstatmetodosyclasificaciones/clasificaciones-economicas
[FULL_20_CEPAL] t=1455.8s | pag=584 | files= 334 | data= 44 | cola=4187 | prio=10 | https://repositorio.cepal.org/handle/11362/4759
[FULL_20_CEPAL] t=1469.1s | pag=585 | files= 334 | data= 45 | cola=4193 | prio=10 | https://www.cepal.org/es/eventos/taller-regional-la-integracion-estadisticas-empresas-comercio
[FULL_20_CEPAL] t=1471.2s | pag=586 | files= 352 | data= 45 | cola=4194 | prio=10 | https://www.cepal.org/es/eventos/seminario-inter-regional-fortalecimiento-capacidades-estadisticas-la-construccion
[FULL_20_CEPAL] t=1474.4s | pag=587 | files= 375 | data= 45 | cola=4197 | prio=10 | https://www.cepal.org/es/eventos/quinto-foro-global-expertos-productores-usuarios-estadisticas-relacionadas-desastres
[FULL_20_CEPAL] t=1475.4s | pag=588 | files= 403 | data= 45 | cola=4200 | prio=10 | https://www.cepal.org/en/publications/84903-disaster-statistics-and-risk-management-current-situation-and-outlook
[FULL_20_CEPAL] t=1476.9s | pag=589 | files= 403 | data= 46 | cola=4201 | prio=10 | https://www.cepal.org/es/publicaciones/5502-guia-metodologica-desarrollar-indicadores-ambientales-desarrollo-sostenible
[FULL_20_CEPAL] t=1477.5s | pag=590 | files= 403 | data= 46 | cola=4204 | prio=10 | https://repositorio.cepal.org/entities/publication/7eb7c401-8e8f-47a1-8efa-6464247dd2e5
[FULL_20_CEPAL] t=1489.7s | pag=591 | files= 403 | data= 47 | cola=4207 | prio=10 | https://biblioguias.cepal.org/estadisticasambientales/cepal
[FULL_20_CEPAL] t=1490.4s | pag=592 | files= 403 | data= 47 | cola=4275 | prio=10 | https://www.cepal.org/es/cursos/taller-la-generacion-indicadores-cambio-climatico-panama
[FULL_20_CEPAL] t=1492.5s | pag=593 | files= 418 | data= 47 | cola=4276 | prio=10 | https://www.cepal.org/es/publicaciones/86012-instrumentos-innovadores-financiamiento-movilizacion-financiamiento-asequible
[FULL_20_CEPAL] t=1493.1s | pag=594 | files= 418 | data= 47 | cola=4278 | prio=10 | https://www.cepal.org/es/publicaciones/82266-horizonte-azul-america-latina-caribe-2025-avances-desafios-logro-metas-objetivo
[FULL_20_CEPAL] t=1493.6s | pag=595 | files= 418 | data= 47 | cola=4281 | prio=10 | https://www.cepal.org/es/publicaciones/82446-la-agenda-2030-desarrollo-sostenible-la-agenda-regional-genero-america-latina
[FULL_20_CEPAL] t=1494.5s | pag=596 | files= 418 | data= 47 | cola=4283 | prio=10 | https://www.cepal.org/es/publicaciones/82503-dialogos-regionales-agua-america-latina-caribe-2021-2024-agenda-regional-accion
[FULL_20_CEPAL] t=1495.2s | pag=597 | files= 418 | data= 47 | cola=4286 | prio=10 | https://www.cepal.org/es/publicaciones/82501-metodologia-definir-la-estructura-programatica-gasto-publico-america-latina
[FULL_20_CEPAL] t=1495.6s | pag=598 | files= 418 | data= 47 | cola=4288 | prio=10 | https://www.cepal.org/es/publicaciones/82393-la-agenda-2030-desarrollo-sostenible-la-agenda-regional-genero-america-latina
[FULL_20_CEPAL] t=1497.2s | pag=599 | files= 418 | data= 47 | cola=4290 | prio=10 | https://www.cepal.org/es/publicaciones/81875-diagnostico-propuestas-meta-regional-mitigacion-adaptacion-al-cambio-climatico
[FULL_20_CEPAL] t=1498.4s | pag=600 | files= 418 | data= 47 | cola=4292 | prio=10 | https://www.cepal.org/es/publicaciones/81496-diagnostico-recomendaciones-integrar-registros-administrativos-relacionados-la
[FULL_20_CEPAL] t=1500.1s | pag=601 | files= 418 | data= 47 | cola=4295 | prio=10 | https://www.cepal.org/es/publicaciones/81441-la-agenda-2030-desarrollo-sostenible-la-agenda-regional-genero-america-latina
[FULL_20_CEPAL] t=1500.8s | pag=602 | files= 418 | data= 47 | cola=4298 | prio=10 | https://www.cepal.org/es/publicaciones/81405-america-latina-caribe-la-agenda-2030-cinco-anos-la-meta-como-gestionar
[FULL_20_CEPAL] t=1501.3s | pag=603 | files= 418 | data= 47 | cola=4307 | prio=10 | https://www.cepal.org/es/listado/cepal_publication?page=1&topic=8384
[FULL_20_CEPAL] t=1516.6s | pag=603 | files= 418 | data= 47 | cola=4306 | prio=10 | https://www.cepal.org/es/listado/cepal_publication?page=2&topic=8384
[FULL_20_CEPAL] t=1532.9s | pag=603 | files= 418 | data= 47 | cola=4305 | prio=10 | https://statistics.cepal.org/geo/geo-cepalstat/?lang=en
[FULL_20_CEPAL] t=1534.4s | pag=604 | files= 418 | data= 48 | cola=4304 | prio=10 | https://statistics.cepal.org/geo/portal/cepalstat/
[FULL_20_CEPAL] t=1535.2s | pag=604 | files= 418 | data= 48 | cola=4303 | prio=10 | https://statistics.cepal.org/geo/index.html?lang=es
[FULL_20_CEPAL] t=1536.7s | pag=604 | files= 418 | data= 48 | cola=4302 | prio=10 | https://statistics.cepal.org/geo/index.html?lang=en
[FULL_20_CEPAL] t=1538.0s | pag=604 | files= 418 | data= 48 | cola=4301 | prio=10 | https://statistics.cepal.org/geo/portal/cepalstat/dashboard.html?lang=es&theme=1
[FULL_20_CEPAL] t=1539.6s | pag=604 | files= 418 | data= 48 | cola=4300 | prio=10 | https://statistics.cepal.org/geo/portal/cepalstat/dashboard.html?lang=en&theme=1
[FULL_20_CEPAL] t=1540.9s | pag=604 | files= 418 | data= 48 | cola=4299 | prio=10 | https://statistics.cepal.org/geo/portal/cepalstat/dashboard.html?lang=es&theme=2
[FULL_20_CEPAL] t=1541.9s | pag=604 | files= 418 | data= 48 | cola=4298 | prio=10 | https://statistics.cepal.org/geo/portal/cepalstat/dashboard.html?lang=en&theme=2
[FULL_20_CEPAL] t=1543.0s | pag=604 | files= 418 | data= 48 | cola=4297 | prio=10 | https://statistics.cepal.org/geo/portal/cepalstat/dashboard.html?lang=es&theme=3
[FULL_20_CEPAL] t=1544.1s | pag=604 | files= 418 | data= 48 | cola=4296 | prio=10 | https://statistics.cepal.org/geo/portal/cepalstat/dashboard.html?lang=en&theme=3
[FULL_20_CEPAL] t=1545.5s | pag=604 | files= 418 | data= 48 | cola=4295 | prio=10 | https://statistics.cepal.org/geo/portal/cepalstat/dashboard.html?lang=es&theme=4
[FULL_20_CEPAL] t=1546.5s | pag=604 | files= 418 | data= 48 | cola=4294 | prio=10 | https://statistics.cepal.org/geo/portal/cepalstat/dashboard.html?lang=en&theme=4
[FULL_20_CEPAL] t=1547.8s | pag=604 | files= 418 | data= 48 | cola=4293 | prio=10 | https://statistics.cepal.org/geo/portal/cepalstat/dashboard.html?lang=es
[FULL_20_CEPAL] t=1548.8s | pag=604 | files= 418 | data= 48 | cola=4292 | prio=10 | https://statistics.cepal.org/geo/portal/cepalstat/dashboard.html?lang=en
[FULL_20_CEPAL] t=1550.4s | pag=604 | files= 418 | data= 48 | cola=4291 | prio=10 | https://statistics.cepal.org/geo/portal/cepalstat/perfil-nacional.html?country=atg&lang=es&theme=1
[FULL_20_CEPAL] t=1551.5s | pag=604 | files= 418 | data= 48 | cola=4290 | prio=10 | https://statistics.cepal.org/geo/portal/cepalstat/perfil-nacional.html?country=atg&lang=en&theme=1
[FULL_20_CEPAL] t=1552.5s | pag=604 | files= 418 | data= 48 | cola=4289 | prio=10 | https://statistics.cepal.org/geo/portal/cepalstat/perfil-nacional.html?country=atg&lang=es&theme=2
[FULL_20_CEPAL] t=1553.9s | pag=604 | files= 418 | data= 48 | cola=4288 | prio=10 | https://statistics.cepal.org/geo/portal/cepalstat/perfil-nacional.html?country=atg&lang=en&theme=2
[FULL_20_CEPAL] t=1554.9s | pag=604 | files= 418 | data= 48 | cola=4287 | prio=10 | https://statistics.cepal.org/geo/portal/cepalstat/perfil-nacional.html?country=atg&lang=es&theme=3
[FULL_20_CEPAL] t=1555.9s | pag=604 | files= 418 | data= 48 | cola=4286 | prio=10 | https://statistics.cepal.org/geo/portal/cepalstat/perfil-nacional.html?country=atg&lang=en&theme=3
[FULL_20_CEPAL] t=1557.1s | pag=604 | files= 418 | data= 48 | cola=4285 | prio=10 | https://statistics.cepal.org/geo/portal/cepalstat/perfil-nacional.html?country=arg&lang=es&theme=4
[FULL_20_CEPAL] t=1558.6s | pag=604 | files= 418 | data= 48 | cola=4284 | prio=10 | https://statistics.cepal.org/geo/portal/cepalstat/perfil-nacional.html?country=arg&lang=en&theme=4
[FULL_20_CEPAL] t=1559.5s | pag=604 | files= 418 | data= 48 | cola=4283 | prio=10 | https://statistics.cepal.org/geo/portal/cepalstat/perfil-regional.html?lang=es&theme=1
[FULL_20_CEPAL] t=1560.7s | pag=604 | files= 418 | data= 48 | cola=4282 | prio=10 | https://statistics.cepal.org/geo/portal/cepalstat/perfil-regional.html?lang=en&theme=1
[FULL_20_CEPAL] t=1562.1s | pag=604 | files= 418 | data= 48 | cola=4281 | prio=10 | https://statistics.cepal.org/geo/portal/cepalstat/perfil-regional.html?lang=es&theme=2
[FULL_20_CEPAL] t=1563.2s | pag=604 | files= 418 | data= 48 | cola=4280 | prio=10 | https://statistics.cepal.org/geo/portal/cepalstat/perfil-regional.html?lang=en&theme=2
[FULL_20_CEPAL] t=1564.3s | pag=604 | files= 418 | data= 48 | cola=4279 | prio=10 | https://statistics.cepal.org/geo/portal/cepalstat/perfil-regional.html?lang=es&theme=3
[FULL_20_CEPAL] t=1565.5s | pag=604 | files= 418 | data= 48 | cola=4278 | prio=10 | https://statistics.cepal.org/geo/portal/cepalstat/perfil-regional.html?lang=en&theme=3
[FULL_20_CEPAL] t=1566.5s | pag=604 | files= 418 | data= 48 | cola=4277 | prio=10 | https://statistics.cepal.org/geo/portal/cepalstat/regional-profile.html?lang=es&theme=4
[FULL_20_CEPAL] t=1567.8s | pag=604 | files= 418 | data= 48 | cola=4276 | prio=10 | https://statistics.cepal.org/geo/portal/cepalstat/regional-profile.html?lang=en&theme=4
[FULL_20_CEPAL] t=1569.0s | pag=604 | files= 418 | data= 48 | cola=4275 | prio=10 | https://statistics.cepal.org/geo/portal/cepalstat/publicaciones.html?lang=es
[FULL_20_CEPAL] t=1570.5s | pag=604 | files= 418 | data= 48 | cola=4274 | prio=10 | https://statistics.cepal.org/geo/portal/cepalstat/publicaciones.html?lang=en
[FULL_20_CEPAL] t=1571.9s | pag=604 | files= 418 | data= 48 | cola=4273 | prio=10 | https://statistics.cepal.org/geo/portal/cepalstat/open-data.html?lang=es
[FULL_20_CEPAL] t=1572.9s | pag=604 | files= 418 | data= 48 | cola=4272 | prio=10 | https://statistics.cepal.org/geo/portal/cepalstat/open-data.html?lang=en
[FULL_20_CEPAL] t=1574.1s | pag=604 | files= 418 | data= 48 | cola=4271 | prio=10 | https://live.cepal.org/estadistica/
[FULL_20_CEPAL] t=1575.2s | pag=605 | files= 418 | data= 48 | cola=4270 | prio=10 | https://www.cepal.org/es/temas/ciencia-datos
[FULL_20_CEPAL] t=1576.8s | pag=606 | files= 418 | data= 48 | cola=4280 | prio=10 | https://www.cepal.org/en/publications/90007-accessibility-data-published-national-statistical-offices-latin-america-and
[FULL_20_CEPAL] t=1577.2s | pag=607 | files= 418 | data= 49 | cola=4282 | prio=10 | https://www.cepal.org/es/eventos/festival-datos-2023
[FULL_20_CEPAL] t=1578.8s | pag=608 | files= 418 | data= 49 | cola=4284 | prio=10 | https://www.cepal.org/es/eventos/seminario-web-introduccion-al-datathon-2023-naciones-unidas
[FULL_20_CEPAL] t=1580.3s | pag=609 | files= 418 | data= 49 | cola=4285 | prio=10 | https://www.cepal.org/es/eventos/taller-uso-big-data-estadisticas-oficiales-la-medicion-la-economia-digital-desarrollo
[FULL_20_CEPAL] t=1582.1s | pag=610 | files= 419 | data= 49 | cola=4293 | prio=10 | https://www.cepal.org/es/listado/cepal_publication?topic=8381
[FULL_20_CEPAL] t=1582.9s | pag=611 | files= 419 | data= 49 | cola=4304 | prio=10 | https://www.cepal.org/es/cursos/series-tiempo-r
[FULL_20_CEPAL] t=1583.5s | pag=612 | files= 421 | data= 49 | cola=4307 | prio=10 | https://www.cepal.org/es/eventos/lanzamiento-informe-estudio-economico-america-latina-caribe-2024
[FULL_20_CEPAL] t=1584.2s | pag=613 | files= 421 | data= 49 | cola=4309 | prio=10 | https://www.cepal.org/es/listado/cepal_publication?topic=52
[FULL_20_CEPAL] t=1599.5s | pag=613 | files= 421 | data= 49 | cola=4308 | prio=10 | https://www.cepal.org/es/videos/lanzamiento-informe-estudio-economico-america-latina-caribe-2024
[FULL_20_CEPAL] t=1602.0s | pag=614 | files= 421 | data= 49 | cola=4310 | prio=10 | https://www.cepal.org/en/publication-types-dspace-linked/eclac-statistical-briefings
[FULL_20_CEPAL] DATASETS=50 | data_html_table | https://www.cepal.org/en/publication-types-dspace-linked/eclac-statistical-briefings
[FULL_20_CEPAL] t=1602.9s | pag=615 | files= 421 | data= 50 | cola=4312 | prio=10 | https://www.cepal.org/en/topics/big-data
[FULL_20_CEPAL] t=1603.4s | pag=616 | files= 421 | data= 50 | cola=4325 | prio=10 | https://www.cepal.org/en/topics/economic-indicators-and-projections
[FULL_20_CEPAL] t=1604.0s | pag=617 | files= 421 | data= 50 | cola=4339 | prio=10 | https://www.cepal.org/es/list/cepal_publication
[FULL_20_CEPAL] t=1604.7s | pag=617 | files= 421 | data= 50 | cola=4338 | prio=10 | https://www.cepal.org/en/publications/90273-digital-social-protection-elements-analysis
[FULL_20_CEPAL] t=1605.9s | pag=618 | files= 421 | data= 50 | cola=4342 | prio=10 | https://www.cepal.org/en/publications/90274-education-inequality-and-inclusive-social-development
[FULL_20_CEPAL] t=1606.6s | pag=619 | files= 421 | data= 50 | cola=4344 | prio=10 | https://www.cepal.org/en/publications/90272-proposed-calendar-conferences-eclac-period-2027-2028-note-secretariat
[FULL_20_CEPAL] t=1607.3s | pag=620 | files= 421 | data= 50 | cola=4348 | prio=10 | https://www.cepal.org/en/publications/90227-distributional-impact-ageing-population-study-national-inclusion-accounts-jamaica
[FULL_20_CEPAL] t=1607.9s | pag=621 | files= 421 | data= 50 | cola=4352 | prio=10 | https://www.cepal.org/en/publications/90245-report-expert-group-meeting-review-study-titled-assessment-sargassum-value-chains
[FULL_20_CEPAL] t=1608.8s | pag=622 | files= 421 | data= 50 | cola=4359 | prio=10 | https://www.cepal.org/en/publications/90222-report-activities-latin-american-and-caribbean-demographic-centre-celade
[FULL_20_CEPAL] t=1609.6s | pag=623 | files= 421 | data= 50 | cola=4366 | prio=10 | https://www.cepal.org/en/publications/90218-report-forum-mainstreaming-gender-perspective-international-development
[FULL_20_CEPAL] t=1610.3s | pag=624 | files= 421 | data= 50 | cola=4371 | prio=10 | https://www.cepal.org/en/publications/90215-report-thirty-first-meeting-presiding-officers-regional-council-planning-latin
[FULL_20_CEPAL] t=1611.9s | pag=625 | files= 421 | data= 50 | cola=4377 | prio=10 | https://www.cepal.org/en/publications/90212-water-security-financing-framework-latin-america-and-caribbean
[FULL_20_CEPAL] t=1612.3s | pag=626 | files= 421 | data= 50 | cola=4383 | prio=10 | https://www.cepal.org/en/publications/90209-digital-and-sustainable-trade-facilitation-latin-america-and-caribbean-regional
[FULL_20_CEPAL] t=1613.3s | pag=627 | files= 421 | data= 50 | cola=4387 | prio=10 | https://www.cepal.org/en/publications/90192-chile-cuida-experiences-design-and-implementation-national-support-and-care
[FULL_20_CEPAL] t=1614.2s | pag=628 | files= 421 | data= 50 | cola=4393 | prio=10 | https://www.cepal.org/en/publications/90188-regional-cooperation-advance-women-peace-and-security-agenda-lessons-learned
[FULL_20_CEPAL] t=1614.7s | pag=629 | files= 421 | data= 50 | cola=4397 | prio=10 | https://www.cepal.org/en/publications/90185-endogenous-governance-theory-data-and-tools-escaping-trap-ineffective-governance
[FULL_20_CEPAL] t=1615.4s | pag=630 | files= 421 | data= 51 | cola=4401 | prio=10 | https://www.cepal.org/en/publications/90183-united-states-economic-outlook-2025-year-review-and-first-quarter-2026
[FULL_20_CEPAL] t=1616.2s | pag=631 | files= 421 | data= 51 | cola=4404 | prio=10 | https://www.cepal.org/en/list/cepal_publication?page=1
[FULL_20_CEPAL] t=1631.6s | pag=631 | files= 421 | data= 51 | cola=4403 | prio=10 | https://www.cepal.org/en/list/cepal_publication?page=2
[FULL_20_CEPAL] t=1633.3s | pag=632 | files= 421 | data= 51 | cola=4413 | prio=10 | https://www.cepal.org/en/list/cepal_publication?page=551
[FULL_20_CEPAL] t=1649.0s | pag=632 | files= 421 | data= 51 | cola=4412 | prio=10 | https://www.cepal.org/pt-br/publicacoes/82424-indicadores-quantitativos-ocde-o-brasil-economia-digital
[FULL_20_CEPAL] t=1651.3s | pag=633 | files= 421 | data= 51 | cola=4418 | prio=10 | https://www.cepal.org/pt-br/list/cepal_publication?page=1
[FULL_20_CEPAL] t=1661.6s | pag=634 | files= 421 | data= 51 | cola=4429 | prio=10 | https://www.cepal.org/pt-br/list/cepal_publication?page=2
[FULL_20_CEPAL] t=1669.8s | pag=635 | files= 421 | data= 51 | cola=4446 | prio=10 | https://www.cepal.org/pt-br/list/cepal_publication?page=36
[FULL_20_CEPAL] t=1670.7s | pag=636 | files= 421 | data= 51 | cola=4452 | prio=10 | https://www.cepal.org/es/tipo-de-publicacion/documentos-organos-subsidiarios
[FULL_20_CEPAL] t=1671.3s | pag=637 | files= 421 | data= 51 | cola=4458 | prio=10 | https://www.cepal.org/es/tipo-de-publicacion/conferencia-estadistica-americas
[FULL_20_CEPAL] t=1672.5s | pag=637 | files= 421 | data= 51 | cola=4457 | prio=10 | https://www.cepal.org/en/publications/90151-report-thirteenth-meeting-statistical-conference-americas-economic-commission
[FULL_20_CEPAL] t=1673.6s | pag=638 | files= 421 | data= 52 | cola=4458 | prio=10 | https://www.cepal.org/en/publications/85980-anuario-estadistico-america-latina-caribe-2025-statistical-yearbook-latin-america
[FULL_20_CEPAL] t=1674.2s | pag=639 | files= 421 | data= 53 | cola=4459 | prio=10 | https://statistics.cepal.org/yearbook/2025/index.html?lang=en
[FULL_20_CEPAL] t=1675.2s | pag=640 | files= 421 | data= 53 | cola=4458 | prio=10 | http://estadisticas.cepal.org/cepalstat
[FULL_20_CEPAL] t=1677.1s | pag=641 | files= 421 | data= 53 | cola=4457 | prio=10 | http://statistics.cepal.org/portal/cepalstat
[FULL_20_CEPAL] t=1678.1s | pag=641 | files= 421 | data= 53 | cola=4456 | prio=10 | https://www.cepal.org/en/publications/84550-use-satellite-imagery-produce-regional-statistics-disaggregated-territory
[FULL_20_CEPAL] t=1678.9s | pag=642 | files= 421 | data= 54 | cola=4458 | prio=10 | https://www.cepal.org/en/publications/89976-cepal-review-147
[FULL_20_CEPAL] t=1679.7s | pag=643 | files= 421 | data= 54 | cola=4473 | prio=10 | https://www.cepal.org/es/publicaciones/85940-nota-editorial
[FULL_20_CEPAL] t=1681.5s | pag=644 | files= 421 | data= 54 | cola=4475 | prio=10 | https://www.cepal.org/es/publicaciones/85945-impulsores-la-innovacion-la-competitividad-pequenas-medianas-empresas-un
[FULL_20_CEPAL] t=1682.4s | pag=645 | files= 421 | data= 54 | cola=4477 | prio=10 | https://www.cepal.org/es/publicaciones/85951-encuentro-kaldor-dosi-aproximacion-la-estructura-tecnologica-la-produccion
[FULL_20_CEPAL] t=1683.0s | pag=646 | files= 421 | data= 54 | cola=4479 | prio=10 | https://www.cepal.org/es/publicaciones/85954-salarios-productividad-la-industria-manufacturera-argentina-un-analisis
[FULL_20_CEPAL] t=1684.6s | pag=647 | files= 421 | data= 54 | cola=4481 | prio=10 | https://www.cepal.org/es/publicaciones/85957-cambio-tecnologico-la-evolucion-empleo-tras-la-pandemia-enfermedad-coronavirus
[FULL_20_CEPAL] t=1685.3s | pag=648 | files= 421 | data= 54 | cola=4483 | prio=10 | https://www.cepal.org/es/publicaciones/85963-determinantes-innovaciones-tecnologicas-pioneras-la-industria-manufacturera
[FULL_20_CEPAL] t=1687.1s | pag=649 | files= 421 | data= 54 | cola=4485 | prio=10 | https://www.cepal.org/es/publicaciones/85968-sector-vitivinicola-la-provincia-la-rioja-argentina-desafios-oportunidades
[FULL_20_CEPAL] t=1689.2s | pag=650 | files= 421 | data= 54 | cola=4487 | prio=10 | https://www.cepal.org/es/publicaciones/85970-la-superintendencia-desarrollo-nordeste-sudene-la-formacion-generacion
[FULL_20_CEPAL] t=1690.8s | pag=651 | files= 421 | data= 54 | cola=4489 | prio=10 | https://www.cepal.org/es/publicaciones/85971-supuestos-la-historia-la-renta-conversacion-jayati-ghosh
[FULL_20_CEPAL] t=1691.4s | pag=652 | files= 421 | data= 54 | cola=4491 | prio=10 | https://www.cepal.org/es/publicaciones/85972-ensayo-resena-critica-toward-inclusive-development-latin-america-leveraging
[FULL_20_CEPAL] t=1693.1s | pag=653 | files= 421 | data= 54 | cola=4493 | prio=10 | https://www.cepal.org/en/publications/84410-manual-use-administrative-data-and-its-integration-statistical-purposes-related
[FULL_20_CEPAL] t=1694.0s | pag=654 | files= 421 | data= 55 | cola=4494 | prio=10 | https://cea.cepal.org/12/es/noticias/conferencia-estadistica-americas-concluyo-exito-su-duodecima-reunion
[FULL_20_CEPAL] t=1695.5s | pag=655 | files= 421 | data= 55 | cola=4497 | prio=10 | https://cea.cepal.org/12/es/programa/fortalecimiento-estadisticas-ambientales-cambio-climatico-desastres-america-latina-caribe
[FULL_20_CEPAL] t=1695.9s | pag=656 | files= 425 | data= 55 | cola=4499 | prio=10 | https://cea.cepal.org/12/es/documentos/informe-la-duodecima-reunion-la-cea-cepal
[FULL_20_CEPAL] t=1696.9s | pag=657 | files= 425 | data= 55 | cola=4503 | prio=10 | https://cea.cepal.org/12/es/documentos/declaracion-uso-datos-poder-sector-privado-fines-estadisticos
[FULL_20_CEPAL] t=1697.4s | pag=658 | files= 425 | data= 55 | cola=4507 | prio=10 | https://cea.cepal.org/12/es/documentos/resolucion-13xii-la-duodecima-reunion-la-conferencia-estadistica-americas
[FULL_20_CEPAL] t=1698.3s | pag=659 | files= 425 | data= 55 | cola=4511 | prio=10 | https://cea.cepal.org/12/es/noticias/estadisticas-oficiales-son-un-bien-publico-indispensable-adecuado-funcionamiento-sociedades
[FULL_20_CEPAL] t=1699.0s | pag=660 | files= 425 | data= 55 | cola=4513 | prio=10 | https://cea.cepal.org/12/es/noticias/paises-subrayan-necesidad-contar-acceso-sostenible-datos-poder-sector-privado-fines
[FULL_20_CEPAL] t=1699.5s | pag=661 | files= 425 | data= 55 | cola=4515 | prio=10 | https://cea.cepal.org/11/es/programa/avances-desafios-la-consolidacion-la-institucionalidad-estadistica
[FULL_20_CEPAL] t=1701.0s | pag=662 | files= 428 | data= 55 | cola=4520 | prio=10 | https://cea.cepal.org/11/es/documentos/informe-la-undecima-reunionde-la-cea-cepal
[FULL_20_CEPAL] t=1702.0s | pag=663 | files= 428 | data= 55 | cola=4524 | prio=10 | https://cea.cepal.org/11/es/noticias/autoridades-analizaran-avances-desafios-la-consolidacion-la-institucionalidad-estadistica
[FULL_20_CEPAL] t=1702.8s | pag=664 | files= 428 | data= 55 | cola=4529 | prio=10 | https://cea.cepal.org/11/es/noticias/paises-destacan-importancia-estadisticas-visibilizar-vulnerabilidades-grandes-desigualdades
[FULL_20_CEPAL] t=1703.8s | pag=665 | files= 428 | data= 55 | cola=4532 | prio=10 | https://cea.cepal.org/11/es/noticias/paises-america-latina-caribe-destacan-importancia-generar-estadisticas-oportunas-confiables
[FULL_20_CEPAL] t=1704.5s | pag=666 | files= 428 | data= 55 | cola=4535 | prio=10 | https://cea.cepal.org/11/es/videos-undecima-reunion-conferencia-estadisticas
[FULL_20_CEPAL] t=1705.5s | pag=667 | files= 428 | data= 56 | cola=4535 | prio=10 | https://cea.cepal.org/10/es/programa/seminario-alto-nivel-futuro-estadisticas-economicas-america-latina-caribe-evento-paralelo.html
[FULL_20_CEPAL] t=1706.7s | pag=668 | files= 428 | data= 56 | cola=4537 | prio=10 | https://cea.cepal.org/10/es/programa/reunion-jefas-jefes-delegacion-comite-ejecutivo-la-conferencia-estadistica-americas-la.html
[FULL_20_CEPAL] t=1707.7s | pag=669 | files= 428 | data= 56 | cola=4539 | prio=10 | https://cea.cepal.org/10/es/documentos/informe-reunion.html
[FULL_20_CEPAL] t=1709.0s | pag=669 | files= 428 | data= 56 | cola=4538 | prio=10 | https://cea.cepal.org/10/es/noticias/cepal-insta-romper-silencios-estadisticos-buscar-mas-mejores-datos-avanzar-un-desarrollo.html
[FULL_20_CEPAL] t=1710.2s | pag=670 | files= 428 | data= 56 | cola=4540 | prio=10 | https://cea.cepal.org/10/es/noticias/destacados-expertos-instan-la-cepal-repensar-la-pertinencia-sistema-actual-estadisticas.html
[FULL_20_CEPAL] t=1711.0s | pag=671 | files= 428 | data= 56 | cola=4541 | prio=10 | https://www.cepal.org/es/eventos/seminario-alto-nivel-futuro-estadisticas-economicas-america-latina-caribe
[FULL_20_CEPAL] t=1714.2s | pag=672 | files= 443 | data= 56 | cola=4542 | prio=10 | https://repositorio.cepal.org/entities/publication/26080d76-a626-4b81-812e-d896b1e99835
[FULL_20_CEPAL] t=1727.7s | pag=673 | files= 443 | data= 57 | cola=4546 | prio=10 | https://repositorio.cepal.org/entities/publication/f40f8b8f-99ab-4bcb-a374-8ccd84414163
[FULL_20_CEPAL] t=1740.0s | pag=674 | files= 443 | data= 58 | cola=4547 | prio=10 | https://repositorio.cepal.org/entities/publication/af443496-7eaa-420c-b902-3b3ecf7b1e62
[FULL_20_CEPAL] t=1752.2s | pag=675 | files= 443 | data= 59 | cola=4548 | prio=10 | https://repositorio.cepal.org/entities/publication/1b21ec9d-dde2-478d-8059-7f683c07e855
[FULL_20_CEPAL] t=1764.7s | pag=676 | files= 443 | data= 60 | cola=4549 | prio=10 | https://repositorio.cepal.org/entities/publication/661f5e69-ce44-4784-8d60-80d37093878f
[FULL_20_CEPAL] t=1777.2s | pag=677 | files= 443 | data= 61 | cola=4551 | prio=10 | https://repositorio.cepal.org/entities/publication/ec206a2f-9658-4bd2-9bea-5e11b8a388ba
[FULL_20_CEPAL] t=1789.7s | pag=678 | files= 443 | data= 62 | cola=4552 | prio=10 | https://www.cepal.org/es/comunicados/autoridades-analizan-avances-uso-la-inteligencia-artificial-estadisticas-oficiales
[FULL_20_CEPAL] t=1791.3s | pag=679 | files= 443 | data= 62 | cola=4553 | prio=10 | https://www.cepal.org/es/eventos/quincuagesimo-sexto-periodo-sesiones-la-comision-estadistica-naciones-unidas
[FULL_20_CEPAL] t=1792.3s | pag=680 | files= 445 | data= 62 | cola=4555 | prio=10 | https://repositorio.cepal.org/bitstreams/f1ddb14d-9756-4e27-8017-c584f846dd49/download
[FULL_20_CEPAL] t=1795.0s | pag=680 | files= 446 | data= 62 | cola=4554 | prio=10 | https://repositorio.cepal.org/server/api/core/bitstreams/5a493a8a-d895-48bc-b741-ed385914dc9b/content
[FULL_20_CEPAL] t=1796.4s | pag=680 | files= 447 | data= 62 | cola=4553 | prio=10 | https://repositorio.cepal.org/entities/publication/338f6c72-492c-4229-892b-20715bcf1464
[FULL_20_CEPAL] t=1810.0s | pag=681 | files= 447 | data= 63 | cola=4555 | prio=10 | https://repositorio.cepal.org/entities/publication/6bf1089a-af9a-4f1d-ac2c-92722df471ad
[FULL_20_CEPAL] t=1822.2s | pag=682 | files= 447 | data= 64 | cola=4556 | prio=10 | https://repositorio.cepal.org/entities/publication/70f60730-34b0-4076-88b6-270959e826a8
[FULL_20_CEPAL] t=1834.4s | pag=683 | files= 447 | data= 65 | cola=4557 | prio=10 | https://repositorio.cepal.org/entities/publication/50e68b9d-94dc-468a-90cd-99e9120a0a0b
[FULL_20_CEPAL] t=1846.3s | pag=684 | files= 447 | data= 66 | cola=4559 | prio=10 | https://repositorio.cepal.org/entities/publication/058d590b-9faa-44eb-9a1b-000d63fcb34d
[FULL_20_CEPAL] t=1860.1s | pag=685 | files= 447 | data= 67 | cola=4560 | prio=10 | https://repositorio.cepal.org/entities/publication/e59d0016-5522-4415-8dd4-05cd19f8dee4
[FULL_20_CEPAL] t=1872.8s | pag=686 | files= 447 | data= 68 | cola=4561 | prio=10 | https://repositorio.cepal.org/entities/publication/b5528317-cac3-4258-a220-a2363a1d55e8
[FULL_20_CEPAL] t=1884.8s | pag=687 | files= 447 | data= 68 | cola=4562 | prio=10 | https://repositorio.cepal.org/entities/publication/bacb9c11-e180-46f2-a1ae-48d83f5ee3b5
[FULL_20_CEPAL] t=1896.8s | pag=688 | files= 447 | data= 68 | cola=4565 | prio=10 | https://repositorio.cepal.org/entities/publication/99ac0afe-72cd-4c41-808f-83233eaadd62
[FULL_20_CEPAL] t=1910.4s | pag=689 | files= 447 | data= 68 | cola=4566 | prio=10 | https://repositorio.cepal.org/entities/publication/0910c7b5-3884-473a-a5bd-fae0fd4bf531
[FULL_20_CEPAL] t=1923.1s | pag=690 | files= 447 | data= 69 | cola=4567 | prio=10 | https://repositorio.cepal.org/entities/publication/28d9e935-69a4-42f2-86c3-b53881ba6c06
[FULL_20_CEPAL] t=1934.6s | pag=691 | files= 447 | data= 70 | cola=4568 | prio=10 | https://repositorio.cepal.org/entities/publication/324d5c6c-8fe1-4be1-90cc-4c008a1d5f8f
[FULL_20_CEPAL] t=1946.1s | pag=692 | files= 447 | data= 70 | cola=4569 | prio=10 | https://repositorio.cepal.org/entities/publication/6e02fcbd-cb32-4f26-aafa-c6baa22d3f7c
[FULL_20_CEPAL] t=1958.6s | pag=693 | files= 447 | data= 70 | cola=4570 | prio=10 | https://www.cepal.org/es/comunicados/autoridades-dialogan-futuro-la-produccion-estadistica-la-region-reafirman-su-relevancia
[FULL_20_CEPAL] t=1960.2s | pag=694 | files= 447 | data= 70 | cola=4572 | prio=10 | https://www.cepal.org/es/noticias/representantes-institutos-nacionales-estadistica-america-latina-caribe-analizaran-panorama
[FULL_20_CEPAL] t=1960.8s | pag=695 | files= 447 | data= 70 | cola=4575 | prio=10 | https://www.cepal.org/es/notas/paises-america-latina-caribe-refuerzan-cooperacion-estadistica-avanzar-ods
[FULL_20_CEPAL] t=1963.0s | pag=696 | files= 447 | data= 70 | cola=4576 | prio=10 | https://sdg-indicatorsurvey.cepal.org/surveys/
[FULL_20_CEPAL] t=1964.3s | pag=697 | files= 447 | data= 70 | cola=4575 | prio=10 | https://www.cepal.org/en/publications/80478-code-good-practice-statistics-latin-america-and-caribbean-2023
[FULL_20_CEPAL] t=1965.9s | pag=698 | files= 447 | data= 71 | cola=4576 | prio=10 | https://www.cepal.org/en/publications/48074-protocol-collection-and-dissemination-data-children-and-adolescents-participating
[FULL_20_CEPAL] t=1967.4s | pag=699 | files= 447 | data= 72 | cola=4577 | prio=10 | https://www.cepal.org/en/publications/48020-methodological-guide-time-use-measurements-latin-america-and-caribbean
[FULL_20_CEPAL] t=1968.9s | pag=700 | files= 447 | data= 72 | cola=4580 | prio=10 | https://www.cepal.org/en/publications/48006-guide-implementation-quality-assurance-framework-statistical-processes-and
[FULL_20_CEPAL] t=1970.2s | pag=701 | files= 447 | data= 73 | cola=4582 | prio=10 | https://repositorio.cepal.org/server/api/core/bitstreams/e89710bb-b8e2-49db-98b9-46caf7e3c10b/content
[FULL_20_CEPAL] t=1971.1s | pag=701 | files= 447 | data= 73 | cola=4581 | prio=10 | https://www.cepal.org/en/publications/45254-generic-law-official-statistics-latin-america
[FULL_20_CEPAL] t=1972.7s | pag=702 | files= 447 | data= 74 | cola=4583 | prio=10 | https://www.cepal.org/es/eventos/primera-reunion-la-conferencia-estadistica-americas-la-cepal
[FULL_20_CEPAL] DATASETS=75 | data_html_table | https://www.cepal.org/es/eventos/primera-reunion-la-conferencia-estadistica-americas-la-cepal
[FULL_20_CEPAL] t=1974.2s | pag=703 | files= 526 | data= 75 | cola=4585 | prio=10 | https://www.cepal.org/es/eventos/segunda-reunion-la-conferencia-estadistica-americas-la-cepal
[FULL_20_CEPAL] t=1974.7s | pag=704 | files= 571 | data= 76 | cola=4587 | prio=10 | https://www.cepal.org/es/eventos/tercera-reunion-la-conferencia-estadistica-americas-la-cepal
[FULL_20_CEPAL] t=1976.3s | pag=705 | files= 624 | data= 77 | cola=4589 | prio=10 | https://www.cepal.org/es/eventos/cuarta-reunion-la-conferencia-estadistica-americas-la-cepal
[FULL_20_CEPAL] t=1978.2s | pag=706 | files= 692 | data= 78 | cola=4600 | prio=10 | https://www.cepal.org/es/eventos/quinta-reunion-la-conferencia-estadistica-americas-la-cepal
[FULL_20_CEPAL] t=1980.3s | pag=707 | files= 768 | data= 79 | cola=4606 | prio=10 | https://www.cepal.org/es/eventos/sexta-reunion-la-conferencia-estadistica-americas-la-cepal
[FULL_20_CEPAL] t=1981.2s | pag=708 | files= 845 | data= 80 | cola=4611 | prio=10 | https://www.cepal.org/es/eventos/septima-reunion-la-conferencia-estadistica-americas-la-cepal
[FULL_20_CEPAL] t=1983.4s | pag=709 | files= 887 | data= 81 | cola=4621 | prio=10 | https://repositorio.cepal.org/entities/publication/b078c9ad-6ee3-4e06-b137-21d6334253d4
[FULL_20_CEPAL] t=1997.3s | pag=710 | files= 887 | data= 82 | cola=4623 | prio=10 | https://www.cepal.org/es/eventos/primera-reunion-comite-ejecutivo-la-conferencia-estadistica-americas-la-cepal
[FULL_20_CEPAL] t=1998.2s | pag=711 | files= 901 | data= 83 | cola=4624 | prio=10 | https://www.cepal.org/es/eventos/segunda-reunion-comite-ejecutivo-la-conferencia-estadistica-americas-la-cepal
[FULL_20_CEPAL] t=1998.8s | pag=712 | files= 914 | data= 84 | cola=4625 | prio=10 | https://www.cepal.org/es/eventos/tercera-reunion-comite-ejecutivo-la-conferencia-estadistica-americas-la-cepal
[FULL_20_CEPAL] t=1999.8s | pag=713 | files= 929 | data= 85 | cola=4627 | prio=10 | https://www.cepal.org/es/eventos/cuarta-reunion-comite-ejecutivo-la-conferencia-estadistica-americas-la-cepal
[FULL_20_CEPAL] t=2001.5s | pag=714 | files= 946 | data= 86 | cola=4636 | prio=10 | https://www.cepal.org/es/eventos/quinta-reunion-comite-ejecutivo-la-conferencia-estadistica-americas-la-cepal
[FULL_20_CEPAL] t=2003.4s | pag=715 | files= 960 | data= 87 | cola=4648 | prio=10 | https://www.cepal.org/es/eventos/sexta-reunion-comite-ejecutivo-la-conferencia-estadistica-americas-la-cepal
[FULL_20_CEPAL] t=2005.2s | pag=716 | files= 966 | data= 88 | cola=4664 | prio=10 | https://www.cepal.org/es/eventos/septima-reunion-comite-ejecutivo-la-conferencia-estadistica-americas-la-cepal
[FULL_20_CEPAL] t=2006.8s | pag=717 | files= 998 | data= 89 | cola=4685 | prio=10 | https://www.cepal.org/es/eventos/octava-reunion-comite-ejecutivo-la-conferencia-estadistica-americas-la-cepal
[FULL_20_CEPAL] t=2008.5s | pag=718 | files=1023 | data= 90 | cola=4722 | prio=10 | https://www.cepal.org/es/eventos/novena-reunion-comite-ejecutivo-la-conferencia-estadistica-americas-la-cepal
[FULL_20_CEPAL] t=2010.1s | pag=719 | files=1062 | data= 91 | cola=4762 | prio=10 | https://www.cepal.org/es/eventos/decima-reunion-comite-ejecutivo-la-conferencia-estadistica-americas-la-cepal
[FULL_20_CEPAL] t=2012.1s | pag=720 | files=1117 | data= 92 | cola=4775 | prio=10 | https://www.cepal.org/es/eventos/xi-reunion-comite-ejecutivo-la-conferencia-estadistica-americas-la-cepal
[FULL_20_CEPAL] t=2013.9s | pag=721 | files=1154 | data= 93 | cola=4815 | prio=10 | https://www.cepal.org/es/eventos/xii-reunion-comite-ejecutivo-la-conferencia-estadistica-americas-la-cepal
[FULL_20_CEPAL] t=2016.3s | pag=722 | files=1188 | data= 94 | cola=4837 | prio=10 | https://www.cepal.org/es/eventos/xiii-reunion-comite-ejecutivo-conferencia-estadistica-americas-la-cepal
[FULL_20_CEPAL] t=2017.9s | pag=723 | files=1213 | data= 95 | cola=4855 | prio=10 | https://www.cepal.org/es/eventos/xiv-reunion-comite-ejecutivo-conferencia-estadistica-americas-la-cepal
[FULL_20_CEPAL] t=2020.0s | pag=724 | files=1238 | data= 96 | cola=4877 | prio=10 | https://www.cepal.org/es/eventos/xv-reunion-comite-ejecutivo-la-conferencia-estadistica-americas-la-cepal
[FULL_20_CEPAL] t=2021.9s | pag=725 | files=1277 | data= 97 | cola=4901 | prio=10 | https://www.cepal.org/es/eventos/xvi-reunion-comite-ejecutivo-la-conferencia-estadistica-americas-la-cepal
[FULL_20_CEPAL] t=2024.3s | pag=726 | files=1311 | data= 98 | cola=4919 | prio=10 | https://www.cepal.org/es/eventos/xvii-reunion-comite-ejecutivo-la-conferencia-estadistica-americas-la-cepal
[FULL_20_CEPAL] t=2026.3s | pag=727 | files=1352 | data= 99 | cola=4944 | prio=10 | https://www.cepal.org/es/eventos/xviii-reunion-comite-ejecutivo-la-conferencia-estadistica-americas-la-cepal
[FULL_20_CEPAL] DATASETS=100 | data_html_table | https://www.cepal.org/es/eventos/xviii-reunion-comite-ejecutivo-la-conferencia-estadistica-americas-la-cepal
[FULL_20_CEPAL] t=2027.2s | pag=728 | files=1377 | data=100 | cola=4951 | prio=10 | https://www.cepal.org/es/eventos/xix-reunion-comite-ejecutivo-la-conferencia-estadistica-americas-la-cepal
[FULL_20_CEPAL] t=2027.7s | pag=729 | files=1416 | data=101 | cola=4973 | prio=10 | https://www.cepal.org/es/eventos/xx-reunion-comite-ejecutivo-la-conferencia-estadisticas-americas-la-cepal
[FULL_20_CEPAL] t=2029.4s | pag=730 | files=1448 | data=102 | cola=4993 | prio=10 | https://www.cepal.org/es/eventos/xxi-reunion-comite-ejecutivo-la-conferencia-estadistica-americas-la-cepal
[FULL_20_CEPAL] t=2030.1s | pag=731 | files=1479 | data=103 | cola=5017 | prio=10 | https://www.cepal.org/es/eventos/xxii-reunion-comite-ejecutivo-la-conferencia-estadistica-americas-la-cepal
[FULL_20_CEPAL] t=2032.3s | pag=732 | files=1513 | data=104 | cola=5029 | prio=10 | https://rtc-cea.cepal.org/es/grupo-trabajo/gobernanza-de-datos-en-los-sistemas-estadisticos-nacionales/2026-2027
[FULL_20_CEPAL] t=2034.2s | pag=733 | files=1514 | data=104 | cola=5033 | prio=10 | https://rtc-cea.cepal.org/es/grupo-trabajo/estadisticas-experimentales/2026-2027
[FULL_20_CEPAL] t=2035.1s | pag=734 | files=1515 | data=104 | cola=5037 | prio=10 | https://rtc-cea.cepal.org/es/grupo-trabajo/datos-y-metadatos-listos-para-la-inteligencia-artificial/2026-2027
[FULL_20_CEPAL] t=2037.0s | pag=735 | files=1516 | data=104 | cola=5041 | prio=10 | https://rtc-cea.cepal.org/es/grupo-trabajo/integracion-de-informacion-estadistica-y-geoespacial/2026-2027
[FULL_20_CEPAL] t=2037.6s | pag=736 | files=1517 | data=104 | cola=5045 | prio=10 | https://rtc-cea.cepal.org/es/grupo-trabajo/encuestas-de-hogares-para-estadisticas-educativas/2026-2027
[FULL_20_CEPAL] t=2039.2s | pag=737 | files=1518 | data=104 | cola=5049 | prio=10 | https://rtc-cea.cepal.org/es/grupo-trabajo/indicadores-regionales-de-genero-y-cambio-climatico/2026-2027
[FULL_20_CEPAL] t=2039.8s | pag=738 | files=1519 | data=104 | cola=5053 | prio=10 | https://rtc-cea.cepal.org/es/grupo-trabajo/estadisticas-ambientales-en-el-marco-de-la-contabilidad-ambiental-y-economica/2026
[FULL_20_CEPAL] t=2040.4s | pag=739 | files=1520 | data=104 | cola=5057 | prio=10 | https://rtc-cea.cepal.org/es/evento/dat4ccion-dataton-regional-para-la-igualdad-2026-ceremonia-de-clausura-y-premiacion
[FULL_20_CEPAL] t=2041.2s | pag=740 | files=1521 | data=105 | cola=5057 | prio=10 | https://rtc-cea.cepal.org/es/evento/videoconferencia-sobre-uso-de-productos-satelitales-para-la-construccion-de-estadisticas
[FULL_20_CEPAL] t=2042.4s | pag=741 | files=1522 | data=105 | cola=5057 | prio=10 | https://rtc-cea.cepal.org/es/documento/guia-para-la-elaboracion-de-un-sistema-integrado-de-indicadores-de-bienestar
[FULL_20_CEPAL] t=2043.1s | pag=742 | files=1522 | data=105 | cola=5059 | prio=10 | https://rtc-cea.cepal.org/es/documento/recomendaciones-para-fortalecer-los-sistemas-oficiales-de-estadisticas-ambientales
[FULL_20_CEPAL] t=2044.0s | pag=743 | files=1522 | data=105 | cola=5061 | prio=10 | https://rtc-cea.cepal.org/es/documento/guia-practica-para-la-produccion-de-estadisticas-armonizadas-sobre-desplazamiento-forzado
[FULL_20_CEPAL] t=2044.5s | pag=744 | files=1522 | data=105 | cola=5063 | prio=10 | https://rtc-cea.cepal.org/es/documento/guia-para-la-gestion-de-metadatos-en-la-implementacion-del-modelo-generico-de-procesos
[FULL_20_CEPAL] t=2045.0s | pag=745 | files=1522 | data=105 | cola=5065 | prio=10 | https://rtc-cea.cepal.org/es/conectados-rtc/uso-de-productos-satelitales-para-la-construccion-de-estadisticas-regionales
[FULL_20_CEPAL] t=2045.5s | pag=746 | files=1522 | data=105 | cola=5065 | prio=10 | https://rtc-cea.cepal.org/es/recursos-de-difusi%C3%B3n/medicion-y-registro-de-indicadores-sobre-reduccion-del-riesgo-de-desastres-en
[FULL_20_CEPAL] t=2046.2s | pag=747 | files=1522 | data=105 | cola=5066 | prio=10 | https://rtc-cea.cepal.org/es/herramientas-metodologicas/modulos-de-bienestar-autorreportado-biare-inegi-mexico
[FULL_20_CEPAL] t=2047.0s | pag=748 | files=1524 | data=105 | cola=5066 | prio=10 | https://rtc-cea.cepal.org/es/events/past?f%255B0%255D=biennium%3A2018&f%255B1%255D=event_past_type%3A7&f%5B0%5D=topic%3A34
[FULL_20_CEPAL] t=2048.9s | pag=749 | files=1524 | data=105 | cola=5109 | prio=10 | https://rtc-cea.cepal.org/es/events/past?f%255B0%255D=biennium%3A2018&f%255B1%255D=event_past_type%3A7&f%5B0%5D=topic%3A43
[FULL_20_CEPAL] t=2050.3s | pag=750 | files=1524 | data=105 | cola=5165 | prio=10 | https://rtc-cea.cepal.org/es/events/past?f%255B0%255D=biennium%3A2018&f%255B1%255D=event_past_type%3A7&f%5B0%5D=working_group%3A95
[FULL_20_CEPAL] t=2052.0s | pag=751 | files=1524 | data=105 | cola=5170 | prio=10 | https://rtc-cea.cepal.org/es/events/past?f%255B0%255D=biennium%3A2018&f%255B1%255D=event_past_type%3A7&f%5B0%5D=working_group%3A85
[FULL_20_CEPAL] t=2053.6s | pag=752 | files=1524 | data=105 | cola=5175 | prio=10 | https://rtc-cea.cepal.org/es/events/past?f%255B0%255D=biennium%3A2018&f%255B1%255D=event_past_type%3A7&f%5B0%5D=working_group%3A81
[FULL_20_CEPAL] t=2055.4s | pag=753 | files=1524 | data=105 | cola=5179 | prio=10 | https://rtc-cea.cepal.org/es/events/past?f%255B0%255D=biennium%3A2018&f%255B1%255D=event_past_type%3A7&f%5B0%5D=working_group%3A82
[FULL_20_CEPAL] t=2057.1s | pag=754 | files=1524 | data=105 | cola=5185 | prio=10 | https://rtc-cea.cepal.org/es/events/past?f%255B0%255D=biennium%3A2018&f%255B1%255D=event_past_type%3A7&f%5B0%5D=working_group%3A112
[FULL_20_CEPAL] t=2058.8s | pag=755 | files=1524 | data=105 | cola=5190 | prio=10 | https://rtc-cea.cepal.org/es/events/past?f%255B0%255D=biennium%3A2018&f%255B1%255D=event_past_type%3A7&f%5B0%5D=working_group%3A109
[FULL_20_CEPAL] t=2060.5s | pag=756 | files=1524 | data=105 | cola=5193 | prio=10 | https://rtc-cea.cepal.org/es/events/past?f%255B0%255D=biennium%3A2018&f%255B1%255D=event_past_type%3A7&f%5B0%5D=working_group%3A100
[FULL_20_CEPAL] t=2062.1s | pag=757 | files=1524 | data=105 | cola=5198 | prio=10 | https://rtc-cea.cepal.org/es/events/past?f%255B0%255D=biennium%3A2018&f%255B1%255D=event_past_type%3A7&f%5B0%5D=working_group%3A75
[FULL_20_CEPAL] t=2063.5s | pag=758 | files=1524 | data=105 | cola=5206 | prio=10 | https://rtc-cea.cepal.org/es/events/past?f%255B0%255D=biennium%3A2018&f%255B1%255D=event_past_type%3A7&f%5B0%5D=working_group%3A110
[FULL_20_CEPAL] t=2064.9s | pag=759 | files=1524 | data=105 | cola=5210 | prio=10 | https://rtc-cea.cepal.org/es/events/past?f%255B0%255D=biennium%3A2018&f%255B1%255D=event_past_type%3A7&f%5B0%5D=working_group%3A78
[FULL_20_CEPAL] t=2066.6s | pag=760 | files=1524 | data=105 | cola=5218 | prio=10 | https://rtc-cea.cepal.org/es/events/past?f%255B0%255D=biennium%3A2018&f%255B1%255D=event_past_type%3A7&f%5B0%5D=working_group%3A107
[FULL_20_CEPAL] t=2068.4s | pag=761 | files=1524 | data=105 | cola=5222 | prio=10 | https://rtc-cea.cepal.org/es/events/past?f%255B0%255D=biennium%3A2018&f%255B1%255D=event_past_type%3A7&f%5B0%5D=working_group%3A84
[FULL_20_CEPAL] t=2069.7s | pag=762 | files=1524 | data=105 | cola=5226 | prio=10 | https://rtc-cea.cepal.org/es/evento/videoconferencia-sobre-aplicacion-de-tecnicas-de-machine-learning-en-la-estadistica-oficial
[FULL_20_CEPAL] t=2070.4s | pag=763 | files=1526 | data=105 | cola=5226 | prio=10 | https://rtc-cea.cepal.org/es/evento/videoconferencia-sobre-ia-trazable-para-datos-publicos-un-modelo-abierto-para-america-latina
[FULL_20_CEPAL] t=2072.0s | pag=764 | files=1527 | data=105 | cola=5226 | prio=10 | https://rtc-cea.cepal.org/es/evento/videoconferencia-sobre-etica-en-las-estadisticas-oficiales-fundamentos-y-practicas-para
[FULL_20_CEPAL] t=2072.5s | pag=765 | files=1531 | data=106 | cola=5226 | prio=10 | https://www.cepal.org/es/eventos/cuarta-reunion-grupo-coordinacion-estadistica-la-agenda-2030-america-latina-caribe
[FULL_20_CEPAL] t=2074.6s | pag=766 | files=1537 | data=106 | cola=5227 | prio=10 | https://www.cepal.org/es/eventos/tercera-reunion-grupo-coordinacion-estadistica-la-agenda-2030-america-latina-caribe
[FULL_20_CEPAL] t=2076.6s | pag=767 | files=1549 | data=106 | cola=5228 | prio=10 | https://www.cepal.org/es/eventos/segunda-reunion-presencial-grupo-coordinacion-estadistica-la-agenda-2030-america-latina
[FULL_20_CEPAL] t=2079.4s | pag=768 | files=1570 | data=106 | cola=5229 | prio=10 | https://www.cepal.org/es/eventos/primera-reunion-presencial-grupo-coordinacion-estadistica-la-agenda-2030-america-latina
[FULL_20_CEPAL] t=2081.7s | pag=769 | files=1570 | data=106 | cola=5232 | prio=10 | https://repositorio.cepal.org/handle/11362/48081
[FULL_20_CEPAL] t=2094.6s | pag=770 | files=1570 | data=107 | cola=5234 | prio=10 | https://repositorio.cepal.org/handle/11362/47469
[FULL_20_CEPAL] t=2110.3s | pag=770 | files=1570 | data=107 | cola=5233 | prio=10 | https://repositorio.cepal.org/handle/11362/46775
[FULL_20_CEPAL] t=2123.4s | pag=771 | files=1570 | data=108 | cola=5235 | prio=10 | https://repositorio.cepal.org/search?f.series=El+progreso+y+los+desaf%C3%ADos+regionales+de+la+Agenda+2030+para+el+Desarrollo+Sostenible+en+Am%C3%A9rica+Latina+y+el+Caribe%2Cequals&query=&spc.page=1&spc.sd=DESC&spc.sf=dc.date.issued
[FULL_20_CEPAL] t=2124.0s | pag=771 | files=1570 | data=108 | cola=5234 | prio=10 | https://www.cepal.org/en/publications/47154-global-and-regional-perspectives-integration-statistical-and-geospatial
[FULL_20_CEPAL] t=2125.4s | pag=772 | files=1570 | data=109 | cola=5235 | prio=10 | https://www.cepal.org/en/publications/81296-anuario-estadistico-america-latina-caribe-2024-statistical-yearbook-latin-america
[FULL_20_CEPAL] t=2126.8s | pag=773 | files=1570 | data=110 | cola=5235 | prio=10 | https://statistics.cepal.org/yearbook/2024/
[FULL_20_CEPAL] t=2127.7s | pag=774 | files=1570 | data=110 | cola=5234 | prio=10 | https://www.cepal.org/en/publications/68991-anuario-estadistico-america-latina-caribe-2023-statistical-yearbook-latin-america
[FULL_20_CEPAL] t=2128.5s | pag=775 | files=1570 | data=111 | cola=5235 | prio=10 | https://statistics.cepal.org/yearbook/2023/index.html?lang=es
[FULL_20_CEPAL] t=2129.0s | pag=776 | files=1570 | data=111 | cola=5234 | prio=10 | https://www.cepal.org/en/publications/48706-anuario-estadistico-america-latina-caribe-2022-statistical-yearbook-latin-america
[FULL_20_CEPAL] t=2130.5s | pag=777 | files=1570 | data=112 | cola=5234 | prio=10 | https://statistics.cepal.org/yearbook/2022/index.html?lang=es
[FULL_20_CEPAL] t=2130.9s | pag=778 | files=1570 | data=112 | cola=5233 | prio=10 | https://www.cepal.org/en/publications/47827-anuario-estadistico-america-latina-caribe-2021-statistical-yearbook-latin-america
[FULL_20_CEPAL] t=2132.0s | pag=779 | files=1570 | data=113 | cola=5233 | prio=10 | https://statistics.cepal.org/yearbook/2021/
[FULL_20_CEPAL] t=2132.7s | pag=780 | files=1570 | data=113 | cola=5232 | prio=10 | https://statistics.cepal.org/yearbook/2021/statistics.html?lang=es&theme=sociales
[FULL_20_CEPAL] t=2133.5s | pag=781 | files=1570 | data=113 | cola=5231 | prio=10 | http://statistics.cepal.org/portal/cepalstat/
[FULL_20_CEPAL] t=2134.3s | pag=781 | files=1570 | data=113 | cola=5230 | prio=10 | https://www.cepal.org/en/publications/46739-anuario-estadistico-america-latina-caribe-2020-statistical-yearbook-latin-america
[FULL_20_CEPAL] t=2135.6s | pag=782 | files=1570 | data=114 | cola=5232 | prio=10 | https://statistics.cepal.org/yearbook/2020/
[FULL_20_CEPAL] t=2136.8s | pag=783 | files=1570 | data=114 | cola=5231 | prio=10 | https://statistics.cepal.org/yearbook/2020/electronica.html?lang=es&statistic=1
[FULL_20_CEPAL] t=2137.3s | pag=784 | files=1570 | data=114 | cola=5230 | prio=10 | http://estadisticas.cepal.org/cepalstat/
[FULL_20_CEPAL] t=2139.0s | pag=784 | files=1570 | data=114 | cola=5229 | prio=10 | https://www.cepal.org/en/publications/45353-anuario-estadistico-america-latina-caribe-2019-statistical-yearbook-latin-america
[FULL_20_CEPAL] t=2140.0s | pag=785 | files=1570 | data=115 | cola=5230 | prio=10 | https://cepalstat-prod.cepal.org/anuario_estadistico/anuario_2019/index.htm
[FULL_20_CEPAL] t=2141.3s | pag=786 | files=1570 | data=115 | cola=5233 | prio=10 | https://www.cepal.org/en/publications/44445-anuario-estadistico-america-latina-caribe-2018-statistical-yearbook-latin-america
[FULL_20_CEPAL] t=2143.1s | pag=787 | files=1570 | data=116 | cola=5233 | prio=10 | https://cepalstat-prod.cepal.org/anuario_estadistico/anuario_2018/index.htm
[FULL_20_CEPAL] t=2144.0s | pag=788 | files=1570 | data=116 | cola=5233 | prio=10 | http://interwp.cepal.org/anuario_estadistico/anuario_2018/index.htm
[FULL_20_CEPAL] t=2144.8s | pag=788 | files=1570 | data=116 | cola=5232 | prio=10 | https://www.cepal.org/en/publications/43239-anuario-estadistico-america-latina-caribe-2017-statistical-yearbook-latin-america
[FULL_20_CEPAL] t=2146.2s | pag=789 | files=1570 | data=117 | cola=5232 | prio=10 | https://cepalstat-prod.cepal.org/anuario_estadistico/anuario_2017/index.htm
[FULL_20_CEPAL] t=2147.1s | pag=790 | files=1570 | data=117 | cola=5238 | prio=10 | http://interwp.cepal.org/anuario_estadistico/Anuario_2017/index-en.htm
[FULL_20_CEPAL] t=2147.8s | pag=790 | files=1570 | data=117 | cola=5237 | prio=10 | https://www.cepal.org/en/publications/40972-anuario-estadistico-america-latina-caribe-2016-statistical-yearbook-latin-america
[FULL_20_CEPAL] t=2148.6s | pag=791 | files=1570 | data=118 | cola=5238 | prio=10 | https://cepalstat-prod.cepal.org/anuario_estadistico/anuario_2016/index.htm
[FULL_20_CEPAL] t=2149.0s | pag=792 | files=1570 | data=118 | cola=5238 | prio=10 | http://interwp.cepal.org/anuario_estadistico/Anuario_2016/index.htm
[FULL_20_CEPAL] t=2149.8s | pag=792 | files=1570 | data=118 | cola=5237 | prio=10 | https://www.cepal.org/es/publicaciones/39867-anuario-estadistico-america-latina-caribe-2015-statistical-yearbook-latin
[FULL_20_CEPAL] t=2150.9s | pag=793 | files=1570 | data=118 | cola=5241 | prio=10 | https://www.cepal.org/es/publicaciones/37647-anuario-estadistico-america-latina-caribe-2014-statistical-yearbook-latin
[FULL_20_CEPAL] t=2152.4s | pag=794 | files=1570 | data=118 | cola=5245 | prio=10 | https://www.cepal.org/es/publicaciones/35864-anuario-estadistico-america-latina-caribe-2013-statistical-yearbook-latin
[FULL_20_CEPAL] t=2153.9s | pag=795 | files=1570 | data=118 | cola=5250 | prio=10 | https://www.cepal.org/es/publicaciones/927-anuario-estadistico-america-latina-caribe-2012-statistical-yearbook-latin-america
[FULL_20_CEPAL] t=2155.7s | pag=796 | files=1570 | data=118 | cola=5254 | prio=10 | https://www.cepal.org/es/publicaciones/926-anuario-estadistico-america-latina-caribe-2011-statistical-yearbook-latin-america
[FULL_20_CEPAL] t=2157.2s | pag=797 | files=1570 | data=118 | cola=5258 | prio=10 | https://www.cepal.org/es/publicaciones/925-anuario-estadistico-america-latina-caribe-2010-statistical-yearbook-latin-america
[FULL_20_CEPAL] t=2158.7s | pag=798 | files=1570 | data=118 | cola=5262 | prio=10 | https://www.cepal.org/es/publicaciones/924-anuario-estadistico-america-latina-caribe-2009-statistical-yearbook-latin-america
[FULL_20_CEPAL] t=2160.6s | pag=799 | files=1570 | data=118 | cola=5266 | prio=10 | https://www.cepal.org/es/publicaciones/923-anuario-estadistico-america-latina-caribe-2008-statistical-yearbook-latin-america
[FULL_20_CEPAL] t=2161.0s | pag=800 | files=1570 | data=118 | cola=5270 | prio=10 | https://www.cepal.org/es/publicaciones/922-anuario-estadistico-america-latina-caribe-2007-statistical-yearbook-latin-america
[FULL_20_CEPAL] t=2161.8s | pag=801 | files=1570 | data=118 | cola=5274 | prio=10 | https://www.cepal.org/es/publicaciones/921-anuario-estadistico-america-latina-caribe-2006-statistical-yearbook-latin-america
[FULL_20_CEPAL] t=2163.9s | pag=802 | files=1570 | data=118 | cola=5278 | prio=10 | https://www.cepal.org/es/tipo-de-publicacion/anuario-estadistico-america-latina-caribe?page=0
[FULL_20_CEPAL] t=2165.6s | pag=803 | files=1570 | data=118 | cola=5277 | prio=10 | https://www.cepal.org/es/publicaciones/920-anuario-estadistico-america-latina-caribe-2005-statistical-yearbook-latin-america
[FULL_20_CEPAL] t=2167.2s | pag=804 | files=1570 | data=118 | cola=5281 | prio=10 | https://www.cepal.org/es/publicaciones/918-anuario-estadistico-america-latina-caribe-2004-statistical-yearbook-latin-america
[FULL_20_CEPAL] t=2167.7s | pag=805 | files=1570 | data=118 | cola=5284 | prio=10 | https://www.cepal.org/es/publicaciones/917-anuario-estadistico-america-latina-caribe-2003-statistical-yearbook-latin-america
[FULL_20_CEPAL] t=2169.2s | pag=806 | files=1570 | data=118 | cola=5287 | prio=10 | https://www.cepal.org/es/publicaciones/916-anuario-estadistico-america-latina-caribe-2002-statistical-yearbook-latin-america
[FULL_20_CEPAL] t=2170.2s | pag=807 | files=1570 | data=118 | cola=5290 | prio=10 | https://www.cepal.org/es/publicaciones/915-anuario-estadistico-america-latina-caribe-2001-statistical-yearbook-latin-america
[FULL_20_CEPAL] t=2171.5s | pag=808 | files=1570 | data=118 | cola=5293 | prio=10 | https://www.cepal.org/es/publicaciones/914-anuario-estadistico-america-latina-caribe-2000-statistical-yearbook-latin-america
[FULL_20_CEPAL] t=2173.0s | pag=809 | files=1570 | data=118 | cola=5296 | prio=10 | https://www.cepal.org/es/publicaciones/913-anuario-estadistico-america-latina-caribe-1999-statistical-yearbook-latin-america
[FULL_20_CEPAL] t=2174.7s | pag=810 | files=1570 | data=118 | cola=5299 | prio=10 | https://www.cepal.org/es/publicaciones/912-anuario-estadistico-america-latina-caribe-1998-statistical-yearbook-latin-america
[FULL_20_CEPAL] t=2176.1s | pag=811 | files=1570 | data=118 | cola=5302 | prio=10 | https://www.cepal.org/es/publicaciones/911-anuario-estadistico-america-latina-caribe-1997-statistical-yearbook-latin-america
[FULL_20_CEPAL] t=2176.6s | pag=812 | files=1570 | data=118 | cola=5305 | prio=10 | https://www.cepal.org/es/publicaciones/910-anuario-estadistico-america-latina-caribe-1996-statistical-yearbook-latin-america
[FULL_20_CEPAL] t=2178.3s | pag=813 | files=1570 | data=118 | cola=5308 | prio=10 | https://www.cepal.org/es/publicaciones/909-anuario-estadistico-america-latina-caribe-1995-statistical-yearbook-latin-america
[FULL_20_CEPAL] t=2180.0s | pag=814 | files=1570 | data=118 | cola=5311 | prio=10 | https://www.cepal.org/es/publicaciones/907-anuario-estadistico-america-latina-caribe-1994-statistical-yearbook-latin-america
[FULL_20_CEPAL] t=2181.6s | pag=815 | files=1570 | data=118 | cola=5314 | prio=10 | https://www.cepal.org/es/publicaciones/906-anuario-estadistico-america-latina-caribe-1993-statistical-yearbook-latin-america
[FULL_20_CEPAL] t=2183.2s | pag=816 | files=1570 | data=118 | cola=5317 | prio=10 | https://www.cepal.org/es/publicaciones/905-anuario-estadistico-america-latina-caribe-1992-statistical-yearbook-latin-america
[FULL_20_CEPAL] t=2185.0s | pag=817 | files=1570 | data=118 | cola=5320 | prio=10 | https://www.cepal.org/es/publicaciones/904-anuario-estadistico-america-latina-caribe-1991-statistical-yearbook-latin-america
[FULL_20_CEPAL] t=2185.8s | pag=818 | files=1570 | data=118 | cola=5323 | prio=10 | https://www.cepal.org/es/publicaciones/903-anuario-estadistico-america-latina-caribe-1990-statistical-yearbook-latin-america
[FULL_20_CEPAL] t=2187.4s | pag=819 | files=1570 | data=118 | cola=5326 | prio=10 | https://www.cepal.org/es/publicaciones/902-anuario-estadistico-america-latina-caribe-1989-statistical-yearbook-latin-america
[FULL_20_CEPAL] t=2187.9s | pag=820 | files=1570 | data=118 | cola=5329 | prio=10 | https://www.cepal.org/es/publicaciones/901-anuario-estadistico-america-latina-caribe-1988-statistical-yearbook-latin-america
[FULL_20_CEPAL] t=2189.2s | pag=821 | files=1570 | data=118 | cola=5332 | prio=10 | https://www.cepal.org/es/publicaciones/900-anuario-estadistico-america-latina-caribe-1987-statistical-yearbook-latin-america
[FULL_20_CEPAL] t=2190.5s | pag=822 | files=1570 | data=118 | cola=5335 | prio=10 | https://www.cepal.org/es/publicaciones/899-anuario-estadistico-america-latina-caribe-1986-statistical-yearbook-latin-america
[FULL_20_CEPAL] t=2192.1s | pag=823 | files=1570 | data=118 | cola=5338 | prio=10 | https://www.cepal.org/es/publicaciones/898-anuario-estadistico-america-latina-caribe-1985-statistical-yearbook-latin-america
[FULL_20_CEPAL] t=2193.8s | pag=824 | files=1570 | data=118 | cola=5341 | prio=10 | https://www.cepal.org/es/publicaciones/933-anuario-estadistico-america-latina-1984-statistical-yearbook-latin-america-1984
[FULL_20_CEPAL] t=2195.5s | pag=825 | files=1570 | data=118 | cola=5344 | prio=10 | https://www.cepal.org/es/publicaciones/932-anuario-estadistico-america-latina-1983-statistical-yearbook-latin-america-1983
[FULL_20_CEPAL] t=2195.9s | pag=826 | files=1570 | data=118 | cola=5347 | prio=10 | https://www.cepal.org/es/publicaciones/931-anuario-estadistico-america-latina-1981-statistical-yearbook-latin-america-1981
[FULL_20_CEPAL] t=2197.3s | pag=827 | files=1570 | data=118 | cola=5350 | prio=10 | https://www.cepal.org/es/publicaciones/930-anuario-estadistico-america-latina-1980-statistical-yearbook-latin-america-1980
[FULL_20_CEPAL] t=2198.7s | pag=828 | files=1570 | data=118 | cola=5353 | prio=10 | https://www.cepal.org/es/publicaciones/929-anuario-estadistico-america-latina-1978-statistical-yearbook-latin-america-1978
[FULL_20_CEPAL] t=2200.1s | pag=829 | files=1570 | data=118 | cola=5356 | prio=10 | https://www.cepal.org/es/publicaciones/897-anuario-estadistico-america-latina-1979-statistical-yearbook-latin-america-1979
[FULL_20_CEPAL] t=2201.2s | pag=830 | files=1570 | data=118 | cola=5359 | prio=10 | https://www.cepal.org/es/publicaciones/928-anuario-estadistico-america-latina-1976-statistical-yearbook-latin-america-1976
[FULL_20_CEPAL] t=2202.8s | pag=831 | files=1570 | data=118 | cola=5362 | prio=10 | https://www.cepal.org/es/publicaciones/919-anuario-estadistico-america-latina-1975-statistical-yearbook-latin-america-1975
[FULL_20_CEPAL] t=2204.2s | pag=832 | files=1570 | data=118 | cola=5365 | prio=10 | https://www.cepal.org/en/publications/48107-disaggregating-data-household-surveys-using-small-area-estimation-methodologies
[FULL_20_CEPAL] t=2205.0s | pag=833 | files=1570 | data=119 | cola=5367 | prio=10 | https://www.cepal.org/es/publicaciones/48018-predicciones-agregadas-pobreza-informacion-escala-micro-macro-evaluacion
[FULL_20_CEPAL] t=2206.2s | pag=834 | files=1570 | data=119 | cola=5369 | prio=10 | https://www.cepal.org/es/publicaciones/47097-la-medicion-la-discriminacion-base-al-autorreporte-estado-situacion-desafios
[FULL_20_CEPAL] t=2207.0s | pag=835 | files=1570 | data=119 | cola=5371 | prio=10 | https://www.cepal.org/es/publicaciones/45681-criterios-calidad-la-estimacion-indicadores-partir-encuestas-hogares-aplicacion
[FULL_20_CEPAL] t=2207.4s | pag=836 | files=1570 | data=119 | cola=5373 | prio=10 | https://www.cepal.org/es/publicaciones/44792-non-monetary-indicators-monitor-sdg-targets-12-and-14-standards-availability
[FULL_20_CEPAL] t=2209.1s | pag=837 | files=1570 | data=120 | cola=5377 | prio=10 | https://www.cepal.org/es/publicaciones/44583-challenges-designing-national-multidimensional-poverty-measures
[FULL_20_CEPAL] t=2210.1s | pag=838 | files=1570 | data=120 | cola=5380 | prio=10 | https://www.cepal.org/es/publicaciones/44345-propuesta-estimacion-producto-interno-bruto-trimestral-america-latina-caribe
[FULL_20_CEPAL] t=2211.8s | pag=839 | files=1570 | data=120 | cola=5382 | prio=10 | https://www.cepal.org/es/publicaciones/43642-cual-es-alcance-transferencias-contributivas-america-latina-discrepancias
[FULL_20_CEPAL] t=2213.0s | pag=840 | files=1570 | data=120 | cola=5384 | prio=10 | https://www.cepal.org/es/publicaciones/43314-avances-desafios-cuentas-economico-ambientales-america-latina-caribe
[FULL_20_CEPAL] t=2214.5s | pag=841 | files=1570 | data=120 | cola=5386 | prio=10 | https://www.cepal.org/es/publicaciones/43139-la-situacion-estadisticas-indicadores-cuentas-ambientales-america-latina-caribe
[FULL_20_CEPAL] t=2216.0s | pag=842 | files=1570 | data=120 | cola=5388 | prio=10 | https://www.cepal.org/es/publicaciones/43137-indicadores-monetarios-carencias-encuestas-paises-america-latina-disponibilidad
[FULL_20_CEPAL] t=2217.8s | pag=843 | files=1570 | data=120 | cola=5390 | prio=10 | https://www.cepal.org/es/tipo-de-publicacion/serie-estudios-estadisticos?page=0
[FULL_20_CEPAL] t=2219.4s | pag=844 | files=1570 | data=120 | cola=5389 | prio=10 | https://www.cepal.org/es/publicaciones/37957-ajuste-ingresos-encuestas-cuentas-nacionales-revision-la-literatura
[FULL_20_CEPAL] t=2220.1s | pag=845 | files=1570 | data=120 | cola=5391 | prio=10 | https://www.cepal.org/es/publicaciones/37797-la-evolucion-ingreso-hogares-america-latina-durante-periodo-1990-2008-ha-sido
[FULL_20_CEPAL] t=2221.4s | pag=846 | files=1570 | data=120 | cola=5393 | prio=10 | https://www.cepal.org/es/publicaciones/37044-que-es-crecimiento-propobre-fundamentos-teoricos-metodologias-su-medicion
[FULL_20_CEPAL] t=2223.2s | pag=847 | files=1570 | data=120 | cola=5395 | prio=10 | https://www.cepal.org/es/publicaciones/36856-cuentas-satelite-cuentas-salud-un-analisis-comparativo
[FULL_20_CEPAL] t=2224.6s | pag=848 | files=1570 | data=120 | cola=5397 | prio=10 | https://www.cepal.org/es/publicaciones/36826-sensibilidad-indices-pobreza-cambios-ingreso-la-desigualdad-lecciones-diseno
[FULL_20_CEPAL] t=2226.0s | pag=849 | files=1570 | data=120 | cola=5399 | prio=10 | https://www.cepal.org/es/publicaciones/36653-consumo-efectivo-hogares-salud-resultado-estudios-piloto-seis-paises-america
[FULL_20_CEPAL] t=2228.0s | pag=850 | files=1570 | data=120 | cola=5401 | prio=10 | https://www.cepal.org/es/publicaciones/36652-crecimiento-economico-pobreza-distribucion-ingreso-fundamentos-teoricos
[FULL_20_CEPAL] t=2228.9s | pag=851 | files=1570 | data=120 | cola=5403 | prio=10 | https://www.cepal.org/es/publicaciones/35895-america-latina-caribe-estimacion-series-paridades-poder-adquisitivo-ppa-un
[FULL_20_CEPAL] t=2230.7s | pag=852 | files=1570 | data=120 | cola=5405 | prio=10 | https://www.cepal.org/es/publicaciones/35909-propuesta-regional-estrategia-implementacion-sistema-cuentas-ambientales
[FULL_20_CEPAL] t=2232.0s | pag=853 | files=1570 | data=120 | cola=5407 | prio=10 | https://www.cepal.org/es/publicaciones/35907-sistema-cuentas-ambientales-economicas-scae-2012-fundamentos-conceptuales-su
[FULL_20_CEPAL] t=2232.6s | pag=854 | files=1570 | data=120 | cola=5409 | prio=10 | https://www.cepal.org/es/publicaciones/4786-tipologias-discrepancias-medidas-conciliacion-estadistica-indicadores-odm-marco
[FULL_20_CEPAL] t=2234.3s | pag=855 | files=1570 | data=120 | cola=5413 | prio=10 | https://www.cepal.org/es/publicaciones/4785-buenas-practicas-monitoreo-reporte-objetivos-desarrollo-milenio-lecciones
[FULL_20_CEPAL] t=2235.9s | pag=856 | files=1570 | data=120 | cola=5416 | prio=10 | https://www.cepal.org/es/publicaciones/4783-la-medicion-bienestar-traves-indicadores-subjetivos-revision
[FULL_20_CEPAL] t=2236.7s | pag=857 | files=1570 | data=120 | cola=5418 | prio=10 | https://www.cepal.org/es/publicaciones/4781-la-viabilidad-erradicar-la-pobreza-un-examen-conceptual-metodologico
[FULL_20_CEPAL] t=2238.3s | pag=858 | files=1570 | data=120 | cola=5420 | prio=10 | https://www.cepal.org/es/publicaciones/4782-elementos-metodologia-medicion-sector-informal-cuentas-nacionales-documento
[FULL_20_CEPAL] t=2239.8s | pag=859 | files=1570 | data=120 | cola=5422 | prio=10 | https://www.cepal.org/es/publicaciones/4780-contribucion-al-crecimiento-economico-tecnologias-la-informacion-comunicaciones
[FULL_20_CEPAL] t=2241.1s | pag=860 | files=1570 | data=120 | cola=5424 | prio=10 | https://www.cepal.org/es/publicaciones/4779-servicios-intermediacion-financiera-medidos-indirectamente-sifmi-scn-2008-grupo
[FULL_20_CEPAL] t=2242.6s | pag=861 | files=1570 | data=120 | cola=5426 | prio=10 | https://www.cepal.org/es/publicaciones/4778-propuesta-indicadores-complementarios-monitoreo-odm-indicadores-acceso
[FULL_20_CEPAL] t=2244.0s | pag=862 | files=1570 | data=120 | cola=5428 | prio=10 | https://www.cepal.org/es/publicaciones/4777-escalas-equivalencia-paises-america-latina
[FULL_20_CEPAL] t=2245.5s | pag=863 | files=1570 | data=120 | cola=5430 | prio=10 | https://www.cepal.org/es/publicaciones/4776-comparacion-sistema-cuentas-nacionales-1993-sistema-cuentas-salud
[FULL_20_CEPAL] t=2247.1s | pag=864 | files=1570 | data=120 | cola=5432 | prio=10 | https://www.cepal.org/es/publicaciones/4775-vacios-discrepancias-estadisticas-indicadores-odm-estrategia-regional
[FULL_20_CEPAL] t=2248.8s | pag=865 | files=1570 | data=120 | cola=5434 | prio=10 | https://www.cepal.org/en/publications/4774-quantitative-assessment-free-trade-agreement-between-mercosur-and-european-union
[FULL_20_CEPAL] t=2250.4s | pag=866 | files=1570 | data=120 | cola=5436 | prio=10 | https://www.cepal.org/es/publicaciones/4772-estimacion-servicios-capital-productividad-america-latina
[FULL_20_CEPAL] t=2251.6s | pag=867 | files=1570 | data=120 | cola=5438 | prio=10 | https://www.cepal.org/es/publicaciones/4771-estado-situacion-estadisticas-ambientales-america-latina-caribe-al-2008-avances
[FULL_20_CEPAL] t=2253.0s | pag=868 | files=1570 | data=120 | cola=5440 | prio=10 | https://www.cepal.org/es/publicaciones/4770-encuestas-opinion-empresarial-sector-industrial-america-latina
[FULL_20_CEPAL] t=2255.1s | pag=869 | files=1570 | data=120 | cola=5442 | prio=10 | https://www.cepal.org/es/publicaciones/4769-politica-comercial-chile-tlc-asia-evaluacion-efectos-tlc-japon-china
[FULL_20_CEPAL] t=2256.7s | pag=870 | files=1570 | data=120 | cola=5444 | prio=10 | https://www.cepal.org/es/publicaciones/4768-ejercicios-politica-economica-sistemas-cuentas-sectores-institucionales
[FULL_20_CEPAL] t=2259.0s | pag=871 | files=1570 | data=120 | cola=5446 | prio=10 | https://www.cepal.org/es/publicaciones/4767-descomposicion-coeficiente-gini-fuentes-ingreso-evidencia-empirica-america-latina
[FULL_20_CEPAL] t=2260.5s | pag=872 | files=1570 | data=120 | cola=5448 | prio=10 | https://www.cepal.org/es/publicaciones/4765-propuesta-ampliacion-segundo-objetivo-desarrollo-milenio-un-estado-avance
[FULL_20_CEPAL] t=2262.1s | pag=873 | files=1570 | data=120 | cola=5450 | prio=10 | https://www.cepal.org/es/publicaciones/4764-la-medicion-ingreso-estudios-pobreza-america-latina-aspectos-conceptuales
[FULL_20_CEPAL] t=2263.5s | pag=874 | files=1570 | data=120 | cola=5452 | prio=10 | https://www.cepal.org/es/publicaciones/4761-descomponiendo-la-desigualdad-salarial-america-latina-decada-cambios
[FULL_20_CEPAL] t=2265.0s | pag=875 | files=1570 | data=120 | cola=5454 | prio=10 | https://www.cepal.org/es/publicaciones/4763-septimo-objetivo-milenio-america-latina-caribe-avances-al-2007
[FULL_20_CEPAL] t=2266.6s | pag=876 | files=1570 | data=120 | cola=5456 | prio=10 | https://www.cepal.org/es/publicaciones/4760-la-medicion-la-pobreza-dimensiones-distintas-al-ingreso
[FULL_20_CEPAL] t=2268.6s | pag=877 | files=1570 | data=120 | cola=5458 | prio=10 | https://www.cepal.org/es/publicaciones/4757-principios-aplicacion-nuevas-necesidades-energia-segun-comite-expertos-fao
[FULL_20_CEPAL] t=2270.3s | pag=878 | files=1570 | data=120 | cola=5460 | prio=10 | https://www.cepal.org/es/publicaciones/4759-la-cohesion-social-paises-desarrollados-conceptos-indicadores
[FULL_20_CEPAL] t=2271.8s | pag=879 | files=1570 | data=120 | cola=5462 | prio=10 | https://www.cepal.org/es/publicaciones/4755-imputacion-datos-teoria-practica
[FULL_20_CEPAL] t=2272.7s | pag=880 | files=1570 | data=120 | cola=5464 | prio=10 | https://www.cepal.org/es/publicaciones/4753-indicadores-objetivos-desarrollo-milenio-america-latina-caribe-comparacion-datos
[FULL_20_CEPAL] t=2274.4s | pag=881 | files=1570 | data=120 | cola=5466 | prio=10 | https://www.cepal.org/es/publicaciones/4756-transversalizando-la-perspectiva-genero-objetivos-desarrollo-milenio
[FULL_20_CEPAL] t=2275.8s | pag=882 | files=1570 | data=120 | cola=5468 | prio=10 | https://www.cepal.org/es/publicaciones/4758-un-sistema-indicadores-lideres-compuestos-la-region-america-latina
[FULL_20_CEPAL] t=2277.6s | pag=883 | files=1570 | data=120 | cola=5470 | prio=10 | https://www.cepal.org/es/publicaciones/4754-propuesta-regional-indicadores-complementarios-al-objetivo-desarrollo-milenio-7
[FULL_20_CEPAL] t=2279.3s | pag=884 | files=1570 | data=120 | cola=5472 | prio=10 | https://www.cepal.org/es/tipo-de-publicacion/serie-estudios-estadisticos?page=9
[FULL_20_CEPAL] t=2281.4s | pag=885 | files=1570 | data=120 | cola=5481 | prio=10 | https://www.cepal.org/es/publicaciones/4750-indicadores-lideres-compuestos-resumen-metodologias-referencia-construir-un
[FULL_20_CEPAL] t=2282.3s | pag=886 | files=1570 | data=120 | cola=5483 | prio=10 | https://www.cepal.org/en/publications/4749-millennium-development-goals-strategic-implications-latin-american-and-caribbean
[FULL_20_CEPAL] t=2283.6s | pag=887 | files=1570 | data=121 | cola=5486 | prio=10 | https://www.cepal.org/es/publicaciones/4752-metodo-dea-su-aplicacion-al-estudio-sector-energetico-emisiones-co2-america
[FULL_20_CEPAL] t=2284.6s | pag=888 | files=1570 | data=121 | cola=5488 | prio=10 | https://www.cepal.org/en/publications/4747-can-latin-america-fly-revising-engines-growth
[FULL_20_CEPAL] t=2286.2s | pag=889 | files=1570 | data=121 | cola=5490 | prio=10 | https://www.cepal.org/es/publicaciones/4748-importaciones-modernizacion-economica-america-latina-durante-la-primera-mitad
[FULL_20_CEPAL] t=2287.6s | pag=890 | files=1570 | data=121 | cola=5492 | prio=10 | https://www.cepal.org/es/publicaciones/4742-la-medicion-objetivos-desarrollo-milenio-areas-urbanas-america-latina
[FULL_20_CEPAL] t=2289.4s | pag=891 | files=1570 | data=121 | cola=5494 | prio=10 | https://www.cepal.org/en/publications/4744-latin-america-and-caribbean-projections-2006-2007
[FULL_20_CEPAL] t=2290.9s | pag=892 | files=1570 | data=121 | cola=5496 | prio=10 | https://www.cepal.org/es/publicaciones/4743-america-latina-caribe-proyecciones-2006-2007
[FULL_20_CEPAL] t=2292.8s | pag=893 | files=1570 | data=121 | cola=5498 | prio=10 | https://www.cepal.org/es/publicaciones/4745-propuesta-un-compendio-latinoamericano-indicadores-sociales
[FULL_20_CEPAL] t=2294.3s | pag=894 | files=1570 | data=121 | cola=5500 | prio=10 | https://www.cepal.org/es/publicaciones/4739-oportunidades-digitales-equidad-pobreza-america-latina-que-podemos-aprender-la
[FULL_20_CEPAL] t=2296.0s | pag=895 | files=1570 | data=121 | cola=5502 | prio=10 | https://www.cepal.org/es/publicaciones/4738-seguimiento-objetivos-desarrollo-milenio-oportunidades-retos-sistemas-nacionales
[FULL_20_CEPAL] t=2296.8s | pag=896 | files=1570 | data=121 | cola=5504 | prio=10 | https://www.cepal.org/es/publicaciones/4741-elementos-teoricos-ajuste-estacional-series-economicas-utilizando-x-12-arima
[FULL_20_CEPAL] t=2298.4s | pag=897 | files=1570 | data=121 | cola=5506 | prio=10 | https://www.cepal.org/es/publicaciones/4737-topicos-modelo-insumo-producto-teoria-aplicaciones
[FULL_20_CEPAL] t=2299.1s | pag=898 | files=1570 | data=121 | cola=5508 | prio=10 | https://www.cepal.org/es/publicaciones/4746-demanda-exportaciones-importaciones-bienes-servicios-argentina-chile
[FULL_20_CEPAL] t=2300.0s | pag=899 | files=1570 | data=121 | cola=5510 | prio=10 | https://www.cepal.org/es/publicaciones/4736-propuesta-metodologica-desarrollo-la-elaboracion-estadisticas-ambientales-paises
[FULL_20_CEPAL] t=2301.4s | pag=900 | files=1570 | data=121 | cola=5512 | prio=10 | https://www.cepal.org/es/publicaciones/4735-indicadores-sociales-america-latina-caribe
[FULL_20_CEPAL] t=2302.0s | pag=901 | files=1570 | data=121 | cola=5514 | prio=10 | https://www.cepal.org/es/publicaciones/4734-acuerdo-libre-comercio-mercosur-comunidad-andina-naciones-evaluacion-cuantitativa
[FULL_20_CEPAL] t=2303.6s | pag=902 | files=1570 | data=121 | cola=5516 | prio=10 | https://www.cepal.org/es/publicaciones/4732-america-latina-caribe-proyecciones-2005
[FULL_20_CEPAL] t=2304.9s | pag=903 | files=1570 | data=121 | cola=5518 | prio=10 | https://www.cepal.org/es/publicaciones/4733-metodologia-proyecciones-economicas-america-latina-formulacion-proyecciones-corto
[FULL_20_CEPAL] t=2305.8s | pag=904 | files=1570 | data=121 | cola=5520 | prio=10 | https://www.cepal.org/es/publicaciones/4730-cuentas-ambientales-conceptos-metodologias-avances-paises-america-latina-caribe
[FULL_20_CEPAL] t=2307.1s | pag=905 | files=1570 | data=121 | cola=5522 | prio=10 | https://www.cepal.org/es/publicaciones/4728-un-enfoque-contable-estructural-al-crecimiento-la-acumulacion-brasil-mexico-1983
[FULL_20_CEPAL] t=2308.6s | pag=906 | files=1570 | data=121 | cola=5524 | prio=10 | https://www.cepal.org/es/publicaciones/4727-crecimiento-economico-creacion-erosion-empleo-un-analisis-intersectorial
[FULL_20_CEPAL] t=2310.4s | pag=907 | files=1570 | data=121 | cola=5526 | prio=10 | https://www.cepal.org/es/publicaciones/4726-proyecciones-america-latina-caribe-2004
[FULL_20_CEPAL] t=2311.0s | pag=908 | files=1570 | data=121 | cola=5528 | prio=10 | https://www.cepal.org/es/publicaciones/4722-estados-unidos-nueva-economia-o-mas-lo-mismo
[FULL_20_CEPAL] t=2312.3s | pag=909 | files=1570 | data=121 | cola=5530 | prio=10 | https://www.cepal.org/en/publications/4721-potential-output-latin-america-standard-approach-1950-2002-period
[FULL_20_CEPAL] t=2313.9s | pag=910 | files=1570 | data=121 | cola=5532 | prio=10 | https://www.cepal.org/es/publicaciones/4723-desarrollo-economico-america-latina-epocas-globalizacion-agenda-investigacion
[FULL_20_CEPAL] t=2315.5s | pag=911 | files=1570 | data=121 | cola=5534 | prio=10 | https://www.cepal.org/es/publicaciones/4724-tendencias-extrapolacion-crecimiento-america-latina-caribe
[FULL_20_CEPAL] t=2317.0s | pag=912 | files=1570 | data=121 | cola=5536 | prio=10 | https://www.cepal.org/es/publicaciones/4720-apertura-cambio-estructural-la-economia-brasilena
[FULL_20_CEPAL] t=2318.6s | pag=913 | files=1570 | data=121 | cola=5538 | prio=10 | https://www.cepal.org/es/publicaciones/4725-registros-administrativos-calidad-datos-credibilidad-publica-presentacion-debate
[FULL_20_CEPAL] t=2319.3s | pag=914 | files=1570 | data=121 | cola=5540 | prio=10 | https://www.cepal.org/es/publicaciones/4731-resena-programas-sociales-la-superacion-la-pobreza-america-latina
[FULL_20_CEPAL] t=2321.0s | pag=915 | files=1570 | data=121 | cola=5542 | prio=10 | https://www.cepal.org/es/publicaciones/4709-la-medicion-desarrollo-humano-elementos-un-debate
[FULL_20_CEPAL] t=2322.9s | pag=916 | files=1570 | data=121 | cola=5544 | prio=10 | https://www.cepal.org/es/publicaciones/4784-metodo-necesidades-basicas-insatisfechas-nbi-sus-aplicaciones-america-latina
[FULL_20_CEPAL] t=2323.5s | pag=917 | files=1570 | data=121 | cola=5546 | prio=10 | https://www.cepal.org/es/publicaciones/4762-la-vulnerabilidad-social-sus-desafios-mirada-america-latina
[FULL_20_CEPAL] t=2324.4s | pag=918 | files=1570 | data=121 | cola=5548 | prio=10 | https://www.cepal.org/es/publicaciones/4708-desafios-mercosur-la-devaluacion-la-moneda-brasilena
[FULL_20_CEPAL] t=2326.3s | pag=919 | files=1570 | data=121 | cola=5551 | prio=10 | https://www.cepal.org/es/publicaciones/4751-proyecciones-latinoamericanas-2000-2001
[FULL_20_CEPAL] t=2327.8s | pag=920 | files=1570 | data=121 | cola=5553 | prio=10 | https://www.cepal.org/es/publicaciones/4740-enfoques-la-medicion-la-pobreza-breve-revision-la-literatura
[FULL_20_CEPAL] t=2328.4s | pag=921 | files=1570 | data=121 | cola=5555 | prio=10 | https://www.cepal.org/es/publicaciones/4718-ingresos-gastos-consumo-hogares-marco-scn-encuestas-hogares
[FULL_20_CEPAL] t=2330.0s | pag=922 | files=1570 | data=121 | cola=5557 | prio=10 | https://www.cepal.org/es/publicaciones/4707-un-sistema-integrado-encuestas-hogares-paises-america-latina
[FULL_20_CEPAL] t=2331.7s | pag=923 | files=1570 | data=121 | cola=5559 | prio=10 | https://www.cepal.org/en/publications/83771-data-revolution-enhancing-information-promote-sustainable-development
[FULL_20_CEPAL] t=2332.4s | pag=924 | files=1570 | data=122 | cola=5560 | prio=10 | https://www.cepal.org/en/publications/82545-perceptions-governability-and-governance-latin-america
[FULL_20_CEPAL] t=2334.2s | pag=925 | files=1570 | data=122 | cola=5562 | prio=10 | https://www.cepal.org/en/publications/82399-update-institutions-producing-environment-statistics-latin-america-and-caribbean
[FULL_20_CEPAL] t=2335.8s | pag=926 | files=1570 | data=123 | cola=5563 | prio=10 | https://www.cepal.org/en/publications/82293-methodology-2021-cycle-international-comparison-programme-latin-america-and
[FULL_20_CEPAL] t=2337.5s | pag=927 | files=1570 | data=123 | cola=5564 | prio=10 | https://www.cepal.org/en/publications/81898-statistics-and-indicators-related-climate-change-latin-america-and-caribbean
[FULL_20_CEPAL] t=2339.0s | pag=928 | files=1570 | data=124 | cola=5565 | prio=10 | https://www.cepal.org/en/publications/81399-main-results-2021-cycle-international-comparison-programme-latin-america-and
[FULL_20_CEPAL] t=2340.5s | pag=929 | files=1570 | data=124 | cola=5566 | prio=10 | https://www.cepal.org/es/publicaciones/80562-oportunidades-desafios-la-construccion-indicadores-cambio-climatico-desastres
[FULL_20_CEPAL] t=2341.1s | pag=930 | files=1570 | data=124 | cola=5569 | prio=10 | https://www.cepal.org/es/publicaciones/80497-cuentas-subnacionales-indicadores-seleccionados-america-latina-caribe
[FULL_20_CEPAL] t=2342.9s | pag=931 | files=1570 | data=124 | cola=5572 | prio=10 | https://www.cepal.org/es/publicaciones/69190-portal-desigualdades-america-latina
[FULL_20_CEPAL] t=2343.9s | pag=932 | files=1570 | data=124 | cola=5576 | prio=10 | https://www.cepal.org/es/publicaciones/69038-eventos-naturales-extremos-desastres-america-latina-caribe-1990-2022-revision
[FULL_20_CEPAL] t=2345.8s | pag=933 | files=1570 | data=124 | cola=5579 | prio=10 | https://www.cepal.org/es/publicaciones/68008-escenarios-prospectivos-al-2030-indicadores-objetivos-desarrollo-sostenible
[FULL_20_CEPAL] t=2347.7s | pag=934 | files=1570 | data=124 | cola=5582 | prio=10 | https://www.cepal.org/es/publicaciones/49051-base-datos-encuestas-economicas-badecon-indicadores-seleccionados-la-industria
[FULL_20_CEPAL] t=2349.4s | pag=935 | files=1570 | data=124 | cola=5585 | prio=10 | https://www.cepal.org/es/publicaciones/48921-brief-overview-caribbean-countries-based-standardized-household-surveys
[FULL_20_CEPAL] t=2350.9s | pag=936 | files=1570 | data=124 | cola=5588 | prio=10 | https://www.cepal.org/es/publicaciones/48128-cambio-ano-referencia-agregados-regionales-anuales-cuentas-nacionales
[FULL_20_CEPAL] t=2352.4s | pag=937 | files=1570 | data=124 | cola=5591 | prio=10 | https://www.cepal.org/es/publicaciones/47988-lecciones-desafios-la-pandemia-covid-19-encuestas-hogares-america-latina
[FULL_20_CEPAL] t=2354.1s | pag=938 | files=1570 | data=124 | cola=5594 | prio=10 | https://www.cepal.org/es/publicaciones/47924-la-energia-america-latina-caribe-acceso-renovabilidad-eficiencia
[FULL_20_CEPAL] t=2354.9s | pag=939 | files=1570 | data=124 | cola=5597 | prio=10 | https://www.cepal.org/es/tipo-de-publicacion/temas-estadisticos-la-cepal?page=0
[FULL_20_CEPAL] t=2356.6s | pag=940 | files=1570 | data=124 | cola=5596 | prio=10 | https://www.cepal.org/es/publicaciones/47571-estimaciones-subnacionales-la-pobreza-america-latina
[FULL_20_CEPAL] t=2358.4s | pag=941 | files=1570 | data=124 | cola=5599 | prio=10 | https://www.cepal.org/es/publicaciones/47151-forest-loss-latin-america-and-caribbean-1990-2020-statistical-evidence
[FULL_20_CEPAL] t=2359.9s | pag=942 | files=1570 | data=124 | cola=5602 | prio=10 | https://www.cepal.org/es/publicaciones/46819-indice-precios-al-consumidor-efectos-la-pandemia-covid-19-su-compilacion
[FULL_20_CEPAL] t=2361.9s | pag=943 | files=1570 | data=124 | cola=5605 | prio=10 | https://www.cepal.org/es/eventos/ii-reunion-expertosas-la-comunidad-practica-estadisticas-agropecuarias-mexico-centroamerica
[FULL_20_CEPAL] DATASETS=125 | data_html_table | https://www.cepal.org/es/eventos/ii-reunion-expertosas-la-comunidad-practica-estadisticas-agropecuarias-mexico-centroamerica
[FULL_20_CEPAL] t=2364.0s | pag=944 | files=1577 | data=125 | cola=5606 | prio=10 | https://www.cepal.org/es/notas/la-cepal-presento-avances-fortalecer-sistema-informacion-socioeconomica-catamarca
[FULL_20_CEPAL] t=2364.9s | pag=945 | files=1577 | data=125 | cola=5607 | prio=10 | https://www.cepal.org/es/publicaciones/90013-dinamica-la-creacion-empresas-empleo-la-provincia-cordoba-argentina
[FULL_20_CEPAL] t=2365.9s | pag=946 | files=1577 | data=125 | cola=5609 | prio=10 | https://www.cepal.org/es/listado/cepal_publication?topic=8383
[FULL_20_CEPAL] t=2381.7s | pag=946 | files=1577 | data=125 | cola=5608 | prio=10 | https://campusestadisticas.cepal.org/?lang=en
[FULL_20_CEPAL] t=2383.5s | pag=947 | files=1577 | data=126 | cola=5608 | prio=10 | https://campusestadisticas.cepal.org/?lang=fr
[FULL_20_CEPAL] t=2384.7s | pag=948 | files=1577 | data=127 | cola=5607 | prio=10 | https://campusestadisticas.cepal.org/?lang=nl
[FULL_20_CEPAL] t=2385.8s | pag=949 | files=1577 | data=128 | cola=5606 | prio=10 | https://campusestadisticas.cepal.org/?lang=pt
[FULL_20_CEPAL] t=2386.9s | pag=950 | files=1577 | data=129 | cola=5605 | prio=10 | https://campusestadisticas.cepal.org/course/view.php?id=17
[FULL_20_CEPAL] t=2387.8s | pag=951 | files=1577 | data=130 | cola=5604 | prio=10 | https://campusestadisticas.cepal.org/user/view.php?course=1&id=398
[FULL_20_CEPAL] t=2388.7s | pag=951 | files=1577 | data=130 | cola=5603 | prio=10 | https://campusestadisticas.cepal.org/user/view.php?course=1&id=3
[FULL_20_CEPAL] t=2390.2s | pag=951 | files=1577 | data=130 | cola=5602 | prio=10 | https://campusestadisticas.cepal.org/user/view.php?course=1&id=6
[FULL_20_CEPAL] t=2391.6s | pag=951 | files=1577 | data=130 | cola=5601 | prio=10 | https://campusestadisticas.cepal.org/user/view.php?course=1&id=46
[FULL_20_CEPAL] t=2393.3s | pag=951 | files=1577 | data=130 | cola=5600 | prio=10 | https://campusestadisticas.cepal.org/user/view.php?course=1&id=5
[FULL_20_CEPAL] t=2394.7s | pag=951 | files=1577 | data=130 | cola=5599 | prio=10 | https://campusestadisticas.cepal.org/course/view.php?id=9
[FULL_20_CEPAL] t=2396.2s | pag=951 | files=1577 | data=130 | cola=5598 | prio=10 | https://campusestadisticas.cepal.org/user/view.php?course=1&id=316
[FULL_20_CEPAL] t=2398.1s | pag=951 | files=1577 | data=130 | cola=5597 | prio=10 | https://campusestadisticas.cepal.org/course/view.php?id=8
[FULL_20_CEPAL] t=2399.4s | pag=951 | files=1577 | data=130 | cola=5596 | prio=10 | https://campusestadisticas.cepal.org/course/view.php?id=7
[FULL_20_CEPAL] t=2400.7s | pag=951 | files=1577 | data=130 | cola=5595 | prio=10 | https://campusestadisticas.cepal.org/course/view.php?id=6
[FULL_20_CEPAL] t=2402.4s | pag=951 | files=1577 | data=130 | cola=5594 | prio=10 | https://campusestadisticas.cepal.org/course/view.php?id=2
[FULL_20_CEPAL] t=2403.7s | pag=951 | files=1577 | data=130 | cola=5593 | prio=10 | https://campusestadisticas.cepal.org/course/view.php?id=3
[FULL_20_CEPAL] t=2404.8s | pag=951 | files=1577 | data=130 | cola=5592 | prio=10 | https://campusestadisticas.cepal.org/course/view.php?id=24
[FULL_20_CEPAL] t=2406.0s | pag=951 | files=1577 | data=130 | cola=5591 | prio=10 | https://campusestadisticas.cepal.org/course/view.php?id=23
[FULL_20_CEPAL] t=2407.5s | pag=951 | files=1577 | data=130 | cola=5590 | prio=10 | https://campusestadisticas.cepal.org/user/view.php?course=1&id=81
[FULL_20_CEPAL] t=2409.2s | pag=951 | files=1577 | data=130 | cola=5589 | prio=10 | https://campusestadisticas.cepal.org/course/view.php?id=22
[FULL_20_CEPAL] t=2410.5s | pag=951 | files=1577 | data=130 | cola=5588 | prio=10 | https://campusestadisticas.cepal.org/course/view.php?id=21
[FULL_20_CEPAL] t=2411.9s | pag=951 | files=1577 | data=130 | cola=5587 | prio=10 | https://campusestadisticas.cepal.org/user/view.php?course=1&id=14
[FULL_20_CEPAL] t=2413.4s | pag=951 | files=1577 | data=130 | cola=5586 | prio=10 | https://campusestadisticas.cepal.org/course/view.php?id=20
[FULL_20_CEPAL] t=2414.9s | pag=951 | files=1577 | data=130 | cola=5585 | prio=10 | https://campusestadisticas.cepal.org/user/view.php?course=1&id=76
[FULL_20_CEPAL] t=2417.2s | pag=951 | files=1577 | data=130 | cola=5584 | prio=10 | https://campusestadisticas.cepal.org/course/view.php?id=19
[FULL_20_CEPAL] t=2418.8s | pag=951 | files=1577 | data=130 | cola=5583 | prio=10 | https://campusestadisticas.cepal.org/course/view.php?id=5
[FULL_20_CEPAL] t=2420.5s | pag=951 | files=1577 | data=130 | cola=5582 | prio=10 | https://campusestadisticas.cepal.org/user/view.php?course=1&id=4
[FULL_20_CEPAL] t=2421.8s | pag=951 | files=1577 | data=130 | cola=5581 | prio=10 | https://campusestadisticas.cepal.org/user/view.php?course=1&id=8
[FULL_20_CEPAL] t=2423.3s | pag=951 | files=1577 | data=130 | cola=5580 | prio=10 | https://campusestadisticas.cepal.org/user/view.php?course=1&id=7
[FULL_20_CEPAL] t=2425.1s | pag=951 | files=1577 | data=130 | cola=5579 | prio=10 | https://campusestadisticas.cepal.org/user/view.php?course=1&id=9
[FULL_20_CEPAL] t=2426.7s | pag=951 | files=1577 | data=130 | cola=5578 | prio=10 | https://campusestadisticas.cepal.org/course/view.php?id=16
[FULL_20_CEPAL] t=2428.0s | pag=951 | files=1577 | data=130 | cola=5577 | prio=10 | https://campusestadisticas.cepal.org/user/view.php?course=1&id=235
[FULL_20_CEPAL] t=2429.6s | pag=951 | files=1577 | data=130 | cola=5576 | prio=10 | https://campusestadisticas.cepal.org/course/view.php?id=13
[FULL_20_CEPAL] t=2431.1s | pag=951 | files=1577 | data=130 | cola=5575 | prio=10 | https://campusestadisticas.cepal.org/course/view.php?id=12
[FULL_20_CEPAL] t=2432.5s | pag=951 | files=1577 | data=130 | cola=5574 | prio=10 | https://campusestadisticas.cepal.org/course/view.php?id=18
[FULL_20_CEPAL] t=2433.9s | pag=951 | files=1577 | data=130 | cola=5573 | prio=10 | https://campusestadisticas.cepal.org/user/view.php?course=1&id=294
[FULL_20_CEPAL] t=2435.2s | pag=951 | files=1577 | data=130 | cola=5572 | prio=10 | https://campusestadisticas.cepal.org/user/view.php?course=1&id=262
[FULL_20_CEPAL] t=2436.6s | pag=951 | files=1577 | data=130 | cola=5571 | prio=10 | https://campusestadisticas.cepal.org/user/view.php?course=1&id=298
[FULL_20_CEPAL] t=2438.0s | pag=951 | files=1577 | data=130 | cola=5570 | prio=10 | https://campusestadisticas.cepal.org/user/view.php?course=1&id=251
[FULL_20_CEPAL] t=2439.6s | pag=951 | files=1577 | data=130 | cola=5569 | prio=10 | https://campusestadisticas.cepal.org/user/view.php?course=1&id=289
[FULL_20_CEPAL] t=2441.1s | pag=951 | files=1577 | data=130 | cola=5568 | prio=10 | https://campusestadisticas.cepal.org/user/view.php?course=1&id=268
[FULL_20_CEPAL] t=2442.5s | pag=951 | files=1577 | data=130 | cola=5567 | prio=10 | https://campusestadisticas.cepal.org/user/view.php?course=1&id=267
[FULL_20_CEPAL] t=2443.9s | pag=951 | files=1577 | data=130 | cola=5566 | prio=10 | https://campusestadisticas.cepal.org/user/view.php?course=1&id=401
[FULL_20_CEPAL] t=2445.7s | pag=951 | files=1577 | data=130 | cola=5565 | prio=10 | https://campusestadisticas.cepal.org/user/view.php?course=1&id=253
[FULL_20_CEPAL] t=2447.1s | pag=951 | files=1577 | data=130 | cola=5564 | prio=10 | https://campusestadisticas.cepal.org/user/view.php?course=1&id=433
[FULL_20_CEPAL] t=2448.9s | pag=951 | files=1577 | data=130 | cola=5563 | prio=10 | https://campusestadisticas.cepal.org/user/view.php?course=1&id=255
[FULL_20_CEPAL] t=2450.7s | pag=951 | files=1577 | data=130 | cola=5562 | prio=10 | https://campusestadisticas.cepal.org/user/view.php?course=1&id=237
[FULL_20_CEPAL] t=2452.1s | pag=951 | files=1577 | data=130 | cola=5561 | prio=10 | https://campusestadisticas.cepal.org/course/view.php?id=15
[FULL_20_CEPAL] t=2453.7s | pag=951 | files=1577 | data=130 | cola=5560 | prio=10 | https://campusestadisticas.cepal.org/user/view.php?course=1&id=241
[FULL_20_CEPAL] t=2455.3s | pag=951 | files=1577 | data=130 | cola=5559 | prio=10 | https://campusestadisticas.cepal.org/user/view.php?course=1&id=270
[FULL_20_CEPAL] t=2457.2s | pag=951 | files=1577 | data=130 | cola=5558 | prio=10 | https://campusestadisticas.cepal.org/user/view.php?course=1&id=269
[FULL_20_CEPAL] t=2459.0s | pag=951 | files=1577 | data=130 | cola=5557 | prio=10 | https://campusestadisticas.cepal.org/user/view.php?course=1&id=271
[FULL_20_CEPAL] t=2460.3s | pag=951 | files=1577 | data=130 | cola=5556 | prio=10 | https://campusestadisticas.cepal.org/user/view.php?course=1&id=272
[FULL_20_CEPAL] t=2462.3s | pag=951 | files=1577 | data=130 | cola=5555 | prio=10 | https://campusestadisticas.cepal.org/course/view.php?id=14
[FULL_20_CEPAL] t=2463.9s | pag=951 | files=1577 | data=130 | cola=5554 | prio=10 | https://campusestadisticas.cepal.org/user/view.php?course=1&id=457
[FULL_20_CEPAL] t=2465.4s | pag=951 | files=1577 | data=130 | cola=5553 | prio=10 | https://campusestadisticas.cepal.org/user/contactsitesupport.php
[FULL_20_CEPAL] t=2466.6s | pag=952 | files=1577 | data=131 | cola=5556 | prio=10 | https://campusestadisticas.cepal.org/admin/tool/dataprivacy/summary.php
[FULL_20_CEPAL] t=2467.3s | pag=953 | files=1577 | data=132 | cola=5559 | prio=10 | https://www.cepal.org/es/noticias/mas-20-paises-se-reunen-la-cepal-promover-la-cooperacion-la-gestion-datos-geoespaciales
[FULL_20_CEPAL] t=2470.1s | pag=954 | files=1577 | data=132 | cola=5562 | prio=10 | https://www.cepal.org/en/topics/institutional-framework-statistics
[FULL_20_CEPAL] t=2472.2s | pag=955 | files=1577 | data=133 | cola=5577 | prio=10 | https://www.cepal.org/en/publications/type/catalogues-bibliographies-and-abstracts
[FULL_20_CEPAL] t=2472.9s | pag=956 | files=1577 | data=133 | cola=5580 | prio=10 | https://www.cepal.org/en/topics/gender-statistics
[FULL_20_CEPAL] t=2473.4s | pag=957 | files=1577 | data=134 | cola=5592 | prio=10 | https://www.cepal.org/en/publications/82882-persons-disabilities-statistical-visibility-exercise-rights-accessible-version
[FULL_20_CEPAL] t=2475.0s | pag=958 | files=1577 | data=135 | cola=5595 | prio=10 | https://www.cepal.org/en/publications/81360-international-trade-outlook-latin-america-and-caribbean-2024-executive-summary
[FULL_20_CEPAL] t=2476.6s | pag=959 | files=1577 | data=135 | cola=5597 | prio=10 | https://www.cepal.org/en/publications/81302-economic-survey-latin-america-and-caribbean-2024-executive-summary-accessible
[FULL_20_CEPAL] t=2478.0s | pag=960 | files=1577 | data=135 | cola=5597 | prio=10 | https://www.cepal.org/en/publications/81294-social-panorama-latin-america-and-caribbean-2024-executive-summary-accessible
[FULL_20_CEPAL] t=2479.0s | pag=961 | files=1577 | data=135 | cola=5599 | prio=10 | https://www.cepal.org/en/publications/81256-guidelines-preparing-accessible-documents-economic-commission-latin-america-and
[FULL_20_CEPAL] t=2480.8s | pag=962 | files=1577 | data=135 | cola=5601 | prio=10 | https://www.cepal.org/en/publications/81133-economic-survey-latin-america-and-caribbean-2023-accessible-version
[FULL_20_CEPAL] t=2481.7s | pag=963 | files=1577 | data=135 | cola=5602 | prio=10 | https://www.cepal.org/en/publications/80435-santiago-commitment-accessible-version
[FULL_20_CEPAL] t=2483.9s | pag=964 | files=1577 | data=135 | cola=5603 | prio=10 | https://www.cepal.org/en/publications/80420-buenos-aires-commitment-accessible-version
[FULL_20_CEPAL] t=2485.4s | pag=965 | files=1577 | data=135 | cola=5604 | prio=10 | https://www.cepal.org/en/publications/69180-social-panorama-latin-america-and-caribbean-2023-accessible-version
[FULL_20_CEPAL] t=2485.8s | pag=966 | files=1577 | data=135 | cola=5606 | prio=10 | https://www.cepal.org/en/publications/69163-regional-agreement-access-information-public-participation-and-justice
[FULL_20_CEPAL] t=2486.3s | pag=967 | files=1577 | data=135 | cola=5608 | prio=10 | https://www.cepal.org/en/publications/48911-social-panorama-latin-america-and-caribbean-2022-executive-summary-accessible
[FULL_20_CEPAL] t=2488.0s | pag=968 | files=1577 | data=135 | cola=5609 | prio=10 | https://www.cepal.org/es/publicaciones/82536-personas-discapacidad-la-visibilidad-estadistica-al-ejercicio-derechos
[FULL_20_CEPAL] t=2489.4s | pag=969 | files=1577 | data=136 | cola=5614 | prio=10 | https://www.cepal.org/es/publicaciones/80494-guia-la-creacion-documentos-accesibles-la-comision-economica-america-latina
[FULL_20_CEPAL] t=2491.2s | pag=970 | files=1577 | data=136 | cola=5616 | prio=10 | https://www.cepal.org/en/publications/89913-2030-agenda-latin-america-and-caribbean-accelerating-implementation-new-era
[FULL_20_CEPAL] t=2493.2s | pag=971 | files=1577 | data=137 | cola=5617 | prio=10 | https://www.cepal.org/en/publications/89918-sdg-6-clean-water-and-sanitation-progress-latin-america-and-caribbean-2026
[FULL_20_CEPAL] t=2493.7s | pag=972 | files=1577 | data=137 | cola=5618 | prio=10 | https://www.cepal.org/en/publications/89920-sdg-7-affordable-and-clean-energy-progress-latin-america-and-caribbean-2026
[FULL_20_CEPAL] t=2495.7s | pag=973 | files=1577 | data=138 | cola=5619 | prio=10 | https://www.cepal.org/en/publications/89922-sdg-9-industry-innovation-and-infrastructure-progress-latin-america-and-caribbean
[FULL_20_CEPAL] t=2496.3s | pag=974 | files=1577 | data=138 | cola=5621 | prio=10 | https://www.cepal.org/en/publications/89924-sdg-11-sustainable-cities-and-communities-progress-latin-america-and-caribbean
[FULL_20_CEPAL] t=2496.9s | pag=975 | files=1577 | data=138 | cola=5622 | prio=10 | https://www.cepal.org/en/publications/89928-sdg-17-partnerships-goals-progress-latin-america-and-caribbean-2026
[FULL_20_CEPAL] t=2497.5s | pag=976 | files=1577 | data=138 | cola=5623 | prio=10 | https://www.cepal.org/es/tipo-de-publicacion/comite-plenario-la-cepal
[FULL_20_CEPAL] t=2498.0s | pag=977 | files=1577 | data=138 | cola=5624 | prio=10 | https://www.cepal.org/es/tipo-de-publicacion/informes-bienales-la-comision
[FULL_20_CEPAL] t=2500.1s | pag=978 | files=1577 | data=138 | cola=5637 | prio=10 | https://www.cepal.org/es/publicaciones/81254-informe-cuadragesimo-periodo-sesiones-la-comision-economica-america-latina
[FULL_20_CEPAL] t=2502.0s | pag=979 | files=1577 | data=138 | cola=5640 | prio=10 | https://www.cepal.org/es/publicaciones/80729-documentos-presentados-al-cuadragesimo-periodo-sesiones-la-comision-documents
[FULL_20_CEPAL] t=2503.5s | pag=980 | files=1577 | data=138 | cola=5643 | prio=10 | https://www.cepal.org/es/publicaciones/80688-informe-actividades-organos-subsidiarios-la-cepal-resultados-otras-reuniones
[FULL_20_CEPAL] t=2507.1s | pag=981 | files=1577 | data=138 | cola=5646 | prio=10 | https://www.cepal.org/es/publicaciones/80670-proyecto-programa-trabajo-sistema-la-cepal-2026
[FULL_20_CEPAL] t=2508.0s | pag=982 | files=1577 | data=138 | cola=5649 | prio=10 | https://www.cepal.org/es/publicaciones/80593-temario-provisional-anotado-organizacion-cuadragesimo-periodo-sesiones
[FULL_20_CEPAL] t=2508.5s | pag=983 | files=1577 | data=138 | cola=5652 | prio=10 | https://www.cepal.org/es/publicaciones/80591-temario-provisional-cuadragesimo-periodo-sesiones-la-comision-economica-america
[FULL_20_CEPAL] t=2510.1s | pag=984 | files=1577 | data=138 | cola=5655 | prio=10 | https://www.cepal.org/es/publicaciones/80607-calendario-conferencias-la-cepal-propuesto-periodo-2025-2026-nota-la-secretaria
[FULL_20_CEPAL] t=2511.6s | pag=985 | files=1577 | data=138 | cola=5658 | prio=10 | https://www.cepal.org/es/publicaciones/48932-informe-trigesimo-noveno-periodo-sesiones-la-comision-economica-america-latina
[FULL_20_CEPAL] t=2513.0s | pag=986 | files=1577 | data=138 | cola=5661 | prio=10 | https://www.cepal.org/es/tipo-de-publicacion/periodo-sesiones-la-comision?page=1
[FULL_20_CEPAL] t=2515.4s | pag=987 | files=1577 | data=138 | cola=5671 | prio=10 | https://www.cepal.org/es/tipo-de-publicacion/periodo-sesiones-la-comision?page=2
[FULL_20_CEPAL] t=2517.7s | pag=988 | files=1577 | data=138 | cola=5676 | prio=10 | https://www.cepal.org/es/tipo-de-publicacion/periodo-sesiones-la-comision?page=3
[FULL_20_CEPAL] t=2520.2s | pag=989 | files=1577 | data=138 | cola=5685 | prio=10 | https://www.cepal.org/es/tipo-de-publicacion/periodo-sesiones-la-comision?page=4
[FULL_20_CEPAL] t=2522.3s | pag=990 | files=1577 | data=138 | cola=5688 | prio=10 | https://www.cepal.org/es/tipo-de-publicacion/periodo-sesiones-la-comision?page=5
[FULL_20_CEPAL] t=2524.5s | pag=991 | files=1577 | data=138 | cola=5696 | prio=10 | https://www.cepal.org/es/tipo-de-publicacion/periodo-sesiones-la-comision?page=6
[FULL_20_CEPAL] t=2526.4s | pag=992 | files=1577 | data=138 | cola=5705 | prio=10 | https://www.cepal.org/es/tipo-de-publicacion/periodo-sesiones-la-comision?page=7
[FULL_20_CEPAL] t=2528.8s | pag=993 | files=1577 | data=138 | cola=5715 | prio=10 | https://www.cepal.org/es/tipo-de-publicacion/periodo-sesiones-la-comision?page=8
[FULL_20_CEPAL] t=2530.7s | pag=994 | files=1577 | data=138 | cola=5725 | prio=10 | https://www.cepal.org/es/tipo-de-publicacion/periodo-sesiones-la-comision?page=189
[FULL_20_CEPAL] t=2533.3s | pag=995 | files=1577 | data=138 | cola=5733 | prio=10 | https://www.cepal.org/es/tipo-de-publicacion/sede-subregional-la-cepal-mexico-estudios-investigaciones?page=1
[FULL_20_CEPAL] t=2535.2s | pag=996 | files=1577 | data=138 | cola=5738 | prio=10 | https://www.cepal.org/es/tipo-de-publicacion/sede-subregional-la-cepal-mexico-estudios-investigaciones?page=2
[FULL_20_CEPAL] t=2537.4s | pag=997 | files=1577 | data=138 | cola=5744 | prio=10 | https://www.cepal.org/es/tipo-de-publicacion/sede-subregional-la-cepal-mexico-estudios-investigaciones?page=3
[FULL_20_CEPAL] t=2539.8s | pag=998 | files=1577 | data=138 | cola=5753 | prio=10 | https://www.cepal.org/es/tipo-de-publicacion/sede-subregional-la-cepal-mexico-estudios-investigaciones?page=4
[FULL_20_CEPAL] t=2541.9s | pag=999 | files=1577 | data=138 | cola=5762 | prio=10 | https://www.cepal.org/es/tipo-de-publicacion/sede-subregional-la-cepal-mexico-estudios-investigaciones?page=5
[FULL_20_CEPAL] t=2544.0s | pag=1000 | files=1577 | data=138 | cola=5772 | prio=10 | https://www.cepal.org/es/tipo-de-publicacion/sede-subregional-la-cepal-mexico-estudios-investigaciones?page=6
[FULL_20_CEPAL] t=2545.9s | pag=1001 | files=1577 | data=138 | cola=5782 | prio=10 | https://www.cepal.org/es/tipo-de-publicacion/sede-subregional-la-cepal-mexico-estudios-investigaciones?page=7
[FULL_20_CEPAL] t=2546.4s | pag=1002 | files=1577 | data=138 | cola=5792 | prio=10 | https://www.cepal.org/es/tipo-de-publicacion/sede-subregional-la-cepal-mexico-estudios-investigaciones?page=8
[FULL_20_CEPAL] t=2548.2s | pag=1003 | files=1577 | data=138 | cola=5802 | prio=10 | https://www.cepal.org/es/tipo-de-publicacion/sede-subregional-la-cepal-mexico-estudios-investigaciones?page=100
[FULL_20_CEPAL] t=2549.9s | pag=1004 | files=1577 | data=138 | cola=5811 | prio=10 | https://www.cepal.org/es/tipo-de-publicacion/serie-medio-ambiente-desarrollo
[FULL_20_CEPAL] t=2550.5s | pag=1005 | files=1577 | data=139 | cola=5829 | prio=10 | https://www.cepal.org/es/publicaciones/90214-informe-la-trigesima-primera-reunion-la-mesa-directiva-consejo-regional
[FULL_20_CEPAL] t=2552.4s | pag=1006 | files=1577 | data=139 | cola=5831 | prio=10 | https://www.cepal.org/es/publicaciones/85987-marco-financiamiento-la-seguridad-hidrica-america-latina-caribe
[FULL_20_CEPAL] t=2552.9s | pag=1007 | files=1577 | data=139 | cola=5832 | prio=10 | https://www.cepal.org/es/publicaciones/90211-pobreza-energetica-colombia-diagnostico-brechas-acceso-equitativo-energia
[FULL_20_CEPAL] t=2553.7s | pag=1008 | files=1577 | data=139 | cola=5834 | prio=10 | https://www.cepal.org/es/publicaciones/90149-guia-implementacion-proyectos-inteligencia-artificial-sector-publico
[FULL_20_CEPAL] t=2554.6s | pag=1009 | files=1577 | data=139 | cola=5836 | prio=10 | https://www.cepal.org/es/publicaciones/90195-guia-la-implementacion-la-metodologia-planificacion-electrica-resiliente-sector
[FULL_20_CEPAL] t=2555.4s | pag=1010 | files=1577 | data=139 | cola=5838 | prio=10 | https://www.cepal.org/es/publicaciones/90186-eficiencia-fortalecimiento-la-gestion-la-inversion-publica-america-latina-caribe
[FULL_20_CEPAL] t=2557.2s | pag=1011 | files=1577 | data=139 | cola=5840 | prio=10 | https://www.cepal.org/es/publicaciones/90182-metodologia-la-estimacion-efectos-incendios-forestales-sector-ambiental
[FULL_20_CEPAL] t=2559.0s | pag=1012 | files=1577 | data=139 | cola=5842 | prio=10 | https://www.cepal.org/es/publicaciones/90213-notas-planificacion-desarrollo-ndeg-24-innovacion-publica-definiciones
[FULL_20_CEPAL] t=2559.8s | pag=1013 | files=1577 | data=139 | cola=5844 | prio=10 | https://www.cepal.org/es/listado/cepal_publication?page=0
[FULL_20_CEPAL] t=2560.6s | pag=1014 | files=1577 | data=139 | cola=5843 | prio=10 | https://www.cepal.org/es/tipo-de-publicacion/boletin-comercio-exterior-mercosur
[FULL_20_CEPAL] t=2561.1s | pag=1015 | files=1577 | data=139 | cola=5852 | prio=10 | https://www.cepal.org/es/tipo-de-publicacion/otros-documentos-conferencias-reuniones
[FULL_20_CEPAL] t=2562.6s | pag=1016 | files=1577 | data=139 | cola=5860 | prio=10 | https://www.cepal.org/es/tipo-de-publicacion/sede-la-cepal-santiago-conferencias-reuniones
[FULL_20_CEPAL] t=2564.5s | pag=1017 | files=1577 | data=139 | cola=5861 | prio=10 | https://www.cepal.org/en/publications/90116-annotated-provisional-agenda-second-meeting-presiding-officers-regional
[FULL_20_CEPAL] t=2566.0s | pag=1018 | files=1577 | data=139 | cola=5863 | prio=10 | https://www.cepal.org/es/tipo-de-publicacion/boletin-fal
[FULL_20_CEPAL] t=2566.7s | pag=1019 | files=1577 | data=139 | cola=5880 | prio=10 | https://www.cepal.org/es/tipo-de-publicacion/claves-la-cepal-desarrollo
[FULL_20_CEPAL] t=2567.5s | pag=1020 | files=1577 | data=139 | cola=5888 | prio=10 | https://www.cepal.org/es/tipo-de-publicacion/boletin-estadistico-comercio-exterior-bienes-america-latina-caribe
[FULL_20_CEPAL] t=2569.3s | pag=1021 | files=1577 | data=139 | cola=5905 | prio=10 | https://www.cepal.org/en/publications/90160-rethinking-south-south-and-triangular-cooperation-times-uncertainty-paper-chair
[FULL_20_CEPAL] t=2570.0s | pag=1022 | files=1577 | data=139 | cola=5906 | prio=10 | https://www.cepal.org/es/publicaciones/89995-temario-provisional-segunda-reunion-la-mesa-directiva-la-conferencia-regional
[FULL_20_CEPAL] t=2570.7s | pag=1023 | files=1577 | data=139 | cola=5908 | prio=10 | https://www.cepal.org/es/publicaciones/89992-estrategias-fiscales-orientadas-la-atencion-cambio-climatico-la-proteccion
[FULL_20_CEPAL] t=2572.2s | pag=1024 | files=1577 | data=139 | cola=5910 | prio=10 | https://www.cepal.org/es/publicaciones/89991-incentivos-tributarios-relacionados-la-sostenibilidad-ambiental-america-latina
[FULL_20_CEPAL] t=2572.8s | pag=1025 | files=1577 | data=139 | cola=5912 | prio=10 | https://www.cepal.org/es/publicaciones/89989-panorama-fiscal-america-latina-caribe-2026-fortalecimiento-sistemas-tributarios
[FULL_20_CEPAL] t=2573.5s | pag=1026 | files=1577 | data=139 | cola=5916 | prio=10 | https://www.cepal.org/es/publicaciones/81681-trampas-desarrollo-america-latina-jose-manuel-salazar-xirinachs-video
[FULL_20_CEPAL] t=2574.2s | pag=1027 | files=1577 | data=139 | cola=5921 | prio=10 | https://www.cepal.org/es/listado/cepal_publication?page=0&work_area=8188
[FULL_20_CEPAL] t=2589.7s | pag=1027 | files=1577 | data=139 | cola=5920 | prio=10 | https://www.cepal.org/es/publicaciones/89773-cohesion-social-desarrollo-social-inclusivo-america-latina-caribe-segundo
[FULL_20_CEPAL] t=2591.4s | pag=1028 | files=1577 | data=139 | cola=5924 | prio=10 | https://www.cepal.org/es/tipo-de-publicacion/serie-politicas-sociales
[FULL_20_CEPAL] t=2592.3s | pag=1029 | files=1577 | data=140 | cola=5940 | prio=10 | https://www.cepal.org/es/tipo-de-publicacion/conferencia-regional-poblacion-desarrollo-america-latina-caribe
[FULL_20_CEPAL] t=2593.0s | pag=1030 | files=1577 | data=140 | cola=5963 | prio=10 | https://www.cepal.org/en/publications/90141-annotated-provisional-agenda-sixth-session-regional-conference-population-and
[FULL_20_CEPAL] t=2594.8s | pag=1031 | files=1577 | data=140 | cola=5966 | prio=10 | https://www.cepal.org/es/tipo-de-publicacion/conferencia-regional-desarrollo-social-america-latina-caribe
[FULL_20_CEPAL] t=2595.9s | pag=1032 | files=1577 | data=140 | cola=6001 | prio=10 | https://www.cepal.org/en/publications/90129-report-sixth-session-regional-conference-social-development-latin-america-and
[FULL_20_CEPAL] t=2596.4s | pag=1033 | files=1577 | data=140 | cola=6004 | prio=10 | https://repositorio.cepal.org/bitstreams/1934f047-396c-4037-b85b-bd6094d640da/download
[FULL_20_CEPAL] t=2599.8s | pag=1033 | files=1578 | data=140 | cola=6003 | prio=10 | https://www.cepal.org/en/publications/85911-report-first-seminar-impact-organized-crime-economy-latin-america-and-caribbean
[FULL_20_CEPAL] t=2601.5s | pag=1034 | files=1578 | data=141 | cola=6005 | prio=10 | https://www.cepal.org/es/tipo-de-publicacion/foro-paises-america-latina-caribe-desarrollo-sostenible
[FULL_20_CEPAL] t=2602.5s | pag=1035 | files=1578 | data=141 | cola=6006 | prio=10 | https://www.cepal.org/en/publications/89988-summary-chair-ninth-meeting-forum-countries-latin-america-and-caribbean
[FULL_20_CEPAL] t=2604.0s | pag=1036 | files=1578 | data=141 | cola=6009 | prio=10 | https://www.cepal.org/en/publications/90004-decisions-adopted-fourth-meeting-conference-parties-regional-agreement-access
[FULL_20_CEPAL] t=2604.6s | pag=1037 | files=1578 | data=141 | cola=6011 | prio=10 | https://www.cepal.org/en/publications/89939-regional-agreement-access-information-public-participation-and-justice
[FULL_20_CEPAL] t=2605.2s | pag=1038 | files=1578 | data=141 | cola=6012 | prio=10 | https://www.cepal.org/es/tipo-de-publicacion/comite-desarrollo-cooperacion-caribe-cdcc
[FULL_20_CEPAL] t=2606.2s | pag=1039 | files=1578 | data=141 | cola=6049 | prio=10 | https://www.cepal.org/en/publications/89937-report-twenty-second-meeting-monitoring-committee-caribbean-development-and
[FULL_20_CEPAL] t=2606.9s | pag=1040 | files=1578 | data=141 | cola=6052 | prio=10 | https://www.cepal.org/en/publications/89933-report-secretariat-pollutant-release-and-transfer-registers-latin-america-and
[FULL_20_CEPAL] t=2608.4s | pag=1041 | files=1578 | data=141 | cola=6053 | prio=10 | https://www.cepal.org/en/publications/89927-report-secretariat-public-participation-decision-making-processes-respect
[FULL_20_CEPAL] t=2610.1s | pag=1042 | files=1578 | data=141 | cola=6054 | prio=10 | https://repositorio.cepal.org/entities/publication/4a7024aa-7eb8-471f-b40c-a23bc7e45e87
[FULL_20_CEPAL] t=2624.2s | pag=1043 | files=1578 | data=141 | cola=6059 | prio=10 | https://www.cepal.org/es/publicaciones/86528-plan-accion-defensoras-defensores-derechos-humanos-asuntos-ambientales-america
[FULL_20_CEPAL] t=2625.0s | pag=1044 | files=1578 | data=141 | cola=6062 | prio=10 | https://www.cepal.org/es/publicaciones/86527-la-economia-cambio-climatico-america-latina-caribe-2025-la-accion-climatica
[FULL_20_CEPAL] t=2626.0s | pag=1045 | files=1578 | data=141 | cola=6065 | prio=10 | https://www.cepal.org/es/publicaciones/86023-informe-la-segunda-reunion-la-conferencia-regional-cooperacion-sur-sur-america
[FULL_20_CEPAL] t=2627.6s | pag=1046 | files=1578 | data=141 | cola=6068 | prio=10 | https://www.cepal.org/es/publicaciones/86018-informe-trigesimo-octavo-periodo-sesiones-comite-plenario-la-cepal
[FULL_20_CEPAL] t=2628.8s | pag=1047 | files=1578 | data=141 | cola=6071 | prio=10 | https://www.cepal.org/es/publicaciones/85992-acuerdo-regional-acceso-la-informacion-la-participacion-publica-acceso-la
[FULL_20_CEPAL] t=2629.4s | pag=1048 | files=1578 | data=141 | cola=6074 | prio=10 | https://www.cepal.org/es/publicaciones/85984-gestion-pasivos-ambientales-diagnostico-desafios-lecciones-la-mineria-la-region
[FULL_20_CEPAL] t=2630.5s | pag=1049 | files=1578 | data=141 | cola=6076 | prio=10 | https://www.cepal.org/es/publicaciones/84555-temario-provisional-novena-reunion-foro-paises-america-latina-caribe-desarrollo
[FULL_20_CEPAL] t=2632.2s | pag=1050 | files=1578 | data=141 | cola=6079 | prio=10 | https://www.cepal.org/es/publicaciones/84553-temario-provisional-anotado-novena-reunion-foro-paises-america-latina-caribe
[FULL_20_CEPAL] t=2633.7s | pag=1051 | files=1578 | data=141 | cola=6082 | prio=10 | https://www.cepal.org/es/publicaciones/85935-temario-provisional-cuarta-reunion-la-conferencia-partes-acuerdo-regional-acceso
[FULL_20_CEPAL] t=2635.2s | pag=1052 | files=1578 | data=141 | cola=6085 | prio=10 | https://www.cepal.org/es/publicaciones/85927-comite-apoyo-la-aplicacion-cumplimiento-acuerdo-regional-acceso-la-informacion
[FULL_20_CEPAL] t=2636.9s | pag=1053 | files=1578 | data=141 | cola=6087 | prio=10 | https://www.cepal.org/es/publicaciones/84546-informe-tercer-foro-defensoras-defensores-derechos-humanos-asuntos-ambientales
[FULL_20_CEPAL] t=2639.0s | pag=1054 | files=1578 | data=141 | cola=6090 | prio=10 | https://www.cepal.org/es/publicaciones/84433-implementacion-programa-trabajo-2024-subprograma-12-actividades-subregionales
[FULL_20_CEPAL] t=2640.4s | pag=1055 | files=1578 | data=141 | cola=6093 | prio=10 | https://www.cepal.org/es/publicaciones/84425-mercados-carbono-sector-agropecuario-oportunidades-riesgos-centroamerica-la
[FULL_20_CEPAL] t=2642.0s | pag=1056 | files=1578 | data=141 | cola=6096 | prio=10 | https://www.cepal.org/es/publicaciones/83222-temario-provisional-vigesimosegunda-reunion-comite-monitoreo-comite-desarrollo
[FULL_20_CEPAL] t=2644.0s | pag=1057 | files=1578 | data=141 | cola=6099 | prio=10 | https://www.cepal.org/es/publicaciones/83831-temario-provisional-anotado-vigesimosegunda-reunion-comite-monitoreo-comite
[FULL_20_CEPAL] t=2645.7s | pag=1058 | files=1578 | data=141 | cola=6102 | prio=10 | https://www.cepal.org/es/publicaciones/84087-economia-urbana-circular-reciclaje-suelo-edificaciones
[FULL_20_CEPAL] t=2647.3s | pag=1059 | files=1578 | data=141 | cola=6104 | prio=10 | https://www.cepal.org/es/publicaciones/83419-dimensiones-agronegocio-brasileno
[FULL_20_CEPAL] t=2648.2s | pag=1060 | files=1578 | data=141 | cola=6106 | prio=10 | https://www.cepal.org/es/listado/cepal_publication?page=0&work_area=8179
[FULL_20_CEPAL] t=2664.0s | pag=1060 | files=1578 | data=141 | cola=6105 | prio=10 | https://www.cepal.org/es/publicaciones/24313-temario-provisional-taller-tecnica-analizar-impacto-cambio-climatico-la
[FULL_20_CEPAL] t=2665.9s | pag=1061 | files=1578 | data=141 | cola=6107 | prio=10 | https://www.cepal.org/es/publicaciones/37822-cepal-review-special-chinese-edition
[FULL_20_CEPAL] t=2667.4s | pag=1062 | files=1579 | data=141 | cola=6110 | prio=10 | https://www.cepal.org/es/listado/cepal_publication?page=102&work_area=8179
[FULL_20_CEPAL] t=2682.9s | pag=1062 | files=1579 | data=141 | cola=6109 | prio=10 | https://www.cepal.org/es/listado/cepal_publication?page=101&work_area=8179
[FULL_20_CEPAL] t=2699.1s | pag=1062 | files=1579 | data=141 | cola=6108 | prio=10 | https://www.cepal.org/es/tipo-de-publicacion/serie-poblacion-desarrollo
[FULL_20_CEPAL] t=2700.3s | pag=1063 | files=1579 | data=142 | cola=6126 | prio=10 | https://www.cepal.org/en/publications/89762-guide-preparation-voluntary-national-reports-fifth-review-and-appraisal
[FULL_20_CEPAL] t=2702.1s | pag=1064 | files=1579 | data=142 | cola=6127 | prio=10 | https://repositorio.cepal.org/entities/publication/ec113db8-0ff2-47c3-b029-a8ff85f73b5e
[FULL_20_CEPAL] t=2714.3s | pag=1065 | files=1579 | data=142 | cola=6131 | prio=10 | https://www.cepal.org/es/publicaciones/48304-la-transformacion-modelo-desarrollo-america-latina-caribe-produccion-inclusion
[FULL_20_CEPAL] t=2715.7s | pag=1066 | files=1579 | data=142 | cola=6136 | prio=10 | https://www.cepal.org/es/publicaciones/48308-la-transformacion-modelo-desarrollo-america-latina-caribe-produccion-inclusion
[FULL_20_CEPAL] t=2717.0s | pag=1067 | files=1579 | data=142 | cola=6141 | prio=10 | https://www.cepal.org/es/publicaciones/46227-construir-un-nuevo-futuro-recuperacion-transformadora-igualdad-sostenibilidad
[FULL_20_CEPAL] t=2717.5s | pag=1068 | files=1579 | data=142 | cola=6146 | prio=10 | https://www.cepal.org/es/publicaciones/46225-construir-un-nuevo-futuro-recuperacion-transformadora-igualdad-sostenibilidad
[FULL_20_CEPAL] t=2719.1s | pag=1069 | files=1579 | data=142 | cola=6150 | prio=10 | https://www.cepal.org/es/publicaciones/43442-la-ineficiencia-la-desigualdad
[FULL_20_CEPAL] t=2720.1s | pag=1070 | files=1579 | data=142 | cola=6155 | prio=10 | https://www.cepal.org/es/publicaciones/43566-la-ineficiencia-la-desigualdad-sintesis
[FULL_20_CEPAL] t=2720.8s | pag=1071 | files=1579 | data=142 | cola=6159 | prio=10 | https://www.cepal.org/es/publicaciones/40159-horizontes-2030-la-igualdad-centro-desarrollo-sostenible
[FULL_20_CEPAL] t=2721.6s | pag=1072 | files=1579 | data=142 | cola=6165 | prio=10 | https://www.cepal.org/es/publicaciones/40116-horizontes-2030-la-igualdad-centro-desarrollo-sostenible-sintesis
[FULL_20_CEPAL] t=2723.3s | pag=1073 | files=1579 | data=142 | cola=6169 | prio=10 | https://www.cepal.org/es/tipo-de-publicacion/documentos-posicion-periodo-sesiones-la-comision?page=1
[FULL_20_CEPAL] t=2724.6s | pag=1074 | files=1579 | data=142 | cola=6173 | prio=10 | https://www.cepal.org/en/publication-types-dspace-linked/conferences-and-meetings-documents
[FULL_20_CEPAL] t=2725.3s | pag=1075 | files=1579 | data=142 | cola=6185 | prio=10 | https://www.cepal.org/en/publication-types-dspace-linked/eclac-session-documents
[FULL_20_CEPAL] t=2726.3s | pag=1076 | files=1579 | data=142 | cola=6187 | prio=10 | https://www.cepal.org/en/publication-types-dspace-linked/position-papers-sessions-commission
[FULL_20_CEPAL] t=2728.0s | pag=1077 | files=1579 | data=142 | cola=6188 | prio=10 | https://www.cepal.org/en/publications/80741-development-traps-latin-america-and-caribbean-vital-transformations-and-how
[FULL_20_CEPAL] t=2729.9s | pag=1078 | files=1579 | data=142 | cola=6189 | prio=10 | https://www.cepal.org/en/publications/90079-panorama-productive-development-policies-latin-america-and-caribbean-2025-how
[FULL_20_CEPAL] t=2730.7s | pag=1079 | files=1579 | data=142 | cola=6192 | prio=10 | https://www.cepal.org/en/publications/82534-panorama-productive-development-policies-latin-america-and-caribbean-2025-how
[FULL_20_CEPAL] t=2732.2s | pag=1080 | files=1579 | data=142 | cola=6193 | prio=10 | https://www.cepal.org/en/publications/81476-scaling-and-improving-productive-development-policies-113-recommendations-latin
[FULL_20_CEPAL] t=2733.8s | pag=1081 | files=1579 | data=142 | cola=6195 | prio=10 | https://www.cepal.org/en/publications/80643-panorama-productive-development-policies-latin-america-and-caribbean-2024-how-can
[FULL_20_CEPAL] t=2734.6s | pag=1082 | files=1579 | data=142 | cola=6199 | prio=10 | https://www.cepal.org/en/publications/84460-balance-preliminar-economias-america-latina-caribe-2025
[FULL_20_CEPAL] t=2735.3s | pag=1083 | files=1579 | data=142 | cola=6200 | prio=10 | https://repositorio.cepal.org/server/api/core/bitstreams/a475c94b-f647-48de-a838-14c1ddb3530f/content
[FULL_20_CEPAL] t=2735.8s | pag=1083 | files=1579 | data=142 | cola=6199 | prio=10 | https://www.cepal.org/en/publication-types-dspace-linked/preliminary-overview-economies-latin-america-and-caribbean
[FULL_20_CEPAL] t=2736.3s | pag=1084 | files=1579 | data=142 | cola=6202 | prio=10 | https://repositorio.cepal.org/server/api/core/bitstreams/d5e7db41-cd77-4466-b8f6-f9e9a9073cf8/content
[FULL_20_CEPAL] t=2737.8s | pag=1084 | files=1579 | data=142 | cola=6201 | prio=10 | https://www.cepal.org/en/publications/81105-preliminary-overview-economies-latin-america-and-caribbean-2024
[FULL_20_CEPAL] t=2738.6s | pag=1085 | files=1579 | data=142 | cola=6204 | prio=10 | https://www.cepal.org/en/publications/68748-preliminary-overview-economies-latin-america-and-caribbean-2023
[FULL_20_CEPAL] t=2739.4s | pag=1086 | files=1579 | data=142 | cola=6227 | prio=10 | https://www.cepal.org/es/comunicados/la-actividad-economica-america-latina-caribe-continua-exhibiendo-trayectoria-crecimiento
[FULL_20_CEPAL] t=2740.0s | pag=1087 | files=1580 | data=142 | cola=6228 | prio=10 | https://www.cepal.org/en/publications/48575-preliminary-overview-economies-latin-america-and-caribbean-2022
[FULL_20_CEPAL] t=2740.7s | pag=1088 | files=1580 | data=142 | cola=6249 | prio=10 | https://www.cepal.org/en/publications/47670-preliminary-overview-economies-latin-america-and-caribbean-2021
[FULL_20_CEPAL] t=2741.2s | pag=1089 | files=1580 | data=142 | cola=6269 | prio=10 | https://www.cepal.org/en/publications/46504-preliminary-overview-economies-latin-america-and-caribbean-2020
[FULL_20_CEPAL] t=2742.2s | pag=1090 | files=1580 | data=142 | cola=6289 | prio=10 | https://www.cepal.org/en/publications/45001-preliminary-overview-economies-latin-america-and-caribbean-2019
[FULL_20_CEPAL] t=2743.8s | pag=1091 | files=1580 | data=142 | cola=6309 | prio=10 | https://www.cepal.org/en/publications/44327-preliminary-overview-economies-latin-america-and-caribbean-2018
[FULL_20_CEPAL] t=2744.9s | pag=1092 | files=1580 | data=142 | cola=6329 | prio=10 | https://www.cepal.org/en/publications/42652-preliminary-overview-economies-latin-america-and-caribbean-2017
[FULL_20_CEPAL] t=2746.5s | pag=1093 | files=1580 | data=142 | cola=6350 | prio=10 | https://www.cepal.org/es/publicaciones/40825-balance-preliminar-economias-america-latina-caribe-2016
[FULL_20_CEPAL] t=2748.5s | pag=1094 | files=1580 | data=142 | cola=6372 | prio=10 | https://www.cepal.org/es/publicaciones/39558-balance-preliminar-economias-america-latina-caribe-2015
[FULL_20_CEPAL] t=2749.8s | pag=1095 | files=1580 | data=142 | cola=6396 | prio=10 | https://www.cepal.org/es/publicaciones/37344-balance-preliminar-economias-america-latina-caribe-2014
[FULL_20_CEPAL] t=2751.3s | pag=1096 | files=1580 | data=142 | cola=6420 | prio=10 | https://www.cepal.org/es/publicaciones/35948-balance-preliminar-economias-america-latina-caribe-2013
[FULL_20_CEPAL] t=2751.9s | pag=1097 | files=1580 | data=142 | cola=6443 | prio=10 | https://www.cepal.org/es/publicaciones/988-balance-preliminar-economias-america-latina-caribe-2012
[FULL_20_CEPAL] t=2752.9s | pag=1098 | files=1580 | data=142 | cola=6466 | prio=10 | https://www.cepal.org/es/publicaciones/981-balance-preliminar-economias-america-latina-caribe-2011
[FULL_20_CEPAL] t=2753.9s | pag=1099 | files=1580 | data=142 | cola=6488 | prio=10 | https://www.cepal.org/es/publicaciones/976-balance-preliminar-economias-america-latina-caribe-2010
[FULL_20_CEPAL] t=2755.2s | pag=1100 | files=1580 | data=142 | cola=6520 | prio=10 | https://www.cepal.org/es/publicaciones/973-balance-preliminar-economias-america-latina-caribe-2009
[FULL_20_CEPAL] t=2755.7s | pag=1101 | files=1580 | data=142 | cola=6552 | prio=10 | https://www.cepal.org/es/publicaciones/970-balance-preliminar-economias-america-latina-caribe-2008
[FULL_20_CEPAL] t=2757.2s | pag=1102 | files=1580 | data=142 | cola=6584 | prio=10 | https://www.cepal.org/es/publicaciones/968-balance-preliminar-economias-america-latina-caribe-2007
[FULL_20_CEPAL] t=2758.6s | pag=1103 | files=1580 | data=142 | cola=6616 | prio=10 | https://www.cepal.org/es/tipo-de-publicacion/balance-preliminar-economias-america-latina-caribe?page=0
[FULL_20_CEPAL] t=2760.1s | pag=1104 | files=1580 | data=142 | cola=6615 | prio=10 | https://www.cepal.org/es/publicaciones/966-preliminary-overview-economies-latin-america-and-caribbean-2006
[FULL_20_CEPAL] t=2761.9s | pag=1105 | files=1580 | data=142 | cola=6647 | prio=10 | https://www.cepal.org/es/publicaciones/964-balance-preliminar-economias-america-latina-caribe-2005
[FULL_20_CEPAL] t=2763.6s | pag=1106 | files=1580 | data=142 | cola=6654 | prio=10 | https://www.cepal.org/es/publicaciones/962-balance-preliminar-economias-america-latina-caribe-2004
[FULL_20_CEPAL] t=2765.2s | pag=1107 | files=1580 | data=142 | cola=6661 | prio=10 | https://www.cepal.org/es/publicaciones/959-balance-preliminar-economias-america-latina-caribe-2003
[FULL_20_CEPAL] t=2766.8s | pag=1108 | files=1580 | data=142 | cola=6668 | prio=10 | https://www.cepal.org/es/publicaciones/957-balance-preliminar-economias-america-latina-caribe-2002
[FULL_20_CEPAL] t=2768.2s | pag=1109 | files=1580 | data=142 | cola=6675 | prio=10 | https://www.cepal.org/es/publicaciones/955-preliminary-overview-economies-latin-america-and-caribbean-2001
[FULL_20_CEPAL] t=2769.5s | pag=1110 | files=1580 | data=142 | cola=6682 | prio=10 | https://www.cepal.org/es/publicaciones/953-balance-preliminar-economias-america-latina-caribe-2000
[FULL_20_CEPAL] t=2771.1s | pag=1111 | files=1580 | data=142 | cola=6689 | prio=10 | https://www.cepal.org/es/publicaciones/951-balance-preliminar-economias-america-latina-caribe-1999
[FULL_20_CEPAL] t=2772.6s | pag=1112 | files=1580 | data=142 | cola=6696 | prio=10 | https://www.cepal.org/es/publicaciones/993-balance-preliminar-economias-america-latina-caribe-1998
[FULL_20_CEPAL] t=2773.8s | pag=1113 | files=1580 | data=142 | cola=6703 | prio=10 | https://www.cepal.org/es/publicaciones/992-balance-preliminar-la-economia-america-latina-caribe-1997
[FULL_20_CEPAL] t=2775.5s | pag=1114 | files=1580 | data=142 | cola=6710 | prio=10 | https://www.cepal.org/es/publicaciones/991-preliminary-overview-economies-latin-america-and-caribbean-1996
[FULL_20_CEPAL] t=2777.0s | pag=1115 | files=1581 | data=142 | cola=6711 | prio=10 | https://www.cepal.org/es/publicaciones/990-preliminary-overview-economies-latin-america-and-caribbean-1995
[FULL_20_CEPAL] t=2777.8s | pag=1116 | files=1582 | data=142 | cola=6712 | prio=10 | https://www.cepal.org/es/publicaciones/989-preliminary-overview-economies-latin-america-and-caribbean-1994
[FULL_20_CEPAL] t=2778.4s | pag=1117 | files=1583 | data=142 | cola=6713 | prio=10 | https://www.cepal.org/es/publicaciones/983-preliminary-overview-economies-latin-america-and-caribbean-1993
[FULL_20_CEPAL] t=2780.2s | pag=1118 | files=1584 | data=142 | cola=6714 | prio=10 | https://www.cepal.org/es/publicaciones/972-balance-preliminar-la-economia-america-latina-caribe-1992
[FULL_20_CEPAL] t=2780.7s | pag=1119 | files=1585 | data=142 | cola=6715 | prio=10 | https://www.cepal.org/en/publications/89760-economic-survey-latin-america-and-caribbean-2025-resource-mobilization-finance
[FULL_20_CEPAL] t=2781.3s | pag=1120 | files=1585 | data=142 | cola=6718 | prio=10 | https://repositorio.cepal.org/server/api/core/bitstreams/b2d96e1c-c831-4e25-a071-5c8eeb6b88be/content
[FULL_20_CEPAL] t=2782.9s | pag=1120 | files=1585 | data=142 | cola=6717 | prio=10 | https://www.cepal.org/en/publication-types-dspace-linked/economic-survey-latin-america-and-caribbean
[FULL_20_CEPAL] t=2783.8s | pag=1121 | files=1585 | data=142 | cola=6722 | prio=10 | https://repositorio.cepal.org/server/api/core/bitstreams/c1ae13f3-e2b3-4374-ae6e-543f977bab04/content
[FULL_20_CEPAL] t=2785.0s | pag=1121 | files=1585 | data=142 | cola=6721 | prio=10 | https://www.cepal.org/en/publications/80596-economic-survey-latin-america-and-caribbean-2024-low-growth-trap-climate-change
[FULL_20_CEPAL] t=2785.9s | pag=1122 | files=1585 | data=142 | cola=6741 | prio=10 | https://www.cepal.org/en/publications/67990-economic-survey-latin-america-and-caribbean-2023-financing-sustainable-transition
[FULL_20_CEPAL] t=2787.9s | pag=1123 | files=1585 | data=142 | cola=6762 | prio=10 | https://www.cepal.org/en/publications/48078-economic-survey-latin-america-and-caribbean-2022-trends-and-challenges-investing
[FULL_20_CEPAL] t=2788.7s | pag=1124 | files=1585 | data=142 | cola=6783 | prio=10 | https://www.cepal.org/en/publications/47193-economic-survey-latin-america-and-caribbean-2021-labour-dynamics-and-employment
[FULL_20_CEPAL] t=2789.3s | pag=1125 | files=1585 | data=142 | cola=6803 | prio=10 | https://www.cepal.org/pt-br/publicacoes/47313-estudo-economico-america-latina-caribe-2021-dinamica-mercado-trabalho-politicas
[FULL_20_CEPAL] t=2789.9s | pag=1126 | files=1585 | data=142 | cola=6811 | prio=10 | https://www.cepal.org/es/publicaciones/46070-estudio-economico-america-latina-caribe-2020-principales-condicionantes
[FULL_20_CEPAL] t=2790.5s | pag=1127 | files=1585 | data=142 | cola=6834 | prio=10 | https://www.cepal.org/es/publicaciones/44674-estudio-economico-america-latina-caribe-2019-nuevo-contexto-financiero-mundial
[FULL_20_CEPAL] t=2791.3s | pag=1128 | files=1585 | data=142 | cola=6857 | prio=10 | https://www.cepal.org/es/publicaciones/43964-estudio-economico-america-latina-caribe-2018-evolucion-la-inversion-america
[FULL_20_CEPAL] t=2792.2s | pag=1129 | files=1585 | data=142 | cola=6880 | prio=10 | https://www.cepal.org/es/publicaciones/42001-estudio-economico-america-latina-caribe-2017-la-dinamica-ciclo-economico-actual
[FULL_20_CEPAL] t=2793.2s | pag=1130 | files=1585 | data=142 | cola=6903 | prio=10 | https://www.cepal.org/es/publicaciones/40326-estudio-economico-america-latina-caribe-2016-la-agenda-2030-desarrollo
[FULL_20_CEPAL] t=2793.8s | pag=1131 | files=1585 | data=142 | cola=6926 | prio=10 | https://www.cepal.org/es/publicaciones/38713-estudio-economico-america-latina-caribe-2015-desafios-impulsar-ciclo-inversion
[FULL_20_CEPAL] t=2794.6s | pag=1132 | files=1585 | data=142 | cola=6951 | prio=10 | https://www.cepal.org/es/publicaciones/36970-estudio-economico-america-latina-caribe-2014-desafios-la-sostenibilidad
[FULL_20_CEPAL] t=2795.2s | pag=1133 | files=1585 | data=142 | cola=6974 | prio=10 | https://www.cepal.org/es/publicaciones/1085-estudio-economico-america-latina-caribe-2013-tres-decadas-crecimiento-economico
[FULL_20_CEPAL] t=2796.1s | pag=1134 | files=1585 | data=142 | cola=6997 | prio=10 | https://www.cepal.org/es/publicaciones/1079-estudio-economico-america-latina-caribe-2012-politicas-adversidades-la-economia
[FULL_20_CEPAL] t=2797.8s | pag=1135 | files=1585 | data=142 | cola=7020 | prio=10 | https://www.cepal.org/es/publicaciones/1074-estudio-economico-america-latina-caribe-2010-2011-modalidades-insercion-externa
[FULL_20_CEPAL] t=2798.5s | pag=1136 | files=1585 | data=142 | cola=7042 | prio=10 | https://www.cepal.org/es/tipo-de-publicacion/estudio-economico-america-latina-caribe?page=0
[FULL_20_CEPAL] t=2800.0s | pag=1137 | files=1585 | data=142 | cola=7041 | prio=10 | https://www.cepal.org/es/publicaciones/1070-estudio-economico-america-latina-caribe-2009-2010-impacto-distributivo-politicas
[FULL_20_CEPAL] t=2801.8s | pag=1138 | files=1585 | data=142 | cola=7074 | prio=10 | https://www.cepal.org/es/publicaciones/1068-economic-survey-latin-america-and-caribbean-2008-2009-policies-creating-quality
[FULL_20_CEPAL] t=2802.6s | pag=1139 | files=1585 | data=143 | cola=7107 | prio=10 | https://www.cepal.org/es/publicaciones/1066-estudio-economico-america-latina-caribe-2007-2008-politica-macroeconomica
[FULL_20_CEPAL] t=2804.1s | pag=1140 | files=1585 | data=143 | cola=7140 | prio=10 | https://www.cepal.org/es/publicaciones/1064-estudio-economico-america-latina-caribe-2006-2007
[FULL_20_CEPAL] t=2805.8s | pag=1141 | files=1585 | data=143 | cola=7173 | prio=10 | https://www.cepal.org/es/publicaciones/1063-estudio-economico-america-latina-caribe-2005-2006
[FULL_20_CEPAL] t=2807.2s | pag=1142 | files=1585 | data=143 | cola=7205 | prio=10 | https://www.cepal.org/es/publicaciones/1061-estudio-economico-america-latina-caribe-2004-2005
[FULL_20_CEPAL] t=2808.4s | pag=1143 | files=1585 | data=143 | cola=7237 | prio=10 | https://www.cepal.org/es/publicaciones/1058-economic-survey-latin-america-and-caribbean-2003-2004
[FULL_20_CEPAL] t=2809.7s | pag=1144 | files=1585 | data=143 | cola=7268 | prio=10 | https://www.cepal.org/es/publicaciones/1056-estudio-economico-america-latina-caribe-2002-2003
[FULL_20_CEPAL] t=2811.1s | pag=1145 | files=1585 | data=143 | cola=7271 | prio=10 | https://www.cepal.org/es/publicaciones/1093-situacion-perspectivas-estudio-economico-america-latina-caribe-2002-2003
[FULL_20_CEPAL] t=2812.6s | pag=1146 | files=1585 | data=143 | cola=7274 | prio=10 | https://www.cepal.org/es/publicaciones/1091-situacion-perspectivas-estudio-economico-america-latina-caribe-2002
[FULL_20_CEPAL] t=2813.9s | pag=1147 | files=1585 | data=143 | cola=7277 | prio=10 | https://www.cepal.org/es/publicaciones/1054-estudio-economico-america-latina-caribe-2001-2002
[FULL_20_CEPAL] t=2814.6s | pag=1148 | files=1585 | data=143 | cola=7301 | prio=10 | https://www.cepal.org/es/publications/1090-situation-et-perspectives-etude-economique-lamerique-latine-et-les-caraibes-2001
[FULL_20_CEPAL] t=2816.5s | pag=1149 | files=1585 | data=143 | cola=7303 | prio=10 | https://www.cepal.org/es/publicaciones/1052-estudio-economico-america-latina-caribe-2000-2001
[FULL_20_CEPAL] t=2818.7s | pag=1150 | files=1585 | data=143 | cola=7306 | prio=10 | https://www.cepal.org/es/publicaciones/1088-situacion-perspectivas-estudio-economico-america-latina-caribe-2001
[FULL_20_CEPAL] t=2820.1s | pag=1151 | files=1585 | data=143 | cola=7309 | prio=10 | https://www.cepal.org/es/publicaciones/1047-estudio-economico-america-latina-caribe-1999-2000
[FULL_20_CEPAL] t=2820.9s | pag=1152 | files=1585 | data=143 | cola=7312 | prio=10 | https://www.cepal.org/es/publicaciones/1045-estudio-economico-america-latina-caribe-1999-2000-sintesis
[FULL_20_CEPAL] t=2822.1s | pag=1153 | files=1585 | data=143 | cola=7315 | prio=10 | https://www.cepal.org/es/publicaciones/1044-estudio-economico-america-latina-caribe-1998-1999
[FULL_20_CEPAL] t=2823.5s | pag=1154 | files=1585 | data=143 | cola=7318 | prio=10 | https://www.cepal.org/es/publicaciones/1043-estudio-economico-america-latina-caribe-1998-1999-sintesis
[FULL_20_CEPAL] t=2825.1s | pag=1155 | files=1585 | data=143 | cola=7321 | prio=10 | https://www.cepal.org/es/publicaciones/1042-estudio-economico-america-latina-caribe-1997-1998-economic-survey-latin-america
[FULL_20_CEPAL] t=2826.6s | pag=1156 | files=1585 | data=143 | cola=7325 | prio=10 | https://www.cepal.org/es/publicaciones/1040-estudio-economico-america-latina-caribe-1996-1997-economic-survey-latin-america
[FULL_20_CEPAL] t=2828.0s | pag=1157 | files=1585 | data=143 | cola=7329 | prio=10 | https://www.cepal.org/es/publicaciones/1037-estudio-economico-america-latina-caribe-1995-1996-economic-survey-latin-america
[FULL_20_CEPAL] t=2829.3s | pag=1158 | files=1585 | data=143 | cola=7333 | prio=10 | https://www.cepal.org/es/publicaciones/1035-estudio-economico-america-latina-caribe-1994-1995-economic-survey-latin-america
[FULL_20_CEPAL] t=2830.3s | pag=1159 | files=1587 | data=143 | cola=7335 | prio=10 | https://www.cepal.org/es/publicaciones/1034-estudio-economico-america-latina-caribe-1993-volumen-ii-economic-survey-latin
[FULL_20_CEPAL] t=2832.1s | pag=1160 | files=1589 | data=143 | cola=7337 | prio=10 | https://www.cepal.org/es/publicaciones/1033-estudio-economico-america-latina-caribe-1993-volumen-i-economic-survey-latin
[FULL_20_CEPAL] t=2833.3s | pag=1161 | files=1591 | data=143 | cola=7339 | prio=10 | https://www.cepal.org/es/publicaciones/1031-economic-survey-latin-america-and-caribbean-1992
[FULL_20_CEPAL] t=2834.6s | pag=1162 | files=1593 | data=143 | cola=7341 | prio=10 | https://www.cepal.org/es/publicaciones/1030-estudio-economico-america-latina-caribe-1991-economic-survey-latin-america-and
[FULL_20_CEPAL] t=2835.5s | pag=1163 | files=1597 | data=143 | cola=7343 | prio=10 | https://www.cepal.org/es/publicaciones/1028-estudio-economico-america-latina-caribe-1989-economic-survey-latin-america-and
[FULL_20_CEPAL] t=2836.8s | pag=1164 | files=1599 | data=143 | cola=7345 | prio=10 | https://www.cepal.org/es/publicaciones/1029-estudio-economico-america-latina-caribe-1990-economic-survey-latin-america-and
[FULL_20_CEPAL] t=2838.6s | pag=1165 | files=1603 | data=143 | cola=7347 | prio=10 | https://www.cepal.org/es/publicaciones/1082-estudio-economico-america-latina-1976-economic-survey-latin-america-1976
[FULL_20_CEPAL] t=2840.4s | pag=1166 | files=1603 | data=143 | cola=7354 | prio=10 | https://www.cepal.org/es/publicaciones/1060-estudio-economico-america-latina-1973-economic-survey-latin-america-1973
[FULL_20_CEPAL] t=2841.9s | pag=1167 | files=1603 | data=143 | cola=7359 | prio=10 | https://www.cepal.org/es/publicaciones/1036-estudio-economico-america-latina-1969-economic-survey-latin-america-1969
[FULL_20_CEPAL] t=2843.2s | pag=1168 | files=1603 | data=143 | cola=7363 | prio=10 | https://www.cepal.org/es/publicaciones/994-estudio-economico-america-latina-1970-economic-survey-latin-america-1970
[FULL_20_CEPAL] t=2843.8s | pag=1169 | files=1603 | data=143 | cola=7376 | prio=10 | https://www.cepal.org/es/publicaciones/1019-estudio-economico-america-latina-1964-economic-survey-latin-america-1964
[FULL_20_CEPAL] t=2845.0s | pag=1170 | files=1603 | data=143 | cola=7380 | prio=10 | https://www.cepal.org/es/publicaciones/1015-estudio-economico-social-america-latina-1961-economic-and-social-survey-latin
[FULL_20_CEPAL] t=2846.5s | pag=1171 | files=1603 | data=143 | cola=7384 | prio=10 | https://www.cepal.org/es/publicaciones/1014-estudio-economico-america-latina-1960-version-preliminar-economic-survey-latin
[FULL_20_CEPAL] t=2848.0s | pag=1172 | files=1603 | data=143 | cola=7398 | prio=10 | https://www.cepal.org/es/publicaciones/1115-estudio-preliminar-efectos-la-industrializacion-postguerra-la-composicion
[FULL_20_CEPAL] t=2849.4s | pag=1173 | files=1603 | data=143 | cola=7402 | prio=10 | https://www.cepal.org/es/publicaciones/1006-estudio-economico-america-latina-1951-1952-economic-survey-latin-america-1951
[FULL_20_CEPAL] t=2850.9s | pag=1174 | files=1603 | data=143 | cola=7409 | prio=10 | https://www.cepal.org/es/publicaciones/1004-estudio-economico-america-latina-1950-economic-survey-latin-america-1950-etude
[FULL_20_CEPAL] t=2851.9s | pag=1175 | files=1603 | data=143 | cola=7431 | prio=10 | https://www.cepal.org/en/publications/83116-foreign-direct-investment-latin-america-and-caribbean-2025
[FULL_20_CEPAL] t=2852.8s | pag=1176 | files=1603 | data=144 | cola=7433 | prio=10 | https://www.cepal.org/es/publicaciones/83772-claves-la-cepal-desarrollo-ndeg22-la-inversion-extranjera-directa-america-latina
[FULL_20_CEPAL] t=2854.1s | pag=1177 | files=1603 | data=144 | cola=7435 | prio=10 | https://www.cepal.org/es/publicaciones/83773-claves-la-cepal-desarrollo-ndeg23-la-inversion-extranjera-directa-america-latina
[FULL_20_CEPAL] t=2854.7s | pag=1178 | files=1603 | data=144 | cola=7437 | prio=10 | https://www.cepal.org/es/publicaciones/83777-claves-la-cepal-desarrollo-ndeg24-la-inversion-extranjera-directa-america-latina
[FULL_20_CEPAL] t=2855.6s | pag=1179 | files=1603 | data=144 | cola=7439 | prio=10 | https://www.cepal.org/en/publications/80565-foreign-direct-investment-latin-america-and-caribbean-2024
[FULL_20_CEPAL] t=2856.2s | pag=1180 | files=1603 | data=144 | cola=7442 | prio=10 | https://www.cepal.org/en/publications/48979-foreign-direct-investment-latin-america-and-caribbean-2023
[FULL_20_CEPAL] t=2856.7s | pag=1181 | files=1603 | data=144 | cola=7446 | prio=10 | https://repositorio.cepal.org/server/api/core/bitstreams/721cc31d-5328-40ac-933b-2694f2951661/content
[FULL_20_CEPAL] t=2858.1s | pag=1181 | files=1603 | data=144 | cola=7445 | prio=10 | https://repositorio.cepal.org/server/api/core/bitstreams/b7ba7b12-2fa5-41b9-9b2a-4f0c4deab35f/content
[FULL_20_CEPAL] t=2859.5s | pag=1181 | files=1603 | data=144 | cola=7444 | prio=10 | https://www.cepal.org/en/publications/48521-foreign-direct-investment-latin-america-and-caribbean-2022
[FULL_20_CEPAL] t=2861.0s | pag=1182 | files=1603 | data=144 | cola=7445 | prio=10 | https://www.cepal.org/en/publications/47148-foreign-direct-investment-latin-america-and-caribbean-2021
[FULL_20_CEPAL] t=2861.9s | pag=1183 | files=1603 | data=144 | cola=7448 | prio=10 | https://www.cepal.org/en/publications/46541-foreign-direct-investment-latin-america-and-caribbean-2020
[FULL_20_CEPAL] t=2863.6s | pag=1184 | files=1603 | data=144 | cola=7451 | prio=10 | https://repositorio.cepal.org/server/api/core/bitstreams/6d8af29d-d72b-4f57-9999-33851d85c873/content
[FULL_20_CEPAL] t=2865.3s | pag=1184 | files=1603 | data=144 | cola=7450 | prio=10 | https://repositorio.cepal.org/server/api/core/bitstreams/f8545bd3-ca67-4e6e-a204-fbfd7e48def9/content
[FULL_20_CEPAL] t=2867.1s | pag=1184 | files=1603 | data=144 | cola=7449 | prio=10 | https://www.cepal.org/en/publications/44698-foreign-direct-investment-latin-america-and-caribbean-2019
[FULL_20_CEPAL] t=2868.6s | pag=1185 | files=1603 | data=144 | cola=7454 | prio=10 | https://repositorio.cepal.org/server/api/core/bitstreams/f97d4cf2-d0d5-43be-8de3-5ee86c1ac071/content
[FULL_20_CEPAL] t=2870.1s | pag=1185 | files=1603 | data=144 | cola=7453 | prio=10 | https://repositorio.cepal.org/server/api/core/bitstreams/75f91cff-db85-4286-9e07-073be63613e7/content
[FULL_20_CEPAL] t=2871.5s | pag=1185 | files=1603 | data=144 | cola=7452 | prio=10 | https://www.cepal.org/es/publicaciones/43689-la-inversion-extranjera-directa-america-latina-caribe-2018
[FULL_20_CEPAL] t=2873.2s | pag=1186 | files=1603 | data=144 | cola=7458 | prio=10 | https://www.cepal.org/es/publicaciones/42023-la-inversion-extranjera-directa-america-latina-caribe-2017
[FULL_20_CEPAL] t=2873.8s | pag=1187 | files=1603 | data=144 | cola=7464 | prio=10 | https://www.cepal.org/es/publicaciones/40213-la-inversion-extranjera-directa-america-latina-caribe-2016
[FULL_20_CEPAL] t=2874.5s | pag=1188 | files=1603 | data=144 | cola=7471 | prio=10 | https://www.cepal.org/es/publicaciones/38214-la-inversion-extranjera-directa-america-latina-caribe-2015
[FULL_20_CEPAL] t=2875.6s | pag=1189 | files=1603 | data=144 | cola=7478 | prio=10 | https://www.cepal.org/es/publicaciones/36805-la-inversion-extranjera-directa-america-latina-caribe-2013
[FULL_20_CEPAL] t=2875.9s | pag=1190 | files=1603 | data=144 | cola=7484 | prio=10 | https://www.cepal.org/es/publicaciones/1151-la-inversion-extranjera-directa-america-latina-caribe-2012
[FULL_20_CEPAL] t=2877.8s | pag=1191 | files=1603 | data=144 | cola=7490 | prio=10 | https://www.cepal.org/es/publicaciones/1146-la-inversion-extranjera-directa-america-latina-caribe-2011
[FULL_20_CEPAL] t=2879.6s | pag=1192 | files=1603 | data=144 | cola=7496 | prio=10 | https://www.cepal.org/es/publicaciones/1141-la-inversion-extranjera-directa-america-latina-caribe-2010
[FULL_20_CEPAL] t=2880.3s | pag=1193 | files=1603 | data=144 | cola=7501 | prio=10 | https://www.cepal.org/es/publicaciones/1140-la-inversion-extranjera-directa-america-latina-caribe-2009
[FULL_20_CEPAL] t=2882.1s | pag=1194 | files=1603 | data=144 | cola=7504 | prio=10 | https://www.cepal.org/es/publicaciones/1138-la-inversion-extranjera-directa-america-latina-caribe-2008
[FULL_20_CEPAL] t=2883.8s | pag=1195 | files=1603 | data=144 | cola=7507 | prio=10 | https://www.cepal.org/es/tipo-de-publicacion/la-inversion-extranjera-directa-america-latina-caribe?page=0
[FULL_20_CEPAL] t=2885.8s | pag=1196 | files=1603 | data=144 | cola=7506 | prio=10 | https://www.cepal.org/es/publicaciones/1135-la-inversion-extranjera-america-latina-caribe-2007
[FULL_20_CEPAL] t=2887.7s | pag=1197 | files=1603 | data=144 | cola=7509 | prio=10 | https://www.cepal.org/es/publicaciones/1134-la-inversion-extranjera-america-latina-caribe-2006
[FULL_20_CEPAL] t=2889.2s | pag=1198 | files=1603 | data=144 | cola=7512 | prio=10 | https://www.cepal.org/es/publicaciones/1130-foreign-investment-latin-america-and-caribbean-2005
[FULL_20_CEPAL] t=2889.9s | pag=1199 | files=1603 | data=144 | cola=7515 | prio=10 | https://www.cepal.org/es/publicaciones/1128-la-inversion-extranjera-america-latina-caribe-2004
[FULL_20_CEPAL] t=2890.8s | pag=1200 | files=1603 | data=144 | cola=7518 | prio=10 | https://www.cepal.org/es/publicaciones/1126-la-inversion-extranjera-america-latina-caribe-2003
[FULL_20_CEPAL] t=2892.1s | pag=1201 | files=1603 | data=144 | cola=7521 | prio=10 | https://www.cepal.org/es/publicaciones/1124-la-inversion-extranjera-america-latina-caribe-2002
[FULL_20_CEPAL] t=2893.7s | pag=1202 | files=1603 | data=144 | cola=7524 | prio=10 | https://www.cepal.org/es/publicaciones/1122-la-inversion-extranjera-america-latina-caribe-2001
[FULL_20_CEPAL] t=2895.0s | pag=1203 | files=1603 | data=144 | cola=7527 | prio=10 | https://www.cepal.org/es/publicaciones/1156-la-inversion-extranjera-america-latina-caribe-2000
[FULL_20_CEPAL] t=2896.9s | pag=1204 | files=1603 | data=144 | cola=7530 | prio=10 | https://www.cepal.org/es/publicaciones/1154-la-inversion-extranjera-america-latina-caribe-1999
[FULL_20_CEPAL] t=2898.7s | pag=1205 | files=1603 | data=144 | cola=7533 | prio=10 | https://www.cepal.org/es/publicaciones/1153-la-inversion-extranjera-america-latina-caribe-1998
[FULL_20_CEPAL] t=2900.3s | pag=1206 | files=1603 | data=144 | cola=7536 | prio=10 | https://www.cepal.org/es/publicaciones/1143-la-inversion-extranjera-america-latina-caribe-1997
[FULL_20_CEPAL] t=2901.2s | pag=1207 | files=1603 | data=144 | cola=7538 | prio=10 | https://www.cepal.org/es/publicaciones/1132-la-inversion-extranjera-america-latina-caribe-1996
[FULL_20_CEPAL] t=2902.9s | pag=1208 | files=1604 | data=144 | cola=7539 | prio=10 | https://www.cepal.org/es/publicaciones/1121-la-inversion-extranjera-america-latina-caribe-1995
[FULL_20_CEPAL] t=2904.1s | pag=1209 | files=1606 | data=144 | cola=7540 | prio=10 | https://www.cepal.org/en/publications/90126-international-trade-outlook-latin-america-and-caribbean-2025-international-trade
[FULL_20_CEPAL] t=2905.0s | pag=1210 | files=1606 | data=144 | cola=7543 | prio=10 | https://www.cepal.org/en/publication-types-dspace-linked/international-trade-outlook-latin-america-and-caribbean
[FULL_20_CEPAL] t=2905.5s | pag=1211 | files=1606 | data=144 | cola=7546 | prio=10 | https://www.cepal.org/en/publications/80768-international-trade-outlook-latin-america-and-caribbean-2024-reconfiguration
[FULL_20_CEPAL] t=2907.1s | pag=1212 | files=1606 | data=144 | cola=7547 | prio=10 | https://www.cepal.org/en/publications/68664-international-trade-outlook-latin-america-and-caribbean-2023-structural-change
[FULL_20_CEPAL] t=2908.9s | pag=1213 | files=1606 | data=144 | cola=7550 | prio=10 | https://www.cepal.org/en/publications/48651-international-trade-outlook-latin-america-and-caribbean-2022-challenge-boosting
[FULL_20_CEPAL] t=2910.2s | pag=1214 | files=1606 | data=144 | cola=7553 | prio=10 | https://www.cepal.org/en/publications/47536-international-trade-outlook-latin-america-and-caribbean-2021-pursuing-resilient
[FULL_20_CEPAL] t=2910.9s | pag=1215 | files=1606 | data=144 | cola=7556 | prio=10 | https://www.cepal.org/en/publications/46614-international-trade-outlook-latin-america-and-caribbean-2020-regional-integration
[FULL_20_CEPAL] t=2911.3s | pag=1216 | files=1606 | data=144 | cola=7560 | prio=10 | https://www.cepal.org/en/publications/44919-international-trade-outlook-latin-america-and-caribbean-2019-adverse-global
[FULL_20_CEPAL] t=2913.1s | pag=1217 | files=1606 | data=144 | cola=7566 | prio=10 | https://repositorio.cepal.org/server/api/core/bitstreams/c2d7b0df-9c52-462b-b2d1-0dc248ba1a5e/content
[FULL_20_CEPAL] t=2914.6s | pag=1217 | files=1606 | data=144 | cola=7565 | prio=10 | https://repositorio.cepal.org/server/api/core/bitstreams/c816f440-4812-4bd6-9bdf-00bada56af96/content
[FULL_20_CEPAL] t=2915.8s | pag=1217 | files=1606 | data=144 | cola=7564 | prio=10 | https://www.cepal.org/en/publications/44197-international-trade-outlook-latin-america-and-caribbean-2018-stronger-regional
[FULL_20_CEPAL] t=2917.7s | pag=1218 | files=1606 | data=144 | cola=7568 | prio=10 | https://www.cepal.org/es/publicaciones/42315-perspectivas-comercio-internacional-america-latina-caribe-2017-recuperacion-un
[FULL_20_CEPAL] t=2919.8s | pag=1219 | files=1606 | data=144 | cola=7574 | prio=10 | https://www.cepal.org/es/publicaciones/40744-panorama-la-insercion-internacional-america-latina-caribe-2016-la-region-frente
[FULL_20_CEPAL] t=2920.3s | pag=1220 | files=1606 | data=144 | cola=7580 | prio=10 | https://www.cepal.org/es/publicaciones/39010-panorama-la-insercion-internacional-america-latina-caribe-2015-la-crisis
[FULL_20_CEPAL] t=2922.2s | pag=1221 | files=1606 | data=144 | cola=7587 | prio=10 | https://www.cepal.org/es/publicaciones/37195-panorama-la-insercion-internacional-america-latina-caribe-2014-integracion
[FULL_20_CEPAL] t=2923.0s | pag=1222 | files=1606 | data=144 | cola=7593 | prio=10 | https://www.cepal.org/es/publicaciones/1190-panorama-la-insercion-internacional-america-latina-caribe-2013-lenta-poscrisis
[FULL_20_CEPAL] t=2924.4s | pag=1223 | files=1606 | data=144 | cola=7599 | prio=10 | https://www.cepal.org/es/publicaciones/1186-panorama-la-insercion-internacional-america-latina-caribe-2011-2012-crisis
[FULL_20_CEPAL] t=2926.1s | pag=1224 | files=1606 | data=144 | cola=7605 | prio=10 | https://www.cepal.org/es/publicaciones/1180-panorama-la-insercion-internacional-america-latina-caribe-2010-2011-la-region-la
[FULL_20_CEPAL] t=2927.8s | pag=1225 | files=1606 | data=144 | cola=7610 | prio=10 | https://www.cepal.org/es/publicaciones/1179-panorama-insercao-internacional-america-latina-caribe-2010-2011-regiao-decada
[FULL_20_CEPAL] t=2929.1s | pag=1226 | files=1606 | data=144 | cola=7612 | prio=10 | https://www.cepal.org/es/publicaciones/1174-panorama-insercao-internacional-america-latina-caribe-2009-2010-crise-originada
[FULL_20_CEPAL] t=2930.7s | pag=1227 | files=1606 | data=144 | cola=7616 | prio=10 | https://www.cepal.org/es/publicaciones/1172-latin-america-and-caribbean-world-economy-2008-2009-crisis-and-opportunities
[FULL_20_CEPAL] t=2932.1s | pag=1228 | files=1606 | data=144 | cola=7619 | prio=10 | https://www.cepal.org/es/tipo-de-publicacion/perspectivas-comercio-internacional-america-latina-caribe?page=0
[FULL_20_CEPAL] t=2933.4s | pag=1229 | files=1606 | data=144 | cola=7618 | prio=10 | https://www.cepal.org/es/publicaciones/1171-latin-america-and-caribbean-world-economy-2007-2008-trends
[FULL_20_CEPAL] t=2935.5s | pag=1230 | files=1606 | data=144 | cola=7621 | prio=10 | https://www.cepal.org/es/publicaciones/1167-panorama-la-insercion-internacional-america-latina-caribe-2006-tendencias-2007
[FULL_20_CEPAL] t=2936.9s | pag=1231 | files=1606 | data=144 | cola=7624 | prio=10 | https://www.cepal.org/es/publicaciones/1165-latin-america-and-caribbean-world-economy-2005-2006
[FULL_20_CEPAL] t=2937.9s | pag=1232 | files=1606 | data=144 | cola=7627 | prio=10 | https://www.cepal.org/es/publicaciones/1163-latin-america-and-caribbean-world-economy-2004-2005-trends
[FULL_20_CEPAL] t=2938.5s | pag=1233 | files=1606 | data=144 | cola=7630 | prio=10 | https://www.cepal.org/es/publicaciones/1162-latin-america-and-caribbean-world-economy-2002-2003
[FULL_20_CEPAL] t=2940.0s | pag=1234 | files=1606 | data=144 | cola=7633 | prio=10 | https://www.cepal.org/es/publicaciones/1196-latin-america-and-caribbean-world-economy-2001-2002
[FULL_20_CEPAL] t=2940.5s | pag=1235 | files=1606 | data=144 | cola=7636 | prio=10 | https://www.cepal.org/es/publicaciones/1194-panorama-la-insercion-internacional-america-latina-caribe-2000-2001
[FULL_20_CEPAL] t=2942.3s | pag=1236 | files=1606 | data=144 | cola=7639 | prio=10 | https://www.cepal.org/es/publicaciones/1191-panorama-la-insercion-internacional-america-latina-caribe-1999-2000
[FULL_20_CEPAL] t=2943.2s | pag=1237 | files=1606 | data=144 | cola=7642 | prio=10 | https://www.cepal.org/es/publicaciones/1181-latin-america-and-caribbean-world-economy-1998
[FULL_20_CEPAL] t=2944.9s | pag=1238 | files=1606 | data=144 | cola=7645 | prio=10 | https://www.cepal.org/es/publicaciones/1170-panorama-la-insercion-internacional-america-latina-caribe-1997
[FULL_20_CEPAL] t=2946.5s | pag=1239 | files=1606 | data=144 | cola=7647 | prio=10 | https://www.cepal.org/es/publicaciones/1159-panorama-la-insercion-internacional-america-latina-caribe-1996
[FULL_20_CEPAL] t=2947.8s | pag=1240 | files=1607 | data=144 | cola=7648 | prio=10 | https://www.cepal.org/en/publications/90009-social-panorama-latin-america-and-caribbean-2025-how-escape-trap-high-inequality
[FULL_20_CEPAL] t=2948.7s | pag=1241 | files=1607 | data=144 | cola=7652 | prio=10 | https://www.cepal.org/es/publicaciones/85981-claves-la-cepal-desarrollo-ndeg-26-panorama-social-america-latina-caribe-2025
[FULL_20_CEPAL] t=2949.5s | pag=1242 | files=1607 | data=144 | cola=7654 | prio=10 | https://www.cepal.org/en/publications/84177-social-panorama-latin-america-and-caribbean-2025-how-escape-trap-high-inequality
[FULL_20_CEPAL] t=2950.3s | pag=1243 | files=1607 | data=144 | cola=7656 | prio=10 | https://www.cepal.org/en/publications/80859-social-panorama-latin-america-and-caribbean-2024-challenges-non-contributory
[FULL_20_CEPAL] t=2951.2s | pag=1244 | files=1607 | data=144 | cola=7659 | prio=10 | https://www.cepal.org/en/publications/68703-social-panorama-latin-america-and-caribbean-2023-labour-inclusion-key-axis
[FULL_20_CEPAL] t=2951.9s | pag=1245 | files=1607 | data=144 | cola=7664 | prio=10 | https://www.cepal.org/en/publications/48519-social-panorama-latin-america-and-caribbean-2022-transforming-education-basis
[FULL_20_CEPAL] t=2952.8s | pag=1246 | files=1607 | data=144 | cola=7669 | prio=10 | https://www.cepal.org/en/publications/47719-social-panorama-latin-america-2021
[FULL_20_CEPAL] t=2953.2s | pag=1247 | files=1607 | data=144 | cola=7675 | prio=10 | https://www.cepal.org/en/publications/46688-social-panorama-latin-america-2020
[FULL_20_CEPAL] t=2953.9s | pag=1248 | files=1607 | data=144 | cola=7679 | prio=10 | https://repositorio.cepal.org/server/api/core/bitstreams/718a29c3-1c03-4351-8ca7-e4a3c74ff4d8/content
[FULL_20_CEPAL] t=2955.2s | pag=1248 | files=1607 | data=144 | cola=7678 | prio=10 | https://www.cepal.org/es/publicaciones/44969-panorama-social-america-latina-2019
[FULL_20_CEPAL] t=2955.8s | pag=1249 | files=1607 | data=144 | cola=7685 | prio=10 | https://www.cepal.org/es/publicaciones/44395-panorama-social-america-latina-2018
[FULL_20_CEPAL] t=2956.5s | pag=1250 | files=1607 | data=144 | cola=7692 | prio=10 | https://www.cepal.org/es/publicaciones/42716-panorama-social-america-latina-2017
[FULL_20_CEPAL] t=2958.0s | pag=1251 | files=1607 | data=144 | cola=7698 | prio=10 | https://www.cepal.org/es/publicaciones/41598-panorama-social-america-latina-2016
[FULL_20_CEPAL] t=2958.5s | pag=1252 | files=1607 | data=144 | cola=7704 | prio=10 | https://www.cepal.org/es/publicaciones/39965-panorama-social-america-latina-2015
[FULL_20_CEPAL] t=2960.1s | pag=1253 | files=1607 | data=144 | cola=7710 | prio=10 | https://www.cepal.org/es/publicaciones/37626-panorama-social-america-latina-2014
[FULL_20_CEPAL] t=2961.1s | pag=1254 | files=1607 | data=144 | cola=7718 | prio=10 | https://www.cepal.org/es/publicaciones/35904-panorama-social-america-latina-2013
[FULL_20_CEPAL] t=2961.6s | pag=1255 | files=1607 | data=144 | cola=7725 | prio=10 | https://www.cepal.org/es/publicaciones/1247-panorama-social-america-latina-2012
[FULL_20_CEPAL] t=2963.3s | pag=1256 | files=1607 | data=144 | cola=7732 | prio=10 | https://www.cepal.org/es/publicaciones/1241-panorama-social-america-latina-2011
[FULL_20_CEPAL] t=2964.9s | pag=1257 | files=1607 | data=144 | cola=7739 | prio=10 | https://www.cepal.org/es/publicaciones/1236-panorama-social-america-latina-2010
[FULL_20_CEPAL] t=2965.8s | pag=1258 | files=1607 | data=144 | cola=7744 | prio=10 | https://www.cepal.org/es/tipo-de-publicacion/panorama-social-america-latina-caribe?page=0
[FULL_20_CEPAL] t=2966.8s | pag=1259 | files=1607 | data=144 | cola=7743 | prio=10 | https://www.cepal.org/es/publicaciones/1232-panorama-social-america-latina-2009
[FULL_20_CEPAL] t=2967.6s | pag=1260 | files=1607 | data=144 | cola=7747 | prio=10 | https://www.cepal.org/es/publicaciones/1229-panorama-social-america-latina-2008
[FULL_20_CEPAL] t=2969.1s | pag=1261 | files=1607 | data=144 | cola=7751 | prio=10 | https://www.cepal.org/es/publicaciones/1227-panorama-social-america-latina-2007
[FULL_20_CEPAL] t=2969.6s | pag=1262 | files=1607 | data=144 | cola=7755 | prio=10 | https://www.cepal.org/es/publicaciones/1225-panorama-social-america-latina-2006
[FULL_20_CEPAL] t=2971.4s | pag=1263 | files=1607 | data=144 | cola=7759 | prio=10 | https://www.cepal.org/es/publicaciones/1223-panorama-social-america-latina-2005
[FULL_20_CEPAL] t=2973.2s | pag=1264 | files=1607 | data=144 | cola=7763 | prio=10 | https://www.cepal.org/es/publicaciones/1221-social-panorama-latin-america-2004
[FULL_20_CEPAL] t=2973.8s | pag=1265 | files=1607 | data=144 | cola=7767 | prio=10 | https://www.cepal.org/es/publicaciones/1217-panorama-social-america-latina-2002-2003
[FULL_20_CEPAL] t=2974.8s | pag=1266 | files=1607 | data=144 | cola=7770 | prio=10 | https://www.cepal.org/es/publicaciones/1213-panorama-social-america-latina-2001-2002
[FULL_20_CEPAL] t=2975.4s | pag=1267 | files=1607 | data=144 | cola=7773 | prio=10 | https://www.cepal.org/es/publicaciones/1211-panorama-social-america-latina-2000-2001
[FULL_20_CEPAL] t=2976.8s | pag=1268 | files=1607 | data=144 | cola=7776 | prio=10 | https://www.cepal.org/es/publicaciones/1256-panorama-social-america-latina-1999-2000
[FULL_20_CEPAL] t=2978.6s | pag=1269 | files=1607 | data=144 | cola=7779 | prio=10 | https://www.cepal.org/es/publicaciones/1255-social-panorama-latin-america-1998
[FULL_20_CEPAL] t=2980.3s | pag=1270 | files=1607 | data=144 | cola=7782 | prio=10 | https://www.cepal.org/es/publicaciones/1254-social-panorama-latin-america-1997
[FULL_20_CEPAL] t=2981.6s | pag=1271 | files=1607 | data=144 | cola=7785 | prio=10 | https://www.cepal.org/es/publicaciones/1253-panorama-social-america-latina-1996
[FULL_20_CEPAL] t=2982.9s | pag=1272 | files=1607 | data=144 | cola=7788 | prio=10 | https://www.cepal.org/es/publicaciones/1242-panorama-social-america-latina-1995
[FULL_20_CEPAL] t=2984.7s | pag=1273 | files=1607 | data=144 | cola=7791 | prio=10 | https://www.cepal.org/es/publicaciones/1231-panorama-social-america-latina-1994
[FULL_20_CEPAL] t=2986.2s | pag=1274 | files=1607 | data=144 | cola=7794 | prio=10 | https://www.cepal.org/es/publicaciones/1220-social-panorama-latin-america-1993
[FULL_20_CEPAL] t=2987.8s | pag=1275 | files=1608 | data=144 | cola=7795 | prio=10 | https://www.cepal.org/es/publicaciones/1209-panorama-social-america-latina-1991
[FULL_20_CEPAL] t=2989.2s | pag=1276 | files=1609 | data=144 | cola=7796 | prio=10 | https://www.cepal.org/es/publicaciones/84025-guia-la-gestion-metadatos-la-implementacion-modelo-generico-procesos
[FULL_20_CEPAL] t=2990.7s | pag=1277 | files=1609 | data=144 | cola=7798 | prio=10 | https://www.cepal.org/es/publicaciones/83952-plan-estrategico-2026-2035
[FULL_20_CEPAL] t=2991.4s | pag=1278 | files=1609 | data=144 | cola=7800 | prio=10 | https://www.cepal.org/es/publicaciones/84062-mecanismo-revision-pares-codigo-regional-buenas-practicas-estadisticas-america
[FULL_20_CEPAL] t=2993.2s | pag=1279 | files=1609 | data=144 | cola=7802 | prio=10 | https://www.cepal.org/es/publicaciones/84069-recomendaciones-fortalecer-sistemas-oficiales-estadisticas-ambientales
[FULL_20_CEPAL] t=2993.7s | pag=1280 | files=1609 | data=144 | cola=7804 | prio=10 | https://www.cepal.org/es/publicaciones/83944-diagnostico-tecnologias-metodologias-la-cartografia-censal
[FULL_20_CEPAL] t=2995.2s | pag=1281 | files=1609 | data=144 | cola=7806 | prio=10 | https://www.cepal.org/es/publicaciones/83970-metodologias-imputacion-datos-aplicables-encuestas-hogares-censos-poblacion
[FULL_20_CEPAL] t=2996.9s | pag=1282 | files=1609 | data=144 | cola=7808 | prio=10 | https://www.cepal.org/es/publicaciones/83945-diagnostico-la-medicion-contratistas-independientes-la-economia-informal
[FULL_20_CEPAL] t=2998.7s | pag=1283 | files=1609 | data=144 | cola=7810 | prio=10 | https://www.cepal.org/es/publicaciones/83946-recomendaciones-incorporar-metodologias-estimacion-areas-pequenas-la-produccion
[FULL_20_CEPAL] t=3000.6s | pag=1284 | files=1609 | data=144 | cola=7812 | prio=10 | https://www.cepal.org/es/publicaciones/82450-temario-provisional-decimotercera-reunion-la-conferencia-estadistica-americas-la
[FULL_20_CEPAL] t=3002.0s | pag=1285 | files=1609 | data=144 | cola=7815 | prio=10 | https://www.cepal.org/es/listado/cepal_publication?page=1&publication_type=8287
[FULL_20_CEPAL] t=3017.6s | pag=1285 | files=1609 | data=144 | cola=7814 | prio=10 | https://www.cepal.org/es/listado/cepal_publication?page=2&publication_type=8287
[FULL_20_CEPAL] t=3034.1s | pag=1285 | files=1609 | data=144 | cola=7813 | prio=10 | https://www.cepal.org/es/listado/cepal_publication?page=20&publication_type=8287
[FULL_20_CEPAL] t=3050.1s | pag=1285 | files=1609 | data=144 | cola=7812 | prio=10 | https://www.cepal.org/es/publicaciones/43576-informe-la-novena-reunion-comite-negociacion-acuerdo-regional-acceso-la
[FULL_20_CEPAL] t=3052.2s | pag=1286 | files=1609 | data=144 | cola=7817 | prio=10 | https://www.cepal.org/es/publicaciones/43356-acta-final-novena-reunion-comite-negociacion-acuerdo-regional-acceso-la
[FULL_20_CEPAL] t=3052.8s | pag=1287 | files=1609 | data=144 | cola=7821 | prio=10 | https://www.cepal.org/es/publicaciones/43586-acuerdo-regional-acceso-la-informacion-la-participacion-publica-acceso-la
[FULL_20_CEPAL] t=3054.7s | pag=1288 | files=1609 | data=144 | cola=7824 | prio=10 | https://www.cepal.org/es/publicaciones/43330-propuesta-chile-colombia-costa-rica-uruguay-articulo-2
[FULL_20_CEPAL] t=3056.5s | pag=1289 | files=1609 | data=144 | cola=7827 | prio=10 | https://www.cepal.org/es/publicaciones/43261-temario-provisional-anotado-novena-reunion-comite-negociacion-acuerdo-regional
[FULL_20_CEPAL] t=3057.9s | pag=1290 | files=1609 | data=144 | cola=7830 | prio=10 | https://www.cepal.org/es/publicaciones/43319-proyecto-acta-final-novena-reunion-comite-negociacion-acuerdo-regional-acceso-la
[FULL_20_CEPAL] t=3059.6s | pag=1291 | files=1609 | data=144 | cola=7833 | prio=10 | https://www.cepal.org/es/publicaciones/43303-propuesta-chile-costa-rica-articulos-13-25
[FULL_20_CEPAL] t=3061.4s | pag=1292 | files=1609 | data=144 | cola=7836 | prio=10 | https://www.cepal.org/es/publicaciones/42520-propuesta-la-argentina-chile-costa-rica-peru-san-vicente-granadinas-trinidad
[FULL_20_CEPAL] t=3063.3s | pag=1293 | files=1609 | data=144 | cola=7839 | prio=10 | https://www.cepal.org/es/publicaciones/43259-informe-la-octava-reunion-comite-negociacion-acuerdo-regional-acceso-la
[FULL_20_CEPAL] t=3065.1s | pag=1294 | files=1609 | data=144 | cola=7843 | prio=10 | https://www.cepal.org/es/publicaciones/43263-temario-provisional-novena-reunion-comite-negociacion-acuerdo-regional-acceso-la
[FULL_20_CEPAL] t=3066.9s | pag=1295 | files=1609 | data=144 | cola=7846 | prio=10 | https://www.cepal.org/es/publicaciones/39050-texto-compilado-la-mesa-directiva-que-incluye-propuestas-texto-paises-relativas
[FULL_20_CEPAL] t=3068.7s | pag=1296 | files=1609 | data=144 | cola=7849 | prio=10 | https://www.cepal.org/es/publicaciones/42332-temario-provisional-anotado-octava-reunion-comite-negociacion-acuerdo-regional
[FULL_20_CEPAL] t=3070.5s | pag=1297 | files=1609 | data=144 | cola=7852 | prio=10 | https://www.cepal.org/es/publicaciones/42522-acceso-la-informacion-la-participacion-la-justicia-asuntos-ambientales-america
[FULL_20_CEPAL] t=3071.0s | pag=1298 | files=1609 | data=144 | cola=7854 | prio=10 | https://www.cepal.org/es/publicaciones/42512-articulo-9-acceso-la-justicia-asuntos-ambientales-propuesta-brasil-chile
[FULL_20_CEPAL] t=3072.6s | pag=1299 | files=1609 | data=144 | cola=7857 | prio=10 | https://www.cepal.org/es/publicaciones/42503-articulo-5-obligaciones-generales-rev-1-propuesta-la-argentina-chile-costa-rica
[FULL_20_CEPAL] t=3074.9s | pag=1300 | files=1609 | data=144 | cola=7860 | prio=10 | https://www.cepal.org/es/publicaciones/42500-articulo-10-fortalecimiento-capacidades-cooperacion-rev1-propuesta-costa-rica
[FULL_20_CEPAL] t=3075.6s | pag=1301 | files=1609 | data=144 | cola=7863 | prio=10 | https://www.cepal.org/es/publicaciones/42267-informe-la-septima-reunion-comite-negociacion-acuerdo-regional-acceso-la
[FULL_20_CEPAL] t=3077.8s | pag=1302 | files=1609 | data=144 | cola=7866 | prio=10 | https://www.cepal.org/es/publicaciones/42493-temario-provisional-octava-reunion-comite-negociacion-acuerdo-regional-acceso-la
[FULL_20_CEPAL] t=3078.8s | pag=1303 | files=1609 | data=144 | cola=7869 | prio=10 | https://www.cepal.org/es/publicaciones/41993-articulo-5-obligaciones-generales-propuesta-la-argentina-chile-costa-rica
[FULL_20_CEPAL] t=3080.1s | pag=1304 | files=1609 | data=144 | cola=7872 | prio=10 | https://www.cepal.org/es/publicaciones/41980-futuro-acuerdo-regional-acceso-la-informacion-la-participacion-publica-acceso-la
[FULL_20_CEPAL] t=3081.7s | pag=1305 | files=1609 | data=144 | cola=7875 | prio=10 | https://www.cepal.org/es/listado/cepal_publication?page=1&publication_type=8294
[FULL_20_CEPAL] t=3097.6s | pag=1305 | files=1609 | data=144 | cola=7874 | prio=10 | https://www.cepal.org/es/listado/cepal_publication?page=2&publication_type=8294
[FULL_20_CEPAL] t=3114.0s | pag=1305 | files=1609 | data=144 | cola=7873 | prio=10 | https://www.cepal.org/es/listado/cepal_publication?page=3&publication_type=8294
[FULL_20_CEPAL] t=3130.2s | pag=1305 | files=1609 | data=144 | cola=7872 | prio=10 | https://www.cepal.org/es/tipo-de-publicacion/documentos-proyectos?page=1
[FULL_20_CEPAL] t=3132.9s | pag=1306 | files=1609 | data=144 | cola=7873 | prio=10 | https://www.cepal.org/es/tipo-de-publicacion/documentos-proyectos?page=2
[FULL_20_CEPAL] t=3135.4s | pag=1307 | files=1609 | data=144 | cola=7878 | prio=10 | https://www.cepal.org/es/tipo-de-publicacion/documentos-proyectos?page=3
[FULL_20_CEPAL] t=3137.6s | pag=1308 | files=1609 | data=144 | cola=7886 | prio=10 | https://www.cepal.org/es/tipo-de-publicacion/documentos-proyectos?page=4
[FULL_20_CEPAL] t=3140.0s | pag=1309 | files=1609 | data=144 | cola=7895 | prio=10 | https://www.cepal.org/es/tipo-de-publicacion/documentos-proyectos?page=5
[FULL_20_CEPAL] t=3142.6s | pag=1310 | files=1609 | data=144 | cola=7905 | prio=10 | https://www.cepal.org/es/tipo-de-publicacion/documentos-proyectos?page=6
[FULL_20_CEPAL] t=3145.1s | pag=1311 | files=1609 | data=144 | cola=7915 | prio=10 | https://www.cepal.org/es/tipo-de-publicacion/documentos-proyectos?page=7
[FULL_20_CEPAL] t=3146.9s | pag=1312 | files=1609 | data=144 | cola=7925 | prio=10 | https://www.cepal.org/es/tipo-de-publicacion/documentos-proyectos?page=8
[FULL_20_CEPAL] t=3149.0s | pag=1313 | files=1609 | data=144 | cola=7935 | prio=10 | https://www.cepal.org/es/tipo-de-publicacion/documentos-proyectos?page=165
[FULL_20_CEPAL] t=3150.8s | pag=1314 | files=1609 | data=144 | cola=7944 | prio=10 | https://www.cepal.org/es/publicaciones/90111-escenarios-ampliacion-politicas-cuidado-lograr-la-igualdad-sustantiva-genero
[FULL_20_CEPAL] t=3151.4s | pag=1315 | files=1609 | data=144 | cola=7946 | prio=10 | https://www.cepal.org/es/publicaciones/90077-economia-cuidado-trabajo-decente-escenarios-recomendaciones-america-latina
[FULL_20_CEPAL] t=3152.1s | pag=1316 | files=1609 | data=144 | cola=7948 | prio=10 | https://www.cepal.org/en/publications/89763-terminal-evaluation-project-2124p-enhancing-access-information-public
[FULL_20_CEPAL] t=3153.5s | pag=1317 | files=1609 | data=144 | cola=7950 | prio=10 | https://www.cepal.org/es/publicaciones/83117-innovar-transformar-estado-evaluacion-indice-innovacion-publica-chile
[FULL_20_CEPAL] t=3154.2s | pag=1318 | files=1609 | data=144 | cola=7952 | prio=10 | https://www.cepal.org/en/publications/90254-assessment-united-nations-road-safety-fund-unrsf-project-we-all-build-road-safety
[FULL_20_CEPAL] t=3154.6s | pag=1319 | files=1609 | data=144 | cola=7954 | prio=10 | https://www.cepal.org/es/tipo-de-publicacion/sede-la-cepal-santiago-estudios-investigaciones?page=1
[FULL_20_CEPAL] t=3157.1s | pag=1320 | files=1609 | data=144 | cola=7963 | prio=10 | https://www.cepal.org/es/tipo-de-publicacion/sede-la-cepal-santiago-estudios-investigaciones?page=2
[FULL_20_CEPAL] t=3159.5s | pag=1321 | files=1609 | data=144 | cola=7971 | prio=10 | https://www.cepal.org/es/tipo-de-publicacion/sede-la-cepal-santiago-estudios-investigaciones?page=3
[FULL_20_CEPAL] t=3161.8s | pag=1322 | files=1609 | data=144 | cola=7980 | prio=10 | https://www.cepal.org/es/tipo-de-publicacion/sede-la-cepal-santiago-estudios-investigaciones?page=4
[FULL_20_CEPAL] t=3164.2s | pag=1323 | files=1609 | data=144 | cola=7989 | prio=10 | https://www.cepal.org/es/tipo-de-publicacion/sede-la-cepal-santiago-estudios-investigaciones?page=5
[FULL_20_CEPAL] t=3166.5s | pag=1324 | files=1609 | data=144 | cola=7999 | prio=10 | https://www.cepal.org/es/tipo-de-publicacion/sede-la-cepal-santiago-estudios-investigaciones?page=6
[FULL_20_CEPAL] DATASET ACTUALIZADO | https://www.cepal.org/es/tipo-de-publicacion/sede-la-cepal-santiago-estudios-investigaciones -> https://www.cepal.org/es/tipo-de-publicacion/sede-la-cepal-santiago-estudios-investigaciones?page=6
[FULL_20_CEPAL] t=3168.6s | pag=1325 | files=1609 | data=144 | cola=8009 | prio=10 | https://www.cepal.org/es/tipo-de-publicacion/sede-la-cepal-santiago-estudios-investigaciones?page=7
[FULL_20_CEPAL] t=3171.4s | pag=1326 | files=1609 | data=144 | cola=8019 | prio=10 | https://www.cepal.org/es/tipo-de-publicacion/sede-la-cepal-santiago-estudios-investigaciones?page=8
[FULL_20_CEPAL] t=3173.5s | pag=1327 | files=1609 | data=144 | cola=8028 | prio=10 | https://www.cepal.org/es/tipo-de-publicacion/sede-la-cepal-santiago-estudios-investigaciones?page=274
[FULL_20_CEPAL] t=3176.0s | pag=1328 | files=1609 | data=144 | cola=8037 | prio=10 | https://www.cepal.org/es/publicaciones/27396-factores-que-afectan-la-participacion-paises-caribe-area-libre-comercio-americas
[FULL_20_CEPAL] t=3177.5s | pag=1329 | files=1609 | data=144 | cola=8041 | prio=10 | https://www.cepal.org/en/publications/85930-repositioning-science-technology-and-innovation-sustainable-development-caribbean
[FULL_20_CEPAL] t=3178.9s | pag=1330 | files=1609 | data=144 | cola=8045 | prio=10 | https://www.cepal.org/en/publications/82449-enhancing-data-development-policy-imperatives-tracking-implementation-antigua-and
[FULL_20_CEPAL] t=3180.5s | pag=1331 | files=1609 | data=145 | cola=8047 | prio=10 | https://www.cepal.org/en/publications/82423-strengthening-artificial-intelligence-readiness-caribbean-policy-brief
[FULL_20_CEPAL] t=3182.3s | pag=1332 | files=1609 | data=145 | cola=8051 | prio=10 | https://www.cepal.org/en/publications/81194-enhancing-critical-forms-financing-and-aid-effectiveness-through-collaborative
[FULL_20_CEPAL] t=3183.3s | pag=1333 | files=1609 | data=145 | cola=8053 | prio=10 | https://www.cepal.org/en/publications/81171-pursuing-digital-equity-caribbean-using-human-centred-approaches-improve-digital
[FULL_20_CEPAL] t=3184.8s | pag=1334 | files=1609 | data=145 | cola=8055 | prio=10 | https://www.cepal.org/en/publications/80769-management-end-life-vehicle-recycling-caribbean-policy-brief
[FULL_20_CEPAL] t=3186.6s | pag=1335 | files=1609 | data=145 | cola=8057 | prio=10 | https://www.cepal.org/en/publications/80687-policy-considerations-harness-international-migration-sustainable-development
[FULL_20_CEPAL] t=3188.1s | pag=1336 | files=1609 | data=145 | cola=8059 | prio=10 | https://www.cepal.org/en/publications/68820-harnessing-potential-artificial-intelligence-create-public-value-caribbean-policy
[FULL_20_CEPAL] t=3189.6s | pag=1337 | files=1609 | data=145 | cola=8061 | prio=10 | https://www.cepal.org/en/publications/68818-caribbean-outlook-considering-caribbean-emissions-trading-scheme-policy-brief
[FULL_20_CEPAL] t=3190.8s | pag=1338 | files=1609 | data=145 | cola=8063 | prio=10 | https://www.cepal.org/en/publications/68625-importance-time-use-surveys-informing-gender-policies-considerations-their-design
[FULL_20_CEPAL] t=3191.6s | pag=1339 | files=1609 | data=145 | cola=8065 | prio=10 | https://www.cepal.org/es/tipo-de-publicacion/sede-subregional-la-cepal-caribe-estudios-investigaciones?page=1
[FULL_20_CEPAL] t=3192.6s | pag=1340 | files=1609 | data=145 | cola=8075 | prio=10 | https://www.cepal.org/es/tipo-de-publicacion/sede-subregional-la-cepal-caribe-estudios-investigaciones?page=2
[FULL_20_CEPAL] t=3194.0s | pag=1341 | files=1609 | data=145 | cola=8084 | prio=10 | https://www.cepal.org/es/tipo-de-publicacion/sede-subregional-la-cepal-caribe-estudios-investigaciones?page=3
[FULL_20_CEPAL] t=3195.9s | pag=1342 | files=1609 | data=145 | cola=8093 | prio=10 | https://www.cepal.org/es/tipo-de-publicacion/sede-subregional-la-cepal-caribe-estudios-investigaciones?page=4
[FULL_20_CEPAL] t=3197.9s | pag=1343 | files=1609 | data=145 | cola=8102 | prio=10 | https://www.cepal.org/es/tipo-de-publicacion/sede-subregional-la-cepal-caribe-estudios-investigaciones?page=5
[FULL_20_CEPAL] t=3199.8s | pag=1344 | files=1609 | data=145 | cola=8112 | prio=10 | https://www.cepal.org/es/tipo-de-publicacion/sede-subregional-la-cepal-caribe-estudios-investigaciones?page=6
[FULL_20_CEPAL] t=3201.8s | pag=1345 | files=1609 | data=145 | cola=8121 | prio=10 | https://www.cepal.org/es/tipo-de-publicacion/sede-subregional-la-cepal-caribe-estudios-investigaciones?page=7
[FULL_20_CEPAL] t=3203.4s | pag=1346 | files=1609 | data=145 | cola=8131 | prio=10 | https://www.cepal.org/es/tipo-de-publicacion/sede-subregional-la-cepal-caribe-estudios-investigaciones?page=8
[FULL_20_CEPAL] t=3204.8s | pag=1347 | files=1609 | data=145 | cola=8133 | prio=10 | https://www.cepal.org/es/tipo-de-publicacion/sede-subregional-la-cepal-caribe-estudios-investigaciones?page=42
[FULL_20_CEPAL] t=3206.8s | pag=1348 | files=1609 | data=145 | cola=8149 | prio=10 | https://www.cepal.org/es/publicaciones/40852-configuracion-territorial-provincias-colombia-ruralidad-redes
[FULL_20_CEPAL] t=3207.4s | pag=1349 | files=1609 | data=145 | cola=8153 | prio=10 | https://www.cepal.org/es/publicaciones/28259-escalafon-la-competitividad-departamentos-colombia-informe-final
[FULL_20_CEPAL] t=3208.1s | pag=1350 | files=1609 | data=145 | cola=8155 | prio=10 | https://www.cepal.org/es/publicaciones/37941-integracion-regional-la-importancia-geometria-variable-pasos-paralelos
[FULL_20_CEPAL] t=3210.0s | pag=1351 | files=1609 | data=145 | cola=8157 | prio=10 | https://www.cepal.org/pt-br/publicacoes/48269-mudanca-estrutural-complexidade-economica-identificando-setores-promissores-o
[FULL_20_CEPAL] t=3211.3s | pag=1352 | files=1609 | data=145 | cola=8164 | prio=10 | https://www.cepal.org/es/tipo-de-publicacion/oficina-la-cepal-brasilia-estudios-investigaciones?page=1
[FULL_20_CEPAL] t=3212.9s | pag=1353 | files=1609 | data=145 | cola=8171 | prio=10 | https://www.cepal.org/es/tipo-de-publicacion/oficina-la-cepal-brasilia-estudios-investigaciones?page=2
[FULL_20_CEPAL] t=3213.8s | pag=1354 | files=1609 | data=145 | cola=8179 | prio=10 | https://www.cepal.org/es/tipo-de-publicacion/oficina-la-cepal-brasilia-estudios-investigaciones?page=3
[FULL_20_CEPAL] t=3215.4s | pag=1355 | files=1609 | data=145 | cola=8187 | prio=10 | https://www.cepal.org/es/tipo-de-publicacion/oficina-la-cepal-brasilia-estudios-investigaciones?page=4
[FULL_20_CEPAL] t=3217.4s | pag=1356 | files=1609 | data=145 | cola=8196 | prio=10 | https://www.cepal.org/es/tipo-de-publicacion/oficina-la-cepal-brasilia-estudios-investigaciones?page=5
[FULL_20_CEPAL] t=3219.3s | pag=1357 | files=1609 | data=145 | cola=8205 | prio=10 | https://www.cepal.org/es/tipo-de-publicacion/oficina-la-cepal-brasilia-estudios-investigaciones?page=6
[FULL_20_CEPAL] t=3221.1s | pag=1358 | files=1609 | data=145 | cola=8213 | prio=10 | https://www.cepal.org/es/tipo-de-publicacion/oficina-la-cepal-brasilia-estudios-investigaciones?page=7
[FULL_20_CEPAL] t=3223.3s | pag=1359 | files=1609 | data=145 | cola=8222 | prio=10 | https://www.cepal.org/es/tipo-de-publicacion/oficina-la-cepal-brasilia-estudios-investigaciones?page=8
[FULL_20_CEPAL] t=3225.1s | pag=1360 | files=1609 | data=145 | cola=8230 | prio=10 | https://www.cepal.org/es/publicaciones/28481-crisis-recuperacion-nuevos-dilemas-la-economia-argentina-2002-2007
[FULL_20_CEPAL] t=3226.4s | pag=1361 | files=1609 | data=145 | cola=8232 | prio=10 | https://www.cepal.org/es/publicaciones/28475-instituciones-publicas-apoyo-la-competitividad-un-analisis-casos
[FULL_20_CEPAL] t=3228.2s | pag=1362 | files=1609 | data=145 | cola=8234 | prio=10 | https://www.cepal.org/es/publicaciones/4858-buscando-la-tendencia-crisis-macroeconomica-recuperacion-la-argentina
[FULL_20_CEPAL] t=3229.5s | pag=1363 | files=1609 | data=145 | cola=8237 | prio=10 | https://www.cepal.org/es/publicaciones/28466-evaluacion-un-escenario-posible-deseable-reestructuracion-fortalecimiento
[FULL_20_CEPAL] t=3231.4s | pag=1364 | files=1609 | data=145 | cola=8239 | prio=10 | https://www.cepal.org/es/publicaciones/28464-evaluacion-desempeno-aportes-un-rediseno-mercosur-perspectiva-sectores
[FULL_20_CEPAL] t=3232.9s | pag=1365 | files=1609 | data=145 | cola=8241 | prio=10 | https://www.cepal.org/es/publicaciones/28463-la-creacion-competencias-dinamicas-un-contexto-inestabilidad-macroeconomica-caso
[FULL_20_CEPAL] t=3234.5s | pag=1366 | files=1609 | data=145 | cola=8243 | prio=10 | https://www.cepal.org/es/publicaciones/28462-captura-carbono-desarrollo-forestal-sustentable-la-patagonia-argentina-sinergias
[FULL_20_CEPAL] t=3236.3s | pag=1367 | files=1609 | data=145 | cola=8245 | prio=10 | https://www.cepal.org/es/publicaciones/28461-evaluacion-impacto-inundaciones-desbordamiento-rio-salado-la-provincia-santa-fe
[FULL_20_CEPAL] t=3236.9s | pag=1368 | files=1609 | data=145 | cola=8248 | prio=10 | https://www.cepal.org/es/publicaciones/28460-provincias-la-crisis-argentina-algunos-elementos-discutir-prioridades-la
[FULL_20_CEPAL] t=3238.6s | pag=1369 | files=1609 | data=145 | cola=8250 | prio=10 | https://www.cepal.org/es/tipo-de-publicacion/oficina-la-cepal-argentina-estudios-investigaciones?page=1
[FULL_20_CEPAL] t=3240.2s | pag=1370 | files=1609 | data=145 | cola=8260 | prio=10 | https://www.cepal.org/es/tipo-de-publicacion/oficina-la-cepal-argentina-estudios-investigaciones?page=2
[FULL_20_CEPAL] t=3242.3s | pag=1371 | files=1609 | data=145 | cola=8269 | prio=10 | https://www.cepal.org/es/tipo-de-publicacion/oficina-la-cepal-argentina-estudios-investigaciones?page=3
[FULL_20_CEPAL] t=3243.8s | pag=1372 | files=1609 | data=145 | cola=8278 | prio=10 | https://www.cepal.org/es/tipo-de-publicacion/oficina-la-cepal-argentina-estudios-investigaciones?page=4
[FULL_20_CEPAL] t=3245.4s | pag=1373 | files=1609 | data=145 | cola=8287 | prio=10 | https://www.cepal.org/es/tipo-de-publicacion/oficina-la-cepal-argentina-estudios-investigaciones?page=5
[FULL_20_CEPAL] t=3247.1s | pag=1374 | files=1609 | data=145 | cola=8293 | prio=10 | https://www.cepal.org/es/publicaciones/28692-memoria-intervenciones-realizadas-la-presentacion-proyecto-aladi
[FULL_20_CEPAL] t=3248.5s | pag=1375 | files=1609 | data=145 | cola=8295 | prio=10 | https://www.cepal.org/es/publicaciones/28671-la-actividad-mujeres-desempleo-su-conyuge
[FULL_20_CEPAL] t=3250.1s | pag=1376 | files=1609 | data=145 | cola=8297 | prio=10 | https://www.cepal.org/es/publicaciones/28676-seguro-desempleo-analisis-comparativo-regional-internacional-sus-opciones-diseno
[FULL_20_CEPAL] t=3252.0s | pag=1377 | files=1609 | data=145 | cola=8299 | prio=10 | https://www.cepal.org/es/publicaciones/28669-uruguay-mercosur-frente-un-acuerdo-la-union-europea-prioridades-la-negociacion
[FULL_20_CEPAL] t=3252.9s | pag=1378 | files=1609 | data=145 | cola=8301 | prio=10 | https://www.cepal.org/es/publicaciones/28655-mercado-laboral-uruguay-evolucion-bienio-1998-1999
[FULL_20_CEPAL] t=3254.8s | pag=1379 | files=1609 | data=145 | cola=8303 | prio=10 | https://www.cepal.org/es/publicaciones/28659-la-distribucion-ingreso-uruguay-1986-1999-alternativas-su-medicion
[FULL_20_CEPAL] t=3256.7s | pag=1380 | files=1609 | data=145 | cola=8305 | prio=10 | https://www.cepal.org/es/publicaciones/28660-impacto-desempleo-salario-estimacion-la-perdida-salarial-uruguay
[FULL_20_CEPAL] t=3258.1s | pag=1381 | files=1609 | data=145 | cola=8307 | prio=10 | https://www.cepal.org/es/publicaciones/28658-uruguay-mercosur-frente-al-alca-prioridades-la-negociacion-arancelaria
[FULL_20_CEPAL] t=3259.4s | pag=1382 | files=1609 | data=145 | cola=8309 | prio=10 | https://www.cepal.org/es/publicaciones/28657-analisis-estadistico-efectos-principales-indicadores-socio-economicos
[FULL_20_CEPAL] t=3260.6s | pag=1383 | files=1609 | data=145 | cola=8311 | prio=10 | https://www.cepal.org/es/publicaciones/28654-impactos-sectoriales-la-economia-uruguaya-proceso-convergencia-un-arancel
[FULL_20_CEPAL] t=3262.0s | pag=1384 | files=1609 | data=145 | cola=8313 | prio=10 | https://www.cepal.org/es/tipo-de-publicacion/oficina-la-cepal-montevideo-estudios-investigaciones?page=1
[FULL_20_CEPAL] t=3262.5s | pag=1385 | files=1609 | data=145 | cola=8323 | prio=10 | https://www.cepal.org/es/tipo-de-publicacion/oficina-la-cepal-montevideo-estudios-investigaciones?page=2
[FULL_20_CEPAL] t=3264.5s | pag=1386 | files=1609 | data=145 | cola=8332 | prio=10 | https://www.cepal.org/es/tipo-de-publicacion/oficina-la-cepal-montevideo-estudios-investigaciones?page=3
[FULL_20_CEPAL] t=3265.0s | pag=1387 | files=1609 | data=145 | cola=8341 | prio=10 | https://www.cepal.org/es/tipo-de-publicacion/oficina-la-cepal-montevideo-estudios-investigaciones?page=4
[FULL_20_CEPAL] t=3266.6s | pag=1388 | files=1609 | data=145 | cola=8350 | prio=10 | https://www.cepal.org/es/tipo-de-publicacion/oficina-la-cepal-montevideo-estudios-investigaciones?page=5
[FULL_20_CEPAL] t=3267.5s | pag=1389 | files=1609 | data=145 | cola=8360 | prio=10 | https://www.cepal.org/es/tipo-de-publicacion/oficina-la-cepal-montevideo-estudios-investigaciones?page=6
[FULL_20_CEPAL] t=3269.0s | pag=1390 | files=1609 | data=145 | cola=8369 | prio=10 | https://www.cepal.org/es/tipo-de-publicacion/oficina-la-cepal-montevideo-estudios-investigaciones?page=7
[FULL_20_CEPAL] t=3270.4s | pag=1391 | files=1609 | data=145 | cola=8378 | prio=10 | https://www.cepal.org/es/tipo-de-publicacion/oficina-la-cepal-montevideo-estudios-investigaciones?page=8
[FULL_20_CEPAL] t=3272.2s | pag=1392 | files=1609 | data=145 | cola=8387 | prio=10 | https://www.cepal.org/es/tipo-de-publicacion/oficina-la-cepal-montevideo-estudios-investigaciones?page=10
[FULL_20_CEPAL] t=3274.3s | pag=1393 | files=1609 | data=145 | cola=8396 | prio=10 | https://www.cepal.org/es/publicaciones/28978-estadisticas-seleccionadas-centroamerica
[FULL_20_CEPAL] t=3275.7s | pag=1394 | files=1610 | data=145 | cola=8397 | prio=10 | https://www.cepal.org/en/publications/89945-capital-flows-latin-america-and-caribbean-2025-year-review-and-early-2026
[FULL_20_CEPAL] t=3277.5s | pag=1395 | files=1610 | data=145 | cola=8399 | prio=10 | https://www.cepal.org/en/publications/84483-united-states-latin-america-and-caribbean-trade-developments-trade-patterns-and
[FULL_20_CEPAL] t=3279.1s | pag=1396 | files=1610 | data=145 | cola=8401 | prio=10 | https://www.cepal.org/en/publications/84486-united-states-latin-america-and-caribbean-trade-developments-2025
[FULL_20_CEPAL] t=3279.7s | pag=1397 | files=1610 | data=145 | cola=8403 | prio=10 | https://www.cepal.org/en/publications/83532-capital-flows-latin-america-and-caribbean-first-nine-months-2025
[FULL_20_CEPAL] t=3281.3s | pag=1398 | files=1610 | data=145 | cola=8405 | prio=10 | https://www.cepal.org/en/publications/82541-united-states-economic-outlook-evolving-trends-ownership-united-states-federal
[FULL_20_CEPAL] t=3281.8s | pag=1399 | files=1610 | data=145 | cola=8407 | prio=10 | https://www.cepal.org/en/publications/82513-united-states-economic-outlook-2024-year-review-and-first-half-2025
[FULL_20_CEPAL] t=3282.8s | pag=1400 | files=1610 | data=145 | cola=8409 | prio=10 | https://www.cepal.org/en/publications/81550-capital-flows-latin-america-and-caribbean-2024-year-review-and-early-2025
[FULL_20_CEPAL] t=3283.7s | pag=1401 | files=1610 | data=145 | cola=8411 | prio=10 | https://www.cepal.org/en/publications/81191-united-states-economic-outlook-third-quarter-2024
[FULL_20_CEPAL] t=3285.3s | pag=1402 | files=1610 | data=145 | cola=8413 | prio=10 | https://www.cepal.org/en/publications/81190-united-states-latin-america-and-caribbean-trade-developments-2024
[FULL_20_CEPAL] t=3287.1s | pag=1403 | files=1610 | data=145 | cola=8415 | prio=10 | https://www.cepal.org/es/tipo-de-publicacion/oficina-la-cepal-washington-estudios-investigaciones?page=1
[FULL_20_CEPAL] t=3289.0s | pag=1404 | files=1610 | data=145 | cola=8425 | prio=10 | https://www.cepal.org/es/tipo-de-publicacion/oficina-la-cepal-washington-estudios-investigaciones?page=2
[FULL_20_CEPAL] t=3290.7s | pag=1405 | files=1610 | data=145 | cola=8434 | prio=10 | https://www.cepal.org/es/tipo-de-publicacion/oficina-la-cepal-washington-estudios-investigaciones?page=3
[FULL_20_CEPAL] DATASET ACTUALIZADO | https://www.cepal.org/es/tipo-de-publicacion/oficina-la-cepal-washington-estudios-investigaciones -> https://www.cepal.org/es/tipo-de-publicacion/oficina-la-cepal-washington-estudios-investigaciones?page=3
[FULL_20_CEPAL] t=3292.5s | pag=1406 | files=1610 | data=145 | cola=8443 | prio=10 | https://www.cepal.org/es/tipo-de-publicacion/oficina-la-cepal-washington-estudios-investigaciones?page=4
[FULL_20_CEPAL] t=3296.1s | pag=1407 | files=1610 | data=145 | cola=8452 | prio=10 | https://www.cepal.org/es/tipo-de-publicacion/oficina-la-cepal-washington-estudios-investigaciones?page=5
[FULL_20_CEPAL] t=3298.2s | pag=1408 | files=1610 | data=145 | cola=8462 | prio=10 | https://www.cepal.org/es/tipo-de-publicacion/oficina-la-cepal-washington-estudios-investigaciones?page=6
[FULL_20_CEPAL] t=3299.2s | pag=1409 | files=1610 | data=145 | cola=8472 | prio=10 | https://www.cepal.org/es/tipo-de-publicacion/oficina-la-cepal-washington-estudios-investigaciones?page=7
[FULL_20_CEPAL] t=3301.2s | pag=1410 | files=1610 | data=145 | cola=8482 | prio=10 | https://www.cepal.org/es/tipo-de-publicacion/oficina-la-cepal-washington-estudios-investigaciones?page=8
[FULL_20_CEPAL] t=3302.9s | pag=1411 | files=1610 | data=145 | cola=8492 | prio=10 | https://www.cepal.org/es/tipo-de-publicacion/oficina-la-cepal-washington-estudios-investigaciones?page=18
[FULL_20_CEPAL] t=3303.9s | pag=1412 | files=1610 | data=145 | cola=8498 | prio=10 | https://www.cepal.org/es/publicaciones/81887-ods-5-igualdad-genero-implementacion-america-latina-caribe-2025
[FULL_20_CEPAL] t=3304.6s | pag=1413 | files=1610 | data=145 | cola=8501 | prio=10 | https://www.cepal.org/es/publicaciones/81758-ods-3-salud-bienestar-implementacion-america-latina-caribe-2025
[FULL_20_CEPAL] t=3305.1s | pag=1414 | files=1610 | data=145 | cola=8504 | prio=10 | https://www.cepal.org/es/publicaciones/81891-ods-17-alianzas-lograr-objetivos-implementacion-america-latina-caribe-2025
[FULL_20_CEPAL] t=3305.7s | pag=1415 | files=1610 | data=145 | cola=8507 | prio=10 | https://www.cepal.org/es/publicaciones/81719-ods-14-vida-submarina-implementacion-america-latina-caribe-2025
[FULL_20_CEPAL] t=3306.7s | pag=1416 | files=1610 | data=145 | cola=8510 | prio=10 | https://www.cepal.org/es/publicaciones/81889-ods-8-trabajo-decente-crecimiento-economico-implementacion-america-latina-caribe
[FULL_20_CEPAL] t=3307.6s | pag=1417 | files=1610 | data=145 | cola=8513 | prio=10 | https://www.cepal.org/es/tipo-de-publicacion/avances-la-implementacion-objetivos-desarrollo-sostenible-ods-america-latina?page=1
[FULL_20_CEPAL] t=3309.8s | pag=1418 | files=1610 | data=145 | cola=8523 | prio=10 | https://www.cepal.org/es/publicaciones/46620-personas-afrodescendientes-covid-19-develando-desigualdades-estructurales
[FULL_20_CEPAL] t=3311.6s | pag=1419 | files=1610 | data=145 | cola=8526 | prio=10 | https://www.cepal.org/es/publicaciones/46600-personas-discapacidad-sus-derechos-frente-la-pandemia-covid-19-que-nadie-se
[FULL_20_CEPAL] t=3312.3s | pag=1420 | files=1610 | data=145 | cola=8529 | prio=10 | https://www.cepal.org/es/publicaciones/46520-continuidad-levantamiento-encuestas-hogares-tras-la-coyuntura-la-enfermedad
[FULL_20_CEPAL] t=3313.1s | pag=1421 | files=1610 | data=145 | cola=8532 | prio=10 | https://www.cepal.org/es/publicaciones/46485-violencia-ninas-ninos-adolescentes-tiempos-covid-19
[FULL_20_CEPAL] t=3314.1s | pag=1422 | files=1610 | data=145 | cola=8535 | prio=10 | https://www.cepal.org/es/publicaciones/46487-desafios-la-proteccion-personas-mayores-sus-derechos-frente-la-pandemia-covid-19
[FULL_20_CEPAL] t=3315.7s | pag=1423 | files=1610 | data=145 | cola=8538 | prio=10 | https://www.cepal.org/es/publicaciones/46489-proteccion-social-familias-ninos-ninas-adolescentes-america-latina-caribe-un
[FULL_20_CEPAL] t=3317.4s | pag=1424 | files=1610 | data=145 | cola=8541 | prio=10 | https://www.cepal.org/es/publicaciones/46353-efectos-covid-19-oportunidad-reafirmar-la-centralidad-derechos-humanos-personas
[FULL_20_CEPAL] t=3318.9s | pag=1425 | files=1610 | data=145 | cola=8544 | prio=10 | https://www.cepal.org/es/publicaciones/45981-impact-covid-19-united-states-economy-and-policy-response
[FULL_20_CEPAL] t=3319.7s | pag=1426 | files=1610 | data=145 | cola=8547 | prio=10 | https://www.cepal.org/es/publicaciones/45839-efectos-cuarentenas-restricciones-actividad-relacionadas-covid-19-la-calidad
[FULL_20_CEPAL] t=3320.6s | pag=1427 | files=1610 | data=145 | cola=8550 | prio=10 | https://www.cepal.org/es/publicaciones/45770-recovery-measures-tourism-sector-latin-america-and-caribbean-present-opportunity
[FULL_20_CEPAL] t=3322.3s | pag=1428 | files=1610 | data=145 | cola=8554 | prio=10 | https://www.cepal.org/es/tipo-de-publicacion/informes-covid-19?page=1
[FULL_20_CEPAL] t=3324.1s | pag=1429 | files=1610 | data=145 | cola=8561 | prio=10 | https://www.cepal.org/es/publicaciones/82932-observatorio-demografico-2025-america-latina-caribe-la-baja-fecundidad
[FULL_20_CEPAL] t=3324.5s | pag=1430 | files=1610 | data=145 | cola=8568 | prio=10 | https://www.cepal.org/es/publicaciones/81020-observatorio-demografico-america-latina-caribe-2024-perspectivas-poblacionales
[FULL_20_CEPAL] t=3325.1s | pag=1431 | files=1610 | data=145 | cola=8573 | prio=10 | https://www.cepal.org/es/publicaciones/68798-observatorio-demografico-america-latina-caribe-2023-la-dinamica-demografica
[FULL_20_CEPAL] t=3326.1s | pag=1432 | files=1610 | data=145 | cola=8579 | prio=10 | https://www.cepal.org/es/publicaciones/48488-observatorio-demografico-america-latina-caribe-2022-tendencias-la-poblacion
[FULL_20_CEPAL] t=3326.5s | pag=1433 | files=1610 | data=145 | cola=8583 | prio=10 | https://www.cepal.org/es/publicaciones/47931-observatorio-demografico-america-latina-caribe-2021-censos-poblacion-vivienda-la
[FULL_20_CEPAL] t=3328.1s | pag=1434 | files=1610 | data=145 | cola=8586 | prio=10 | https://www.cepal.org/es/publicaciones/46640-observatorio-demografico-america-latina-caribe-2020-mortalidad-covid-19
[FULL_20_CEPAL] t=3329.6s | pag=1435 | files=1610 | data=145 | cola=8589 | prio=10 | https://www.cepal.org/es/publicaciones/45198-observatorio-demografico-america-latina-caribe-2019-proyecciones-poblacion
[FULL_20_CEPAL] t=3330.5s | pag=1436 | files=1610 | data=145 | cola=8593 | prio=10 | https://www.cepal.org/es/publicaciones/44411-observatorio-demografico-america-latina-caribe-2018-migracion-internacional
[FULL_20_CEPAL] t=3331.9s | pag=1437 | files=1610 | data=145 | cola=8596 | prio=10 | https://www.cepal.org/es/publicaciones/42361-observatorio-demografico-america-latina-caribe-2017-tablas-mortalidad
[FULL_20_CEPAL] t=3333.7s | pag=1438 | files=1610 | data=145 | cola=8599 | prio=10 | https://www.cepal.org/es/tipo-de-publicacion/observatorio-demografico-america-latina-caribe-demographic-observatory-latin?page=1
[FULL_20_CEPAL] t=3335.6s | pag=1439 | files=1610 | data=145 | cola=8609 | prio=10 | https://www.cepal.org/es/tipo-de-publicacion/observatorio-demografico-america-latina-caribe-demographic-observatory-latin?page=2
[FULL_20_CEPAL] t=3337.4s | pag=1440 | files=1610 | data=145 | cola=8615 | prio=10 | https://www.cepal.org/en/publications/84558-hummingbird-vol-12-8
[FULL_20_CEPAL] t=3339.4s | pag=1441 | files=1610 | data=145 | cola=8619 | prio=10 | https://www.cepal.org/en/publications/83535-hummingbird-vol-12-7
[FULL_20_CEPAL] t=3340.8s | pag=1442 | files=1610 | data=145 | cola=8624 | prio=10 | https://www.cepal.org/en/publications/83534-hummingbird-vol-12-6
[FULL_20_CEPAL] t=3341.7s | pag=1443 | files=1610 | data=145 | cola=8628 | prio=10 | https://www.cepal.org/en/publications/83533-hummingbird-vol-12-5
[FULL_20_CEPAL] t=3343.2s | pag=1444 | files=1610 | data=145 | cola=8631 | prio=10 | https://www.cepal.org/en/publications/83531-hummingbird-vol-12-4
[FULL_20_CEPAL] t=3344.9s | pag=1445 | files=1610 | data=145 | cola=8633 | prio=10 | https://www.cepal.org/en/publications/82519-hummingbird-vol-12-3
[FULL_20_CEPAL] t=3346.6s | pag=1446 | files=1610 | data=145 | cola=8635 | prio=10 | https://www.cepal.org/en/publications/82472-hummingbird-vol-12-2
[FULL_20_CEPAL] t=3347.8s | pag=1447 | files=1610 | data=145 | cola=8638 | prio=10 | https://www.cepal.org/en/publications/82422-hummingbird-vol-12-1
[FULL_20_CEPAL] t=3349.7s | pag=1448 | files=1610 | data=145 | cola=8640 | prio=10 | https://www.cepal.org/en/publications/81452-hummingbird-vol-11-12
[FULL_20_CEPAL] t=3350.4s | pag=1449 | files=1610 | data=145 | cola=8642 | prio=10 | https://www.cepal.org/en/publications/81451-hummingbird-vol-11-11
[FULL_20_CEPAL] t=3352.2s | pag=1450 | files=1610 | data=145 | cola=8644 | prio=10 | https://www.cepal.org/es/tipo-de-publicacion/hummingbird?page=1
[FULL_20_CEPAL] t=3353.8s | pag=1451 | files=1610 | data=145 | cola=8654 | prio=10 | https://www.cepal.org/es/tipo-de-publicacion/hummingbird?page=2
[FULL_20_CEPAL] t=3355.4s | pag=1452 | files=1610 | data=145 | cola=8663 | prio=10 | https://www.cepal.org/es/tipo-de-publicacion/hummingbird?page=3
[FULL_20_CEPAL] t=3356.0s | pag=1453 | files=1610 | data=145 | cola=8672 | prio=10 | https://www.cepal.org/es/tipo-de-publicacion/hummingbird?page=4
[FULL_20_CEPAL] t=3358.2s | pag=1454 | files=1610 | data=145 | cola=8681 | prio=10 | https://www.cepal.org/es/tipo-de-publicacion/hummingbird?page=5
[FULL_20_CEPAL] t=3360.2s | pag=1455 | files=1610 | data=145 | cola=8691 | prio=10 | https://www.cepal.org/es/tipo-de-publicacion/hummingbird?page=6
[FULL_20_CEPAL] t=3361.8s | pag=1456 | files=1610 | data=145 | cola=8701 | prio=10 | https://www.cepal.org/es/tipo-de-publicacion/hummingbird?page=7
[FULL_20_CEPAL] t=3363.4s | pag=1457 | files=1610 | data=145 | cola=8711 | prio=10 | https://www.cepal.org/es/tipo-de-publicacion/hummingbird?page=8
[FULL_20_CEPAL] t=3365.4s | pag=1458 | files=1610 | data=145 | cola=8721 | prio=10 | https://www.cepal.org/es/tipo-de-publicacion/hummingbird?page=13
[FULL_20_CEPAL] t=3367.2s | pag=1459 | files=1610 | data=145 | cola=8725 | prio=10 | https://www.cepal.org/en/publications/84524-cold-chain-logistics-case-paraguay-and-territories-along-bioceanic-corridor
[FULL_20_CEPAL] t=3368.6s | pag=1460 | files=1610 | data=145 | cola=8728 | prio=10 | https://www.cepal.org/es/publicaciones/82548-inversiones-infraestructura-vial-costo-alto-impacto-america-latina-caribe-caso
[FULL_20_CEPAL] t=3370.3s | pag=1461 | files=1610 | data=145 | cola=8730 | prio=10 | https://www.cepal.org/es/publicaciones/82467-uso-potencial-cadenas-bloques-blockchain-comercio-internacional-su-facilitacion
[FULL_20_CEPAL] t=3371.3s | pag=1462 | files=1610 | data=146 | cola=8732 | prio=10 | https://www.cepal.org/es/publicaciones/82425-integracion-regional-la-era-digital-potencial-aporte-comercio-servicios-modernos
[FULL_20_CEPAL] t=3371.9s | pag=1463 | files=1610 | data=146 | cola=8734 | prio=10 | https://www.cepal.org/es/publicaciones/82027-metodologias-obtener-datos-empresas-exportadoras-lideradas-mujeres
[FULL_20_CEPAL] t=3373.6s | pag=1464 | files=1610 | data=147 | cola=8736 | prio=10 | https://www.cepal.org/es/publicaciones/81644-comercio-electronico-transfronterizo-america-latina-estrategias-herramientas
[FULL_20_CEPAL] t=3374.5s | pag=1465 | files=1610 | data=147 | cola=8738 | prio=10 | https://www.cepal.org/es/publicaciones/81478-caracterizacion-tipologia-sitios-servicios-linea-america-latina-caribe
[FULL_20_CEPAL] t=3376.6s | pag=1466 | files=1610 | data=147 | cola=8741 | prio=10 | https://www.cepal.org/es/publicaciones/81388-analisis-comparativo-ventanillas-unicas-comercio-exterior-colombia-salvador
[FULL_20_CEPAL] t=3378.2s | pag=1467 | files=1610 | data=147 | cola=8743 | prio=10 | https://www.cepal.org/en/publications/81304-sustainable-inland-transport-connectivity-indicators-plurinational-state-bolivia
[FULL_20_CEPAL] t=3379.1s | pag=1468 | files=1610 | data=148 | cola=8745 | prio=10 | https://www.cepal.org/es/tipo-de-publicacion/series-comercio-internacional?page=1
[FULL_20_CEPAL] t=3380.9s | pag=1469 | files=1610 | data=148 | cola=8755 | prio=10 | https://www.cepal.org/es/tipo-de-publicacion/series-comercio-internacional?page=2
[FULL_20_CEPAL] t=3383.0s | pag=1470 | files=1610 | data=148 | cola=8764 | prio=10 | https://www.cepal.org/es/tipo-de-publicacion/series-comercio-internacional?page=3
[FULL_20_CEPAL] t=3385.1s | pag=1471 | files=1610 | data=148 | cola=8773 | prio=10 | https://www.cepal.org/es/tipo-de-publicacion/series-comercio-internacional?page=4
[FULL_20_CEPAL] t=3387.6s | pag=1472 | files=1610 | data=148 | cola=8782 | prio=10 | https://www.cepal.org/es/tipo-de-publicacion/series-comercio-internacional?page=5
[FULL_20_CEPAL] t=3389.7s | pag=1473 | files=1610 | data=148 | cola=8792 | prio=10 | https://www.cepal.org/es/tipo-de-publicacion/series-comercio-internacional?page=6
[FULL_20_CEPAL] t=3392.1s | pag=1474 | files=1610 | data=148 | cola=8802 | prio=10 | https://www.cepal.org/es/tipo-de-publicacion/series-comercio-internacional?page=7
[FULL_20_CEPAL] t=3394.0s | pag=1475 | files=1610 | data=148 | cola=8812 | prio=10 | https://www.cepal.org/es/tipo-de-publicacion/series-comercio-internacional?page=8
[FULL_20_CEPAL] t=3395.6s | pag=1476 | files=1610 | data=148 | cola=8822 | prio=10 | https://www.cepal.org/es/tipo-de-publicacion/series-comercio-internacional?page=19
[FULL_20_CEPAL] t=3397.5s | pag=1477 | files=1610 | data=148 | cola=8828 | prio=10 | https://www.cepal.org/es/publicaciones/48633-la-regulacion-ex-la-competencia-la-era-digital
[FULL_20_CEPAL] t=3398.9s | pag=1478 | files=1610 | data=148 | cola=8831 | prio=10 | https://www.cepal.org/en/publications/48583-landscape-b2c-commerce-marketplaces-latin-america-and-caribbean
[FULL_20_CEPAL] t=3399.4s | pag=1479 | files=1610 | data=149 | cola=8834 | prio=10 | https://www.cepal.org/en/publications/48658-practices-and-initiatives-development-cross-border-commerce-latin-america-and
[FULL_20_CEPAL] t=3400.0s | pag=1480 | files=1610 | data=149 | cola=8836 | prio=10 | https://www.cepal.org/en/publications/48557-payment-landscape-b2c-commerce-marketplaces-latin-america-and-caribbean
[FULL_20_CEPAL] DATASETS=150 | exportable_data_page | https://www.cepal.org/en/publications/48557-payment-landscape-b2c-commerce-marketplaces-latin-america-and-caribbean
[FULL_20_CEPAL] t=3400.8s | pag=1481 | files=1610 | data=150 | cola=8838 | prio=10 | https://www.cepal.org/es/publicaciones/47975-metodologia-la-evaluacion-avances-la-economia-circular-sectores-productivos
[FULL_20_CEPAL] t=3402.4s | pag=1482 | files=1610 | data=150 | cola=8840 | prio=10 | https://www.cepal.org/es/publicaciones/47240-estado-la-ciberseguridad-la-logistica-america-latina-caribe
[FULL_20_CEPAL] t=3403.9s | pag=1483 | files=1610 | data=150 | cola=8843 | prio=10 | https://www.cepal.org/es/publicaciones/46999-mesoamerica-digital-2025-propuesta-agenda-digital-mesoamericana
[FULL_20_CEPAL] t=3405.5s | pag=1484 | files=1610 | data=150 | cola=8845 | prio=10 | https://www.cepal.org/es/publicaciones/46388-infraestructura-internet-america-latina-puntos-intercambio-trafico-redes
[FULL_20_CEPAL] t=3407.0s | pag=1485 | files=1610 | data=150 | cola=8847 | prio=10 | https://www.cepal.org/en/publications/45988-cybersecurity-and-role-board-directors-latin-america-and-caribbean
[FULL_20_CEPAL] t=3407.7s | pag=1486 | files=1610 | data=150 | cola=8851 | prio=10 | https://www.cepal.org/en/publications/45733-institutional-change-and-political-conflict-structuralist-model
[FULL_20_CEPAL] t=3409.3s | pag=1487 | files=1610 | data=150 | cola=8854 | prio=10 | https://www.cepal.org/es/tipo-de-publicacion/serie-desarrollo-productivo?page=1
[FULL_20_CEPAL] t=3411.6s | pag=1488 | files=1610 | data=150 | cola=8864 | prio=10 | https://www.cepal.org/es/tipo-de-publicacion/serie-desarrollo-productivo?page=2
[FULL_20_CEPAL] t=3413.1s | pag=1489 | files=1610 | data=150 | cola=8873 | prio=10 | https://www.cepal.org/es/tipo-de-publicacion/serie-desarrollo-productivo?page=3
[FULL_20_CEPAL] t=3414.9s | pag=1490 | files=1610 | data=150 | cola=8882 | prio=10 | https://www.cepal.org/es/tipo-de-publicacion/serie-desarrollo-productivo?page=4
[FULL_20_CEPAL] t=3415.5s | pag=1491 | files=1610 | data=150 | cola=8891 | prio=10 | https://www.cepal.org/es/tipo-de-publicacion/serie-desarrollo-productivo?page=5
[FULL_20_CEPAL] t=3417.2s | pag=1492 | files=1610 | data=150 | cola=8901 | prio=10 | https://www.cepal.org/es/tipo-de-publicacion/serie-desarrollo-productivo?page=6
[FULL_20_CEPAL] t=3419.1s | pag=1493 | files=1610 | data=150 | cola=8911 | prio=10 | https://www.cepal.org/es/tipo-de-publicacion/serie-desarrollo-productivo?page=7
[FULL_20_CEPAL] DATASET ACTUALIZADO | https://www.cepal.org/es/tipo-de-publicacion/serie-desarrollo-productivo -> https://www.cepal.org/es/tipo-de-publicacion/serie-desarrollo-productivo?page=7
[FULL_20_CEPAL] t=3421.2s | pag=1494 | files=1610 | data=150 | cola=8921 | prio=10 | https://www.cepal.org/es/tipo-de-publicacion/serie-desarrollo-productivo?page=8
[FULL_20_CEPAL] t=3422.1s | pag=1495 | files=1610 | data=150 | cola=8931 | prio=10 | https://www.cepal.org/es/tipo-de-publicacion/serie-desarrollo-productivo?page=23
[FULL_20_CEPAL] t=3424.0s | pag=1496 | files=1610 | data=150 | cola=8947 | prio=10 | https://www.cepal.org/es/publicaciones/84906-elementos-descentralizacion-fiscalmente-sostenible-colombia-un-avance-la
[FULL_20_CEPAL] t=3424.8s | pag=1497 | files=1610 | data=150 | cola=8949 | prio=10 | https://www.cepal.org/es/publicaciones/84548-sistemas-agroalimentarios-integracion-pequenos-productores-cadenas-valor
[FULL_20_CEPAL] t=3425.6s | pag=1498 | files=1610 | data=150 | cola=8951 | prio=10 | https://www.cepal.org/es/publicaciones/81198-finanzas-la-biodiversidad-sistemas-agroalimentarios-colombia-perspectiva
[FULL_20_CEPAL] t=3426.3s | pag=1499 | files=1610 | data=150 | cola=8953 | prio=10 | https://www.cepal.org/es/publicaciones/81186-revision-brechas-la-inclusion-productiva-social-mujeres-jovenes-rurales-colombia
[FULL_20_CEPAL] t=3427.9s | pag=1500 | files=1610 | data=150 | cola=8955 | prio=10 | https://www.cepal.org/es/publicaciones/48120-vinculos-tejidos-rural-urbanos-desarrollo-territorial-la-provincia-cartama
[FULL_20_CEPAL] t=3429.3s | pag=1501 | files=1610 | data=150 | cola=8957 | prio=10 | https://www.cepal.org/es/publicaciones/48048-turismo-comunitario-festivales-musica-cultura-tradicional-buenaventura-colombia
[FULL_20_CEPAL] t=3430.7s | pag=1502 | files=1610 | data=150 | cola=8959 | prio=10 | https://www.cepal.org/es/publicaciones/48025-vinculos-urbano-rurales-departamento-tolima-colombia
[FULL_20_CEPAL] t=3432.1s | pag=1503 | files=1610 | data=150 | cola=8961 | prio=10 | https://www.cepal.org/es/publicaciones/48027-cinco-tejidos-territoriales-rural-urbanos-departamento-antioquia-colombia
[FULL_20_CEPAL] t=3432.8s | pag=1504 | files=1610 | data=150 | cola=8963 | prio=10 | https://www.cepal.org/es/publicaciones/48021-configuracion-territorial-provincias-colombia
[FULL_20_CEPAL] t=3433.4s | pag=1505 | files=1610 | data=150 | cola=8965 | prio=10 | https://www.cepal.org/es/publicaciones/47966-ciudad-campo-colombia-comienzos-siglo-xx-la-utopia-urbana-la-ruralizacion-la
[FULL_20_CEPAL] t=3434.1s | pag=1506 | files=1610 | data=150 | cola=8967 | prio=10 | https://www.cepal.org/es/tipo-de-publicacion/serie-estudios-perspectivas-oficina-la-cepal-bogota?page=1
[FULL_20_CEPAL] t=3436.0s | pag=1507 | files=1610 | data=150 | cola=8977 | prio=10 | https://www.cepal.org/es/tipo-de-publicacion/serie-estudios-perspectivas-oficina-la-cepal-bogota?page=2
[FULL_20_CEPAL] t=3437.8s | pag=1508 | files=1610 | data=150 | cola=8986 | prio=10 | https://www.cepal.org/es/tipo-de-publicacion/serie-estudios-perspectivas-oficina-la-cepal-bogota?page=3
[FULL_20_CEPAL] t=3439.8s | pag=1509 | files=1610 | data=150 | cola=8995 | prio=10 | https://www.cepal.org/es/tipo-de-publicacion/serie-estudios-perspectivas-oficina-la-cepal-bogota?page=4
[FULL_20_CEPAL] t=3441.8s | pag=1510 | files=1610 | data=150 | cola=9004 | prio=10 | https://www.cepal.org/es/tipo-de-publicacion/serie-estudios-perspectivas-oficina-la-cepal-bogota?page=5
[FULL_20_CEPAL] t=3443.7s | pag=1511 | files=1610 | data=150 | cola=9013 | prio=10 | https://www.cepal.org/es/tipo-de-publicacion/serie-estudios-perspectivas-oficina-la-cepal-bogota?page=6
[FULL_20_CEPAL] t=3445.6s | pag=1512 | files=1610 | data=150 | cola=9020 | prio=10 | https://www.cepal.org/en/publications/45418-green-fiscal-policies-armoury-instruments-recover-growth-sustainably
[FULL_20_CEPAL] t=3447.2s | pag=1513 | files=1610 | data=150 | cola=9024 | prio=10 | https://www.cepal.org/es/publicaciones/83495-asimetrias-desigualdades-territoriales-la-argentina-profundizacion-analisis
[FULL_20_CEPAL] t=3448.1s | pag=1514 | files=1610 | data=150 | cola=9026 | prio=10 | https://www.cepal.org/es/publicaciones/81148-explotacion-litio-la-argentina-debates-desarrollo-productivo-social-ambiental
[FULL_20_CEPAL] t=3449.6s | pag=1515 | files=1610 | data=150 | cola=9028 | prio=10 | https://www.cepal.org/es/publicaciones/48726-la-distribucion-geografica-valor-agregado-bruto-la-argentina-2004-2021
[FULL_20_CEPAL] t=3450.5s | pag=1516 | files=1610 | data=150 | cola=9030 | prio=10 | https://www.cepal.org/es/publicaciones/48504-inflacion-global-bienio-2021-2022-su-impacto-america-latina
[FULL_20_CEPAL] t=3452.1s | pag=1517 | files=1610 | data=150 | cola=9032 | prio=10 | https://www.cepal.org/es/publicaciones/43138-empresas-multinacionales-heterogeneidades-territoriales-la-argentina
[FULL_20_CEPAL] t=3452.8s | pag=1518 | files=1610 | data=150 | cola=9034 | prio=10 | https://www.cepal.org/es/publicaciones/41786-distribucion-funcional-ingreso-america-latina-perspectiva-sectorial
[FULL_20_CEPAL] t=3453.6s | pag=1519 | files=1610 | data=150 | cola=9036 | prio=10 | https://www.cepal.org/es/publicaciones/41410-regulacion-la-cuenta-capital-un-mundo-financieramente-complejo-evolucion
[FULL_20_CEPAL] t=3454.1s | pag=1520 | files=1610 | data=150 | cola=9038 | prio=10 | https://www.cepal.org/es/publicaciones/40931-evolucion-la-actividad-economica-argentina-perspectiva-territorial-2004-2012
[FULL_20_CEPAL] t=3455.6s | pag=1521 | files=1610 | data=150 | cola=9040 | prio=10 | https://www.cepal.org/es/publicaciones/40707-enfoque-brechas-estructurales-desarrollo-objetivos-desarrollo-sostenible
[FULL_20_CEPAL] t=3456.1s | pag=1522 | files=1610 | data=150 | cola=9042 | prio=10 | https://www.cepal.org/es/tipo-de-publicacion/serie-estudios-perspectivas-oficina-la-cepal-argentina?page=1
[FULL_20_CEPAL] t=3456.9s | pag=1523 | files=1610 | data=150 | cola=9052 | prio=10 | https://www.cepal.org/es/tipo-de-publicacion/serie-estudios-perspectivas-oficina-la-cepal-argentina?page=2
[FULL_20_CEPAL] t=3458.8s | pag=1524 | files=1610 | data=150 | cola=9060 | prio=10 | https://www.cepal.org/es/tipo-de-publicacion/serie-estudios-perspectivas-oficina-la-cepal-argentina?page=3
[FULL_20_CEPAL] t=3460.3s | pag=1525 | files=1610 | data=150 | cola=9069 | prio=10 | https://www.cepal.org/es/tipo-de-publicacion/serie-estudios-perspectivas-oficina-la-cepal-argentina?page=4
[FULL_20_CEPAL] t=3462.0s | pag=1526 | files=1610 | data=150 | cola=9077 | prio=10 | https://www.cepal.org/es/tipo-de-publicacion/serie-estudios-perspectivas-oficina-la-cepal-argentina?page=5
[FULL_20_CEPAL] t=3463.6s | pag=1527 | files=1610 | data=150 | cola=9085 | prio=10 | https://www.cepal.org/es/publicaciones/81614-valor-agregado-inducido-comercio-intracentroamericano-analisis-comparativo
[FULL_20_CEPAL] t=3464.1s | pag=1528 | files=1610 | data=150 | cola=9087 | prio=10 | https://www.cepal.org/en/publications/81586-who-provides-childcare-analysing-distribution-care-work-mexico
[FULL_20_CEPAL] t=3465.9s | pag=1529 | files=1610 | data=150 | cola=9090 | prio=10 | https://www.cepal.org/es/publicaciones/80639-estimacion-producto-potencial-la-productividad-total-factores-paises
[FULL_20_CEPAL] t=3467.4s | pag=1530 | files=1610 | data=150 | cola=9092 | prio=10 | https://www.cepal.org/es/publicaciones/80601-la-politica-fiscal-contraciclica-durante-la-pandemia-covid-19-su-impacto
[FULL_20_CEPAL] t=3469.2s | pag=1531 | files=1610 | data=150 | cola=9094 | prio=10 | https://www.cepal.org/es/publicaciones/69129-medidas-politica-monetaria-implementadas-durante-la-pandemia-covid-19-su-impacto
[FULL_20_CEPAL] t=3470.0s | pag=1532 | files=1610 | data=150 | cola=9096 | prio=10 | https://www.cepal.org/es/publicaciones/67996-evolucion-la-elite-empresarial-mexicana-su-impacto-la-desigualdad-economica-1979
[FULL_20_CEPAL] t=3470.7s | pag=1533 | files=1610 | data=150 | cola=9098 | prio=10 | https://www.cepal.org/es/publicaciones/67998-conceptos-criterios-macroeconomia-feminista
[FULL_20_CEPAL] t=3471.6s | pag=1534 | files=1610 | data=150 | cola=9100 | prio=10 | https://www.cepal.org/es/tipo-de-publicacion/serie-estudios-perspectivas-sede-subregional-la-cepal-mexico?page=1
[FULL_20_CEPAL] t=3473.8s | pag=1535 | files=1610 | data=150 | cola=9110 | prio=10 | https://www.cepal.org/es/tipo-de-publicacion/serie-estudios-perspectivas-sede-subregional-la-cepal-mexico?page=2
[FULL_20_CEPAL] t=3475.6s | pag=1536 | files=1610 | data=150 | cola=9119 | prio=10 | https://www.cepal.org/es/tipo-de-publicacion/serie-estudios-perspectivas-sede-subregional-la-cepal-mexico?page=3
[FULL_20_CEPAL] DATASET ACTUALIZADO | https://www.cepal.org/es/tipo-de-publicacion/serie-estudios-perspectivas-sede-subregional-la-cepal-mexico -> https://www.cepal.org/es/tipo-de-publicacion/serie-estudios-perspectivas-sede-subregional-la-cepal-mexico?page=3
[FULL_20_CEPAL] t=3477.5s | pag=1537 | files=1610 | data=150 | cola=9128 | prio=10 | https://www.cepal.org/es/tipo-de-publicacion/serie-estudios-perspectivas-sede-subregional-la-cepal-mexico?page=4
[FULL_20_CEPAL] t=3479.2s | pag=1538 | files=1610 | data=150 | cola=9137 | prio=10 | https://www.cepal.org/es/tipo-de-publicacion/serie-estudios-perspectivas-sede-subregional-la-cepal-mexico?page=5
[FULL_20_CEPAL] t=3481.1s | pag=1539 | files=1610 | data=150 | cola=9147 | prio=10 | https://www.cepal.org/es/tipo-de-publicacion/serie-estudios-perspectivas-sede-subregional-la-cepal-mexico?page=6
[FULL_20_CEPAL] t=3483.0s | pag=1540 | files=1610 | data=150 | cola=9157 | prio=10 | https://www.cepal.org/es/tipo-de-publicacion/serie-estudios-perspectivas-sede-subregional-la-cepal-mexico?page=7
[FULL_20_CEPAL] t=3484.5s | pag=1541 | files=1610 | data=150 | cola=9167 | prio=10 | https://www.cepal.org/es/tipo-de-publicacion/serie-estudios-perspectivas-sede-subregional-la-cepal-mexico?page=8
[FULL_20_CEPAL] t=3485.4s | pag=1542 | files=1610 | data=150 | cola=9177 | prio=10 | https://www.cepal.org/es/tipo-de-publicacion/serie-estudios-perspectivas-sede-subregional-la-cepal-mexico?page=21
[FULL_20_CEPAL] t=3486.9s | pag=1543 | files=1610 | data=150 | cola=9185 | prio=10 | https://www.cepal.org/es/publicaciones/68761-exposicion-macroeconomica-paises-america-latina-la-transicion-verde
[FULL_20_CEPAL] t=3488.7s | pag=1544 | files=1610 | data=150 | cola=9187 | prio=10 | https://www.cepal.org/es/publicaciones/68732-empleo-empresas-exportadoras-uruguayas-2018-2022
[FULL_20_CEPAL] t=3490.2s | pag=1545 | files=1610 | data=150 | cola=9189 | prio=10 | https://www.cepal.org/es/publicaciones/68693-comercio-tareas-deslocalizacion-mercado-trabajo-uruguay
[FULL_20_CEPAL] t=3491.8s | pag=1546 | files=1610 | data=150 | cola=9191 | prio=10 | https://www.cepal.org/es/publicaciones/48627-evolucion-la-calidad-empleo-uruguay-2006-2021
[FULL_20_CEPAL] t=3493.4s | pag=1547 | files=1610 | data=150 | cola=9193 | prio=10 | https://www.cepal.org/es/publicaciones/48620-impactos-distributivos-jubilaciones-pensiones-uruguay
[FULL_20_CEPAL] t=3495.1s | pag=1548 | files=1610 | data=150 | cola=9195 | prio=10 | https://www.cepal.org/es/publicaciones/48561-impactos-economicos-la-guerra-ucrania-mirada-la-region-uruguay
[FULL_20_CEPAL] t=3495.5s | pag=1549 | files=1610 | data=150 | cola=9197 | prio=10 | https://www.cepal.org/es/publicaciones/47382-analisis-la-cadena-valor-plastico-caucho-uruguay
[FULL_20_CEPAL] t=3496.9s | pag=1550 | files=1610 | data=150 | cola=9199 | prio=10 | https://www.cepal.org/es/publicaciones/47362-cadena-valor-biofarmaceutica-potencialidades-desafios-uruguay
[FULL_20_CEPAL] t=3498.2s | pag=1551 | files=1610 | data=150 | cola=9201 | prio=10 | https://www.cepal.org/es/publicaciones/47263-analisis-la-cadena-valor-forestal
[FULL_20_CEPAL] t=3499.9s | pag=1552 | files=1610 | data=150 | cola=9203 | prio=10 | https://www.cepal.org/es/publicaciones/47230-la-insercion-internacional-uruguay-la-perspectiva-cadenas-valor-insumos-la
[FULL_20_CEPAL] t=3501.6s | pag=1553 | files=1610 | data=150 | cola=9205 | prio=10 | https://www.cepal.org/es/tipo-de-publicacion/serie-estudios-perspectivas-oficina-la-cepal-montevideo?page=1
[FULL_20_CEPAL] t=3503.4s | pag=1554 | files=1610 | data=150 | cola=9215 | prio=10 | https://www.cepal.org/es/tipo-de-publicacion/serie-estudios-perspectivas-oficina-la-cepal-montevideo?page=2
[FULL_20_CEPAL] t=3505.0s | pag=1555 | files=1610 | data=150 | cola=9224 | prio=10 | https://www.cepal.org/es/tipo-de-publicacion/serie-estudios-perspectivas-oficina-la-cepal-montevideo?page=3
[FULL_20_CEPAL] t=3505.8s | pag=1556 | files=1610 | data=150 | cola=9233 | prio=10 | https://www.cepal.org/es/tipo-de-publicacion/serie-estudios-perspectivas-oficina-la-cepal-montevideo?page=4
[FULL_20_CEPAL] t=3507.6s | pag=1557 | files=1610 | data=150 | cola=9242 | prio=10 | https://www.cepal.org/es/tipo-de-publicacion/serie-estudios-perspectivas-oficina-la-cepal-montevideo?page=5
[FULL_20_CEPAL] t=3509.4s | pag=1558 | files=1610 | data=150 | cola=9251 | prio=10 | https://www.cepal.org/en/publications/90039-measurement-monetary-poverty-caribbean-assessment-poverty-statistics
[FULL_20_CEPAL] t=3510.3s | pag=1559 | files=1610 | data=151 | cola=9254 | prio=10 | https://www.cepal.org/en/publications/85994-human-capital-formation-caribbean-implications-labour-productivity-and
[FULL_20_CEPAL] t=3511.9s | pag=1560 | files=1610 | data=151 | cola=9256 | prio=10 | https://www.cepal.org/en/publications/84511-economic-survey-caribbean-2024
[FULL_20_CEPAL] t=3512.9s | pag=1561 | files=1610 | data=151 | cola=9259 | prio=10 | https://www.cepal.org/en/publications/84507-preliminary-overview-economies-caribbean-2023-2024
[FULL_20_CEPAL] t=3514.1s | pag=1562 | files=1610 | data=151 | cola=9261 | prio=10 | https://www.cepal.org/en/publications/84504-responding-sargassum-influxes-through-integrative-and-adaptive-natural-resource
[FULL_20_CEPAL] t=3515.0s | pag=1563 | files=1610 | data=151 | cola=9263 | prio=10 | https://www.cepal.org/en/publications/81554-measuring-digital-society-advance-digital-inclusion-caribbean
[FULL_20_CEPAL] t=3515.7s | pag=1564 | files=1610 | data=151 | cola=9265 | prio=10 | https://www.cepal.org/en/publications/81463-economic-survey-caribbean-2023
[FULL_20_CEPAL] t=3517.2s | pag=1565 | files=1610 | data=151 | cola=9267 | prio=10 | https://www.cepal.org/en/publications/81208-artificial-intelligence-readiness-caribbean-exploratory-review
[FULL_20_CEPAL] t=3518.0s | pag=1566 | files=1610 | data=151 | cola=9269 | prio=10 | https://www.cepal.org/en/publications/81205-drivers-public-debt-reduction-caribbean-case-study-jamaica-saint-kitts-and-nevis
[FULL_20_CEPAL] t=3518.5s | pag=1567 | files=1610 | data=151 | cola=9271 | prio=10 | https://www.cepal.org/en/publications/81172-development-profile-eclac-associate-members-statistical-report-economic-social
[FULL_20_CEPAL] t=3520.5s | pag=1568 | files=1610 | data=152 | cola=9273 | prio=10 | https://www.cepal.org/es/tipo-de-publicacion/estudios-perspectivas-sede-subregional-la-cepal-caribe?page=1
[FULL_20_CEPAL] t=3521.9s | pag=1569 | files=1610 | data=152 | cola=9282 | prio=10 | https://www.cepal.org/es/tipo-de-publicacion/estudios-perspectivas-sede-subregional-la-cepal-caribe?page=2
[FULL_20_CEPAL] t=3523.8s | pag=1570 | files=1610 | data=152 | cola=9291 | prio=10 | https://www.cepal.org/es/tipo-de-publicacion/estudios-perspectivas-sede-subregional-la-cepal-caribe?page=3
[FULL_20_CEPAL] t=3525.6s | pag=1571 | files=1610 | data=152 | cola=9300 | prio=10 | https://www.cepal.org/es/tipo-de-publicacion/estudios-perspectivas-sede-subregional-la-cepal-caribe?page=4
[FULL_20_CEPAL] t=3527.4s | pag=1572 | files=1610 | data=152 | cola=9309 | prio=10 | https://www.cepal.org/es/tipo-de-publicacion/estudios-perspectivas-sede-subregional-la-cepal-caribe?page=5
[FULL_20_CEPAL] t=3529.1s | pag=1573 | files=1610 | data=152 | cola=9319 | prio=10 | https://www.cepal.org/es/tipo-de-publicacion/estudios-perspectivas-sede-subregional-la-cepal-caribe?page=6
[FULL_20_CEPAL] t=3530.9s | pag=1574 | files=1610 | data=152 | cola=9329 | prio=10 | https://www.cepal.org/es/tipo-de-publicacion/estudios-perspectivas-sede-subregional-la-cepal-caribe?page=7
[FULL_20_CEPAL] t=3532.8s | pag=1575 | files=1610 | data=152 | cola=9339 | prio=10 | https://www.cepal.org/es/tipo-de-publicacion/estudios-perspectivas-sede-subregional-la-cepal-caribe?page=8
[FULL_20_CEPAL] t=3534.7s | pag=1576 | files=1610 | data=152 | cola=9346 | prio=10 | https://www.cepal.org/es/tipo-de-publicacion/estudios-perspectivas-sede-subregional-la-cepal-caribe?page=13
[FULL_20_CEPAL] t=3536.5s | pag=1577 | files=1610 | data=152 | cola=9351 | prio=10 | https://www.cepal.org/es/publicaciones/39172-energia-politicas-publicas-estados-unidos-relacion-virtuosa-desarrollo-fuentes
[FULL_20_CEPAL] t=3537.7s | pag=1578 | files=1610 | data=152 | cola=9353 | prio=10 | https://www.cepal.org/en/publications/82543-mapping-sustainability-latin-america-and-caribbean-sectoral-and-energy-transition
[FULL_20_CEPAL] t=3538.7s | pag=1579 | files=1610 | data=153 | cola=9356 | prio=10 | https://www.cepal.org/en/publications/81696-work-life-balance-united-states-women-workforce-and-policy-challenges-growing
[FULL_20_CEPAL] t=3540.2s | pag=1580 | files=1610 | data=153 | cola=9358 | prio=10 | https://www.cepal.org/en/publications/68789-sustainable-bond-issuances-international-markets-2014-2022-characteristics-trends
[FULL_20_CEPAL] t=3541.6s | pag=1581 | files=1610 | data=154 | cola=9360 | prio=10 | https://www.cepal.org/en/publications/68769-legislation-implementation-building-new-industrial-policy-united-states
[FULL_20_CEPAL] t=3542.4s | pag=1582 | files=1610 | data=154 | cola=9362 | prio=10 | https://www.cepal.org/en/publications/48356-china-and-latin-america-and-caribbean-exports-competition-united-states-market
[FULL_20_CEPAL] t=3544.0s | pag=1583 | files=1610 | data=155 | cola=9365 | prio=10 | https://www.cepal.org/en/publications/48338-towards-new-industrial-policy-united-states-economic-policy-agenda-post-covid-19
[FULL_20_CEPAL] t=3544.6s | pag=1584 | files=1610 | data=155 | cola=9367 | prio=10 | https://www.cepal.org/en/publications/46916-multilateral-development-banks-latin-america-recent-trends-response-pandemic-and
[FULL_20_CEPAL] t=3546.0s | pag=1585 | files=1610 | data=155 | cola=9369 | prio=10 | https://www.cepal.org/en/publications/46028-ecla-washington-and-inter-american-economic-relations-1948-1968
[FULL_20_CEPAL] t=3547.5s | pag=1586 | files=1610 | data=155 | cola=9372 | prio=10 | https://www.cepal.org/en/publications/44608-financing-development-latin-america-and-caribbean-role-and-perspectives
[FULL_20_CEPAL] t=3548.4s | pag=1587 | files=1610 | data=155 | cola=9374 | prio=10 | https://www.cepal.org/en/publications/44336-sovereign-credit-ratings-latin-america-and-caribbean-trends-and-impact-debt
[FULL_20_CEPAL] t=3550.0s | pag=1588 | files=1610 | data=155 | cola=9377 | prio=10 | https://www.cepal.org/es/tipo-de-publicacion/estudios-perspectivas-oficina-la-cepal-washington?page=1
[FULL_20_CEPAL] t=3551.7s | pag=1589 | files=1610 | data=155 | cola=9386 | prio=10 | https://www.cepal.org/es/tipo-de-publicacion/estudios-perspectivas-oficina-la-cepal-washington?page=2
[FULL_20_CEPAL] t=3553.5s | pag=1590 | files=1610 | data=155 | cola=9393 | prio=10 | https://www.cepal.org/es/tipo-de-publicacion/serie-financiamiento-desarrollo
[FULL_20_CEPAL] t=3554.2s | pag=1591 | files=1610 | data=156 | cola=9413 | prio=10 | https://www.cepal.org/es/tipo-de-publicacion/serie-macroeconomia-desarrollo
[FULL_20_CEPAL] t=3554.9s | pag=1592 | files=1610 | data=157 | cola=9433 | prio=10 | https://www.cepal.org/es/tipo-de-publicacion/serie-manuales-0
[FULL_20_CEPAL] t=3556.9s | pag=1593 | files=1610 | data=158 | cola=9453 | prio=10 | https://www.cepal.org/es/tipo-de-publicacion/serie-asuntos-genero
[FULL_20_CEPAL] t=3559.0s | pag=1594 | files=1610 | data=159 | cola=9472 | prio=10 | https://www.cepal.org/es/tipo-de-publicacion/serie-recursos-naturales-desarrollo
[FULL_20_CEPAL] t=3560.7s | pag=1595 | files=1610 | data=160 | cola=9491 | prio=10 | https://www.cepal.org/es/tipo-de-publicacion/serie-seminarios-conferencias-0
[FULL_20_CEPAL] t=3561.3s | pag=1596 | files=1610 | data=161 | cola=9507 | prio=10 | https://www.cepal.org/es/tipo-de-publicacion/serie-desarrollo-territorial
[FULL_20_CEPAL] t=3562.2s | pag=1597 | files=1610 | data=162 | cola=9520 | prio=10 | https://www.cepal.org/es/tipo-de-publicacion/series-la-cepal?page=0
[FULL_20_CEPAL] t=3563.7s | pag=1598 | files=1610 | data=162 | cola=9519 | prio=10 | https://www.cepal.org/es/tipo-de-publicacion/serie-gestion-publica
[FULL_20_CEPAL] t=3564.4s | pag=1599 | files=1610 | data=163 | cola=9538 | prio=10 | https://www.cepal.org/es/publicaciones/81097-endeudarse-cuidar-genero-desigualdad-la-argentina
[FULL_20_CEPAL] t=3565.8s | pag=1600 | files=1610 | data=163 | cola=9540 | prio=10 | https://www.cepal.org/es/publicaciones/80436-sistemas-pensiones-contributivos-america-latina-caribe-avanzar-solidaridad
[FULL_20_CEPAL] t=3566.5s | pag=1601 | files=1610 | data=163 | cola=9547 | prio=10 | https://www.cepal.org/es/publicaciones/80489-republica-dominicana-avances-desafios-la-implementacion-sistema-pensiones
[FULL_20_CEPAL] t=3568.1s | pag=1602 | files=1610 | data=163 | cola=9550 | prio=10 | https://www.cepal.org/es/publicaciones/80493-futuro-sistemas-pensiones-contributivos-america-latina-caribe
[FULL_20_CEPAL] t=3569.0s | pag=1603 | files=1610 | data=163 | cola=9553 | prio=10 | https://www.cepal.org/es/publicaciones/80492-sostenibilidad-financiera-la-expansion-sistemas-pensiones-contributivos-la
[FULL_20_CEPAL] t=3570.6s | pag=1604 | files=1610 | data=163 | cola=9556 | prio=10 | https://www.cepal.org/es/publicaciones/80487-argentina-situacion-actual-desafios-sistemas-pensiones-contributivos
[FULL_20_CEPAL] t=3572.4s | pag=1605 | files=1610 | data=163 | cola=9559 | prio=10 | https://www.cepal.org/es/publicaciones/80491-honduras-desafios-la-construccion-un-sistema-pensiones-contributivo
[FULL_20_CEPAL] t=3573.8s | pag=1606 | files=1610 | data=163 | cola=9562 | prio=10 | https://www.cepal.org/es/publicaciones/80485-panorama-sistemas-pensiones-contributivos-america-latina-caribe-analisis-su
[FULL_20_CEPAL] t=3574.7s | pag=1607 | files=1610 | data=163 | cola=9565 | prio=10 | https://www.cepal.org/es/publicaciones/68871-estado-abierto-gestion-publica-papel-sector-academico
[FULL_20_CEPAL] t=3576.6s | pag=1608 | files=1610 | data=163 | cola=9569 | prio=10 | https://www.cepal.org/es/tipo-de-publicacion/libros-la-cepal?page=1
[FULL_20_CEPAL] t=3577.4s | pag=1609 | files=1610 | data=163 | cola=9579 | prio=10 | https://www.cepal.org/es/tipo-de-publicacion/libros-la-cepal?page=2
[FULL_20_CEPAL] t=3578.3s | pag=1610 | files=1610 | data=163 | cola=9588 | prio=10 | https://www.cepal.org/es/tipo-de-publicacion/libros-la-cepal?page=3
[FULL_20_CEPAL] t=3579.0s | pag=1611 | files=1610 | data=163 | cola=9597 | prio=10 | https://www.cepal.org/es/tipo-de-publicacion/libros-la-cepal?page=4
[FULL_20_CEPAL] t=3579.9s | pag=1612 | files=1610 | data=163 | cola=9606 | prio=10 | https://www.cepal.org/es/tipo-de-publicacion/libros-la-cepal?page=5
[FULL_20_CEPAL] t=3580.9s | pag=1613 | files=1610 | data=163 | cola=9616 | prio=10 | https://www.cepal.org/es/tipo-de-publicacion/libros-la-cepal?page=6
[FULL_20_CEPAL] t=3581.7s | pag=1614 | files=1610 | data=163 | cola=9626 | prio=10 | https://www.cepal.org/es/tipo-de-publicacion/libros-la-cepal?page=7
[FULL_20_CEPAL] t=3582.3s | pag=1615 | files=1610 | data=163 | cola=9633 | prio=10 | https://www.cepal.org/es/tipo-de-publicacion/libros-la-cepal?page=8
[FULL_20_CEPAL] t=3583.1s | pag=1616 | files=1610 | data=163 | cola=9643 | prio=10 | https://www.cepal.org/es/tipo-de-publicacion/libros-la-cepal?page=38
[FULL_20_CEPAL] t=3584.8s | pag=1617 | files=1610 | data=163 | cola=9655 | prio=10 | https://www.cepal.org/es/publicaciones/82267-derecho-al-cuidado-america-latina-caribe-avances-normativos
[FULL_20_CEPAL] t=3585.2s | pag=1618 | files=1610 | data=163 | cola=9658 | prio=10 | https://www.cepal.org/es/publicaciones/80634-la-transversalizacion-la-perspectiva-genero-la-produccion-estadistica-america
[FULL_20_CEPAL] t=3587.1s | pag=1619 | files=1610 | data=163 | cola=9661 | prio=10 | https://www.cepal.org/es/publicaciones/44488-beneficiarias-ciudadanas-acceso-tratamiento-mujeres-sistemas-pensiones-america
[FULL_20_CEPAL] t=3588.5s | pag=1620 | files=1610 | data=163 | cola=9664 | prio=10 | https://www.cepal.org/es/publicaciones/41014-planes-igualdad-genero-america-latina-caribe-mapas-ruta-desarrollo
[FULL_20_CEPAL] t=3589.5s | pag=1621 | files=1610 | data=163 | cola=9669 | prio=10 | https://www.cepal.org/es/publicaciones/35375-consulta-opinion-politicas-cuidado-personas-dependientes-america-latina-ninas
[FULL_20_CEPAL] t=3591.1s | pag=1622 | files=1610 | data=163 | cola=9672 | prio=10 | https://www.cepal.org/es/publicaciones/3931-observatorio-igualdad-genero-america-latina-caribe-oig-informe-anual-2011-salto
[FULL_20_CEPAL] t=3592.6s | pag=1623 | files=1610 | data=163 | cola=9674 | prio=10 | https://www.cepal.org/es/tipo-de-publicacion/catalogos-bibliografias-resumenes?page=1
[FULL_20_CEPAL] t=3594.9s | pag=1624 | files=1610 | data=163 | cola=9683 | prio=10 | https://www.cepal.org/es/tipo-de-publicacion/catalogos-bibliografias-resumenes?page=2
[FULL_20_CEPAL] t=3596.8s | pag=1625 | files=1610 | data=163 | cola=9692 | prio=10 | https://www.cepal.org/es/tipo-de-publicacion/catalogos-bibliografias-resumenes?page=3
[FULL_20_CEPAL] t=3598.5s | pag=1626 | files=1610 | data=163 | cola=9698 | prio=10 | https://www.cepal.org/es/publicaciones/27975-international-trade-and-inclusive-development-building-synergies
[FULL_20_CEPAL] t=3599.4s | pag=1627 | files=1610 | data=163 | cola=9701 | prio=10 | https://www.cepal.org/es/publicaciones/36700-cambio-estructural-la-igualdad-vision-integrada-desarrollo
[FULL_20_CEPAL] t=3601.1s | pag=1628 | files=1610 | data=163 | cola=9705 | prio=10 | https://www.cepal.org/es/publicaciones/36699-la-hora-la-igualdad-brechas-cerrar-caminos-abrir
[FULL_20_CEPAL] t=3602.0s | pag=1629 | files=1610 | data=163 | cola=9707 | prio=10 | https://www.cepal.org/es/publicaciones/27973-eslabones-la-desigualdad-heterogeneidad-estructural-empleo-proteccion-social
[FULL_20_CEPAL] t=3602.4s | pag=1630 | files=1610 | data=163 | cola=9709 | prio=10 | https://www.cepal.org/es/publicaciones/27974-estado-frente-la-autonomia-mujeres
[FULL_20_CEPAL] t=3603.5s | pag=1631 | files=1610 | data=163 | cola=9712 | prio=10 | https://www.cepal.org/es/publicaciones/81583-panorama-fiscal-america-latina-caribe-2025-impulsar-la-inversion-crecimiento
[FULL_20_CEPAL] t=3604.0s | pag=1632 | files=1610 | data=163 | cola=9719 | prio=10 | https://www.cepal.org/es/publicaciones/69216-panorama-fiscal-america-latina-caribe-2024-politica-fiscal-enfrentar-desafios
[FULL_20_CEPAL] t=3604.9s | pag=1633 | files=1610 | data=163 | cola=9724 | prio=10 | https://www.cepal.org/es/publicaciones/48899-panorama-fiscal-america-latina-caribe-2023-politica-fiscal-crecimiento-la
[FULL_20_CEPAL] t=3605.7s | pag=1634 | files=1610 | data=163 | cola=9729 | prio=10 | https://www.cepal.org/es/publicaciones/47920-panorama-fiscal-america-latina-caribe-2022-desafios-la-politica-fiscal-un
[FULL_20_CEPAL] t=3606.4s | pag=1635 | files=1610 | data=163 | cola=9734 | prio=10 | https://www.cepal.org/es/publicaciones/46808-panorama-fiscal-america-latina-caribe-2021-desafios-la-politica-fiscal-la
[FULL_20_CEPAL] t=3607.1s | pag=1636 | files=1610 | data=163 | cola=9739 | prio=10 | https://www.cepal.org/es/publicaciones/45730-panorama-fiscal-america-latina-caribe-2020-la-politica-fiscal-la-crisis-derivada
[FULL_20_CEPAL] t=3607.7s | pag=1637 | files=1610 | data=163 | cola=9744 | prio=10 | https://www.cepal.org/es/publicaciones/44516-panorama-fiscal-america-latina-caribe-2019-politicas-tributarias-la-movilizacion
[FULL_20_CEPAL] t=3608.4s | pag=1638 | files=1610 | data=163 | cola=9749 | prio=10 | https://www.cepal.org/es/publicaciones/43405-panorama-fiscal-america-latina-caribe-2018-desafios-politicas-publicas-marco-la
[FULL_20_CEPAL] t=3609.4s | pag=1639 | files=1610 | data=163 | cola=9754 | prio=10 | https://www.cepal.org/es/publicaciones/41044-panorama-fiscal-america-latina-caribe-2017-la-movilizacion-recursos
[FULL_20_CEPAL] t=3611.4s | pag=1640 | files=1610 | data=163 | cola=9760 | prio=10 | https://www.cepal.org/es/tipo-de-publicacion/panorama-fiscal-america-latina-caribe?page=1
[FULL_20_CEPAL] t=3613.1s | pag=1641 | files=1610 | data=163 | cola=9764 | prio=10 | https://www.cepal.org/es/publicaciones/46792-reflexiones-la-gestion-agua-america-latina-caribe-textos-seleccionados-2002-2020
[FULL_20_CEPAL] t=3613.7s | pag=1642 | files=1610 | data=163 | cola=9766 | prio=10 | https://www.cepal.org/es/publicaciones/46730-dimensiones-envejecimiento-derechos-personas-mayores-america-latina-caribe
[FULL_20_CEPAL] t=3614.4s | pag=1643 | files=1610 | data=163 | cola=9768 | prio=10 | https://www.cepal.org/es/publicaciones/44995-proteccion-social-universal-america-latina-caribe-textos-seleccionados-2006-2019
[FULL_20_CEPAL] t=3615.7s | pag=1644 | files=1610 | data=163 | cola=9771 | prio=10 | https://www.cepal.org/es/publicaciones/44864-migracion-desarrollo-sostenible-la-centralidad-derechos-humanos-textos
[FULL_20_CEPAL] t=3617.4s | pag=1645 | files=1610 | data=163 | cola=9773 | prio=10 | https://www.cepal.org/es/publicaciones/44361-cuidados-america-latina-caribe-textos-seleccionados-2007-2018
[FULL_20_CEPAL] t=3618.0s | pag=1646 | files=1610 | data=163 | cola=9775 | prio=10 | https://www.cepal.org/es/publicaciones/42488-empleo-america-latina-caribe-textos-seleccionados-2006-2017
[FULL_20_CEPAL] t=3619.4s | pag=1647 | files=1610 | data=163 | cola=9777 | prio=10 | https://www.cepal.org/es/publicaciones/40747-desarrollo-inclusivo-america-latina-textos-seleccionados-2009-2016
[FULL_20_CEPAL] t=3621.3s | pag=1648 | files=1610 | data=163 | cola=9780 | prio=10 | https://www.cepal.org/es/publicaciones/40623-planificacion-prospectiva-la-construccion-futuro-america-latina-caribe-textos
[FULL_20_CEPAL] t=3621.9s | pag=1649 | files=1610 | data=163 | cola=9782 | prio=10 | https://www.cepal.org/es/publicaciones/38952-globalizacion-integracion-comercio-inclusivo-america-latina-textos-seleccionados
[FULL_20_CEPAL] t=3622.5s | pag=1650 | files=1610 | data=163 | cola=9784 | prio=10 | https://www.cepal.org/es/publicaciones/37791-desafio-la-sostenibilidad-ambiental-america-latina-caribe-textos-seleccionados
[FULL_20_CEPAL] t=3624.4s | pag=1651 | files=1610 | data=163 | cola=9786 | prio=10 | https://www.cepal.org/es/publicaciones/81410-repensar-desarrollo-america-latina-caribe-contribuciones-la-comision-economica
[FULL_20_CEPAL] t=3625.3s | pag=1652 | files=1610 | data=163 | cola=9789 | prio=10 | https://www.cepal.org/es/publicaciones/69111-revista-cepal-141-edicion-especial-75-anos-un-modelo-desarrollo-mas-productivo
[FULL_20_CEPAL] t=3626.2s | pag=1653 | files=1610 | data=163 | cola=9792 | prio=10 | https://www.cepal.org/es/publicaciones/44785-recursos-naturales-medio-ambiente-sostenibilidad-70-anos-pensamiento-la-cepal
[FULL_20_CEPAL] t=3626.9s | pag=1654 | files=1610 | data=163 | cola=9796 | prio=10 | https://www.cepal.org/es/publicaciones/43540-desarrollo-igualdad-pensamiento-la-cepal-su-septimo-decenio-textos-seleccionados
[FULL_20_CEPAL] t=3628.7s | pag=1655 | files=1610 | data=163 | cola=9818 | prio=10 | https://www.cepal.org/es/publicaciones/2007-sesenta-anos-la-cepal-textos-seleccionados-decenio-1998-2008
[FULL_20_CEPAL] t=3630.3s | pag=1656 | files=1610 | data=163 | cola=9820 | prio=10 | https://www.cepal.org/es/publicaciones/32789-sesenta-anos-la-cepal
[FULL_20_CEPAL] t=3631.8s | pag=1657 | files=1610 | data=163 | cola=9822 | prio=10 | https://www.cepal.org/es/publicaciones/2037-cincuenta-anos-pensamiento-la-cepal-textos-seleccionados
[FULL_20_CEPAL] t=3632.6s | pag=1658 | files=1610 | data=163 | cola=9827 | prio=10 | https://www.cepal.org/es/publicaciones/2642-cepal-40-anos-1948-1988
[FULL_20_CEPAL] t=3634.2s | pag=1659 | files=1610 | data=163 | cola=9830 | prio=10 | https://www.cepal.org/en/publications/28998-antecedentes-la-creacion-la-cepal-fotocopia-documentos-la-asamblea-general
[FULL_20_CEPAL] t=3635.6s | pag=1660 | files=1610 | data=163 | cola=9832 | prio=10 | https://www.cepal.org/es/publicaciones/84904-guia-diseno-sistemas-monitoreo-evaluacion-intervenciones-publicas-enfoque
[FULL_20_CEPAL] t=3636.6s | pag=1661 | files=1610 | data=163 | cola=9835 | prio=10 | https://www.cepal.org/es/publicaciones/82454-guia-establecimiento-un-marco-gobernanza-gobierno-digital-paises-america-latina
[FULL_20_CEPAL] t=3637.1s | pag=1662 | files=1610 | data=163 | cola=9838 | prio=10 | https://www.cepal.org/es/publicaciones/80793-guia-priorizar-evaluar-proyectos-remediacion-ambiental-gestion-pasivos-mineros
[FULL_20_CEPAL] t=3637.9s | pag=1663 | files=1610 | data=163 | cola=9844 | prio=10 | https://www.cepal.org/es/publicaciones/68737-diseno-analisis-estadistico-encuestas-hogares-america-latina
[FULL_20_CEPAL] t=3638.7s | pag=1664 | files=1610 | data=163 | cola=9848 | prio=10 | https://www.cepal.org/es/publicaciones/48923-metodos-la-medicion-la-migracion-interna-sus-efectos-sociodemograficos-especial
[FULL_20_CEPAL] t=3639.5s | pag=1665 | files=1610 | data=163 | cola=9854 | prio=10 | https://www.cepal.org/es/publicaciones/48708-guia-la-armonizacion-la-balanza-pagos-cuentas-nacionales
[FULL_20_CEPAL] t=3640.8s | pag=1666 | files=1610 | data=163 | cola=9856 | prio=10 | https://www.cepal.org/es/publicaciones/44314-medicion-la-pobreza-ingresos-actualizacion-metodologica-resultados
[FULL_20_CEPAL] t=3641.4s | pag=1667 | files=1610 | data=163 | cola=9861 | prio=10 | https://www.cepal.org/es/tipo-de-publicacion/metodologias-la-cepal?page=1
[FULL_20_CEPAL] t=3642.2s | pag=1668 | files=1610 | data=163 | cola=9862 | prio=10 | https://www.cepal.org/es/publicaciones/40847-estimacion-erogaciones-sociales-partir-sistema-cuentas-nacionales-propuesta
[FULL_20_CEPAL] t=3643.9s | pag=1669 | files=1610 | data=163 | cola=9865 | prio=10 | https://www.cepal.org/es/publicaciones/40665-territorio-igualdad-planificacion-desarrollo-perspectiva-genero
[FULL_20_CEPAL] t=3644.3s | pag=1670 | files=1610 | data=163 | cola=9868 | prio=10 | https://www.cepal.org/es/publicaciones/40337-manual-formacion-regional-la-implementacion-la-resolucion-1325-2000-consejo
[FULL_20_CEPAL] t=3645.2s | pag=1671 | files=1610 | data=163 | cola=9871 | prio=10 | https://www.cepal.org/es/publicaciones/40407-guia-general-la-gestion-residuos-solidos-domiciliarios
[FULL_20_CEPAL] t=3646.0s | pag=1672 | files=1610 | data=163 | cola=9873 | prio=10 | https://www.cepal.org/es/publicaciones/39055-la-planificacion-participativa-lograr-un-cambio-estructural-igualdad-estrategias
[FULL_20_CEPAL] t=3646.5s | pag=1673 | files=1610 | data=163 | cola=9875 | prio=10 | https://www.cepal.org/es/tipo-de-publicacion/copublicaciones
[FULL_20_CEPAL] t=3648.3s | pag=1674 | files=1610 | data=163 | cola=9895 | prio=10 | https://www.cepal.org/es/tipo-de-publicacion/cuadernos-la-cepal
[FULL_20_CEPAL] t=3649.3s | pag=1675 | files=1610 | data=163 | cola=9912 | prio=10 | https://www.cepal.org/es/tipo-de-publicacion/atlas
[FULL_20_CEPAL] t=3651.2s | pag=1676 | files=1610 | data=163 | cola=9921 | prio=10 | https://www.cepal.org/es/tipo-de-publicacion/libros-monografias?page=0
[FULL_20_CEPAL] t=3653.3s | pag=1677 | files=1610 | data=163 | cola=9920 | prio=10 | https://www.cepal.org/en/publications/85924-cepal-review-146
[FULL_20_CEPAL] t=3655.2s | pag=1678 | files=1610 | data=164 | cola=9923 | prio=10 | https://www.cepal.org/es/publicaciones/83002-nota-editorial
[FULL_20_CEPAL] t=3657.0s | pag=1679 | files=1610 | data=164 | cola=9925 | prio=10 | https://www.cepal.org/es/publicaciones/83003-democracia-preocupacion-medioambiental-un-analisis-paises-seleccionados-paises
[FULL_20_CEPAL] t=3658.4s | pag=1680 | files=1610 | data=164 | cola=9927 | prio=10 | https://www.cepal.org/es/publicaciones/83004-la-concentracion-mercado-su-impacto-la-participacion-laboral-la-desigualdad
[FULL_20_CEPAL] t=3660.0s | pag=1681 | files=1610 | data=164 | cola=9929 | prio=10 | https://www.cepal.org/es/publicaciones/83005-cadenas-valor-empleo-inclusivo-america-latina
[FULL_20_CEPAL] t=3660.7s | pag=1682 | files=1610 | data=164 | cola=9931 | prio=10 | https://www.cepal.org/es/publicaciones/83006-papel-la-estructura-productiva-caracteristicas-personales-sociales-la-superacion
[FULL_20_CEPAL] t=3661.5s | pag=1683 | files=1610 | data=164 | cola=9933 | prio=10 | https://www.cepal.org/es/publicaciones/83007-analisis-la-informalidad-laboral-chile-medicion-caracteristicas-principales
[FULL_20_CEPAL] t=3662.5s | pag=1684 | files=1610 | data=164 | cola=9935 | prio=10 | https://www.cepal.org/es/publicaciones/83008-busca-buenos-empleos-mercado-laboral-servicios-sociales-brasil
[FULL_20_CEPAL] t=3664.3s | pag=1685 | files=1610 | data=164 | cola=9937 | prio=10 | https://www.cepal.org/es/publicaciones/83009-la-biotecnologia-como-base-establecimiento-un-nucleo-endogeno-la-argentina
[FULL_20_CEPAL] t=3666.2s | pag=1686 | files=1610 | data=164 | cola=9939 | prio=10 | https://www.cepal.org/es/publicaciones/83010-entrevista-desarrollo-territorio-geopolitica-un-dialogo-edgar-reveiz
[FULL_20_CEPAL] t=3667.7s | pag=1687 | files=1610 | data=164 | cola=9941 | prio=10 | https://www.cepal.org/es/publicaciones/83011-resena-bibliografica-pensadores-rebeldes-pensamiento-latinoamericano-agrarista
[FULL_20_CEPAL] t=3669.2s | pag=1688 | files=1610 | data=164 | cola=9943 | prio=10 | https://www.cepal.org/en/publications/82412-cepal-review-145
[FULL_20_CEPAL] t=3671.3s | pag=1689 | files=1610 | data=165 | cola=9955 | prio=10 | https://www.cepal.org/es/publicaciones/81877-nota-editorial
[FULL_20_CEPAL] t=3672.7s | pag=1690 | files=1610 | data=165 | cola=9957 | prio=10 | https://www.cepal.org/es/publicaciones/81878-la-medicion-crecimiento-largo-plazo
[FULL_20_CEPAL] t=3674.0s | pag=1691 | files=1610 | data=165 | cola=9959 | prio=10 | https://www.cepal.org/es/publicaciones/81879-crecimiento-economico-sectores-productivos-algunos-datos-empiricos-paises-renta
[FULL_20_CEPAL] t=3675.8s | pag=1692 | files=1610 | data=165 | cola=9961 | prio=10 | https://www.cepal.org/es/publicaciones/81880-efectos-largo-plazo-la-volatilidad-tipo-cambio-real-la-calidad-institucional-la
[FULL_20_CEPAL] t=3676.5s | pag=1693 | files=1610 | data=165 | cola=9963 | prio=10 | https://www.cepal.org/es/publicaciones/81881-la-influencia-la-solvencia-fiscal-desarrollo-sistema-financiero-evidencia-140
[FULL_20_CEPAL] t=3678.2s | pag=1694 | files=1610 | data=165 | cola=9965 | prio=10 | https://www.cepal.org/es/publicaciones/81882-evidencia-empirica-la-ley-okun-colombia-un-analisis-zonas-rurales-nivel-regional
[FULL_20_CEPAL] t=3679.0s | pag=1695 | files=1610 | data=165 | cola=9967 | prio=10 | https://www.cepal.org/es/publicaciones/81883-precios-progreso-vinculo-la-inflacion-cambio-estructural-brasil-posguerra
[FULL_20_CEPAL] t=3680.3s | pag=1696 | files=1610 | data=165 | cola=9969 | prio=10 | https://www.cepal.org/es/publicaciones/81884-impacto-negociaciones-paz-colombia-pib-real-2013-2019
[FULL_20_CEPAL] t=3681.8s | pag=1697 | files=1610 | data=165 | cola=9971 | prio=10 | https://www.cepal.org/es/publicaciones/81885-ensayo-resena-critica-mundo-segun-america-latina-la-cepal-la-era-desarrollo
[FULL_20_CEPAL] t=3683.2s | pag=1698 | files=1610 | data=165 | cola=9973 | prio=10 | https://www.cepal.org/en/publications/81703-cepal-review-144
[FULL_20_CEPAL] t=3685.1s | pag=1699 | files=1610 | data=165 | cola=9985 | prio=10 | https://www.cepal.org/es/publicaciones/81223-tributo-maria-conceicao-tavares
[FULL_20_CEPAL] t=3686.5s | pag=1700 | files=1610 | data=165 | cola=9987 | prio=10 | https://www.cepal.org/es/publicaciones/81224-modelo-centro-periferia-la-economia-politica-la-comision-economica-america
[FULL_20_CEPAL] t=3688.0s | pag=1701 | files=1610 | data=165 | cola=9989 | prio=10 | https://www.cepal.org/es/publicaciones/81225-terapia-choque-fallida-durante-la-dictadura-militar-chilena-1974-1979
[FULL_20_CEPAL] t=3688.6s | pag=1702 | files=1610 | data=165 | cola=9991 | prio=10 | https://www.cepal.org/es/publicaciones/81226-que-factores-impulsan-salidas-capital-sector-privado-financiero-america-latina
[FULL_20_CEPAL] t=3690.3s | pag=1703 | files=1610 | data=165 | cola=9993 | prio=10 | https://www.cepal.org/es/publicaciones/81227-debilitamiento-estado-desarrollista-brasil-un-analisis-la-economia-politica
[FULL_20_CEPAL] t=3692.0s | pag=1704 | files=1610 | data=165 | cola=9995 | prio=10 | https://www.cepal.org/es/publicaciones/81228-sistemas-metas-inflacion-tipos-cambio-papel-variables-financieras-mundiales
[FULL_20_CEPAL] t=3693.8s | pag=1705 | files=1610 | data=165 | cola=9997 | prio=10 | https://www.cepal.org/es/publicaciones/81229-efectos-la-pandemia-enfermedad-coronavirus-la-oferta-mano-obra-masculina
[FULL_20_CEPAL] t=3695.1s | pag=1706 | files=1610 | data=165 | cola=9999 | prio=10 | https://www.cepal.org/es/publicaciones/81230-estructura-empleo-asociado-al-comercio-internacional-brasil-perspectiva-genero
[FULL_20_CEPAL] t=3697.0s | pag=1707 | files=1610 | data=165 | cola=10001 | prio=10 | https://www.cepal.org/es/publicaciones/81231-uso-analisis-comparativo-mejorar-la-movilidad-urbana-nueva-herramienta-construir
[FULL_20_CEPAL] t=3698.9s | pag=1708 | files=1610 | data=165 | cola=10003 | prio=10 | https://www.cepal.org/es/publicaciones/81232-reflexiones-la-cooperacion-chino-brasilena-siglo-xxi-la-perspectiva-china
[FULL_20_CEPAL] t=3700.4s | pag=1709 | files=1610 | data=165 | cola=10005 | prio=10 | https://www.cepal.org/en/publications/81134-cepal-review-143
[FULL_20_CEPAL] t=3701.0s | pag=1710 | files=1610 | data=165 | cola=10007 | prio=10 | https://www.cepal.org/en/publications/80568-cepal-review-142
[FULL_20_CEPAL] t=3703.0s | pag=1711 | files=1610 | data=165 | cola=10010 | prio=10 | https://www.cepal.org/en/publications/68764-cepal-review-140
[FULL_20_CEPAL] t=3704.7s | pag=1712 | files=1610 | data=165 | cola=10011 | prio=10 | https://www.cepal.org/en/publications/48966-cepal-review-139
[FULL_20_CEPAL] t=3705.7s | pag=1713 | files=1610 | data=165 | cola=10015 | prio=10 | https://www.cepal.org/en/publications/48804-cepal-review-138
[FULL_20_CEPAL] t=3707.0s | pag=1714 | files=1610 | data=165 | cola=10018 | prio=10 | https://www.cepal.org/en/publications/48580-cepal-review-137
[FULL_20_CEPAL] t=3707.8s | pag=1715 | files=1610 | data=165 | cola=10021 | prio=10 | https://www.cepal.org/en/topics/social-statistics
[FULL_20_CEPAL] t=3710.0s | pag=1716 | files=1610 | data=165 | cola=10036 | prio=10 | https://www.cepal.org/en/topics/economic-statistics
[FULL_20_CEPAL] t=3712.3s | pag=1717 | files=1610 | data=165 | cola=10050 | prio=10 | https://www.cepal.org/en/topics/environmental-statistics
[FULL_20_CEPAL] t=3713.0s | pag=1718 | files=1610 | data=166 | cola=10068 | prio=10 | https://www.cepal.org/en/events/twenty-fifth-meeting-executive-committee-statistical-conference-americas-eclac
[FULL_20_CEPAL] t=3713.8s | pag=1719 | files=1611 | data=167 | cola=10069 | prio=10 | https://www.cepal.org/en/events/ideg-strengthening-workshop-geospatial-information-and-territorial-innovation-towards
[FULL_20_CEPAL] t=3714.7s | pag=1720 | files=1611 | data=167 | cola=10069 | prio=10 | https://www.cepal.org/en/notes/eclac-participating-20th-idera-conference-geospatial-data-infrastructure-argentine-republic
[FULL_20_CEPAL] t=3716.3s | pag=1721 | files=1611 | data=167 | cola=10070 | prio=10 | https://www.cepal.org/en/notes/eclac-presents-its-regional-technical-assistance-strategy-economic-statistics-directors
[FULL_20_CEPAL] t=3718.0s | pag=1722 | files=1611 | data=167 | cola=10070 | prio=10 | https://www.cepal.org/en/list/cepal_publication?work_area=8184
[FULL_20_CEPAL] t=3733.6s | pag=1722 | files=1611 | data=167 | cola=10069 | prio=10 | https://www.cepal.org/en/work-areas/statistics/about-statistics
[FULL_20_CEPAL] t=3736.1s | pag=1723 | files=1615 | data=167 | cola=10070 | prio=10 | https://www.cepal.org/en/work-areas/statistics/b-statistics-division-team
[FULL_20_CEPAL] t=3736.8s | pag=1724 | files=1615 | data=167 | cola=10074 | prio=10 | https://www.cepal.org/en/work-areas/statistics/c-cepalstat-databases-and-statistical-publications
[FULL_20_CEPAL] t=3738.1s | pag=1724 | files=1615 | data=167 | cola=10073 | prio=10 | https://www.cepal.org/en/work-areas/statistics/d-cepalgeo
[FULL_20_CEPAL] t=3740.0s | pag=1725 | files=1615 | data=167 | cola=10072 | prio=10 | https://www.cepal.org/en/work-areas/statistics/statistical-conference-americas
[FULL_20_CEPAL] t=3741.0s | pag=1726 | files=1615 | data=168 | cola=10099 | prio=10 | https://www.cepal.org/en/organizational-unit/statistics/f-un-ggim-americas
[FULL_20_CEPAL] t=3742.2s | pag=1727 | files=1616 | data=168 | cola=10123 | prio=10 | https://www.cepal.org/en/work-areas/statistics/g-sources-statistical-information
[FULL_20_CEPAL] t=3742.7s | pag=1728 | files=1616 | data=169 | cola=10122 | prio=10 | https://www.cepal.org/en/publication-types-dspace-linked/statistical-yearbook-latin-america-and-caribbean
[FULL_20_CEPAL] t=3743.3s | pag=1729 | files=1616 | data=170 | cola=10126 | prio=10 | https://www.cepal.org/en/publications/type/statistical-studies-series
[FULL_20_CEPAL] t=3745.1s | pag=1730 | files=1616 | data=171 | cola=10135 | prio=10 | https://www.cepal.org/en/projects/integration-statistical-and-geospatial-information
[FULL_20_CEPAL] t=3747.1s | pag=1731 | files=1616 | data=172 | cola=10139 | prio=10 | https://www.cepal.org/en/projects/implementation-statistical-geoportals
[FULL_20_CEPAL] t=3749.7s | pag=1732 | files=1616 | data=173 | cola=10149 | prio=10 | https://www.cepal.org/en/publications/type/flagships
[FULL_20_CEPAL] t=3750.6s | pag=1732 | files=1616 | data=173 | cola=10148 | prio=10 | https://www.cepal.org/en/list/cepal_publication?topic=8204
[FULL_20_CEPAL] t=3766.7s | pag=1732 | files=1616 | data=173 | cola=10147 | prio=10 | https://www.cepal.org/en/list/cepal_publication?work_area=8187
[FULL_20_CEPAL] t=3768.6s | pag=1733 | files=1616 | data=173 | cola=10160 | prio=10 | https://www.cepal.org/en/list/cepal_publication?work_area=8192
[FULL_20_CEPAL] t=3769.2s | pag=1734 | files=1616 | data=173 | cola=10166 | prio=10 | https://www.cepal.org/en/list/cepal_publication?work_area=8188
[FULL_20_CEPAL] t=3769.9s | pag=1735 | files=1616 | data=173 | cola=10173 | prio=10 | https://www.cepal.org/en/list/cepal_publication?work_area=8183
[FULL_20_CEPAL] t=3770.6s | pag=1736 | files=1616 | data=173 | cola=10179 | prio=10 | https://www.cepal.org/en/list/cepal_publication?work_area=8195
[FULL_20_CEPAL] t=3771.3s | pag=1737 | files=1616 | data=173 | cola=10183 | prio=10 | https://www.cepal.org/en/list/cepal_publication?work_area=8179
[FULL_20_CEPAL] t=3787.0s | pag=1737 | files=1616 | data=173 | cola=10182 | prio=10 | https://www.cepal.org/en/list/cepal_publication?work_area=8190
[FULL_20_CEPAL] t=3788.3s | pag=1738 | files=1616 | data=173 | cola=10193 | prio=10 | https://www.cepal.org/en/list/cepal_publication?work_area=8169
[FULL_20_CEPAL] t=3788.8s | pag=1739 | files=1616 | data=173 | cola=10198 | prio=10 | https://www.cepal.org/en/list/cepal_publication?work_area=8180
[FULL_20_CEPAL] t=3804.5s | pag=1739 | files=1616 | data=173 | cola=10197 | prio=10 | https://www.cepal.org/en/publication-types-dspace-linked/panorama-productive-development-policies-latin-america-and-caribbean
[FULL_20_CEPAL] t=3806.0s | pag=1740 | files=1616 | data=173 | cola=10197 | prio=10 | https://www.cepal.org/en/publication-types-dspace-linked/social-panorama-latin-america-and-caribbean
[FULL_20_CEPAL] t=3806.4s | pag=1741 | files=1616 | data=173 | cola=10200 | prio=10 | https://www.cepal.org/en/publication-types-dspace-linked/project-documents-studies-and-research-papers
[FULL_20_CEPAL] t=3807.4s | pag=1742 | files=1616 | data=173 | cola=10205 | prio=10 | https://www.cepal.org/en/publication-types-dspace-linked/eclac-series
[FULL_20_CEPAL] t=3808.1s | pag=1743 | files=1616 | data=173 | cola=10210 | prio=10 | https://www.cepal.org/en/publications/type/cepal-review
[FULL_20_CEPAL] t=3808.9s | pag=1744 | files=1616 | data=173 | cola=10218 | prio=10 | http://www.cepal.org/en/publicaciones/epub
[FULL_20_CEPAL] t=3810.1s | pag=1744 | files=1616 | data=173 | cola=10217 | prio=10 | https://www.cepal.org/es/publicaciones/81872-lineamientos-plan-accion-la-transversalizacion-la-perspectiva-genero-la
[FULL_20_CEPAL] t=3811.4s | pag=1745 | files=1616 | data=173 | cola=10221 | prio=10 | https://www.cepal.org/en/publications/90082-tlatelolco-commitment-decade-action-achieve-substantive-gender-equality-and-care
[FULL_20_CEPAL] t=3812.4s | pag=1746 | files=1616 | data=173 | cola=10225 | prio=10 | https://www.cepal.org/en/publications/90228-engagement-tlatelolco-une-decennie-daction-pour-concretiser-legalite-reelle-les
[FULL_20_CEPAL] t=3813.8s | pag=1747 | files=1616 | data=173 | cola=10227 | prio=10 | https://www.cepal.org/es/publicaciones/82273-la-sociedad-cuidado-gobernanza-economia-politica-dialogo-social-transformacion
[FULL_20_CEPAL] t=3814.8s | pag=1748 | files=1616 | data=173 | cola=10229 | prio=10 | https://www.cepal.org/es/publicaciones/84361-la-sociedad-cuidado-gobernanza-economia-politica-dialogo-social-transformacion
[FULL_20_CEPAL] t=3816.6s | pag=1749 | files=1616 | data=173 | cola=10231 | prio=10 | https://www.cepal.org/en/publications/89934-road-map-implementation-belize-regional-agreement-access-information-public
[FULL_20_CEPAL] t=3818.2s | pag=1750 | files=1616 | data=173 | cola=10233 | prio=10 | https://www.cepal.org/es/publicaciones/89916-gobernanza-endogena-teoria-datos-herramientas-salir-la-trampa-gobernanza-poco
[FULL_20_CEPAL] t=3818.7s | pag=1751 | files=1616 | data=173 | cola=10234 | prio=10 | https://www.cepal.org/es/tipo-de-publicacion/libros-documentos-institucionales?page=0
[FULL_20_CEPAL] t=3820.6s | pag=1752 | files=1616 | data=173 | cola=10233 | prio=10 | https://www.cepal.org/en/publications/89771-road-map-implementation-saint-kitts-and-nevis-regional-agreement-access
[FULL_20_CEPAL] t=3822.6s | pag=1753 | files=1616 | data=173 | cola=10235 | prio=10 | https://www.cepal.org/es/publicaciones/89768-panorama-la-gestion-publica-america-latina-caribe-2025-innovar-estado-gestionar
[FULL_20_CEPAL] t=3823.1s | pag=1754 | files=1616 | data=173 | cola=10239 | prio=10 | https://www.cepal.org/en/publications/85983-road-map-implementation-grenada-regional-agreement-access-information-public
[FULL_20_CEPAL] t=3824.7s | pag=1755 | files=1616 | data=173 | cola=10241 | prio=10 | https://www.cepal.org/en/publications/84625-advancing-environmental-information-eastern-caribbean-towards-establishment-oecs
[FULL_20_CEPAL] t=3826.2s | pag=1756 | files=1616 | data=173 | cola=10243 | prio=10 | https://www.cepal.org/es/publicaciones/82516-informe-actividades-la-comision-2024
[FULL_20_CEPAL] t=3827.6s | pag=1757 | files=1616 | data=173 | cola=10245 | prio=10 | https://www.cepal.org/es/publicaciones/82880-politica-editorial-la-comision-economica-america-latina-caribe-cepal
[FULL_20_CEPAL] t=3829.1s | pag=1758 | files=1616 | data=173 | cola=10247 | prio=10 | https://www.cepal.org/es/publicaciones/82530-ruta-la-implementacion-acuerdo-regional-acceso-la-informacion-la-participacion
[FULL_20_CEPAL] t=3830.0s | pag=1759 | files=1616 | data=173 | cola=10249 | prio=10 | https://www.cepal.org/es/publicaciones/82511-capacidades-institucionales-tecnicas-operativas-politicas-prospectivas-topp-la
[FULL_20_CEPAL] t=3831.0s | pag=1760 | files=1616 | data=173 | cola=10252 | prio=10 | https://www.cepal.org/es/publicaciones/82436-america-latina-caribe-30-anos-la-cumbre-mundial-desarrollo-social-un-pacto
[FULL_20_CEPAL] t=3831.4s | pag=1761 | files=1616 | data=173 | cola=10255 | prio=10 | https://www.cepal.org/es/publicaciones/81117-catalogo-publicaciones-2024-2025
[FULL_20_CEPAL] t=3832.8s | pag=1762 | files=1616 | data=173 | cola=10258 | prio=10 | https://www.cepal.org/es/publicaciones/82267-derecho-al-cuidado-america-latina-caribe-avances-normativos-0
[FULL_20_CEPAL] t=3833.6s | pag=1763 | files=1616 | data=173 | cola=10259 | prio=10 | https://www.cepal.org/es/publicaciones/81530-relaciones-america-latina-caribe-china-areas-oportunidad-un-desarrollo-mas
[FULL_20_CEPAL] t=3834.3s | pag=1764 | files=1616 | data=173 | cola=10261 | prio=10 | https://www.cepal.org/es/publicaciones/81413-america-latina-caribe-la-segunda-cumbre-mundial-desarrollo-social-propuestas-un
[FULL_20_CEPAL] t=3835.8s | pag=1765 | files=1616 | data=173 | cola=10264 | prio=10 | https://www.cepal.org/es/publicaciones/81415-celebrar-pasado-construir-futuro
[FULL_20_CEPAL] t=3837.5s | pag=1766 | files=1616 | data=173 | cola=10266 | prio=10 | https://www.cepal.org/es/publicaciones/81418-desafios-oportunidades-america-latina-papel-bancos-desarrollo
[FULL_20_CEPAL] t=3839.3s | pag=1767 | files=1616 | data=173 | cola=10268 | prio=10 | https://www.cepal.org/es/publicaciones/81422-proteccion-social-productividad-america-latina
[FULL_20_CEPAL] t=3840.6s | pag=1768 | files=1616 | data=173 | cola=10270 | prio=10 | https://www.cepal.org/es/publicaciones/81420-estructura-sinergia-desarrollo-escenario-caribe-su-futuro
[FULL_20_CEPAL] t=3842.1s | pag=1769 | files=1616 | data=173 | cola=10272 | prio=10 | https://www.cepal.org/es/publicaciones/81416-setenta-cinco-anos-despues-nacimiento-la-comision-economica-america-latina
[FULL_20_CEPAL] t=3843.8s | pag=1770 | files=1616 | data=173 | cola=10274 | prio=10 | https://www.cepal.org/es/publicaciones/81417-reformas-al-sistema-financiero-internacional
[FULL_20_CEPAL] t=3845.1s | pag=1771 | files=1616 | data=173 | cola=10276 | prio=10 | https://www.cepal.org/es/publicaciones/81423-futuro-la-democracia-la-era-digital
[FULL_20_CEPAL] t=3846.3s | pag=1772 | files=1616 | data=173 | cola=10278 | prio=10 | https://www.cepal.org/es/publicaciones/81419-lograr-un-crecimiento-vigoroso-sostenido-sostenible-inclusivo
[FULL_20_CEPAL] t=3847.8s | pag=1773 | files=1616 | data=173 | cola=10280 | prio=10 | https://www.cepal.org/es/publicaciones/81408-america-latina-caribe-la-agenda-2030-cinco-anos-la-meta-como-gestionar
[FULL_20_CEPAL] t=3849.2s | pag=1774 | files=1616 | data=173 | cola=10283 | prio=10 | https://www.cepal.org/es/publicaciones/80841-superar-trampas-desarrollo-america-latina-caribe-la-era-digital-potencial
[FULL_20_CEPAL] t=3849.7s | pag=1775 | files=1616 | data=173 | cola=10286 | prio=10 | https://www.cepal.org/es/publicaciones/81381-accion-la-igualdad-desarrollo-la-paz-america-latina-caribe-informe-regional
[FULL_20_CEPAL] t=3850.2s | pag=1776 | files=1616 | data=173 | cola=10289 | prio=10 | https://www.cepal.org/es/publicaciones/81370-publicaciones-version-accesible
[FULL_20_CEPAL] t=3851.6s | pag=1777 | files=1616 | data=173 | cola=10292 | prio=10 | https://www.cepal.org/en/publications/81233-road-second-world-summit-social-development-contributions-regional-commissions
[FULL_20_CEPAL] t=3853.0s | pag=1778 | files=1616 | data=173 | cola=10294 | prio=10 | https://www.cepal.org/es/publicaciones/81234-manual-estilo-publicaciones-espanol-la-comision-economica-america-latina-caribe
[FULL_20_CEPAL] t=3854.9s | pag=1779 | files=1616 | data=173 | cola=10296 | prio=10 | https://www.cepal.org/es/publicaciones/80942-iberoamerica-espacios-oportunidades-promover-empleo-juvenil-la-inclusion-laboral
[FULL_20_CEPAL] t=3856.3s | pag=1780 | files=1616 | data=173 | cola=10298 | prio=10 | https://www.cepal.org/es/tipo-de-publicacion/libros-documentos-institucionales?page=9
[FULL_20_CEPAL] t=3858.3s | pag=1781 | files=1616 | data=173 | cola=10308 | prio=10 | https://www.cepal.org/en/publications/80952-distributional-implications-climate-change-and-policy-recommendations-inclusive
[FULL_20_CEPAL] t=3860.4s | pag=1782 | files=1616 | data=173 | cola=10310 | prio=10 | https://www.cepal.org/en/publications/80855-growth-and-distribution-its-benefits-measurement-and-policy-recommendations-eclac
[FULL_20_CEPAL] t=3862.1s | pag=1783 | files=1616 | data=173 | cola=10312 | prio=10 | https://www.cepal.org/es/publicaciones/80838-ruta-la-implementacion-acuerdo-regional-acceso-la-informacion-la-participacion
[FULL_20_CEPAL] t=3862.8s | pag=1784 | files=1616 | data=173 | cola=10314 | prio=10 | https://www.cepal.org/en/publications/80757-making-peace-nature-regional-actions-mainstream-and-invest-biodiversity
[FULL_20_CEPAL] t=3864.1s | pag=1785 | files=1616 | data=173 | cola=10316 | prio=10 | https://www.cepal.org/es/publicaciones/80758-reducir-la-desigualdad-avanzar-desarrollo-social-inclusivo-america-latina-caribe
[FULL_20_CEPAL] t=3865.9s | pag=1786 | files=1616 | data=173 | cola=10319 | prio=10 | https://www.cepal.org/es/publicaciones/80740-america-latina-caribe-trampas-desarrollo-transformaciones-indispensables-como-0
[FULL_20_CEPAL] t=3866.4s | pag=1787 | files=1616 | data=173 | cola=10320 | prio=10 | https://www.cepal.org/es/publicaciones/80733-informe-actividades-la-comision-2023
[FULL_20_CEPAL] t=3868.1s | pag=1788 | files=1616 | data=173 | cola=10323 | prio=10 | https://www.cepal.org/es/publicaciones/81000-informe-la-reunion-personas-expertas-la-presentacion-cinco-pactos-energeticos
[FULL_20_CEPAL] t=3869.6s | pag=1789 | files=1616 | data=173 | cola=10325 | prio=10 | https://www.cepal.org/en/publications/80677-intergenerational-relations-creating-world-all-ages-so-one-left-behind
[FULL_20_CEPAL] t=3871.1s | pag=1790 | files=1616 | data=173 | cola=10327 | prio=10 | https://www.cepal.org/es/tipo-de-publicacion/libros-documentos-institucionales?page=10
[FULL_20_CEPAL] t=3873.1s | pag=1791 | files=1616 | data=173 | cola=10337 | prio=10 | https://www.cepal.org/es/publicaciones/80647-recomendaciones-metodologicas-la-medicion-la-calidad-cifras-provenientes
[FULL_20_CEPAL] t=3875.1s | pag=1792 | files=1616 | data=173 | cola=10340 | prio=10 | https://www.cepal.org/es/publicaciones/80635-guia-la-transversalizacion-la-perspectiva-genero-la-produccion-estadistica
[FULL_20_CEPAL] t=3875.7s | pag=1793 | files=1616 | data=173 | cola=10343 | prio=10 | https://www.cepal.org/es/publicaciones/80410-recomendaciones-la-medicion-percepciones-encuestas-hogares
[FULL_20_CEPAL] t=3876.9s | pag=1794 | files=1616 | data=173 | cola=10347 | prio=10 | https://www.cepal.org/es/publicaciones/80421-poblacion-desarrollo-derechos-america-latina-caribe-segundo-informe-regional-la
[FULL_20_CEPAL] t=3877.5s | pag=1795 | files=1616 | data=173 | cola=10350 | prio=10 | https://www.cepal.org/es/publicaciones/80455-informe-actividades-centro-latinoamericano-caribeno-demografia-celade-division
[FULL_20_CEPAL] t=3878.3s | pag=1796 | files=1616 | data=173 | cola=10353 | prio=10 | https://www.cepal.org/en/publications/69164-road-map-implementation-saint-lucia-regional-agreement-access-information-public
[FULL_20_CEPAL] t=3879.2s | pag=1797 | files=1616 | data=173 | cola=10355 | prio=10 | https://www.cepal.org/es/tipo-de-publicacion/libros-documentos-institucionales?page=11
[FULL_20_CEPAL] t=3881.4s | pag=1798 | files=1616 | data=173 | cola=10363 | prio=10 | https://www.cepal.org/es/publicaciones/69158-azuwkuwun-tani-kimtukunegeam-ta-fillke-zugu-tani-pepi-konam-ta-che-normatun
[FULL_20_CEPAL] t=3883.2s | pag=1799 | files=1616 | data=173 | cola=10365 | prio=10 | https://www.cepal.org/es/publicaciones/69159-he-haau-o-te-paena-tahi-o-te-rauhuru-henua-o-runa-i-te-ani-ani-i-te-haka-tere
[FULL_20_CEPAL] t=3885.3s | pag=1800 | files=1616 | data=173 | cola=10367 | prio=10 | https://www.cepal.org/es/publicaciones/69134-america-latina-caribe-desafio-acelerar-paso-cumplimiento-la-agenda-2030
[FULL_20_CEPAL] t=3886.2s | pag=1801 | files=1616 | data=173 | cola=10370 | prio=10 | https://www.cepal.org/es/publicaciones/69138-panorama-recursos-naturales-america-latina-caribe-2023
[FULL_20_CEPAL] t=3886.7s | pag=1802 | files=1616 | data=173 | cola=10374 | prio=10 | https://www.cepal.org/es/publicaciones/69132-america-latina-caribe-desafio-acelerar-paso-cumplimiento-la-agenda-2030
[FULL_20_CEPAL] t=3887.2s | pag=1803 | files=1616 | data=173 | cola=10384 | prio=10 | https://www.cepal.org/es/publicaciones/69031-la-economia-cambio-climatico-america-latina-caribe-2023-necesidades
[FULL_20_CEPAL] t=3888.0s | pag=1804 | files=1616 | data=173 | cola=10387 | prio=10 | https://www.cepal.org/es/publicaciones/69093-ciencia-tecnologia-innovacion-un-desarrollo-productivo-sostenible-inclusivo
[FULL_20_CEPAL] t=3888.6s | pag=1805 | files=1616 | data=173 | cola=10392 | prio=10 | https://www.cepal.org/es/publicaciones/69075-panorama-la-gestion-publica-america-latina-caribe-2023-un-estado-preparado-la
[FULL_20_CEPAL] t=3889.2s | pag=1806 | files=1616 | data=173 | cola=10394 | prio=10 | https://www.cepal.org/es/publicaciones/69036-la-agenda-2030-desarrollo-sostenible-la-agenda-regional-genero-america-latina
[FULL_20_CEPAL] t=3890.6s | pag=1807 | files=1616 | data=173 | cola=10397 | prio=10 | https://www.cepal.org/es/tipo-de-publicacion/libros-documentos-institucionales?page=12
[FULL_20_CEPAL] t=3892.5s | pag=1808 | files=1616 | data=173 | cola=10407 | prio=10 | https://www.cepal.org/es/publicaciones/2681-descripcion-caracteristicas-encuestas-hogares-trece-paises-america-latina-la
[FULL_20_CEPAL] t=3894.1s | pag=1809 | files=1616 | data=173 | cola=10409 | prio=10 | https://www.cepal.org/es/publicaciones/3241-comparacion-encuestas-demograficas-prospectivas-retrospectivas-estimar-niveles
[FULL_20_CEPAL] t=3895.3s | pag=1810 | files=1616 | data=173 | cola=10411 | prio=10 | https://www.cepal.org/es/publicaciones/3208-estructura-dinamica-desarrollo-america-latina-caribe-sus-repercusiones-la
[FULL_20_CEPAL] t=3897.1s | pag=1811 | files=1616 | data=173 | cola=10413 | prio=10 | https://www.cepal.org/es/publicaciones/2902-enfoque-monetario-tipo-cambio-monetary-approach-exchange-rate
[FULL_20_CEPAL] t=3898.7s | pag=1812 | files=1616 | data=173 | cola=10417 | prio=10 | https://www.cepal.org/en/publications/2791-demanda-bienes-importacion-demand-imported-goods
[FULL_20_CEPAL] t=3900.2s | pag=1813 | files=1616 | data=174 | cola=10420 | prio=10 | https://www.cepal.org/es/publicaciones/2958-problemas-teoricos-practicos-crecimiento-economico
[FULL_20_CEPAL] t=3901.7s | pag=1814 | files=1616 | data=174 | cola=10422 | prio=10 | https://www.cepal.org/es/tipo-de-publicacion/libros-documentos-institucionales?page=52
[FULL_20_CEPAL] t=3903.7s | pag=1815 | files=1616 | data=174 | cola=10431 | prio=10 | https://www.cepal.org/es/tipo-de-publicacion/libros-documentos-institucionales?page=45
[FULL_20_CEPAL] t=3905.5s | pag=1816 | files=1616 | data=174 | cola=10444 | prio=10 | https://www.cepal.org/es/tipo-de-publicacion/libros-documentos-institucionales?page=46
[FULL_20_CEPAL] t=3907.6s | pag=1817 | files=1616 | data=174 | cola=10453 | prio=10 | https://www.cepal.org/es/tipo-de-publicacion/libros-documentos-institucionales?page=47
[FULL_20_CEPAL] t=3909.2s | pag=1818 | files=1616 | data=174 | cola=10462 | prio=10 | https://www.cepal.org/es/tipo-de-publicacion/libros-documentos-institucionales?page=48
[FULL_20_CEPAL] t=3911.1s | pag=1819 | files=1616 | data=174 | cola=10470 | prio=10 | https://www.cepal.org/es/tipo-de-publicacion/libros-documentos-institucionales?page=49
[FULL_20_CEPAL] t=3913.1s | pag=1820 | files=1616 | data=174 | cola=10479 | prio=10 | https://www.cepal.org/es/tipo-de-publicacion/libros-documentos-institucionales?page=50
[FULL_20_CEPAL] t=3915.1s | pag=1821 | files=1616 | data=174 | cola=10488 | prio=10 | https://www.cepal.org/es/tipo-de-publicacion/libros-documentos-institucionales?page=51
[FULL_20_CEPAL] t=3917.2s | pag=1822 | files=1616 | data=174 | cola=10495 | prio=10 | https://www.cepal.org/en/publication-types-dspace-linked/eclac-books
[FULL_20_CEPAL] t=3917.9s | pag=1823 | files=1616 | data=174 | cola=10503 | prio=10 | https://www.cepal.org/en/publication-types-dspace-linked/gender-equality-observatory-latin-america-and-caribbean-studies
[FULL_20_CEPAL] t=3919.8s | pag=1824 | files=1616 | data=174 | cola=10503 | prio=10 | https://www.cepal.org/en/publication-types-dspace-linked/time-equality-collection
[FULL_20_CEPAL] t=3921.6s | pag=1825 | files=1616 | data=174 | cola=10503 | prio=10 | https://www.cepal.org/en/publication-types-dspace-linked/fiscal-panorama-latin-america-and-caribbean
[FULL_20_CEPAL] t=3923.4s | pag=1826 | files=1616 | data=174 | cola=10504 | prio=10 | https://www.cepal.org/en/publication-types-dspace-linked/select-pages-eclac
[FULL_20_CEPAL] t=3924.9s | pag=1827 | files=1616 | data=174 | cola=10504 | prio=10 | https://www.cepal.org/en/publications/type/eclac-anniversaries
[FULL_20_CEPAL] t=3925.6s | pag=1828 | files=1616 | data=174 | cola=10504 | prio=10 | https://www.cepal.org/en/publication-types-dspace-linked/eclac-methodologies
[FULL_20_CEPAL] t=3928.1s | pag=1829 | files=1616 | data=174 | cola=10505 | prio=10 | https://www.cepal.org/en/publication-types-dspace-linked/eclac-manuals
[FULL_20_CEPAL] t=3929.4s | pag=1830 | files=1616 | data=174 | cola=10505 | prio=10 | https://www.cepal.org/en/publication-types-dspace-linked/books-and-monographs?page=1
[FULL_20_CEPAL] t=3930.4s | pag=1831 | files=1616 | data=174 | cola=10508 | prio=10 | https://www.cepal.org/en/publication-types-dspace-linked/institutional-documents-and-books?page=1
[FULL_20_CEPAL] t=3932.4s | pag=1832 | files=1616 | data=174 | cola=10508 | prio=10 | https://www.cepal.org/en/publication-types-dspace-linked/institutional-documents-and-books?page=2
[FULL_20_CEPAL] t=3934.4s | pag=1833 | files=1616 | data=174 | cola=10507 | prio=10 | https://www.cepal.org/en/publication-types-dspace-linked/institutional-documents-and-books?page=3
[FULL_20_CEPAL] t=3935.1s | pag=1834 | files=1616 | data=174 | cola=10506 | prio=10 | https://www.cepal.org/en/publication-types-dspace-linked/institutional-documents-and-books?page=4
[FULL_20_CEPAL] t=3936.9s | pag=1835 | files=1616 | data=174 | cola=10507 | prio=10 | https://www.cepal.org/en/publication-types-dspace-linked/institutional-documents-and-books?page=5
[FULL_20_CEPAL] t=3939.0s | pag=1836 | files=1616 | data=174 | cola=10507 | prio=10 | https://www.cepal.org/en/publication-types-dspace-linked/institutional-documents-and-books?page=6
[FULL_20_CEPAL] t=3939.6s | pag=1837 | files=1616 | data=174 | cola=10507 | prio=10 | https://www.cepal.org/en/publication-types-dspace-linked/institutional-documents-and-books?page=7
[FULL_20_CEPAL] t=3941.1s | pag=1838 | files=1616 | data=174 | cola=10507 | prio=10 | https://www.cepal.org/en/publication-types-dspace-linked/institutional-documents-and-books?page=8
[FULL_20_CEPAL] t=3941.8s | pag=1839 | files=1616 | data=174 | cola=10507 | prio=10 | https://www.cepal.org/en/publication-types-dspace-linked/institutional-documents-and-books?page=53
[FULL_20_CEPAL] t=3943.3s | pag=1840 | files=1616 | data=174 | cola=10514 | prio=10 | https://www.cepal.org/es/publicaciones/10122-efectos-la-asociacion-libre-comercio-caribe-carifta-impact-caribbean-free-trade
[FULL_20_CEPAL] t=3944.4s | pag=1841 | files=1616 | data=174 | cola=10518 | prio=10 | https://www.cepal.org/es/publicaciones/9985-fomento-exportaciones-japon-la-aplicacion-esa-experiencia-america-latina-export
[FULL_20_CEPAL] t=3946.0s | pag=1842 | files=1616 | data=174 | cola=10521 | prio=10 | https://www.cepal.org/es/publicaciones/10055-america-latina-segundo-periodo-sesiones-la-unctad-latin-america-and-second
[FULL_20_CEPAL] t=3947.7s | pag=1843 | files=1616 | data=174 | cola=10525 | prio=10 | https://www.cepal.org/es/publicaciones/10057-carta-argel-charter-algiers
[FULL_20_CEPAL] t=3949.2s | pag=1844 | files=1616 | data=174 | cola=10529 | prio=10 | https://www.cepal.org/es/publicaciones/10036-la-pequena-industria-desarrollo-latinoamericano-small-scale-industry-development
[FULL_20_CEPAL] t=3950.7s | pag=1845 | files=1616 | data=174 | cola=10533 | prio=10 | https://www.cepal.org/en/publications/10098-economic-planning-brazil-level-states
[FULL_20_CEPAL] t=3952.2s | pag=1846 | files=1616 | data=174 | cola=10535 | prio=10 | https://www.cepal.org/es/publicaciones/10026-la-formacion-recursos-humanos-desarrollo-economico-social-america-latina
[FULL_20_CEPAL] t=3953.7s | pag=1847 | files=1616 | data=174 | cola=10538 | prio=10 | https://www.cepal.org/es/publicaciones/10030-metodologia-presupuesto-economico-nacional
[FULL_20_CEPAL] t=3955.1s | pag=1848 | files=1616 | data=174 | cola=10540 | prio=10 | https://www.cepal.org/es/publicaciones/10039-evolucion-reciente-la-economia-latinoamericana-recent-evolution-latin-american
[FULL_20_CEPAL] t=3956.6s | pag=1849 | files=1616 | data=174 | cola=10543 | prio=10 | https://www.cepal.org/es/publicaciones/10042-desarrollo-social-planificacion-social-estudio-problemas-conceptuales-social
[FULL_20_CEPAL] t=3957.9s | pag=1850 | files=1616 | data=174 | cola=10547 | prio=10 | https://www.cepal.org/es/tipo-de-publicacion/boletin-economico-america-latina?page=1
[FULL_20_CEPAL] t=3959.8s | pag=1851 | files=1616 | data=174 | cola=10557 | prio=10 | https://www.cepal.org/es/tipo-de-publicacion/boletin-economico-america-latina?page=2
[FULL_20_CEPAL] t=3961.6s | pag=1852 | files=1616 | data=174 | cola=10565 | prio=10 | https://www.cepal.org/es/tipo-de-publicacion/boletin-economico-america-latina?page=3
[FULL_20_CEPAL] t=3963.4s | pag=1853 | files=1616 | data=174 | cola=10568 | prio=10 | https://www.cepal.org/es/publicaciones/90152-notas-planificacion-desarrollo-ndeg-23-realinear-incentivos-la-generacion-valor
[FULL_20_CEPAL] t=3965.4s | pag=1854 | files=1616 | data=174 | cola=10570 | prio=10 | https://www.cepal.org/es/publicaciones/85939-notas-planificacion-desarrollo-21-estado-actual-desafios-sistemas-nacionales
[FULL_20_CEPAL] t=3967.0s | pag=1855 | files=1616 | data=174 | cola=10572 | prio=10 | https://www.cepal.org/es/publicaciones/84476-notas-planificacion-desarrollo-20-ods-la-planificacion-territorial-perspectivas
[FULL_20_CEPAL] t=3968.6s | pag=1856 | files=1616 | data=174 | cola=10574 | prio=10 | https://www.cepal.org/es/publicaciones/83233-notas-planificacion-desarrollo-19-planificacion-desarrollo-diagnostico-regional
[FULL_20_CEPAL] t=3970.4s | pag=1857 | files=1616 | data=174 | cola=10576 | prio=10 | https://www.cepal.org/en/publications/83231-planning-notes-development-18-transparency-and-accountability-public-financial
[FULL_20_CEPAL] t=3971.9s | pag=1858 | files=1616 | data=174 | cola=10580 | prio=10 | https://www.cepal.org/es/publicaciones/83230-notas-planificacion-desarrollo-18-transparencia-rendicion-cuentas-la-gestion
[FULL_20_CEPAL] t=3973.2s | pag=1859 | files=1616 | data=174 | cola=10583 | prio=10 | https://www.cepal.org/es/publicaciones/81890-notas-planificacion-desarrollo-17-la-gestion-la-inversion-publica-escenario
[FULL_20_CEPAL] t=3974.9s | pag=1860 | files=1616 | data=174 | cola=10586 | prio=10 | https://www.cepal.org/es/publicaciones/69028-notas-planificacion-desarrollo-16-prospectiva-desarrollo-aportes-gobernanza
[FULL_20_CEPAL] t=3975.8s | pag=1861 | files=1616 | data=174 | cola=10589 | prio=10 | https://www.cepal.org/es/tipo-de-publicacion/notas-planificacion-desarrollo?page=1
[FULL_20_CEPAL] t=3977.9s | pag=1862 | files=1616 | data=174 | cola=10599 | prio=10 | https://www.cepal.org/es/tipo-de-publicacion/notas-planificacion-desarrollo?page=2
[FULL_20_CEPAL] t=3979.3s | pag=1863 | files=1616 | data=174 | cola=10599 | prio=10 | https://www.cepal.org/es/publicaciones/90113-boletin-red-comisiones-futuro-parlamentarias-5
[FULL_20_CEPAL] t=3980.5s | pag=1864 | files=1616 | data=174 | cola=10601 | prio=10 | https://www.cepal.org/es/publicaciones/84491-boletin-red-comisiones-futuro-parlamentarias-4
[FULL_20_CEPAL] t=3981.8s | pag=1865 | files=1616 | data=174 | cola=10603 | prio=10 | https://www.cepal.org/es/publicaciones/83188-boletin-red-comisiones-futuro-parlamentarias-3
[FULL_20_CEPAL] t=3983.1s | pag=1866 | files=1616 | data=174 | cola=10605 | prio=10 | https://www.cepal.org/es/publicaciones/83187-boletin-red-comisiones-futuro-parlamentarias-2
[FULL_20_CEPAL] t=3984.5s | pag=1867 | files=1616 | data=174 | cola=10607 | prio=10 | https://www.cepal.org/es/publicaciones/83186-boletin-red-comisiones-futuro-parlamentarias-1
[FULL_20_CEPAL] t=3986.0s | pag=1868 | files=1616 | data=174 | cola=10610 | prio=10 | https://www.cepal.org/es/publicaciones/9945-informe-actividades-ilpes-bienio-2004-2005
[FULL_20_CEPAL] t=3986.7s | pag=1869 | files=1616 | data=174 | cola=10612 | prio=10 | https://www.cepal.org/es/publicaciones/9943-informe-anual-actividades-capacitacion-ilpes
[FULL_20_CEPAL] t=3988.1s | pag=1870 | files=1616 | data=174 | cola=10614 | prio=10 | https://www.cepal.org/es/publicaciones/9941-economia-politica-disparidades-economicas-territoriales-america-latina
[FULL_20_CEPAL] t=3989.4s | pag=1871 | files=1616 | data=174 | cola=10616 | prio=10 | https://www.cepal.org/es/publicaciones/9939-indicadores-evaluacion-desempeno-herramienta-la-gestion-resultados-america-latina
[FULL_20_CEPAL] t=3990.3s | pag=1872 | files=1616 | data=174 | cola=10619 | prio=10 | https://www.cepal.org/es/publicaciones/9937-globalizacion-equidad-si-es-posible-un-mundo-mejor
[FULL_20_CEPAL] t=3991.8s | pag=1873 | files=1616 | data=174 | cola=10622 | prio=10 | https://www.cepal.org/es/publicaciones/9938-informe-actividades-ilpes-enero-diciembre-2002
[FULL_20_CEPAL] t=3993.4s | pag=1874 | files=1616 | data=174 | cola=10624 | prio=10 | https://www.cepal.org/es/publicaciones/9936-introduccion-la-gestion-conocimiento-aplicada-al-sector-publico
[FULL_20_CEPAL] t=3995.0s | pag=1875 | files=1616 | data=174 | cola=10626 | prio=10 | https://www.cepal.org/es/publicaciones/9935-descentralizacion-participacion-america-latina-mirada-la-economia
[FULL_20_CEPAL] t=3996.6s | pag=1876 | files=1616 | data=174 | cola=10628 | prio=10 | https://www.cepal.org/es/publicaciones/9934-evolucion-reforma-estado-mexico-inicios-nuevo-milenio
[FULL_20_CEPAL] t=3998.1s | pag=1877 | files=1616 | data=174 | cola=10630 | prio=10 | https://www.cepal.org/es/publicaciones/9933-estado-america-latina-inicios-nuevo-milenio-caso-ecuador
[FULL_20_CEPAL] t=4000.0s | pag=1878 | files=1616 | data=174 | cola=10632 | prio=10 | https://www.cepal.org/es/tipo-de-publicacion/boletin-instituto-ilpes?page=1
[FULL_20_CEPAL] t=4002.2s | pag=1879 | files=1616 | data=174 | cola=10642 | prio=10 | https://www.cepal.org/es/tipo-de-publicacion/boletin-instituto-ilpes?page=2
[FULL_20_CEPAL] t=4003.9s | pag=1880 | files=1616 | data=174 | cola=10651 | prio=10 | https://www.cepal.org/es/tipo-de-publicacion/boletin-instituto-ilpes?page=3
[FULL_20_CEPAL] t=4005.5s | pag=1881 | files=1616 | data=174 | cola=10652 | prio=10 | https://www.cepal.org/es/publicaciones/9854-planificacion-regional-brasil-papel-la-secretaria-planificacion
[FULL_20_CEPAL] t=4007.0s | pag=1882 | files=1616 | data=174 | cola=10654 | prio=10 | https://www.cepal.org/es/publicaciones/9859-planificacion-estadual-brasil-la-experiencia-minas-gerais
[FULL_20_CEPAL] t=4008.4s | pag=1883 | files=1616 | data=174 | cola=10656 | prio=10 | https://www.cepal.org/es/publicaciones/9855-ministerio-interior-la-planificacion-regional-brasil
[FULL_20_CEPAL] t=4010.1s | pag=1884 | files=1616 | data=174 | cola=10658 | prio=10 | https://www.cepal.org/es/publicaciones/9857-planificacion-estadual-brasil-la-experiencia
[FULL_20_CEPAL] t=4011.4s | pag=1885 | files=1616 | data=174 | cola=10660 | prio=10 | https://www.cepal.org/es/publicaciones/9856-desarrollo-planificacion-regional-brasil
[FULL_20_CEPAL] t=4013.1s | pag=1886 | files=1616 | data=174 | cola=10662 | prio=10 | https://www.cepal.org/en/publications/9884-alternatives-social-policies-latin-america-and-caribbean-eighties
[FULL_20_CEPAL] t=4014.7s | pag=1887 | files=1616 | data=174 | cola=10664 | prio=10 | https://www.cepal.org/es/publicaciones/9848-consideraciones-economicas-la-politica-social-dimension-social-la-politica
[FULL_20_CEPAL] t=4016.2s | pag=1888 | files=1616 | data=174 | cola=10666 | prio=10 | https://www.cepal.org/en/publications/9889-jamaica-economic-policy-and-economic-performance-1972-1980-period-interpretation
[FULL_20_CEPAL] t=4018.0s | pag=1889 | files=1616 | data=174 | cola=10668 | prio=10 | https://www.cepal.org/en/publications/9883-political-feasibility-social-development
[FULL_20_CEPAL] t=4019.9s | pag=1890 | files=1616 | data=174 | cola=10671 | prio=10 | https://www.cepal.org/es/publicaciones/9852-gasto-publico-social-pobreza-america-latina
[FULL_20_CEPAL] t=4021.8s | pag=1891 | files=1616 | data=174 | cola=10673 | prio=10 | https://www.cepal.org/es/tipo-de-publicacion/boletin-planificacion-ilpes?page=1
[FULL_20_CEPAL] t=4024.1s | pag=1892 | files=1616 | data=174 | cola=10682 | prio=10 | https://www.cepal.org/es/tipo-de-publicacion/boletin-planificacion-ilpes?page=2
[FULL_20_CEPAL] t=4026.1s | pag=1893 | files=1616 | data=174 | cola=10688 | prio=10 | https://www.cepal.org/es/tipo-de-publicacion/boletin-planificacion-ilpes?page=3
[FULL_20_CEPAL] t=4027.8s | pag=1894 | files=1616 | data=174 | cola=10695 | prio=10 | https://www.cepal.org/es/tipo-de-publicacion/boletin-planificacion-ilpes?page=4
[FULL_20_CEPAL] t=4029.6s | pag=1895 | files=1616 | data=174 | cola=10703 | prio=10 | https://www.cepal.org/es/tipo-de-publicacion/boletin-planificacion-ilpes?page=5
[FULL_20_CEPAL] t=4031.7s | pag=1896 | files=1616 | data=174 | cola=10710 | prio=10 | https://www.cepal.org/es/publicaciones/37307-america-latina-caribe-desafios-oportunidades-sociedad-que-envejece
[FULL_20_CEPAL] t=4033.0s | pag=1897 | files=1616 | data=174 | cola=10712 | prio=10 | https://www.cepal.org/es/publicaciones/9398-estrategias-familiares-vida-epoca-crisis-caso-mexico
[FULL_20_CEPAL] t=4034.3s | pag=1898 | files=1616 | data=174 | cola=10714 | prio=10 | https://www.cepal.org/es/publicaciones/84502-escenarios-empoderamiento-economico-mujeres-la-argentina-pisos-pegajosos
[FULL_20_CEPAL] t=4035.7s | pag=1899 | files=1616 | data=174 | cola=10716 | prio=10 | https://www.cepal.org/es/publicaciones/80802-vulnerabilidad-financiera-genero-cuidado-hogares-monomarentales
[FULL_20_CEPAL] t=4037.2s | pag=1900 | files=1616 | data=174 | cola=10718 | prio=10 | https://www.cepal.org/es/tipo-de-publicacion/boletin-igualdad-genero
[FULL_20_CEPAL] t=4037.8s | pag=1901 | files=1616 | data=174 | cola=10724 | prio=10 | https://www.cepal.org/es/tipo-de-publicacion/violencia-feminicida-cifras-america-latina-caribe
[FULL_20_CEPAL] t=4038.3s | pag=1902 | files=1616 | data=174 | cola=10729 | prio=10 | https://www.cepal.org/es/tipo-de-publicacion/boletin-cepalfaoiica
[FULL_20_CEPAL] t=4040.0s | pag=1903 | files=1616 | data=174 | cola=10733 | prio=10 | https://www.cepal.org/es/tipo-de-publicacion/informe-cepaloit
[FULL_20_CEPAL] t=4040.9s | pag=1904 | files=1616 | data=174 | cola=10747 | prio=10 | https://www.cepal.org/es/tipo-de-publicacion/boletin-desafios
[FULL_20_CEPAL] t=4041.9s | pag=1905 | files=1616 | data=174 | cola=10760 | prio=10 | https://www.cepal.org/es/tipo-de-publicacion/boletin-envejecimiento-desarrollo
[FULL_20_CEPAL] t=4043.4s | pag=1906 | files=1616 | data=174 | cola=10773 | prio=10 | https://www.cepal.org/es/tipo-de-publicacion/recursos-naturales-america-latina-caribe
[FULL_20_CEPAL] t=4043.9s | pag=1907 | files=1616 | data=174 | cola=10782 | prio=10 | https://www.cepal.org/es/tipo-de-publicacion/boletines?page=0
[FULL_20_CEPAL] t=4045.3s | pag=1908 | files=1616 | data=174 | cola=10781 | prio=10 | https://www.cepal.org/es/tipo-de-publicacion/boletin-faocepal-analisis-respuestas-america-latina-caribe-efectos-covid-19
[FULL_20_CEPAL] t=4046.8s | pag=1909 | files=1616 | data=174 | cola=10793 | prio=10 | https://www.cepal.org/es/tipo-de-publicacion/boletin-municipalizacion-objetivos-desarrollo-milenio
[FULL_20_CEPAL] t=4048.1s | pag=1910 | files=1616 | data=174 | cola=10794 | prio=10 | https://www.cepal.org/es/tipo-de-publicacion/carta-circular-recursos-hidricos
[FULL_20_CEPAL] t=4048.6s | pag=1911 | files=1616 | data=174 | cola=10810 | prio=10 | https://www.cepal.org/es/tipo-de-publicacion/boletin-elac
[FULL_20_CEPAL] t=4050.4s | pag=1912 | files=1616 | data=174 | cola=10822 | prio=10 | https://www.cepal.org/es/tipo-de-publicacion/redatam-informa
[FULL_20_CEPAL] DATASETS=175 | data_html_table | https://www.cepal.org/es/tipo-de-publicacion/redatam-informa
[FULL_20_CEPAL] t=4052.3s | pag=1913 | files=1616 | data=175 | cola=10835 | prio=10 | https://www.cepal.org/es/tipo-de-publicacion/resenas-poblacion-desarrollo
[FULL_20_CEPAL] t=4054.2s | pag=1914 | files=1616 | data=175 | cola=10847 | prio=10 | https://www.cepal.org/es/tipo-de-publicacion/temas-poblacion-desarrollo
[FULL_20_CEPAL] t=4055.7s | pag=1915 | files=1616 | data=175 | cola=10853 | prio=10 | https://www.cepal.org/es/tipo-de-publicacion/notas-la-cepal
[FULL_20_CEPAL] t=4056.3s | pag=1916 | files=1616 | data=175 | cola=10873 | prio=10 | https://www.cepal.org/es/tipo-de-publicacion/boletin-programa-cooperacion-cepal-bmzgiz
[FULL_20_CEPAL] t=4058.2s | pag=1917 | files=1616 | data=175 | cola=10874 | prio=10 | https://www.cepal.org/en/publications/81412-road-2025-second-world-summit-social-development-towards-pact-inclusive-social
[FULL_20_CEPAL] t=4058.6s | pag=1918 | files=1616 | data=175 | cola=10875 | prio=10 | https://www.cepal.org/en/publications/80945-trap-high-inequality-and-low-social-mobility-latin-america-and-caribbean-obstacle
[FULL_20_CEPAL] t=4059.3s | pag=1919 | files=1616 | data=175 | cola=10876 | prio=10 | https://www.cepal.org/en/publications/80764-urgency-investing-health-systems-latin-america-and-caribbean-reduce-inequality
[FULL_20_CEPAL] t=4061.1s | pag=1920 | files=1616 | data=175 | cola=10877 | prio=10 | https://www.cepal.org/en/publications/68815-preventing-and-reducing-school-dropout-latin-america-and-caribbean
[FULL_20_CEPAL] t=4063.0s | pag=1921 | files=1616 | data=175 | cola=10878 | prio=10 | https://www.cepal.org/en/publications/48965-lithium-extraction-and-industrialization-opportunities-and-challenges-latin
[FULL_20_CEPAL] t=4064.4s | pag=1922 | files=1616 | data=175 | cola=10879 | prio=10 | https://www.cepal.org/en/publications/48532-towards-sustainable-food-and-nutrition-security-latin-america-and-caribbean
[FULL_20_CEPAL] t=4064.9s | pag=1923 | files=1616 | data=175 | cola=10880 | prio=10 | https://www.cepal.org/en/publications/47913-repercussions-latin-america-and-caribbean-war-ukraine-how-should-region-face-new
[FULL_20_CEPAL] t=4065.7s | pag=1924 | files=1616 | data=175 | cola=10881 | prio=10 | https://www.cepal.org/en/publications/47832-economic-and-financial-effects-latin-america-and-caribbean-conflict-between
[FULL_20_CEPAL] t=4066.6s | pag=1925 | files=1616 | data=175 | cola=10882 | prio=10 | https://www.cepal.org/es/publicaciones/47720-como-financiar-desarrollo-sostenible-recuperacion-efectos-covid-19-america
[FULL_20_CEPAL] t=4068.3s | pag=1926 | files=1616 | data=175 | cola=10885 | prio=10 | https://www.cepal.org/es/publicaciones/47489-agenda-innovadora-financiamiento-desarrollo-la-recuperacion-america-latina
[FULL_20_CEPAL] t=4069.5s | pag=1927 | files=1616 | data=175 | cola=10888 | prio=10 | https://www.cepal.org/es/publicaciones/47301-la-prolongacion-la-crisis-sanitaria-su-impacto-la-salud-la-economia-desarrollo
[FULL_20_CEPAL] t=4070.4s | pag=1928 | files=1616 | data=175 | cola=10891 | prio=10 | https://www.cepal.org/es/publicaciones/47043-la-paradoja-la-recuperacion-america-latina-caribe-crecimiento-persistentes
[FULL_20_CEPAL] t=4071.1s | pag=1929 | files=1616 | data=175 | cola=10894 | prio=10 | https://www.cepal.org/es/publicaciones/46731-la-pandemia-enfermedad-coronavirus-covid-19-oportunidad-aplicar-un-enfoque
[FULL_20_CEPAL] t=4072.0s | pag=1930 | files=1616 | data=175 | cola=10897 | prio=10 | https://www.cepal.org/es/publicaciones/46710-financiamiento-desarrollo-la-era-la-pandemia-covid-19-despues
[FULL_20_CEPAL] t=4072.8s | pag=1931 | files=1616 | data=175 | cola=10900 | prio=10 | https://www.cepal.org/es/publicaciones/46633-la-autonomia-economica-mujeres-la-recuperacion-sostenible-igualdad
[FULL_20_CEPAL] t=4073.5s | pag=1932 | files=1616 | data=175 | cola=10904 | prio=10 | https://www.cepal.org/es/publicaciones/46102-pactos-politicos-sociales-la-igualdad-desarrollo-sostenible-america-latina
[FULL_20_CEPAL] t=4075.0s | pag=1933 | files=1616 | data=175 | cola=10907 | prio=10 | https://www.cepal.org/es/publicaciones/45938-universalizar-acceso-tecnologias-digitales-enfrentar-efectos-covid-19
[FULL_20_CEPAL] t=4075.6s | pag=1934 | files=1616 | data=175 | cola=10911 | prio=10 | https://www.cepal.org/es/publicaciones/45904-la-educacion-tiempos-la-pandemia-covid-19
[FULL_20_CEPAL] t=4076.1s | pag=1935 | files=1616 | data=175 | cola=10915 | prio=10 | https://www.cepal.org/es/tipo-de-publicacion/informe-especial-la-cepal?page=0
[FULL_20_CEPAL] t=4077.7s | pag=1936 | files=1616 | data=175 | cola=10914 | prio=10 | https://www.cepal.org/en/publications/type/discussion-papers-eclacipea
[FULL_20_CEPAL] t=4079.5s | pag=1937 | files=1616 | data=175 | cola=10914 | prio=10 | https://www.cepal.org/en/publication-types-dspace-linked/progress-implementation-sustainable-development-goals-sdgs-latin
[FULL_20_CEPAL] t=4080.4s | pag=1938 | files=1616 | data=175 | cola=10915 | prio=10 | https://www.cepal.org/en/publication-types-dspace-linked/covid-19-reports
[FULL_20_CEPAL] t=4082.1s | pag=1939 | files=1616 | data=175 | cola=10916 | prio=10 | https://www.cepal.org/en/publication-types-dspace-linked/demographic-observatory-latin-america-and-caribbean-observatorio
[FULL_20_CEPAL] t=4083.1s | pag=1940 | files=1616 | data=175 | cola=10918 | prio=10 | https://www.cepal.org/en/publication-types-dspace-linked/hummingbird
[FULL_20_CEPAL] t=4083.6s | pag=1941 | files=1616 | data=175 | cola=10927 | prio=10 | https://www.cepal.org/en/publications/type/newsletter-network-parliamentary-committees-future-latin-america-and-caribbean
[FULL_20_CEPAL] t=4084.1s | pag=1942 | files=1616 | data=175 | cola=10927 | prio=10 | https://www.cepal.org/en/publication-types-dspace-linked/bulletin-institute-ilpes
[FULL_20_CEPAL] t=4086.1s | pag=1943 | files=1616 | data=175 | cola=10930 | prio=10 | https://www.cepal.org/en/publication-types-dspace-linked/data-bank-bulletin
[FULL_20_CEPAL] t=4087.1s | pag=1944 | files=1616 | data=175 | cola=10930 | prio=10 | https://www.cepal.org/en/publications/type/planning-bulletin-ilpes
[FULL_20_CEPAL] t=4089.0s | pag=1945 | files=1616 | data=175 | cola=10935 | prio=10 | https://www.cepal.org/en/publications/type/historical-bulletins
[FULL_20_CEPAL] t=4090.0s | pag=1946 | files=1616 | data=175 | cola=10935 | prio=10 | https://www.cepal.org/en/publication-types-dspace-linked/statistical-bulletin-latin-america
[FULL_20_CEPAL] t=4091.9s | pag=1947 | files=1616 | data=175 | cola=10935 | prio=10 | https://www.cepal.org/en/publication-types-dspace-linked/latin-american-economic-bulletin
[FULL_20_CEPAL] t=4092.9s | pag=1948 | files=1616 | data=175 | cola=10938 | prio=10 | https://www.cepal.org/en/publications/type/development-planning-notes
[FULL_20_CEPAL] t=4093.9s | pag=1949 | files=1616 | data=175 | cola=10940 | prio=10 | https://www.cepal.org/en/publication-types-dspace-linked/gender-issues-argentina
[FULL_20_CEPAL] t=4095.6s | pag=1950 | files=1616 | data=175 | cola=10940 | prio=10 | https://www.cepal.org/en/publication-types-dspace-linked/newsletters?page=1
[FULL_20_CEPAL] t=4097.4s | pag=1951 | files=1616 | data=175 | cola=10948 | prio=10 | https://www.cepal.org/en/publication-types-dspace-linked/newsletters?page=2
[FULL_20_CEPAL] t=4099.3s | pag=1952 | files=1616 | data=175 | cola=10957 | prio=10 | https://www.cepal.org/en/publication-types-dspace-linked/newsletters?page=3
[FULL_20_CEPAL] t=4100.1s | pag=1953 | files=1616 | data=175 | cola=10957 | prio=10 | https://www.cepal.org/en/publication-types-dspace-linked/eclac-special-report?page=1
[FULL_20_CEPAL] t=4101.9s | pag=1954 | files=1616 | data=175 | cola=10957 | prio=10 | https://www.cepal.org/en/publications/81592-caribbean-and-artificial-intelligence-past-present-and-future
[FULL_20_CEPAL] t=4103.6s | pag=1955 | files=1616 | data=175 | cola=10959 | prio=10 | https://www.cepal.org/en/publications/81591-sids-4-now-or-never-small-island-survival
[FULL_20_CEPAL] t=4105.5s | pag=1956 | files=1616 | data=175 | cola=10962 | prio=10 | https://www.cepal.org/en/publications/81589-resilient-growth-development-and-structural-change-caribbean
[FULL_20_CEPAL] t=4106.2s | pag=1957 | files=1616 | data=175 | cola=10964 | prio=10 | https://www.cepal.org/en/publications/80649-educating-future-workforce
[FULL_20_CEPAL] t=4108.2s | pag=1958 | files=1616 | data=175 | cola=10966 | prio=10 | https://www.cepal.org/en/publications/69078-artificial-intelligence-caribbean-sustainable-development
[FULL_20_CEPAL] t=4108.8s | pag=1959 | files=1616 | data=175 | cola=10968 | prio=10 | https://www.cepal.org/en/publications/81179-toward-ai-policies-caribbean
[FULL_20_CEPAL] t=4109.6s | pag=1960 | files=1616 | data=175 | cola=10970 | prio=10 | https://www.cepal.org/en/publications/81178-directors-desk-artificial-intelligence-caribbean-sustainable-development
[FULL_20_CEPAL] t=4111.4s | pag=1961 | files=1616 | data=175 | cola=10972 | prio=10 | https://www.cepal.org/en/publications/81181-its-messy-we-have-it-now-craig-ramlal-un-advisor-ai-regulation
[FULL_20_CEPAL] t=4113.0s | pag=1962 | files=1616 | data=175 | cola=10974 | prio=10 | https://www.cepal.org/en/publications/81180-ai-governance-caribbean
[FULL_20_CEPAL] t=4114.7s | pag=1963 | files=1616 | data=175 | cola=10976 | prio=10 | https://www.cepal.org/en/publications/69068-addressing-water-security-caribbean
[FULL_20_CEPAL] t=4116.1s | pag=1964 | files=1616 | data=175 | cola=10978 | prio=10 | https://www.cepal.org/es/tipo-de-publicacion/revista-focus?page=1
[FULL_20_CEPAL] t=4118.0s | pag=1965 | files=1616 | data=175 | cola=10988 | prio=10 | https://www.cepal.org/es/tipo-de-publicacion/revista-focus?page=2
[FULL_20_CEPAL] t=4119.7s | pag=1966 | files=1616 | data=175 | cola=10995 | prio=10 | https://www.cepal.org/es/tipo-de-publicacion/revista-focus?page=3
[FULL_20_CEPAL] t=4120.2s | pag=1967 | files=1616 | data=175 | cola=11004 | prio=10 | https://www.cepal.org/es/tipo-de-publicacion/revista-focus?page=4
[FULL_20_CEPAL] t=4122.1s | pag=1968 | files=1616 | data=175 | cola=11013 | prio=10 | https://www.cepal.org/es/tipo-de-publicacion/revista-focus?page=5
[FULL_20_CEPAL] t=4124.0s | pag=1969 | files=1616 | data=175 | cola=11023 | prio=10 | https://www.cepal.org/es/tipo-de-publicacion/revista-focus?page=6
[FULL_20_CEPAL] t=4126.0s | pag=1970 | files=1616 | data=175 | cola=11033 | prio=10 | https://www.cepal.org/es/tipo-de-publicacion/revista-focus?page=7
[FULL_20_CEPAL] t=4127.5s | pag=1971 | files=1616 | data=175 | cola=11042 | prio=10 | https://www.cepal.org/es/tipo-de-publicacion/revista-focus?page=8
[FULL_20_CEPAL] t=4129.3s | pag=1972 | files=1616 | data=175 | cola=11051 | prio=10 | https://www.cepal.org/es/tipo-de-publicacion/revista-focus?page=11
[FULL_20_CEPAL] t=4130.8s | pag=1973 | files=1616 | data=175 | cola=11056 | prio=10 | https://www.cepal.org/en/publications/83013-individual-earnings-differentials-education-level-brazil-greater-inequality
[FULL_20_CEPAL] t=4131.5s | pag=1974 | files=1616 | data=175 | cola=11058 | prio=10 | https://www.cepal.org/es/publicaciones/82508-impactos-la-estructura-etaria-emisiones-co2-brasil-2002-2016
[FULL_20_CEPAL] t=4132.9s | pag=1975 | files=1616 | data=175 | cola=11060 | prio=10 | https://www.cepal.org/es/publicaciones/89961-relacion-la-orientacion-sexual-la-salud-mental-personas-jovenes-chile
[FULL_20_CEPAL] t=4134.6s | pag=1976 | files=1616 | data=175 | cola=11062 | prio=10 | https://www.cepal.org/es/publicaciones/89949-demografia-desarrollo-humano-desigualdades-materia-inseguridad-alimentaria-11
[FULL_20_CEPAL] t=4135.8s | pag=1977 | files=1616 | data=175 | cola=11064 | prio=10 | https://www.cepal.org/es/publicaciones/89948-vulnerabilidad-la-pobreza-movilidad-residencial-desigualdades-socioeconomicas
[FULL_20_CEPAL] t=4137.4s | pag=1978 | files=1616 | data=175 | cola=11066 | prio=10 | https://www.cepal.org/es/publicaciones/89952-distribucion-regional-estructura-espacial-la-migracion-personas-mayores-brasil
[FULL_20_CEPAL] t=4138.7s | pag=1979 | files=1616 | data=175 | cola=11068 | prio=10 | https://www.cepal.org/es/publicaciones/84343-desigualdad-economica-pobreza-personas-mayores-estado-plurinacional-bolivia
[FULL_20_CEPAL] t=4139.4s | pag=1980 | files=1616 | data=175 | cola=11070 | prio=10 | https://www.cepal.org/en/publication-types-dspace-linked/focus-magazine
[FULL_20_CEPAL] t=4140.7s | pag=1981 | files=1616 | data=175 | cola=11078 | prio=10 | https://www.cepal.org/en/publication-types-dspace-linked/historical-journals
[FULL_20_CEPAL] t=4142.4s | pag=1982 | files=1616 | data=175 | cola=11078 | prio=10 | https://www.cepal.org/en/publications/type/notas-poblacion/about-notas-poblacion
[FULL_20_CEPAL] t=4143.0s | pag=1983 | files=1616 | data=175 | cola=11078 | prio=10 | https://www.cepal.org/en/publications/type/notas-poblacion/editorial-board-notas-poblacion
[FULL_20_CEPAL] t=4144.6s | pag=1984 | files=1616 | data=175 | cola=11078 | prio=10 | https://www.cepal.org/en/publications/type/notas-poblacion/editorial-council-notas-poblacion
[FULL_20_CEPAL] t=4146.1s | pag=1985 | files=1616 | data=175 | cola=11078 | prio=10 | https://www.cepal.org/en/publications/type/notas-poblacion/guidelines-authors-notas-poblacion
[FULL_20_CEPAL] t=4146.9s | pag=1986 | files=1617 | data=175 | cola=11078 | prio=10 | https://www.cepal.org/es/listado/cepal_publication?topic=8232
[FULL_20_CEPAL] t=4162.4s | pag=1986 | files=1617 | data=175 | cola=11077 | prio=10 | https://www.cepal.org/en/events/thirteenth-meeting-statistical-conference-americas-eclac
[FULL_20_CEPAL] t=4164.9s | pag=1987 | files=1617 | data=175 | cola=11086 | prio=10 | https://www.cepal.org/en/list/cepal_publication?topic=8384
[FULL_20_CEPAL] t=4180.2s | pag=1987 | files=1617 | data=175 | cola=11085 | prio=10 | https://www.cepal.org/en/videos/cepalgeo-eclac-spatial-data-infrastructure
[FULL_20_CEPAL] t=4182.3s | pag=1988 | files=1617 | data=175 | cola=11086 | prio=10 | https://www.cepal.org/en/topics/indicators-sustainable-development-goals-sdgs/main-lines-work-regarding-sdg-indicators
[FULL_20_CEPAL] t=4183.6s | pag=1989 | files=1617 | data=175 | cola=11086 | prio=10 | https://www.cepal.org/en/topics/indicators-sustainable-development-goals-sdgs/b-2030-agenda-latin-america-and-caribbean
[FULL_20_CEPAL] t=4190.8s | pag=1989 | files=1617 | data=175 | cola=11085 | prio=10 | https://www.cepal.org/en/topics/indicators-sustainable-development-goals-sdgs/c-sdgs-latin-america-and-caribbean-statistical
[FULL_20_CEPAL] t=4192.3s | pag=1989 | files=1617 | data=175 | cola=11084 | prio=10 | https://www.cepal.org/en/topics/indicators-sustainable-development-goals-sdgs/d-sdg-geoportal
[FULL_20_CEPAL] t=4193.9s | pag=1990 | files=1617 | data=176 | cola=11083 | prio=10 | https://www.cepal.org/en/topics/indicators-sustainable-development-goals-sdgs/statistical-conference-americas
[FULL_20_CEPAL] t=4194.8s | pag=1990 | files=1617 | data=176 | cola=11082 | prio=10 | https://www.cepal.org/en/publication-types-dspace-linked/foreign-direct-investment-latin-america-and-caribbean?page=1
[FULL_20_CEPAL] t=4197.3s | pag=1991 | files=1617 | data=176 | cola=11082 | prio=10 | https://www.cepal.org/en/publication-types-dspace-linked/foreign-direct-investment-latin-america-and-caribbean?page=2
[FULL_20_CEPAL] t=4198.8s | pag=1992 | files=1617 | data=176 | cola=11081 | prio=10 | https://www.cepal.org/en/publication-types-dspace-linked/foreign-direct-investment-latin-america-and-caribbean?page=3
[FULL_20_CEPAL] t=4200.3s | pag=1993 | files=1617 | data=176 | cola=11080 | prio=10 | https://www.cepal.org/es/comunicados/mariana-mazzucato-estado-es-mero-corrector-fallas-mercado-es-tambien-creador-riqueza
[FULL_20_CEPAL] t=4200.8s | pag=1994 | files=1617 | data=176 | cola=11085 | prio=10 | https://www.cepal.org/es/publicaciones/86020-indice-latinoamericano-inteligencia-artificial-ilia-2025-fichas-pais-aspectos
[FULL_20_CEPAL] t=4201.5s | pag=1995 | files=1617 | data=176 | cola=11087 | prio=10 | https://www.cepal.org/es/publicaciones/86007-indice-latinoamericano-inteligencia-artificial-ilia-2025-hallazgos-principales
[FULL_20_CEPAL] t=4202.3s | pag=1996 | files=1617 | data=176 | cola=11089 | prio=10 | https://www.cepal.org/es/publicaciones/86000-acceso-la-justicia-mujeres-ninas-america-latina-caribe
[FULL_20_CEPAL] t=4203.1s | pag=1997 | files=1617 | data=176 | cola=11091 | prio=10 | https://www.cepal.org/en/publications/85988-making-trade-work-circularity-improving-circularity-second-hand-clothing-through
[FULL_20_CEPAL] t=4204.8s | pag=1998 | files=1617 | data=176 | cola=11093 | prio=10 | https://www.cepal.org/es/publicaciones/84910-perspectivas-economicas-america-latina-2025-impulsando-financiando-la
[FULL_20_CEPAL] t=4205.5s | pag=1999 | files=1617 | data=176 | cola=11096 | prio=10 | https://www.cepal.org/es/publicaciones/84424-mejorando-la-seguridad-alimentaria-la-nutricion-mediante-compras-publicas
[FULL_20_CEPAL] t=4205.9s | pag=2000 | files=1617 | data=176 | cola=11098 | prio=10 | https://www.cepal.org/es/publicaciones/83224-perspectivas-economicas-america-latina-2025-impulsando-financiando-la
[FULL_20_CEPAL] t=4206.8s | pag=2001 | files=1617 | data=176 | cola=11100 | prio=10 | https://www.cepal.org/es/tipo-de-publicacion/coediciones?page=0
[FULL_20_CEPAL] t=4208.6s | pag=2002 | files=1617 | data=176 | cola=11099 | prio=10 | https://www.cepal.org/es/publicaciones/82515-sostenibilidad-financiera-equidad-eficiencia-la-inversion-educativa-como
[FULL_20_CEPAL] t=4209.3s | pag=2003 | files=1617 | data=176 | cola=11102 | prio=10 | https://www.cepal.org/es/publicaciones/82476-evaluacion-efectos-impactos-tormenta-tropical-sara-honduras
[FULL_20_CEPAL] t=4210.3s | pag=2004 | files=1617 | data=176 | cola=11104 | prio=10 | https://www.cepal.org/es/publicaciones/82426-impacto-cambio-climatico-la-pobreza-infantil-juvenil-america-latina
[FULL_20_CEPAL] t=4211.3s | pag=2005 | files=1617 | data=176 | cola=11107 | prio=10 | https://www.cepal.org/es/publicaciones/82282-analisis-la-generacion-empleo-la-desigualdad-salarial-vision-genero-principales
[FULL_20_CEPAL] t=4213.2s | pag=2006 | files=1617 | data=176 | cola=11109 | prio=10 | https://www.cepal.org/es/publicaciones/82271-lineamientos-politicas-cuidado-perspectiva-genero-territorial-interseccional
[FULL_20_CEPAL] t=4213.7s | pag=2007 | files=1617 | data=176 | cola=11111 | prio=10 | https://www.cepal.org/es/publicaciones/81946-perspectivas-economicas-america-latina-2024-financiando-desarrollo-sostenible
[FULL_20_CEPAL] t=4214.7s | pag=2008 | files=1617 | data=176 | cola=11114 | prio=10 | https://www.cepal.org/es/publicaciones/81587-estadisticas-tributarias-america-latina-caribe-2025
[FULL_20_CEPAL] t=4215.4s | pag=2009 | files=1617 | data=177 | cola=11119 | prio=10 | https://www.cepal.org/es/publicaciones/81445-afrodescendientes-america-latina-caribe-un-acercamiento-realidades-sociales
[FULL_20_CEPAL] t=4216.2s | pag=2010 | files=1617 | data=177 | cola=11122 | prio=10 | https://www.cepal.org/es/publicaciones/86524-transformar-sistemas-cuidados-contexto-objetivos-desarrollo-sostenible-nuestra
[FULL_20_CEPAL] t=4217.7s | pag=2011 | files=1617 | data=177 | cola=11125 | prio=10 | https://www.cepal.org/en/publications/81248-road-seville-reform-proposals-ffd4-united-nations-regional-commissions
[FULL_20_CEPAL] t=4218.6s | pag=2012 | files=1617 | data=177 | cola=11127 | prio=10 | https://www.cepal.org/es/publicaciones/81193-xxv-anos-encuentros-internacionales-estadisticas-genero-mexico
[FULL_20_CEPAL] t=4220.0s | pag=2013 | files=1617 | data=177 | cola=11129 | prio=10 | https://www.cepal.org/pt-br/publicacoes/80990-indicadores-quantitativos-ocde-o-brasil-economia-digital
[FULL_20_CEPAL] t=4222.3s | pag=2014 | files=1617 | data=177 | cola=11131 | prio=10 | https://www.cepal.org/pt-br/publicacoes/80985-indicadores-quantitativos-ocde-o-brasil-comercio-aberto-investimentos
[FULL_20_CEPAL] t=4223.6s | pag=2015 | files=1617 | data=177 | cola=11137 | prio=10 | https://www.cepal.org/pt-br/publicacoes/80986-indicadores-quantitativos-ocde-o-brasil-governanca-publica
[FULL_20_CEPAL] t=4225.0s | pag=2016 | files=1617 | data=177 | cola=11143 | prio=10 | https://www.cepal.org/pt-br/publicacoes/80987-indicadores-quantitativos-ocde-o-brasil-meio-ambiente
[FULL_20_CEPAL] t=4226.3s | pag=2017 | files=1617 | data=177 | cola=11151 | prio=10 | https://www.cepal.org/es/publicaciones/80465-brechas-desigualdad-sociodemografica-la-region-amazonica-apoyo-la-elaboracion
[FULL_20_CEPAL] t=4226.8s | pag=2018 | files=1617 | data=177 | cola=11154 | prio=10 | https://www.cepal.org/es/publicaciones/80765-gobernanza-migratoria-inclusiva-americas-caribe-guia-parlamentarias
[FULL_20_CEPAL] t=4227.5s | pag=2019 | files=1617 | data=177 | cola=11157 | prio=10 | https://www.cepal.org/en/publications/80737-strengthening-regional-capacities-address-risk-and-overshooting-15degc-global
[FULL_20_CEPAL] t=4229.0s | pag=2020 | files=1617 | data=177 | cola=11159 | prio=10 | https://www.cepal.org/es/publicaciones/80665-ruta-la-implementacion-acuerdo-regional-acceso-la-informacion-la-participacion
[FULL_20_CEPAL] t=4229.9s | pag=2021 | files=1617 | data=177 | cola=11161 | prio=10 | https://www.cepal.org/es/publicaciones/80566-peru-migracion-interna-movilidad-estudiar-trabajar-cinco-areas-metropolitanas
[FULL_20_CEPAL] t=4230.6s | pag=2022 | files=1617 | data=177 | cola=11164 | prio=10 | https://www.cepal.org/en/publications/80538-regional-digital-trade-integration-index-20-guide
[FULL_20_CEPAL] t=4232.0s | pag=2023 | files=1617 | data=177 | cola=11166 | prio=10 | https://www.cepal.org/en/publications/80537-digital-trade-regulatory-review-asia-pacific-africa-and-latin-america-and
[FULL_20_CEPAL] t=4233.2s | pag=2024 | files=1617 | data=177 | cola=11168 | prio=10 | https://www.cepal.org/es/publicaciones/80479-financiamiento-la-seguridad-alimentaria-la-nutricion-america-latina-caribe
[FULL_20_CEPAL] t=4234.7s | pag=2025 | files=1617 | data=177 | cola=11171 | prio=10 | https://www.cepal.org/en/publications/80433-reversing-direction-used-clothing-crisis-global-european-and-chilean-perspectives
[FULL_20_CEPAL] t=4235.2s | pag=2026 | files=1617 | data=177 | cola=11173 | prio=10 | https://www.cepal.org/es/publicaciones/69226-estadisticas-tributarias-america-latina-caribe-2024
[FULL_20_CEPAL] t=4235.9s | pag=2027 | files=1617 | data=177 | cola=11176 | prio=10 | https://www.cepal.org/es/publicaciones/69183-perspectivas-la-agricultura-desarrollo-rural-americas-mirada-america-latina
[FULL_20_CEPAL] t=4236.6s | pag=2028 | files=1617 | data=177 | cola=11179 | prio=10 | https://www.cepal.org/es/publicaciones/69047-evaluacion-efectos-impactos-la-tormenta-tropical-julia-la-temporada-lluvias-2022
[FULL_20_CEPAL] t=4237.7s | pag=2029 | files=1617 | data=177 | cola=11181 | prio=10 | https://www.cepal.org/es/publicaciones/69030-acceso-la-informacion-ambiental-america-latina-caribe-sintesis-decisiones
[FULL_20_CEPAL] t=4239.0s | pag=2030 | files=1617 | data=177 | cola=11184 | prio=10 | https://www.cepal.org/es/publicaciones/69008-perspectivas-economicas-america-latina-2023-invirtiendo-un-desarrollo-sostenible
[FULL_20_CEPAL] t=4239.6s | pag=2031 | files=1617 | data=177 | cola=11187 | prio=10 | https://www.cepal.org/es/publicaciones/68947-peru-evaluacion-estado-preparacion-comercio-electronico
[FULL_20_CEPAL] t=4241.2s | pag=2032 | files=1617 | data=177 | cola=11189 | prio=10 | https://www.cepal.org/es/publicaciones/68759-envejecimiento-america-latina-caribe-la-perspectiva-cuentas-nacionales
[FULL_20_CEPAL] t=4242.3s | pag=2033 | files=1617 | data=177 | cola=11193 | prio=10 | https://www.cepal.org/es/tipo-de-publicacion/coediciones?page=9
[FULL_20_CEPAL] t=4244.0s | pag=2034 | files=1617 | data=177 | cola=11203 | prio=10 | https://www.cepal.org/es/publicaciones/68715-perspectivas-demograficas-envejecimiento-poblacional-la-region-americas
[FULL_20_CEPAL] t=4245.3s | pag=2035 | files=1617 | data=177 | cola=11206 | prio=10 | https://www.cepal.org/es/publicaciones/68654-contexto-sociodemografico-economico-envejecimiento-america-latina
[FULL_20_CEPAL] t=4246.3s | pag=2036 | files=1617 | data=177 | cola=11209 | prio=10 | https://www.cepal.org/en/publications/68709-digital-trade-regulatory-review-asia-pacific-africa-and-latin-america-and
[FULL_20_CEPAL] t=4247.0s | pag=2037 | files=1617 | data=177 | cola=11211 | prio=10 | https://www.cepal.org/es/publicaciones/68611-circularity-gap-report-america-latina-caribe
[FULL_20_CEPAL] t=4248.6s | pag=2038 | files=1617 | data=177 | cola=11214 | prio=10 | https://www.cepal.org/es/publicaciones/49064-cuentas-nacionales-transferencia-cnt-guatemala
[FULL_20_CEPAL] t=4250.1s | pag=2039 | files=1617 | data=177 | cola=11216 | prio=10 | https://www.cepal.org/es/publicaciones/48977-peru-migracion-interna-movilidad-cotidiana-trabajar-estudiar-ciudades-2007-2017
[FULL_20_CEPAL] t=4250.7s | pag=2040 | files=1617 | data=177 | cola=11218 | prio=10 | https://www.cepal.org/es/tipo-de-publicacion/coediciones?page=10
[FULL_20_CEPAL] t=4252.8s | pag=2041 | files=1617 | data=177 | cola=11228 | prio=10 | https://www.cepal.org/es/publicaciones/48895-estadisticas-tributarias-america-latina-caribe-2023
[FULL_20_CEPAL] t=4253.5s | pag=2042 | files=1617 | data=177 | cola=11231 | prio=10 | https://www.cepal.org/es/publicaciones/48789-brechas-genero-cadenas-globales-valor-america-latina-caribe-nuevos-viejos-retos
[FULL_20_CEPAL] t=4254.5s | pag=2043 | files=1617 | data=177 | cola=11233 | prio=10 | https://www.cepal.org/es/publicaciones/48383-avances-materia-normativa-cuidado-america-latina-caribe-sociedad-cuidado
[FULL_20_CEPAL] t=4256.3s | pag=2044 | files=1617 | data=177 | cola=11236 | prio=10 | https://www.cepal.org/es/publicaciones/48426-latin-american-economic-outlook-2022-towards-green-and-just-transition
[FULL_20_CEPAL] t=4257.9s | pag=2045 | files=1617 | data=177 | cola=11239 | prio=10 | https://www.cepal.org/es/publicaciones/48381-financiamiento-sistemas-politicas-cuidados-america-latina-caribe-aportes
[FULL_20_CEPAL] t=4258.9s | pag=2046 | files=1617 | data=177 | cola=11242 | prio=10 | https://www.cepal.org/es/publicaciones/48203-segunda-encuesta-naciones-unidas-juventudes-america-latina-caribe-dentro
[FULL_20_CEPAL] t=4260.4s | pag=2047 | files=1617 | data=177 | cola=11245 | prio=10 | https://www.cepal.org/pt-br/publicacoes/48438-efeitos-economicos-acordos-livre-comercio-o-brasil-os-casos-parceria-economica
[FULL_20_CEPAL] t=4262.0s | pag=2048 | files=1617 | data=177 | cola=11248 | prio=10 | https://www.cepal.org/es/publicaciones/48342-un-llamado-la-accion-impulsar-liderazgo-mujeres-la-democracia-paritaria-americas
[FULL_20_CEPAL] t=4263.0s | pag=2049 | files=1617 | data=177 | cola=11251 | prio=10 | https://www.cepal.org/en/publications/48261-regional-digital-trade-integration-index-version-1-guide
[FULL_20_CEPAL] t=4264.7s | pag=2050 | files=1617 | data=177 | cola=11253 | prio=10 | https://www.cepal.org/es/tipo-de-publicacion/coediciones?page=11
[FULL_20_CEPAL] t=4267.0s | pag=2051 | files=1617 | data=177 | cola=11262 | prio=10 | https://www.cepal.org/es/publicaciones/48153-la-encrucijada-la-educacion-america-latina-caribe-informe-regional-monitoreo
[FULL_20_CEPAL] t=4267.7s | pag=2052 | files=1617 | data=177 | cola=11265 | prio=10 | https://www.cepal.org/es/publicaciones/48102-compendio-preliminar-proyectos-inversion-accion-climatica-america-latina-caribe
[FULL_20_CEPAL] t=4269.3s | pag=2053 | files=1617 | data=177 | cola=11267 | prio=10 | https://www.cepal.org/es/publicaciones/48002-o-big-push-sustentabilidade-dinamica-empregos-o-trabalho-contexto-transformacao
[FULL_20_CEPAL] t=4271.0s | pag=2054 | files=1617 | data=177 | cola=11270 | prio=10 | https://www.cepal.org/en/publications/47978-assessment-effects-and-impacts-covid-19-pandemic-bahamas
[FULL_20_CEPAL] t=4271.9s | pag=2055 | files=1617 | data=177 | cola=11272 | prio=10 | https://www.cepal.org/es/publicaciones/47896-modelo-identificacion-riesgo-trabajo-infantil-metodologia-disenar-estrategias
[FULL_20_CEPAL] t=4272.5s | pag=2056 | files=1617 | data=177 | cola=11275 | prio=10 | https://www.cepal.org/es/publicaciones/47898-towards-construction-comprehensive-care-systems-latin-america-and-caribbean
[FULL_20_CEPAL] t=4274.0s | pag=2057 | files=1617 | data=177 | cola=11278 | prio=10 | https://www.cepal.org/es/publicaciones/47891-peru-migraciones-internas-dinamica-sociodemografica-departamentos-provincias
[FULL_20_CEPAL] t=4274.5s | pag=2058 | files=1617 | data=177 | cola=11280 | prio=10 | https://www.cepal.org/es/publicaciones/47869-revenue-statistics-latin-america-and-caribbean-1990-2020-estadisticas
[FULL_20_CEPAL] t=4276.1s | pag=2059 | files=1617 | data=177 | cola=11283 | prio=10 | https://www.cepal.org/es/tipo-de-publicacion/coediciones?page=12
[FULL_20_CEPAL] t=4277.8s | pag=2060 | files=1617 | data=177 | cola=11293 | prio=10 | https://www.cepal.org/es/publicaciones/38967-indicaciones-la-aplicacion-la-ciencia-la-tecnologia-al-desarrollo-america-latina
[FULL_20_CEPAL] t=4279.5s | pag=2061 | files=1617 | data=177 | cola=11295 | prio=10 | https://www.cepal.org/es/publicaciones/38925-teoria-programacion-desarrollo-economico
[FULL_20_CEPAL] t=4280.2s | pag=2062 | files=1617 | data=177 | cola=11297 | prio=10 | https://www.cepal.org/es/tipo-de-publicacion/coediciones?page=49
[FULL_20_CEPAL] t=4282.5s | pag=2063 | files=1617 | data=177 | cola=11306 | prio=10 | https://www.cepal.org/es/tipo-de-publicacion/coediciones?page=42
[FULL_20_CEPAL] t=4284.5s | pag=2064 | files=1617 | data=177 | cola=11319 | prio=10 | https://www.cepal.org/es/tipo-de-publicacion/coediciones?page=43
[FULL_20_CEPAL] t=4286.2s | pag=2065 | files=1617 | data=177 | cola=11328 | prio=10 | https://www.cepal.org/es/tipo-de-publicacion/coediciones?page=44
[FULL_20_CEPAL] t=4288.1s | pag=2066 | files=1617 | data=177 | cola=11336 | prio=10 | https://www.cepal.org/es/tipo-de-publicacion/coediciones?page=45
[FULL_20_CEPAL] t=4289.9s | pag=2067 | files=1617 | data=177 | cola=11339 | prio=10 | https://www.cepal.org/es/tipo-de-publicacion/coediciones?page=46
[FULL_20_CEPAL] t=4291.6s | pag=2068 | files=1617 | data=177 | cola=11346 | prio=10 | https://www.cepal.org/es/tipo-de-publicacion/coediciones?page=47
[FULL_20_CEPAL] t=4293.6s | pag=2069 | files=1617 | data=177 | cola=11355 | prio=10 | https://www.cepal.org/es/tipo-de-publicacion/coediciones?page=48
[FULL_20_CEPAL] t=4295.3s | pag=2070 | files=1617 | data=177 | cola=11359 | prio=10 | https://www.cepal.org/en/publication-types-dspace-linked/coeditions?page=1
[FULL_20_CEPAL] t=4297.1s | pag=2071 | files=1617 | data=177 | cola=11360 | prio=10 | https://www.cepal.org/en/publication-types-dspace-linked/coeditions?page=2
[FULL_20_CEPAL] t=4298.1s | pag=2072 | files=1617 | data=177 | cola=11359 | prio=10 | https://www.cepal.org/en/publication-types-dspace-linked/coeditions?page=3
[FULL_20_CEPAL] t=4300.4s | pag=2073 | files=1617 | data=177 | cola=11358 | prio=10 | https://www.cepal.org/en/publication-types-dspace-linked/coeditions?page=4
[FULL_20_CEPAL] t=4302.6s | pag=2074 | files=1617 | data=177 | cola=11357 | prio=10 | https://www.cepal.org/en/publication-types-dspace-linked/coeditions?page=5
[FULL_20_CEPAL] t=4303.3s | pag=2075 | files=1617 | data=177 | cola=11357 | prio=10 | https://www.cepal.org/en/publication-types-dspace-linked/coeditions?page=6
[FULL_20_CEPAL] t=4305.3s | pag=2076 | files=1617 | data=177 | cola=11357 | prio=10 | https://www.cepal.org/en/publication-types-dspace-linked/coeditions?page=7
[FULL_20_CEPAL] t=4307.4s | pag=2077 | files=1617 | data=177 | cola=11357 | prio=10 | https://www.cepal.org/en/publication-types-dspace-linked/coeditions?page=8
[FULL_20_CEPAL] t=4309.3s | pag=2078 | files=1617 | data=177 | cola=11357 | prio=10 | https://www.cepal.org/en/publication-types-dspace-linked/coeditions?page=50
[FULL_20_CEPAL] t=4311.0s | pag=2079 | files=1617 | data=177 | cola=11364 | prio=10 | https://cea.cepal.org/13/en/news/statistical-conference-americas-successfully-concluded-its-thirteenth-meeting
[FULL_20_CEPAL] t=4312.9s | pag=2080 | files=1617 | data=177 | cola=11366 | prio=10 | https://cea.cepal.org/13/en/programme/challenges-data-governance-and-administration-evolving-national-ecosystems
[FULL_20_CEPAL] t=4313.8s | pag=2081 | files=1617 | data=177 | cola=11374 | prio=10 | https://cea.cepal.org/13/es/file/869
[FULL_20_CEPAL] t=4315.0s | pag=2082 | files=1617 | data=177 | cola=11373 | prio=10 | https://cea.cepal.org/13/es/file/872
[FULL_20_CEPAL] t=4316.0s | pag=2083 | files=1617 | data=177 | cola=11372 | prio=10 | https://cea.cepal.org/13/es/file/873
[FULL_20_CEPAL] t=4317.1s | pag=2084 | files=1617 | data=177 | cola=11371 | prio=10 | https://cea.cepal.org/13/en/programme/side-event-records-insights-launch-manual-use-administrative-data-and-its-integration
[FULL_20_CEPAL] t=4318.1s | pag=2085 | files=1617 | data=178 | cola=11372 | prio=10 | https://cea.cepal.org/13/en/programme/challenges-data-governance-and-administration-evolving-national-ecosystems-continued
[FULL_20_CEPAL] t=4318.5s | pag=2086 | files=1617 | data=178 | cola=11374 | prio=10 | https://cea.cepal.org/13/en/documents/report-thirteenth-meeting-cea-eclac
[FULL_20_CEPAL] t=4319.7s | pag=2087 | files=1617 | data=178 | cola=11375 | prio=10 | https://repositorio.cepal.org/server/api/core/bitstreams/3f239b24-c033-45b0-ac65-50763c2adac0/content
[FULL_20_CEPAL] t=4320.8s | pag=2087 | files=1618 | data=178 | cola=11374 | prio=10 | https://cea.cepal.org/13/en/documents/strategic-plan-2026-2035-statistical-conference-americas-eclac
[FULL_20_CEPAL] t=4321.6s | pag=2088 | files=1618 | data=178 | cola=11375 | prio=10 | https://cea.cepal.org/13/en/documents/resolution-14xiii-thirteenth-meeting-statistical-conference-americas
[FULL_20_CEPAL] t=4322.3s | pag=2089 | files=1618 | data=178 | cola=11378 | prio=10 | https://cea.cepal.org/13/en/news/authorities-call-strengthening-data-governance-national-statistical-systems
[FULL_20_CEPAL] t=4322.8s | pag=2090 | files=1618 | data=178 | cola=11379 | prio=10 | https://cea.cepal.org/13/en/news/how-follow-thirteenth-meeting-statistical-conference-americas-eclac
[FULL_20_CEPAL] t=4323.6s | pag=2091 | files=1618 | data=178 | cola=11380 | prio=10 | https://cea.cepal.org/13/en/news/thirteenth-meeting-statistical-conference-americas-will-be-held-eclac
[FULL_20_CEPAL] t=4324.8s | pag=2092 | files=1618 | data=178 | cola=11381 | prio=10 | https://www.cepal.org/es/tipo-de-publicacion/multimedia
[FULL_20_CEPAL] t=4326.0s | pag=2092 | files=1618 | data=178 | cola=11380 | prio=10 | https://www.cepal.org/es/tipo-de-publicacion/fotografias
[FULL_20_CEPAL] t=4328.0s | pag=2092 | files=1618 | data=178 | cola=11379 | prio=10 | https://repositorio.cepal.org/entities/publication/2140f3ff-8d72-4097-a5fb-45211572550e
[FULL_20_CEPAL] t=4342.4s | pag=2093 | files=1618 | data=179 | cola=11381 | prio=10 | https://repositorio.cepal.org/entities/publication/9e462cef-0a5a-4a70-adb6-7f68f68e4b99
[FULL_20_CEPAL] t=4353.8s | pag=2094 | files=1618 | data=180 | cola=11382 | prio=10 | https://repositorio.cepal.org/entities/publication/ff8c7f00-d143-4f5a-a900-4898b227812a
[FULL_20_CEPAL] t=4365.5s | pag=2095 | files=1618 | data=181 | cola=11384 | prio=10 | https://repositorio.cepal.org/entities/publication/6afdc40d-5e06-46cd-bef3-1f8ea1ce1f31
[FULL_20_CEPAL] t=4378.3s | pag=2096 | files=1618 | data=182 | cola=11386 | prio=10 | https://repositorio.cepal.org/entities/publication/fd87d087-b094-41ad-a094-34e9a8c9641c
[FULL_20_CEPAL] t=4390.0s | pag=2097 | files=1618 | data=183 | cola=11388 | prio=10 | https://repositorio.cepal.org/entities/publication/9456a85f-ba7a-4195-946b-684115fc1d64
[FULL_20_CEPAL] t=4402.1s | pag=2098 | files=1618 | data=184 | cola=11389 | prio=10 | https://repositorio.cepal.org/server/api/core/bitstreams/96ab1082-c06d-4bec-92fc-49e0f33ea296/content
[FULL_20_CEPAL] t=4404.7s | pag=2098 | files=1619 | data=184 | cola=11388 | prio=10 | https://repositorio.cepal.org/communities/dbe66cfc-f8f8-47a6-8b78-066e0b7cff12
[FULL_20_CEPAL] t=4417.1s | pag=2099 | files=1619 | data=184 | cola=11404 | prio=10 | https://repositorio.cepal.org/collections/2d9a9213-0765-4779-82ee-9e437d427773
[FULL_20_CEPAL] t=4429.8s | pag=2100 | files=1619 | data=185 | cola=11421 | prio=10 | https://repositorio.cepal.org/bitstreams/acb72b58-6d33-4e1e-8d1b-d5b9b81b37f9/download
[FULL_20_CEPAL] t=4431.0s | pag=2100 | files=1620 | data=185 | cola=11420 | prio=10 | https://repositorio.cepal.org/entities/publication/3a1f23c9-9da4-4f3d-af21-1d73c93e24f7/full
[FULL_20_CEPAL] t=4446.0s | pag=2101 | files=1620 | data=186 | cola=11420 | prio=10 | https://www.cepal.org/sites/default/files/events/files/s_4_chile_experiencia_estadisticas_desastres.pd
[FULL_20_CEPAL] t=4448.1s | pag=2101 | files=1620 | data=186 | cola=11419 | prio=10 | https://www.cepal.org/en/publications/37890-methodological-guide-developing-environmental-and-sustainable-development
[FULL_20_CEPAL] t=4450.6s | pag=2102 | files=1620 | data=187 | cola=11421 | prio=10 | https://repositorio.cepal.org/collections/b0b61e46-b278-4ce5-8904-873d81f194fa
[FULL_20_CEPAL] t=4462.9s | pag=2103 | files=1620 | data=188 | cola=11438 | prio=10 | https://repositorio.cepal.org/bitstreams/13abe04e-bd18-4505-aedc-b809be8d48ea/download
[FULL_20_CEPAL] t=4464.3s | pag=2103 | files=1621 | data=188 | cola=11437 | prio=10 | https://repositorio.cepal.org/entities/publication/7eb7c401-8e8f-47a1-8efa-6464247dd2e5/full
[FULL_20_CEPAL] t=4477.2s | pag=2104 | files=1621 | data=189 | cola=11436 | prio=10 | https://biblioguias.cepal.org/estadisticasambientales/
[FULL_20_CEPAL] t=4478.8s | pag=2105 | files=1621 | data=189 | cola=11437 | prio=10 | https://biblioguias.cepal.org/estadisticasambientales
[FULL_20_CEPAL] t=4479.7s | pag=2106 | files=1621 | data=189 | cola=11436 | prio=10 | https://biblioguias.cepal.org/estadisticasambientales/acerca
[FULL_20_CEPAL] t=4480.1s | pag=2107 | files=1621 | data=189 | cola=11435 | prio=10 | https://biblioguias.cepal.org/estadisticasambientales/mdea
[FULL_20_CEPAL] t=4480.9s | pag=2108 | files=1621 | data=189 | cola=11434 | prio=10 | https://biblioguias.cepal.org/estadisticasambientales/cambioclimatico
[FULL_20_CEPAL] t=4482.0s | pag=2109 | files=1621 | data=190 | cola=11433 | prio=10 | https://biblioguias.cepal.org/estadisticasambientales/cuentasambientales
[FULL_20_CEPAL] t=4482.7s | pag=2110 | files=1623 | data=190 | cola=11432 | prio=10 | https://biblioguias.cepal.org/estadisticasambientales/institucionalidadregional
[FULL_20_CEPAL] t=4483.2s | pag=2111 | files=1623 | data=190 | cola=11431 | prio=10 | https://biblioguias.cepal.org/estadisticasambientales/institucionalidadglobal
[FULL_20_CEPAL] t=4484.5s | pag=2112 | files=1666 | data=190 | cola=11430 | prio=10 | https://biblioguias.cepal.org/estadisticasambientales/marcoregional
[FULL_20_CEPAL] t=4485.8s | pag=2113 | files=1668 | data=191 | cola=11433 | prio=10 | https://biblioguias.cepal.org/estadisticasambientales/marcoglobal
[FULL_20_CEPAL] t=4487.4s | pag=2114 | files=1675 | data=192 | cola=11461 | prio=10 | https://biblioguias.cepal.org/estadisticasambientales/estadisticasmedea
[FULL_20_CEPAL] t=4488.5s | pag=2115 | files=1683 | data=192 | cola=11460 | prio=10 | https://www.cepal.org/es/acerca-de-estadisticas
[FULL_20_CEPAL] t=4489.5s | pag=2115 | files=1683 | data=192 | cola=11459 | prio=10 | https://www.cepal.org/es/temas/estadisticas-ambientales/programa-trabajo-la-cepal-fortalecimiento-estadisticas-ambientales-la-red-regional-estadisticas
[FULL_20_CEPAL] t=4491.8s | pag=2115 | files=1683 | data=192 | cola=11457 | prio=10 | https://comunidades.cepal.org/estadisticas-ambientales/es
[FULL_20_CEPAL] t=4493.6s | pag=2116 | files=1683 | data=192 | cola=11473 | prio=10 | https://repositorio.cepal.org/items/ce327a6e-e599-4f98-9947-3eecd310626f
[FULL_20_CEPAL] t=4506.8s | pag=2117 | files=1683 | data=193 | cola=11476 | prio=10 | http://interwp.cepal.org/anuario_estadistico/anuario_2018/index.asp?anuario=2018&idioma=sp
[FULL_20_CEPAL] t=4507.6s | pag=2117 | files=1683 | data=193 | cola=11475 | prio=10 | https://repositorio.cepal.org/items/541dda80-cce0-4355-b6df-c5942b968694
[FULL_20_CEPAL] t=4520.3s | pag=2118 | files=1683 | data=194 | cola=11479 | prio=10 | https://repositorio.cepal.org/handle/11362/47745
[FULL_20_CEPAL] t=4533.4s | pag=2119 | files=1683 | data=194 | cola=11481 | prio=10 | https://repositorio.cepal.org/handle/11362/40155
[FULL_20_CEPAL] t=4546.0s | pag=2120 | files=1683 | data=195 | cola=11482 | prio=10 | https://repositorio.cepal.org/handle/11362/5502
[FULL_20_CEPAL] t=4546.7s | pag=2121 | files=1683 | data=196 | cola=11481 | prio=10 | https://biblioguias.cepal.org/sb.php?subject_id=34649
[FULL_20_CEPAL] t=4547.5s | pag=2122 | files=1683 | data=196 | cola=11481 | prio=10 | https://biblioguias.cepal.org/srch.php?default_lg=1&tag=indicadores+ambientales
[FULL_20_CEPAL] t=4548.8s | pag=2123 | files=1683 | data=196 | cola=11480 | prio=10 | https://www.cepal.org/en/publications/84909-blue-horizon-latin-america-and-caribbean-2025-progress-and-challenges-regarding
[FULL_20_CEPAL] t=4550.3s | pag=2124 | files=1683 | data=196 | cola=11481 | prio=10 | https://www.cepal.org/en/publications/81697-diagnosis-and-recommendations-integrate-administrative-records-related-children
[FULL_20_CEPAL] t=4551.0s | pag=2125 | files=1683 | data=197 | cola=11482 | prio=10 | https://www.cepal.org/en/publications/81489-2030-agenda-sustainable-development-and-regional-gender-agenda-latin-america-and
[FULL_20_CEPAL] t=4552.0s | pag=2126 | files=1683 | data=198 | cola=11483 | prio=10 | https://www.cepal.org/en/publications/81406-latin-america-and-caribbean-final-five-years-2030-agenda-steering-transformations
[FULL_20_CEPAL] t=4553.6s | pag=2127 | files=1683 | data=198 | cola=11489 | prio=10 | https://www.cepal.org/es/cursos/procesamiento-microdatos-redatam-mapeo-qgis
[FULL_20_CEPAL] t=4555.0s | pag=2128 | files=1685 | data=198 | cola=11493 | prio=10 | https://www.cepal.org/es/listado/cepal_publication?topic=8382
[FULL_20_CEPAL] t=4570.8s | pag=2128 | files=1685 | data=198 | cola=11492 | prio=10 | https://www.cepal.org/en/topics/data-science
[FULL_20_CEPAL] t=4573.3s | pag=2129 | files=1685 | data=198 | cola=11504 | prio=10 | https://www.cepal.org/es/notas/datathon-2023-naciones-unidas-se-invita-profesionales-datos-desarrollar-ideas-soluciones-que
[FULL_20_CEPAL] t=4575.1s | pag=2130 | files=1685 | data=198 | cola=11505 | prio=10 | https://www.cepal.org/es/eventos/taller-big-data-economia-digital-desarrollo-sostenible
[FULL_20_CEPAL] t=4576.5s | pag=2131 | files=1686 | data=198 | cola=11506 | prio=10 | https://www.cepal.org/es/eventos/taller-datos-economia-digital-desarrollo-sostenible-seminario-pensar-grande-innovacion-datos
[FULL_20_CEPAL] t=4577.5s | pag=2132 | files=1686 | data=198 | cola=11507 | prio=10 | https://www.cepal.org/es/eventos/taller-big-data-la-medicion-la-economia-digital
[FULL_20_CEPAL] t=4579.1s | pag=2133 | files=1687 | data=198 | cola=11508 | prio=10 | https://www.cepal.org/es/eventos/taller-big-data-la-medicion-la-economia-digital-seminario-pensar-grande-innovacion-datos
[FULL_20_CEPAL] t=4581.3s | pag=2134 | files=1689 | data=198 | cola=11509 | prio=10 | https://www.cepal.org/es/eventos/capacitacion-tecnico-recopilacion-analisis-datos-web-aplicacion-tecnicas-web-scraping-uso
[FULL_20_CEPAL] t=4581.8s | pag=2135 | files=1689 | data=198 | cola=11510 | prio=10 | https://www.cepal.org/es/proyectos/big-data
[FULL_20_CEPAL] t=4582.4s | pag=2136 | files=1689 | data=198 | cola=11522 | prio=10 | https://www.cepal.org/es/publicaciones/81158-big-data-estadisticas-america-latina-caribe-video
[FULL_20_CEPAL] t=4583.9s | pag=2137 | files=1689 | data=198 | cola=11525 | prio=10 | https://www.cepal.org/es/publicaciones/48484-presentacion-emanuel-menendez-seminario-internacional-informalidad-laboral-video
[FULL_20_CEPAL] t=4585.1s | pag=2138 | files=1689 | data=198 | cola=11531 | prio=10 | https://www.cepal.org/es/publicaciones/47644-macrodatos-big-data-mercado-laboral-identificacion-habilidades-traves-vacantes
[FULL_20_CEPAL] t=4585.6s | pag=2139 | files=1689 | data=198 | cola=11534 | prio=10 | https://www.cepal.org/es/publicaciones/47172-apertura-uso-datos-hacer-frente-al-covid-19-america-latina
[FULL_20_CEPAL] t=4586.4s | pag=2140 | files=1689 | data=198 | cola=11536 | prio=10 | https://www.cepal.org/es/publicaciones/45464-analisis-la-huella-digital-america-latina-caribe-ensenanzas-extraidas-uso
[FULL_20_CEPAL] t=4586.9s | pag=2141 | files=1689 | data=198 | cola=11539 | prio=10 | https://www.cepal.org/es/publicaciones/44845-planificacion-multiescalar-regional-local-volumen-i
[FULL_20_CEPAL] t=4587.7s | pag=2142 | files=1689 | data=198 | cola=11541 | prio=10 | https://www.cepal.org/es/publicaciones/45619-planeamiento-educativo-situacional-datos-abiertos-big-data-herramientas
[FULL_20_CEPAL] t=4589.1s | pag=2143 | files=1689 | data=198 | cola=11543 | prio=10 | https://www.cepal.org/es/publicaciones/43513-perspectivas-economicas-america-latina-2018-repensando-instituciones-desarrollo
[FULL_20_CEPAL] t=4590.6s | pag=2144 | files=1689 | data=198 | cola=11546 | prio=10 | https://www.cepal.org/es/publicaciones/46985-jueves-27-abril-pm-sesion-especial-inteligencia-artificial-foro-paises-alc-video
[FULL_20_CEPAL] t=4592.1s | pag=2145 | files=1689 | data=198 | cola=11549 | prio=10 | https://www.cepal.org/es/publicaciones/45298-seminario-think-big-innovacion-datos-america-latina-caribe-album-fotografico
[FULL_20_CEPAL] t=4593.4s | pag=2146 | files=1689 | data=199 | cola=11552 | prio=10 | https://www.cepal.org/es/publicaciones/37889-un-mundo-que-cuenta-movilizacion-la-revolucion-datos-desarrollo-sostenible
[FULL_20_CEPAL] t=4594.9s | pag=2147 | files=1689 | data=199 | cola=11555 | prio=10 | https://www.cepal.org/es/publicaciones/36926-novedades-tendencias-tic
[FULL_20_CEPAL] t=4595.6s | pag=2148 | files=1689 | data=199 | cola=11558 | prio=10 | https://www.cepal.org/es/notas/lanzamiento-informe-estudio-economico-america-latina-caribe-2024
[FULL_20_CEPAL] t=4597.4s | pag=2149 | files=1689 | data=199 | cola=11560 | prio=10 | https://www.cepal.org/en/publication-types-dspace-linked/eclac-statistical-briefings?page=1
[FULL_20_CEPAL] t=4599.6s | pag=2150 | files=1689 | data=199 | cola=11560 | prio=10 | https://www.cepal.org/en/publication-types-dspace-linked/eclac-statistical-briefings?page=2
[FULL_20_CEPAL] t=4601.3s | pag=2151 | files=1689 | data=199 | cola=11559 | prio=10 | https://www.cepal.org/en/events/festival-datos-2023
[FULL_20_CEPAL] t=4603.2s | pag=2152 | files=1689 | data=199 | cola=11560 | prio=10 | https://www.cepal.org/en/events/moncom-seminar-positioning-caribbean-knowledge-economy-role-data-0
[FULL_20_CEPAL] t=4604.6s | pag=2153 | files=1709 | data=199 | cola=11562 | prio=10 | https://www.cepal.org/en/events/webinar-introduction-un-datathon-2023
[FULL_20_CEPAL] t=4606.1s | pag=2154 | files=1709 | data=199 | cola=11562 | prio=10 | https://www.cepal.org/en/notes/eclac-caribbean-strengthens-partnership-antigua-and-barbuda-through-high-level-engagements
[FULL_20_CEPAL] t=4607.0s | pag=2155 | files=1712 | data=199 | cola=11565 | prio=10 | https://www.cepal.org/en/list/cepal_publication?topic=8381
[FULL_20_CEPAL] t=4622.6s | pag=2155 | files=1712 | data=199 | cola=11564 | prio=10 | https://www.cepal.org/en/events/online-course-use-and-interpretation-trade-indicators-including-input-output-analysis
[FULL_20_CEPAL] t=4625.5s | pag=2156 | files=1714 | data=199 | cola=11569 | prio=10 | https://www.cepal.org/en/courses/workshop-trade-policy-and-trade-indicators
[FULL_20_CEPAL] t=4627.6s | pag=2157 | files=1729 | data=199 | cola=11571 | prio=10 | https://www.cepal.org/en/list/cepal_publication?topic=52
[FULL_20_CEPAL] t=4643.1s | pag=2157 | files=1729 | data=199 | cola=11570 | prio=10 | https://www.cepal.org/en/videos/launch-report-economic-survey-latin-america-and-caribbean-2024
[FULL_20_CEPAL] t=4644.7s | pag=2158 | files=1729 | data=199 | cola=11571 | prio=10 | https://www.cepal.org/en/publication-types-dspace-linked/project-documents
[FULL_20_CEPAL] t=4647.3s | pag=2159 | files=1729 | data=199 | cola=11580 | prio=10 | https://www.cepal.org/en/publications/type/serie-social-policy
[FULL_20_CEPAL] DATASETS=200 | data_html_table | https://www.cepal.org/en/publications/type/serie-social-policy
[FULL_20_CEPAL] t=4649.1s | pag=2160 | files=1729 | data=200 | cola=11589 | prio=10 | https://www.cepal.org/en/publication-types-dspace-linked/session-commission
[FULL_20_CEPAL] t=4649.8s | pag=2161 | files=1729 | data=200 | cola=11598 | prio=10 | https://www.cepal.org/en/publications/type/serie-population-and-development
[FULL_20_CEPAL] t=4651.7s | pag=2162 | files=1729 | data=201 | cola=11609 | prio=10 | https://www.cepal.org/en/publications/type/other-conference-and-meeting-documents
[FULL_20_CEPAL] t=4653.7s | pag=2163 | files=1729 | data=201 | cola=11615 | prio=10 | https://www.cepal.org/en/publication-types-dspace-linked/eclac-subregional-headquarters-caribbean-conferences-and-meetings
[FULL_20_CEPAL] t=4654.5s | pag=2164 | files=1729 | data=201 | cola=11627 | prio=10 | https://www.cepal.org/en/publications/type/seminars-and-conferences-series-0
[FULL_20_CEPAL] t=4656.6s | pag=2165 | files=1729 | data=202 | cola=11636 | prio=10 | https://www.cepal.org/es/publicaciones/85995-informe-foro-transversalizacion-la-perspectiva-genero-la-cooperacion
[FULL_20_CEPAL] t=4658.2s | pag=2166 | files=1729 | data=202 | cola=11637 | prio=10 | https://www.cepal.org/en/publication-types-dspace-linked/documents-subsidiary-bodies
[FULL_20_CEPAL] t=4658.7s | pag=2167 | files=1729 | data=202 | cola=11641 | prio=10 | https://www.cepal.org/en/publication-types-dspace-linked/regional-planning-council-ilpes
[FULL_20_CEPAL] t=4659.4s | pag=2168 | files=1729 | data=202 | cola=11675 | prio=10 | https://www.cepal.org/en/publications/type/serie-natural-resources-and-development
[FULL_20_CEPAL] t=4660.3s | pag=2169 | files=1729 | data=203 | cola=11685 | prio=10 | https://www.cepal.org/en/publication-types-dspace-linked/gender-equality-bulletin
[FULL_20_CEPAL] t=4662.2s | pag=2170 | files=1729 | data=203 | cola=11689 | prio=10 | https://www.cepal.org/es/publicaciones/90083-chile-cuida-la-experiencia-diseno-la-implementacion-sistema-nacional-apoyos
[FULL_20_CEPAL] t=4663.9s | pag=2171 | files=1729 | data=203 | cola=11690 | prio=10 | https://www.cepal.org/es/publicaciones/90084-cooperacion-regional-avanzar-la-agenda-mujeres-la-paz-la-seguridad-aprendizajes
[FULL_20_CEPAL] t=4665.4s | pag=2172 | files=1729 | data=203 | cola=11691 | prio=10 | https://www.cepal.org/en/publication-types-dspace-linked/eclac-office-washington-dc-studies-and-research-papers
[FULL_20_CEPAL] t=4666.0s | pag=2173 | files=1729 | data=203 | cola=11700 | prio=10 | https://www.cepal.org/en/publications/89996-provisional-agenda-second-meeting-presiding-officers-regional-conference-south
[FULL_20_CEPAL] t=4667.7s | pag=2174 | files=1729 | data=203 | cola=11701 | prio=10 | https://www.cepal.org/en/publications/89990-fiscal-panorama-latin-america-and-caribbean-2026-strengthening-tax-systems
[FULL_20_CEPAL] t=4668.4s | pag=2175 | files=1729 | data=203 | cola=11704 | prio=10 | https://www.cepal.org/en/publications/83238-economics-climate-change-latin-america-and-caribbean-2025-climate-action-overcome
[FULL_20_CEPAL] t=4669.0s | pag=2176 | files=1729 | data=203 | cola=11706 | prio=10 | https://www.cepal.org/en/publications/89982-protection-sociale-numerique-elements-danalyse
[FULL_20_CEPAL] t=4671.1s | pag=2177 | files=1729 | data=203 | cola=11711 | prio=10 | https://www.cepal.org/en/publications/89981-report-sixty-seventh-meeting-presiding-officers-regional-conference-women-latin
[FULL_20_CEPAL] t=4673.0s | pag=2178 | files=1729 | data=203 | cola=11715 | prio=10 | https://www.cepal.org/en/publications/89962-managing-environmental-mining-legacies-andean-region-analysis-challenges-and
[FULL_20_CEPAL] t=4673.4s | pag=2179 | files=1729 | data=203 | cola=11716 | prio=10 | https://www.cepal.org/en/publications/85928-committee-support-implementation-and-compliance-regional-agreement-access
[FULL_20_CEPAL] t=4675.3s | pag=2180 | files=1729 | data=203 | cola=11717 | prio=10 | https://www.cepal.org/en/publications/90050-conceptual-debates-and-challenges-measuring-social-inequality
[FULL_20_CEPAL] t=4676.8s | pag=2181 | files=1729 | data=203 | cola=11719 | prio=10 | https://www.cepal.org/en/publications/90046-challenge-inequality-latin-america-and-role-state
[FULL_20_CEPAL] t=4677.8s | pag=2182 | files=1729 | data=203 | cola=11721 | prio=10 | https://www.cepal.org/en/list/cepal_publication?page=0
[FULL_20_CEPAL] t=4693.3s | pag=2182 | files=1729 | data=203 | cola=11720 | prio=10 | https://www.cepal.org/en/list/cepal_publication?page=3
[FULL_20_CEPAL] t=4709.6s | pag=2182 | files=1729 | data=203 | cola=11719 | prio=10 | https://www.cepal.org/pt-br/topicos/indicadores-economicos-projecoes
[FULL_20_CEPAL] t=4711.2s | pag=2183 | files=1729 | data=203 | cola=11726 | prio=10 | https://www.cepal.org/pt-br/publicacoes/80984-indicadores-quantitativos-ocde-o-brasil-reformas-estruturais-crescimento-inclusivo
[FULL_20_CEPAL] t=4712.6s | pag=2184 | files=1729 | data=203 | cola=11728 | prio=10 | https://www.cepal.org/pt-br/publicacoes/80770-lacunas-desigualdade-socioeconomica-regiao-amazonica-apoio-elaboracao
[FULL_20_CEPAL] t=4714.7s | pag=2185 | files=1729 | data=203 | cola=11733 | prio=10 | https://www.cepal.org/pt-br/list/cepal_publication?page=0
[FULL_20_CEPAL] t=4723.4s | pag=2186 | files=1729 | data=203 | cola=11732 | prio=10 | https://www.cepal.org/pt-br/publicacoes/80725-agenda-provisoria-quadragesimo-periodo-sessoes-comissao-economica-america-latina-o
[FULL_20_CEPAL] t=4725.0s | pag=2187 | files=1729 | data=203 | cola=11737 | prio=10 | https://www.cepal.org/pt-br/list/cepal_publication?page=3
[FULL_20_CEPAL] t=4734.7s | pag=2188 | files=1729 | data=203 | cola=11750 | prio=10 | https://www.cepal.org/pt-br/publicacoes/15282-informe-tercer-periodo-sesiones-15-junio-1949-21-junio-1950-report-economic
[FULL_20_CEPAL] t=4736.5s | pag=2189 | files=1729 | data=203 | cola=11755 | prio=10 | https://www.cepal.org/pt-br/list/cepal_publication?page=35
[FULL_20_CEPAL] t=4744.6s | pag=2190 | files=1729 | data=203 | cola=11774 | prio=10 | https://www.cepal.org/pt-br/list/cepal_publication?page=34
[FULL_20_CEPAL] t=4753.7s | pag=2191 | files=1729 | data=203 | cola=11794 | prio=10 | https://www.cepal.org/es/tipo-de-publicacion/comite-cooperacion-sur-sur
[FULL_20_CEPAL] t=4754.3s | pag=2192 | files=1729 | data=203 | cola=11821 | prio=10 | https://www.cepal.org/es/tipo-de-publicacion/conferencia-ciencia-innovacion-tecnologias-la-informacion-comunicaciones
[FULL_20_CEPAL] t=4755.5s | pag=2193 | files=1729 | data=203 | cola=11842 | prio=10 | https://www.cepal.org/es/tipo-de-publicacion/conferencia-regional-la-mujer-america-latina-caribe
[FULL_20_CEPAL] t=4756.6s | pag=2194 | files=1729 | data=204 | cola=11871 | prio=10 | https://www.cepal.org/es/tipo-de-publicacion/consejo-regional-planificacion-ilpes
[FULL_20_CEPAL] t=4757.4s | pag=2195 | files=1729 | data=204 | cola=11897 | prio=10 | https://www.cepal.org/es/tipo-de-publicacion/documentos-historicos-organos-subsidiarios
[FULL_20_CEPAL] t=4758.9s | pag=2196 | files=1729 | data=204 | cola=11900 | prio=10 | https://www.cepal.org/en/publication-types-dspace-linked/statistical-conference-americas
[FULL_20_CEPAL] t=4760.0s | pag=2196 | files=1729 | data=204 | cola=11899 | prio=10 | https://www.cepal.org/en/topics/statistical-innovation
[FULL_20_CEPAL] t=4762.6s | pag=2197 | files=1729 | data=204 | cola=11906 | prio=10 | https://www.cepal.org/en/publications/89974-editorial-note
[FULL_20_CEPAL] t=4763.4s | pag=2198 | files=1729 | data=204 | cola=11907 | prio=10 | https://www.cepal.org/en/publications/89965-drivers-innovation-and-competitiveness-small-and-medium-sized-enterprises
[FULL_20_CEPAL] t=4765.0s | pag=2199 | files=1729 | data=204 | cola=11908 | prio=10 | https://www.cepal.org/en/publications/89966-kaldor-meets-dosi-approach-technological-structure-regional-production
[FULL_20_CEPAL] t=4767.2s | pag=2200 | files=1729 | data=204 | cola=11909 | prio=10 | https://www.cepal.org/en/publications/89967-wages-and-productivity-argentine-manufacturing-structuralist-and-distributional
[FULL_20_CEPAL] t=4767.8s | pag=2201 | files=1729 | data=204 | cola=11910 | prio=10 | https://www.cepal.org/en/publications/89968-technological-change-and-employment-following-coronavirus-disease-covid-19
[FULL_20_CEPAL] t=4769.6s | pag=2202 | files=1729 | data=204 | cola=11911 | prio=10 | https://www.cepal.org/en/publications/89969-determinants-pioneering-technological-innovations-brazilian-manufacturing
[FULL_20_CEPAL] t=4770.4s | pag=2203 | files=1729 | data=204 | cola=11912 | prio=10 | https://www.cepal.org/en/publications/89970-winemaking-sector-province-la-rioja-argentina-challenges-opportunities-and-policy
[FULL_20_CEPAL] t=4772.0s | pag=2204 | files=1729 | data=204 | cola=11913 | prio=10 | https://www.cepal.org/en/publications/89971-superintendency-development-north-east-sudene-and-training-generation-development
[FULL_20_CEPAL] t=4773.5s | pag=2205 | files=1729 | data=204 | cola=11914 | prio=10 | https://www.cepal.org/en/publications/89973-assumptions-history-and-rent-conversation-jayati-ghosh
[FULL_20_CEPAL] t=4775.2s | pag=2206 | files=1729 | data=204 | cola=11915 | prio=10 | https://www.cepal.org/en/publications/89975-book-review-towards-inclusive-development-latin-america-leveraging-global-green
[FULL_20_CEPAL] t=4775.7s | pag=2207 | files=1729 | data=204 | cola=11916 | prio=10 | https://cea.cepal.org/12/en/news/statistical-conference-americas-successfully-concludes-its-twelfth-meeting
[FULL_20_CEPAL] t=4777.5s | pag=2208 | files=1729 | data=204 | cola=11926 | prio=10 | https://cea.cepal.org/12/en/programme/strengthening-environment-climate-change-and-disaster-statistics-latin-america-and
[FULL_20_CEPAL] t=4778.5s | pag=2209 | files=1729 | data=204 | cola=11927 | prio=10 | https://cea.cepal.org/12/en/documents/report-twelfth-meeting-sca-eclac
[FULL_20_CEPAL] t=4779.5s | pag=2210 | files=1729 | data=204 | cola=11928 | prio=10 | https://repositorio.cepal.org/entities/publication/b0093870-3e3d-4d33-bbcd-1f4f68e6fb88
[FULL_20_CEPAL] t=4794.0s | pag=2211 | files=1729 | data=205 | cola=11929 | prio=10 | https://repositorio.cepal.org/entities/publication/5e2908ea-e21a-452b-bfca-00fce209decf
[FULL_20_CEPAL] t=4806.9s | pag=2212 | files=1729 | data=206 | cola=11930 | prio=10 | https://cea.cepal.org/12/en/documents/statement-use-data-held-private-sector-purposes-official-statistics
[FULL_20_CEPAL] t=4807.5s | pag=2213 | files=1729 | data=206 | cola=11931 | prio=10 | https://repositorio.cepal.org/entities/publication/dc95e5f2-03c4-4a19-b463-21d6541a233e
[FULL_20_CEPAL] t=4820.4s | pag=2214 | files=1729 | data=207 | cola=11932 | prio=10 | https://repositorio.cepal.org/entities/publication/877a685b-d25b-45f0-aa60-74e8727026f7
[FULL_20_CEPAL] t=4832.5s | pag=2215 | files=1729 | data=208 | cola=11933 | prio=10 | https://cea.cepal.org/12/en/documents/resolution-13xii-twelfth-meeting-statistical-conference-americas
[FULL_20_CEPAL] t=4833.3s | pag=2216 | files=1729 | data=208 | cola=11934 | prio=10 | https://repositorio.cepal.org/entities/publication/61dffb00-0dd4-4ecb-b43a-9ec7c3566de9
[FULL_20_CEPAL] t=4846.4s | pag=2217 | files=1729 | data=209 | cola=11935 | prio=10 | https://repositorio.cepal.org/entities/publication/1f71f1bf-8285-4664-a75d-830b254ed93e
[FULL_20_CEPAL] t=4858.0s | pag=2218 | files=1729 | data=210 | cola=11936 | prio=10 | https://cea.cepal.org/12/en/news/official-statistics-are-indispensable-public-good-proper-functioning-societies-and-democracy
[FULL_20_CEPAL] t=4858.9s | pag=2219 | files=1729 | data=210 | cola=11937 | prio=10 | https://cea.cepal.org/12/en/news/countries-stress-need-have-sustainable-access-data-held-private-sector-official-statistical
[FULL_20_CEPAL] t=4860.0s | pag=2220 | files=1729 | data=210 | cola=11938 | prio=10 | https://cea.cepal.org/11/en/programme/progress-and-challenges-relating-strengthening-statistical-institutions
[FULL_20_CEPAL] t=4861.2s | pag=2221 | files=1729 | data=210 | cola=11951 | prio=10 | https://cea.cepal.org/11/es/file/472
[FULL_20_CEPAL] t=4862.0s | pag=2222 | files=1729 | data=210 | cola=11950 | prio=10 | https://cea.cepal.org/11/es/file/473
[FULL_20_CEPAL] t=4862.8s | pag=2223 | files=1729 | data=210 | cola=11949 | prio=10 | https://cea.cepal.org/11/es/file/474
[FULL_20_CEPAL] t=4864.1s | pag=2224 | files=1729 | data=210 | cola=11948 | prio=10 | https://cea.cepal.org/11/en/documents/report-eleventh-meeting-sca-eclac
[FULL_20_CEPAL] t=4864.6s | pag=2225 | files=1731 | data=210 | cola=11949 | prio=10 | https://repositorio.cepal.org/entities/publication/a80b0d5b-7426-4448-9ab2-4dc06b1897e8
[FULL_20_CEPAL] t=4877.0s | pag=2226 | files=1731 | data=211 | cola=11951 | prio=10 | https://repositorio.cepal.org/entities/publication/6b1fe167-e946-48b6-94a6-d11622610668
[FULL_20_CEPAL] t=4890.1s | pag=2227 | files=1731 | data=212 | cola=11952 | prio=10 | https://cea.cepal.org/11/en/news/authorities-will-analyze-progress-and-challenges-related-consolidating-statistical
[FULL_20_CEPAL] t=4890.8s | pag=2228 | files=1731 | data=212 | cola=11953 | prio=10 | https://www.cepal.org/es/eventos/xi-reunion-la-conferencia-estadistica-americas-la-cepal-0
[FULL_20_CEPAL] t=4891.9s | pag=2228 | files=1731 | data=212 | cola=11952 | prio=10 | https://cea.cepal.org/11/en/news/countries-stress-importance-statistics-raising-visibility-vulnerabilities-and-major
[FULL_20_CEPAL] t=4893.1s | pag=2229 | files=1731 | data=212 | cola=11954 | prio=10 | https://www.cepal.org/es/eventos/xix-reunion-comite-ejecutivo-la-conferencia-estadisticas-americas-la-cepal
[FULL_20_CEPAL] t=4893.9s | pag=2229 | files=1731 | data=212 | cola=11953 | prio=10 | https://estadisticas.cepal.org/cepalstat/portada.html
[FULL_20_CEPAL] t=4895.5s | pag=2230 | files=1731 | data=212 | cola=11952 | prio=10 | https://cea.cepal.org/11/en/videos-eleventh-meeting-statistical-conference
[FULL_20_CEPAL] t=4896.4s | pag=2231 | files=1731 | data=213 | cola=11951 | prio=10 | https://cea.cepal.org/10/en/programme/high-level-seminar-future-economic-statistics-latin-america-and-caribbean-side-event.html
[FULL_20_CEPAL] t=4897.6s | pag=2232 | files=1731 | data=213 | cola=11962 | prio=10 | https://cea.cepal.org/10/en/programme/meeting-heads-delegation-executive-committee-statistical-conference-americas-economic.html
[FULL_20_CEPAL] t=4898.3s | pag=2233 | files=1731 | data=213 | cola=11963 | prio=10 | https://cea.cepal.org/10/en/news/eclac-calls-breaking-statistical-silences-and-seeking-more-and-better-data-move-towards.html
[FULL_20_CEPAL] t=4899.5s | pag=2234 | files=1731 | data=213 | cola=11964 | prio=10 | https://repositorio.cepal.org/bitstreams/3774b7dc-1fe1-41a3-bfe8-b10d65a07df0/download
[FULL_20_CEPAL] t=4901.7s | pag=2234 | files=1732 | data=213 | cola=11963 | prio=10 | https://repositorio.cepal.org/entities/publication/26080d76-a626-4b81-812e-d896b1e99835/full
[FULL_20_CEPAL] t=4915.2s | pag=2235 | files=1732 | data=214 | cola=11962 | prio=10 | https://repositorio.cepal.org/bitstreams/3ead9947-b6c6-4702-b73c-4b5acba12482/download
[FULL_20_CEPAL] t=4919.5s | pag=2235 | files=1733 | data=214 | cola=11961 | prio=10 | https://repositorio.cepal.org/entities/publication/f40f8b8f-99ab-4bcb-a374-8ccd84414163/full
[FULL_20_CEPAL] t=4931.7s | pag=2236 | files=1733 | data=215 | cola=11960 | prio=10 | https://repositorio.cepal.org/bitstreams/f66ee271-0ca1-4c9a-acd7-d5a29909a19c/download
[FULL_20_CEPAL] t=4933.0s | pag=2236 | files=1734 | data=215 | cola=11959 | prio=10 | https://repositorio.cepal.org/entities/publication/af443496-7eaa-420c-b902-3b3ecf7b1e62/full
[FULL_20_CEPAL] t=4945.6s | pag=2237 | files=1734 | data=216 | cola=11958 | prio=10 | https://repositorio.cepal.org/bitstreams/22fd5454-05a8-4594-a859-7cba9fe8a7f3/download
[FULL_20_CEPAL] t=4947.3s | pag=2237 | files=1735 | data=216 | cola=11957 | prio=10 | https://repositorio.cepal.org/entities/publication/1b21ec9d-dde2-478d-8059-7f683c07e855/full
[FULL_20_CEPAL] t=4960.0s | pag=2238 | files=1735 | data=217 | cola=11956 | prio=10 | https://repositorio.cepal.org/bitstreams/15481753-8308-4e7e-8a56-4c756ab8e847/download
[FULL_20_CEPAL] t=4962.1s | pag=2238 | files=1736 | data=217 | cola=11955 | prio=10 | https://repositorio.cepal.org/entities/publication/661f5e69-ce44-4784-8d60-80d37093878f/full
[FULL_20_CEPAL] t=4974.2s | pag=2239 | files=1736 | data=218 | cola=11954 | prio=10 | https://repositorio.cepal.org/bitstreams/699f835c-72b1-4b7b-8853-30b1e9339aa3/download
[FULL_20_CEPAL] t=4975.8s | pag=2239 | files=1737 | data=218 | cola=11953 | prio=10 | https://repositorio.cepal.org/entities/publication/ec206a2f-9658-4bd2-9bea-5e11b8a388ba/full
[FULL_20_CEPAL] t=4987.9s | pag=2240 | files=1737 | data=219 | cola=11952 | prio=10 | https://www.cepal.org/en/events/transforming-small-area-estimation-innovations-and-capacity-building-national-statistical
[FULL_20_CEPAL] t=4988.9s | pag=2241 | files=1738 | data=219 | cola=11953 | prio=10 | https://repositorio.cepal.org/bitstreams/b0408963-70eb-4e40-b4c0-d30413d88e01/download
[FULL_20_CEPAL] t=4990.7s | pag=2241 | files=1739 | data=219 | cola=11952 | prio=10 | https://repositorio.cepal.org/entities/publication/338f6c72-492c-4229-892b-20715bcf1464/full
[FULL_20_CEPAL] t=5003.3s | pag=2242 | files=1739 | data=220 | cola=11951 | prio=10 | https://repositorio.cepal.org/bitstreams/13db4bf9-5dcf-4ccb-9220-343c2d1745d6/download
[FULL_20_CEPAL] t=5005.4s | pag=2242 | files=1740 | data=220 | cola=11950 | prio=10 | https://repositorio.cepal.org/entities/publication/6bf1089a-af9a-4f1d-ac2c-92722df471ad/full
[FULL_20_CEPAL] t=5017.7s | pag=2243 | files=1740 | data=221 | cola=11949 | prio=10 | https://repositorio.cepal.org/bitstreams/d8b64baf-60a6-46fd-975c-11d5bdd92638/download
[FULL_20_CEPAL] t=5019.2s | pag=2243 | files=1741 | data=221 | cola=11948 | prio=10 | https://repositorio.cepal.org/entities/publication/70f60730-34b0-4076-88b6-270959e826a8/full
[FULL_20_CEPAL] t=5031.4s | pag=2244 | files=1741 | data=222 | cola=11947 | prio=10 | https://repositorio.cepal.org/bitstreams/0342ee30-be1a-438f-bbc8-4ab66ce956b6/download
[FULL_20_CEPAL] t=5034.7s | pag=2244 | files=1742 | data=222 | cola=11946 | prio=10 | https://repositorio.cepal.org/entities/publication/17e6a19d-61b3-4a02-83aa-1e921bf8406f
[FULL_20_CEPAL] t=5048.8s | pag=2245 | files=1742 | data=223 | cola=11947 | prio=10 | https://repositorio.cepal.org/entities/publication/50e68b9d-94dc-468a-90cd-99e9120a0a0b/full
[FULL_20_CEPAL] t=5060.3s | pag=2246 | files=1742 | data=224 | cola=11946 | prio=10 | https://repositorio.cepal.org/bitstreams/5f7b91d3-cdab-4138-a1f5-d1ed7f185f4c/download
[FULL_20_CEPAL] t=5061.7s | pag=2246 | files=1743 | data=224 | cola=11945 | prio=10 | https://repositorio.cepal.org/entities/publication/058d590b-9faa-44eb-9a1b-000d63fcb34d/full
[FULL_20_CEPAL] DATASETS=225 | data_html_table | https://repositorio.cepal.org/entities/publication/058d590b-9faa-44eb-9a1b-000d63fcb34d/full
[FULL_20_CEPAL] t=5074.3s | pag=2247 | files=1743 | data=225 | cola=11944 | prio=10 | https://repositorio.cepal.org/bitstreams/16d21598-4cd9-4189-b53c-1c54c3060d89/download
[FULL_20_CEPAL] t=5077.6s | pag=2247 | files=1744 | data=225 | cola=11943 | prio=10 | https://repositorio.cepal.org/entities/publication/e59d0016-5522-4415-8dd4-05cd19f8dee4/full
[FULL_20_CEPAL] t=5090.9s | pag=2248 | files=1744 | data=226 | cola=11942 | prio=10 | https://repositorio.cepal.org/bitstreams/70dac1ee-8152-4b68-a5f8-417d22168a6e/download
[FULL_20_CEPAL] t=5092.9s | pag=2248 | files=1745 | data=226 | cola=11941 | prio=10 | https://repositorio.cepal.org/entities/publication/b5528317-cac3-4258-a220-a2363a1d55e8/full
[FULL_20_CEPAL] t=5105.7s | pag=2249 | files=1745 | data=226 | cola=11940 | prio=10 | https://repositorio.cepal.org/bitstreams/f04569e6-4f38-42e7-a32b-e0b298e0ab9c/download
[FULL_20_CEPAL] t=5108.3s | pag=2249 | files=1746 | data=226 | cola=11939 | prio=10 | https://repositorio.cepal.org/entities/publication/bacb9c11-e180-46f2-a1ae-48d83f5ee3b5/full
[FULL_20_CEPAL] t=5120.2s | pag=2250 | files=1746 | data=226 | cola=11938 | prio=10 | https://repositorio.cepal.org/bitstreams/f080fb8e-282c-4604-84b2-32a3c1b8bbdf/download
[FULL_20_CEPAL] t=5122.5s | pag=2250 | files=1747 | data=226 | cola=11937 | prio=10 | https://repositorio.cepal.org/entities/publication/99ac0afe-72cd-4c41-808f-83233eaadd62/full
[FULL_20_CEPAL] t=5134.1s | pag=2251 | files=1747 | data=226 | cola=11936 | prio=10 | https://repositorio.cepal.org/bitstreams/f7bc5783-69f0-427e-8283-0a8f5f9e81e8/download
[FULL_20_CEPAL] t=5136.2s | pag=2251 | files=1748 | data=226 | cola=11935 | prio=10 | https://repositorio.cepal.org/entities/publication/0910c7b5-3884-473a-a5bd-fae0fd4bf531/full
[FULL_20_CEPAL] t=5148.3s | pag=2252 | files=1748 | data=227 | cola=11934 | prio=10 | https://repositorio.cepal.org/bitstreams/932dc416-f94a-46cf-a644-46299e9f5e0f/download
[FULL_20_CEPAL] t=5149.7s | pag=2252 | files=1749 | data=227 | cola=11933 | prio=10 | https://repositorio.cepal.org/entities/publication/28d9e935-69a4-42f2-86c3-b53881ba6c06/full
[FULL_20_CEPAL] t=5161.6s | pag=2253 | files=1749 | data=228 | cola=11932 | prio=10 | https://repositorio.cepal.org/bitstreams/72ad8561-b268-43ce-b08d-b8f1f12708f9/download
[FULL_20_CEPAL] t=5163.2s | pag=2253 | files=1749 | data=228 | cola=11931 | prio=10 | https://repositorio.cepal.org/entities/publication/324d5c6c-8fe1-4be1-90cc-4c008a1d5f8f/full
[FULL_20_CEPAL] t=5175.3s | pag=2254 | files=1749 | data=228 | cola=11931 | prio=10 | https://repositorio.cepal.org/bitstreams/d7741f19-5182-4177-b12b-e73355558377/download
[FULL_20_CEPAL] t=5178.0s | pag=2254 | files=1750 | data=228 | cola=11930 | prio=10 | https://repositorio.cepal.org/entities/publication/6e02fcbd-cb32-4f26-aafa-c6baa22d3f7c/full
[FULL_20_CEPAL] t=5193.3s | pag=2255 | files=1750 | data=228 | cola=11929 | prio=10 | https://www.cepal.org/es/noticias/representantes-oficinas-nacionales-estadistica-comparten-innovaciones-lecciones-aprendidas
[FULL_20_CEPAL] t=5195.2s | pag=2256 | files=1750 | data=228 | cola=11931 | prio=10 | https://www.cepal.org/es/eventos/xxiii-reunion-comite-ejecutivo-la-conferencia-estadisticas-americas-la-cepal
[FULL_20_CEPAL] t=5196.0s | pag=2256 | files=1750 | data=228 | cola=11930 | prio=10 | https://live.cepal.org/estadisticas
[FULL_20_CEPAL] t=5197.6s | pag=2256 | files=1750 | data=228 | cola=11929 | prio=10 | https://www.cepal.org/en/publication-types-dspace-linked/eclac-headquarters-santiago-studies-and-research-papers
[FULL_20_CEPAL] t=5199.1s | pag=2257 | files=1750 | data=229 | cola=11938 | prio=10 | https://www.cepal.org/es/comunicados/primera-conferencia-estadistica-americas-la-cepal
[FULL_20_CEPAL] t=5201.5s | pag=2258 | files=1750 | data=229 | cola=11939 | prio=10 | https://www.cepal.org/es/comunicados/expertos-promueven-desarrollo-la-informacion-estadistica-la-region
[FULL_20_CEPAL] t=5203.7s | pag=2259 | files=1750 | data=229 | cola=11940 | prio=10 | https://www.cepal.org/es/comunicados/tercera-reunion-la-conferencia-estadistica-americas-la-cepal
[FULL_20_CEPAL] t=5205.7s | pag=2260 | files=1750 | data=229 | cola=11941 | prio=10 | https://www.cepal.org/sites/default/files/events/files/ddr1i_0.pd
[FULL_20_CEPAL] t=5207.2s | pag=2260 | files=1750 | data=229 | cola=11940 | prio=10 | https://repositorio.cepal.org/entities/publication/0f6f1ac4-ae87-4627-9090-f3ac8430c341
[FULL_20_CEPAL] t=5221.6s | pag=2261 | files=1750 | data=230 | cola=11943 | prio=10 | https://repositorio.cepal.org/entities/publication/2fe23ac9-a873-4498-85f7-c324610fa5f4
[FULL_20_CEPAL] t=5235.6s | pag=2262 | files=1750 | data=230 | cola=11946 | prio=10 | https://repositorio.cepal.org/entities/publication/8557c393-9317-4dcb-8ae9-88cb58f684fe
[FULL_20_CEPAL] t=5248.2s | pag=2263 | files=1750 | data=231 | cola=11947 | prio=10 | https://repositorio.cepal.org/entities/publication/4e82090d-68db-400a-9feb-50728014ea61
[FULL_20_CEPAL] t=5260.5s | pag=2264 | files=1750 | data=231 | cola=11949 | prio=10 | https://repositorio.cepal.org/entities/publication/e6d7cfcf-66ad-43db-b804-607e59bf3f53
[FULL_20_CEPAL] t=5272.8s | pag=2265 | files=1750 | data=231 | cola=11951 | prio=10 | https://repositorio.cepal.org/entities/publication/c2551bb8-4504-4e91-840f-1327c68873c8
[FULL_20_CEPAL] t=5285.3s | pag=2266 | files=1750 | data=231 | cola=11954 | prio=10 | https://repositorio.cepal.org/entities/publication/9177c216-ae58-44b1-96a5-4bce18202d1e
[FULL_20_CEPAL] t=5297.0s | pag=2267 | files=1750 | data=231 | cola=11956 | prio=10 | https://www.cepal.org/es/comunicados/firman-convenio-colaborar-fortalecimiento-desarrollo-estadisticas-oficiales
[FULL_20_CEPAL] t=5299.1s | pag=2268 | files=1750 | data=231 | cola=11958 | prio=10 | https://www.cepal.org/es/comunicados/cuarta-conferencia-estadistica-americas-busca-mejorar-calidad-comparabilidad-datos
[FULL_20_CEPAL] t=5300.4s | pag=2269 | files=1750 | data=231 | cola=11959 | prio=10 | https://www.cepal.org/es/comunicados/la-informacion-estadistica-es-esencial-fortalecimiento-la-democracia
[FULL_20_CEPAL] t=5302.4s | pag=2270 | files=1750 | data=231 | cola=11961 | prio=10 | https://www.cepal.org/es/eventos/seminario-estadisticas-ambientales-america-latina-caribe
[FULL_20_CEPAL] t=5304.0s | pag=2271 | files=1757 | data=231 | cola=11962 | prio=10 | https://www.cepal.org/es/comunicados/estadisticas-fiables-oportunas-son-indispensables-disenar-politicas-publicas-frente
[FULL_20_CEPAL] t=5306.1s | pag=2272 | files=1759 | data=231 | cola=11965 | prio=10 | https://www.cepal.org/es/publicaciones/40450-consenso-santo-domingo-duodecima-conferencia-regional-la-mujer-america-latina
[FULL_20_CEPAL] t=5308.2s | pag=2273 | files=1759 | data=231 | cola=11968 | prio=10 | https://www.cepal.org/en/publications/40451-santo-domingo-consensus-twelfth-session-regional-conference-women-latin-america
[FULL_20_CEPAL] t=5309.6s | pag=2274 | files=1759 | data=231 | cola=11970 | prio=10 | https://www.cepal.org/es/eventos/desarrollo-estadisticas-economicas-basicas-marco-sistema-cuentas-nacionales-scn2008-america
[FULL_20_CEPAL] t=5311.2s | pag=2275 | files=1772 | data=231 | cola=11971 | prio=10 | https://www.cepal.org/es/eventos/avances-desafios-la-incorporacion-enfoque-genero-la-produccion-estadistica-sistemas
[FULL_20_CEPAL] t=5313.4s | pag=2276 | files=1785 | data=231 | cola=11972 | prio=10 | https://www.cepal.org/es/eventos/fortalecimiento-institucional-oficinas-sistemas-nacionales-estadistica-promover-la-calidad
[FULL_20_CEPAL] t=5314.9s | pag=2277 | files=1792 | data=231 | cola=11973 | prio=10 | https://www.cepal.org/es/comunicados/paises-la-region-fortaleceran-estadisticas-pobreza-seguridad-publica-cooperacion-sur-sur
[FULL_20_CEPAL] t=5317.2s | pag=2278 | files=1792 | data=231 | cola=11975 | prio=10 | https://www.cepal.org/es/comunicados/cepal-impulsa-la-calidad-estadisticas-avanzar-la-igualdad
[FULL_20_CEPAL] t=5318.7s | pag=2279 | files=1792 | data=231 | cola=11976 | prio=10 | https://www.cepal.org/es/noticias/jefes-estadisticas-america-latina-caribe-se-reunen-la-cepal
[FULL_20_CEPAL] t=5320.3s | pag=2280 | files=1793 | data=231 | cola=11977 | prio=10 | https://repositorio.cepal.org/bitstreams/e33b79dd-dceb-4e26-ae54-777d4d12eb4a/download
[FULL_20_CEPAL] t=5325.4s | pag=2280 | files=1794 | data=231 | cola=11976 | prio=10 | https://repositorio.cepal.org/entities/publication/b078c9ad-6ee3-4e06-b137-21d6334253d4/full
[FULL_20_CEPAL] t=5337.1s | pag=2281 | files=1794 | data=232 | cola=11975 | prio=10 | https://www.cepal.org/es/discursos/tercera-reunion-comite-ejecutivo-la-conferencia-estadistica-americas-la-comision-economica
[FULL_20_CEPAL] t=5337.8s | pag=2282 | files=1794 | data=232 | cola=11977 | prio=10 | https://repositorio.cepal.org/server/api/core/bitstreams/9ad86d56-b9ec-4d3a-944f-cabe62cc867d/content
[FULL_20_CEPAL] t=5338.7s | pag=2282 | files=1795 | data=232 | cola=11976 | prio=10 | https://repositorio.cepal.org/server/api/core/bitstreams/9ebef682-a0c4-4b12-87d7-496ce02a0d6a/content
[FULL_20_CEPAL] t=5340.4s | pag=2282 | files=1796 | data=232 | cola=11975 | prio=10 | https://repositorio.cepal.org/server/api/core/bitstreams/a0cd0ef5-4102-4c42-af35-f870a62c0960/content
[FULL_20_CEPAL] t=5341.9s | pag=2282 | files=1797 | data=232 | cola=11974 | prio=10 | https://repositorio.cepal.org/server/api/core/bitstreams/c7800747-c8aa-4bf9-b7bb-99f0e6a1d757/content
[FULL_20_CEPAL] t=5343.7s | pag=2282 | files=1798 | data=232 | cola=11973 | prio=10 | https://repositorio.cepal.org/server/api/core/bitstreams/4e70ed36-1722-4638-a0ea-b593085e2950/content
[FULL_20_CEPAL] t=5344.8s | pag=2282 | files=1799 | data=232 | cola=11972 | prio=10 | https://repositorio.cepal.org/server/api/core/bitstreams/c95a6c2a-e7cb-46ee-87fd-b936a107e6f3/content
[FULL_20_CEPAL] t=5346.6s | pag=2282 | files=1800 | data=232 | cola=11971 | prio=10 | https://www.cepal.org/es/comunicados/quinta-reunion-comite-ejecutivo-la-conferencia-estadistica-americas
[FULL_20_CEPAL] t=5348.7s | pag=2283 | files=1800 | data=232 | cola=11973 | prio=10 | https://repositorio.cepal.org/server/api/core/bitstreams/d1a891e6-d353-4a1c-8bf9-b8a071f172b1/content
[FULL_20_CEPAL] t=5350.6s | pag=2283 | files=1801 | data=232 | cola=11972 | prio=10 | https://repositorio.cepal.org/server/api/core/bitstreams/d9d535b4-81ed-4064-be90-5c25daa76f2a/content
[FULL_20_CEPAL] t=5352.2s | pag=2283 | files=1802 | data=232 | cola=11971 | prio=10 | https://repositorio.cepal.org/server/api/core/bitstreams/5f40076b-c4a5-40d7-bbfb-1fb797240223/content
[FULL_20_CEPAL] t=5353.9s | pag=2283 | files=1803 | data=232 | cola=11970 | prio=10 | https://repositorio.cepal.org/server/api/core/bitstreams/5f61f747-473f-4f52-897f-2f14a2f8ec1f/content
[FULL_20_CEPAL] t=5355.4s | pag=2283 | files=1804 | data=232 | cola=11969 | prio=10 | https://repositorio.cepal.org/server/api/core/bitstreams/a0c5ae3d-12be-4815-9672-9b8ef13ba266/content
[FULL_20_CEPAL] t=5357.3s | pag=2283 | files=1805 | data=232 | cola=11968 | prio=10 | https://repositorio.cepal.org/server/api/core/bitstreams/08a1097c-af26-4671-8813-028b8c416de5/content
[FULL_20_CEPAL] t=5358.6s | pag=2283 | files=1806 | data=232 | cola=11967 | prio=10 | https://www.cepal.org/es/comunicados/acuerdos-desarrollo-la-capacidad-estadistica-la-region-como-apoyo-mejores-politicas
[FULL_20_CEPAL] t=5360.2s | pag=2284 | files=1806 | data=232 | cola=11969 | prio=10 | https://repositorio.cepal.org/server/api/core/bitstreams/a01542fe-018f-4883-9eb6-daa5ae23dfb3/content
[FULL_20_CEPAL] t=5361.7s | pag=2284 | files=1807 | data=232 | cola=11968 | prio=10 | https://repositorio.cepal.org/server/api/core/bitstreams/9eb2e2f7-884e-409d-ac99-bdbbc7316d5d/content
[FULL_20_CEPAL] t=5363.0s | pag=2284 | files=1808 | data=232 | cola=11967 | prio=10 | https://repositorio.cepal.org/server/api/core/bitstreams/da8fa37f-bfa9-41f1-879d-5af6e4c42de5/content
[FULL_20_CEPAL] t=5364.7s | pag=2284 | files=1809 | data=232 | cola=11966 | prio=10 | https://repositorio.cepal.org/server/api/core/bitstreams/2cfc194e-3ad9-44b5-838b-ffe4527a29f9/content
[FULL_20_CEPAL] t=5366.4s | pag=2284 | files=1810 | data=232 | cola=11965 | prio=10 | https://repositorio.cepal.org/server/api/core/bitstreams/018fb9a4-ccfa-4f89-9d45-333ef48a1396/content
[FULL_20_CEPAL] t=5367.9s | pag=2284 | files=1811 | data=232 | cola=11964 | prio=10 | https://repositorio.cepal.org/server/api/core/bitstreams/88ed9901-9a31-4983-ab79-168c4c8758d8/content
[FULL_20_CEPAL] t=5369.7s | pag=2284 | files=1812 | data=232 | cola=11963 | prio=10 | https://repositorio.cepal.org/server/api/core/bitstreams/330fe9d6-917b-4ee8-bda4-848f0740455e/content
[FULL_20_CEPAL] t=5371.2s | pag=2284 | files=1813 | data=232 | cola=11962 | prio=10 | https://repositorio.cepal.org/server/api/core/bitstreams/6b0e07c1-4b31-4aa7-a9ea-62d2582cf798/content
[FULL_20_CEPAL] t=5372.7s | pag=2284 | files=1814 | data=232 | cola=11961 | prio=10 | https://repositorio.cepal.org/server/api/core/bitstreams/9648bac2-6608-46f5-a85a-31108008e4d6/content
[FULL_20_CEPAL] t=5374.3s | pag=2284 | files=1815 | data=232 | cola=11960 | prio=10 | https://repositorio.cepal.org/server/api/core/bitstreams/67185ba0-8f7f-4e54-959d-bf140212b757/content
[FULL_20_CEPAL] t=5375.7s | pag=2284 | files=1816 | data=232 | cola=11959 | prio=10 | https://repositorio.cepal.org/server/api/core/bitstreams/6d558b68-477e-45ea-a5e7-07579cadaef6/content
[FULL_20_CEPAL] t=5377.5s | pag=2284 | files=1817 | data=232 | cola=11958 | prio=10 | https://www.cepal.org/es/comunicados/promoveran-desarrollo-estadisticas-genero-formulas-armonizar-mediciones-la-region
[FULL_20_CEPAL] t=5379.4s | pag=2285 | files=1817 | data=232 | cola=11959 | prio=10 | https://repositorio.cepal.org/server/api/core/bitstreams/c2e47f0d-ce29-480b-aa45-fed27f5497a5/content
[FULL_20_CEPAL] t=5380.9s | pag=2285 | files=1818 | data=232 | cola=11958 | prio=10 | https://repositorio.cepal.org/server/api/core/bitstreams/7bff9b68-85c7-4926-91b0-2c6e6b5e3cd3/content
[FULL_20_CEPAL] t=5382.4s | pag=2285 | files=1819 | data=232 | cola=11957 | prio=10 | https://repositorio.cepal.org/server/api/core/bitstreams/2bf8a9a2-a95e-4a14-8a32-708cd32ba273/content
[FULL_20_CEPAL] t=5384.2s | pag=2285 | files=1820 | data=232 | cola=11956 | prio=10 | https://repositorio.cepal.org/server/api/core/bitstreams/7978fbf8-3203-4c80-8dda-f1202ab416ca/content
[FULL_20_CEPAL] t=5385.7s | pag=2285 | files=1821 | data=232 | cola=11955 | prio=10 | https://repositorio.cepal.org/server/api/core/bitstreams/227135ab-f252-4319-b028-d3e1e5c780d2/content
[FULL_20_CEPAL] t=5386.8s | pag=2285 | files=1822 | data=232 | cola=11954 | prio=10 | https://repositorio.cepal.org/server/api/core/bitstreams/7edae364-9a2e-4c92-8df1-ce71c7511f37/content
[FULL_20_CEPAL] t=5388.0s | pag=2285 | files=1823 | data=232 | cola=11953 | prio=10 | https://repositorio.cepal.org/server/api/core/bitstreams/7d1aef9d-3a74-46c0-8a6a-de625779c127/content
[FULL_20_CEPAL] t=5389.9s | pag=2285 | files=1824 | data=232 | cola=11952 | prio=10 | https://repositorio.cepal.org/server/api/core/bitstreams/c87fb6c2-cacf-4ef3-b0db-aadb0673df33/content
[FULL_20_CEPAL] t=5391.3s | pag=2285 | files=1825 | data=232 | cola=11951 | prio=10 | https://repositorio.cepal.org/server/api/core/bitstreams/1a0028e7-2e30-46cc-bbc7-b79b0a15df33/content
[FULL_20_CEPAL] t=5392.7s | pag=2285 | files=1826 | data=232 | cola=11950 | prio=10 | https://repositorio.cepal.org/server/api/core/bitstreams/6d8ed7cb-c4fb-4267-a3b9-69878b806e6c/content
[FULL_20_CEPAL] t=5394.2s | pag=2285 | files=1827 | data=232 | cola=11949 | prio=10 | https://repositorio.cepal.org/server/api/core/bitstreams/bb27c5f2-5edb-4548-9d01-432d92a8b721/content
[FULL_20_CEPAL] t=5395.6s | pag=2285 | files=1828 | data=232 | cola=11948 | prio=10 | https://repositorio.cepal.org/server/api/core/bitstreams/3d05b6f0-c2c7-46ca-8b2f-b03ff335eec5/content
[FULL_20_CEPAL] t=5396.8s | pag=2285 | files=1829 | data=232 | cola=11947 | prio=10 | https://repositorio.cepal.org/server/api/core/bitstreams/493ec188-eec6-49f7-b6e5-f73c3ed30bd2/content
[FULL_20_CEPAL] t=5398.3s | pag=2285 | files=1830 | data=232 | cola=11946 | prio=10 | https://repositorio.cepal.org/server/api/core/bitstreams/bb5b6a3d-3c67-436b-84a5-5e8d0dfd28b3/content
[FULL_20_CEPAL] t=5399.9s | pag=2285 | files=1831 | data=232 | cola=11945 | prio=10 | https://repositorio.cepal.org/server/api/core/bitstreams/0c8f93f4-e409-44a8-88ec-3423bc7fce7a/content
[FULL_20_CEPAL] t=5401.3s | pag=2285 | files=1832 | data=232 | cola=11944 | prio=10 | https://repositorio.cepal.org/server/api/core/bitstreams/668721a6-9dbc-486d-9c3e-b0e1575887ac/content
[FULL_20_CEPAL] t=5403.1s | pag=2285 | files=1833 | data=232 | cola=11943 | prio=10 | https://repositorio.cepal.org/server/api/core/bitstreams/e3d7d487-cddb-4893-8860-3795d6c67ee6/content
[FULL_20_CEPAL] t=5404.6s | pag=2285 | files=1834 | data=232 | cola=11942 | prio=10 | https://repositorio.cepal.org/server/api/core/bitstreams/edb9284a-c3bd-46bb-a48e-37cc99ae13be/content
[FULL_20_CEPAL] t=5406.1s | pag=2285 | files=1835 | data=232 | cola=11941 | prio=10 | https://repositorio.cepal.org/server/api/core/bitstreams/e0d4796f-434c-4099-8e2c-3930ad9caeda/content
[FULL_20_CEPAL] t=5407.6s | pag=2285 | files=1836 | data=232 | cola=11940 | prio=10 | https://repositorio.cepal.org/server/api/core/bitstreams/6bba9032-7d02-4c14-9cf7-7a41f5a00c48/content
[FULL_20_CEPAL] t=5408.8s | pag=2285 | files=1837 | data=232 | cola=11939 | prio=10 | https://repositorio.cepal.org/server/api/core/bitstreams/c9186c00-e992-473e-9ef4-cf91a804cdeb/content
[FULL_20_CEPAL] t=5410.6s | pag=2285 | files=1838 | data=232 | cola=11938 | prio=10 | https://repositorio.cepal.org/server/api/core/bitstreams/3e9355ab-ffaa-459c-bf39-93955a767d15/content
[FULL_20_CEPAL] t=5411.9s | pag=2285 | files=1839 | data=232 | cola=11937 | prio=10 | https://repositorio.cepal.org/server/api/core/bitstreams/9b7a2a46-6ac7-41f3-b750-2f421f0548e3/content
[FULL_20_CEPAL] t=5413.2s | pag=2285 | files=1840 | data=232 | cola=11936 | prio=10 | https://repositorio.cepal.org/server/api/core/bitstreams/4b722c0d-b9f1-41de-81d4-865dfeebd9d5/content
[FULL_20_CEPAL] t=5414.4s | pag=2285 | files=1841 | data=232 | cola=11935 | prio=10 | https://repositorio.cepal.org/server/api/core/bitstreams/202442ed-e220-47f2-8bbf-2364f985b757/content
[FULL_20_CEPAL] t=5416.1s | pag=2285 | files=1842 | data=232 | cola=11934 | prio=10 | https://repositorio.cepal.org/server/api/core/bitstreams/fde92aaf-62ae-4654-97e7-cf482df97111/content
[FULL_20_CEPAL] t=5417.3s | pag=2285 | files=1843 | data=232 | cola=11933 | prio=10 | https://repositorio.cepal.org/server/api/core/bitstreams/4c70fc8a-3875-4aa4-b59e-5583ffd331ea/content
[FULL_20_CEPAL] t=5418.6s | pag=2285 | files=1844 | data=232 | cola=11932 | prio=10 | https://repositorio.cepal.org/server/api/core/bitstreams/4dd80d9a-b0d9-460d-a0bf-aef6cc96573f/content
[FULL_20_CEPAL] t=5420.1s | pag=2285 | files=1845 | data=232 | cola=11931 | prio=10 | https://www.cepal.org/es/comunicados/paises-fortaleceran-desarrollo-estadisticas-tecnologias-informacion-genero-migracion
[FULL_20_CEPAL] t=5421.9s | pag=2286 | files=1845 | data=232 | cola=11933 | prio=10 | https://www.cepal.org/es/comunicados/llaman-agilizar-desarrollo-estadisticas-america-latina-caribe
[FULL_20_CEPAL] t=5422.8s | pag=2287 | files=1845 | data=232 | cola=11934 | prio=10 | https://repositorio.cepal.org/server/api/core/bitstreams/5026b3e0-2fa0-4117-801e-4faa758f5e83/content
[FULL_20_CEPAL] t=5424.5s | pag=2287 | files=1846 | data=232 | cola=11933 | prio=10 | https://repositorio.cepal.org/server/api/core/bitstreams/842955be-0924-43af-b288-bc2485328766/content
[FULL_20_CEPAL] t=5426.2s | pag=2287 | files=1847 | data=232 | cola=11932 | prio=10 | https://repositorio.cepal.org/server/api/core/bitstreams/da9a9dc6-dd02-4991-9578-b8b980af8fac/content
[FULL_20_CEPAL] t=5427.8s | pag=2287 | files=1848 | data=232 | cola=11931 | prio=10 | https://repositorio.cepal.org/server/api/core/bitstreams/3af1dd5f-d795-488c-89a0-d192ad2b89c8/content
[FULL_20_CEPAL] t=5429.0s | pag=2287 | files=1849 | data=232 | cola=11930 | prio=10 | https://repositorio.cepal.org/server/api/core/bitstreams/6ccbf648-89d0-4a2f-90f2-42d07f0ab808/content
[FULL_20_CEPAL] t=5430.4s | pag=2287 | files=1850 | data=232 | cola=11929 | prio=10 | https://repositorio.cepal.org/server/api/core/bitstreams/d506bece-4a09-4b63-9d3f-8b3f8ec16546/content
[FULL_20_CEPAL] t=5431.6s | pag=2287 | files=1851 | data=232 | cola=11928 | prio=10 | https://repositorio.cepal.org/server/api/core/bitstreams/5adcd8c0-32b1-47bf-b2e0-449eeb1e1dcf/content
[FULL_20_CEPAL] t=5433.3s | pag=2287 | files=1852 | data=232 | cola=11927 | prio=10 | https://repositorio.cepal.org/server/api/core/bitstreams/e8b0cd86-0d61-4f0d-831b-ea17619567be/content
[FULL_20_CEPAL] t=5434.8s | pag=2287 | files=1853 | data=232 | cola=11926 | prio=10 | https://repositorio.cepal.org/server/api/core/bitstreams/ad74e155-18c3-45ec-89a2-b062d5ae5fa4/content
[FULL_20_CEPAL] t=5436.2s | pag=2287 | files=1854 | data=232 | cola=11925 | prio=10 | https://repositorio.cepal.org/server/api/core/bitstreams/269a8765-f9e1-4d94-bb5a-c2834db2440f/content
[FULL_20_CEPAL] t=5437.7s | pag=2287 | files=1855 | data=232 | cola=11924 | prio=10 | https://repositorio.cepal.org/server/api/core/bitstreams/f5ce82d4-8631-442f-be95-d2e64d18b8bd/content
[FULL_20_CEPAL] t=5439.1s | pag=2287 | files=1856 | data=232 | cola=11923 | prio=10 | https://repositorio.cepal.org/server/api/core/bitstreams/fe9e2d72-1d7c-4a00-8be2-8f9e4a246d0a/content
[FULL_20_CEPAL] t=5440.9s | pag=2287 | files=1857 | data=232 | cola=11922 | prio=10 | https://repositorio.cepal.org/server/api/core/bitstreams/e2f18889-8c77-413a-8a0d-4a99d68d1781/content
[FULL_20_CEPAL] t=5442.5s | pag=2287 | files=1858 | data=232 | cola=11921 | prio=10 | https://repositorio.cepal.org/server/api/core/bitstreams/b365bdd4-33e1-4456-873c-2887dddf2473/content
[FULL_20_CEPAL] t=5443.9s | pag=2287 | files=1859 | data=232 | cola=11920 | prio=10 | https://repositorio.cepal.org/server/api/core/bitstreams/44db30c1-6df1-4463-b0bc-8ae63cf72c30/content
[FULL_20_CEPAL] t=5445.4s | pag=2287 | files=1860 | data=232 | cola=11919 | prio=10 | https://repositorio.cepal.org/server/api/core/bitstreams/4ae267a9-1052-4d21-8638-ba1ce17eda9f/content
[FULL_20_CEPAL] t=5447.0s | pag=2287 | files=1861 | data=232 | cola=11918 | prio=10 | https://repositorio.cepal.org/server/api/core/bitstreams/2fd465cc-3f8c-4c67-b750-28ff61cc2d94/content
[FULL_20_CEPAL] t=5448.6s | pag=2287 | files=1862 | data=232 | cola=11917 | prio=10 | https://repositorio.cepal.org/server/api/core/bitstreams/6004d819-f172-4d4b-b623-f15cecff6707/content
[FULL_20_CEPAL] t=5450.0s | pag=2287 | files=1863 | data=232 | cola=11916 | prio=10 | https://repositorio.cepal.org/server/api/core/bitstreams/04783b8b-c486-43c2-9b95-fbf93b8354f1/content
[FULL_20_CEPAL] t=5451.6s | pag=2287 | files=1864 | data=232 | cola=11915 | prio=10 | https://repositorio.cepal.org/server/api/core/bitstreams/39d668c1-ebbf-43fa-bf4e-426d21bfb054/content
[FULL_20_CEPAL] t=5453.1s | pag=2287 | files=1865 | data=232 | cola=11914 | prio=10 | https://repositorio.cepal.org/server/api/core/bitstreams/72c3a032-271f-439b-b0db-4f6da578377f/content
[FULL_20_CEPAL] t=5454.9s | pag=2287 | files=1866 | data=232 | cola=11913 | prio=10 | https://repositorio.cepal.org/server/api/core/bitstreams/92195f08-769e-405e-b919-520b1a3d9c04/content
[FULL_20_CEPAL] t=5456.0s | pag=2287 | files=1867 | data=232 | cola=11912 | prio=10 | https://repositorio.cepal.org/server/api/core/bitstreams/e7b2a852-a608-45c9-bd64-b681f5939021/content
[FULL_20_CEPAL] t=5457.5s | pag=2287 | files=1868 | data=232 | cola=11911 | prio=10 | https://repositorio.cepal.org/server/api/core/bitstreams/e609f6d0-231d-430f-88bd-442b93d74a79/content
[FULL_20_CEPAL] t=5458.8s | pag=2287 | files=1869 | data=232 | cola=11910 | prio=10 | https://repositorio.cepal.org/server/api/core/bitstreams/ca6b9aa8-60d0-4f73-ba10-cd3768a8761e/content
[FULL_20_CEPAL] t=5460.2s | pag=2287 | files=1870 | data=232 | cola=11909 | prio=10 | https://repositorio.cepal.org/server/api/core/bitstreams/d0046e1c-625f-481b-95f0-05aae4c68e32/content
[FULL_20_CEPAL] t=5461.7s | pag=2287 | files=1871 | data=232 | cola=11908 | prio=10 | https://www.cepal.org/es/comunicados/paises-miembros-la-cepal-analizaran-desarrollo-estadisticas-america-latina-caribe
[FULL_20_CEPAL] t=5463.7s | pag=2288 | files=1871 | data=232 | cola=11910 | prio=10 | https://www.cepal.org/es/comunicados/comenzo-reunion-comite-ejecutivo-la-conferencia-estadistica-americas
[FULL_20_CEPAL] t=5465.7s | pag=2289 | files=1871 | data=232 | cola=11911 | prio=10 | https://repositorio.cepal.org/server/api/core/bitstreams/7f5b1c06-6b9f-4ff7-95ba-9c74476afea9/content
[FULL_20_CEPAL] t=5467.0s | pag=2289 | files=1872 | data=232 | cola=11910 | prio=10 | https://repositorio.cepal.org/server/api/core/bitstreams/857fb35f-8b43-4592-9008-630aab3bbe8f/content
[FULL_20_CEPAL] t=5468.7s | pag=2289 | files=1873 | data=232 | cola=11909 | prio=10 | https://repositorio.cepal.org/server/api/core/bitstreams/36b98f6a-69aa-4373-9178-7465d6022423/content
[FULL_20_CEPAL] t=5470.2s | pag=2289 | files=1874 | data=232 | cola=11908 | prio=10 | https://repositorio.cepal.org/server/api/core/bitstreams/ff53123b-d13f-4e17-8e09-a25375f3d1c6/content
[FULL_20_CEPAL] t=5471.6s | pag=2289 | files=1875 | data=232 | cola=11907 | prio=10 | https://repositorio.cepal.org/server/api/core/bitstreams/f5e3eaa8-9604-4fa0-9c0f-5a0968072371/content
[FULL_20_CEPAL] t=5472.7s | pag=2289 | files=1876 | data=232 | cola=11906 | prio=10 | https://repositorio.cepal.org/server/api/core/bitstreams/73b80b6c-e9ee-427d-969e-25759f0bd3ff/content
[FULL_20_CEPAL] t=5474.2s | pag=2289 | files=1877 | data=232 | cola=11905 | prio=10 | https://repositorio.cepal.org/server/api/core/bitstreams/2b6b9dbc-fbe9-49a1-9037-6ff2af6b2f73/content
[FULL_20_CEPAL] t=5475.6s | pag=2289 | files=1878 | data=232 | cola=11904 | prio=10 | https://repositorio.cepal.org/server/api/core/bitstreams/215b6994-dcba-42eb-b1cd-4d15a01467d1/content
[FULL_20_CEPAL] t=5477.2s | pag=2289 | files=1879 | data=232 | cola=11903 | prio=10 | https://repositorio.cepal.org/server/api/core/bitstreams/e0f92e9d-e5f5-43c0-992e-1d06b35f9aea/content
[FULL_20_CEPAL] t=5478.7s | pag=2289 | files=1880 | data=232 | cola=11902 | prio=10 | https://repositorio.cepal.org/bitstreams/f42d56f1-9512-4eb8-9249-f896f9c37b52/download
[FULL_20_CEPAL] t=5481.2s | pag=2289 | files=1881 | data=232 | cola=11901 | prio=10 | https://repositorio.cepal.org/bitstreams/204f685d-4dc5-4318-9bcb-fa93216528dd/download
[FULL_20_CEPAL] t=5485.3s | pag=2289 | files=1882 | data=232 | cola=11900 | prio=10 | https://repositorio.cepal.org/entities/publication/577c7ae5-1d77-446e-9e7e-58b0651cd09c
[FULL_20_CEPAL] t=5498.5s | pag=2290 | files=1882 | data=232 | cola=11902 | prio=10 | https://repositorio.cepal.org/entities/publication/2410da5f-6551-4ee8-9903-d806ebe96081
[FULL_20_CEPAL] t=5510.4s | pag=2291 | files=1882 | data=232 | cola=11903 | prio=10 | https://repositorio.cepal.org/entities/publication/618b88b8-2249-4493-ae6c-d1994803d631
[FULL_20_CEPAL] t=5522.9s | pag=2292 | files=1882 | data=232 | cola=11904 | prio=10 | https://repositorio.cepal.org/entities/publication/3ae1b83a-754a-40b1-9ee9-719a129aac9f
[FULL_20_CEPAL] t=5534.5s | pag=2293 | files=1882 | data=232 | cola=11905 | prio=10 | https://repositorio.cepal.org/entities/publication/00877608-64f6-4018-97d2-a551ec9ca122
[FULL_20_CEPAL] t=5546.9s | pag=2294 | files=1882 | data=233 | cola=11906 | prio=10 | https://repositorio.cepal.org/entities/publication/e0ce1baf-08f7-4908-84c4-379fe65545c8
[FULL_20_CEPAL] t=5558.3s | pag=2295 | files=1882 | data=234 | cola=11907 | prio=10 | https://repositorio.cepal.org/entities/publication/3a62082f-a311-44f3-9757-c2972a6f671c
[FULL_20_CEPAL] t=5573.6s | pag=2295 | files=1882 | data=234 | cola=11906 | prio=10 | https://repositorio.cepal.org/entities/publication/bf13a5c4-3302-4a81-8067-51288b40590a
[FULL_20_CEPAL] t=5586.4s | pag=2296 | files=1882 | data=234 | cola=11907 | prio=10 | https://repositorio.cepal.org/entities/publication/80a8748a-9575-4216-aa48-7ee3f1b06517
[FULL_20_CEPAL] t=5598.5s | pag=2297 | files=1882 | data=234 | cola=11908 | prio=10 | https://repositorio.cepal.org/entities/publication/5f35cba6-87f0-4f11-a482-484c9eeb637c
[FULL_20_CEPAL] t=5610.4s | pag=2298 | files=1882 | data=234 | cola=11909 | prio=10 | https://repositorio.cepal.org/entities/publication/a7fac63e-6886-4c49-a277-1e42be804201
[FULL_20_CEPAL] t=5622.5s | pag=2299 | files=1882 | data=234 | cola=11910 | prio=10 | https://repositorio.cepal.org/entities/publication/ac3dfbbb-9e28-459a-8aae-1147215fbae5
[FULL_20_CEPAL] t=5635.2s | pag=2300 | files=1882 | data=235 | cola=11911 | prio=10 | https://repositorio.cepal.org/entities/publication/9650b4ec-90d9-4e39-a867-abd629e5e3e0
[FULL_20_CEPAL] t=5646.5s | pag=2301 | files=1882 | data=236 | cola=11912 | prio=10 | https://repositorio.cepal.org/entities/publication/542e26f1-12d4-4f73-897d-5806565de73f
[FULL_20_CEPAL] t=5658.7s | pag=2302 | files=1882 | data=237 | cola=11913 | prio=10 | https://repositorio.cepal.org/entities/publication/8601618e-c10b-4dd5-b47e-dfa597df4a49
[FULL_20_CEPAL] t=5670.8s | pag=2303 | files=1882 | data=238 | cola=11914 | prio=10 | https://repositorio.cepal.org/entities/publication/42008053-96f9-4993-91bb-bace0d0b9a29
[FULL_20_CEPAL] t=5683.2s | pag=2304 | files=1882 | data=238 | cola=11915 | prio=10 | https://repositorio.cepal.org/entities/publication/b191e2f8-b1a5-4acf-a8d0-5b93c116fc15
[FULL_20_CEPAL] t=5695.9s | pag=2305 | files=1882 | data=238 | cola=11916 | prio=10 | https://repositorio.cepal.org/entities/publication/2c778efa-0c4d-452b-b851-c15d45945b59
[FULL_20_CEPAL] t=5709.9s | pag=2306 | files=1882 | data=239 | cola=11917 | prio=10 | https://repositorio.cepal.org/entities/publication/3772b285-ff9c-40b9-ab2f-0ca319ec39a7
[FULL_20_CEPAL] t=5723.3s | pag=2307 | files=1882 | data=240 | cola=11918 | prio=10 | https://repositorio.cepal.org/entities/publication/48e74845-e103-4ada-bb49-1762368df7c5
[FULL_20_CEPAL] t=5735.3s | pag=2308 | files=1882 | data=241 | cola=11919 | prio=10 | https://repositorio.cepal.org/entities/publication/feaa9f72-5ee6-4134-b020-c03e836aaa90
[FULL_20_CEPAL] t=5750.9s | pag=2309 | files=1882 | data=242 | cola=11920 | prio=10 | https://repositorio.cepal.org/entities/publication/3e735340-b96e-4462-bd7a-4a08026112cc
[FULL_20_CEPAL] t=5764.0s | pag=2310 | files=1882 | data=242 | cola=11921 | prio=10 | https://repositorio.cepal.org/entities/publication/43d9bcd8-642e-4d17-961e-66225d1bcbff
[FULL_20_CEPAL] t=5776.1s | pag=2311 | files=1882 | data=242 | cola=11922 | prio=10 | https://repositorio.cepal.org/entities/publication/875453ef-bb55-4c7d-9676-c071f68f67f2
[FULL_20_CEPAL] t=5789.4s | pag=2312 | files=1882 | data=243 | cola=11923 | prio=10 | https://repositorio.cepal.org/entities/publication/415a983a-ad64-4707-877f-5548fd7143fd
[FULL_20_CEPAL] t=5804.1s | pag=2313 | files=1882 | data=244 | cola=11924 | prio=10 | https://repositorio.cepal.org/entities/publication/f33f1cf9-b31c-4d29-854a-517c0ee782ce
[FULL_20_CEPAL] t=5819.1s | pag=2313 | files=1882 | data=244 | cola=11923 | prio=10 | https://repositorio.cepal.org/entities/publication/dce13bf1-1189-4790-844c-5de08bea224a
[FULL_20_CEPAL] t=5832.6s | pag=2314 | files=1882 | data=244 | cola=11924 | prio=10 | https://repositorio.cepal.org/entities/publication/e0d321ea-5277-48f7-9aba-afa4d33c6be3
[FULL_20_CEPAL] t=5845.2s | pag=2315 | files=1882 | data=244 | cola=11925 | prio=10 | https://repositorio.cepal.org/entities/publication/1b21426d-9af8-432b-a8f8-cbb54a4827b8
[FULL_20_CEPAL] t=5858.1s | pag=2316 | files=1882 | data=244 | cola=11926 | prio=10 | https://repositorio.cepal.org/entities/publication/09bfcd62-624a-4013-8047-bd9ed495b219
[FULL_20_CEPAL] t=5869.4s | pag=2317 | files=1882 | data=244 | cola=11927 | prio=10 | https://repositorio.cepal.org/entities/publication/d6319cdd-9d87-45b7-a4f7-0e4678f3e1a7
[FULL_20_CEPAL] t=5882.4s | pag=2318 | files=1882 | data=244 | cola=11928 | prio=10 | https://repositorio.cepal.org/server/api/core/bitstreams/23d91160-91f7-44d8-95c8-5e177a75ac64/content
[FULL_20_CEPAL] t=5883.3s | pag=2318 | files=1883 | data=244 | cola=11927 | prio=10 | https://www.cepal.org/es/comunicados/seguridad-ciudadana-estadisticas-trabajo-seran-temas-centrales-encuentro-la-cepal
[FULL_20_CEPAL] t=5884.4s | pag=2319 | files=1883 | data=244 | cola=11929 | prio=10 | https://repositorio.cepal.org/server/api/core/bitstreams/5e47931a-620c-4754-8b10-3883722fef83/content
[FULL_20_CEPAL] t=5886.1s | pag=2319 | files=1884 | data=244 | cola=11928 | prio=10 | https://repositorio.cepal.org/server/api/core/bitstreams/db50f658-8bb2-4099-8fec-2e91a038f319/content
[FULL_20_CEPAL] t=5888.2s | pag=2319 | files=1885 | data=244 | cola=11927 | prio=10 | https://repositorio.cepal.org/entities/publication/99bd3ec8-2802-4127-b8ff-ac9a43ae5f3f
[FULL_20_CEPAL] t=5901.2s | pag=2320 | files=1885 | data=244 | cola=11929 | prio=10 | https://repositorio.cepal.org/entities/publication/2b99d5fc-60fa-4207-a992-0d72407a7671
[FULL_20_CEPAL] t=5916.8s | pag=2320 | files=1885 | data=244 | cola=11928 | prio=10 | https://repositorio.cepal.org/entities/publication/dd260045-a1e7-4627-bbf2-adec034d3e52
[FULL_20_CEPAL] t=5930.7s | pag=2321 | files=1885 | data=244 | cola=11929 | prio=10 | https://repositorio.cepal.org/entities/publication/b36af71a-f00f-4441-8577-b2e9ab415f23
[FULL_20_CEPAL] t=5943.5s | pag=2322 | files=1885 | data=244 | cola=11930 | prio=10 | https://repositorio.cepal.org/entities/publication/1b8658ab-a64e-46c3-ad11-2f9b1c417040
[FULL_20_CEPAL] t=5956.6s | pag=2323 | files=1885 | data=244 | cola=11931 | prio=10 | https://repositorio.cepal.org/entities/publication/c06f0d0e-c9c4-45de-a57f-61dbcbe8a0ab
[FULL_20_CEPAL] t=5969.8s | pag=2324 | files=1885 | data=244 | cola=11932 | prio=10 | https://repositorio.cepal.org/entities/publication/bc1f83e5-ca2f-433a-b252-61d1257bf847
[FULL_20_CEPAL] t=5981.8s | pag=2325 | files=1885 | data=244 | cola=11933 | prio=10 | https://repositorio.cepal.org/entities/publication/49e44b27-efd6-4f8d-b52f-2fdc84052298
[FULL_20_CEPAL] t=5993.9s | pag=2326 | files=1885 | data=245 | cola=11934 | prio=10 | https://repositorio.cepal.org/entities/publication/43187f7f-c197-4ad5-a9cc-0eae5e69abf3
[FULL_20_CEPAL] t=6009.4s | pag=2326 | files=1885 | data=245 | cola=11933 | prio=10 | https://repositorio.cepal.org/entities/publication/0334f881-ed4f-4886-9e63-44139f1d7bd6
[FULL_20_CEPAL] t=6024.5s | pag=2327 | files=1885 | data=246 | cola=11935 | prio=10 | https://repositorio.cepal.org/entities/publication/d677dfa2-1c17-44ef-8c5a-023243832b1e
[FULL_20_CEPAL] t=6037.5s | pag=2328 | files=1885 | data=247 | cola=11936 | prio=10 | https://repositorio.cepal.org/entities/publication/04095a65-0012-42eb-bdcd-dc140bac65cc
[FULL_20_CEPAL] t=6052.8s | pag=2328 | files=1885 | data=247 | cola=11935 | prio=10 | https://www.cepal.org/es/comunicados/medicion-multidimensional-la-pobreza-indicadores-alerta-temprana-seran-analizados
[FULL_20_CEPAL] t=6054.2s | pag=2329 | files=1885 | data=247 | cola=11937 | prio=10 | https://repositorio.cepal.org/server/api/core/bitstreams/7bd21b4b-6aec-4052-89e2-15fb1130b324/content
[FULL_20_CEPAL] t=6056.2s | pag=2329 | files=1886 | data=247 | cola=11936 | prio=10 | https://repositorio.cepal.org/server/api/core/bitstreams/b8724af0-c12c-4326-8808-6600dc18d845/content
[FULL_20_CEPAL] t=6058.3s | pag=2329 | files=1887 | data=247 | cola=11935 | prio=10 | https://repositorio.cepal.org/server/api/core/bitstreams/6ded62e1-5f78-4c9e-a43a-b00cbd6fa555/content
[FULL_20_CEPAL] t=6060.3s | pag=2329 | files=1888 | data=247 | cola=11934 | prio=10 | https://repositorio.cepal.org/handle/11362/36906
[FULL_20_CEPAL] t=6074.0s | pag=2330 | files=1888 | data=248 | cola=11935 | prio=10 | https://repositorio.cepal.org/handle/11362/36945
[FULL_20_CEPAL] t=6088.4s | pag=2331 | files=1888 | data=249 | cola=11936 | prio=10 | https://repositorio.cepal.org/handle/11362/36909
[FULL_20_CEPAL] t=6102.6s | pag=2332 | files=1888 | data=249 | cola=11937 | prio=10 | https://repositorio.cepal.org/handle/11362/36943
[FULL_20_CEPAL] t=6116.1s | pag=2333 | files=1888 | data=249 | cola=11938 | prio=10 | https://repositorio.cepal.org/handle/11362/36946
[FULL_20_CEPAL] DATASETS=250 | exportable_data_page | https://repositorio.cepal.org/handle/11362/36946
[FULL_20_CEPAL] t=6129.6s | pag=2334 | files=1888 | data=250 | cola=11939 | prio=10 | https://repositorio.cepal.org/handle/11362/36947
[FULL_20_CEPAL] t=6142.6s | pag=2335 | files=1888 | data=251 | cola=11940 | prio=10 | https://www.cepal.org/es/noticias/informe-llama-la-region-incorporar-lineamientos-internacionales-medir-la-discapacidad
[FULL_20_CEPAL] t=6143.2s | pag=2336 | files=1890 | data=251 | cola=11943 | prio=10 | https://www.cepal.org/es/comunicados/cepal-urge-fortalecer-instituciones-estadisticas-la-region-contribuir-la-agenda
[FULL_20_CEPAL] t=6145.1s | pag=2337 | files=1892 | data=251 | cola=11945 | prio=10 | https://repositorio.cepal.org/server/api/core/bitstreams/8e32a2ee-0efd-4d15-8300-c2b28c1bd5e9/content
[FULL_20_CEPAL] t=6145.7s | pag=2337 | files=1893 | data=251 | cola=11944 | prio=10 | https://repositorio.cepal.org/server/api/core/bitstreams/d6032832-1bcc-45c8-9fb7-4828c8460619/content
[FULL_20_CEPAL] t=6147.5s | pag=2337 | files=1894 | data=251 | cola=11943 | prio=10 | https://repositorio.cepal.org/server/api/core/bitstreams/99d5cd2d-3347-4db5-b193-2bb836af9e1a/content
[FULL_20_CEPAL] t=6148.9s | pag=2337 | files=1895 | data=251 | cola=11942 | prio=10 | https://repositorio.cepal.org/handle/11362/38224
[FULL_20_CEPAL] t=6162.3s | pag=2338 | files=1895 | data=252 | cola=11944 | prio=10 | https://repositorio.cepal.org//handle/11362/38225
[FULL_20_CEPAL] t=6174.8s | pag=2339 | files=1895 | data=253 | cola=11945 | prio=10 | https://repositorio.cepal.org/handle/11362/38319
[FULL_20_CEPAL] t=6187.2s | pag=2340 | files=1895 | data=254 | cola=11946 | prio=10 | https://repositorio.cepal.org/handle/11362/38316
[FULL_20_CEPAL] t=6199.8s | pag=2341 | files=1895 | data=254 | cola=11947 | prio=10 | https://repositorio.cepal.org/handle/11362/38317
[FULL_20_CEPAL] t=6211.7s | pag=2342 | files=1895 | data=254 | cola=11948 | prio=10 | https://repositorio.cepal.org/entities/publication/61b0fcd7-9bc6-41c9-8a43-a8c1825ced0f
[FULL_20_CEPAL] t=6223.6s | pag=2343 | files=1895 | data=255 | cola=11950 | prio=10 | https://repositorio.cepal.org/entities/publication/3d6538a1-05f8-40ab-98c4-50b8c46373db
[FULL_20_CEPAL] t=6236.1s | pag=2344 | files=1895 | data=256 | cola=11951 | prio=10 | https://repositorio.cepal.org/entities/publication/494156a5-499b-41e4-b29a-5482205a4f66
[FULL_20_CEPAL] t=6247.7s | pag=2345 | files=1895 | data=257 | cola=11953 | prio=10 | https://repositorio.cepal.org/entities/publication/802ae066-7bec-4f7f-9957-9c46d2b707c3
[FULL_20_CEPAL] t=6263.0s | pag=2345 | files=1895 | data=257 | cola=11952 | prio=10 | https://www.cepal.org/es/comunicados/organismos-estadisticas-la-region-avanzan-preparativos-la-nueva-agenda-desarrollo
[FULL_20_CEPAL] t=6264.0s | pag=2346 | files=1895 | data=257 | cola=11955 | prio=10 | https://repositorio.cepal.org/server/api/core/bitstreams/3621bd25-303e-40dd-8320-e33c6cb4d215/content
[FULL_20_CEPAL] t=6265.3s | pag=2346 | files=1896 | data=257 | cola=11954 | prio=10 | https://repositorio.cepal.org/server/api/core/bitstreams/634d5ce5-40f2-4e9d-94e2-5f77a6acacc6/content
[FULL_20_CEPAL] t=6266.8s | pag=2346 | files=1897 | data=257 | cola=11953 | prio=10 | https://repositorio.cepal.org/handle/11362/40191
[FULL_20_CEPAL] t=6280.2s | pag=2347 | files=1897 | data=258 | cola=11955 | prio=10 | https://repositorio.cepal.org/handle/11362/40210
[FULL_20_CEPAL] t=6292.5s | pag=2348 | files=1897 | data=258 | cola=11956 | prio=10 | https://repositorio.cepal.org/handle/11362/40212
[FULL_20_CEPAL] t=6303.9s | pag=2349 | files=1897 | data=258 | cola=11957 | prio=10 | https://repositorio.cepal.org/handle/11362/40270
[FULL_20_CEPAL] t=6315.5s | pag=2350 | files=1897 | data=259 | cola=11958 | prio=10 | https://repositorio.cepal.org/handle/11362/40192
[FULL_20_CEPAL] t=6327.6s | pag=2351 | files=1897 | data=260 | cola=11959 | prio=10 | https://repositorio.cepal.org/entities/publication/8b249582-6152-4d58-abd6-69c4f65c0a13
[FULL_20_CEPAL] t=6342.8s | pag=2351 | files=1897 | data=260 | cola=11958 | prio=10 | https://repositorio.cepal.org/entities/publication/8a1ce444-4880-4fbe-94ee-6b4ebbfc8c7d
[FULL_20_CEPAL] t=6344.3s | pag=2352 | files=1897 | data=261 | cola=11959 | prio=10 | https://www.cepal.org/es/eventos/reunion-conjunta-comites-ejecutivos-un-ggim-americas-la-conferencia-estadistica-americas-la
[FULL_20_CEPAL] t=6345.1s | pag=2353 | files=1900 | data=261 | cola=11961 | prio=10 | https://repositorio.cepal.org/server/api/core/bitstreams/fd05082e-1ca7-4e60-926f-07563cfca395/content
[FULL_20_CEPAL] t=6345.9s | pag=2353 | files=1901 | data=261 | cola=11960 | prio=10 | https://repositorio.cepal.org/server/api/core/bitstreams/d6c5d52c-3713-4a9c-a3e1-57fc4c05f549/content
[FULL_20_CEPAL] t=6347.5s | pag=2353 | files=1902 | data=261 | cola=11959 | prio=10 | https://repositorio.cepal.org/entities/publication/7d868032-332e-4da2-8e41-0be4dd693df2
[FULL_20_CEPAL] t=6363.2s | pag=2354 | files=1902 | data=262 | cola=11961 | prio=10 | https://repositorio.cepal.org/entities/publication/17b478ea-862b-451a-99d3-55d0d719fefa
[FULL_20_CEPAL] t=6375.6s | pag=2355 | files=1902 | data=263 | cola=11962 | prio=10 | https://repositorio.cepal.org/entities/publication/41056f0c-f3fa-4049-ac08-5f5a4dbc8df4
[FULL_20_CEPAL] t=6387.5s | pag=2356 | files=1902 | data=264 | cola=11963 | prio=10 | https://repositorio.cepal.org/entities/publication/77607087-6942-4554-ae04-4b3cb86d0f95
[FULL_20_CEPAL] t=6399.8s | pag=2357 | files=1902 | data=265 | cola=11964 | prio=10 | https://www.cepal.org/es/eventos/reunion-conjunta-la-conferencia-estadistica-americas-un-ggim-americas
[FULL_20_CEPAL] t=6401.4s | pag=2358 | files=1908 | data=265 | cola=11968 | prio=10 | https://www.cepal.org/es/discursos/inauguracion-xvi-comite-ejecutivo-la-conferencia-estadistica-americas
[FULL_20_CEPAL] t=6403.2s | pag=2359 | files=1909 | data=265 | cola=11971 | prio=10 | https://www.cepal.org/es/comunicados/jefes-estadisticas-la-region-se-reunen-la-cepal-revisar-marco-indicadores-la-agenda-2030
[FULL_20_CEPAL] t=6404.1s | pag=2360 | files=1909 | data=265 | cola=11975 | prio=10 | https://www.cepal.org/es/eventos/seminario-regional-la-implementacion-indicadores-objetivos-desarrollo-sostenible-avances-la
[FULL_20_CEPAL] t=6405.8s | pag=2361 | files=1941 | data=265 | cola=11976 | prio=10 | https://www.cepal.org/es/eventos/seminario-alto-nivel-la-integracion-fuentes-datos-tradicionales-sistemas-estadisticos
[FULL_20_CEPAL] t=6407.8s | pag=2362 | files=1965 | data=265 | cola=11977 | prio=10 | https://repositorio.cepal.org/server/api/core/bitstreams/c2fc4269-e36f-45f2-ac96-af4a899a79f3/content
[FULL_20_CEPAL] t=6408.3s | pag=2362 | files=1966 | data=265 | cola=11976 | prio=10 | https://repositorio.cepal.org/server/api/core/bitstreams/f481c2e2-d4fe-47f6-9623-b922093d6ca9/content
[FULL_20_CEPAL] t=6410.1s | pag=2362 | files=1967 | data=265 | cola=11975 | prio=10 | https://repositorio.cepal.org/handle/11362/44116
[FULL_20_CEPAL] t=6426.1s | pag=2363 | files=1967 | data=266 | cola=11977 | prio=10 | https://repositorio.cepal.org/handle/11362/44122
[FULL_20_CEPAL] t=6440.1s | pag=2364 | files=1967 | data=267 | cola=11978 | prio=10 | https://repositorio.cepal.org/handle/11362/44117
[FULL_20_CEPAL] t=6453.3s | pag=2365 | files=1967 | data=268 | cola=11979 | prio=10 | https://repositorio.cepal.org/handle/11362/44123
[FULL_20_CEPAL] t=6465.6s | pag=2366 | files=1967 | data=269 | cola=11980 | prio=10 | https://repositorio.cepal.org/handle/11362/44075
[FULL_20_CEPAL] t=6477.8s | pag=2367 | files=1967 | data=270 | cola=11981 | prio=10 | https://repositorio.cepal.org/handle/11362/42388
[FULL_20_CEPAL] t=6492.9s | pag=2367 | files=1967 | data=270 | cola=11980 | prio=10 | https://repositorio.cepal.org/handle/11362/42397
[FULL_20_CEPAL] t=6509.1s | pag=2367 | files=1967 | data=270 | cola=11979 | prio=10 | https://repositorio.cepal.org/handle/11362/43333
[FULL_20_CEPAL] t=6525.5s | pag=2367 | files=1967 | data=270 | cola=11978 | prio=10 | https://repositorio.cepal.org/handle/11362/39274
[FULL_20_CEPAL] t=6541.9s | pag=2367 | files=1967 | data=270 | cola=11977 | prio=10 | https://www.cepal.org/es/comunicados/paises-america-latina-caribe-evaluan-cepal-conjunto-indicadores-priorizados-0
[FULL_20_CEPAL] t=6543.5s | pag=2368 | files=1967 | data=270 | cola=11979 | prio=10 | https://www.cepal.org/es/noticias/expertos-america-latina-caribe-europa-destacan-importancia-integracion-fuentes-datos
[FULL_20_CEPAL] t=6545.0s | pag=2369 | files=1967 | data=270 | cola=11980 | prio=10 | https://repositorio.cepal.org/server/api/core/bitstreams/cf82f3da-73ae-43c9-9167-814c861bfaa8/content
[FULL_20_CEPAL] t=6546.4s | pag=2369 | files=1968 | data=270 | cola=11979 | prio=10 | https://cea.cepal.org/9/en/documents/biennial-programme-regional-and-international-cooperation-activities-2018-2019-statistical
[FULL_20_CEPAL] t=6548.0s | pag=2370 | files=1968 | data=270 | cola=11993 | prio=10 | https://repositorio.cepal.org/server/api/core/bitstreams/9bcb6169-00f5-4edd-bd2c-1bf92f7f54b5/content
[FULL_20_CEPAL] t=6550.0s | pag=2370 | files=1969 | data=270 | cola=11992 | prio=10 | https://repositorio.cepal.org/server/api/core/bitstreams/cffa245d-0c33-44cd-bb65-de6714547a61/content
[FULL_20_CEPAL] t=6551.8s | pag=2370 | files=1970 | data=270 | cola=11991 | prio=10 | https://repositorio.cepal.org/entities/publication/fa5a3dbe-71cd-4912-8c68-32d4b9bbae8a
[FULL_20_CEPAL] t=6564.6s | pag=2371 | files=1970 | data=271 | cola=11993 | prio=10 | https://repositorio.cepal.org/entities/publication/19f760bf-dee4-44f5-894a-eed09ea64218
[FULL_20_CEPAL] t=6576.4s | pag=2372 | files=1970 | data=272 | cola=11994 | prio=10 | https://repositorio.cepal.org/entities/publication/83e3c6ce-8c5f-4dee-8d63-d0feb0d0b7a5
[FULL_20_CEPAL] t=6587.9s | pag=2373 | files=1970 | data=273 | cola=11996 | prio=10 | https://repositorio.cepal.org/entities/publication/9435fc84-4d6e-4464-b4d3-7f54f4441569
[FULL_20_CEPAL] t=6600.3s | pag=2374 | files=1970 | data=274 | cola=11997 | prio=10 | https://repositorio.cepal.org/entities/publication/b92db197-3291-44d0-97e7-d3030e669439
[FULL_20_CEPAL] t=6615.6s | pag=2374 | files=1970 | data=274 | cola=11996 | prio=10 | https://repositorio.cepal.org/entities/publication/6a8109d9-2bfa-4e07-a8a7-c437af2cdeec
[FULL_20_CEPAL] t=6631.9s | pag=2374 | files=1970 | data=274 | cola=11995 | prio=10 | https://www.cepal.org/es/eventos/integracion-informacion-estadistica-geoespacial-perspectiva-oficinas-estadistica
[FULL_20_CEPAL] t=6633.6s | pag=2375 | files=1973 | data=274 | cola=11996 | prio=10 | https://www.cepal.org/es/eventos/pandemia-confinamiento-estadisticas-seguridad-justicia
[FULL_20_CEPAL] t=6635.4s | pag=2376 | files=1974 | data=274 | cola=11997 | prio=10 | https://www.cepal.org/es/eventos/desafios-que-enfrentan-paises-producir-utilizar-datos-genero
[FULL_20_CEPAL] t=6637.4s | pag=2377 | files=1978 | data=274 | cola=11998 | prio=10 | https://www.cepal.org/es/eventos/retos-perspectivas-la-produccion-difusion-estadisticas-economicas-la-coyuntura-covid-19
[FULL_20_CEPAL] t=6639.3s | pag=2378 | files=1979 | data=274 | cola=11999 | prio=10 | https://www.cepal.org/es/eventos/impacto-covid-19-la-produccion-estadisticas-trabajo-recomendaciones-avances-desafios-futuros
[FULL_20_CEPAL] t=6641.2s | pag=2379 | files=1980 | data=274 | cola=12000 | prio=10 | https://www.cepal.org/es/eventos/papel-datos-evidenciar-sesgo-genero-la-pandemia-perspectiva-mercado-laboral-la-autonomia
[FULL_20_CEPAL] t=6643.1s | pag=2380 | files=1983 | data=274 | cola=12001 | prio=10 | https://www.cepal.org/es/eventos/la-importancia-censos-economicos-paises-america-latina-proposito-la-publicacion-mas-reciente
[FULL_20_CEPAL] t=6644.9s | pag=2381 | files=1983 | data=274 | cola=12002 | prio=10 | https://www.cepal.org/es/noticias/autoridades-reconocen-rol-estadisticas-oficiales-la-elaboracion-politicas-publicas-mitigar
[FULL_20_CEPAL] t=6646.9s | pag=2382 | files=1983 | data=274 | cola=12003 | prio=10 | https://www.cepal.org/es/comunicados/paises-destacan-importancia-estadisticas-visibilizar-vulnerabilidades-grandes
[FULL_20_CEPAL] t=6647.6s | pag=2383 | files=1983 | data=274 | cola=12004 | prio=10 | https://repositorio.cepal.org/server/api/core/bitstreams/a4c0f0d5-9495-44e1-a44e-91ec29a8c081/content
[FULL_20_CEPAL] t=6649.7s | pag=2383 | files=1984 | data=274 | cola=12003 | prio=10 | https://repositorio.cepal.org/server/api/core/bitstreams/3fcc7c6e-4713-45d8-bb62-2c66fa58466f/content
[FULL_20_CEPAL] t=6651.5s | pag=2383 | files=1985 | data=274 | cola=12002 | prio=10 | https://repositorio.cepal.org/handle/11362/46773
[FULL_20_CEPAL] DATASETS=275 | exportable_data_page | https://repositorio.cepal.org/handle/11362/46773
[FULL_20_CEPAL] t=6666.9s | pag=2384 | files=1985 | data=275 | cola=12003 | prio=10 | https://repositorio.cepal.org/handle/11362/46774
[FULL_20_CEPAL] t=6682.1s | pag=2384 | files=1985 | data=275 | cola=12002 | prio=10 | https://repositorio.cepal.org/handle/11362/46776
[FULL_20_CEPAL] t=6695.9s | pag=2385 | files=1985 | data=276 | cola=12003 | prio=10 | https://repositorio.cepal.org/handle/11362/45969
[FULL_20_CEPAL] t=6707.9s | pag=2386 | files=1985 | data=277 | cola=12002 | prio=10 | https://repositorio.cepal.org/handle/11362/45970?locale-attribute=en
[FULL_20_CEPAL] t=6720.3s | pag=2387 | files=1985 | data=278 | cola=12001 | prio=10 | https://www.cepal.org/es/eventos/foro-mundial-datos-naciones-unidas-la-iniciativa-road-bern-america-latina-caribe
[FULL_20_CEPAL] t=6726.0s | pag=2388 | files=1986 | data=278 | cola=12002 | prio=10 | https://www.cepal.org/es/eventos/estadisticas-discapacidad-perspectiva-regional-grupo-buenos-aires
[FULL_20_CEPAL] t=6729.1s | pag=2389 | files=1987 | data=278 | cola=12003 | prio=10 | https://www.cepal.org/es/comunicados/paises-america-latina-caribe-destacan-importancia-generar-estadisticas-oportunas
[FULL_20_CEPAL] t=6732.8s | pag=2390 | files=1987 | data=278 | cola=12005 | prio=10 | https://repositorio.cepal.org/server/api/core/bitstreams/a2e3c0f2-f41d-4037-82c3-0795dc2cd297/content
[FULL_20_CEPAL] t=6733.6s | pag=2390 | files=1988 | data=278 | cola=12004 | prio=10 | https://repositorio.cepal.org/bitstreams/3fba5b2b-6d2e-4c0a-9fb5-7652532f3ce4/download
[FULL_20_CEPAL] t=6736.5s | pag=2390 | files=1989 | data=278 | cola=12003 | prio=10 | https://repositorio.cepal.org/bitstreams/04faaec9-ed3a-4ea4-92d1-62a2a1f531de/download
[FULL_20_CEPAL] t=6739.1s | pag=2390 | files=1990 | data=278 | cola=12002 | prio=10 | https://repositorio.cepal.org/bitstreams/d9b3a174-9302-49fb-99ad-1a3c9dd2f5bc/download
[FULL_20_CEPAL] t=6742.5s | pag=2390 | files=1991 | data=278 | cola=12001 | prio=10 | https://repositorio.cepal.org/handle/11362/48079
[FULL_20_CEPAL] t=6756.0s | pag=2391 | files=1991 | data=279 | cola=12002 | prio=10 | https://repositorio.cepal.org/handle/11362/48080
[FULL_20_CEPAL] t=6768.5s | pag=2392 | files=1991 | data=280 | cola=12003 | prio=10 | https://repositorio.cepal.org/handle/11362/48082
[FULL_20_CEPAL] t=6781.2s | pag=2393 | files=1991 | data=281 | cola=12004 | prio=10 | https://repositorio.cepal.org/handle/11362/48372
[FULL_20_CEPAL] t=6794.6s | pag=2394 | files=1991 | data=282 | cola=12007 | prio=10 | https://repositorio.cepal.org/handle/11362/48164
[FULL_20_CEPAL] t=6807.4s | pag=2395 | files=1991 | data=283 | cola=12008 | prio=10 | https://repositorio.cepal.org/handle/11362/48167
[FULL_20_CEPAL] t=6820.1s | pag=2396 | files=1991 | data=284 | cola=12009 | prio=10 | https://repositorio.cepal.org/handle/11362/47971
[FULL_20_CEPAL] t=6832.8s | pag=2397 | files=1991 | data=285 | cola=12010 | prio=10 | https://repositorio.cepal.org/handle/11362/47479
[FULL_20_CEPAL] t=6846.0s | pag=2398 | files=1991 | data=286 | cola=12011 | prio=10 | https://www.cepal.org/es/noticias/paises-reafirman-importancia-generar-mas-mejores-estadisticas-la-toma-decisiones
[FULL_20_CEPAL] t=6846.3s | pag=2399 | files=1991 | data=286 | cola=12015 | prio=10 | https://www.cepal.org/es/noticias/representantes-institutos-nacionales-estadistica-america-latina-caribe-analizaran-avances
[FULL_20_CEPAL] t=6850.5s | pag=2400 | files=1991 | data=286 | cola=12018 | prio=10 | https://repositorio.cepal.org/server/api/core/bitstreams/d9e77361-0564-4f48-98c9-667a7cbc08cc/content
[FULL_20_CEPAL] t=6851.1s | pag=2400 | files=1992 | data=286 | cola=12017 | prio=10 | https://repositorio.cepal.org/server/api/core/bitstreams/fe1313b6-33a8-4d04-811d-99892f82a97a/content
[FULL_20_CEPAL] t=6853.0s | pag=2400 | files=1993 | data=286 | cola=12016 | prio=10 | https://repositorio.cepal.org/handle/11362/48925
[FULL_20_CEPAL] t=6866.6s | pag=2401 | files=1993 | data=287 | cola=12018 | prio=10 | https://repositorio.cepal.org/handle/11362/48840
[FULL_20_CEPAL] t=6879.0s | pag=2402 | files=1993 | data=288 | cola=12019 | prio=10 | https://repositorio.cepal.org/handle/11362/48841
[FULL_20_CEPAL] t=6891.6s | pag=2403 | files=1993 | data=289 | cola=12020 | prio=10 | https://www.cepal.org/es/noticias/autoridades-coinciden-la-urgencia-mejorar-la-recopilacion-informacion-lograr-datos-precisos
[FULL_20_CEPAL] t=6896.3s | pag=2404 | files=1993 | data=289 | cola=12022 | prio=10 | https://rtc-cea.cepal.org/en/working-group/data-governance-national-statistical-systems/2026-2027
[FULL_20_CEPAL] t=6899.3s | pag=2405 | files=1994 | data=289 | cola=12035 | prio=10 | https://rtc-cea.cepal.org/en/working-group/experimental-statistics/2026-2027
[FULL_20_CEPAL] t=6901.2s | pag=2406 | files=1995 | data=289 | cola=12038 | prio=10 | https://rtc-cea.cepal.org/en/working-group/readiness-data-and-metadata-artificial-intelligence/2026-2027
[FULL_20_CEPAL] t=6902.6s | pag=2407 | files=1996 | data=289 | cola=12041 | prio=10 | https://rtc-cea.cepal.org/en/working-group/integration-statistical-and-geospatial-information/2026-2027
[FULL_20_CEPAL] t=6904.1s | pag=2408 | files=1997 | data=289 | cola=12044 | prio=10 | https://rtc-cea.cepal.org/en/working-group/household-surveys-education-statistics/2026-2027
[FULL_20_CEPAL] t=6905.9s | pag=2409 | files=1998 | data=289 | cola=12047 | prio=10 | https://rtc-cea.cepal.org/en/working-group/regional-gender-and-climate-change-indicators/2026-2027
[FULL_20_CEPAL] t=6908.1s | pag=2410 | files=1999 | data=289 | cola=12050 | prio=10 | https://rtc-cea.cepal.org/en/working-group/environment-statistics-framework-environmental-and-economic-accounting/2026-2027
[FULL_20_CEPAL] t=6910.0s | pag=2411 | files=2000 | data=289 | cola=12053 | prio=10 | https://rtc-cea.cepal.org/es/grupo-trabajo/guia-para-la-elaboracion-de-un-sistema-integrado-de-indicadores-de-bienestar/2024
[FULL_20_CEPAL] t=6911.5s | pag=2412 | files=2000 | data=289 | cola=12057 | prio=10 | https://cea.cepal.org/13/es/documentos/guia-la-elaboracion-un-sistema-integrado-indicadores-bienestar
[FULL_20_CEPAL] t=6914.2s | pag=2413 | files=2000 | data=289 | cola=12058 | prio=10 | https://rtc-cea.cepal.org/es/grupo-trabajo/recomendaciones-para-fortalecer-los-sistemas-oficiales-de-estadisticas-ambientales
[FULL_20_CEPAL] t=6915.6s | pag=2414 | files=2000 | data=289 | cola=12063 | prio=10 | https://cea.cepal.org/13/es/documentos/recomendaciones-fortalecer-sistemas-oficiales-estadisticas-ambientales
[FULL_20_CEPAL] t=6917.2s | pag=2415 | files=2000 | data=289 | cola=12064 | prio=10 | https://rtc-cea.cepal.org/es/grupo-trabajo/guia-practica-para-la-produccion-de-estadisticas-armonizadas-sobre-desplazamiento
[FULL_20_CEPAL] t=6919.2s | pag=2416 | files=2000 | data=289 | cola=12069 | prio=10 | https://cea.cepal.org/13/es/documentos/guia-practica-la-produccion-estadisticas-armonizadas-desplazamiento-forzado-migracion
[FULL_20_CEPAL] t=6920.9s | pag=2417 | files=2000 | data=289 | cola=12070 | prio=10 | https://rtc-cea.cepal.org/es/grupo-trabajo/guia-para-la-gestion-de-metadatos-en-la-implementacion-del-modelo-generico-de
[FULL_20_CEPAL] t=6921.8s | pag=2418 | files=2000 | data=289 | cola=12074 | prio=10 | https://cea.cepal.org/13/es/documentos/guia-la-gestion-metadatos-la-implementacion-modelo-generico-procesos-institucionales
[FULL_20_CEPAL] t=6923.5s | pag=2419 | files=2000 | data=289 | cola=12075 | prio=10 | https://rtc-cea.cepal.org/es/grupo-trabajo/herramientas-para-la-produccion-de-indicadores-relacionados-con-los-desastres/2022
[FULL_20_CEPAL] t=6925.0s | pag=2420 | files=2001 | data=289 | cola=12079 | prio=10 | https://rtc-cea.cepal.org/es/events/past?f%255B0%255D=biennium%3A2018&f%255B1%255D=event_past_type%3A7&f%5B0%5D=topic%3A34&f%5B1%5D=working_group%3A110
[FULL_20_CEPAL] t=6926.8s | pag=2421 | files=2001 | data=289 | cola=12082 | prio=10 | https://rtc-cea.cepal.org/es/events/past?f%255B0%255D=biennium%3A2018&f%255B1%255D=event_past_type%3A7&f%5B0%5D=topic%3A34&f%5B1%5D=working_group%3A78
[FULL_20_CEPAL] t=6928.2s | pag=2422 | files=2001 | data=289 | cola=12085 | prio=10 | https://rtc-cea.cepal.org/es/events/past?f%255B0%255D=biennium%3A2018&f%255B1%255D=event_past_type%3A7&f%5B0%5D=topic%3A34&f%5B1%5D=working_group%3A84
[FULL_20_CEPAL] t=6929.9s | pag=2423 | files=2001 | data=289 | cola=12088 | prio=10 | https://rtc-cea.cepal.org/es/evento/videoconferencia-sobre-modernizacion-de-las-oficinas-nacionales-de-estadistica-una
[FULL_20_CEPAL] t=6931.9s | pag=2424 | files=2002 | data=289 | cola=12088 | prio=10 | https://rtc-cea.cepal.org/es/evento/lanzamiento-de-dat4ccion-dataton-regional-para-la-igualdad
[FULL_20_CEPAL] t=6933.2s | pag=2425 | files=2004 | data=289 | cola=12088 | prio=10 | https://rtc-cea.cepal.org/es/evento/presentacion-de-resultados-grupos-de-trabajo-cea-2024-2025-mercado-laboral
[FULL_20_CEPAL] t=6934.7s | pag=2426 | files=2005 | data=289 | cola=12088 | prio=10 | https://rtc-cea.cepal.org/es/events/past?f%255B0%255D=biennium%3A2018&f%255B1%255D=event_past_type%3A7&f%5B0%5D=topic%3A43&f%5B1%5D=working_group%3A85
[FULL_20_CEPAL] t=6936.2s | pag=2427 | files=2005 | data=289 | cola=12091 | prio=10 | https://rtc-cea.cepal.org/es/events/past?f%255B0%255D=biennium%3A2018&f%255B1%255D=event_past_type%3A7&f%5B0%5D=topic%3A43&f%5B1%5D=working_group%3A81
[FULL_20_CEPAL] t=6937.8s | pag=2428 | files=2005 | data=289 | cola=12094 | prio=10 | https://rtc-cea.cepal.org/es/events/past?f%255B0%255D=biennium%3A2018&f%255B1%255D=event_past_type%3A7&f%5B0%5D=topic%3A43&f%5B1%5D=working_group%3A82
[FULL_20_CEPAL] t=6939.2s | pag=2429 | files=2005 | data=289 | cola=12097 | prio=10 | https://rtc-cea.cepal.org/es/events/past?f%255B0%255D=biennium%3A2018&f%255B1%255D=event_past_type%3A7&f%5B0%5D=topic%3A43&f%5B1%5D=working_group%3A109
[FULL_20_CEPAL] t=6940.8s | pag=2430 | files=2005 | data=289 | cola=12100 | prio=10 | https://rtc-cea.cepal.org/es/events/past?f%255B0%255D=biennium%3A2018&f%255B1%255D=event_past_type%3A7&f%5B0%5D=topic%3A43&f%5B1%5D=working_group%3A75
[FULL_20_CEPAL] t=6942.3s | pag=2431 | files=2005 | data=289 | cola=12103 | prio=10 | https://rtc-cea.cepal.org/es/events/past?f%255B0%255D=biennium%3A2018&f%255B1%255D=event_past_type%3A7&f%5B0%5D=topic%3A43&f%5B1%5D=working_group%3A107
[FULL_20_CEPAL] t=6943.7s | pag=2432 | files=2005 | data=289 | cola=12106 | prio=10 | https://rtc-cea.cepal.org/es/events/past?f%255B0%255D=biennium%3A2018&f%255B1%255D=event_past_type%3A7&f%5B0%5D=topic%3A43&f%5B1%5D=working_group%3A84
[FULL_20_CEPAL] t=6945.1s | pag=2433 | files=2005 | data=289 | cola=12109 | prio=10 | https://rtc-cea.cepal.org/es/evento/videoconferencia-sobre-soberania-de-datos-indigenas-en-el-contexto-de-la-biodiversidad-y-la
[FULL_20_CEPAL] t=6946.6s | pag=2434 | files=2005 | data=289 | cola=12109 | prio=10 | https://rtc-cea.cepal.org/es/evento/videoconferencia-sobre-fortalecimiento-del-uso-de-registros-administrativos-en-alc-recursos
[FULL_20_CEPAL] t=6948.0s | pag=2435 | files=2007 | data=290 | cola=12109 | prio=10 | https://rtc-cea.cepal.org/es/evento/aplicaciones-de-inteligencia-artificial-en-el-ibge-aprendizaje-profundo-en-datos
[FULL_20_CEPAL] t=6949.4s | pag=2436 | files=2009 | data=290 | cola=12109 | prio=10 | https://rtc-cea.cepal.org/es/evento/presentacion-de-resultados-grupos-de-trabajo-cea-2024-2025-gestion-de-metadatos
[FULL_20_CEPAL] t=6950.8s | pag=2437 | files=2010 | data=290 | cola=12109 | prio=10 | https://rtc-cea.cepal.org/es/evento/serie-de-videoconferencias-710-diagnostico-sobre-administracion-de-datos-data-stewardship-en
[FULL_20_CEPAL] t=6952.5s | pag=2438 | files=2012 | data=290 | cola=12113 | prio=10 | https://rtc-cea.cepal.org/es/evento/serie-de-videoconferencias-711-recomendaciones-para-la-generacion-de-estadisticas-e
[FULL_20_CEPAL] t=6953.7s | pag=2439 | files=2013 | data=290 | cola=12113 | prio=10 | https://rtc-cea.cepal.org/es/evento/serie-de-videoconferencias-611-lineamientos-generales-para-la-captura-de-datos-censales
[FULL_20_CEPAL] t=6955.2s | pag=2440 | files=2014 | data=290 | cola=12113 | prio=10 | https://rtc-cea.cepal.org/es/evento/serie-de-videoconferencias-1011-recomendaciones-para-la-medicion-de-indicadores-de-los-ods
[FULL_20_CEPAL] t=6956.9s | pag=2441 | files=2015 | data=290 | cola=12113 | prio=10 | https://rtc-cea.cepal.org/es/evento/presentacion-de-resultados-grupos-de-trabajo-cea-2024-2025-indicadores-de-bienestar
[FULL_20_CEPAL] t=6958.6s | pag=2442 | files=2016 | data=290 | cola=12113 | prio=10 | https://rtc-cea.cepal.org/es/evento/serie-de-videoconferencias-910-herramientas-para-la-produccion-de-indicadores-relacionados
[FULL_20_CEPAL] t=6959.9s | pag=2443 | files=2018 | data=290 | cola=12113 | prio=10 | https://rtc-cea.cepal.org/es/evento/quinta-reunion-anual-del-grupo-de-trabajo-sobre-indicadores-del-mercado-laboral-gtml
[FULL_20_CEPAL] t=6961.5s | pag=2444 | files=2018 | data=290 | cola=12113 | prio=10 | https://rtc-cea.cepal.org/es/evento/indicadores-de-desastres-para-robustecer-politicas-publicas-situacion-actual-e-importancia
[FULL_20_CEPAL] t=6963.2s | pag=2445 | files=2019 | data=290 | cola=12114 | prio=10 | https://rtc-cea.cepal.org/es/evento/seminario-sobre-la-situacion-de-las-estadisticas-e-indicadores-sobre-eventos-extremos
[FULL_20_CEPAL] t=6964.9s | pag=2446 | files=2019 | data=290 | cola=12115 | prio=10 | https://rtc-cea.cepal.org/es/evento/presentacion-de-resultados-grupos-de-trabajo-cea-2024-2025-imputacion-de-datos
[FULL_20_CEPAL] t=6966.6s | pag=2447 | files=2020 | data=290 | cola=12115 | prio=10 | https://rtc-cea.cepal.org/es/evento/serie-de-videoconferencias-111-protocolo-para-la-recoleccion-de-datos-sobre-ninos-ninas-y
[FULL_20_CEPAL] t=6968.2s | pag=2448 | files=2021 | data=290 | cola=12115 | prio=10 | https://rtc-cea.cepal.org/en/event/webinar-ethics-official-statistics-foundations-and-practices-foster-public-trust
[FULL_20_CEPAL] t=6969.9s | pag=2449 | files=2021 | data=291 | cola=12114 | prio=10 | https://www.cepal.org/es/notas/primera-reunion-presencial-grupo-coordinacion-estadistica-la-agenda-2030-america-latina-caribe
[FULL_20_CEPAL] t=6971.2s | pag=2450 | files=2021 | data=291 | cola=12114 | prio=10 | https://repositorio.cepal.org/bitstreams/61c2270a-cdbf-4f86-8ab7-bc5cc5ef2183/download
[FULL_20_CEPAL] t=6973.7s | pag=2450 | files=2022 | data=291 | cola=12113 | prio=10 | https://repositorio.cepal.org/entities/publication/145dfeb6-e686-47e5-a4a2-8904218835bf/full
[FULL_20_CEPAL] t=6986.4s | pag=2451 | files=2022 | data=292 | cola=12113 | prio=10 | https://repositorio.cepal.org/bitstreams/ef8f1140-b98a-4846-a87c-5a6b3255c9a1/download
[FULL_20_CEPAL] t=6988.1s | pag=2451 | files=2023 | data=292 | cola=12112 | prio=10 | https://repositorio.cepal.org/entities/publication/bb738ab8-cd26-4434-8feb-6a38420082ea/full
[FULL_20_CEPAL] t=7002.2s | pag=2452 | files=2023 | data=293 | cola=12112 | prio=10 | https://www.cepal.org/es/publications
[FULL_20_CEPAL] t=7002.6s | pag=2452 | files=2023 | data=293 | cola=12111 | prio=10 | https://www.cepal.org/es/publicaciones/tipo/anuario-estadistico-de-america-latina-y-el-caribe-statistical-yearbook-latin
[FULL_20_CEPAL] t=7006.9s | pag=2452 | files=2023 | data=293 | cola=12110 | prio=10 | http://estadisticas.cepal.org/cepalstat/WEB_CEPALSTAT/Portada.asp?idioma=e
[FULL_20_CEPAL] t=7009.0s | pag=2452 | files=2023 | data=293 | cola=12109 | prio=10 | https://cepalstat-prod.cepal.org/anuario_estadistico/anuario_2019/index.asp?anuario=2019&idioma=sp
[FULL_20_CEPAL] t=7011.2s | pag=2452 | files=2023 | data=293 | cola=12108 | prio=10 | https://cepalstat-prod.cepal.org/anuario_estadistico/anuario_2018/index.asp?anuario=2018&idioma=sp
[FULL_20_CEPAL] t=7012.7s | pag=2452 | files=2023 | data=293 | cola=12107 | prio=10 | http://www.cepal.org/es/publications
[FULL_20_CEPAL] t=7014.5s | pag=2452 | files=2023 | data=293 | cola=12106 | prio=10 | http://www.cepal.org/es/publicaciones/tipo/informes-anuales
[FULL_20_CEPAL] t=7016.5s | pag=2452 | files=2023 | data=293 | cola=12105 | prio=10 | http://www.cepal.org/es/publicaciones/tipo/anuario-estadistico-de-america-latina-y-el-caribe-statistical-yearbook-latin
[FULL_20_CEPAL] t=7018.5s | pag=2452 | files=2023 | data=293 | cola=12104 | prio=10 | https://cepalstat-prod.cepal.org/anuario_estadistico/anuario_2017/index.asp?anuario=2017&idioma=sp
[FULL_20_CEPAL] t=7020.2s | pag=2452 | files=2023 | data=293 | cola=12103 | prio=10 | https://www.cepal.org/en/publications/39867-anuario-estadistico-america-latina-caribe-2015-statistical-yearbook-latin-america
[FULL_20_CEPAL] t=7024.2s | pag=2453 | files=2023 | data=294 | cola=12103 | prio=10 | https://cepalstat-prod.cepal.org/anuario_estadistico/anuario_2016/es/index.asp
[FULL_20_CEPAL] t=7025.5s | pag=2453 | files=2023 | data=294 | cola=12102 | prio=10 | https://cepalstat-prod.cepal.org/anuario_estadistico/anuario_2015/index.htm
[FULL_20_CEPAL] t=7027.2s | pag=2454 | files=2024 | data=295 | cola=12105 | prio=10 | http://interwp.cepal.org/anuario_estadistico/anuario_2015
[FULL_20_CEPAL] t=7027.6s | pag=2454 | files=2024 | data=295 | cola=12104 | prio=10 | https://www.cepal.org/en/publications/37647-anuario-estadistico-america-latina-caribe-2014-statistical-yearbook-latin-america
[FULL_20_CEPAL] t=7029.4s | pag=2455 | files=2024 | data=296 | cola=12104 | prio=10 | https://cepalstat-prod.cepal.org/anuario_estadistico/anuario_2014/index.htm
[FULL_20_CEPAL] t=7030.3s | pag=2456 | files=2025 | data=297 | cola=12107 | prio=10 | https://www.cepal.org/en/publications/35864-anuario-estadistico-america-latina-caribe-2013-statistical-yearbook-latin-america
[FULL_20_CEPAL] t=7032.6s | pag=2457 | files=2025 | data=298 | cola=12108 | prio=10 | https://cepalstat-prod.cepal.org/anuario_estadistico/anuario_2013/default.asp
[FULL_20_CEPAL] t=7033.5s | pag=2458 | files=2027 | data=299 | cola=12112 | prio=10 | https://www.cepal.org/en/publications/927-anuario-estadistico-america-latina-caribe-2012-statistical-yearbook-latin-america
[FULL_20_CEPAL] DATASETS=300 | exportable_data_page | https://www.cepal.org/en/publications/927-anuario-estadistico-america-latina-caribe-2012-statistical-yearbook-latin-america
[FULL_20_CEPAL] t=7034.2s | pag=2459 | files=2027 | data=300 | cola=12112 | prio=10 | https://cepalstat-prod.cepal.org/anuario_estadistico/anuario_2012/default.asp
[FULL_20_CEPAL] t=7034.9s | pag=2460 | files=2029 | data=301 | cola=12115 | prio=10 | https://www.cepal.org/en/publications/926-anuario-estadistico-america-latina-caribe-2011-statistical-yearbook-latin-america
[FULL_20_CEPAL] t=7037.3s | pag=2461 | files=2029 | data=302 | cola=12115 | prio=10 | https://cepalstat-prod.cepal.org/anuario_estadistico/anuario_2011/default.asp
[FULL_20_CEPAL] t=7037.7s | pag=2462 | files=2030 | data=303 | cola=12118 | prio=10 | https://www.cepal.org/en/publications/925-anuario-estadistico-america-latina-caribe-2010-statistical-yearbook-latin-america
[FULL_20_CEPAL] t=7039.3s | pag=2463 | files=2030 | data=304 | cola=12118 | prio=10 | https://cepalstat-prod.cepal.org/anuario_estadistico/anuario_2010/default.asp
[FULL_20_CEPAL] t=7040.3s | pag=2464 | files=2031 | data=305 | cola=12121 | prio=10 | https://www.cepal.org/en/publications/924-anuario-estadistico-america-latina-caribe-2009-statistical-yearbook-latin-america
[FULL_20_CEPAL] t=7041.2s | pag=2465 | files=2031 | data=306 | cola=12121 | prio=10 | https://cepalstat-prod.cepal.org/anuario_estadistico/anuario_2009/default.asp
[FULL_20_CEPAL] t=7042.0s | pag=2466 | files=2032 | data=307 | cola=12124 | prio=10 | https://www.cepal.org/en/publications/923-anuario-estadistico-america-latina-caribe-2008-statistical-yearbook-latin-america
[FULL_20_CEPAL] t=7044.1s | pag=2467 | files=2032 | data=308 | cola=12124 | prio=10 | https://cepalstat-prod.cepal.org/anuario_estadistico/anuario_2008/default.asp
[FULL_20_CEPAL] t=7045.1s | pag=2468 | files=2033 | data=309 | cola=12126 | prio=10 | https://www.cepal.org/en/publications/922-anuario-estadistico-america-latina-caribe-2007-statistical-yearbook-latin-america
[FULL_20_CEPAL] t=7047.4s | pag=2469 | files=2033 | data=310 | cola=12126 | prio=10 | https://cepalstat-prod.cepal.org/anuario_estadistico/anuario_2007/default.asp
[FULL_20_CEPAL] t=7048.3s | pag=2470 | files=2035 | data=311 | cola=12128 | prio=10 | https://www.cepal.org/en/publications/921-anuario-estadistico-america-latina-caribe-2006-statistical-yearbook-latin-america
[FULL_20_CEPAL] t=7050.8s | pag=2471 | files=2035 | data=312 | cola=12128 | prio=10 | https://cepalstat-prod.cepal.org/anuario_estadistico/anuario_2006/default.asp
[FULL_20_CEPAL] t=7051.7s | pag=2472 | files=2037 | data=313 | cola=12130 | prio=10 | https://www.cepal.org/en/publications/920-anuario-estadistico-america-latina-caribe-2005-statistical-yearbook-latin-america
[FULL_20_CEPAL] t=7056.7s | pag=2473 | files=2037 | data=314 | cola=12130 | prio=10 | https://cepalstat-prod.cepal.org/anuario_estadistico/anuario_2005/default.asp
[FULL_20_CEPAL] t=7057.2s | pag=2474 | files=2039 | data=315 | cola=12132 | prio=10 | https://www.cepal.org/en/publications/918-anuario-estadistico-america-latina-caribe-2004-statistical-yearbook-latin-america
[FULL_20_CEPAL] t=7057.7s | pag=2475 | files=2039 | data=316 | cola=12132 | prio=10 | https://www.cepal.org/en/publications/917-anuario-estadistico-america-latina-caribe-2003-statistical-yearbook-latin-america
[FULL_20_CEPAL] t=7058.7s | pag=2476 | files=2039 | data=317 | cola=12132 | prio=10 | https://www.cepal.org/en/publications/916-anuario-estadistico-america-latina-caribe-2002-statistical-yearbook-latin-america
[FULL_20_CEPAL] t=7063.7s | pag=2477 | files=2039 | data=318 | cola=12132 | prio=10 | https://www.cepal.org/en/publications/915-anuario-estadistico-america-latina-caribe-2001-statistical-yearbook-latin-america
[FULL_20_CEPAL] t=7067.4s | pag=2478 | files=2039 | data=319 | cola=12132 | prio=10 | https://www.cepal.org/en/publications/914-anuario-estadistico-america-latina-caribe-2000-statistical-yearbook-latin-america
[FULL_20_CEPAL] t=7069.7s | pag=2479 | files=2039 | data=320 | cola=12132 | prio=10 | https://www.cepal.org/en/publications/913-anuario-estadistico-america-latina-caribe-1999-statistical-yearbook-latin-america
[FULL_20_CEPAL] t=7071.8s | pag=2480 | files=2039 | data=321 | cola=12132 | prio=10 | https://www.cepal.org/en/publications/912-anuario-estadistico-america-latina-caribe-1998-statistical-yearbook-latin-america
[FULL_20_CEPAL] t=7074.2s | pag=2481 | files=2039 | data=322 | cola=12132 | prio=10 | https://www.cepal.org/en/publications/911-anuario-estadistico-america-latina-caribe-1997-statistical-yearbook-latin-america
[FULL_20_CEPAL] t=7077.1s | pag=2482 | files=2039 | data=323 | cola=12132 | prio=10 | https://www.cepal.org/en/publications/910-anuario-estadistico-america-latina-caribe-1996-statistical-yearbook-latin-america
[FULL_20_CEPAL] t=7084.6s | pag=2483 | files=2039 | data=324 | cola=12132 | prio=10 | https://www.cepal.org/en/publications/909-anuario-estadistico-america-latina-caribe-1995-statistical-yearbook-latin-america
[FULL_20_CEPAL] DATASETS=325 | exportable_data_page | https://www.cepal.org/en/publications/909-anuario-estadistico-america-latina-caribe-1995-statistical-yearbook-latin-america
[FULL_20_CEPAL] t=7087.1s | pag=2484 | files=2039 | data=325 | cola=12132 | prio=10 | https://www.cepal.org/en/publications/907-anuario-estadistico-america-latina-caribe-1994-statistical-yearbook-latin-america
[FULL_20_CEPAL] t=7090.8s | pag=2485 | files=2039 | data=326 | cola=12132 | prio=10 | https://www.cepal.org/en/publications/906-anuario-estadistico-america-latina-caribe-1993-statistical-yearbook-latin-america
[FULL_20_CEPAL] t=7093.0s | pag=2486 | files=2039 | data=327 | cola=12132 | prio=10 | https://www.cepal.org/en/publications/905-anuario-estadistico-america-latina-caribe-1992-statistical-yearbook-latin-america
[FULL_20_CEPAL] t=7094.7s | pag=2487 | files=2039 | data=328 | cola=12132 | prio=10 | https://www.cepal.org/en/publications/904-anuario-estadistico-america-latina-caribe-1991-statistical-yearbook-latin-america
[FULL_20_CEPAL] t=7096.8s | pag=2488 | files=2039 | data=329 | cola=12132 | prio=10 | https://www.cepal.org/en/publications/903-anuario-estadistico-america-latina-caribe-1990-statistical-yearbook-latin-america
[FULL_20_CEPAL] t=7100.8s | pag=2489 | files=2039 | data=330 | cola=12132 | prio=10 | https://www.cepal.org/en/publications/902-anuario-estadistico-america-latina-caribe-1989-statistical-yearbook-latin-america
[FULL_20_CEPAL] t=7103.0s | pag=2490 | files=2039 | data=331 | cola=12132 | prio=10 | https://www.cepal.org/en/publications/901-anuario-estadistico-america-latina-caribe-1988-statistical-yearbook-latin-america
[FULL_20_CEPAL] t=7106.4s | pag=2491 | files=2039 | data=332 | cola=12132 | prio=10 | https://www.cepal.org/en/publications/900-anuario-estadistico-america-latina-caribe-1987-statistical-yearbook-latin-america
[FULL_20_CEPAL] t=7107.4s | pag=2492 | files=2039 | data=333 | cola=12132 | prio=10 | https://www.cepal.org/en/publications/899-anuario-estadistico-america-latina-caribe-1986-statistical-yearbook-latin-america
[FULL_20_CEPAL] t=7109.7s | pag=2493 | files=2039 | data=334 | cola=12132 | prio=10 | https://www.cepal.org/en/publications/898-anuario-estadistico-america-latina-caribe-1985-statistical-yearbook-latin-america
[FULL_20_CEPAL] t=7111.4s | pag=2494 | files=2039 | data=335 | cola=12132 | prio=10 | https://www.cepal.org/en/publications/933-anuario-estadistico-america-latina-1984-statistical-yearbook-latin-america-1984
[FULL_20_CEPAL] t=7113.8s | pag=2495 | files=2039 | data=336 | cola=12132 | prio=10 | https://www.cepal.org/en/publications/932-anuario-estadistico-america-latina-1983-statistical-yearbook-latin-america-1983
[FULL_20_CEPAL] t=7116.2s | pag=2496 | files=2039 | data=337 | cola=12132 | prio=10 | https://www.cepal.org/en/publications/931-anuario-estadistico-america-latina-1981-statistical-yearbook-latin-america-1981
[FULL_20_CEPAL] t=7119.6s | pag=2497 | files=2039 | data=338 | cola=12132 | prio=10 | https://www.cepal.org/en/publications/930-anuario-estadistico-america-latina-1980-statistical-yearbook-latin-america-1980
[FULL_20_CEPAL] t=7123.2s | pag=2498 | files=2039 | data=339 | cola=12132 | prio=10 | https://www.cepal.org/en/publications/929-anuario-estadistico-america-latina-1978-statistical-yearbook-latin-america-1978
[FULL_20_CEPAL] t=7123.9s | pag=2499 | files=2039 | data=340 | cola=12132 | prio=10 | https://www.cepal.org/en/publications/897-anuario-estadistico-america-latina-1979-statistical-yearbook-latin-america-1979
[FULL_20_CEPAL] t=7128.7s | pag=2500 | files=2039 | data=341 | cola=12132 | prio=10 | https://www.cepal.org/en/publications/928-anuario-estadistico-america-latina-1976-statistical-yearbook-latin-america-1976
[FULL_20_CEPAL] t=7130.5s | pag=2501 | files=2039 | data=342 | cola=12132 | prio=10 | https://www.cepal.org/en/publications/919-anuario-estadistico-america-latina-1975-statistical-yearbook-latin-america-1975
[FULL_20_CEPAL] t=7133.9s | pag=2502 | files=2039 | data=343 | cola=12132 | prio=10 | https://repositorio.cepal.org/server/api/core/bitstreams/436accc6-279d-47f2-bef9-7da06280c3f8/content
[FULL_20_CEPAL] t=7135.3s | pag=2502 | files=2039 | data=343 | cola=12131 | prio=10 | https://www.cepal.org/en/publications/44452-non-monetary-indicators-monitor-sdg-targets-12-and-14-standards-availability
[FULL_20_CEPAL] t=7136.0s | pag=2503 | files=2039 | data=344 | cola=12132 | prio=10 | https://www.cepal.org/en/publications/44453-challenges-designing-national-multidimensional-poverty-measures
[FULL_20_CEPAL] t=7140.8s | pag=2504 | files=2039 | data=344 | cola=12133 | prio=10 | https://www.cepal.org/en/publications/36747-types-discrepancy-millennium-development-goal-indicator-values-and-measures
[FULL_20_CEPAL] t=7143.5s | pag=2505 | files=2039 | data=345 | cola=12134 | prio=10 | https://www.cepal.org/en/publications/4787-good-practices-monitoring-and-reporting-millennium-development-goals-national
[FULL_20_CEPAL] t=7144.0s | pag=2506 | files=2039 | data=345 | cola=12135 | prio=10 | https://www.cepal.org/es/publicaciones/4719-proyecciones-america-latina-caribe-2003
[FULL_20_CEPAL] t=7146.2s | pag=2507 | files=2039 | data=345 | cola=12137 | prio=10 | https://www.cepal.org/es/publicaciones/4717-paises-industrializados-un-analisis-comparativo-proyecciones-2002-2003
[FULL_20_CEPAL] t=7149.3s | pag=2508 | files=2039 | data=345 | cola=12139 | prio=10 | https://www.cepal.org/es/publicaciones/4715-proyecciones-latinoamericanas-2001-2002
[FULL_20_CEPAL] t=7152.8s | pag=2509 | files=2039 | data=345 | cola=12141 | prio=10 | https://www.cepal.org/en/publications/4714-argentine-convertibility-it-relevant-precedent-dollarization-process-ecuador
[FULL_20_CEPAL] t=7154.6s | pag=2510 | files=2039 | data=345 | cola=12143 | prio=10 | https://www.cepal.org/es/publicaciones/4712-la-pobreza-chile-ano-2000
[FULL_20_CEPAL] t=7155.3s | pag=2511 | files=2039 | data=345 | cola=12145 | prio=10 | https://www.cepal.org/es/publicaciones/4713-la-convertibilidad-argentina-un-antecedente-relevante-la-dolarizacion-ecuador
[FULL_20_CEPAL] t=7157.7s | pag=2512 | files=2039 | data=345 | cola=12147 | prio=10 | https://www.cepal.org/es/publicaciones/4711-perspectivas-america-latina-nuevo-contexto-internacional-2001
[FULL_20_CEPAL] t=7160.4s | pag=2513 | files=2039 | data=345 | cola=12149 | prio=10 | https://www.cepal.org/es/publicaciones/4788-consideraciones-indice-gini-medir-la-concentracion-ingreso
[FULL_20_CEPAL] t=7160.9s | pag=2514 | files=2039 | data=345 | cola=12151 | prio=10 | https://www.cepal.org/es/publicaciones/4773-escalas-equivalencia-resena-conceptos-metodos
[FULL_20_CEPAL] t=7163.8s | pag=2515 | files=2039 | data=345 | cola=12153 | prio=10 | https://www.cepal.org/es/publicaciones/4710-paises-industrializados-resumen-proyecciones-2000-2001
[FULL_20_CEPAL] t=7167.9s | pag=2516 | files=2039 | data=345 | cola=12155 | prio=10 | https://www.cepal.org/en/publications/80563-opportunities-and-challenges-construction-indicators-climate-change-and-disasters
[FULL_20_CEPAL] t=7170.1s | pag=2517 | files=2039 | data=346 | cola=12156 | prio=10 | https://www.cepal.org/en/publications/80498-subnational-accounts-selected-indicators-latin-america-and-caribbean
[FULL_20_CEPAL] t=7174.0s | pag=2518 | files=2039 | data=347 | cola=12157 | prio=10 | https://www.cepal.org/en/publications/69191-portal-inequalities-latin-america
[FULL_20_CEPAL] t=7175.9s | pag=2519 | files=2039 | data=347 | cola=12158 | prio=10 | https://statistics.cepal.org/portal/inequalities/index.html
[FULL_20_CEPAL] t=7177.4s | pag=2520 | files=2039 | data=347 | cola=12157 | prio=10 | https://www.cepal.org/en/publications/69039-extreme-natural-events-and-disasters-latin-america-and-caribbean-1990-2022
[FULL_20_CEPAL] t=7178.0s | pag=2521 | files=2039 | data=348 | cola=12158 | prio=10 | https://www.cepal.org/en/publications/68009-sustainable-development-goal-indicators-prospective-scenarios-2030
[FULL_20_CEPAL] t=7180.6s | pag=2522 | files=2039 | data=349 | cola=12159 | prio=10 | https://www.cepal.org/en/publications/49052-economic-indicators-and-statistics-database-badecon-selected-manufacturing
[FULL_20_CEPAL] DATASETS=350 | exportable_data_page | https://www.cepal.org/en/publications/49052-economic-indicators-and-statistics-database-badecon-selected-manufacturing
[FULL_20_CEPAL] t=7181.6s | pag=2523 | files=2039 | data=350 | cola=12160 | prio=10 | https://www.cepal.org/en/publications/48922-brief-overview-caribbean-countries-based-standardized-household-surveys
[FULL_20_CEPAL] t=7183.7s | pag=2524 | files=2039 | data=350 | cola=12161 | prio=10 | https://www.cepal.org/en/publications/48129-change-reference-year-annual-regional-aggregates-national-accounts
[FULL_20_CEPAL] t=7185.7s | pag=2525 | files=2039 | data=350 | cola=12162 | prio=10 | https://www.cepal.org/en/publications/47989-lessons-and-challenges-covid-19-pandemic-household-surveys-latin-america
[FULL_20_CEPAL] t=7187.7s | pag=2526 | files=2039 | data=350 | cola=12163 | prio=10 | https://www.cepal.org/en/publications/47925-energy-latin-america-and-caribbean-access-renewability-and-efficiency
[FULL_20_CEPAL] t=7188.8s | pag=2527 | files=2039 | data=351 | cola=12164 | prio=10 | https://www.cepal.org/en/publications/47572-subnational-poverty-estimates-latin-america
[FULL_20_CEPAL] t=7190.4s | pag=2528 | files=2039 | data=351 | cola=12165 | prio=10 | https://www.cepal.org/en/publications/47152-forest-loss-latin-america-and-caribbean-1990-2020-statistical-evidence
[FULL_20_CEPAL] t=7191.4s | pag=2529 | files=2039 | data=352 | cola=12166 | prio=10 | https://www.cepal.org/en/publications/46820-effects-covid-19-pandemic-compilation-consumer-price-indices
[FULL_20_CEPAL] t=7195.2s | pag=2530 | files=2039 | data=352 | cola=12167 | prio=10 | https://campusestadisticas.cepal.org/?lang=es
[FULL_20_CEPAL] t=7197.3s | pag=2531 | files=2039 | data=353 | cola=12166 | prio=10 | https://campusestadisticas.cepal.org/user/contactsitesupport.php?lang=en
[FULL_20_CEPAL] t=7197.8s | pag=2532 | files=2039 | data=354 | cola=12166 | prio=10 | https://campusestadisticas.cepal.org/user/contactsitesupport.php?lang=es
[FULL_20_CEPAL] t=7198.4s | pag=2533 | files=2039 | data=355 | cola=12165 | prio=10 | https://campusestadisticas.cepal.org/user/contactsitesupport.php?lang=fr

[BATCH] TIMEOUT DE FUENTE
