================================================================================
CRAWLER V2
================================================================================
Fuente: Data.gov
URL configurada: https://data.gov/
Timeout HTTP: 15 s
Pausa HTTP:   aleatoria 0.30s - 0.90s


Resolución de fuente:
  Original: https://data.gov/
  Utilizada: https://data.gov/
  Fallback: no
  Intentos: 1
    - usable         | HTTP=200 | https://data.gov/

URL de trabajo: https://data.gov/
Seeds: 1
Máx páginas: 10000
Máx archivos: 100000
Máx profundidad: 20

[DATAGOV] t=   0.0s | pag=  0 | files=   0 | data=  0 | cola=   0 | prio= 0 | https://data.gov/
[DATAGOV] DATASETS=1 | data_chart | https://data.gov/
[DATAGOV] t=   1.2s | pag=  1 | files=   0 | data=  1 | cola=  24 | prio=10 | https://catalog.data.gov/
[DATAGOV] DATASETS=2 | exportable_data_page | https://catalog.data.gov/
[DATAGOV] t=   2.7s | pag=  2 | files=   0 | data=  2 | cola=  59 | prio=10 | https://data.gov/metrics
[DATAGOV] DATASETS=3 | data_html_table | https://data.gov/metrics/
[DATAGOV] t=   3.8s | pag=  3 | files=  10 | data=  3 | cola=  84 | prio=10 | https://data.gov/open-gov
[DATAGOV] DATASETS=4 | exportable_data_page | https://data.gov/open-gov/
[DATAGOV] t=   4.8s | pag=  4 | files=  12 | data=  4 | cola=  83 | prio=10 | https://data.gov/contact
[DATAGOV] t=   5.9s | pag=  5 | files=  12 | data=  4 | cola=  86 | prio=10 | https://data.gov/user-guide/
[DATAGOV] DATASETS=5 | exportable_data_page | https://data.gov/user-guide/
[DATAGOV] t=   6.4s | pag=  6 | files=  14 | data=  5 | cola=  87 | prio=10 | https://catalog.data.gov/?sort=popularity
[DATAGOV] DATASETS=6 | exportable_data_page | https://catalog.data.gov/?sort=popularity
[DATAGOV] t=   7.1s | pag=  7 | files=  14 | data=  6 | cola= 105 | prio=10 | https://catalog.data.gov/?sort=last_harvested_date
[DATAGOV] DATASETS=7 | exportable_data_page | https://catalog.data.gov/?sort=last_harvested_date
[DATAGOV] t=   8.1s | pag=  8 | files=  14 | data=  7 | cola= 145 | prio=10 | https://catalog.data.gov/organization
[DATAGOV] t=   8.8s | pag=  9 | files=  14 | data=  7 | cola= 170 | prio=10 | https://catalog.data.gov/?spatial_filter=geospatial
[DATAGOV] DATASETS=8 | exportable_data_page | https://catalog.data.gov/?spatial_filter=geospatial
[DATAGOV] t=   9.6s | pag= 10 | files=  16 | data=  8 | cola= 208 | prio=10 | https://data.gov/about/
[DATAGOV] DATASETS=9 | exportable_data_page | https://data.gov/about/
[DATAGOV] t=  10.5s | pag= 11 | files=  16 | data=  9 | cola= 208 | prio=10 | https://data.gov/timeline/
[DATAGOV] t=  11.8s | pag= 12 | files=  18 | data=  9 | cola= 207 | prio=10 | https://resources.data.gov/
[DATAGOV] t=  13.4s | pag= 13 | files=  18 | data=  9 | cola= 298 | prio=10 | https://resources.data.gov/categories/data-management-governance/
[DATAGOV] DATASETS=10 | data_chart | https://resources.data.gov/categories/data-management-governance/
[DATAGOV] t=  14.6s | pag= 14 | files=  32 | data= 10 | cola= 317 | prio=10 | https://resources.data.gov/categories/data-tools/
[DATAGOV] t=  15.5s | pag= 15 | files=  33 | data= 11 | cola= 330 | prio=10 | https://resources.data.gov/categories/data-incubator/
[DATAGOV] t=  16.8s | pag= 16 | files=  33 | data= 12 | cola= 334 | prio=10 | https://resources.data.gov/categories/guidance/
[DATAGOV] t=  18.0s | pag= 17 | files= 102 | data= 13 | cola= 339 | prio=10 | https://resources.data.gov/categories/case-studies-examples/
[DATAGOV] t=  18.9s | pag= 18 | files= 106 | data= 14 | cola= 352 | prio=10 | https://resources.data.gov/categories/skills-development/
[DATAGOV] t=  20.0s | pag= 19 | files= 108 | data= 14 | cola= 365 | prio=10 | https://strategy.data.gov/
[DATAGOV] t=  21.7s | pag= 20 | files= 108 | data= 14 | cola= 368 | prio=10 | https://strategy.data.gov/2021/action-plan/
[DATAGOV] t=  22.8s | pag= 21 | files= 109 | data= 15 | cola= 370 | prio=10 | https://strategy.data.gov/2020/action-plan/
[DATAGOV] t=  24.0s | pag= 22 | files= 115 | data= 16 | cola= 373 | prio=10 | https://strategy.data.gov/2021/progress/
[DATAGOV] t=  25.1s | pag= 23 | files= 115 | data= 16 | cola= 374 | prio=10 | https://strategy.data.gov/2020/progress/
[DATAGOV] t=  26.4s | pag= 24 | files= 115 | data= 17 | cola= 373 | prio=10 | https://data.gov/privacy-policy/
[DATAGOV] t=  27.3s | pag= 25 | files= 116 | data= 17 | cola= 372 | prio=10 | https://catalog.data.gov/dataset/fy-2025-disability-compensation-recipients-by-county
[DATAGOV] t=  28.2s | pag= 26 | files= 119 | data= 18 | cola= 381 | prio=10 | https://catalog.data.gov/organization/va
[DATAGOV] t=  29.6s | pag= 27 | files= 119 | data= 19 | cola= 399 | prio=10 | https://catalog.data.gov/dataset/2015-16-harassment-or-bullying-by-basis-category-civil-rights-data-collection
[DATAGOV] t=  30.1s | pag= 28 | files= 125 | data= 20 | cola= 407 | prio=10 | https://catalog.data.gov/organization/ed
[DATAGOV] t=  30.7s | pag= 29 | files= 125 | data= 21 | cola= 417 | prio=10 | https://catalog.data.gov/dataset/supply-chain-greenhouse-gas-emission-factors-v1-3-by-naics-6
[DATAGOV] t=  31.4s | pag= 30 | files= 127 | data= 22 | cola= 422 | prio=10 | https://catalog.data.gov/organization/epa
[DATAGOV] t=  32.3s | pag= 31 | files= 133 | data= 23 | cola= 440 | prio=10 | https://catalog.data.gov/dataset/2017-18-arrests-civil-rights-data-collection
[DATAGOV] t=  32.9s | pag= 32 | files= 140 | data= 24 | cola= 445 | prio=10 | https://catalog.data.gov/dataset/electric-vehicle-population-data
[DATAGOV] DATASETS=25 | data_html_table | https://catalog.data.gov/dataset/electric-vehicle-population-data
[DATAGOV] t=  33.9s | pag= 33 | files= 142 | data= 25 | cola= 453 | prio=10 | https://catalog.data.gov/organization/washington
[DATAGOV] t=  35.4s | pag= 34 | files= 142 | data= 26 | cola= 470 | prio=10 | https://catalog.data.gov/dataset/jpl-small-body-database-browser
[DATAGOV] t=  36.4s | pag= 35 | files= 142 | data= 27 | cola= 478 | prio=10 | https://catalog.data.gov/organization/nasa
[DATAGOV] t=  37.2s | pag= 36 | files= 142 | data= 28 | cola= 496 | prio=10 | https://catalog.data.gov/dataset/civil-rights-data-collection-crdc-for-the-2017-18-school-year
[DATAGOV] t=  43.5s | pag= 37 | files= 143 | data= 29 | cola= 499 | prio=10 | https://catalog.data.gov/dataset/lottery-powerball-winning-numbers-beginning-2010
[DATAGOV] t=  44.1s | pag= 38 | files= 145 | data= 30 | cola= 503 | prio=10 | https://catalog.data.gov/organization/new-york
[DATAGOV] t=  45.1s | pag= 39 | files= 145 | data= 31 | cola= 521 | prio=10 | https://catalog.data.gov/dataset/form-n-port-data-sets
[DATAGOV] t=  81.4s | pag= 40 | files= 172 | data= 32 | cola= 524 | prio=10 | https://catalog.data.gov/organization/sec
[DATAGOV] t=  84.1s | pag= 41 | files= 173 | data= 33 | cola= 542 | prio=10 | https://catalog.data.gov/dataset/baby-names-from-social-security-card-applications-national-data
[DATAGOV] t=  86.7s | pag= 42 | files= 174 | data= 34 | cola= 551 | prio=10 | https://catalog.data.gov/organization/ssa
[DATAGOV] t=  88.1s | pag= 43 | files= 174 | data= 35 | cola= 568 | prio=10 | https://catalog.data.gov/dataset/crime-data-from-2020-to-present
[DATAGOV] t=  88.6s | pag= 44 | files= 177 | data= 36 | cola= 574 | prio=10 | https://catalog.data.gov/organization/los-angeles-ca
[DATAGOV] t=  89.5s | pag= 45 | files= 177 | data= 37 | cola= 592 | prio=10 | https://catalog.data.gov/dataset/2013-14-mathematics-and-science-civil-rights-data-collection
[DATAGOV] t=  90.8s | pag= 46 | files= 188 | data= 38 | cola= 592 | prio=10 | https://catalog.data.gov/dataset/business-lookup
[DATAGOV] t=  91.4s | pag= 47 | files= 188 | data= 39 | cola= 600 | prio=10 | https://catalog.data.gov/dataset/civil-rights-data-collection-crdc-for-the-2015-16-school-year
[DATAGOV] t=  94.7s | pag= 48 | files= 189 | data= 40 | cola= 600 | prio=10 | https://catalog.data.gov/dataset/2017-18-harassment-or-bullying-civil-rights-data-collection
[DATAGOV] t=  95.3s | pag= 49 | files= 195 | data= 41 | cola= 602 | prio=10 | https://catalog.data.gov/dataset/civil-rights-data-collection-crdc
[DATAGOV] t=  96.2s | pag= 50 | files= 195 | data= 42 | cola= 607 | prio=10 | https://catalog.data.gov/dataset/warehouse-and-retail-sales
[DATAGOV] t=  96.8s | pag= 51 | files= 198 | data= 43 | cola= 610 | prio=10 | https://catalog.data.gov/organization/montgomery-county-md
[DATAGOV] t=  97.8s | pag= 52 | files= 198 | data= 44 | cola= 628 | prio=10 | https://catalog.data.gov/dataset/nps-visitor-use-statistics-data-package-2024
[DATAGOV] t=  98.7s | pag= 53 | files= 198 | data= 45 | cola= 635 | prio=10 | https://catalog.data.gov/organization/doi
[DATAGOV] t=  99.2s | pag= 54 | files= 198 | data= 46 | cola= 653 | prio=10 | https://catalog.data.gov/dataset/2017-18-student-enrollment-civil-rights-data-collection
[DATAGOV] t=  99.8s | pag= 55 | files= 203 | data= 47 | cola= 653 | prio=10 | https://catalog.data.gov/dataset/inventory-of-owned-and-leased-properties-iolp
[DATAGOV] t= 100.7s | pag= 56 | files= 206 | data= 48 | cola= 661 | prio=10 | https://catalog.data.gov/organization/gsa
[DATAGOV] t= 101.6s | pag= 57 | files= 209 | data= 49 | cola= 679 | prio=10 | https://www.data.gov/about
[DATAGOV] t= 104.1s | pag= 57 | files= 209 | data= 49 | cola= 678 | prio=10 | https://www.data.gov/open-gov/
[DATAGOV] t= 105.9s | pag= 57 | files= 209 | data= 49 | cola= 677 | prio=10 | https://catalog.data.gov/www.data.gov/privacy-policy
[DATAGOV] t= 106.7s | pag= 57 | files= 209 | data= 49 | cola= 676 | prio=10 | https://catalog.data.gov/dataset/2015-16-harassment-or-bullying-by-basis-category-civil-rights-data-collection?from_hint=eyJzb3J0IjoicG9wdWxhcml0eSJ9
[DATAGOV] DATASETS=50 | data_html_table | https://catalog.data.gov/dataset/2015-16-harassment-or-bullying-by-basis-category-civil-rights-data-collection?from_hint=eyJzb3J0IjoicG9wdWxhcml0eSJ9
[DATAGOV] t= 108.2s | pag= 58 | files= 209 | data= 50 | cola= 675 | prio=10 | https://catalog.data.gov/dataset/fy-2025-disability-compensation-recipients-by-county?from_hint=eyJxIjoiZGlzYWJpbGl0eSBjb21wZW5zYXRpb24gcmVjaXBpZW50cyBieSBjb3VudHkiLCJzb3J0IjoicmVsZXZhbmNlIn0%3D
[DATAGOV] t= 109.3s | pag= 59 | files= 209 | data= 51 | cola= 675 | prio=10 | https://catalog.data.gov/dataset/sba-7a-and-504-loan-data-reports
[DATAGOV] t= 109.8s | pag= 60 | files= 209 | data= 52 | cola= 681 | prio=10 | https://catalog.data.gov/dataset/fruit-and-vegetable-prices?from_hint=eyJzb3J0IjoicG9wdWxhcml0eSJ9
[DATAGOV] t= 110.9s | pag= 61 | files= 209 | data= 53 | cola= 683 | prio=10 | https://catalog.data.gov/dataset/fruit-and-vegetable-prices
[DATAGOV] t= 111.6s | pag= 62 | files= 209 | data= 54 | cola= 682 | prio=10 | https://catalog.data.gov/dataset/consumer-complaint-database
[DATAGOV] t= 112.6s | pag= 63 | files= 209 | data= 55 | cola= 690 | prio=10 | https://catalog.data.gov/dataset/foreign-per-diem-rates-by-location
[DATAGOV] t= 113.1s | pag= 64 | files= 209 | data= 56 | cola= 692 | prio=10 | https://catalog-old.data.gov/dataset/federal-item-name-directory-h6-search-tool
[DATAGOV] t= 115.1s | pag= 64 | files= 209 | data= 56 | cola= 691 | prio=10 | https://catalog.data.gov/dataset/motor-carrier-registrations-census-files
[DATAGOV] t= 116.6s | pag= 65 | files= 209 | data= 57 | cola= 700 | prio=10 | https://data.gov/metrics/organization/census/index.html
[DATAGOV] t= 137.7s | pag= 66 | files= 221 | data= 58 | cola= 709 | prio=10 | https://data.gov/metrics/organization/noaa/index.html
[DATAGOV] t= 144.4s | pag= 67 | files= 230 | data= 59 | cola= 730 | prio=10 | https://data.gov/metrics/organization/doi/index.html
[DATAGOV] t= 145.5s | pag= 68 | files= 242 | data= 60 | cola= 740 | prio=10 | https://data.gov/metrics/organization/nasa/index.html
[DATAGOV] t= 189.6s | pag= 69 | files= 251 | data= 61 | cola= 749 | prio=10 | https://data.gov/metrics/organization/hhs/index.html
[DATAGOV] t= 194.9s | pag= 70 | files= 261 | data= 62 | cola= 770 | prio=10 | https://data.gov/metrics/organization/epa/index.html
[DATAGOV] t= 196.3s | pag= 71 | files= 267 | data= 63 | cola= 775 | prio=10 | https://data.gov/metrics/organization/california/index.html
[DATAGOV] t= 197.4s | pag= 72 | files= 270 | data= 64 | cola= 794 | prio=10 | https://data.gov/metrics/organization/energy/index.html
[DATAGOV] t= 207.8s | pag= 73 | files= 281 | data= 65 | cola= 803 | prio=10 | https://data.gov/metrics/organization/doj/index.html
[DATAGOV] t= 210.3s | pag= 74 | files= 288 | data= 66 | cola= 818 | prio=10 | https://data.gov/metrics/organization/gsa/index.html
[DATAGOV] t= 211.7s | pag= 75 | files= 291 | data= 67 | cola= 832 | prio=10 | https://data.gov/metrics/organization/ed/index.html
[DATAGOV] t= 212.5s | pag= 76 | files= 294 | data= 68 | cola= 839 | prio=10 | https://data.gov/metrics/organization/hawaii/index.html
[DATAGOV] t= 213.4s | pag= 77 | files= 296 | data= 69 | cola= 850 | prio=10 | https://data.gov/metrics/organization/fcc/index.html
[DATAGOV] t= 214.3s | pag= 78 | files= 306 | data= 70 | cola= 863 | prio=10 | https://data.gov/metrics/organization/austin-tx/index.html
[DATAGOV] t= 215.4s | pag= 79 | files= 318 | data= 71 | cola= 887 | prio=10 | https://data.gov/metrics/organization/nara/index.html
[DATAGOV] t= 220.0s | pag= 80 | files= 326 | data= 72 | cola= 903 | prio=10 | https://data.gov/metrics/organization/ibwc/index.html
[DATAGOV] t= 221.1s | pag= 81 | files= 326 | data= 72 | cola= 903 | prio=10 | https://data.gov/metrics/organization/chesapeake-va/index.html
[DATAGOV] t= 222.4s | pag= 82 | files= 328 | data= 73 | cola= 914 | prio=10 | https://harvest.data.gov/
[DATAGOV] t= 227.2s | pag= 83 | files= 328 | data= 74 | cola=1020 | prio=10 | https://resources.data.gov/resources/dcat-us3/
[DATAGOV] DATASETS=75 | data_html_table | https://resources.data.gov/resources/dcat-us3/
[DATAGOV] t= 228.7s | pag= 84 | files= 329 | data= 75 | cola=1020 | prio=10 | https://resources.data.gov/catalog-api
[DATAGOV] t= 230.0s | pag= 85 | files= 329 | data= 76 | cola=1021 | prio=10 | https://api.data.gov/
[DATAGOV] t= 231.7s | pag= 86 | files= 329 | data= 76 | cola=1025 | prio=10 | https://resources.data.gov/tools/how-to-get-your-open-data-on-datagov/
[DATAGOV] t= 232.6s | pag= 87 | files= 329 | data= 76 | cola=1023 | prio=10 | https://catalog.data.gov/dataset/fy-2025-disability-compensation-recipients-by-county?from_hint=eyJzb3J0IjoicG9wdWxhcml0eSJ9
[DATAGOV] t= 234.4s | pag= 88 | files= 329 | data= 77 | cola=1022 | prio=10 | https://catalog.data.gov/dataset/supply-chain-greenhouse-gas-emission-factors-v1-3-by-naics-6?from_hint=eyJzb3J0IjoicG9wdWxhcml0eSJ9
[DATAGOV] t= 235.0s | pag= 89 | files= 329 | data= 78 | cola=1021 | prio=10 | https://catalog.data.gov/dataset/2017-18-arrests-civil-rights-data-collection?from_hint=eyJzb3J0IjoicG9wdWxhcml0eSJ9
[DATAGOV] t= 236.2s | pag= 90 | files= 329 | data= 79 | cola=1020 | prio=10 | https://catalog.data.gov/dataset/electric-vehicle-population-data?from_hint=eyJzb3J0IjoicG9wdWxhcml0eSJ9
[DATAGOV] t= 237.1s | pag= 91 | files= 329 | data= 80 | cola=1019 | prio=10 | https://catalog.data.gov/dataset/jpl-small-body-database-browser?from_hint=eyJzb3J0IjoicG9wdWxhcml0eSJ9
[DATAGOV] t= 238.2s | pag= 92 | files= 329 | data= 81 | cola=1018 | prio=10 | https://catalog.data.gov/dataset/civil-rights-data-collection-crdc-for-the-2017-18-school-year?from_hint=eyJzb3J0IjoicG9wdWxhcml0eSJ9
[DATAGOV] t= 238.7s | pag= 93 | files= 329 | data= 82 | cola=1017 | prio=10 | https://catalog.data.gov/dataset/lottery-powerball-winning-numbers-beginning-2010?from_hint=eyJzb3J0IjoicG9wdWxhcml0eSJ9
[DATAGOV] t= 239.5s | pag= 94 | files= 329 | data= 83 | cola=1016 | prio=10 | https://catalog.data.gov/dataset/form-n-port-data-sets?from_hint=eyJzb3J0IjoicG9wdWxhcml0eSJ9
[DATAGOV] t= 240.6s | pag= 95 | files= 329 | data= 84 | cola=1015 | prio=10 | https://catalog.data.gov/dataset/baby-names-from-social-security-card-applications-national-data?from_hint=eyJzb3J0IjoicG9wdWxhcml0eSJ9
[DATAGOV] t= 241.5s | pag= 96 | files= 329 | data= 85 | cola=1014 | prio=10 | https://catalog.data.gov/dataset/crime-data-from-2020-to-present?from_hint=eyJzb3J0IjoicG9wdWxhcml0eSJ9
[DATAGOV] t= 242.4s | pag= 97 | files= 329 | data= 86 | cola=1013 | prio=10 | https://catalog.data.gov/dataset/2013-14-mathematics-and-science-civil-rights-data-collection?from_hint=eyJzb3J0IjoicG9wdWxhcml0eSJ9
[DATAGOV] t= 243.3s | pag= 98 | files= 329 | data= 87 | cola=1012 | prio=10 | https://catalog.data.gov/dataset/business-lookup?from_hint=eyJzb3J0IjoicG9wdWxhcml0eSJ9
[DATAGOV] t= 244.1s | pag= 99 | files= 329 | data= 88 | cola=1011 | prio=10 | https://catalog.data.gov/dataset/civil-rights-data-collection-crdc-for-the-2015-16-school-year?from_hint=eyJzb3J0IjoicG9wdWxhcml0eSJ9
[DATAGOV] t= 245.1s | pag=100 | files= 329 | data= 89 | cola=1010 | prio=10 | https://catalog.data.gov/dataset/2017-18-harassment-or-bullying-civil-rights-data-collection?from_hint=eyJzb3J0IjoicG9wdWxhcml0eSJ9
[DATAGOV] t= 245.9s | pag=101 | files= 329 | data= 90 | cola=1009 | prio=10 | https://catalog.data.gov/dataset/civil-rights-data-collection-crdc?from_hint=eyJzb3J0IjoicG9wdWxhcml0eSJ9
[DATAGOV] t= 246.6s | pag=102 | files= 329 | data= 91 | cola=1008 | prio=10 | https://catalog.data.gov/dataset/warehouse-and-retail-sales?from_hint=eyJzb3J0IjoicG9wdWxhcml0eSJ9
[DATAGOV] t= 247.6s | pag=103 | files= 329 | data= 92 | cola=1007 | prio=10 | https://catalog.data.gov/dataset/nps-visitor-use-statistics-data-package-2024?from_hint=eyJzb3J0IjoicG9wdWxhcml0eSJ9
[DATAGOV] t= 250.3s | pag=104 | files= 329 | data= 93 | cola=1006 | prio=10 | https://catalog.data.gov/dataset/2017-18-student-enrollment-civil-rights-data-collection?from_hint=eyJzb3J0IjoicG9wdWxhcml0eSJ9
[DATAGOV] t= 251.4s | pag=105 | files= 329 | data= 94 | cola=1005 | prio=10 | https://catalog.data.gov/dataset/inventory-of-owned-and-leased-properties-iolp?from_hint=eyJzb3J0IjoicG9wdWxhcml0eSJ9
[DATAGOV] t= 252.2s | pag=106 | files= 329 | data= 95 | cola=1004 | prio=10 | https://catalog.data.gov/dataset/learning-resources-database?from_hint=eyJzb3J0IjoibGFzdF9oYXJ2ZXN0ZWRfZGF0ZSJ9
[DATAGOV] t= 253.0s | pag=107 | files= 332 | data= 96 | cola=1007 | prio=10 | https://catalog.data.gov/organization/hhs
[DATAGOV] t= 254.0s | pag=108 | files= 332 | data= 97 | cola=1014 | prio=10 | https://catalog.data.gov/dataset/learning-resources-database
[DATAGOV] t= 255.0s | pag=109 | files= 332 | data= 98 | cola=1013 | prio=10 | https://catalog.data.gov/dataset/nssp-emergency-department-respiratory-daily?from_hint=eyJzb3J0IjoibGFzdF9oYXJ2ZXN0ZWRfZGF0ZSJ9
[DATAGOV] t= 255.8s | pag=110 | files= 335 | data= 99 | cola=1014 | prio=10 | https://catalog.data.gov/dataset/nssp-emergency-department-respiratory-daily
[DATAGOV] DATASETS=100 | data_html_table | https://catalog.data.gov/dataset/nssp-emergency-department-respiratory-daily
[DATAGOV] t= 256.5s | pag=111 | files= 335 | data=100 | cola=1013 | prio=10 | https://catalog.data.gov/dataset/aspr-treatments-locator?from_hint=eyJzb3J0IjoibGFzdF9oYXJ2ZXN0ZWRfZGF0ZSJ9
[DATAGOV] t= 257.7s | pag=112 | files= 338 | data=101 | cola=1021 | prio=10 | https://catalog.data.gov/dataset/aspr-treatments-locator
[DATAGOV] t= 258.6s | pag=113 | files= 338 | data=102 | cola=1020 | prio=10 | https://catalog.data.gov/dataset/east-canyon-reservoir-and-dam-daily-lake-reservoir-release-total-cfs-time-series-data?from_hint=eyJzb3J0IjoibGFzdF9oYXJ2ZXN0ZWRfZGF0ZSJ9
[DATAGOV] t= 259.5s | pag=114 | files= 338 | data=103 | cola=1023 | prio=10 | https://catalog.data.gov/dataset/east-canyon-reservoir-and-dam-daily-lake-reservoir-release-total-cfs-time-series-data
[DATAGOV] t= 260.4s | pag=115 | files= 338 | data=104 | cola=1022 | prio=10 | https://catalog.data.gov/dataset/scofield-reservoir-and-dam-daily-lake-reservoir-release-total-cfs-time-series-data?from_hint=eyJzb3J0IjoibGFzdF9oYXJ2ZXN0ZWRfZGF0ZSJ9
[DATAGOV] t= 261.0s | pag=116 | files= 338 | data=105 | cola=1022 | prio=10 | https://catalog.data.gov/dataset/scofield-reservoir-and-dam-daily-lake-reservoir-release-total-cfs-time-series-data
[DATAGOV] t= 261.8s | pag=117 | files= 338 | data=106 | cola=1021 | prio=10 | https://catalog.data.gov/dataset/joes-valley-reservoir-and-dam-daily-lake-reservoir-release-total-cfs-time-series-data?from_hint=eyJzb3J0IjoibGFzdF9oYXJ2ZXN0ZWRfZGF0ZSJ9
[DATAGOV] t= 262.9s | pag=118 | files= 338 | data=107 | cola=1021 | prio=10 | https://catalog.data.gov/dataset/joes-valley-reservoir-and-dam-daily-lake-reservoir-release-total-cfs-time-series-data
[DATAGOV] t= 263.6s | pag=119 | files= 338 | data=108 | cola=1020 | prio=10 | https://catalog.data.gov/dataset/vallecito-reservoir-and-dam-daily-lake-reservoir-release-total-cfs-time-series-data?from_hint=eyJzb3J0IjoibGFzdF9oYXJ2ZXN0ZWRfZGF0ZSJ9
[DATAGOV] t= 264.6s | pag=120 | files= 338 | data=109 | cola=1020 | prio=10 | https://catalog.data.gov/dataset/vallecito-reservoir-and-dam-daily-lake-reservoir-release-total-cfs-time-series-data
[DATAGOV] t= 265.2s | pag=121 | files= 338 | data=110 | cola=1019 | prio=10 | https://catalog.data.gov/dataset/lemon-reservoir-and-dam-daily-lake-reservoir-release-total-cfs-time-series-data?from_hint=eyJzb3J0IjoibGFzdF9oYXJ2ZXN0ZWRfZGF0ZSJ9
[DATAGOV] t= 266.0s | pag=122 | files= 338 | data=111 | cola=1019 | prio=10 | https://catalog.data.gov/dataset/lemon-reservoir-and-dam-daily-lake-reservoir-release-total-cfs-time-series-data
[DATAGOV] t= 266.9s | pag=123 | files= 338 | data=112 | cola=1018 | prio=10 | https://catalog.data.gov/dataset/jackson-gulch-reservoir-and-dam-daily-lake-reservoir-release-total-cfs-time-series-data?from_hint=eyJzb3J0IjoibGFzdF9oYXJ2ZXN0ZWRfZGF0ZSJ9
[DATAGOV] t= 267.8s | pag=124 | files= 338 | data=113 | cola=1018 | prio=10 | https://catalog.data.gov/dataset/jackson-gulch-reservoir-and-dam-daily-lake-reservoir-release-total-cfs-time-series-data
[DATAGOV] t= 268.8s | pag=125 | files= 338 | data=114 | cola=1017 | prio=10 | https://catalog.data.gov/dataset/big-sandy-reservoir-and-dam-daily-lake-reservoir-release-total-cfs-time-series-data?from_hint=eyJzb3J0IjoibGFzdF9oYXJ2ZXN0ZWRfZGF0ZSJ9
[DATAGOV] t= 269.5s | pag=126 | files= 338 | data=115 | cola=1017 | prio=10 | https://catalog.data.gov/dataset/big-sandy-reservoir-and-dam-daily-lake-reservoir-release-total-cfs-time-series-data
[DATAGOV] t= 270.6s | pag=127 | files= 338 | data=116 | cola=1016 | prio=10 | https://catalog.data.gov/dataset/brantley-lake-and-dam-daily-lake-reservoir-release-total-cfs-time-series-data?from_hint=eyJzb3J0IjoibGFzdF9oYXJ2ZXN0ZWRfZGF0ZSJ9
[DATAGOV] t= 271.5s | pag=128 | files= 338 | data=117 | cola=1016 | prio=10 | https://catalog.data.gov/dataset/brantley-lake-and-dam-daily-lake-reservoir-release-total-cfs-time-series-data
[DATAGOV] t= 272.3s | pag=129 | files= 338 | data=118 | cola=1015 | prio=10 | https://catalog.data.gov/dataset/causey-reservoir-and-dam-daily-lake-reservoir-release-total-cfs-time-series-data?from_hint=eyJzb3J0IjoibGFzdF9oYXJ2ZXN0ZWRfZGF0ZSJ9
[DATAGOV] t= 273.4s | pag=130 | files= 338 | data=119 | cola=1015 | prio=10 | https://catalog.data.gov/dataset/causey-reservoir-and-dam-daily-lake-reservoir-release-total-cfs-time-series-data
[DATAGOV] t= 274.3s | pag=131 | files= 338 | data=120 | cola=1014 | prio=10 | https://catalog.data.gov/dataset/moon-lake-reservoir-and-dam-daily-lake-reservoir-release-total-cfs-time-series-data?from_hint=eyJzb3J0IjoibGFzdF9oYXJ2ZXN0ZWRfZGF0ZSJ9
[DATAGOV] t= 274.8s | pag=132 | files= 338 | data=121 | cola=1014 | prio=10 | https://catalog.data.gov/dataset/moon-lake-reservoir-and-dam-daily-lake-reservoir-release-total-cfs-time-series-data
[DATAGOV] t= 275.6s | pag=133 | files= 338 | data=122 | cola=1013 | prio=10 | https://catalog.data.gov/dataset/lake-sumner-and-dam-daily-lake-reservoir-release-total-cfs-time-series-data?from_hint=eyJzb3J0IjoibGFzdF9oYXJ2ZXN0ZWRfZGF0ZSJ9
[DATAGOV] t= 276.4s | pag=134 | files= 338 | data=123 | cola=1013 | prio=10 | https://catalog.data.gov/dataset/lake-sumner-and-dam-daily-lake-reservoir-release-total-cfs-time-series-data
[DATAGOV] t= 277.3s | pag=135 | files= 338 | data=124 | cola=1012 | prio=10 | https://catalog.data.gov/dataset/meeks-cabin-reservoir-and-dam-daily-lake-reservoir-release-total-cfs-time-series-data?from_hint=eyJzb3J0IjoibGFzdF9oYXJ2ZXN0ZWRfZGF0ZSJ9
[DATAGOV] DATASETS=125 | data_html_table | https://catalog.data.gov/dataset/meeks-cabin-reservoir-and-dam-daily-lake-reservoir-release-total-cfs-time-series-data?from_hint=eyJzb3J0IjoibGFzdF9oYXJ2ZXN0ZWRfZGF0ZSJ9
[DATAGOV] t= 278.4s | pag=136 | files= 338 | data=125 | cola=1012 | prio=10 | https://catalog.data.gov/dataset/meeks-cabin-reservoir-and-dam-daily-lake-reservoir-release-total-cfs-time-series-data
[DATAGOV] t= 279.4s | pag=137 | files= 338 | data=126 | cola=1011 | prio=10 | https://catalog.data.gov/dataset/pineview-reservoir-dam-and-powerplant-daily-lake-reservoir-release-total-cfs-time-series-d?from_hint=eyJzb3J0IjoibGFzdF9oYXJ2ZXN0ZWRfZGF0ZSJ9
[DATAGOV] t= 280.4s | pag=138 | files= 338 | data=127 | cola=1011 | prio=10 | https://catalog.data.gov/dataset/pineview-reservoir-dam-and-powerplant-daily-lake-reservoir-release-total-cfs-time-series-d
[DATAGOV] t= 281.1s | pag=139 | files= 338 | data=128 | cola=1010 | prio=10 | https://catalog.data.gov/dataset/rockport-reservoir-and-wanship-dam-daily-lake-reservoir-release-total-cfs-time-series-data?from_hint=eyJzb3J0IjoibGFzdF9oYXJ2ZXN0ZWRfZGF0ZSJ9
[DATAGOV] t= 281.8s | pag=140 | files= 338 | data=129 | cola=1010 | prio=10 | https://catalog.data.gov/dataset/rockport-reservoir-and-wanship-dam-daily-lake-reservoir-release-total-cfs-time-series-data
[DATAGOV] t= 282.5s | pag=141 | files= 338 | data=130 | cola=1009 | prio=10 | https://catalog.data.gov/dataset/howard-prairie-delivery-canal-at-keene-creek-dam-oregon-hpco-daily-minimum-air-temperature?from_hint=eyJzb3J0IjoibGFzdF9oYXJ2ZXN0ZWRfZGF0ZSJ9
[DATAGOV] t= 283.5s | pag=142 | files= 338 | data=131 | cola=1010 | prio=10 | https://catalog.data.gov/dataset/howard-prairie-delivery-canal-at-keene-creek-dam-oregon-hpco-daily-minimum-air-temperature
[DATAGOV] t= 284.2s | pag=143 | files= 338 | data=132 | cola=1009 | prio=10 | https://catalog.data.gov/dataset/stateline-reservoir-and-dam-daily-lake-reservoir-release-total-cfs-time-series-data?from_hint=eyJzb3J0IjoibGFzdF9oYXJ2ZXN0ZWRfZGF0ZSJ9
[DATAGOV] t= 285.2s | pag=144 | files= 338 | data=133 | cola=1009 | prio=10 | https://catalog.data.gov/dataset/stateline-reservoir-and-dam-daily-lake-reservoir-release-total-cfs-time-series-data
[DATAGOV] t= 286.3s | pag=145 | files= 338 | data=134 | cola=1008 | prio=10 | https://catalog.data.gov/dataset/howard-prairie-delivery-canal-at-keene-creek-dam-oregon-hpco-daily-maximum-air-temperature?from_hint=eyJzb3J0IjoibGFzdF9oYXJ2ZXN0ZWRfZGF0ZSJ9
[DATAGOV] t= 287.5s | pag=146 | files= 338 | data=135 | cola=1008 | prio=10 | https://catalog.data.gov/dataset/howard-prairie-delivery-canal-at-keene-creek-dam-oregon-hpco-daily-maximum-air-temperature
[DATAGOV] t= 288.6s | pag=147 | files= 338 | data=136 | cola=1007 | prio=10 | https://catalog.data.gov/organization/americorps
[DATAGOV] t= 289.5s | pag=148 | files= 338 | data=137 | cola=1026 | prio=10 | https://catalog.data.gov/organization/fed-reserve
[DATAGOV] t= 290.6s | pag=149 | files= 338 | data=138 | cola=1045 | prio=10 | https://catalog.data.gov/organization/austin-tx
[DATAGOV] t= 291.4s | pag=150 | files= 338 | data=139 | cola=1054 | prio=10 | https://catalog.data.gov/organization/baltimore-md
[DATAGOV] t= 292.5s | pag=151 | files= 338 | data=140 | cola=1073 | prio=10 | https://catalog.data.gov/organization/baton-rouge-la
[DATAGOV] t= 293.9s | pag=152 | files= 338 | data=141 | cola=1092 | prio=10 | https://catalog.data.gov/organization/bloomington-in
[DATAGOV] t= 294.9s | pag=153 | files= 338 | data=142 | cola=1111 | prio=10 | https://catalog.data.gov/organization/chesapeake-va
[DATAGOV] t= 296.3s | pag=154 | files= 338 | data=143 | cola=1121 | prio=10 | https://catalog.data.gov/organization/chicago-il
[DATAGOV] t= 297.5s | pag=155 | files= 338 | data=144 | cola=1140 | prio=10 | https://catalog.data.gov/organization/ferndale-mi
[DATAGOV] t= 298.8s | pag=156 | files= 338 | data=145 | cola=1159 | prio=10 | https://catalog.data.gov/organization/hartford-ct
[DATAGOV] t= 299.7s | pag=157 | files= 338 | data=146 | cola=1178 | prio=10 | https://catalog.data.gov/organization/honolulu-hi
[DATAGOV] t= 300.7s | pag=158 | files= 338 | data=147 | cola=1197 | prio=10 | https://catalog.data.gov/organization/nyc-ny
[DATAGOV] t= 301.7s | pag=159 | files= 338 | data=148 | cola=1216 | prio=10 | https://catalog.data.gov/organization/philadelphia-pa
[DATAGOV] t= 302.6s | pag=160 | files= 338 | data=149 | cola=1235 | prio=10 | https://catalog.data.gov/organization/prvidence-ri
[DATAGOV] DATASETS=150 | exportable_data_page | https://catalog.data.gov/organization/prvidence-ri
[DATAGOV] t= 303.5s | pag=161 | files= 338 | data=150 | cola=1254 | prio=10 | https://catalog.data.gov/organization/san-francisco-ca
[DATAGOV] t= 304.9s | pag=162 | files= 338 | data=151 | cola=1273 | prio=10 | https://catalog.data.gov/organization/seattle-wa
[DATAGOV] t= 305.7s | pag=163 | files= 338 | data=152 | cola=1292 | prio=10 | https://catalog.data.gov/organization/sioux-falls-sd
[DATAGOV] t= 306.7s | pag=164 | files= 338 | data=153 | cola=1311 | prio=10 | https://catalog.data.gov/organization/somerville-ma
[DATAGOV] t= 307.7s | pag=165 | files= 338 | data=154 | cola=1330 | prio=10 | https://catalog.data.gov/organization/tempe-az
[DATAGOV] t= 308.9s | pag=166 | files= 338 | data=155 | cola=1349 | prio=10 | https://catalog.data.gov/organization/cftc
[DATAGOV] t= 310.1s | pag=167 | files= 338 | data=156 | cola=1355 | prio=10 | https://catalog.data.gov/organization/cfpb
[DATAGOV] t= 311.3s | pag=168 | files= 338 | data=157 | cola=1364 | prio=10 | https://catalog.data.gov/organization/cook-county-il
[DATAGOV] t= 312.4s | pag=169 | files= 338 | data=158 | cola=1383 | prio=10 | https://catalog.data.gov/organization/usda
[DATAGOV] t= 313.4s | pag=170 | files= 338 | data=159 | cola=1400 | prio=10 | https://catalog.data.gov/organization?page=2&per_page=24
[DATAGOV] t= 315.4s | pag=171 | files= 338 | data=160 | cola=1418 | prio=10 | https://catalog.data.gov/organization?page=3&per_page=24
[DATAGOV] t= 317.3s | pag=172 | files= 338 | data=160 | cola=1438 | prio=10 | https://catalog.data.gov/organization?page=5&per_page=24
[DATAGOV] t= 317.9s | pag=173 | files= 338 | data=160 | cola=1441 | prio=10 | https://catalog.data.gov/?q=&sort=relevance
[DATAGOV] t= 319.0s | pag=174 | files= 338 | data=161 | cola=1460 | prio=10 | https://catalog.data.gov/dataset/baby-names-from-social-security-card-applications-national-data?from_hint=eyJzcGF0aWFsX2ZpbHRlciI6Imdlb3NwYXRpYWwifQ%3D%3D
[DATAGOV] t= 319.5s | pag=175 | files= 338 | data=162 | cola=1459 | prio=10 | https://catalog.data.gov/dataset/nps-visitor-use-statistics-data-package-2024?from_hint=eyJzcGF0aWFsX2ZpbHRlciI6Imdlb3NwYXRpYWwifQ%3D%3D
[DATAGOV] t= 320.1s | pag=176 | files= 338 | data=163 | cola=1458 | prio=10 | https://catalog.data.gov/dataset/inventory-of-owned-and-leased-properties-iolp?from_hint=eyJzcGF0aWFsX2ZpbHRlciI6Imdlb3NwYXRpYWwifQ%3D%3D
[DATAGOV] t= 321.1s | pag=177 | files= 338 | data=164 | cola=1457 | prio=10 | https://catalog.data.gov/dataset/harmonized-tariff-schedule-of-the-united-states-2025?from_hint=eyJzcGF0aWFsX2ZpbHRlciI6Imdlb3NwYXRpYWwifQ%3D%3D
[DATAGOV] t= 321.9s | pag=178 | files= 389 | data=165 | cola=1460 | prio=10 | https://catalog.data.gov/organization/usitc
[DATAGOV] t= 322.9s | pag=179 | files= 389 | data=166 | cola=1477 | prio=10 | https://catalog.data.gov/dataset/harmonized-tariff-schedule-of-the-united-states-2025
[DATAGOV] t= 323.6s | pag=180 | files= 389 | data=167 | cola=1476 | prio=10 | https://catalog.data.gov/dataset/harmonized-tariff-schedule-of-the-united-states-2024?from_hint=eyJzcGF0aWFsX2ZpbHRlciI6Imdlb3NwYXRpYWwifQ%3D%3D
[DATAGOV] t= 324.4s | pag=181 | files= 422 | data=168 | cola=1476 | prio=10 | https://catalog.data.gov/dataset/harmonized-tariff-schedule-of-the-united-states-2024
[DATAGOV] t= 325.1s | pag=182 | files= 422 | data=169 | cola=1475 | prio=10 | https://catalog.data.gov/dataset/quick-stats-agricultural-database-api?from_hint=eyJzcGF0aWFsX2ZpbHRlciI6Imdlb3NwYXRpYWwifQ%3D%3D
[DATAGOV] t= 326.1s | pag=183 | files= 422 | data=170 | cola=1483 | prio=10 | https://catalog.data.gov/dataset/national-stock-number-extract?from_hint=eyJzcGF0aWFsX2ZpbHRlciI6Imdlb3NwYXRpYWwifQ%3D%3D
[DATAGOV] t= 327.0s | pag=184 | files= 423 | data=171 | cola=1488 | prio=10 | https://catalog.data.gov/dataset/national-stock-number-extract
[DATAGOV] t= 327.9s | pag=185 | files= 423 | data=172 | cola=1487 | prio=10 | https://catalog.data.gov/dataset/baby-names-from-social-security-card-applications-state-and-district-of-columbia-data?from_hint=eyJzcGF0aWFsX2ZpbHRlciI6Imdlb3NwYXRpYWwifQ%3D%3D
[DATAGOV] t= 330.2s | pag=186 | files= 424 | data=173 | cola=1488 | prio=10 | https://catalog.data.gov/dataset/baby-names-from-social-security-card-applications-state-and-district-of-columbia-data
[DATAGOV] t= 331.4s | pag=187 | files= 424 | data=174 | cola=1487 | prio=10 | https://catalog.data.gov/dataset/uniform-crime-reporting-ucr-program?from_hint=eyJzcGF0aWFsX2ZpbHRlciI6Imdlb3NwYXRpYWwifQ%3D%3D
[DATAGOV] DATASETS=175 | data_html_table | https://catalog.data.gov/dataset/uniform-crime-reporting-ucr-program?from_hint=eyJzcGF0aWFsX2ZpbHRlciI6Imdlb3NwYXRpYWwifQ%3D%3D
[DATAGOV] t= 332.0s | pag=188 | files= 424 | data=175 | cola=1495 | prio=10 | https://catalog.data.gov/organization/doj
[DATAGOV] t= 333.0s | pag=189 | files= 424 | data=176 | cola=1502 | prio=10 | https://catalog.data.gov/dataset/uniform-crime-reporting-ucr-program
[DATAGOV] t= 333.5s | pag=190 | files= 424 | data=177 | cola=1501 | prio=10 | https://catalog.data.gov/dataset/tiger-line-shapefile-2022-nation-u-s-2020-census-5-digit-zip-code-tabulation-area-zcta5?from_hint=eyJzcGF0aWFsX2ZpbHRlciI6Imdlb3NwYXRpYWwifQ%3D%3D
[DATAGOV] t= 334.2s | pag=191 | files= 425 | data=178 | cola=1508 | prio=10 | https://catalog.data.gov/organization/census
[DATAGOV] t= 335.1s | pag=192 | files= 425 | data=179 | cola=1517 | prio=10 | https://catalog.data.gov/dataset/tiger-line-shapefile-2022-nation-u-s-2020-census-5-digit-zip-code-tabulation-area-zcta5
[DATAGOV] t= 335.6s | pag=193 | files= 425 | data=180 | cola=1516 | prio=10 | https://catalog.data.gov/dataset/consumer-complaint-database?from_hint=eyJzcGF0aWFsX2ZpbHRlciI6Imdlb3NwYXRpYWwifQ%3D%3D
[DATAGOV] t= 336.5s | pag=194 | files= 425 | data=181 | cola=1515 | prio=10 | https://catalog.data.gov/dataset/national-agriculture-imagery-program-naip-imagery?from_hint=eyJzcGF0aWFsX2ZpbHRlciI6Imdlb3NwYXRpYWwifQ%3D%3D
[DATAGOV] t= 337.6s | pag=195 | files= 425 | data=182 | cola=1523 | prio=10 | https://catalog.data.gov/dataset/national-agriculture-imagery-program-naip-imagery
[DATAGOV] t= 338.3s | pag=196 | files= 425 | data=183 | cola=1522 | prio=10 | https://catalog.data.gov/dataset/2015-16-harassment-or-bullying-estimations-by-basis-category?from_hint=eyJzcGF0aWFsX2ZpbHRlciI6Imdlb3NwYXRpYWwifQ%3D%3D
[DATAGOV] t= 339.3s | pag=197 | files= 432 | data=184 | cola=1528 | prio=10 | https://catalog.data.gov/dataset/2015-16-harassment-or-bullying-estimations-by-basis-category
[DATAGOV] t= 340.2s | pag=198 | files= 432 | data=185 | cola=1527 | prio=10 | https://catalog.data.gov/dataset/event-correlated-outage-dataset-in-america?from_hint=eyJzcGF0aWFsX2ZpbHRlciI6Imdlb3NwYXRpYWwifQ%3D%3D
[DATAGOV] t= 342.9s | pag=199 | files= 435 | data=186 | cola=1535 | prio=10 | https://catalog.data.gov/organization/energy
[DATAGOV] t= 381.3s | pag=200 | files= 438 | data=187 | cola=1543 | prio=10 | https://catalog.data.gov/dataset/event-correlated-outage-dataset-in-america
[DATAGOV] t= 381.7s | pag=201 | files= 438 | data=188 | cola=1542 | prio=10 | https://catalog.data.gov/dataset/photovoltaic-data-acquisition-pvdaq-public-datasets?from_hint=eyJzcGF0aWFsX2ZpbHRlciI6Imdlb3NwYXRpYWwifQ%3D%3D
[DATAGOV] t= 382.4s | pag=202 | files= 438 | data=189 | cola=1549 | prio=10 | https://catalog.data.gov/dataset/photovoltaic-data-acquisition-pvdaq-public-datasets
[DATAGOV] t= 383.2s | pag=203 | files= 438 | data=190 | cola=1548 | prio=10 | https://catalog.data.gov/dataset/quick-stats-agricultural-database?from_hint=eyJzcGF0aWFsX2ZpbHRlciI6Imdlb3NwYXRpYWwifQ%3D%3D
[DATAGOV] t= 384.2s | pag=204 | files= 438 | data=191 | cola=1549 | prio=10 | https://catalog.data.gov/dataset/tiger-line-shapefile-current-nation-u-s-state-and-equivalent-entities?from_hint=eyJzcGF0aWFsX2ZpbHRlciI6Imdlb3NwYXRpYWwifQ%3D%3D
[DATAGOV] t= 384.8s | pag=205 | files= 439 | data=192 | cola=1549 | prio=10 | https://catalog.data.gov/dataset/tiger-line-shapefile-current-nation-u-s-state-and-equivalent-entities
[DATAGOV] t= 385.7s | pag=206 | files= 439 | data=193 | cola=1548 | prio=10 | https://catalog.data.gov/dataset/2024-annual-technology-baseline-atb-cost-and-performance-data-for-electricity-generation-t?from_hint=eyJzcGF0aWFsX2ZpbHRlciI6Imdlb3NwYXRpYWwifQ%3D%3D
[DATAGOV] t= 393.0s | pag=207 | files= 449 | data=194 | cola=1554 | prio=10 | https://catalog.data.gov/dataset/2024-annual-technology-baseline-atb-cost-and-performance-data-for-electricity-generation-t
[DATAGOV] t= 393.8s | pag=208 | files= 449 | data=195 | cola=1553 | prio=10 | https://catalog.data.gov/dataset/provisional-covid-19-death-counts-and-rates-by-month-jurisdiction-of-residence-and-demogra?from_hint=eyJzcGF0aWFsX2ZpbHRlciI6Imdlb3NwYXRpYWwifQ%3D%3D
[DATAGOV] t= 394.7s | pag=209 | files= 452 | data=196 | cola=1560 | prio=10 | https://catalog.data.gov/dataset/provisional-covid-19-death-counts-and-rates-by-month-jurisdiction-of-residence-and-demogra
[DATAGOV] t= 395.6s | pag=210 | files= 452 | data=197 | cola=1559 | prio=10 | https://catalog.data.gov/dataset/tiger-line-shapefile-2023-nation-u-s-primary-roads?from_hint=eyJzcGF0aWFsX2ZpbHRlciI6Imdlb3NwYXRpYWwifQ%3D%3D
[DATAGOV] t= 396.7s | pag=211 | files= 453 | data=198 | cola=1565 | prio=10 | https://catalog.data.gov/dataset/tiger-line-shapefile-2023-nation-u-s-primary-roads
[DATAGOV] t= 397.8s | pag=212 | files= 453 | data=199 | cola=1564 | prio=10 | https://resources.data.gov/resources/dcat-us/
[DATAGOV] DATASETS=200 | data_html_table | https://resources.data.gov/resources/dcat-us/
[DATAGOV] t= 399.2s | pag=213 | files= 457 | data=200 | cola=1567 | prio=10 | https://resources.data.gov/categories/data-management-governance
[DATAGOV] t= 400.0s | pag=213 | files= 457 | data=200 | cola=1566 | prio=10 | https://resources.data.gov/categories/data-tools
[DATAGOV] t= 404.6s | pag=213 | files= 457 | data=200 | cola=1565 | prio=10 | https://resources.data.gov/categories/guidance
[DATAGOV] t= 406.3s | pag=213 | files= 457 | data=200 | cola=1564 | prio=10 | https://resources.data.gov/resources/harvester-what-is-harvesting/
[DATAGOV] t= 407.7s | pag=214 | files= 457 | data=201 | cola=1564 | prio=10 | https://resources.data.gov/resources/dcat-us-priorities/
[DATAGOV] t= 408.5s | pag=215 | files= 458 | data=201 | cola=1563 | prio=10 | https://resources.data.gov/standards/catalog/dcat-us-3/catalog/
[DATAGOV] t= 409.8s | pag=216 | files= 458 | data=202 | cola=1562 | prio=10 | https://resources.data.gov/standards/catalog/dcat-us-3/dataset/
[DATAGOV] t= 410.9s | pag=217 | files= 458 | data=203 | cola=1561 | prio=10 | https://resources.data.gov/standards/catalog/dcat-us-3/distribution/
[DATAGOV] t= 412.1s | pag=218 | files= 458 | data=204 | cola=1560 | prio=10 | https://resources.data.gov/standards/catalog/dcat-us-3/agents/
[DATAGOV] t= 413.3s | pag=219 | files= 458 | data=205 | cola=1559 | prio=10 | https://resources.data.gov/standards/catalog/dcat-us-3/constraints-and-restrictions/
[DATAGOV] t= 414.3s | pag=220 | files= 458 | data=206 | cola=1558 | prio=10 | https://resources.data.gov/standards/catalog/dcat-us-3/dataset-series/
[DATAGOV] t= 415.2s | pag=221 | files= 458 | data=207 | cola=1557 | prio=10 | https://resources.data.gov/standards/catalog/dcat-us-3/identifiers-and-relationships/
[DATAGOV] t= 416.4s | pag=222 | files= 458 | data=208 | cola=1556 | prio=10 | https://resources.data.gov/standards/catalog/dcat-us-3/quality-governance/
[DATAGOV] t= 417.5s | pag=223 | files= 458 | data=209 | cola=1555 | prio=10 | https://resources.data.gov/standards/catalog/dcat-us-3/temporal-spatial-metrics/
[DATAGOV] t= 418.1s | pag=224 | files= 458 | data=210 | cola=1554 | prio=10 | https://resources.data.gov/standards/catalog/dcat-us/
[DATAGOV] t= 419.1s | pag=225 | files= 458 | data=211 | cola=1559 | prio=10 | https://resources.data.gov/resources/dcat-us-3-updates/
[DATAGOV] t= 419.9s | pag=226 | files= 458 | data=212 | cola=1558 | prio=10 | https://resources.data.gov/resources/dcat-us-3-migration/
[DATAGOV] t= 421.0s | pag=227 | files= 458 | data=213 | cola=1557 | prio=10 | https://resources.data.gov/resources/dcat-us-3-implementation/
[DATAGOV] t= 421.8s | pag=228 | files= 458 | data=213 | cola=1556 | prio=10 | https://resources.data.gov/resources/dcat-us-3-crosswalk/
[DATAGOV] t= 422.6s | pag=229 | files= 459 | data=214 | cola=1555 | prio=10 | https://resources.data.gov/resources/documenting-apis/
[DATAGOV] t= 423.6s | pag=230 | files= 459 | data=215 | cola=1554 | prio=10 | https://resources.data.gov/harvester-api/
[DATAGOV] t= 424.4s | pag=231 | files= 460 | data=216 | cola=1553 | prio=10 | https://catalog.data.gov/dataset/
[DATAGOV] t= 425.2s | pag=231 | files= 460 | data=216 | cola=1551 | prio=10 | https://inventory.data.gov/
[DATAGOV] t= 427.4s | pag=232 | files= 460 | data=216 | cola=1555 | prio=10 | https://resources.data.gov/about/about-this-repository/
[DATAGOV] t= 428.0s | pag=233 | files= 462 | data=216 | cola=1556 | prio=10 | https://resources.data.gov/about/governance/
[DATAGOV] t= 429.2s | pag=234 | files= 462 | data=216 | cola=1555 | prio=10 | https://resources.data.gov/keywords/data-schema
[DATAGOV] t= 430.2s | pag=235 | files= 462 | data=217 | cola=1556 | prio=10 | https://resources.data.gov/keywords/open-data
[DATAGOV] t= 431.8s | pag=236 | files= 462 | data=217 | cola=1557 | prio=10 | https://resources.data.gov/keywords/dcat
[DATAGOV] t= 432.9s | pag=237 | files= 462 | data=217 | cola=1556 | prio=10 | https://resources.data.gov/keywords/dcat-us
[DATAGOV] t= 434.5s | pag=238 | files= 462 | data=217 | cola=1555 | prio=10 | https://resources.data.gov/keywords/metadata-standard
[DATAGOV] t= 435.8s | pag=239 | files= 462 | data=217 | cola=1554 | prio=10 | https://resources.data.gov/keywords/data-inventory
[DATAGOV] t= 437.2s | pag=240 | files= 462 | data=218 | cola=1553 | prio=10 | https://resources.data.gov/keywords/data-standards
[DATAGOV] t= 438.4s | pag=241 | files= 462 | data=219 | cola=1552 | prio=10 | https://resources.data.gov/keywords/access/
[DATAGOV] t= 439.3s | pag=242 | files= 462 | data=219 | cola=1551 | prio=10 | https://resources.data.gov/keywords/ai/
[DATAGOV] t= 440.3s | pag=243 | files= 462 | data=219 | cola=1550 | prio=10 | https://resources.data.gov/keywords/analytics/
[DATAGOV] t= 441.3s | pag=244 | files= 462 | data=219 | cola=1549 | prio=10 | https://resources.data.gov/keywords/api/
[DATAGOV] t= 442.5s | pag=245 | files= 462 | data=220 | cola=1548 | prio=10 | https://resources.data.gov/keywords/budget/
[DATAGOV] t= 443.7s | pag=246 | files= 462 | data=220 | cola=1547 | prio=10 | https://resources.data.gov/keywords/crowdsourcing/
[DATAGOV] t= 444.8s | pag=247 | files= 462 | data=220 | cola=1546 | prio=10 | https://resources.data.gov/keywords/data-access/
[DATAGOV] t= 445.7s | pag=248 | files= 462 | data=221 | cola=1545 | prio=10 | https://resources.data.gov/keywords/data-agreements/
[DATAGOV] t= 446.7s | pag=249 | files= 462 | data=221 | cola=1544 | prio=10 | https://resources.data.gov/keywords/data-analysis/
[DATAGOV] t= 447.9s | pag=250 | files= 462 | data=222 | cola=1543 | prio=10 | https://resources.data.gov/keywords/data-analytics/
[DATAGOV] t= 449.1s | pag=251 | files= 462 | data=223 | cola=1542 | prio=10 | https://resources.data.gov/keywords/data-catalog/
[DATAGOV] t= 450.2s | pag=252 | files= 462 | data=223 | cola=1541 | prio=10 | https://resources.data.gov/keywords/data-cleaning/
[DATAGOV] t= 451.5s | pag=253 | files= 462 | data=223 | cola=1540 | prio=10 | https://resources.data.gov/keywords/data-ethics/
[DATAGOV] t= 452.7s | pag=254 | files= 462 | data=223 | cola=1539 | prio=10 | https://resources.data.gov/keywords/data-governance/
[DATAGOV] t= 453.7s | pag=255 | files= 462 | data=224 | cola=1538 | prio=10 | https://resources.data.gov/keywords/data-hiring/
[DATAGOV] t= 454.8s | pag=256 | files= 462 | data=224 | cola=1536 | prio=10 | https://resources.data.gov/keywords/data-management/
[DATAGOV] DATASETS=225 | exportable_data_page | https://resources.data.gov/keywords/data-management/
[DATAGOV] t= 455.5s | pag=257 | files= 462 | data=225 | cola=1535 | prio=10 | https://resources.data.gov/keywords/data-practices/
[DATAGOV] t= 456.3s | pag=258 | files= 462 | data=225 | cola=1533 | prio=10 | https://resources.data.gov/keywords/data-science/
[DATAGOV] t= 457.2s | pag=259 | files= 462 | data=225 | cola=1532 | prio=10 | https://resources.data.gov/keywords/data-security/
[DATAGOV] t= 458.3s | pag=260 | files= 462 | data=225 | cola=1531 | prio=10 | https://resources.data.gov/keywords/data-sharing/
[DATAGOV] t= 459.2s | pag=261 | files= 462 | data=226 | cola=1530 | prio=10 | https://resources.data.gov/keywords/data-skills/
[DATAGOV] t= 460.4s | pag=262 | files= 462 | data=226 | cola=1528 | prio=10 | https://resources.data.gov/keywords/data-tagging/
[DATAGOV] t= 461.5s | pag=263 | files= 462 | data=226 | cola=1527 | prio=10 | https://resources.data.gov/keywords/data-validation/
[DATAGOV] t= 462.3s | pag=264 | files= 462 | data=227 | cola=1526 | prio=10 | https://resources.data.gov/keywords/data-visualization/
[DATAGOV] t= 463.4s | pag=265 | files= 462 | data=227 | cola=1523 | prio=10 | https://resources.data.gov/keywords/fcsm/
[DATAGOV] t= 464.4s | pag=266 | files= 462 | data=227 | cola=1522 | prio=10 | https://resources.data.gov/keywords/federal-data-strategy/
[DATAGOV] t= 465.1s | pag=267 | files= 462 | data=228 | cola=1521 | prio=10 | https://resources.data.gov/keywords/foia/
[DATAGOV] t= 466.1s | pag=268 | files= 462 | data=228 | cola=1520 | prio=10 | https://resources.data.gov/keywords/framework/
[DATAGOV] t= 467.1s | pag=269 | files= 462 | data=228 | cola=1519 | prio=10 | https://resources.data.gov/keywords/geospatial/
[DATAGOV] t= 468.0s | pag=270 | files= 462 | data=229 | cola=1518 | prio=10 | https://resources.data.gov/keywords/icsp/
[DATAGOV] t= 469.0s | pag=271 | files= 462 | data=229 | cola=1517 | prio=10 | https://resources.data.gov/keywords/inventory-data-gov/
[DATAGOV] t= 469.8s | pag=272 | files= 462 | data=229 | cola=1516 | prio=10 | https://resources.data.gov/keywords/it-software-investment/
[DATAGOV] t= 470.7s | pag=273 | files= 462 | data=229 | cola=1514 | prio=10 | https://resources.data.gov/keywords/metadata/
[DATAGOV] t= 471.7s | pag=274 | files= 462 | data=230 | cola=1512 | prio=10 | https://resources.data.gov/keywords/playbook/
[DATAGOV] t= 472.6s | pag=275 | files= 462 | data=230 | cola=1511 | prio=10 | https://resources.data.gov/keywords/position-description/
[DATAGOV] t= 473.4s | pag=276 | files= 462 | data=230 | cola=1510 | prio=10 | https://resources.data.gov/keywords/pra/
[DATAGOV] t= 474.7s | pag=277 | files= 462 | data=230 | cola=1509 | prio=10 | https://resources.data.gov/keywords/privacy/
[DATAGOV] t= 475.4s | pag=278 | files= 462 | data=231 | cola=1508 | prio=10 | https://resources.data.gov/keywords/prize-competitions/
[DATAGOV] t= 476.6s | pag=279 | files= 462 | data=231 | cola=1507 | prio=10 | https://resources.data.gov/keywords/process-redesign/
[DATAGOV] t= 477.5s | pag=280 | files= 462 | data=231 | cola=1506 | prio=10 | https://resources.data.gov/keywords/project-open-data-metadata-schema/
[DATAGOV] t= 478.7s | pag=281 | files= 462 | data=232 | cola=1505 | prio=10 | https://resources.data.gov/keywords/public-private-partnerships/
[DATAGOV] t= 479.7s | pag=282 | files= 462 | data=232 | cola=1504 | prio=10 | https://resources.data.gov/keywords/quality/
[DATAGOV] t= 480.9s | pag=283 | files= 462 | data=232 | cola=1503 | prio=10 | https://resources.data.gov/keywords/security/
[DATAGOV] t= 482.0s | pag=284 | files= 462 | data=232 | cola=1502 | prio=10 | https://resources.data.gov/keywords/spending/
[DATAGOV] t= 483.3s | pag=285 | files= 462 | data=232 | cola=1501 | prio=10 | https://resources.data.gov/keywords/standards/
[DATAGOV] t= 484.0s | pag=286 | files= 462 | data=232 | cola=1500 | prio=10 | https://resources.data.gov/keywords/template/
[DATAGOV] t= 485.1s | pag=287 | files= 462 | data=233 | cola=1499 | prio=10 | https://resources.data.gov/keywords/workforce-development/
[DATAGOV] t= 485.9s | pag=288 | files= 462 | data=233 | cola=1498 | prio=10 | https://resources.data.gov/keywords/workforce/
[DATAGOV] t= 486.7s | pag=289 | files= 462 | data=234 | cola=1497 | prio=10 | https://resources.data.gov/keywords/zero-trust/
[DATAGOV] t= 487.8s | pag=290 | files= 462 | data=234 | cola=1496 | prio=10 | https://www.data.gov/
[DATAGOV] t= 493.0s | pag=290 | files= 462 | data=234 | cola=1495 | prio=10 | https://resources.data.gov/privacy/
[DATAGOV] t= 494.2s | pag=291 | files= 462 | data=234 | cola=1494 | prio=10 | https://www.data.gov/contact
[DATAGOV] t= 496.2s | pag=291 | files= 462 | data=234 | cola=1493 | prio=10 | https://resources.data.gov/keywords/federal-data-strategy
[DATAGOV] t= 496.9s | pag=291 | files= 462 | data=234 | cola=1492 | prio=10 | https://resources.data.gov/keywords/playbook
[DATAGOV] t= 498.9s | pag=291 | files= 462 | data=234 | cola=1491 | prio=10 | https://resources.data.gov/keywords/data-skills
[DATAGOV] t= 500.3s | pag=291 | files= 462 | data=234 | cola=1490 | prio=10 | https://resources.data.gov/keywords/data-governance
[DATAGOV] t= 501.8s | pag=291 | files= 462 | data=234 | cola=1489 | prio=10 | https://resources.data.gov/keywords/data-management
[DATAGOV] t= 503.2s | pag=291 | files= 462 | data=234 | cola=1488 | prio=10 | https://resources.data.gov/keywords/data-security
[DATAGOV] t= 505.0s | pag=291 | files= 462 | data=234 | cola=1487 | prio=10 | https://resources.data.gov/keywords/data-tagging
[DATAGOV] t= 506.8s | pag=291 | files= 462 | data=234 | cola=1486 | prio=10 | https://resources.data.gov/keywords/zero-trust
[DATAGOV] t= 508.1s | pag=291 | files= 462 | data=234 | cola=1485 | prio=10 | https://resources.data.gov/keywords/data-catalog
[DATAGOV] t= 509.8s | pag=291 | files= 462 | data=234 | cola=1484 | prio=10 | https://resources.data.gov/keywords/data-ethics
[DATAGOV] t= 511.3s | pag=291 | files= 462 | data=234 | cola=1483 | prio=10 | https://resources.data.gov/keywords/framework
[DATAGOV] t= 513.1s | pag=291 | files= 462 | data=234 | cola=1482 | prio=10 | https://resources.data.gov/keywords/template
[DATAGOV] t= 514.8s | pag=291 | files= 462 | data=234 | cola=1481 | prio=10 | https://catalog.data.gov/report/metrics-dashboard
[DATAGOV] t= 516.5s | pag=291 | files= 462 | data=234 | cola=1480 | prio=10 | https://resources.data.gov/keywords/analytics
[DATAGOV] t= 518.4s | pag=291 | files= 462 | data=234 | cola=1479 | prio=10 | https://resources.data.gov/keywords/fcsm
[DATAGOV] t= 520.0s | pag=291 | files= 462 | data=234 | cola=1478 | prio=10 | https://resources.data.gov/keywords/quality
[DATAGOV] t= 521.6s | pag=291 | files= 462 | data=234 | cola=1477 | prio=10 | https://resources.data.gov/keywords/data-sharing
[DATAGOV] t= 523.7s | pag=291 | files= 462 | data=234 | cola=1476 | prio=10 | https://resources.data.gov/resources/odeg/
[DATAGOV] t= 525.6s | pag=292 | files= 462 | data=234 | cola=1477 | prio=10 | https://resources.data.gov/keywords/pra
[DATAGOV] t= 526.8s | pag=292 | files= 462 | data=234 | cola=1476 | prio=10 | https://resources.data.gov/resources/m-13-13-guidance/
[DATAGOV] t= 528.4s | pag=293 | files= 462 | data=235 | cola=1479 | prio=10 | https://resources.data.gov/keywords/api
[DATAGOV] t= 529.4s | pag=293 | files= 462 | data=235 | cola=1478 | prio=10 | https://resources.data.gov/keywords/data-visualization
[DATAGOV] t= 531.2s | pag=293 | files= 462 | data=235 | cola=1477 | prio=10 | https://resources.data.gov/keywords/data-analytics
[DATAGOV] t= 533.2s | pag=293 | files= 462 | data=235 | cola=1476 | prio=10 | https://resources.data.gov/keywords/geospatial
[DATAGOV] t= 534.9s | pag=293 | files= 462 | data=235 | cola=1475 | prio=10 | https://resources.data.gov/keywords/data-analysis
[DATAGOV] t= 536.8s | pag=293 | files= 462 | data=235 | cola=1474 | prio=10 | https://catalog.data.gov/dcat-us/validator
[DATAGOV] t= 539.5s | pag=294 | files= 462 | data=236 | cola=1473 | prio=10 | https://resources.data.gov/keywords/data-validation
[DATAGOV] t= 541.0s | pag=294 | files= 462 | data=236 | cola=1472 | prio=10 | https://resources.data.gov/keywords/metadata
[DATAGOV] t= 542.5s | pag=294 | files= 462 | data=236 | cola=1471 | prio=10 | https://resources.data.gov/keywords/project-open-data-metadata-schema
[DATAGOV] t= 544.0s | pag=294 | files= 462 | data=236 | cola=1470 | prio=10 | https://resources.data.gov/keywords/icsp
[DATAGOV] t= 545.8s | pag=294 | files= 462 | data=236 | cola=1469 | prio=10 | https://resources.data.gov/keywords/data-access
[DATAGOV] t= 547.5s | pag=294 | files= 462 | data=236 | cola=1468 | prio=10 | https://resources.data.gov/keywords/process-redesign
[DATAGOV] t= 549.1s | pag=294 | files= 462 | data=236 | cola=1467 | prio=10 | https://resources.data.gov/keywords/data-cleaning
[DATAGOV] t= 551.0s | pag=294 | files= 462 | data=236 | cola=1466 | prio=10 | https://resources.data.gov/keywords/inventory-data-gov
[DATAGOV] t= 552.7s | pag=294 | files= 462 | data=236 | cola=1465 | prio=10 | https://resources.data.gov/keywords/prize-competitions
[DATAGOV] t= 554.7s | pag=294 | files= 462 | data=236 | cola=1464 | prio=10 | https://resources.data.gov/keywords/public-private-partnerships
[DATAGOV] t= 556.2s | pag=294 | files= 462 | data=236 | cola=1463 | prio=10 | https://resources.data.gov/keywords/workforce
[DATAGOV] t= 557.9s | pag=294 | files= 462 | data=236 | cola=1462 | prio=10 | https://resources.data.gov/keywords/crowdsourcing
[DATAGOV] t= 559.8s | pag=294 | files= 462 | data=236 | cola=1461 | prio=10 | https://resources.data.gov/keywords/security
[DATAGOV] t= 561.5s | pag=294 | files= 462 | data=236 | cola=1460 | prio=10 | https://resources.data.gov/keywords/privacy
[DATAGOV] t= 563.3s | pag=294 | files= 462 | data=236 | cola=1459 | prio=10 | https://resources.data.gov/keywords/foia
[DATAGOV] t= 565.3s | pag=294 | files= 462 | data=236 | cola=1458 | prio=10 | https://strategy.data.gov/action-plan/
[DATAGOV] t= 567.3s | pag=295 | files= 462 | data=237 | cola=1457 | prio=10 | https://resources.data.gov/keywords/workforce-development
[DATAGOV] t= 568.9s | pag=295 | files= 462 | data=237 | cola=1456 | prio=10 | https://resources.data.gov/keywords/it-software-investment
[DATAGOV] t= 570.6s | pag=295 | files= 462 | data=237 | cola=1455 | prio=10 | https://resources.data.gov/keywords/access
[DATAGOV] t= 572.1s | pag=295 | files= 462 | data=237 | cola=1454 | prio=10 | https://resources.data.gov/resources/open-data/
[DATAGOV] t= 573.8s | pag=296 | files= 462 | data=237 | cola=1454 | prio=10 | https://resources.data.gov/resources/CDOC_Data_Inventory_Report/
[DATAGOV] t= 574.9s | pag=297 | files= 463 | data=238 | cola=1453 | prio=10 | https://resources.data.gov/keywords/data-practices
[DATAGOV] t= 576.4s | pag=297 | files= 463 | data=238 | cola=1452 | prio=10 | https://resources.data.gov/resources/2021_DSWG%20Recommendations_and_Findings_508/
[DATAGOV] t= 577.9s | pag=298 | files= 464 | data=239 | cola=1451 | prio=10 | https://resources.data.gov/keywords/data-agreements
[DATAGOV] t= 579.1s | pag=298 | files= 464 | data=239 | cola=1450 | prio=10 | https://resources.data.gov/resources/data_skills_training_program_implementation_toolkit/
[DATAGOV] t= 580.8s | pag=299 | files= 465 | data=240 | cola=1449 | prio=10 | https://resources.data.gov/resources/cdoc-case-study/
[DATAGOV] t= 581.5s | pag=300 | files= 466 | data=241 | cola=1448 | prio=10 | https://resources.data.gov/resources/Fuels_Knowledge_Graph_Project/
[DATAGOV] t= 582.3s | pag=301 | files= 467 | data=242 | cola=1447 | prio=10 | https://resources.data.gov/resources/cdoc_comment_analysis/
[DATAGOV] t= 583.4s | pag=302 | files= 468 | data=243 | cola=1446 | prio=10 | https://resources.data.gov/resources/profile_in_data_sharing_neice/
[DATAGOV] t= 584.2s | pag=303 | files= 469 | data=244 | cola=1445 | prio=10 | https://resources.data.gov/resources/Profile_in_Data_Sharing_HRSA/
[DATAGOV] t= 585.1s | pag=304 | files= 470 | data=245 | cola=1444 | prio=10 | https://resources.data.gov/resources/roadside_inspection_profiles/
[DATAGOV] t= 586.0s | pag=305 | files= 471 | data=246 | cola=1443 | prio=10 | https://resources.data.gov/resources/profiles-in-data-sharing/
[DATAGOV] t= 587.1s | pag=306 | files= 472 | data=247 | cola=1442 | prio=10 | https://resources.data.gov/resources/usgs-census-collaborate-roads-boundaries-data/
[DATAGOV] t= 588.0s | pag=307 | files= 472 | data=247 | cola=1451 | prio=10 | https://resources.data.gov/resources/geospatial-supplemental-guidance/
[DATAGOV] t= 589.1s | pag=308 | files= 472 | data=247 | cola=1450 | prio=10 | https://resources.data.gov/resources/harvester-faq-license/
[DATAGOV] t= 590.1s | pag=309 | files= 472 | data=248 | cola=1449 | prio=10 | https://resources.data.gov/resources/harvester-faq-transformation/
[DATAGOV] t= 591.3s | pag=310 | files= 472 | data=249 | cola=1448 | prio=10 | https://resources.data.gov/resources/harvester-faq-date-errors/
[DATAGOV] DATASETS=250 | data_html_table | https://resources.data.gov/resources/harvester-faq-date-errors/
[DATAGOV] t= 592.4s | pag=311 | files= 472 | data=250 | cola=1447 | prio=10 | https://resources.data.gov/resources/harvester-faq-keyword-format/
[DATAGOV] t= 593.4s | pag=312 | files= 472 | data=251 | cola=1446 | prio=10 | https://resources.data.gov/resources/harvester-faq-missing-fields/
[DATAGOV] t= 594.3s | pag=313 | files= 472 | data=252 | cola=1445 | prio=10 | https://resources.data.gov/resources/harvester-faq-other-errors/
[DATAGOV] t= 594.9s | pag=314 | files= 472 | data=253 | cola=1444 | prio=10 | https://resources.data.gov/resources/harvester-faq-quick-reference/
[DATAGOV] t= 595.6s | pag=315 | files= 472 | data=254 | cola=1443 | prio=10 | https://resources.data.gov/resources/harvester-faq-accrual/
[DATAGOV] t= 596.6s | pag=316 | files= 472 | data=255 | cola=1442 | prio=10 | https://resources.data.gov/resources/harvester-faq-email/
[DATAGOV] t= 597.4s | pag=317 | files= 472 | data=256 | cola=1441 | prio=10 | https://resources.data.gov/resources/harvester-faq-overview/
[DATAGOV] t= 598.5s | pag=318 | files= 472 | data=257 | cola=1440 | prio=10 | https://resources.data.gov/resources/harvester-help/
[DATAGOV] t= 599.4s | pag=319 | files= 472 | data=258 | cola=1439 | prio=10 | https://resources.data.gov/resources/data-gov-open-data-howto/
[DATAGOV] t= 600.4s | pag=320 | files= 473 | data=259 | cola=1438 | prio=10 | https://resources.data.gov/resources/inventory-data-gov-guide/
[DATAGOV] t= 601.4s | pag=321 | files= 473 | data=260 | cola=1437 | prio=10 | https://strategy.data.gov/background/
[DATAGOV] t= 602.2s | pag=322 | files= 473 | data=260 | cola=1438 | prio=10 | https://strategy.data.gov/overview/
[DATAGOV] t= 603.1s | pag=323 | files= 473 | data=261 | cola=1437 | prio=10 | https://strategy.data.gov/resources/
[DATAGOV] t= 604.1s | pag=324 | files= 473 | data=261 | cola=1436 | prio=10 | https://strategy.data.gov/news/
[DATAGOV] t= 605.3s | pag=325 | files= 473 | data=261 | cola=1456 | prio=10 | https://strategy.data.gov/2021/action-plan/2020-successes-and-lessons/
[DATAGOV] t= 606.0s | pag=326 | files= 473 | data=262 | cola=1455 | prio=10 | https://strategy.data.gov/2021/action-plan/agency-actions/
[DATAGOV] t= 607.2s | pag=327 | files= 473 | data=263 | cola=1455 | prio=10 | https://strategy.data.gov/2021/action-plan/community-and-shared-actions/
[DATAGOV] t= 608.1s | pag=328 | files= 473 | data=264 | cola=1454 | prio=10 | https://strategy.data.gov/action-plan/special-thanks/
[DATAGOV] t= 609.1s | pag=329 | files= 473 | data=264 | cola=1454 | prio=10 | https://strategy.data.gov/action-plan/creating-a-strategy/
[DATAGOV] t= 610.0s | pag=330 | files= 473 | data=264 | cola=1453 | prio=10 | https://strategy.data.gov/action-plan/how-we-will-get-there/
[DATAGOV] t= 610.9s | pag=331 | files= 473 | data=264 | cola=1452 | prio=10 | https://strategy.data.gov/news
[DATAGOV] t= 611.8s | pag=331 | files= 473 | data=264 | cola=1451 | prio=10 | https://strategy.data.gov/principles/
[DATAGOV] t= 613.5s | pag=332 | files= 474 | data=265 | cola=1450 | prio=10 | https://strategy.data.gov/practices/
[DATAGOV] t= 614.5s | pag=333 | files= 475 | data=266 | cola=1449 | prio=10 | https://labs.data.gov/dashboard/offices/qa
[DATAGOV] t= 615.4s | pag=333 | files= 475 | data=266 | cola=1448 | prio=10 | http://www.data.gov/
[DATAGOV] t= 618.0s | pag=333 | files= 475 | data=266 | cola=1447 | prio=10 | https://catalog.data.gov/?keyword=compensation
[DATAGOV] t= 618.8s | pag=334 | files= 475 | data=267 | cola=1478 | prio=10 | https://catalog.data.gov/?keyword=disability+compensation
[DATAGOV] t= 620.0s | pag=335 | files= 475 | data=268 | cola=1496 | prio=10 | https://catalog.data.gov/?keyword=fy+2025
[DATAGOV] t= 620.9s | pag=336 | files= 475 | data=269 | cola=1501 | prio=10 | https://catalog.data.gov/?keyword=fy+2025+comp
[DATAGOV] t= 621.7s | pag=337 | files= 475 | data=270 | cola=1501 | prio=10 | https://catalog.data.gov/?keyword=fy+2025+compensation
[DATAGOV] t= 622.8s | pag=338 | files= 475 | data=271 | cola=1501 | prio=10 | https://catalog.data.gov/?keyword=fy+2025+disability+comp
[DATAGOV] t= 624.0s | pag=339 | files= 475 | data=272 | cola=1501 | prio=10 | https://catalog.data.gov/?keyword=fy+2025+disability+compensation
[DATAGOV] t= 625.0s | pag=340 | files= 475 | data=273 | cola=1501 | prio=10 | https://catalog.data.gov/?keyword=fy+25
[DATAGOV] t= 625.7s | pag=341 | files= 475 | data=274 | cola=1502 | prio=10 | https://catalog.data.gov/?keyword=
[DATAGOV] DATASETS=275 | exportable_data_page | https://catalog.data.gov/?keyword=
[DATAGOV] t= 626.9s | pag=342 | files= 475 | data=275 | cola=1521 | prio=10 | https://catalog.data.gov/harvest_record/c23ae3ff-fb98-4c34-b4fa-688c9b356fad/raw
[DATAGOV] t= 627.9s | pag=342 | files= 476 | data=275 | cola=1520 | prio=10 | https://catalog.data.gov/dataset/fy-2024-disability-compensation-recipients-by-county
[DATAGOV] t= 629.5s | pag=343 | files= 479 | data=276 | cola=1527 | prio=10 | https://catalog.data.gov/dataset/va-national-formulary
[DATAGOV] t= 630.8s | pag=344 | files= 479 | data=277 | cola=1536 | prio=10 | https://catalog.data.gov/dataset/board-of-veterans-appeals-decisions
[DATAGOV] t= 631.6s | pag=345 | files= 479 | data=278 | cola=1538 | prio=10 | https://catalog.data.gov/dataset/fy-2014-disability-compensation-and-pension-recipients-by-county-report-cp-by-county
[DATAGOV] t= 632.7s | pag=346 | files= 480 | data=279 | cola=1542 | prio=10 | https://catalog.data.gov/dataset/fy-2023-disability-compensation-recipients-by-county
[DATAGOV] t= 633.3s | pag=347 | files= 483 | data=280 | cola=1546 | prio=10 | https://catalog.data.gov/dataset/veterans-receiving-service-connected-disability-benefits-at-the-end-of-fy2012-by-period-of
[DATAGOV] t= 634.2s | pag=348 | files= 483 | data=281 | cola=1552 | prio=10 | https://catalog.data.gov/dataset/va-drug-pricing-database
[DATAGOV] t= 635.2s | pag=349 | files= 483 | data=282 | cola=1559 | prio=10 | https://catalog.data.gov/dataset/veterans-who-used-va-disability-pension-benefits
[DATAGOV] t= 636.1s | pag=350 | files= 486 | data=283 | cola=1562 | prio=10 | https://catalog.data.gov/dataset/corporate-data-warehouse-cdw
[DATAGOV] t= 636.7s | pag=351 | files= 486 | data=284 | cola=1567 | prio=10 | https://catalog.data.gov/dataset/vha-support-service-center-capital-assets-vssc
[DATAGOV] t= 637.6s | pag=352 | files= 486 | data=285 | cola=1573 | prio=10 | https://catalog.data.gov/dataset/va-ptsd-veteran-patient-statistics-2015
[DATAGOV] t= 641.4s | pag=353 | files= 486 | data=286 | cola=1581 | prio=10 | https://catalog.data.gov/dataset/veterans-equitable-resource-allocation-vera
[DATAGOV] t= 642.0s | pag=354 | files= 486 | data=287 | cola=1587 | prio=10 | https://catalog.data.gov/dataset/va-community-care-comparison-vac3-fy2025-all-facilities
[DATAGOV] t= 642.9s | pag=355 | files= 486 | data=288 | cola=1593 | prio=10 | https://catalog.data.gov/dataset/federal-environmental-requirements-for-construction
[DATAGOV] t= 643.7s | pag=356 | files= 487 | data=289 | cola=1595 | prio=10 | https://catalog.data.gov/dataset/vetpop2023-urban-rural-fy2023-2025
[DATAGOV] t= 644.6s | pag=357 | files= 490 | data=290 | cola=1599 | prio=10 | https://catalog.data.gov/dataset/remote-order-entry-system-roes
[DATAGOV] t= 645.7s | pag=358 | files= 490 | data=291 | cola=1606 | prio=10 | https://catalog.data.gov/dataset/veterans-affairs-central-cancer-registry-vaccr
[DATAGOV] t= 646.4s | pag=359 | files= 490 | data=292 | cola=1612 | prio=10 | https://catalog.data.gov/dataset/national-item-file-nif
[DATAGOV] t= 647.4s | pag=360 | files= 490 | data=293 | cola=1617 | prio=10 | https://catalog.data.gov/dataset/summary-of-va-benefits-for-disabled-veterans
[DATAGOV] t= 648.4s | pag=361 | files= 490 | data=294 | cola=1621 | prio=10 | https://catalog.data.gov/?keyword=Elementary-and-secondary
[DATAGOV] t= 649.3s | pag=362 | files= 490 | data=295 | cola=1646 | prio=10 | https://catalog.data.gov/?keyword=Language
[DATAGOV] t= 650.1s | pag=363 | files= 490 | data=296 | cola=1666 | prio=10 | https://catalog.data.gov/?keyword=civil-rights
[DATAGOV] t= 651.0s | pag=364 | files= 490 | data=297 | cola=1685 | prio=10 | https://catalog.data.gov/?keyword=minority
[DATAGOV] t= 652.4s | pag=365 | files= 490 | data=298 | cola=1705 | prio=10 | https://catalog.data.gov/?keyword=national
[DATAGOV] t= 653.0s | pag=366 | files= 490 | data=299 | cola=1725 | prio=10 | https://catalog.data.gov/?keyword=ocr
[DATAGOV] DATASETS=300 | exportable_data_page | https://catalog.data.gov/?keyword=ocr
[DATAGOV] t= 654.0s | pag=367 | files= 490 | data=300 | cola=1746 | prio=10 | https://catalog.data.gov/?keyword=office-for-civil-rights-ocr
[DATAGOV] t= 654.7s | pag=368 | files= 490 | data=301 | cola=1765 | prio=10 | https://catalog.data.gov/?keyword=race
[DATAGOV] t= 655.5s | pag=369 | files= 490 | data=302 | cola=1785 | prio=10 | https://catalog.data.gov/harvest_record/a14c1604-ca00-4310-a617-2095a7f836c6/raw
[DATAGOV] t= 656.0s | pag=369 | files= 491 | data=302 | cola=1784 | prio=10 | https://catalog.data.gov/dataset/2015-16-student-retention-civil-rights-data-collection
[DATAGOV] t= 657.6s | pag=370 | files= 504 | data=303 | cola=1784 | prio=10 | https://catalog.data.gov/dataset/2013-14-advanced-placement-civil-rights-data-collection
[DATAGOV] t= 658.3s | pag=371 | files= 508 | data=304 | cola=1784 | prio=10 | https://catalog.data.gov/dataset/2013-14-discipline-civil-rights-data-collection
[DATAGOV] t= 659.5s | pag=372 | files= 523 | data=305 | cola=1784 | prio=10 | https://catalog.data.gov/dataset/civil-rights-data-collection-2011-12
[DATAGOV] t= 660.3s | pag=373 | files= 523 | data=306 | cola=1787 | prio=10 | https://catalog.data.gov/dataset/2017-18-discipline-civil-rights-data-collection
[DATAGOV] t= 661.0s | pag=374 | files= 532 | data=307 | cola=1788 | prio=10 | https://catalog.data.gov/dataset/national-student-loan-data-system
[DATAGOV] t= 662.3s | pag=375 | files= 549 | data=308 | cola=1795 | prio=10 | https://catalog.data.gov/dataset/civil-rights-data-collection-state-files-2015-16
[DATAGOV] t= 663.2s | pag=376 | files= 653 | data=309 | cola=1800 | prio=10 | https://catalog.data.gov/dataset/college-scorecard
[DATAGOV] t= 671.9s | pag=377 | files= 657 | data=310 | cola=1805 | prio=10 | https://catalog.data.gov/dataset/2015-16-student-enrollment-civil-rights-data-collection
[DATAGOV] t= 673.1s | pag=378 | files= 661 | data=311 | cola=1805 | prio=10 | https://catalog.data.gov/dataset/2011-12-estimations-for-enrollment-civil-rights-data-collection
[DATAGOV] t= 674.2s | pag=379 | files= 665 | data=312 | cola=1806 | prio=10 | https://catalog.data.gov/dataset/2017-18-school-staff-civil-rights-data-collection
[DATAGOV] t= 674.9s | pag=380 | files= 667 | data=313 | cola=1807 | prio=10 | https://catalog.data.gov/?keyword=GHG+reporting
[DATAGOV] t= 676.1s | pag=381 | files= 667 | data=314 | cola=1807 | prio=10 | https://catalog.data.gov/?keyword=USEEIO
[DATAGOV] t= 676.7s | pag=382 | files= 670 | data=315 | cola=1830 | prio=10 | https://catalog.data.gov/?keyword=climate+change
[DATAGOV] t= 677.6s | pag=383 | files= 670 | data=316 | cola=1860 | prio=10 | https://catalog.data.gov/?keyword=industry+ghgs
[DATAGOV] t= 678.5s | pag=384 | files= 670 | data=317 | cola=1860 | prio=10 | https://catalog.data.gov/?keyword=scope+3
[DATAGOV] t= 679.6s | pag=385 | files= 670 | data=318 | cola=1863 | prio=10 | https://catalog.data.gov/harvest_record/850b5e45-3cbd-40a2-a218-85e3e04a42ba/raw
[DATAGOV] t= 680.5s | pag=385 | files= 671 | data=318 | cola=1862 | prio=10 | https://catalog.data.gov/dataset/useeio-v2-5-models
[DATAGOV] t= 681.8s | pag=386 | files= 686 | data=319 | cola=1864 | prio=10 | https://catalog.data.gov/dataset/supply-chain-greenhouse-gas-emission-factors-v1-2-by-naics-6
[DATAGOV] t= 682.5s | pag=387 | files= 688 | data=320 | cola=1866 | prio=10 | https://catalog.data.gov/dataset/ipcc-ar4-ar5-and-ar6-20-100-and-500-year-gwps
[DATAGOV] t= 686.2s | pag=388 | files= 689 | data=321 | cola=1874 | prio=10 | https://catalog.data.gov/dataset/supply-chain-greenhouse-gas-emission-factors-for-us-industries-and-commodities
[DATAGOV] t= 687.1s | pag=389 | files= 690 | data=322 | cola=1878 | prio=10 | https://catalog.data.gov/dataset/18-excel-spreadsheets-by-species-and-year-giving-reproduction-and-growth-data-one-excel-sp
[DATAGOV] t= 687.7s | pag=390 | files= 708 | data=323 | cola=1883 | prio=10 | https://catalog.data.gov/dataset/supply-chain-ghg-emission-factors-for-us-commodities-and-industries-v1-1-1
[DATAGOV] t= 688.4s | pag=391 | files= 709 | data=324 | cola=1886 | prio=10 | https://catalog.data.gov/dataset/www-fueleconomy-gov
[DATAGOV] DATASETS=325 | data_html_table | https://catalog.data.gov/dataset/www-fueleconomy-gov
[DATAGOV] t= 689.2s | pag=392 | files= 709 | data=325 | cola=1893 | prio=10 | https://catalog.data.gov/dataset/energy-star-certified-residential-refrigerators
[DATAGOV] t= 690.3s | pag=393 | files= 712 | data=326 | cola=1896 | prio=10 | https://catalog.data.gov/dataset/supply-chain-ghg-emission-factors-for-us-commodities-and-industries-v1-1
[DATAGOV] t= 691.2s | pag=394 | files= 713 | data=327 | cola=1897 | prio=10 | https://catalog.data.gov/dataset/epa-sole-source-aquifers
[DATAGOV] t= 694.4s | pag=395 | files= 714 | data=328 | cola=1899 | prio=10 | https://catalog.data.gov/dataset/useeio-models-with-import-emission-factors-for-greenhouse-gases-for-2017-2022-from-exiobas
[DATAGOV] t= 695.6s | pag=396 | files= 733 | data=329 | cola=1902 | prio=10 | https://catalog.data.gov/dataset/enviroatlas-cyanobacteria-index-for-the-continental-united-states
[DATAGOV] t= 701.0s | pag=397 | files= 735 | data=330 | cola=1908 | prio=10 | https://catalog.data.gov/dataset/useeio-v2-0-1-411
[DATAGOV] t= 701.7s | pag=398 | files= 736 | data=331 | cola=1914 | prio=10 | https://catalog.data.gov/dataset/acres-brownfields-properties
[DATAGOV] t= 702.2s | pag=399 | files= 736 | data=332 | cola=1920 | prio=10 | https://catalog.data.gov/dataset/data-for-modeled-spatiotemporal-distributions-of-airborne-allergenic-pollen-conus
[DATAGOV] t= 702.8s | pag=400 | files= 736 | data=333 | cola=1922 | prio=10 | https://catalog.data.gov/dataset/ambient-air-quality-data-inventory
[DATAGOV] t= 704.0s | pag=401 | files= 736 | data=334 | cola=1929 | prio=10 | https://catalog.data.gov/dataset/useeio-v1-1-matrices
[DATAGOV] t= 704.7s | pag=402 | files= 737 | data=335 | cola=1933 | prio=10 | https://catalog.data.gov/dataset/safe-drinking-water-information-system-sdwis
[DATAGOV] t= 705.6s | pag=403 | files= 737 | data=336 | cola=1938 | prio=10 | https://catalog.data.gov/dataset/integrated-compliance-information-system-icis
[DATAGOV] t= 706.1s | pag=404 | files= 737 | data=337 | cola=1941 | prio=10 | https://catalog.data.gov/?keyword=arrests
[DATAGOV] t= 707.0s | pag=405 | files= 737 | data=338 | cola=1964 | prio=10 | https://catalog.data.gov/?keyword=children+with+disabilities
[DATAGOV] t= 707.9s | pag=406 | files= 737 | data=339 | cola=1966 | prio=10 | https://catalog.data.gov/?keyword=crdc
[DATAGOV] t= 708.7s | pag=407 | files= 737 | data=340 | cola=1999 | prio=10 | https://catalog.data.gov/?keyword=disability
[DATAGOV] t= 709.8s | pag=408 | files= 737 | data=341 | cola=2028 | prio=10 | https://catalog.data.gov/?keyword=law-enforcement
[DATAGOV] t= 710.4s | pag=409 | files= 737 | data=342 | cola=2028 | prio=10 | https://catalog.data.gov/harvest_record/a135df38-9120-4db9-b91a-261d97998bc8/raw
[DATAGOV] t= 711.3s | pag=409 | files= 738 | data=342 | cola=2027 | prio=10 | https://catalog.data.gov/?keyword=bev
[DATAGOV] t= 715.5s | pag=410 | files= 738 | data=343 | cola=2034 | prio=10 | https://catalog.data.gov/?keyword=bevs
[DATAGOV] t= 716.5s | pag=411 | files= 738 | data=344 | cola=2035 | prio=10 | https://catalog.data.gov/?keyword=bolt
[DATAGOV] t= 717.7s | pag=412 | files= 738 | data=345 | cola=2038 | prio=10 | https://catalog.data.gov/?keyword=car
[DATAGOV] t= 718.8s | pag=413 | files= 738 | data=346 | cola=2070 | prio=10 | https://catalog.data.gov/?keyword=cars
[DATAGOV] t= 719.9s | pag=414 | files= 738 | data=347 | cola=2100 | prio=10 | https://catalog.data.gov/?keyword=chevrolet
[DATAGOV] t= 720.5s | pag=415 | files= 738 | data=348 | cola=2101 | prio=10 | https://catalog.data.gov/?keyword=chevy
[DATAGOV] t= 721.6s | pag=416 | files= 738 | data=349 | cola=2102 | prio=10 | https://catalog.data.gov/?keyword=clean+energy
[DATAGOV] DATASETS=350 | exportable_data_page | https://catalog.data.gov/?keyword=clean+energy
[DATAGOV] t= 722.8s | pag=417 | files= 738 | data=350 | cola=2116 | prio=10 | https://catalog.data.gov/harvest_record/0130d602-56bd-45cb-9610-29318381586d/raw
[DATAGOV] t= 723.4s | pag=417 | files= 739 | data=350 | cola=2115 | prio=10 | https://catalog.data.gov/dataset/state-crash-data
[DATAGOV] t= 724.8s | pag=418 | files= 739 | data=351 | cola=2119 | prio=10 | https://catalog.data.gov/dataset/report-card-sqss-for-2021-22
[DATAGOV] t= 725.5s | pag=419 | files= 742 | data=352 | cola=2125 | prio=10 | https://catalog.data.gov/dataset/li-contractor-license-data-general
[DATAGOV] t= 726.3s | pag=420 | files= 745 | data=353 | cola=2129 | prio=10 | https://catalog.data.gov/dataset/electric-vehicle-population-size-history
[DATAGOV] t= 727.4s | pag=421 | files= 748 | data=354 | cola=2135 | prio=10 | https://catalog.data.gov/dataset/health-care-provider-credential-data
[DATAGOV] t= 728.5s | pag=422 | files= 751 | data=355 | cola=2141 | prio=10 | https://catalog.data.gov/dataset/county-jail-rosters
[DATAGOV] t= 729.3s | pag=423 | files= 751 | data=356 | cola=2143 | prio=10 | https://catalog.data.gov/dataset/electric-vehicle-population-size-history-by-county
[DATAGOV] t= 730.2s | pag=424 | files= 754 | data=357 | cola=2143 | prio=10 | https://catalog.data.gov/dataset/report-card-teacher-qualification-by-school-title-i-served-status-school-years-202-2024-25
[DATAGOV] t= 731.2s | pag=425 | files= 757 | data=358 | cola=2148 | prio=10 | https://catalog.data.gov/dataset/corporations-search-washington-state
[DATAGOV] t= 731.9s | pag=426 | files= 757 | data=359 | cola=2151 | prio=10 | https://catalog.data.gov/dataset/2020-21-washington-state-crdc-data-pre-k-enrollment
[DATAGOV] t= 732.6s | pag=427 | files= 760 | data=360 | cola=2153 | prio=10 | https://catalog.data.gov/dataset/schools-report-card-data-ospi
[DATAGOV] t= 733.5s | pag=428 | files= 760 | data=361 | cola=2154 | prio=10 | https://catalog.data.gov/dataset/vehicle-registrations-by-class-and-county
[DATAGOV] t= 734.6s | pag=429 | files= 763 | data=362 | cola=2158 | prio=10 | https://catalog.data.gov/dataset/electric-vehicle-title-and-registration-activity
[DATAGOV] t= 735.5s | pag=430 | files= 766 | data=363 | cola=2158 | prio=10 | https://catalog.data.gov/dataset/find-a-health-provider-credential
[DATAGOV] t= 736.6s | pag=431 | files= 766 | data=364 | cola=2160 | prio=10 | https://catalog.data.gov/dataset/newly-registered-vehicles-by-class-and-county
[DATAGOV] t= 737.2s | pag=432 | files= 769 | data=365 | cola=2161 | prio=10 | https://catalog.data.gov/dataset/attorney-general-consumer-complaints
[DATAGOV] t= 738.3s | pag=433 | files= 772 | data=366 | cola=2165 | prio=10 | https://catalog.data.gov/dataset/dcyf-licensed-childcare-center-and-school-age-program-providers
[DATAGOV] t= 738.9s | pag=434 | files= 775 | data=367 | cola=2171 | prio=10 | https://catalog.data.gov/dataset/washington-state-cities-and-counties
[DATAGOV] t= 739.7s | pag=435 | files= 778 | data=368 | cola=2174 | prio=10 | https://catalog.data.gov/?keyword=asteroid
[DATAGOV] t= 740.7s | pag=436 | files= 778 | data=369 | cola=2196 | prio=10 | https://catalog.data.gov/?keyword=comet
[DATAGOV] t= 742.0s | pag=437 | files= 778 | data=370 | cola=2222 | prio=10 | https://catalog.data.gov/?keyword=discovery
[DATAGOV] t= 743.2s | pag=438 | files= 779 | data=371 | cola=2251 | prio=10 | https://catalog.data.gov/?keyword=jpl
[DATAGOV] t= 744.2s | pag=439 | files= 779 | data=372 | cola=2285 | prio=10 | https://catalog.data.gov/?keyword=nea
[DATAGOV] t= 745.1s | pag=440 | files= 779 | data=373 | cola=2288 | prio=10 | https://catalog.data.gov/?keyword=near-earth-object
[DATAGOV] t= 745.7s | pag=441 | files= 779 | data=374 | cola=2290 | prio=10 | https://catalog.data.gov/?keyword=neo
[DATAGOV] DATASETS=375 | exportable_data_page | https://catalog.data.gov/?keyword=neo
[DATAGOV] t= 746.4s | pag=442 | files= 779 | data=375 | cola=2295 | prio=10 | https://catalog.data.gov/?keyword=orbit
[DATAGOV] t= 747.5s | pag=443 | files= 779 | data=376 | cola=2305 | prio=10 | https://catalog.data.gov/harvest_record/e35b85c6-1dc6-4d46-bf5b-d7a9f11c9dc4/raw
[DATAGOV] t= 748.4s | pag=443 | files= 780 | data=376 | cola=2304 | prio=10 | https://catalog.data.gov/dataset/meteorite-landings
[DATAGOV] t= 749.9s | pag=444 | files= 782 | data=377 | cola=2311 | prio=10 | https://catalog.data.gov/dataset/global-landslide-catalog-export
[DATAGOV] t= 750.7s | pag=445 | files= 783 | data=378 | cola=2316 | prio=10 | https://catalog.data.gov/dataset/li-ion-battery-aging-datasets
[DATAGOV] t= 751.7s | pag=446 | files= 783 | data=379 | cola=2319 | prio=10 | https://catalog.data.gov/dataset/workforce-information-cubes-for-nasa
[DATAGOV] t= 752.5s | pag=447 | files= 783 | data=380 | cola=2327 | prio=10 | https://catalog.data.gov/dataset/corona-satellite-photography
[DATAGOV] t= 753.3s | pag=448 | files= 783 | data=381 | cola=2331 | prio=10 | https://catalog.data.gov/dataset/landsat-8
[DATAGOV] t= 754.4s | pag=449 | files= 784 | data=382 | cola=2336 | prio=10 | https://catalog.data.gov/dataset/aster-global-dem
[DATAGOV] t= 755.1s | pag=450 | files= 784 | data=383 | cola=2340 | prio=10 | https://catalog.data.gov/dataset/nasa-technical-reports-server-ntrs
[DATAGOV] t= 756.2s | pag=451 | files= 784 | data=384 | cola=2345 | prio=10 | https://catalog.data.gov/dataset/global-hydrologic-soil-groups-hysogs250m-for-curve-number-based-runoff-modeling
[DATAGOV] t= 759.5s | pag=452 | files= 786 | data=385 | cola=2347 | prio=10 | https://catalog.data.gov/dataset/eyes-on-the-solar-system
[DATAGOV] t= 760.6s | pag=453 | files= 786 | data=386 | cola=2352 | prio=10 | https://catalog.data.gov/dataset/giovanni
[DATAGOV] t= 761.4s | pag=454 | files= 786 | data=387 | cola=2357 | prio=10 | https://catalog.data.gov/dataset/india-village-level-geospatial-socio-economic-data-set-1991-2001
[DATAGOV] t= 762.5s | pag=455 | files= 786 | data=388 | cola=2359 | prio=10 | https://catalog.data.gov/dataset/cmapss-jet-engine-simulated-data
[DATAGOV] t= 763.6s | pag=456 | files= 786 | data=389 | cola=2363 | prio=10 | https://catalog.data.gov/dataset/global-roads-open-access-data-set-version-1-groadsv1
[DATAGOV] t= 764.8s | pag=457 | files= 786 | data=390 | cola=2364 | prio=10 | https://catalog.data.gov/dataset/merra-2-tavg1_2d_aer_nx-2d1-hourlytime-averagedsingle-levelassimilationaerosol-diagnostics
[DATAGOV] t= 765.9s | pag=458 | files= 789 | data=391 | cola=2372 | prio=10 | https://catalog.data.gov/dataset/c-mapss-aircraft-engine-simulator-data
[DATAGOV] t= 766.8s | pag=459 | files= 789 | data=392 | cola=2372 | prio=10 | https://catalog.data.gov/dataset/world-wide-lightning-location-network-wwlln-monthly-thunder-hour-data
[DATAGOV] t= 768.0s | pag=460 | files= 789 | data=393 | cola=2373 | prio=10 | https://catalog.data.gov/dataset/viirs-plus-dmsp-change-in-lights-viirsdmsp-dlight
[DATAGOV] t= 768.6s | pag=461 | files= 789 | data=394 | cola=2376 | prio=10 | https://catalog.data.gov/dataset/hipparcos-main-catalog
[DATAGOV] t= 769.5s | pag=462 | files= 789 | data=395 | cola=2377 | prio=10 | https://catalog.data.gov/?keyword=discrimination
[DATAGOV] t= 770.5s | pag=463 | files= 789 | data=396 | cola=2405 | prio=10 | https://catalog.data.gov/?keyword=enrollment-demographics
[DATAGOV] t= 771.4s | pag=464 | files= 789 | data=397 | cola=2414 | prio=10 | https://catalog.data.gov/?keyword=minority-groups
[DATAGOV] t= 772.7s | pag=465 | files= 789 | data=398 | cola=2444 | prio=10 | https://catalog.data.gov/harvest_record/a11e32a4-bd54-4063-ae13-9cb1dad2c2e8/raw
[DATAGOV] t= 773.4s | pag=465 | files= 790 | data=398 | cola=2443 | prio=10 | https://catalog.data.gov/?keyword=new+york+lottery
[DATAGOV] t= 775.0s | pag=466 | files= 790 | data=399 | cola=2463 | prio=10 | https://catalog.data.gov/?keyword=powerball
[DATAGOV] DATASETS=400 | exportable_data_page | https://catalog.data.gov/?keyword=powerball
[DATAGOV] t= 776.1s | pag=467 | files= 790 | data=400 | cola=2469 | prio=10 | https://catalog.data.gov/?keyword=results
[DATAGOV] t= 828.3s | pag=468 | files= 830 | data=401 | cola=2497 | prio=10 | https://catalog.data.gov/?keyword=winning
[DATAGOV] t= 829.3s | pag=469 | files= 830 | data=402 | cola=2505 | prio=10 | https://catalog.data.gov/harvest_record/2d5320dc-d9fe-4612-a24a-4d2e0959bc03/raw
[DATAGOV] t= 829.8s | pag=469 | files= 831 | data=402 | cola=2504 | prio=10 | https://catalog.data.gov/dataset/lottery-mega-millions-winning-numbers-beginning-2002
[DATAGOV] t= 831.6s | pag=470 | files= 834 | data=403 | cola=2505 | prio=10 | https://catalog.data.gov/dataset/commissioned-nys-notaries-public
[DATAGOV] t= 832.4s | pag=471 | files= 837 | data=404 | cola=2507 | prio=10 | https://catalog.data.gov/dataset/mta-subway-trains-delayed-beginning-2020
[DATAGOV] t= 833.5s | pag=472 | files= 840 | data=405 | cola=2514 | prio=10 | https://catalog.data.gov/dataset/corporations-and-other-entities-all-filings
[DATAGOV] t= 834.2s | pag=473 | files= 843 | data=406 | cola=2520 | prio=10 | https://catalog.data.gov/dataset/mta-subway-stations
[DATAGOV] t= 834.9s | pag=474 | files= 846 | data=407 | cola=2526 | prio=10 | https://catalog.data.gov/dataset/active-corporations-beginning-1800
[DATAGOV] t= 835.6s | pag=475 | files= 849 | data=408 | cola=2529 | prio=10 | https://catalog.data.gov/dataset/current-ocm-licenses
[DATAGOV] t= 836.3s | pag=476 | files= 852 | data=409 | cola=2532 | prio=10 | https://catalog.data.gov/dataset/mta-subway-hourly-ridership-beginning-2025
[DATAGOV] t= 837.1s | pag=477 | files= 855 | data=410 | cola=2538 | prio=10 | https://catalog.data.gov/dataset/lottery-daily-numbers-win-4-winning-numbers-beginning-1980
[DATAGOV] t= 838.0s | pag=478 | files= 858 | data=411 | cola=2540 | prio=10 | https://catalog.data.gov/dataset/nys-ai-systems-inventory-beginning-september-2025
[DATAGOV] t= 839.0s | pag=479 | files= 861 | data=412 | cola=2547 | prio=10 | https://catalog.data.gov/dataset/property-assessment-data-from-local-assessment-rolls
[DATAGOV] t= 839.6s | pag=480 | files= 864 | data=413 | cola=2553 | prio=10 | https://catalog.data.gov/dataset/elevator-individual-licenses-new-york-state-department-of-labor
[DATAGOV] t= 840.5s | pag=481 | files= 867 | data=414 | cola=2560 | prio=10 | https://catalog.data.gov/dataset/mta-employee-payroll-beginning-2025
[DATAGOV] t= 841.3s | pag=482 | files= 870 | data=415 | cola=2568 | prio=10 | https://catalog.data.gov/dataset/retail-food-stores
[DATAGOV] t= 842.3s | pag=483 | files= 873 | data=416 | cola=2570 | prio=10 | https://catalog.data.gov/dataset/nys-traffic-data-viewer
[DATAGOV] t= 843.4s | pag=484 | files= 873 | data=417 | cola=2575 | prio=10 | https://catalog.data.gov/dataset/dmv-vision-registry-providers
[DATAGOV] t= 844.0s | pag=485 | files= 876 | data=418 | cola=2581 | prio=10 | https://catalog.data.gov/dataset/new-york-state-child-support-warrants-beginning-7-1-2025
[DATAGOV] t= 844.6s | pag=486 | files= 879 | data=419 | cola=2584 | prio=10 | https://catalog.data.gov/dataset/mta-bus-mean-distance-between-failures-beginning-2015
[DATAGOV] t= 845.7s | pag=487 | files= 882 | data=420 | cola=2589 | prio=10 | https://catalog.data.gov/dataset/mta-subway-and-bus-lost-time-accidents-beginning-2021
[DATAGOV] t= 846.6s | pag=488 | files= 885 | data=421 | cola=2593 | prio=10 | https://catalog.data.gov/?keyword=DERA+What%27s+new
[DATAGOV] t= 847.3s | pag=489 | files= 885 | data=422 | cola=2593 | prio=10 | https://catalog.data.gov/?keyword=Data+Sets
[DATAGOV] t= 848.4s | pag=490 | files= 885 | data=423 | cola=2618 | prio=10 | https://catalog.data.gov/?keyword=Form+N-PORT
[DATAGOV] t= 849.5s | pag=491 | files= 885 | data=424 | cola=2618 | prio=10 | https://catalog.data.gov/harvest_record/64eb0b63-7734-49d4-86f6-df0a46f7544e/raw
[DATAGOV] t= 850.2s | pag=491 | files= 886 | data=424 | cola=2617 | prio=10 | https://catalog.data.gov/dataset/form-n-mfp-data-sets
[DATAGOV] DATASETS=425 | data_html_table | https://catalog.data.gov/dataset/form-n-mfp-data-sets
[DATAGOV] t= 976.9s | pag=492 | files= 983 | data=425 | cola=2619 | prio=10 | https://catalog.data.gov/dataset/investment-company-series-and-class-information
[DATAGOV] t= 977.9s | pag=493 | files=1017 | data=426 | cola=2621 | prio=10 | https://catalog.data.gov/dataset/form-13f-data-sets
[DATAGOV] t=1044.8s | pag=494 | files=1070 | data=427 | cola=2622 | prio=10 | https://catalog.data.gov/dataset/form-n-cen-data-sets
[DATAGOV] t=1087.3s | pag=495 | files=1102 | data=428 | cola=2623 | prio=10 | https://catalog.data.gov/dataset/mutual-fund-prospectus-risk-return-summary-data-sets
[DATAGOV] t=1166.8s | pag=496 | files=1165 | data=429 | cola=2623 | prio=10 | https://catalog.data.gov/dataset/insider-transactions-data-sets
[DATAGOV] t=1278.2s | pag=497 | files=1247 | data=430 | cola=2624 | prio=10 | https://catalog.data.gov/dataset/information-about-registered-investment-advisers-and-exempt-reporting-advisers
[DATAGOV] t=1728.1s | pag=498 | files=1650 | data=431 | cola=2625 | prio=10 | https://catalog.data.gov/dataset/crowdfunding-offerings-data-sets
[DATAGOV] t=1785.5s | pag=499 | files=1691 | data=432 | cola=2625 | prio=10 | https://catalog.data.gov/dataset/business-development-company-bdc-data-sets
[DATAGOV] t=1812.0s | pag=500 | files=1711 | data=433 | cola=2628 | prio=10 | https://catalog.data.gov/dataset/form-d-data-sets
[DATAGOV] t=1907.8s | pag=501 | files=1785 | data=434 | cola=2629 | prio=10 | https://catalog.data.gov/dataset/financial-statement-and-notes-data-sets
[DATAGOV] t=2014.4s | pag=502 | files=1864 | data=435 | cola=2630 | prio=10 | https://catalog.data.gov/dataset/money-market-fund-information
[DATAGOV] t=2015.9s | pag=503 | files=2158 | data=436 | cola=2631 | prio=10 | https://catalog.data.gov/dataset/transfer-agent-data-sets
[DATAGOV] t=2122.6s | pag=504 | files=2237 | data=437 | cola=2631 | prio=10 | https://catalog.data.gov/dataset/foia-logs
[DATAGOV] t=2125.0s | pag=505 | files=2414 | data=438 | cola=2631 | prio=10 | https://catalog.data.gov/dataset/summary-metrics-by-decile-and-quartile
[DATAGOV] t=2127.2s | pag=506 | files=2415 | data=439 | cola=2631 | prio=10 | https://catalog.data.gov/dataset/public-company-bankruptcy-cases-opened-and-monitored
[DATAGOV] t=2127.9s | pag=507 | files=2421 | data=440 | cola=2632 | prio=10 | https://catalog.data.gov/dataset/company-information-about-active-broker-dealers
[DATAGOV] t=2128.7s | pag=508 | files=2651 | data=441 | cola=2632 | prio=10 | https://catalog.data.gov/dataset/summary-metrics-by-exchange
[DATAGOV] t=2130.8s | pag=509 | files=2652 | data=442 | cola=2632 | prio=10 | https://catalog.data.gov/dataset/regulation-a-data-sets
[DATAGOV] t=2192.9s | pag=510 | files=2697 | data=443 | cola=2633 | prio=10 | https://catalog.data.gov/?keyword=1998
[DATAGOV] t=2193.9s | pag=511 | files=2701 | data=444 | cola=2665 | prio=10 | https://catalog.data.gov/?keyword=1999
[DATAGOV] t=2194.8s | pag=512 | files=2701 | data=445 | cola=2688 | prio=10 | https://catalog.data.gov/?keyword=2000
[DATAGOV] t=2195.8s | pag=513 | files=2701 | data=446 | cola=2711 | prio=10 | https://catalog.data.gov/?keyword=2001
[DATAGOV] t=2196.6s | pag=514 | files=2701 | data=447 | cola=2734 | prio=10 | https://catalog.data.gov/?keyword=2002
[DATAGOV] t=2200.2s | pag=515 | files=2702 | data=448 | cola=2758 | prio=10 | https://catalog.data.gov/?keyword=2003
[DATAGOV] t=2201.2s | pag=516 | files=2703 | data=449 | cola=2782 | prio=10 | https://catalog.data.gov/?keyword=2004
[DATAGOV] DATASETS=450 | exportable_data_page | https://catalog.data.gov/?keyword=2004
[DATAGOV] t=2202.5s | pag=517 | files=2703 | data=450 | cola=2805 | prio=10 | https://catalog.data.gov/?keyword=2005
[DATAGOV] t=2203.8s | pag=518 | files=2703 | data=451 | cola=2832 | prio=10 | https://catalog.data.gov/dataset/{'title': 'Baby Names from Social Security Card Applications - National Data landing page', 'accessURL': 'https:/www.ssa.gov/oact/babynames/index.html'}
[DATAGOV] t=2204.8s | pag=518 | files=2703 | data=451 | cola=2831 | prio=10 | https://catalog.data.gov/harvest_record/906223ac-5051-476b-aaa7-d95993d49fae/raw
[DATAGOV] t=2206.5s | pag=518 | files=2704 | data=451 | cola=2830 | prio=10 | https://catalog.data.gov/dataset/social-security-administration-ssa-public-data-listing-pdl
[DATAGOV] t=2207.9s | pag=519 | files=2705 | data=452 | cola=2837 | prio=10 | https://catalog.data.gov/dataset/state-verification-exchange-system-sves
[DATAGOV] t=2208.9s | pag=520 | files=2705 | data=453 | cola=2841 | prio=10 | https://catalog.data.gov/dataset/state-online-query-system-solq
[DATAGOV] t=2209.8s | pag=521 | files=2705 | data=454 | cola=2843 | prio=10 | https://catalog.data.gov/dataset/unassigned-social-security-numbers
[DATAGOV] t=2210.6s | pag=522 | files=2705 | data=455 | cola=2845 | prio=10 | https://catalog.data.gov/dataset/numident
[DATAGOV] t=2211.3s | pag=523 | files=2705 | data=456 | cola=2849 | prio=10 | https://catalog.data.gov/dataset/ssa-disability-claim-data
[DATAGOV] t=2212.1s | pag=524 | files=2706 | data=457 | cola=2852 | prio=10 | https://catalog.data.gov/dataset/starz-and-stripes-the-next-generation
[DATAGOV] t=2213.1s | pag=525 | files=2706 | data=458 | cola=2854 | prio=10 | https://catalog.data.gov/dataset/field-office-contact-information
[DATAGOV] t=2214.1s | pag=526 | files=2707 | data=459 | cola=2863 | prio=10 | https://catalog.data.gov/dataset/baby-names-from-social-security-card-applications-territory-data
[DATAGOV] t=2216.3s | pag=527 | files=2708 | data=460 | cola=2864 | prio=10 | https://catalog.data.gov/dataset/ssn-application-process-ssnap-audit-trail-system
[DATAGOV] t=2216.9s | pag=528 | files=2708 | data=461 | cola=2868 | prio=10 | https://catalog.data.gov/dataset/ssi-recipients-by-state-and-county-2024
[DATAGOV] t=2217.7s | pag=529 | files=2710 | data=462 | cola=2874 | prio=10 | https://catalog.data.gov/dataset/ssn-verification-service
[DATAGOV] t=2218.5s | pag=530 | files=2710 | data=463 | cola=2879 | prio=10 | https://catalog.data.gov/dataset/alj-disposition-data-current-report
[DATAGOV] t=2219.5s | pag=531 | files=2711 | data=464 | cola=2887 | prio=10 | https://catalog.data.gov/dataset/prisoner-update-processing-system-pups-data-exchange
[DATAGOV] t=2220.4s | pag=532 | files=2711 | data=465 | cola=2889 | prio=10 | https://catalog.data.gov/dataset/combined-title-ii-disability-and-title-xvi-blind-and-disabled-average-processing-time-fy-2
[DATAGOV] t=2221.3s | pag=533 | files=2712 | data=466 | cola=2896 | prio=10 | https://catalog.data.gov/dataset/annual-statistical-supplement-2025
[DATAGOV] t=2222.5s | pag=534 | files=2714 | data=467 | cola=2906 | prio=10 | https://catalog.data.gov/dataset/social-security-hearing-office-location-information
[DATAGOV] t=2223.6s | pag=535 | files=2715 | data=468 | cola=2911 | prio=10 | https://catalog.data.gov/dataset/numident-online-verification-utility-novu
[DATAGOV] t=2224.4s | pag=536 | files=2715 | data=469 | cola=2916 | prio=10 | https://catalog.data.gov/?keyword=crime
[DATAGOV] t=2225.4s | pag=537 | files=2715 | data=470 | cola=2944 | prio=10 | https://catalog.data.gov/?keyword=crime+data
[DATAGOV] t=2226.1s | pag=538 | files=2715 | data=471 | cola=2978 | prio=10 | https://catalog.data.gov/?keyword=crimes
[DATAGOV] t=2227.2s | pag=539 | files=2716 | data=472 | cola=3002 | prio=10 | https://catalog.data.gov/?keyword=lapd
[DATAGOV] t=2228.0s | pag=540 | files=2716 | data=473 | cola=3033 | prio=10 | https://catalog.data.gov/?keyword=police
[DATAGOV] t=2228.9s | pag=541 | files=2716 | data=474 | cola=3055 | prio=10 | https://catalog.data.gov/?keyword=safe+city
[DATAGOV] DATASETS=475 | exportable_data_page | https://catalog.data.gov/?keyword=safe+city
[DATAGOV] t=2230.0s | pag=542 | files=2716 | data=475 | cola=3065 | prio=10 | https://catalog.data.gov/harvest_record/3746c46c-0f5f-4f74-9a04-363ccc849aa6/raw
[DATAGOV] t=2230.7s | pag=542 | files=2717 | data=475 | cola=3064 | prio=10 | https://catalog.data.gov/dataset/arrest-data-from-2010-to-2019
[DATAGOV] t=2232.2s | pag=543 | files=2720 | data=476 | cola=3066 | prio=10 | https://catalog.data.gov/dataset/lapd-nibrs-offenses-dataset
[DATAGOV] t=2233.0s | pag=544 | files=2723 | data=477 | cola=3066 | prio=10 | https://catalog.data.gov/dataset/building-and-safety-building-permits-issued-from-2020-to-present-n
[DATAGOV] t=2233.9s | pag=545 | files=2726 | data=478 | cola=3067 | prio=10 | https://catalog.data.gov/dataset/traffic-collision-data-from-2010-to-present
[DATAGOV] t=2234.6s | pag=546 | files=2729 | data=479 | cola=3069 | prio=10 | https://catalog.data.gov/dataset/lapd-nibrs-offenses-dataset-2026-to-present
[DATAGOV] t=2235.6s | pag=547 | files=2732 | data=480 | cola=3069 | prio=10 | https://catalog.data.gov/dataset/arrest-data-from-2020-to-present
[DATAGOV] t=2236.4s | pag=548 | files=2735 | data=481 | cola=3069 | prio=10 | https://catalog.data.gov/dataset/housing-community-investment-service-locations
[DATAGOV] t=2237.2s | pag=549 | files=2738 | data=482 | cola=3077 | prio=10 | https://catalog.data.gov/dataset/2010-census-populations-by-zip-code
[DATAGOV] t=2237.8s | pag=550 | files=2741 | data=483 | cola=3079 | prio=10 | https://catalog.data.gov/dataset/job-applicants-by-gender-and-ethnicity
[DATAGOV] t=2238.8s | pag=551 | files=2744 | data=484 | cola=3083 | prio=10 | https://catalog.data.gov/dataset/crime-data-from-2010-to-2019
[DATAGOV] t=2239.3s | pag=552 | files=2747 | data=485 | cola=3083 | prio=10 | https://catalog.data.gov/dataset/building-and-safety-certificate-of-occupancy
[DATAGOV] t=2239.9s | pag=553 | files=2750 | data=486 | cola=3089 | prio=10 | https://catalog.data.gov/dataset/addresses-in-the-city-of-los-angeles
[DATAGOV] t=2240.8s | pag=554 | files=2753 | data=487 | cola=3092 | prio=10 | https://catalog.data.gov/dataset/la-county-covid-cases
[DATAGOV] t=2241.5s | pag=555 | files=2756 | data=488 | cola=3094 | prio=10 | https://catalog.data.gov/dataset/listing-of-active-businesses
[DATAGOV] t=2242.5s | pag=556 | files=2759 | data=489 | cola=3094 | prio=10 | https://catalog.data.gov/dataset/existing-buildings-energy-water-efficiency-ebewe-program
[DATAGOV] t=2243.3s | pag=557 | files=2762 | data=490 | cola=3102 | prio=10 | https://catalog.data.gov/dataset/open-data-website-traffic
[DATAGOV] t=2244.2s | pag=558 | files=2765 | data=491 | cola=3106 | prio=10 | https://catalog.data.gov/dataset/restaurant-and-market-health-inspections
[DATAGOV] t=2245.3s | pag=559 | files=2768 | data=492 | cola=3110 | prio=10 | https://catalog.data.gov/dataset/ladot-traffic-counts-summary
[DATAGOV] t=2246.2s | pag=560 | files=2771 | data=493 | cola=3115 | prio=10 | https://catalog.data.gov/dataset/port-of-los-angeles-teu-counts-monthly-and-calendar-ytd
[DATAGOV] t=2247.0s | pag=561 | files=2774 | data=494 | cola=3122 | prio=10 | https://catalog.data.gov/harvest_record/1a346218-d957-4c44-ba40-97ea06e707a9/raw
[DATAGOV] t=2248.0s | pag=561 | files=2775 | data=494 | cola=3121 | prio=10 | https://catalog.data.gov/?keyword=business+licenses
[DATAGOV] t=2249.7s | pag=562 | files=2775 | data=495 | cola=3127 | prio=10 | https://catalog.data.gov/?keyword=business+names
[DATAGOV] t=2250.3s | pag=563 | files=2775 | data=496 | cola=3127 | prio=10 | https://catalog.data.gov/?keyword=business+officers
[DATAGOV] t=2251.3s | pag=564 | files=2775 | data=497 | cola=3127 | prio=10 | https://catalog.data.gov/?keyword=business+owners
[DATAGOV] t=2252.1s | pag=565 | files=2775 | data=498 | cola=3127 | prio=10 | https://catalog.data.gov/?keyword=business+registrations
[DATAGOV] t=2253.3s | pag=566 | files=2775 | data=499 | cola=3129 | prio=10 | https://catalog.data.gov/?keyword=businesses
[DATAGOV] DATASETS=500 | exportable_data_page | https://catalog.data.gov/?keyword=businesses
[DATAGOV] t=2254.2s | pag=567 | files=2775 | data=500 | cola=3163 | prio=10 | https://catalog.data.gov/?keyword=companies
[DATAGOV] t=2255.2s | pag=568 | files=2775 | data=501 | cola=3171 | prio=10 | https://catalog.data.gov/?keyword=corporations
[DATAGOV] t=2255.8s | pag=569 | files=2775 | data=502 | cola=3188 | prio=10 | https://catalog.data.gov/harvest_record/aee36fef-42f4-487c-a115-8716629d906c/raw
[DATAGOV] t=2256.9s | pag=569 | files=2776 | data=502 | cola=3187 | prio=10 | https://catalog.data.gov/harvest_record/d9acc5df-3325-4d18-983a-bf80de26bc0e/raw
[DATAGOV] t=2258.3s | pag=569 | files=2777 | data=502 | cola=3186 | prio=10 | https://catalog.data.gov/?keyword=bullying
[DATAGOV] t=2259.9s | pag=570 | files=2777 | data=503 | cola=3207 | prio=10 | https://catalog.data.gov/?keyword=harassment
[DATAGOV] t=2260.5s | pag=571 | files=2777 | data=504 | cola=3221 | prio=10 | https://catalog.data.gov/harvest_record/275978cd-814d-4a94-a85a-3353e4f1aa1c/raw
[DATAGOV] t=2261.5s | pag=571 | files=2778 | data=504 | cola=3220 | prio=10 | https://catalog.data.gov/?keyword=advanced-placement
[DATAGOV] t=2263.3s | pag=572 | files=2778 | data=505 | cola=3231 | prio=10 | https://catalog.data.gov/?keyword=course-taking
[DATAGOV] t=2264.2s | pag=573 | files=2778 | data=506 | cola=3233 | prio=10 | https://catalog.data.gov/?keyword=data
[DATAGOV] t=2265.2s | pag=574 | files=2778 | data=507 | cola=3255 | prio=10 | https://catalog.data.gov/?keyword=education-of-children-with-disabilities
[DATAGOV] t=2265.8s | pag=575 | files=2778 | data=508 | cola=3258 | prio=10 | https://catalog.data.gov/?keyword=elementary-and-secondary
[DATAGOV] t=2266.7s | pag=576 | files=2778 | data=509 | cola=3277 | prio=10 | https://catalog.data.gov/harvest_record/e457520c-4740-4613-9539-6682e2bfa1d6/raw
[DATAGOV] t=2267.4s | pag=576 | files=2779 | data=509 | cola=3276 | prio=10 | https://catalog.data.gov/?keyword=alcohol
[DATAGOV] t=2269.2s | pag=577 | files=2779 | data=510 | cola=3308 | prio=10 | https://catalog.data.gov/?keyword=liquor
[DATAGOV] t=2269.9s | pag=578 | files=2779 | data=511 | cola=3344 | prio=10 | https://catalog.data.gov/?keyword=sale
[DATAGOV] t=2270.8s | pag=579 | files=2786 | data=512 | cola=3364 | prio=10 | https://catalog.data.gov/harvest_record/bb3290c7-e089-435e-91a2-58a46c72a2c3/raw
[DATAGOV] t=2271.4s | pag=579 | files=2787 | data=512 | cola=3363 | prio=10 | https://catalog.data.gov/dataset/daily-arrests
[DATAGOV] t=2273.0s | pag=580 | files=2790 | data=513 | cola=3368 | prio=10 | https://catalog.data.gov/dataset/crash-reporting-drivers-data
[DATAGOV] t=2273.5s | pag=581 | files=2793 | data=514 | cola=3373 | prio=10 | https://catalog.data.gov/dataset/abs-store-inventory-and-sale-items
[DATAGOV] t=2274.3s | pag=582 | files=2796 | data=515 | cola=3373 | prio=10 | https://catalog.data.gov/dataset/dot-parking-tickets
[DATAGOV] t=2274.8s | pag=583 | files=2799 | data=516 | cola=3378 | prio=10 | https://catalog.data.gov/dataset/police-dispatched-incidents
[DATAGOV] t=2275.6s | pag=584 | files=2802 | data=517 | cola=3383 | prio=10 | https://catalog.data.gov/dataset/traffic-violations
[DATAGOV] t=2276.6s | pag=585 | files=2805 | data=518 | cola=3388 | prio=10 | https://catalog.data.gov/dataset/crime
[DATAGOV] t=2277.6s | pag=586 | files=2808 | data=519 | cola=3393 | prio=10 | https://catalog.data.gov/dataset/2020-presidential-general-election-results
[DATAGOV] t=2278.4s | pag=587 | files=2811 | data=520 | cola=3396 | prio=10 | https://catalog.data.gov/dataset/fleet-fuel-consumption
[DATAGOV] t=2279.5s | pag=588 | files=2814 | data=521 | cola=3399 | prio=10 | https://catalog.data.gov/dataset/motor-vehicle-repair-and-towing
[DATAGOV] t=2280.1s | pag=589 | files=2817 | data=522 | cola=3404 | prio=10 | https://catalog.data.gov/dataset/employee-salaries-2024
[DATAGOV] t=2281.0s | pag=590 | files=2820 | data=523 | cola=3406 | prio=10 | https://catalog.data.gov/dataset/food-inspection
[DATAGOV] t=2281.7s | pag=591 | files=2823 | data=524 | cola=3409 | prio=10 | https://catalog.data.gov/dataset/housing-code-violations
[DATAGOV] DATASETS=525 | data_html_table | https://catalog.data.gov/dataset/housing-code-violations
[DATAGOV] t=2282.2s | pag=592 | files=2826 | data=525 | cola=3413 | prio=10 | https://catalog.data.gov/dataset/pavement-condition-index
[DATAGOV] t=2283.1s | pag=593 | files=2829 | data=526 | cola=3418 | prio=10 | https://catalog.data.gov/dataset/residential-permit
[DATAGOV] t=2283.6s | pag=594 | files=2832 | data=527 | cola=3420 | prio=10 | https://catalog.data.gov/dataset/crash-reporting-incidents-data
[DATAGOV] t=2284.6s | pag=595 | files=2835 | data=528 | cola=3420 | prio=10 | https://catalog.data.gov/dataset/fleet-equipment-inventory
[DATAGOV] t=2285.6s | pag=596 | files=2838 | data=529 | cola=3422 | prio=10 | https://catalog.data.gov/dataset/average-salary-by-job-classification
[DATAGOV] t=2286.3s | pag=597 | files=2841 | data=530 | cola=3426 | prio=10 | https://catalog.data.gov/dataset/hotel-tax
[DATAGOV] t=2287.0s | pag=598 | files=2844 | data=531 | cola=3431 | prio=10 | https://catalog.data.gov/?keyword=NPS.gov+Subject+Site%3A+Social+Science
[DATAGOV] t=2288.0s | pag=599 | files=2844 | data=532 | cola=3432 | prio=10 | https://catalog.data.gov/?keyword=Public+Use+Statistics
[DATAGOV] t=2288.8s | pag=600 | files=2844 | data=533 | cola=3433 | prio=10 | https://catalog.data.gov/?keyword=Statistics
[DATAGOV] t=2290.0s | pag=601 | files=2844 | data=534 | cola=3463 | prio=10 | https://catalog.data.gov/?keyword=Visitation
[DATAGOV] t=2291.0s | pag=602 | files=2844 | data=535 | cola=3471 | prio=10 | https://catalog.data.gov/?keyword=Visitation+Statistics
[DATAGOV] t=2291.8s | pag=603 | files=2844 | data=536 | cola=3472 | prio=10 | https://catalog.data.gov/?keyword=Visitor+Use
[DATAGOV] t=2292.7s | pag=604 | files=2844 | data=537 | cola=3506 | prio=10 | https://catalog.data.gov/?keyword=Visitor+Use+Statistics
[DATAGOV] t=2293.4s | pag=605 | files=2844 | data=538 | cola=3507 | prio=10 | https://catalog.data.gov/harvest_record/d97fe8b4-38c3-41c4-a2a1-f101c596bd74/raw
[DATAGOV] t=2294.2s | pag=605 | files=2845 | data=538 | cola=3506 | prio=10 | https://catalog.data.gov/dataset/nps-visitor-use-statistics-data-package-2025
[DATAGOV] t=2295.7s | pag=606 | files=2845 | data=539 | cola=3507 | prio=10 | https://catalog.data.gov/dataset/visitor-spending-effects-data-package-2024
[DATAGOV] t=2296.3s | pag=607 | files=2845 | data=540 | cola=3512 | prio=10 | https://catalog.data.gov/dataset/1-meter-digital-elevation-models-dems-usgs-national-map-3dep-downloadable-data-collection
[DATAGOV] t=2297.2s | pag=608 | files=2845 | data=541 | cola=3520 | prio=10 | https://catalog.data.gov/dataset/potholes-reservoir-and-osullivan-dam-pot-daily-instant-lake-reservoir-elevation-time-serie
[DATAGOV] t=2297.8s | pag=609 | files=2845 | data=542 | cola=3520 | prio=10 | https://catalog.data.gov/dataset/water-quality-data
[DATAGOV] t=2298.5s | pag=610 | files=2845 | data=543 | cola=3527 | prio=10 | https://catalog.data.gov/dataset/u-s-geological-survey-gap-analysis-project-species-range-maps-conus_2001
[DATAGOV] t=2299.4s | pag=611 | files=2846 | data=544 | cola=3532 | prio=10 | https://catalog.data.gov/dataset/geographic-names-information-system-gnis-usgs-national-map-downloadable-data-collection
[DATAGOV] t=2300.4s | pag=612 | files=2846 | data=545 | cola=3540 | prio=10 | https://catalog.data.gov/dataset/usgs-national-structures-dataset-usgs-national-map-downloadable-data-collection
[DATAGOV] t=2301.4s | pag=613 | files=2847 | data=546 | cola=3548 | prio=10 | https://catalog.data.gov/dataset/mineral-commodity-summaries-2025-world-production-capacity-and-reserves
[DATAGOV] t=2302.3s | pag=614 | files=2848 | data=547 | cola=3554 | prio=10 | https://catalog.data.gov/dataset/watershed-boundary-dataset-wbd-usgs-national-map-downloadable-data-collection
[DATAGOV] t=2302.9s | pag=615 | files=2849 | data=548 | cola=3562 | prio=10 | https://catalog.data.gov/dataset/limnology-data-from-lake-powell-desert-southwest-usa-ver-2-1-september-2024
[DATAGOV] t=2303.9s | pag=616 | files=2850 | data=549 | cola=3570 | prio=10 | https://catalog.data.gov/dataset/compilation-of-geospatial-data-gis-for-the-mineral-industries-and-related-infrastructure-o
[DATAGOV] DATASETS=550 | data_html_table | https://catalog.data.gov/dataset/compilation-of-geospatial-data-gis-for-the-mineral-industries-and-related-infrastructure-o
[DATAGOV] t=2304.6s | pag=617 | files=2851 | data=550 | cola=3578 | prio=10 | https://catalog.data.gov/dataset/geologic-map-of-south-asia-geo8ag
[DATAGOV] t=2305.3s | pag=618 | files=2851 | data=551 | cola=3585 | prio=10 | https://catalog.data.gov/dataset/mineral-commodity-summaries-2024-lithium-data-release
[DATAGOV] t=2306.3s | pag=619 | files=2852 | data=552 | cola=3587 | prio=10 | https://catalog.data.gov/dataset/national-hydrography-dataset-nhd-usgs-national-map-downloadable-data-collection
[DATAGOV] t=2307.4s | pag=620 | files=2853 | data=553 | cola=3593 | prio=10 | https://catalog.data.gov/dataset/great-lakes-research-vessel-operations-1958-2018-gillnet-ver-3-0-april-2019
[DATAGOV] t=2308.5s | pag=621 | files=2854 | data=554 | cola=3601 | prio=10 | https://catalog.data.gov/dataset/lewis-and-clark-nht-auto-route-final-combined-np-map
[DATAGOV] t=2309.6s | pag=622 | files=2854 | data=555 | cola=3602 | prio=10 | https://catalog.data.gov/dataset/bia-mapped-lands-tract-viewer
[DATAGOV] t=2310.8s | pag=623 | files=2854 | data=556 | cola=3604 | prio=10 | https://catalog.data.gov/dataset/lidar-point-cloud-usgs-national-map-3dep-downloadable-data-collection
[DATAGOV] t=2311.6s | pag=624 | files=2855 | data=557 | cola=3607 | prio=10 | https://catalog.data.gov/harvest_record/4a6d2fb1-dfad-41ec-93a6-243032a18550/raw
[DATAGOV] t=2312.3s | pag=624 | files=2856 | data=557 | cola=3606 | prio=10 | https://catalog.data.gov/?keyword=BUILDING_STATUS
[DATAGOV] t=2313.7s | pag=625 | files=2856 | data=558 | cola=3606 | prio=10 | https://catalog.data.gov/?keyword=City
[DATAGOV] t=2314.7s | pag=626 | files=2856 | data=559 | cola=3640 | prio=10 | https://catalog.data.gov/?keyword=LEASE_EFFECTIVE_DATE
[DATAGOV] t=2315.5s | pag=627 | files=2856 | data=560 | cola=3640 | prio=10 | https://catalog.data.gov/?keyword=LEASE_EXPIRATION_DATE
[DATAGOV] t=2316.5s | pag=628 | files=2856 | data=561 | cola=3640 | prio=10 | https://catalog.data.gov/?keyword=Latitude
[DATAGOV] t=2317.7s | pag=629 | files=2856 | data=562 | cola=3672 | prio=10 | https://catalog.data.gov/?keyword=Lease_Num
[DATAGOV] t=2318.4s | pag=630 | files=2856 | data=563 | cola=3672 | prio=10 | https://catalog.data.gov/?keyword=Longitude
[DATAGOV] t=2319.5s | pag=631 | files=2856 | data=564 | cola=3691 | prio=10 | https://catalog.data.gov/?keyword=STATE_CD
[DATAGOV] t=2320.4s | pag=632 | files=2856 | data=565 | cola=3691 | prio=10 | https://catalog.data.gov/harvest_record/97bc4389-d79c-4717-b2b3-3d0cf8723855/raw
[DATAGOV] t=2321.1s | pag=632 | files=2857 | data=565 | cola=3690 | prio=10 | https://catalog.data.gov/dataset/fy-2024-federal-real-property-profile-frpp-public-dataset
[DATAGOV] t=2322.4s | pag=633 | files=2858 | data=566 | cola=3697 | prio=10 | https://catalog.data.gov/dataset/federal-procurement-data-system-fpds-api
[DATAGOV] t=2323.2s | pag=634 | files=2859 | data=567 | cola=3698 | prio=10 | https://catalog.data.gov/dataset/system-for-award-management-sam-public-extract-exclusions
[DATAGOV] t=2324.0s | pag=635 | files=2859 | data=568 | cola=3706 | prio=10 | https://catalog.data.gov/dataset/fy-2024-federal-real-property-profile-summary-data-by-installation-name
[DATAGOV] t=2324.6s | pag=636 | files=2860 | data=569 | cola=3711 | prio=10 | https://catalog.data.gov/dataset/lease-documents
[DATAGOV] t=2325.5s | pag=637 | files=2860 | data=570 | cola=3714 | prio=10 | https://catalog.data.gov/dataset/real-estate-across-the-united-states-rexus-inventory-building
[DATAGOV] t=2326.5s | pag=638 | files=2861 | data=571 | cola=3718 | prio=10 | https://catalog.data.gov/dataset/gsa-elibrary-schedules-and-contracts
[DATAGOV] t=2327.1s | pag=639 | files=2862 | data=572 | cola=3719 | prio=10 | https://catalog.data.gov/dataset/assistance-listings-at-beta-sam-gov-formerly-cfda
[DATAGOV] t=2328.2s | pag=640 | files=2862 | data=573 | cola=3727 | prio=10 | https://catalog.data.gov/dataset/subcontracting-directory-for-small-businesses
[DATAGOV] t=2329.1s | pag=641 | files=2863 | data=574 | cola=3731 | prio=10 | https://catalog.data.gov/dataset/data-gov-ckan-api
[DATAGOV] DATASETS=575 | data_html_table | https://catalog.data.gov/dataset/data-gov-ckan-api
[DATAGOV] t=2329.8s | pag=642 | files=2863 | data=575 | cola=3736 | prio=10 | http://www.data.gov/developers/apis
[DATAGOV] t=2330.9s | pag=642 | files=2863 | data=575 | cola=3735 | prio=10 | https://catalog.data.gov/dataset/schedule-sales-query-raw-data
[DATAGOV] t=2331.8s | pag=643 | files=2863 | data=576 | cola=3739 | prio=10 | https://catalog.data.gov/dataset/gsa-enterprise-data-inventory-edi
[DATAGOV] t=2332.5s | pag=644 | files=2864 | data=577 | cola=3743 | prio=10 | https://catalog.data.gov/dataset/real-estate-across-the-united-states-rexus-lease
[DATAGOV] t=2333.5s | pag=645 | files=2865 | data=578 | cola=3743 | prio=10 | https://catalog.data.gov/dataset/fy23-federal-real-property-profile-frpp-public-dataset
[DATAGOV] t=2334.2s | pag=646 | files=2866 | data=579 | cola=3745 | prio=10 | https://catalog.data.gov/dataset/system-for-award-management-sam-public-extract-entity-registration
[DATAGOV] t=2342.4s | pag=647 | files=2868 | data=580 | cola=3752 | prio=10 | https://catalog.data.gov/dataset/city-pair-program-csv
[DATAGOV] t=2343.2s | pag=648 | files=2868 | data=581 | cola=3753 | prio=10 | https://catalog.data.gov/dataset/lease-inventory-excel-spreadsheet
[DATAGOV] t=2344.2s | pag=649 | files=2868 | data=582 | cola=3755 | prio=10 | https://catalog.data.gov/dataset/visits-by-browser
[DATAGOV] t=2345.3s | pag=650 | files=2868 | data=583 | cola=3760 | prio=10 | https://catalog.data.gov/?q=disability+compensation+recipients+by+county&sort=relevance
[DATAGOV] t=2346.5s | pag=651 | files=2868 | data=584 | cola=3767 | prio=10 | https://catalog.data.gov/organization/sba
[DATAGOV] t=2347.9s | pag=652 | files=2868 | data=585 | cola=3785 | prio=10 | https://catalog.data.gov/?keyword=504+Loan+Data+Reports
[DATAGOV] t=2348.7s | pag=653 | files=2868 | data=586 | cola=3785 | prio=10 | https://catalog.data.gov/?keyword=7a
[DATAGOV] t=2349.6s | pag=654 | files=2868 | data=587 | cola=3786 | prio=10 | https://catalog.data.gov/?keyword=Learning+Agenda+Question+Data+Asset
[DATAGOV] t=2350.6s | pag=655 | files=2869 | data=588 | cola=3793 | prio=10 | https://catalog.data.gov/?keyword=Loan+Data+Report
[DATAGOV] t=2351.7s | pag=656 | files=2869 | data=589 | cola=3793 | prio=10 | https://catalog.data.gov/?keyword=SBA
[DATAGOV] t=2352.8s | pag=657 | files=2869 | data=590 | cola=3813 | prio=10 | https://catalog.data.gov/harvest_record/1059620b-fc79-47f2-9d87-80462e49d9c9/raw
[DATAGOV] t=2353.8s | pag=657 | files=2870 | data=590 | cola=3812 | prio=10 | https://catalog.data.gov/?keyword=agricultural+economics
[DATAGOV] t=2356.2s | pag=658 | files=2870 | data=591 | cola=3844 | prio=10 | https://catalog.data.gov/?keyword=food+costs
[DATAGOV] t=2356.8s | pag=659 | files=2870 | data=592 | cola=3846 | prio=10 | https://catalog.data.gov/harvest_record/0e32d57f-5e72-42da-bde3-67da6b39a614/raw
[DATAGOV] t=2357.5s | pag=659 | files=2871 | data=592 | cola=3845 | prio=10 | https://catalog.data.gov/?keyword=bank+account
[DATAGOV] t=2358.9s | pag=660 | files=2871 | data=593 | cola=3847 | prio=10 | https://catalog.data.gov/?keyword=bank+service
[DATAGOV] t=2360.1s | pag=661 | files=2871 | data=594 | cola=3847 | prio=10 | https://catalog.data.gov/?keyword=complaint
[DATAGOV] t=2361.0s | pag=662 | files=2871 | data=595 | cola=3880 | prio=10 | https://catalog.data.gov/?keyword=consumer
[DATAGOV] t=2362.0s | pag=663 | files=2871 | data=596 | cola=3909 | prio=10 | https://catalog.data.gov/?keyword=credit+card
[DATAGOV] t=2363.2s | pag=664 | files=2871 | data=597 | cola=3919 | prio=10 | https://catalog.data.gov/?keyword=credit+report
[DATAGOV] t=2364.3s | pag=665 | files=2871 | data=598 | cola=3919 | prio=10 | https://catalog.data.gov/?keyword=debt+collection
[DATAGOV] t=2365.2s | pag=666 | files=2871 | data=599 | cola=3919 | prio=10 | https://catalog.data.gov/?keyword=finance
[DATAGOV] DATASETS=600 | exportable_data_page | https://catalog.data.gov/?keyword=finance
[DATAGOV] t=2366.4s | pag=667 | files=2872 | data=600 | cola=3948 | prio=10 | https://catalog.data.gov/harvest_record/d7875d7c-b493-4aab-934d-d3606233f8f2/raw
[DATAGOV] t=2367.2s | pag=667 | files=2873 | data=600 | cola=3947 | prio=10 | https://catalog.data.gov/organization/state
[DATAGOV] t=2369.5s | pag=668 | files=2880 | data=601 | cola=3965 | prio=10 | https://catalog.data.gov/?keyword=unspecified
[DATAGOV] t=2370.3s | pag=669 | files=2884 | data=602 | cola=3988 | prio=10 | https://catalog.data.gov/harvest_record/293c8515-b73b-41aa-9f81-bd59624b7459/raw
[DATAGOV] t=2371.3s | pag=669 | files=2885 | data=602 | cola=3987 | prio=10 | https://catalog.data.gov/organization/dot
[DATAGOV] t=2373.2s | pag=670 | files=2885 | data=603 | cola=4004 | prio=10 | https://catalog.data.gov/?keyword=address
[DATAGOV] t=2374.1s | pag=671 | files=2885 | data=604 | cola=4033 | prio=10 | https://catalog.data.gov/?keyword=bus
[DATAGOV] t=2374.8s | pag=672 | files=2885 | data=605 | cola=4065 | prio=10 | https://catalog.data.gov/?keyword=company
[DATAGOV] t=2375.8s | pag=673 | files=2885 | data=606 | cola=4087 | prio=10 | https://catalog.data.gov/?keyword=drivers
[DATAGOV] t=2376.8s | pag=674 | files=2885 | data=607 | cola=4110 | prio=10 | https://catalog.data.gov/?keyword=federal+motor+carrier+safety+administation
[DATAGOV] t=2377.3s | pag=675 | files=2885 | data=608 | cola=4110 | prio=10 | https://catalog.data.gov/?keyword=fmcsa
[DATAGOV] t=2378.4s | pag=676 | files=2885 | data=609 | cola=4143 | prio=10 | https://catalog.data.gov/?keyword=household+goods
[DATAGOV] t=2379.4s | pag=677 | files=2885 | data=610 | cola=4143 | prio=10 | https://catalog.data.gov/?keyword=mcs-150
[DATAGOV] t=2380.2s | pag=678 | files=2885 | data=611 | cola=4143 | prio=10 | https://catalog.data.gov/harvest_record/70ae41eb-757b-4e3a-aea9-a95b92c9431e/raw
[DATAGOV] t=2381.0s | pag=678 | files=2886 | data=611 | cola=4142 | prio=10 | https://harvest.data.gov/organization/census
[DATAGOV] t=2390.0s | pag=679 | files=2890 | data=612 | cola=5296 | prio=10 | https://catalog.data.gov/dataset/tiger-line-shapefile-2020-nation-u-s-2020-census-urban-area
[DATAGOV] t=2391.6s | pag=680 | files=2891 | data=613 | cola=5298 | prio=10 | https://catalog.data.gov/dataset/tiger-line-shapefile-current-nation-u-s-county-and-equivalent-entities
[DATAGOV] t=2394.4s | pag=681 | files=2893 | data=614 | cola=5301 | prio=10 | https://catalog.data.gov/dataset/tiger-line-shapefile-current-state-texas-county-subdivision
[DATAGOV] t=2395.0s | pag=682 | files=2894 | data=615 | cola=5309 | prio=10 | https://catalog.data.gov/dataset/tiger-line-shapefile-2019-nation-u-s-current-county-and-equivalent-national-shapefile
[DATAGOV] t=2395.9s | pag=683 | files=2894 | data=616 | cola=5309 | prio=10 | https://catalog.data.gov/dataset/tiger-line-shapefile-current-state-florida-county-subdivision
[DATAGOV] t=2396.8s | pag=684 | files=2894 | data=617 | cola=5309 | prio=10 | https://catalog.data.gov/dataset/tiger-line-shapefile-2020-nation-u-s-american-indian-tribal-subdivisions
[DATAGOV] t=2399.5s | pag=685 | files=2896 | data=618 | cola=5314 | prio=10 | https://catalog.data.gov/dataset/tiger-line-shapefile-2019-state-georgia-current-county-subdivision-state-based
[DATAGOV] t=2400.2s | pag=686 | files=2897 | data=619 | cola=5314 | prio=10 | https://catalog.data.gov/dataset/tiger-line-shapefile-2019-nation-u-s-rails-national-shapefile
[DATAGOV] t=2401.1s | pag=687 | files=2897 | data=620 | cola=5315 | prio=10 | https://catalog.data.gov/dataset/tiger-line-shapefile-2019-state-georgia-primary-and-secondary-roads-state-based-shapefile
[DATAGOV] t=2403.5s | pag=688 | files=2899 | data=621 | cola=5317 | prio=10 | https://harvest.data.gov/organization/noaa
[DATAGOV] t=2405.0s | pag=689 | files=2899 | data=622 | cola=5457 | prio=10 | https://catalog.data.gov/dataset/global-coral-bleaching-database-ncei-accession-0228498
[DATAGOV] t=2405.9s | pag=690 | files=2899 | data=623 | cola=5465 | prio=10 | https://catalog.data.gov/dataset/tropic-of-cancer
[DATAGOV] t=2406.6s | pag=690 | files=2899 | data=623 | cola=5464 | prio=10 | https://catalog.data.gov/dataset/global-surface-summary-of-the-day-gsod
[DATAGOV] t=2408.3s | pag=691 | files=2900 | data=624 | cola=5472 | prio=10 | https://catalog.data.gov/dataset/chirps-version-2-0-precipitation-global-0-05-monthly-1981-present-lon0360
[DATAGOV] DATASETS=625 | data_html_table | https://catalog.data.gov/dataset/chirps-version-2-0-precipitation-global-0-05-monthly-1981-present-lon0360
[DATAGOV] t=2408.9s | pag=692 | files=2900 | data=625 | cola=5479 | prio=10 | https://catalog.data.gov/dataset/state-of-the-climate-monthly-overview-synoptic-discussion
[DATAGOV] t=2409.9s | pag=693 | files=2900 | data=626 | cola=5487 | prio=10 | https://catalog.data.gov/dataset/chirps-version-2-0-precipitation-global-0-05-daily-1981-present
[DATAGOV] t=2411.0s | pag=694 | files=2900 | data=627 | cola=5487 | prio=10 | https://catalog.data.gov/dataset/noaa-next-generation-radar-nexrad-products
[DATAGOV] t=2411.8s | pag=695 | files=2904 | data=628 | cola=5494 | prio=10 | https://catalog.data.gov/dataset/the-noaa-ncei-global-marine-microplastics-data-collection-1972-present
[DATAGOV] t=2412.8s | pag=696 | files=2904 | data=629 | cola=5502 | prio=10 | https://catalog.data.gov/dataset/world-ocean-atlas-2023
[DATAGOV] t=2413.7s | pag=697 | files=2904 | data=630 | cola=5510 | prio=10 | https://catalog.data.gov/dataset/side-scan_sonar-backscatter-tiles-for-hudson-river-ny-xtf
[DATAGOV] t=2414.3s | pag=698 | files=2904 | data=631 | cola=5518 | prio=10 | https://catalog.data.gov/dataset/humpback-whale-sound-production-recorded-at-sanctsound-site-sb03_02
[DATAGOV] t=2415.3s | pag=699 | files=2904 | data=632 | cola=5527 | prio=10 | https://catalog.data.gov/dataset/delaware-river-and-upper-bay-sediment-data?from_hint=eyJxIjoiZWZmZWN0LXNpemUgZXN0aW1hdGlvbiJ9
[DATAGOV] t=2416.2s | pag=700 | files=2904 | data=633 | cola=5532 | prio=10 | https://catalog.data.gov/dataset/usgs-10-m-digital-elevation-model-dem-hawaii-maui-hillshade
[DATAGOV] t=2417.3s | pag=700 | files=2904 | data=633 | cola=5531 | prio=10 | https://catalog.data.gov/dataset/california-cooperative-oceanic-fisheries-investigations-calcofidatabase
[DATAGOV] t=2419.2s | pag=701 | files=2910 | data=634 | cola=5539 | prio=10 | https://catalog.data.gov/dataset/shipping-fairways-lanes-and-zones-for-us-waters
[DATAGOV] t=2419.8s | pag=702 | files=2910 | data=635 | cola=5546 | prio=10 | https://catalog-old.data.gov/dataset/esi-gis-data-and-pdf-maps-environmental-sensitivity-index-including-gis-data-and-maps-for-the-u1/resource/177d574a-fb30-4c12-8909-8df40b77195f
[DATAGOV] t=2421.8s | pag=702 | files=2910 | data=635 | cola=5545 | prio=10 | https://catalog.data.gov/dataset/oil-and-gas-platforms-in-the-gulf-of-mexico-from-boem?from_hint=eyJxIjoicGxhdGZvcm1zIiwic29ydCI6InJlbGV2YW5jZSJ9
[DATAGOV] t=2424.3s | pag=703 | files=2911 | data=636 | cola=5552 | prio=10 | https://catalog.data.gov/dataset/soda-pop-2-2-4-monthly-means-1871-2010-at-depths
[DATAGOV] t=2425.7s | pag=704 | files=2911 | data=637 | cola=5560 | prio=10 | https://catalog.data.gov/dataset/bluetopo
[DATAGOV] t=2426.5s | pag=705 | files=2911 | data=638 | cola=5563 | prio=10 | https://catalog.data.gov/dataset/distance-to-nearest-coastline-0-01-degree-grid-ocean
[DATAGOV] t=2427.0s | pag=705 | files=2911 | data=638 | cola=5562 | prio=10 | https://catalog.data.gov/dataset/chirps-version-2-0-precipitation-global-0-05-monthly-1981-present
[DATAGOV] t=2428.9s | pag=706 | files=2911 | data=639 | cola=5562 | prio=10 | https://harvest.data.gov/organization/doi
[DATAGOV] t=2429.7s | pag=707 | files=2923 | data=640 | cola=5586 | prio=10 | https://catalog.data.gov/dataset/spring-wetland-flora-inventory-at-curecanti-national-recreation-area-2021-dataset-as-deliv
[DATAGOV] t=2430.8s | pag=708 | files=2923 | data=641 | cola=5594 | prio=10 | https://catalog.data.gov/dataset/gps-data-collected-for-preconstruction-hydrographic-surveys-of-missouri-river-downstream-f?from_hint=eyJzb3J0IjoibGFzdF9oYXJ2ZXN0ZWRfZGF0ZSJ9
[DATAGOV] t=2434.6s | pag=709 | files=2924 | data=642 | cola=5598 | prio=10 | https://catalog.data.gov/dataset/footprints-and-producers-of-source-data-used-to-create-northern-portion-of-the-high-resolu?from_hint=eyJzb3J0IjoibGFzdF9oYXJ2ZXN0ZWRfZGF0ZSJ9
[DATAGOV] t=2435.4s | pag=710 | files=2924 | data=643 | cola=5606 | prio=10 | https://catalog.data.gov/dataset/mineral-commodity-summaries-2026
[DATAGOV] t=2436.1s | pag=711 | files=2924 | data=644 | cola=5611 | prio=10 | https://catalog.data.gov/dataset/elevation-map-of-bangladesh-elev8bg
[DATAGOV] t=2436.9s | pag=712 | files=2924 | data=645 | cola=5618 | prio=10 | https://catalog.data.gov/dataset/global-distribution-of-selected-mines-deposits-and-districts-of-critical-minerals
[DATAGOV] t=2438.0s | pag=713 | files=2924 | data=646 | cola=5625 | prio=10 | https://catalog.data.gov/dataset/geologic-faults-of-afghanistan-fltafg
[DATAGOV] t=2438.8s | pag=714 | files=2924 | data=647 | cola=5632 | prio=10 | https://catalog.data.gov/dataset/yellowstone-national-park-tract-and-boundary-data
[DATAGOV] t=2439.9s | pag=715 | files=2924 | data=648 | cola=5638 | prio=10 | https://catalog.data.gov/dataset/map-of-arsenic-concentrations-in-groundwater-of-the-united-states
[DATAGOV] t=2440.8s | pag=716 | files=2925 | data=649 | cola=5641 | prio=10 | https://catalog.data.gov/dataset/eastern-migratory-monarch-butterfly-population-estimates-and-associated-early-wa-2006-2022
[DATAGOV] DATASETS=650 | data_html_table | https://catalog.data.gov/dataset/eastern-migratory-monarch-butterfly-population-estimates-and-associated-early-wa-2006-2022
[DATAGOV] t=2441.5s | pag=717 | files=2926 | data=650 | cola=5647 | prio=10 | https://harvest.data.gov/organization/nasa
[DATAGOV] t=2442.4s | pag=718 | files=2927 | data=651 | cola=5649 | prio=10 | https://catalog.data.gov/dataset/corona-satellite-photographs-from-the-u-s-geological-survey
[DATAGOV] t=2443.3s | pag=719 | files=2927 | data=652 | cola=5649 | prio=10 | https://catalog.data.gov/dataset/2001-environmental-sustainability-index-esi-22bc5
[DATAGOV] t=2444.0s | pag=719 | files=2927 | data=652 | cola=5648 | prio=10 | https://catalog.data.gov/dataset/fireball-and-bolide-reports
[DATAGOV] t=2447.2s | pag=720 | files=2929 | data=653 | cola=5648 | prio=10 | https://catalog.data.gov/dataset/ims-bearings
[DATAGOV] t=2448.0s | pag=721 | files=2929 | data=654 | cola=5650 | prio=10 | https://catalog.data.gov/dataset/randomized-and-recommissioned-battery-dataset
[DATAGOV] t=2448.8s | pag=722 | files=2929 | data=655 | cola=5655 | prio=10 | https://catalog.data.gov/dataset/meteorite-landings?from_hint=eyJzb3J0IjoicG9wdWxhcml0eSJ9
[DATAGOV] t=2449.9s | pag=723 | files=2929 | data=656 | cola=5654 | prio=10 | https://catalog.data.gov/dataset/islscp-ii-edgar-3-gridded-greenhouse-and-ozone-precursor-gas-emissions
[DATAGOV] t=2450.7s | pag=724 | files=2932 | data=657 | cola=5658 | prio=10 | https://catalog.data.gov/dataset/shuttle-radar-topography-mission-dted-level-1-3-arc-second-data-dted-1
[DATAGOV] t=2451.8s | pag=725 | files=2933 | data=658 | cola=5659 | prio=10 | https://catalog.data.gov/dataset/shuttle-radar-topography-mission-1-arc-second-global
[DATAGOV] t=2452.5s | pag=726 | files=2933 | data=659 | cola=5659 | prio=10 | https://harvest.data.gov/organization/hhs
[DATAGOV] t=2453.6s | pag=727 | files=2934 | data=660 | cola=5661 | prio=10 | https://catalog.data.gov/dataset/u-s-chronic-disease-indicators
[DATAGOV] t=2454.2s | pag=728 | files=2936 | data=661 | cola=5666 | prio=10 | https://catalog.data.gov/dataset/nutrition-physical-activity-and-obesity-behavioral-risk-factor-surveillance-system
[DATAGOV] t=2455.3s | pag=729 | files=2938 | data=662 | cola=5674 | prio=10 | https://catalog.data.gov/dataset/national-database-for-autism-research-ndar
[DATAGOV] t=2456.2s | pag=730 | files=2938 | data=663 | cola=5676 | prio=10 | https://catalog.data.gov/dataset/monthly-rates-of-laboratory-confirmed-covid-19-hospitalizations-from-the-covid-net-surveil
[DATAGOV] t=2457.2s | pag=730 | files=2938 | data=663 | cola=5675 | prio=10 | https://catalog.data.gov/dataset/national-death-index
[DATAGOV] t=2458.5s | pag=731 | files=2938 | data=664 | cola=5677 | prio=10 | https://catalog.data.gov/dataset/nchs-leading-causes-of-death-united-states
[DATAGOV] t=2459.4s | pag=732 | files=2940 | data=665 | cola=5681 | prio=10 | https://catalog.data.gov/dataset/provisional-covid-19-death-counts-rates-and-percent-of-total-deaths-by-jurisdiction-of-res
[DATAGOV] t=2460.4s | pag=733 | files=2943 | data=666 | cola=5682 | prio=10 | https://catalog.data.gov/dataset/find-shortage-areas-hpsa-mua-p-by-address
[DATAGOV] t=2461.3s | pag=734 | files=2943 | data=667 | cola=5690 | prio=10 | https://catalog.data.gov/dataset/u-s-chronic-disease-indicators?from_hint=eyJzb3J0IjoicG9wdWxhcml0eSJ9
[DATAGOV] t=2462.0s | pag=735 | files=2943 | data=668 | cola=5689 | prio=10 | https://catalog.data.gov/dataset/restructured-betos-classification-system
[DATAGOV] t=2463.2s | pag=736 | files=2944 | data=669 | cola=5696 | prio=10 | https://catalog.data.gov/dataset/clinical-investigator-inspector-list-cliil
[DATAGOV] t=2464.3s | pag=737 | files=2944 | data=670 | cola=5698 | prio=10 | https://catalog.data.gov/dataset/nadac-national-average-drug-acquisition-cost-2026
[DATAGOV] t=2465.2s | pag=738 | files=2945 | data=671 | cola=5700 | prio=10 | https://catalog.data.gov/dataset/drugsfda-database
[DATAGOV] t=2465.9s | pag=739 | files=2945 | data=672 | cola=5700 | prio=10 | https://catalog.data.gov/dataset/500-cities-city-boundaries
[DATAGOV] t=2466.5s | pag=740 | files=2945 | data=673 | cola=5703 | prio=10 | https://catalog.data.gov/dataset/skilled-nursing-facility-all-owners
[DATAGOV] t=2467.6s | pag=741 | files=2991 | data=674 | cola=5705 | prio=10 | https://catalog.data.gov/dataset/medicare-physician-other-practitioners-by-provider-and-service
[DATAGOV] DATASETS=675 | data_html_table | https://catalog.data.gov/dataset/medicare-physician-other-practitioners-by-provider-and-service
[DATAGOV] t=2468.5s | pag=742 | files=3003 | data=675 | cola=5707 | prio=10 | https://catalog.data.gov/dataset/child-maltreatment-annual-reports
[DATAGOV] t=2469.3s | pag=743 | files=3003 | data=676 | cola=5711 | prio=10 | https://catalog.data.gov/dataset/clia-currently-waived-analytes
[DATAGOV] t=2470.5s | pag=744 | files=3003 | data=677 | cola=5712 | prio=10 | https://catalog.data.gov/dataset/snomed-ct
[DATAGOV] t=2471.3s | pag=745 | files=3003 | data=678 | cola=5715 | prio=10 | https://catalog.data.gov/dataset/cdc-wonder-births
[DATAGOV] t=2471.9s | pag=746 | files=3003 | data=679 | cola=5720 | prio=10 | https://catalog.data.gov/dataset/hospital-provider-cost-report
[DATAGOV] t=2472.9s | pag=747 | files=3016 | data=680 | cola=5723 | prio=10 | https://harvest.data.gov/organization/epa
[DATAGOV] t=2473.9s | pag=748 | files=3018 | data=681 | cola=5729 | prio=10 | https://catalog.data.gov/dataset/npl-superfund-site-boundaries-epa
[DATAGOV] t=2475.0s | pag=748 | files=3018 | data=681 | cola=5728 | prio=10 | https://catalog.data.gov/dataset/epa-facility-registry-service-frs-wastewater-treatment-plants
[DATAGOV] t=2476.3s | pag=749 | files=3018 | data=682 | cola=5733 | prio=10 | https://catalog.data.gov/dataset/great-lakes-environmental-database-glenda
[DATAGOV] t=2477.0s | pag=750 | files=3018 | data=683 | cola=5740 | prio=10 | https://catalog.data.gov/dataset/air-quality-data
[DATAGOV] t=2477.9s | pag=751 | files=3018 | data=684 | cola=5743 | prio=10 | https://catalog.data.gov/dataset/ract-bact-laer-clearninghouse-rblc
[DATAGOV] t=2479.0s | pag=752 | files=3018 | data=685 | cola=5744 | prio=10 | https://harvest.data.gov/organization/california
[DATAGOV] t=2479.8s | pag=753 | files=3019 | data=686 | cola=5746 | prio=10 | https://catalog.data.gov/dataset/local-area-unemployment-statistics-laus-annual-average
[DATAGOV] t=2480.9s | pag=754 | files=3020 | data=687 | cola=5753 | prio=10 | https://catalog.data.gov/dataset/fruit-and-vegetable-consumption-in-california-residents-2012-2013
[DATAGOV] t=2485.2s | pag=755 | files=3024 | data=688 | cola=5759 | prio=10 | https://catalog.data.gov/dataset/ca-geographic-boundaries
[DATAGOV] t=2495.0s | pag=756 | files=3027 | data=689 | cola=5763 | prio=10 | https://catalog.data.gov/dataset/behavioral-health-and-workforce
[DATAGOV] t=2498.7s | pag=757 | files=3029 | data=690 | cola=5770 | prio=10 | https://catalog.data.gov/dataset/obesity-in-california-2012-and-2013
[DATAGOV] t=2502.6s | pag=758 | files=3032 | data=691 | cola=5773 | prio=10 | https://catalog.data.gov/dataset/emergency-department-volume-and-capacity
[DATAGOV] t=2506.6s | pag=759 | files=3035 | data=692 | cola=5776 | prio=10 | https://catalog.data.gov/dataset/california-public-schools-2024-25
[DATAGOV] t=2507.3s | pag=760 | files=3035 | data=693 | cola=5779 | prio=10 | https://catalog.data.gov/dataset/healthcare-payments-data-hpd-healthcare-measures
[DATAGOV] t=2511.2s | pag=761 | files=3043 | data=694 | cola=5785 | prio=10 | https://catalog.data.gov/dataset/methicillin-resistant-staphylococcus-aureus-mrsa-bloodstream-infections-bsi-in-california-
[DATAGOV] t=2515.4s | pag=762 | files=3069 | data=695 | cola=5792 | prio=10 | https://catalog.data.gov/dataset/vehicle-fuel-type-count-by-zip-code
[DATAGOV] t=2516.5s | pag=763 | files=3078 | data=696 | cola=5800 | prio=10 | https://catalog.data.gov/dataset/office-of-public-school-construction-opsc-open-data-portal
[DATAGOV] t=2517.2s | pag=764 | files=3080 | data=697 | cola=5808 | prio=10 | https://catalog.data.gov/dataset/provider-suspended-and-ineligible-list-si-list
[DATAGOV] t=2521.2s | pag=765 | files=3082 | data=698 | cola=5816 | prio=10 | https://catalog.data.gov/dataset/cimis-weather-station-data?from_hint=eyJxIjoid2VhdGhlciIsInNvcnQiOiJyZWxldmFuY2UifQ%3D%3D
[DATAGOV] t=2521.9s | pag=766 | files=3082 | data=699 | cola=5821 | prio=10 | https://catalog.data.gov/dataset/cimis-weather-station-data
[DATAGOV] DATASETS=700 | data_html_table | https://catalog.data.gov/dataset/cimis-weather-station-data
[DATAGOV] t=2523.0s | pag=767 | files=3082 | data=700 | cola=5820 | prio=10 | https://catalog.data.gov/dataset/fishing-license-sales-agents-cdfw-ds2797
[DATAGOV] t=2539.4s | pag=768 | files=3083 | data=701 | cola=5828 | prio=10 | https://catalog.data.gov/dataset/cimis-weather-station-data?from_hint=eyJxIjoid2VhdGhlciJ9
[DATAGOV] t=2540.6s | pag=769 | files=3083 | data=702 | cola=5828 | prio=10 | https://catalog.data.gov/dataset/wellstar-oil-and-gas-wells
[DATAGOV] t=2541.5s | pag=770 | files=3083 | data=703 | cola=5834 | prio=10 | https://catalog.data.gov/dataset/california-incorporated-cities
[DATAGOV] t=2542.0s | pag=770 | files=3083 | data=703 | cola=5833 | prio=10 | https://catalog.data.gov/dataset/cgs-liquefaction-zones
[DATAGOV] t=2545.3s | pag=771 | files=3083 | data=704 | cola=5838 | prio=10 | https://harvest.data.gov/organization/energy
[DATAGOV] t=2546.1s | pag=772 | files=3086 | data=705 | cola=5844 | prio=10 | https://catalog.data.gov/dataset/national-solar-radiation-database-nsrdb
[DATAGOV] t=2546.8s | pag=773 | files=3087 | data=706 | cola=5852 | prio=10 | https://catalog.data.gov/dataset/wind-turbine-gearbox-condition-monitoring-vibration-analysis-benchmarking-datasets
[DATAGOV] t=2547.7s | pag=774 | files=3087 | data=707 | cola=5859 | prio=10 | https://catalog.data.gov/dataset/photovoltaic-module-current-voltage-and-electroluminescence-image-data-pv-iv-el
[DATAGOV] t=2553.8s | pag=775 | files=3092 | data=708 | cola=5865 | prio=10 | https://catalog.data.gov/dataset/u-s-crude-oil-natural-gas-and-natural-gas-liquids-reserves
[DATAGOV] t=2554.5s | pag=776 | files=3093 | data=709 | cola=5873 | prio=10 | https://catalog.data.gov/dataset/alternative-fueling-station-locations
[DATAGOV] t=2555.3s | pag=777 | files=3096 | data=710 | cola=5880 | prio=10 | https://catalog.data.gov/dataset/state-energy-data-system-seds
[DATAGOV] t=2556.1s | pag=778 | files=3097 | data=711 | cola=5888 | prio=10 | https://catalog.data.gov/dataset/netls-carbon-capture-and-storage-database
[DATAGOV] t=2557.1s | pag=779 | files=3097 | data=712 | cola=5894 | prio=10 | https://catalog.data.gov/dataset/hourly-electricity-demand-profiles-for-each-county-in-the-contiguous-united-states
[DATAGOV] t=2558.0s | pag=780 | files=3097 | data=713 | cola=5896 | prio=10 | https://catalog.data.gov/dataset/industrial-assessment-centers-database
[DATAGOV] t=2561.0s | pag=781 | files=3099 | data=714 | cola=5903 | prio=10 | https://harvest.data.gov/organization/doj
[DATAGOV] t=2561.9s | pag=782 | files=3100 | data=715 | cola=5905 | prio=10 | https://catalog.data.gov/dataset/reca-awards-by-place-of-residence-state-country-as-of-date
[DATAGOV] t=2562.6s | pag=783 | files=3100 | data=716 | cola=5913 | prio=10 | https://catalog.data.gov/dataset/crime-in-the-united-states
[DATAGOV] t=2563.6s | pag=784 | files=3100 | data=717 | cola=5917 | prio=10 | https://catalog.data.gov/dataset/hate-crime-statistics
[DATAGOV] t=2564.3s | pag=785 | files=3100 | data=718 | cola=5921 | prio=10 | https://catalog.data.gov/dataset/national-incident-based-reporting-system-nibrs
[DATAGOV] t=2565.5s | pag=786 | files=3100 | data=719 | cola=5921 | prio=10 | https://catalog.data.gov/dataset/national-missing-and-unidentified-persons-system-namus
[DATAGOV] t=2566.6s | pag=787 | files=3100 | data=720 | cola=5922 | prio=10 | https://catalog.data.gov/dataset/arrest-data
[DATAGOV] t=2567.4s | pag=788 | files=3100 | data=721 | cola=5930 | prio=10 | https://catalog.data.gov/dataset/federal-justice-statistics-program-offenders-admitted-to-prison-2000
[DATAGOV] t=2568.2s | pag=789 | files=3100 | data=722 | cola=5934 | prio=10 | https://catalog.data.gov/dataset/national-incident-based-reporting-system-nibrs-estimates
[DATAGOV] t=2569.4s | pag=790 | files=3100 | data=723 | cola=5941 | prio=10 | https://catalog.data.gov/dataset/eoir-case-data
[DATAGOV] t=2570.3s | pag=791 | files=3100 | data=724 | cola=5942 | prio=10 | https://catalog.data.gov/dataset/reca-awards-by-place-of-residence-state-country-as-of-date?from_hint=eyJxIjoicmFkaWF0aW9uIGV4cG9zdXJlIGNvbXBlbnNhdGlvbiIsInNvcnQiOiJyZWxldmFuY2UifQ%3D%3D
[DATAGOV] DATASETS=725 | data_html_table | https://catalog.data.gov/dataset/reca-awards-by-place-of-residence-state-country-as-of-date?from_hint=eyJxIjoicmFkaWF0aW9uIGV4cG9zdXJlIGNvbXBlbnNhdGlvbiIsInNvcnQiOiJyZWxldmFuY2UifQ%3D%3D
[DATAGOV] t=2571.1s | pag=792 | files=3100 | data=725 | cola=5942 | prio=10 | https://catalog.data.gov/dataset/reca-claims-summary-report
[DATAGOV] t=2571.8s | pag=793 | files=3100 | data=726 | cola=5942 | prio=10 | https://catalog.data.gov/dataset/reca-awards-by-place-of-residence-state-country-as-of-date?from_hint=eyJxIjoiUkVDQSJ9
[DATAGOV] t=2573.7s | pag=794 | files=3100 | data=727 | cola=5942 | prio=10 | https://catalog.data.gov/dataset/body-worn-camera-resources
[DATAGOV] t=2574.9s | pag=795 | files=3100 | data=728 | cola=5943 | prio=10 | https://catalog.data.gov/dataset/body-worn-camera-resources?from_hint=eyJzb3J0IjoicmVsZXZhbmNlIiwicSI6IiIsInNwYXRpYWxfZmlsdGVyIjoiIiwib3JnX3NsdWciOiJkb2oifQ%3D%3D
[DATAGOV] t=2575.7s | pag=796 | files=3100 | data=729 | cola=5943 | prio=10 | https://catalog.data.gov/dataset/immigration-court-operational-status-map
[DATAGOV] t=2576.5s | pag=796 | files=3100 | data=729 | cola=5942 | prio=10 | https://harvest.data.gov/organization/gsa
[DATAGOV] t=2577.8s | pag=797 | files=3100 | data=730 | cola=5944 | prio=10 | https://inventory.data.gov/dataset/5752ee7f-9e8b-467a-aa5a-274b4bd1bc29/resource/1a94a302-b3c9-433d-
[DATAGOV] t=2579.6s | pag=797 | files=3100 | data=730 | cola=5943 | prio=10 | https://inventory.data.gov/dataset/9a9e946e-124e-46f5-a934-e458a6c1c2b2/resource/3ff4756d-570b-4296-
[DATAGOV] t=2581.2s | pag=797 | files=3100 | data=730 | cola=5942 | prio=10 | https://inventory.data.gov/dataset/67567804-073d-40ad-a710-2b0bed8b84e2/resource/3b7ed6b7-7dce-42f1-
[DATAGOV] t=2583.0s | pag=797 | files=3100 | data=730 | cola=5941 | prio=10 | https://inventory.data.gov/dataset/9a9e946e-124e-46f5-a934-e458a6c1c2b2/resource/699145f9-9bcd-4e8e-
[DATAGOV] t=2584.3s | pag=797 | files=3100 | data=730 | cola=5940 | prio=10 | https://inventory.data.gov/dataset/9a9e946e-124e-46f5-a934-e458a6c1c2b2/resource/50121e80-91c8-4c83-
[DATAGOV] t=2585.9s | pag=797 | files=3100 | data=730 | cola=5939 | prio=10 | https://inventory.data.gov/dataset/9a9e946e-124e-46f5-a934-e458a6c1c2b2/resource/789b32f8-8a25-4caf-
[DATAGOV] t=2587.8s | pag=797 | files=3100 | data=730 | cola=5938 | prio=10 | https://inventory.data.gov/dataset/9a9e946e-124e-46f5-a934-e458a6c1c2b2/resource/fee2c948-999a-4530-
[DATAGOV] t=2589.2s | pag=797 | files=3100 | data=730 | cola=5937 | prio=10 | https://inventory.data.gov/dataset/9a9e946e-124e-46f5-a934-e458a6c1c2b2/resource/7947a01d-519e-4649-
[DATAGOV] t=2590.6s | pag=797 | files=3100 | data=730 | cola=5936 | prio=10 | https://inventory.data.gov/dataset/63ce05bb-278a-46c6-afd7-42730eba4da8/resource/618f6c1f-00c3-47d6-
[DATAGOV] t=2592.3s | pag=797 | files=3100 | data=730 | cola=5935 | prio=10 | https://catalog.data.gov/dataset/system-for-award-management-sam-api
[DATAGOV] t=2593.9s | pag=798 | files=3100 | data=731 | cola=5938 | prio=10 | https://catalog.data.gov/dataset/city-pair-program-csv?from_hint=eyJxIjoiY3N2In0%3D
[DATAGOV] t=2594.7s | pag=799 | files=3100 | data=732 | cola=5938 | prio=10 | https://catalog.data.gov/dataset/schedule-sales-query-raw-data?from_hint=eyJxIjoic2FsZXMiLCJzb3J0IjoicmVsZXZhbmNlIn0%3D
[DATAGOV] t=2595.7s | pag=800 | files=3100 | data=733 | cola=5938 | prio=10 | https://catalog.data.gov/dataset/schedule-sales-query-raw-data?from_hint=eyJxIjoic2FsZXMifQ%3D%3D
[DATAGOV] t=2596.7s | pag=801 | files=3100 | data=734 | cola=5938 | prio=10 | https://catalog.data.gov/dataset/leasing-desk-guide
[DATAGOV] t=2597.4s | pag=802 | files=3100 | data=735 | cola=5940 | prio=10 | https://harvest.data.gov/organization/ed
[DATAGOV] t=2598.5s | pag=803 | files=3101 | data=736 | cola=5942 | prio=10 | https://catalog.data.gov/dataset/public-school-locations-2024-25
[DATAGOV] t=2602.1s | pag=804 | files=3104 | data=737 | cola=5949 | prio=10 | https://catalog.data.gov/dataset/private-school-locations-current
[DATAGOV] t=2605.0s | pag=805 | files=3107 | data=738 | cola=5951 | prio=10 | https://catalog.data.gov/dataset/idea-section-618-state-level-data-files
[DATAGOV] t=2605.9s | pag=806 | files=3107 | data=739 | cola=5955 | prio=10 | https://catalog.data.gov/dataset/federal-school-code-list-for-free-application-for-federal-student-aid-fafsa
[DATAGOV] t=2606.9s | pag=807 | files=3107 | data=740 | cola=5959 | prio=10 | https://catalog.data.gov/dataset/school-data
[DATAGOV] t=2607.8s | pag=808 | files=3108 | data=741 | cola=5965 | prio=10 | https://catalog.data.gov/dataset/borrower-defense-to-repayment-data
[DATAGOV] t=2608.6s | pag=809 | files=3108 | data=742 | cola=5967 | prio=10 | https://catalog.data.gov/dataset/nces-barrons-admissions-competitiveness-index-data-files-1972-1982-1992-2004-2008-2014
[DATAGOV] t=2609.6s | pag=810 | files=3108 | data=743 | cola=5973 | prio=10 | https://harvest.data.gov/organization/hawaii
[DATAGOV] t=2610.4s | pag=811 | files=3109 | data=744 | cola=5975 | prio=10 | https://catalog.data.gov/dataset/campaign-contributions-received-by-hawaii-state-and-county-candidates-from-january-30-2025
[DATAGOV] t=2611.2s | pag=812 | files=3110 | data=745 | cola=5984 | prio=10 | https://catalog.data.gov/dataset/digital-equity-asset-inventory
[DATAGOV] t=2612.3s | pag=813 | files=3111 | data=746 | cola=5985 | prio=10 | https://catalog.data.gov/dataset/plant-pathogens-of-hawaii
[DATAGOV] t=2613.6s | pag=814 | files=3112 | data=747 | cola=5991 | prio=10 | https://catalog.data.gov/dataset/campaign-contributions-made-to-candidates-by-hawaii-noncandidate-committees-from-j-30-2025
[DATAGOV] t=2614.1s | pag=815 | files=3113 | data=748 | cola=5994 | prio=10 | https://catalog.data.gov/dataset/doe-adult-schools
[DATAGOV] t=2615.0s | pag=816 | files=3114 | data=749 | cola=5996 | prio=10 | https://catalog.data.gov/dataset/expenditures-made-by-hawaii-state-and-county-candidates-from-january-1-2015-june-30-2025
[DATAGOV] DATASETS=750 | data_html_table | https://catalog.data.gov/dataset/expenditures-made-by-hawaii-state-and-county-candidates-from-january-1-2015-june-30-2025
[DATAGOV] t=2615.8s | pag=817 | files=3115 | data=750 | cola=5998 | prio=10 | https://catalog.data.gov/dataset/statement-of-intents-filed-by-hawaii-state-and-county-candidates
[DATAGOV] t=2617.2s | pag=818 | files=3116 | data=751 | cola=6001 | prio=10 | https://catalog.data.gov/dataset/durable-assets-for-hawaii-state-and-county-candidates-from-january-1-2015-june-30-2025
[DATAGOV] t=2618.4s | pag=819 | files=3117 | data=752 | cola=6001 | prio=10 | https://catalog.data.gov/dataset/loans-received-by-hawaii-state-and-county-candidates-from-january-1-2015-june-30-2025
[DATAGOV] t=2619.3s | pag=820 | files=3118 | data=753 | cola=6001 | prio=10 | https://catalog.data.gov/dataset/digital-equity-asset-inventory?from_hint=eyJxIjoiYXNzZXQgaW52ZW50b3J5Iiwic29ydCI6InJlbGV2YW5jZSJ9
[DATAGOV] t=2620.5s | pag=821 | files=3118 | data=754 | cola=6001 | prio=10 | https://catalog.data.gov/dataset/hawaii-state-libraries
[DATAGOV] t=2621.5s | pag=822 | files=3119 | data=755 | cola=6002 | prio=10 | https://harvest.data.gov/organization/fcc
[DATAGOV] t=2622.5s | pag=823 | files=3120 | data=756 | cola=6004 | prio=10 | https://catalog.data.gov/dataset/fcc-universal-licensing-system-uls
[DATAGOV] t=2623.3s | pag=824 | files=3120 | data=757 | cola=6006 | prio=10 | https://catalog.data.gov/dataset/cgb-consumer-complaints-data
[DATAGOV] t=2623.9s | pag=825 | files=3122 | data=758 | cola=6008 | prio=10 | https://catalog.data.gov/dataset/eas-equipment-authorization-grantee-registrations
[DATAGOV] t=2624.7s | pag=826 | files=3124 | data=759 | cola=6009 | prio=10 | https://catalog.data.gov/dataset/lms-public-database-files
[DATAGOV] t=2625.7s | pag=827 | files=3124 | data=760 | cola=6011 | prio=10 | https://catalog.data.gov/dataset/911-master-psap-registry
[DATAGOV] t=2626.4s | pag=828 | files=3126 | data=761 | cola=6012 | prio=10 | https://catalog.data.gov/dataset/international-bureau-filing-system-ibfs
[DATAGOV] t=2627.0s | pag=829 | files=3126 | data=762 | cola=6013 | prio=10 | https://catalog.data.gov/dataset/provider-lookup-table
[DATAGOV] t=2627.7s | pag=830 | files=3128 | data=763 | cola=6017 | prio=10 | https://catalog.data.gov/dataset/csric-best-practices
[DATAGOV] t=2628.9s | pag=831 | files=3131 | data=764 | cola=6019 | prio=10 | https://catalog.data.gov/dataset/eas-accredited-test-firms
[DATAGOV] t=2629.8s | pag=832 | files=3134 | data=765 | cola=6020 | prio=10 | https://catalog-old.data.gov/dataset/fixed-broadband-deployment-data-dec-2017-status-v2
[DATAGOV] t=2631.4s | pag=833 | files=3137 | data=766 | cola=6021 | prio=10 | https://catalog.data.gov/dataset/fixed-broadband-deployment-data-jun-2018-status-v1
[DATAGOV] t=2632.4s | pag=834 | files=3139 | data=767 | cola=6021 | prio=10 | https://catalog.data.gov/dataset/fcc-universal-licensing-system-uls?from_hint=eyJxIjoicmFkaW8iLCJzb3J0IjoicG9wdWxhcml0eSIsIm9yZ19zbHVnIjoiZmNjIn0%3D
[DATAGOV] t=2633.0s | pag=835 | files=3139 | data=768 | cola=6021 | prio=10 | https://catalog.data.gov/dataset/lms-public-database-files?from_hint=eyJxIjoiTE1TIiwic29ydCI6InJlbGV2YW5jZSJ9
[DATAGOV] t=2633.8s | pag=836 | files=3139 | data=769 | cola=6021 | prio=10 | https://harvest.data.gov/organization/austin-tx
[DATAGOV] t=2634.9s | pag=837 | files=3140 | data=770 | cola=6023 | prio=10 | https://catalog.data.gov/dataset/zoning-by-address
[DATAGOV] t=2636.0s | pag=838 | files=3143 | data=771 | cola=6026 | prio=10 | https://catalog.data.gov/dataset/school-nutrition-programs-meal-reimbursement-information-program-year-2016-2017
[DATAGOV] t=2637.1s | pag=839 | files=3146 | data=772 | cola=6034 | prio=10 | https://catalog.data.gov/dataset/texas-commission-on-environmental-quality-notices-of-violation-nov
[DATAGOV] t=2638.3s | pag=840 | files=3149 | data=773 | cola=6038 | prio=10 | https://catalog.data.gov/dataset/apd-arrests
[DATAGOV] t=2639.3s | pag=841 | files=3152 | data=774 | cola=6039 | prio=10 | https://catalog.data.gov/dataset/boundaries-us-zip-codes
[DATAGOV] DATASETS=775 | data_html_table | https://catalog.data.gov/dataset/boundaries-us-zip-codes
[DATAGOV] t=2640.3s | pag=842 | files=3155 | data=775 | cola=6042 | prio=10 | https://catalog.data.gov/dataset/apd-computer-aided-dispatch-incidents
[DATAGOV] t=2641.1s | pag=843 | files=3158 | data=776 | cola=6044 | prio=10 | https://catalog.data.gov/dataset/superintendent-salary-report-by-district-for-school-year-2024-2025
[DATAGOV] t=2641.9s | pag=844 | files=3161 | data=777 | cola=6047 | prio=10 | https://catalog.data.gov/dataset/austin-animal-center-outcomes
[DATAGOV] t=2642.7s | pag=845 | files=3164 | data=778 | cola=6050 | prio=10 | https://catalog.data.gov/dataset/worker-adjustment-and-retraining-notification-warn-notices
[DATAGOV] t=2643.8s | pag=846 | files=3167 | data=779 | cola=6056 | prio=10 | https://catalog.data.gov/dataset/issued-construction-permits
[DATAGOV] t=2644.9s | pag=847 | files=3170 | data=780 | cola=6062 | prio=10 | https://catalog.data.gov/dataset/winners-list-of-texas-lottery-prizes
[DATAGOV] t=2645.9s | pag=848 | files=3173 | data=781 | cola=6068 | prio=10 | https://catalog.data.gov/dataset/insurance-complaints-all-data
[DATAGOV] t=2646.8s | pag=849 | files=3176 | data=782 | cola=6071 | prio=10 | https://catalog.data.gov/dataset/texas-commission-on-environmental-quality-emergency-response-spills
[DATAGOV] t=2647.5s | pag=850 | files=3179 | data=783 | cola=6072 | prio=10 | https://catalog.data.gov/dataset/statewide-eligible-training-providers-list
[DATAGOV] t=2648.5s | pag=851 | files=3182 | data=784 | cola=6080 | prio=10 | https://catalog.data.gov/dataset/insurance-complaints-one-record-complaint
[DATAGOV] t=2649.3s | pag=852 | files=3185 | data=785 | cola=6080 | prio=10 | https://catalog.data.gov/dataset/imagine-austin-comprehensive-plan-web-full-pdf
[DATAGOV] t=2650.2s | pag=853 | files=3185 | data=786 | cola=6082 | prio=10 | https://catalog.data.gov/dataset/austin-water-drinking-water-quality-reports?from_hint=eyJxIjoiICAgIFdhdGVyIFF1YWxpdHkifQ%3D%3D
[DATAGOV] t=2651.1s | pag=854 | files=3185 | data=787 | cola=6086 | prio=10 | https://catalog.data.gov/dataset/capital-metro-shapefiles-january-2026
[DATAGOV] t=2652.0s | pag=855 | files=3185 | data=788 | cola=6093 | prio=10 | https://catalog.data.gov/dataset/apd-community-connect-ida-sector
[DATAGOV] t=2653.0s | pag=856 | files=3185 | data=789 | cola=6097 | prio=10 | https://catalog.data.gov/dataset/texas-department-of-transportation-traffic-safety-data-portal-pedestrians-and-pedalcyclist?from_hint=eyJxIjoidHJhZmZpYyBkYXRhICIsInNvcnQiOiJyZWxldmFuY2UifQ%3D%3D
[DATAGOV] t=2653.9s | pag=857 | files=3185 | data=790 | cola=6103 | prio=10 | https://catalog.data.gov/dataset/eminent-domain-data
[DATAGOV] t=2655.0s | pag=858 | files=3188 | data=791 | cola=6104 | prio=10 | https://catalog.data.gov/dataset/apd-911-calls-for-service-2023-2025-interactive-dashboard-guide?from_hint=eyJxIjoiOTExIGNhbGxzIiwic29ydCI6InJlbGV2YW5jZSJ9
[DATAGOV] t=2656.0s | pag=859 | files=3188 | data=792 | cola=6106 | prio=10 | https://catalog.data.gov/dataset/holder-reporting-training-session-pdf?from_hint=eyJxIjoicGRmIiwic29ydCI6InJlbGV2YW5jZSJ9
[DATAGOV] t=2656.8s | pag=860 | files=3188 | data=793 | cola=6108 | prio=10 | https://catalog.data.gov/dataset/holder-reporting-training-session-pdf?from_hint=eyJxIjoicGRmIn0%3D
[DATAGOV] t=2657.7s | pag=861 | files=3188 | data=794 | cola=6108 | prio=10 | https://harvest.data.gov/organization/nara
[DATAGOV] t=2658.9s | pag=862 | files=3189 | data=795 | cola=6110 | prio=10 | https://catalog.data.gov/dataset/1940-census-official-1940-census-website
[DATAGOV] t=2660.1s | pag=863 | files=3189 | data=796 | cola=6116 | prio=10 | https://catalog.data.gov/dataset/code-of-federal-regulations-in-xml
[DATAGOV] t=2689.1s | pag=864 | files=3207 | data=797 | cola=6123 | prio=10 | https://catalog.data.gov/dataset/federalregister-gov-and-api
[DATAGOV] t=2690.1s | pag=865 | files=3207 | data=798 | cola=6129 | prio=10 | https://catalog.data.gov/dataset/access-to-archival-databases-aad
[DATAGOV] t=2690.8s | pag=866 | files=3207 | data=799 | cola=6135 | prio=10 | https://catalog.data.gov/dataset/social-media-channels-and-statistics-at-the-national-archives
[DATAGOV] DATASETS=800 | data_html_table | https://catalog.data.gov/dataset/social-media-channels-and-statistics-at-the-national-archives
[DATAGOV] t=2691.6s | pag=867 | files=3207 | data=800 | cola=6143 | prio=10 | https://catalog.data.gov/dataset/national-archives-catalog-and-api
[DATAGOV] t=2692.6s | pag=868 | files=3207 | data=801 | cola=6147 | prio=10 | https://catalog.data.gov/dataset/electronic-code-of-federal-regulations
[DATAGOV] t=2693.4s | pag=869 | files=3207 | data=802 | cola=6147 | prio=10 | https://catalog.data.gov/dataset/1950-census-official-1950-census-website
[DATAGOV] t=2694.1s | pag=870 | files=3207 | data=803 | cola=6150 | prio=10 | https://catalog.data.gov/dataset/founders-online-metadata
[DATAGOV] t=2695.1s | pag=871 | files=3207 | data=804 | cola=6156 | prio=10 | https://catalog.data.gov/dataset/nara-public-data-listing?from_hint=eyJxIjoiZGF0YSJ9
[DATAGOV] t=2695.6s | pag=872 | files=3207 | data=805 | cola=6160 | prio=10 | https://catalog.data.gov/dataset/executive-orders-from-1994-present
[DATAGOV] t=2696.6s | pag=873 | files=3209 | data=806 | cola=6161 | prio=10 | https://catalog.data.gov/dataset/presidential-proclamations-from-1994-present?from_hint=eyJxIjoiZG9uYWxkIHRydW1wIn0%3D
[DATAGOV] t=2697.2s | pag=874 | files=3213 | data=807 | cola=6162 | prio=10 | https://catalog.data.gov/dataset/nara-enterprise-data-inventory
[DATAGOV] t=2697.9s | pag=875 | files=3213 | data=808 | cola=6162 | prio=10 | https://catalog.data.gov/dataset/nara-enterprise-data-inventory?from_hint=eyJxIjoiaW52ZW50b3J5IGRhdGEiLCJzb3J0IjoicmVsZXZhbmNlIn0%3D
[DATAGOV] t=2698.4s | pag=876 | files=3213 | data=809 | cola=6162 | prio=10 | https://catalog.data.gov/dataset/nara-enterprise-data-inventory?from_hint=eyJzb3J0IjoicmVsZXZhbmNlIiwicSI6IkludmVudG9yeSIsInNwYXRpYWxfZmlsdGVyIjoiIn0%3D
[DATAGOV] t=2699.1s | pag=877 | files=3213 | data=810 | cola=6162 | prio=10 | https://catalog.data.gov/dataset/general-records-schedules-grs
[DATAGOV] t=2699.9s | pag=878 | files=3213 | data=811 | cola=6169 | prio=10 | https://harvest.data.gov/organization/ibwc
[DATAGOV] t=2701.2s | pag=879 | files=3213 | data=812 | cola=6171 | prio=10 | https://harvest.data.gov/organization/chesapeake-va
[DATAGOV] t=2702.3s | pag=880 | files=3214 | data=813 | cola=6173 | prio=10 | https://catalog.data.gov/dataset/real-estate-subdivisions
[DATAGOV] t=2703.3s | pag=881 | files=3214 | data=814 | cola=6174 | prio=10 | https://catalog.data.gov/dataset/easements
[DATAGOV] t=2704.3s | pag=882 | files=3214 | data=815 | cola=6176 | prio=10 | https://catalog.data.gov/dataset/zoning-b6985
[DATAGOV] t=2705.3s | pag=883 | files=3214 | data=816 | cola=6177 | prio=10 | https://catalog.data.gov/dataset/parcels-86b02
[DATAGOV] t=2706.3s | pag=884 | files=3214 | data=817 | cola=6179 | prio=10 | https://catalog.data.gov/dataset/building-outlines
[DATAGOV] t=2706.9s | pag=885 | files=3214 | data=818 | cola=6181 | prio=10 | https://catalog.data.gov/dataset/planning-areas-0f8e6
[DATAGOV] t=2707.7s | pag=886 | files=3214 | data=819 | cola=6182 | prio=10 | https://catalog.data.gov/dataset/railroads-5307b
[DATAGOV] t=2708.9s | pag=887 | files=3214 | data=820 | cola=6185 | prio=10 | https://catalog.data.gov/dataset/boroughs
[DATAGOV] t=2709.7s | pag=888 | files=3214 | data=821 | cola=6186 | prio=10 | https://catalog.data.gov/dataset/land-conservation-program
[DATAGOV] t=2710.4s | pag=889 | files=3214 | data=822 | cola=6190 | prio=10 | https://catalog.data.gov/dataset/real-estate-subdivisions?from_hint=eyJxIjoicmVhbCBlc3RhdGUifQ%3D%3D
[DATAGOV] t=2711.5s | pag=890 | files=3214 | data=823 | cola=6190 | prio=10 | https://catalog.data.gov/dataset/fentress-aicuz-apz
[DATAGOV] t=2712.1s | pag=891 | files=3214 | data=824 | cola=6193 | prio=10 | https://harvest.data.gov/harvest_source_list/
[DATAGOV] DATASETS=825 | data_html_table | https://harvest.data.gov/harvest_source_list/
[DATAGOV] t=2713.7s | pag=892 | files=3214 | data=825 | cola=6308 | prio=10 | https://harvest.data.gov/openapi/docs
[DATAGOV] t=2714.2s | pag=893 | files=3214 | data=825 | cola=6307 | prio=10 | https://harvest.data.gov/metrics/
[DATAGOV] t=2715.2s | pag=894 | files=3214 | data=826 | cola=6320 | prio=10 | https://harvest.data.gov/organization/western-pa-data
[DATAGOV] t=2716.1s | pag=895 | files=3215 | data=827 | cola=6321 | prio=10 | https://harvest.data.gov/organization/los-angeles-ca
[DATAGOV] t=2717.5s | pag=896 | files=3216 | data=828 | cola=6322 | prio=10 | https://harvest.data.gov/organization/king-county-wa
[DATAGOV] t=2718.4s | pag=897 | files=3217 | data=829 | cola=6323 | prio=10 | https://harvest.data.gov/organization/fhfa
[DATAGOV] t=2719.4s | pag=898 | files=3218 | data=830 | cola=6324 | prio=10 | https://harvest.data.gov/organization/charlotte-nc
[DATAGOV] t=2720.4s | pag=899 | files=3219 | data=831 | cola=6325 | prio=10 | https://harvest.data.gov/organization/opm
[DATAGOV] t=2721.5s | pag=900 | files=3220 | data=832 | cola=6326 | prio=10 | https://harvest.data.gov/organization/dhs
[DATAGOV] t=2722.2s | pag=901 | files=3221 | data=833 | cola=6326 | prio=10 | https://harvest.data.gov/organization/mspb
[DATAGOV] t=2723.3s | pag=902 | files=3222 | data=834 | cola=6327 | prio=10 | https://harvest.data.gov/organization/nyc-ny
[DATAGOV] t=2724.3s | pag=903 | files=3223 | data=835 | cola=6328 | prio=10 | https://harvest.data.gov/organization/omb
[DATAGOV] t=2725.0s | pag=904 | files=3224 | data=836 | cola=6329 | prio=10 | https://harvest.data.gov/organization/dot
[DATAGOV] t=2725.9s | pag=905 | files=3225 | data=837 | cola=6331 | prio=10 | https://harvest.data.gov/organization/baton-rouge-la
[DATAGOV] t=2727.1s | pag=906 | files=3226 | data=838 | cola=6332 | prio=10 | https://harvest.data.gov/organization/chicago-il
[DATAGOV] t=2727.8s | pag=907 | files=3227 | data=839 | cola=6333 | prio=10 | https://harvest.data.gov/organization/commerce
[DATAGOV] t=2728.7s | pag=908 | files=3228 | data=840 | cola=6334 | prio=10 | https://harvest.data.gov/organization/imls
[DATAGOV] t=2729.2s | pag=909 | files=3229 | data=841 | cola=6335 | prio=10 | https://harvest.data.gov/organization/arkansas
[DATAGOV] t=2729.9s | pag=910 | files=3229 | data=842 | cola=6336 | prio=10 | https://harvest.data.gov/organization/ferndale-mi
[DATAGOV] t=2730.8s | pag=911 | files=3230 | data=843 | cola=6337 | prio=10 | https://harvest.data.gov/organization/rrb
[DATAGOV] t=2731.7s | pag=912 | files=3231 | data=844 | cola=6337 | prio=10 | https://harvest.data.gov/organization/ntia
[DATAGOV] t=2732.8s | pag=913 | files=3232 | data=845 | cola=6338 | prio=10 | https://harvest.data.gov/organization/ftc
[DATAGOV] t=2734.1s | pag=914 | files=3233 | data=846 | cola=6338 | prio=10 | https://harvest.data.gov/organization/hud
[DATAGOV] t=2734.9s | pag=915 | files=3234 | data=847 | cola=6339 | prio=10 | https://harvest.data.gov/organization/eac
[DATAGOV] t=2736.1s | pag=916 | files=3235 | data=848 | cola=6340 | prio=10 | https://harvest.data.gov/organization/seattle-wa
[DATAGOV] t=2737.0s | pag=917 | files=3236 | data=849 | cola=6341 | prio=10 | https://harvest.data.gov/organization/nea
[DATAGOV] DATASETS=850 | data_html_table | https://harvest.data.gov/organization/nea
[DATAGOV] t=2738.0s | pag=918 | files=3237 | data=850 | cola=6342 | prio=10 | https://harvest.data.gov/organization/ncua
[DATAGOV] t=2739.0s | pag=919 | files=3238 | data=851 | cola=6343 | prio=10 | https://harvest.data.gov/organization/usda
[DATAGOV] t=2740.0s | pag=920 | files=3239 | data=852 | cola=6344 | prio=10 | https://harvest.data.gov/organization/flc
[DATAGOV] t=2740.8s | pag=921 | files=3240 | data=853 | cola=6345 | prio=10 | https://harvest.data.gov/organization/university-washington
[DATAGOV] t=2741.9s | pag=922 | files=3240 | data=854 | cola=6346 | prio=10 | https://harvest.data.gov/organization/chapel-hill-nc
[DATAGOV] t=2742.8s | pag=923 | files=3241 | data=855 | cola=6347 | prio=10 | https://harvest.data.gov/organization/fairfax-county-va
[DATAGOV] t=2743.7s | pag=924 | files=3242 | data=856 | cola=6348 | prio=10 | https://harvest.data.gov/organization/cfpb
[DATAGOV] t=2744.9s | pag=925 | files=3243 | data=857 | cola=6349 | prio=10 | https://harvest.data.gov/organization/baltimore-md
[DATAGOV] t=2745.9s | pag=926 | files=3244 | data=858 | cola=6350 | prio=10 | https://harvest.data.gov/organization/fec
[DATAGOV] t=2747.2s | pag=927 | files=3245 | data=859 | cola=6351 | prio=10 | https://harvest.data.gov/organization/cary-nc
[DATAGOV] t=2748.1s | pag=928 | files=3246 | data=860 | cola=6352 | prio=10 | https://harvest.data.gov/organization/loc
[DATAGOV] t=2749.0s | pag=929 | files=3247 | data=861 | cola=6353 | prio=10 | https://harvest.data.gov/organization/oregon
[DATAGOV] t=2749.7s | pag=930 | files=3248 | data=862 | cola=6354 | prio=10 | https://harvest.data.gov/organization/louisville-ky
[DATAGOV] t=2750.6s | pag=931 | files=3249 | data=863 | cola=6355 | prio=10 | https://harvest.data.gov/organization/san-francisco-ca
[DATAGOV] t=2751.4s | pag=932 | files=3250 | data=864 | cola=6356 | prio=10 | https://harvest.data.gov/organization/coeur-d-alene-tribe
[DATAGOV] t=2752.5s | pag=933 | files=3250 | data=865 | cola=6357 | prio=10 | https://harvest.data.gov/organization/boise-id
[DATAGOV] t=2753.8s | pag=934 | files=3251 | data=866 | cola=6358 | prio=10 | https://harvest.data.gov/organization/durham-nc
[DATAGOV] t=2755.0s | pag=935 | files=3252 | data=867 | cola=6359 | prio=10 | https://harvest.data.gov/organization/usitc
[DATAGOV] t=2755.9s | pag=936 | files=3253 | data=868 | cola=6360 | prio=10 | https://harvest.data.gov/organization/fed-reserve
[DATAGOV] t=2757.1s | pag=937 | files=3254 | data=869 | cola=6361 | prio=10 | https://harvest.data.gov/organization/cftc
[DATAGOV] t=2757.9s | pag=938 | files=3255 | data=870 | cola=6362 | prio=10 | https://harvest.data.gov/organization/dol
[DATAGOV] t=2758.7s | pag=939 | files=3256 | data=871 | cola=6363 | prio=10 | https://harvest.data.gov/organization/neh
[DATAGOV] t=2760.0s | pag=940 | files=3257 | data=872 | cola=6364 | prio=10 | https://harvest.data.gov/organization/alaska
[DATAGOV] t=2761.1s | pag=941 | files=3258 | data=873 | cola=6366 | prio=10 | https://harvest.data.gov/organization/unm-earth-data
[DATAGOV] t=2761.9s | pag=942 | files=3258 | data=874 | cola=6367 | prio=10 | https://harvest.data.gov/organization/university-idaho
[DATAGOV] DATASETS=875 | data_html_table | https://harvest.data.gov/organization/university-idaho
[DATAGOV] t=2763.2s | pag=943 | files=3259 | data=875 | cola=6368 | prio=10 | https://harvest.data.gov/organization/dod
[DATAGOV] t=2764.4s | pag=944 | files=3260 | data=876 | cola=6369 | prio=10 | https://harvest.data.gov/organization/new-orleans-la
[DATAGOV] t=2765.2s | pag=945 | files=3261 | data=877 | cola=6370 | prio=10 | https://harvest.data.gov/organization/wv-gis
[DATAGOV] t=2766.2s | pag=946 | files=3261 | data=878 | cola=6371 | prio=10 | https://harvest.data.gov/organization/santa-rosa-ca
[DATAGOV] t=2766.7s | pag=947 | files=3262 | data=879 | cola=6372 | prio=10 | https://harvest.data.gov/organization/lake-county-il
[DATAGOV] t=2767.7s | pag=948 | files=3263 | data=880 | cola=6373 | prio=10 | https://harvest.data.gov/organization/prvidence-ri
[DATAGOV] t=2768.7s | pag=949 | files=3264 | data=881 | cola=6374 | prio=10 | https://harvest.data.gov/organization/vermont-geo
[DATAGOV] t=2769.9s | pag=950 | files=3265 | data=882 | cola=6375 | prio=10 | https://harvest.data.gov/organization/sioux-falls-sd
[DATAGOV] t=2770.6s | pag=951 | files=3266 | data=883 | cola=6376 | prio=10 | https://harvest.data.gov/organization/gpo
[DATAGOV] t=2771.4s | pag=952 | files=3266 | data=884 | cola=6377 | prio=10 | https://harvest.data.gov/organization/wake-county-nc
[DATAGOV] t=2772.5s | pag=953 | files=3267 | data=885 | cola=6378 | prio=10 | https://harvest.data.gov/organization/somerville-ma
[DATAGOV] t=2773.3s | pag=954 | files=3268 | data=886 | cola=6379 | prio=10 | https://harvest.data.gov/organization/honolulu-hi
[DATAGOV] t=2774.6s | pag=955 | files=3269 | data=887 | cola=6380 | prio=10 | https://harvest.data.gov/organization/missouri
[DATAGOV] t=2775.5s | pag=956 | files=3270 | data=888 | cola=6381 | prio=10 | https://harvest.data.gov/organization/fdic
[DATAGOV] t=2776.3s | pag=957 | files=3271 | data=889 | cola=6382 | prio=10 | https://harvest.data.gov/organization/exim
[DATAGOV] t=2777.2s | pag=958 | files=3272 | data=890 | cola=6383 | prio=10 | https://harvest.data.gov/organization/fl-dep
[DATAGOV] t=2778.6s | pag=959 | files=3273 | data=891 | cola=6384 | prio=10 | https://harvest.data.gov/organization/hartford-ct
[DATAGOV] t=2780.0s | pag=960 | files=3274 | data=892 | cola=6385 | prio=10 | https://harvest.data.gov/organization/pa-data-geo-clearinghouse
[DATAGOV] t=2780.8s | pag=961 | files=3274 | data=893 | cola=6386 | prio=10 | https://harvest.data.gov/organization/nsf
[DATAGOV] t=2781.9s | pag=962 | files=3275 | data=894 | cola=6386 | prio=10 | https://harvest.data.gov/organization/district-of-columbia
[DATAGOV] t=2782.6s | pag=963 | files=3276 | data=895 | cola=6387 | prio=10 | https://harvest.data.gov/organization/nrc
[DATAGOV] t=2783.5s | pag=964 | files=3277 | data=896 | cola=6388 | prio=10 | https://harvest.data.gov/organization/fgdc
[DATAGOV] t=2784.3s | pag=965 | files=3281 | data=897 | cola=6395 | prio=10 | https://harvest.data.gov/organization/usace
[DATAGOV] t=2785.3s | pag=966 | files=3283 | data=898 | cola=6399 | prio=10 | https://harvest.data.gov/organization/arlington-county-va
[DATAGOV] t=2786.5s | pag=967 | files=3284 | data=899 | cola=6400 | prio=10 | https://harvest.data.gov/organization/pbgc
[DATAGOV] DATASETS=900 | data_html_table | https://harvest.data.gov/organization/pbgc
[DATAGOV] t=2787.6s | pag=968 | files=3285 | data=900 | cola=6401 | prio=10 | https://harvest.data.gov/organization/nitrd
[DATAGOV] t=2788.3s | pag=969 | files=3286 | data=901 | cola=6401 | prio=10 | https://harvest.data.gov/organization/eeoc
[DATAGOV] t=2788.9s | pag=970 | files=3287 | data=902 | cola=6402 | prio=10 | https://harvest.data.gov/organization/bloomington-in
[DATAGOV] t=2789.9s | pag=971 | files=3288 | data=903 | cola=6403 | prio=10 | https://harvest.data.gov/organization/montgomery-county-md
[DATAGOV] t=2790.8s | pag=972 | files=3289 | data=904 | cola=6404 | prio=10 | https://harvest.data.gov/organization/ssa
[DATAGOV] t=2791.6s | pag=973 | files=3289 | data=905 | cola=6404 | prio=10 | https://harvest.data.gov/organization/cpsc
[DATAGOV] t=2792.6s | pag=974 | files=3290 | data=906 | cola=6405 | prio=10 | https://harvest.data.gov/organization/nist
[DATAGOV] t=2793.4s | pag=975 | files=3291 | data=907 | cola=6406 | prio=10 | https://harvest.data.gov/organization/us-agency-for-international-development
[DATAGOV] t=2794.2s | pag=976 | files=3292 | data=908 | cola=6407 | prio=10 | https://harvest.data.gov/organization/philadelphia-pa
[DATAGOV] t=2795.4s | pag=977 | files=3293 | data=909 | cola=6408 | prio=10 | https://harvest.data.gov/organization/ntsb
[DATAGOV] t=2796.1s | pag=978 | files=3294 | data=910 | cola=6409 | prio=10 | https://harvest.data.gov/organization/treasury
[DATAGOV] t=2797.1s | pag=979 | files=3295 | data=911 | cola=6410 | prio=10 | https://harvest.data.gov/organization/sec
[DATAGOV] t=2797.9s | pag=980 | files=3296 | data=912 | cola=6411 | prio=10 | https://harvest.data.gov/organization/dol-bls
[DATAGOV] t=2799.3s | pag=981 | files=3297 | data=913 | cola=6412 | prio=10 | https://harvest.data.gov/organization/sba
[DATAGOV] t=2800.6s | pag=982 | files=3298 | data=914 | cola=6413 | prio=10 | https://harvest.data.gov/organization/oklahoma
[DATAGOV] t=2801.6s | pag=983 | files=3299 | data=915 | cola=6414 | prio=10 | https://harvest.data.gov/organization/new-york
[DATAGOV] t=2802.5s | pag=984 | files=3300 | data=916 | cola=6415 | prio=10 | https://harvest.data.gov/organization/opentopography
[DATAGOV] t=2803.8s | pag=985 | files=3301 | data=917 | cola=6416 | prio=10 | https://harvest.data.gov/organization/americorps
[DATAGOV] t=2804.6s | pag=986 | files=3302 | data=918 | cola=6417 | prio=10 | https://harvest.data.gov/organization/state
[DATAGOV] t=2805.3s | pag=987 | files=3303 | data=919 | cola=6419 | prio=10 | https://harvest.data.gov/organization/loudoun-county-va
[DATAGOV] t=2805.9s | pag=988 | files=3304 | data=920 | cola=6420 | prio=10 | https://harvest.data.gov/organization/tempe-az
[DATAGOV] t=2807.3s | pag=989 | files=3305 | data=921 | cola=6421 | prio=10 | https://harvest.data.gov/organization/frtib
[DATAGOV] t=2808.5s | pag=990 | files=3306 | data=922 | cola=6422 | prio=10 | https://harvest.data.gov/organization/mcc
[DATAGOV] t=2809.6s | pag=991 | files=3307 | data=923 | cola=6422 | prio=10 | https://harvest.data.gov/organization/connecticut
[DATAGOV] t=2810.8s | pag=992 | files=3308 | data=924 | cola=6423 | prio=10 | https://harvest.data.gov/organization/va
[DATAGOV] DATASETS=925 | data_html_table | https://harvest.data.gov/organization/va
[DATAGOV] t=2811.8s | pag=993 | files=3309 | data=925 | cola=6424 | prio=10 | https://harvest.data.gov/organization/iowa
[DATAGOV] t=2812.6s | pag=994 | files=3310 | data=926 | cola=6425 | prio=10 | https://harvest.data.gov/organization/cook-county-il
[DATAGOV] t=2813.5s | pag=995 | files=3311 | data=927 | cola=6426 | prio=10 | https://harvest.data.gov/organization/maryland
[DATAGOV] t=2814.7s | pag=996 | files=3312 | data=928 | cola=6427 | prio=10 | https://harvest.data.gov/organization/washington
[DATAGOV] t=2815.7s | pag=997 | files=3313 | data=929 | cola=6428 | prio=10 | https://resources.data.gov/categories/data-standards
[DATAGOV] t=2817.5s | pag=998 | files=3313 | data=930 | cola=6427 | prio=10 | https://api.data.gov/signup
[DATAGOV] t=2822.5s | pag=999 | files=3313 | data=930 | cola=6426 | prio=10 | https://api.data.gov/docs/developer-manual/
[DATAGOV] t=2823.1s | pag=1000 | files=3313 | data=931 | cola=6427 | prio=10 | https://catalog.data.gov/report
[DATAGOV] t=2823.8s | pag=1000 | files=3313 | data=931 | cola=6426 | prio=10 | https://api.data.gov/contact/
[DATAGOV] t=2824.5s | pag=1001 | files=3313 | data=931 | cola=6425 | prio=10 | https://api.data.gov/about/
[DATAGOV] t=2825.6s | pag=1002 | files=3313 | data=931 | cola=6425 | prio=10 | https://api.data.gov/metrics/
[DATAGOV] t=2826.3s | pag=1003 | files=3313 | data=931 | cola=6424 | prio=10 | https://api.data.gov/docs/agency-manual/
[DATAGOV] t=2827.4s | pag=1004 | files=3313 | data=931 | cola=6427 | prio=10 | https://catalog.data.gov/?keyword=education
[DATAGOV] t=2829.0s | pag=1005 | files=3313 | data=932 | cola=6454 | prio=10 | https://catalog.data.gov/?keyword=training+and+instruction
[DATAGOV] t=2829.6s | pag=1006 | files=3313 | data=933 | cola=6457 | prio=10 | https://catalog.data.gov/?keyword=videos
[DATAGOV] t=2837.4s | pag=1007 | files=3319 | data=934 | cola=6494 | prio=10 | https://catalog.data.gov/harvest_record/64e1b066-79aa-4b2d-bdef-f5a4e8f33c28/raw
[DATAGOV] t=2837.9s | pag=1007 | files=3320 | data=934 | cola=6493 | prio=10 | https://catalog.data.gov/dataset/cdc-wonder-daily-air-temperatures-and-heat-index
[DATAGOV] t=2840.8s | pag=1008 | files=3320 | data=935 | cola=6496 | prio=10 | https://catalog.data.gov/dataset/drug-establishments-current-registration-site
[DATAGOV] t=2843.9s | pag=1009 | files=3321 | data=936 | cola=6498 | prio=10 | https://catalog.data.gov/dataset/quarterly-prescription-drug-plan-formulary-pharmacy-network-and-pricing-information
[DATAGOV] t=2925.9s | pag=1010 | files=3351 | data=937 | cola=6501 | prio=10 | https://catalog.data.gov/dataset/cdc-wonder-cancer-statistics
[DATAGOV] t=2926.9s | pag=1011 | files=3351 | data=938 | cola=6505 | prio=10 | https://catalog.data.gov/dataset/table-13-tobacco-product-use-in-the-past-monthby-age-group-and-state-percentages-annual-av
[DATAGOV] t=2928.1s | pag=1012 | files=3351 | data=939 | cola=6510 | prio=10 | https://catalog.data.gov/dataset/medpix
[DATAGOV] t=2928.9s | pag=1013 | files=3351 | data=940 | cola=6512 | prio=10 | https://catalog.data.gov/dataset/public-use-linked-mortality-files
[DATAGOV] t=2929.7s | pag=1014 | files=3351 | data=941 | cola=6521 | prio=10 | https://catalog.data.gov/dataset/monthly-prescription-drug-plan-formulary-and-pharmacy-network-information
[DATAGOV] t=3117.3s | pag=1015 | files=3442 | data=942 | cola=6521 | prio=10 | https://catalog.data.gov/?keyword=untagged
[DATAGOV] t=3118.4s | pag=1016 | files=3442 | data=943 | cola=6557 | prio=10 | https://catalog.data.gov/harvest_record/e23fcbcd-8c8d-42ae-a8e5-e65e29e31d84/raw
[DATAGOV] t=3119.1s | pag=1016 | files=3443 | data=943 | cola=6556 | prio=10 | https://catalog.data.gov/?keyword=covid-19
[DATAGOV] t=3121.0s | pag=1017 | files=3443 | data=944 | cola=6591 | prio=10 | https://catalog.data.gov/?keyword=influenza
[DATAGOV] t=3121.6s | pag=1018 | files=3443 | data=945 | cola=6626 | prio=10 | https://catalog.data.gov/?keyword=oseltamivir
[DATAGOV] t=3122.2s | pag=1019 | files=3443 | data=946 | cola=6626 | prio=10 | https://catalog.data.gov/?keyword=paxlovid
[DATAGOV] t=3123.2s | pag=1020 | files=3443 | data=947 | cola=6628 | prio=10 | https://catalog.data.gov/?keyword=peramivir
[DATAGOV] t=3124.1s | pag=1021 | files=3443 | data=948 | cola=6628 | prio=10 | https://catalog.data.gov/?keyword=treatments
[DATAGOV] t=3124.9s | pag=1022 | files=3450 | data=949 | cola=6663 | prio=10 | https://catalog.data.gov/?keyword=treatments+locator
[DATAGOV] DATASETS=950 | exportable_data_page | https://catalog.data.gov/?keyword=treatments+locator
[DATAGOV] t=3125.7s | pag=1023 | files=3450 | data=950 | cola=6663 | prio=10 | https://catalog.data.gov/?keyword=veklury
[DATAGOV] t=3126.6s | pag=1024 | files=3450 | data=951 | cola=6664 | prio=10 | https://catalog.data.gov/harvest_record/f00e0b42-cb00-4825-8008-bbed9bc4d5f0/raw
[DATAGOV] t=3127.6s | pag=1024 | files=3451 | data=951 | cola=6663 | prio=10 | https://catalog.data.gov/?keyword=Reservoir+Operations
[DATAGOV] t=3129.0s | pag=1025 | files=3451 | data=952 | cola=6700 | prio=10 | https://catalog.data.gov/?keyword=Water+Operations
[DATAGOV] t=3129.8s | pag=1026 | files=3451 | data=953 | cola=6719 | prio=10 | https://catalog.data.gov/?keyword=Water+Resources+Management
[DATAGOV] t=3130.6s | pag=1027 | files=3451 | data=954 | cola=6745 | prio=10 | https://catalog.data.gov/harvest_record/a0616572-f554-4d21-b7a7-55968f8cf3a8/raw
[DATAGOV] t=3131.6s | pag=1027 | files=3452 | data=954 | cola=6744 | prio=10 | https://catalog.data.gov/harvest_record/480e0186-be93-4db4-9047-c267147e2662/raw
[DATAGOV] t=3133.3s | pag=1027 | files=3453 | data=954 | cola=6743 | prio=10 | https://catalog.data.gov/harvest_record/f72b2ac2-a27e-4a4d-83ad-c66b317e0c07/raw
[DATAGOV] t=3134.5s | pag=1027 | files=3454 | data=954 | cola=6742 | prio=10 | https://catalog.data.gov/harvest_record/bad870fe-89a2-4b47-912a-34e114effaa1/raw
[DATAGOV] t=3136.2s | pag=1027 | files=3455 | data=954 | cola=6741 | prio=10 | https://catalog.data.gov/harvest_record/f5648a32-b63c-48ec-a7a0-2694cfb7a4c7/raw
[DATAGOV] t=3137.4s | pag=1027 | files=3456 | data=954 | cola=6740 | prio=10 | https://catalog.data.gov/harvest_record/0449267a-2f2b-4062-af29-df65c51a7863/raw
[DATAGOV] t=3139.0s | pag=1027 | files=3457 | data=954 | cola=6739 | prio=10 | https://catalog.data.gov/harvest_record/d480494b-fcd1-4729-b6f2-88b8a1b7b3a1/raw
[DATAGOV] t=3140.7s | pag=1027 | files=3458 | data=954 | cola=6738 | prio=10 | https://catalog.data.gov/harvest_record/ea16ecfe-8b03-4909-808b-182bcbe8a50b/raw
[DATAGOV] t=3142.6s | pag=1027 | files=3459 | data=954 | cola=6737 | prio=10 | https://catalog.data.gov/harvest_record/cf9ab643-fcfa-45ff-a9c5-800367d46401/raw
[DATAGOV] t=3144.4s | pag=1027 | files=3460 | data=954 | cola=6736 | prio=10 | https://catalog.data.gov/harvest_record/8ab29c09-7e33-48f3-b779-ef31d0c53bcb/raw
[DATAGOV] t=3145.6s | pag=1027 | files=3461 | data=954 | cola=6735 | prio=10 | https://catalog.data.gov/harvest_record/2bb233ff-8da0-4332-9184-b6771b32ac4a/raw
[DATAGOV] t=3147.4s | pag=1027 | files=3462 | data=954 | cola=6734 | prio=10 | https://catalog.data.gov/harvest_record/ebb9159b-b26b-440c-b2f4-54ed2737716c/raw
[DATAGOV] t=3148.8s | pag=1027 | files=3463 | data=954 | cola=6733 | prio=10 | https://catalog.data.gov/harvest_record/1e54c4e1-8e0f-4fb1-9168-15393b7b5d22/raw
[DATAGOV] t=3150.5s | pag=1027 | files=3464 | data=954 | cola=6732 | prio=10 | https://catalog.data.gov/harvest_record/6f6d928e-5837-411a-aa6a-1de3fdff995e/raw
[DATAGOV] t=3152.2s | pag=1027 | files=3465 | data=954 | cola=6731 | prio=10 | https://catalog.data.gov/?keyword=Inland+Waters
[DATAGOV] t=3154.2s | pag=1028 | files=3465 | data=955 | cola=6765 | prio=10 | https://catalog.data.gov/harvest_record/c4002ade-6da9-4610-ad30-d3f16ff017eb/raw
[DATAGOV] t=3155.1s | pag=1028 | files=3466 | data=955 | cola=6764 | prio=10 | https://catalog.data.gov/harvest_record/3e290e8b-8393-4ea6-879c-94b3432c30d6/raw
[DATAGOV] t=3156.3s | pag=1028 | files=3467 | data=955 | cola=6763 | prio=10 | https://catalog.data.gov/harvest_record/7a89e725-ad62-4b30-a60f-3e2de4a6b5c5/raw
[DATAGOV] t=3157.7s | pag=1028 | files=3468 | data=955 | cola=6762 | prio=10 | https://catalog.data.gov/dataset/americorps-participant-demographics-data
[DATAGOV] t=3159.4s | pag=1029 | files=3471 | data=956 | cola=6767 | prio=10 | https://catalog.data.gov/dataset/employers-of-national-service
[DATAGOV] t=3160.0s | pag=1030 | files=3474 | data=957 | cola=6769 | prio=10 | https://catalog.data.gov/dataset/2023-cev-data-current-population-survey-civic-engagement-and-volunteering-supplement
[DATAGOV] t=3160.6s | pag=1031 | files=3477 | data=958 | cola=6774 | prio=10 | https://catalog.data.gov/dataset/2021-cev-data-current-population-survey-civic-engagement-and-volunteering-supplement
[DATAGOV] t=3161.6s | pag=1032 | files=3480 | data=959 | cola=6775 | prio=10 | https://catalog.data.gov/dataset/2025-cev-update-understanding-civic-life-in-american-society
[DATAGOV] t=3162.2s | pag=1033 | files=3483 | data=960 | cola=6777 | prio=10 | https://catalog.data.gov/dataset/2023-cev-findings-volunteering-and-civic-life-in-america-toplines
[DATAGOV] t=3163.4s | pag=1034 | files=3486 | data=961 | cola=6777 | prio=10 | https://catalog.data.gov/dataset/americorps-research-grantee-dataset
[DATAGOV] t=3164.5s | pag=1035 | files=3489 | data=962 | cola=6780 | prio=10 | https://catalog.data.gov/dataset/americorps-civic-engagement-and-volunteering-cev-dashboard
[DATAGOV] t=3165.5s | pag=1036 | files=3489 | data=963 | cola=6782 | prio=10 | https://catalog.data.gov/dataset/2024-americorps-mes-americorps-member-exit-survey
[DATAGOV] t=3166.2s | pag=1037 | files=3492 | data=964 | cola=6786 | prio=10 | https://catalog.data.gov/dataset/2019-cev-data-current-population-survey-civic-engagement-and-volunteering-supplement
[DATAGOV] t=3167.6s | pag=1038 | files=3495 | data=965 | cola=6786 | prio=10 | https://catalog.data.gov/dataset/research-and-evaluation-dashboard-power-bi
[DATAGOV] t=3168.5s | pag=1039 | files=3495 | data=966 | cola=6787 | prio=10 | https://catalog.data.gov/dataset/2017-cev-data-current-population-survey-civic-engagement-and-volunteering-supplement
[DATAGOV] t=3169.7s | pag=1040 | files=3498 | data=967 | cola=6787 | prio=10 | https://catalog.data.gov/dataset/americorps-members-demographic
[DATAGOV] t=3170.9s | pag=1041 | files=3498 | data=968 | cola=6788 | prio=10 | https://catalog.data.gov/dataset/2017-2023-cev-findings-state-level-rates-of-all-measures-from-the-current-population-surve
[DATAGOV] t=3171.9s | pag=1042 | files=3501 | data=969 | cola=6788 | prio=10 | https://catalog.data.gov/dataset/the-health-benefits-of-volunteering-a-review-of-recent-research
[DATAGOV] t=3172.8s | pag=1043 | files=3501 | data=970 | cola=6789 | prio=10 | https://catalog.data.gov/dataset/americorps-participant-demographics-dashboard
[DATAGOV] t=3173.9s | pag=1044 | files=3501 | data=971 | cola=6790 | prio=10 | https://catalog.data.gov/dataset/analyzing-early-exits-what-the-americorps-member-exit-survey-reveals
[DATAGOV] t=3174.8s | pag=1045 | files=3501 | data=972 | cola=6791 | prio=10 | https://catalog.data.gov/dataset/strengthening-organizational-capacity-and-practices-for-high-performing-nonprofit-organiza
[DATAGOV] t=3175.9s | pag=1046 | files=3501 | data=973 | cola=6792 | prio=10 | https://catalog.data.gov/dataset/americorps-research-grantee-story-map-april-2024
[DATAGOV] t=3176.5s | pag=1047 | files=3501 | data=974 | cola=6797 | prio=10 | https://catalog.data.gov/dataset/u-s-soccer-foundation-soccer-for-success-brief
[DATAGOV] DATASETS=975 | data_html_table | https://catalog.data.gov/dataset/u-s-soccer-foundation-soccer-for-success-brief
[DATAGOV] t=3177.3s | pag=1048 | files=3501 | data=975 | cola=6799 | prio=10 | https://catalog.data.gov/dataset/household-debt-by-state-county-and-msa
[DATAGOV] t=3178.2s | pag=1049 | files=3501 | data=976 | cola=6803 | prio=10 | https://catalog.data.gov/dataset/survey-of-consumer-finances-scf
[DATAGOV] t=3179.4s | pag=1050 | files=3501 | data=977 | cola=6805 | prio=10 | https://catalog.data.gov/dataset/nber-ces-manufacturing-industry-database
[DATAGOV] t=3180.2s | pag=1051 | files=3501 | data=978 | cola=6809 | prio=10 | https://catalog.data.gov/dataset/survey-of-household-economics-and-decisionmaking
[DATAGOV] t=3181.3s | pag=1052 | files=3501 | data=979 | cola=6809 | prio=10 | https://catalog.data.gov/dataset/consumer-credit
[DATAGOV] t=3182.0s | pag=1053 | files=3501 | data=980 | cola=6810 | prio=10 | https://catalog.data.gov/dataset/industrial-production-and-capacity-utilization
[DATAGOV] t=3182.7s | pag=1054 | files=3501 | data=981 | cola=6810 | prio=10 | https://catalog.data.gov/dataset/agricultural-finance-databook
[DATAGOV] t=3183.8s | pag=1055 | files=3501 | data=982 | cola=6812 | prio=10 | https://catalog.data.gov/dataset/updating-the-recession-risk-and-the-excess-bond-premium
[DATAGOV] t=3184.9s | pag=1056 | files=3501 | data=983 | cola=6816 | prio=10 | https://catalog.data.gov/dataset/foreign-exchange-rates
[DATAGOV] t=3186.0s | pag=1057 | files=3501 | data=984 | cola=6817 | prio=10 | https://catalog.data.gov/dataset/consolidated-financial-statements-for-bank-holding-companies-parent-company-only-financial
[DATAGOV] t=3187.0s | pag=1058 | files=3501 | data=985 | cola=6824 | prio=10 | https://catalog.data.gov/dataset/distributional-financial-accounts
[DATAGOV] t=3187.8s | pag=1059 | files=3501 | data=986 | cola=6827 | prio=10 | https://catalog.data.gov/dataset/money-stock-and-debt-measures
[DATAGOV] t=3188.5s | pag=1060 | files=3501 | data=987 | cola=6831 | prio=10 | https://catalog.data.gov/dataset/indicative-forward-looking-sofr-term-rates
[DATAGOV] t=3189.4s | pag=1061 | files=3501 | data=988 | cola=6832 | prio=10 | https://catalog.data.gov/dataset/a-new-index-to-measure-u-s-financial-conditions
[DATAGOV] t=3190.2s | pag=1062 | files=3501 | data=989 | cola=6832 | prio=10 | https://catalog.data.gov/dataset/depository-institutions-mortgage-and-consumer-loan-portfolios-by-probability-of-default
[DATAGOV] t=3191.0s | pag=1063 | files=3501 | data=990 | cola=6834 | prio=10 | https://catalog.data.gov/dataset/report-of-assets-and-liabilities-of-u-s-branches-and-agencies-of-foreign-banks-report-of-a
[DATAGOV] t=3192.0s | pag=1064 | files=3501 | data=991 | cola=6837 | prio=10 | https://catalog.data.gov/dataset/a-unified-measure-of-fed-monetary-policy-shocks
[DATAGOV] t=3192.9s | pag=1065 | files=3501 | data=992 | cola=6839 | prio=10 | https://catalog.data.gov/dataset/hedge-funds
[DATAGOV] t=3193.9s | pag=1066 | files=3501 | data=993 | cola=6840 | prio=10 | https://catalog.data.gov/dataset/selected-interest-rates-business-daily
[DATAGOV] t=3195.0s | pag=1067 | files=3501 | data=994 | cola=6840 | prio=10 | https://catalog.data.gov/dataset/assets-and-liabilities-of-commercial-banks-in-the-united-states
[DATAGOV] t=3195.7s | pag=1068 | files=3501 | data=995 | cola=6841 | prio=10 | https://catalog.data.gov/dataset/purchase-order-quantity-price-detail-for-commodity-goods-procurements
[DATAGOV] t=3196.4s | pag=1069 | files=3504 | data=996 | cola=6849 | prio=10 | https://catalog.data.gov/dataset/texas-commission-on-environmental-quality-monthly-waste-receipt-summary
[DATAGOV] t=3197.6s | pag=1070 | files=3507 | data=997 | cola=6854 | prio=10 | https://catalog.data.gov/dataset/summer-meal-programs-all-summer-sites-contact-and-program-participation-information-p-2019
[DATAGOV] t=3198.3s | pag=1071 | files=3510 | data=998 | cola=6860 | prio=10 | https://catalog.data.gov/dataset/traffic-cameras
[DATAGOV] t=3199.4s | pag=1072 | files=3513 | data=999 | cola=6862 | prio=10 | https://catalog.data.gov/dataset/texas-unclaimed-property-listing
[DATAGOV] DATASETS=1000 | data_html_table | https://catalog.data.gov/dataset/texas-unclaimed-property-listing
[DATAGOV] t=3200.4s | pag=1073 | files=3513 | data=1000 | cola=6869 | prio=10 | https://catalog.data.gov/dataset/food-establishment-inspection-scores
[DATAGOV] t=3201.0s | pag=1074 | files=3516 | data=1001 | cola=6871 | prio=10 | https://catalog.data.gov/dataset/2024-citywide-retention-audit-employee-survey-results
[DATAGOV] t=3202.1s | pag=1075 | files=3519 | data=1002 | cola=6873 | prio=10 | https://catalog.data.gov/dataset/tree-inventory
[DATAGOV] t=3203.2s | pag=1076 | files=3522 | data=1003 | cola=6875 | prio=10 | https://catalog.data.gov/dataset/campaign-finance-transaction-detail
[DATAGOV] t=3204.2s | pag=1077 | files=3525 | data=1004 | cola=6877 | prio=10 | https://catalog.data.gov/dataset/current-small-business-enterprise-sbe-certfied-vendors
[DATAGOV] t=3205.1s | pag=1078 | files=3528 | data=1005 | cola=6883 | prio=10 | https://catalog.data.gov/dataset/bpd-arrests
[DATAGOV] t=3205.7s | pag=1079 | files=3528 | data=1006 | cola=6887 | prio=10 | https://catalog.data.gov/dataset/vacant-building-rehabs
[DATAGOV] t=3206.4s | pag=1080 | files=3528 | data=1007 | cola=6895 | prio=10 | https://catalog.data.gov/dataset/grocery-stores-0107b
[DATAGOV] t=3207.1s | pag=1081 | files=3528 | data=1008 | cola=6898 | prio=10 | https://catalog.data.gov/dataset/liquor-licenses
[DATAGOV] t=3207.9s | pag=1082 | files=3528 | data=1009 | cola=6906 | prio=10 | https://catalog.data.gov/dataset/real-property-information
[DATAGOV] t=3208.6s | pag=1083 | files=3528 | data=1010 | cola=6908 | prio=10 | https://catalog.data.gov/dataset/baltimore-city-schools
[DATAGOV] t=3209.7s | pag=1084 | files=3528 | data=1011 | cola=6909 | prio=10 | https://catalog.data.gov/dataset/private-schools-623c0
[DATAGOV] t=3210.5s | pag=1085 | files=3528 | data=1012 | cola=6910 | prio=10 | https://catalog.data.gov/dataset/baltimore-city-qualified-census-tracts
[DATAGOV] t=3211.6s | pag=1086 | files=3528 | data=1013 | cola=6911 | prio=10 | https://catalog.data.gov/dataset/housing-and-building-permits-2015-to-2018
[DATAGOV] t=3212.7s | pag=1087 | files=3528 | data=1014 | cola=6913 | prio=10 | https://catalog.data.gov/dataset/minority-and-womens-business-enterprises-mbe-wbe-certification-data
[DATAGOV] t=3213.8s | pag=1088 | files=3528 | data=1015 | cola=6918 | prio=10 | https://catalog.data.gov/dataset/polling-place-a54f8
[DATAGOV] t=3215.0s | pag=1089 | files=3528 | data=1016 | cola=6922 | prio=10 | https://catalog.data.gov/dataset/police-station-ba798
[DATAGOV] t=3216.0s | pag=1090 | files=3528 | data=1017 | cola=6925 | prio=10 | https://catalog.data.gov/dataset/parcel
[DATAGOV] t=3216.9s | pag=1091 | files=3528 | data=1018 | cola=6928 | prio=10 | https://catalog.data.gov/dataset/police-department-baltimore-maryland-incident-report-3-28-2022
[DATAGOV] t=3217.8s | pag=1092 | files=3528 | data=1019 | cola=6931 | prio=10 | https://catalog.data.gov/dataset/environmental-citations
[DATAGOV] t=3218.9s | pag=1093 | files=3528 | data=1020 | cola=6933 | prio=10 | https://catalog.data.gov/dataset/baltimore-city-fire-department-leave-behind-naloxone-distribution
[DATAGOV] t=3220.1s | pag=1094 | files=3528 | data=1021 | cola=6934 | prio=10 | https://catalog.data.gov/dataset/911-behavioral-health-diversion
[DATAGOV] t=3221.4s | pag=1095 | files=3528 | data=1022 | cola=6935 | prio=10 | https://catalog.data.gov/dataset/police-department-baltimore-maryland-incident-report-7-5-2022
[DATAGOV] t=3222.2s | pag=1096 | files=3528 | data=1023 | cola=6935 | prio=10 | https://catalog.data.gov/dataset/police-department-baltimore-maryland-incident-report-6-21-2022
[DATAGOV] t=3224.1s | pag=1097 | files=3528 | data=1024 | cola=6935 | prio=10 | https://catalog.data.gov/dataset/police-department-baltimore-maryland-incident-report-8-10-2022
[DATAGOV] DATASETS=1025 | data_html_table | https://catalog.data.gov/dataset/police-department-baltimore-maryland-incident-report-8-10-2022
[DATAGOV] t=3224.8s | pag=1098 | files=3528 | data=1025 | cola=6936 | prio=10 | https://catalog.data.gov/dataset/adjudicated-property
[DATAGOV] t=3225.7s | pag=1099 | files=3531 | data=1026 | cola=6939 | prio=10 | https://catalog.data.gov/dataset/ebr-building-permits
[DATAGOV] t=3226.5s | pag=1100 | files=3534 | data=1027 | cola=6940 | prio=10 | https://catalog.data.gov/dataset/purchase-orders-and-contracts
[DATAGOV] t=3227.3s | pag=1101 | files=3537 | data=1028 | cola=6944 | prio=10 | https://catalog.data.gov/dataset/east-baton-rouge-parish-combined-crime-incidents
[DATAGOV] t=3228.4s | pag=1102 | files=3540 | data=1029 | cola=6945 | prio=10 | https://catalog.data.gov/dataset/ebrp-tax-roll
[DATAGOV] t=3229.3s | pag=1103 | files=3543 | data=1030 | cola=6946 | prio=10 | https://catalog.data.gov/dataset/animal-control-incidents
[DATAGOV] t=3230.5s | pag=1104 | files=3546 | data=1031 | cola=6951 | prio=10 | https://catalog.data.gov/dataset/retail-food-inspections
[DATAGOV] t=3231.5s | pag=1105 | files=3549 | data=1032 | cola=6951 | prio=10 | https://catalog.data.gov/dataset/sales-tax-collections
[DATAGOV] t=3232.5s | pag=1106 | files=3552 | data=1033 | cola=6953 | prio=10 | https://catalog.data.gov/dataset/city-parish-employee-annual-salaries
[DATAGOV] t=3233.4s | pag=1107 | files=3555 | data=1034 | cola=6953 | prio=10 | https://catalog.data.gov/dataset/legacy-purchase-orders
[DATAGOV] t=3234.1s | pag=1108 | files=3558 | data=1035 | cola=6953 | prio=10 | https://catalog.data.gov/dataset/city-parish-employees
[DATAGOV] t=3235.2s | pag=1109 | files=3561 | data=1036 | cola=6954 | prio=10 | https://catalog.data.gov/dataset/btr-airport-signatory-airlines-passenger-stats
[DATAGOV] t=3236.2s | pag=1110 | files=3564 | data=1037 | cola=6959 | prio=10 | https://catalog.data.gov/dataset/cdc-places-data-by-zip-code
[DATAGOV] t=3237.2s | pag=1111 | files=3567 | data=1038 | cola=6966 | prio=10 | https://catalog.data.gov/dataset/ebr-sheriffs-office-crime-incidents
[DATAGOV] t=3238.1s | pag=1112 | files=3570 | data=1039 | cola=6966 | prio=10 | https://catalog.data.gov/dataset/census-demographics
[DATAGOV] t=3238.7s | pag=1113 | files=3573 | data=1040 | cola=6966 | prio=10 | https://catalog.data.gov/dataset/utility-coverage-area
[DATAGOV] t=3240.3s | pag=1114 | files=3576 | data=1041 | cola=6970 | prio=10 | https://catalog.data.gov/dataset/businesses-registered-with-ebr-parish
[DATAGOV] t=3240.7s | pag=1115 | files=3579 | data=1042 | cola=6972 | prio=10 | https://catalog.data.gov/dataset/upcoming-procurement-opportunities
[DATAGOV] t=3241.6s | pag=1116 | files=3582 | data=1043 | cola=6974 | prio=10 | https://catalog.data.gov/dataset/justice-of-the-peace-district
[DATAGOV] t=3242.7s | pag=1117 | files=3585 | data=1044 | cola=6975 | prio=10 | https://catalog.data.gov/dataset/flood-hazard-area
[DATAGOV] t=3243.6s | pag=1118 | files=3588 | data=1045 | cola=6979 | prio=10 | https://catalog.data.gov/dataset/annual-compensation
[DATAGOV] t=3244.7s | pag=1119 | files=3591 | data=1046 | cola=6979 | prio=10 | https://catalog.data.gov/dataset/calls-for-service
[DATAGOV] t=3245.2s | pag=1120 | files=3594 | data=1047 | cola=6980 | prio=10 | https://catalog.data.gov/dataset/ems-dispatch-zones
[DATAGOV] t=3246.1s | pag=1121 | files=3597 | data=1048 | cola=6985 | prio=10 | https://catalog.data.gov/dataset/2018-fire-response-area-summary
[DATAGOV] t=3247.0s | pag=1122 | files=3600 | data=1049 | cola=6985 | prio=10 | https://catalog.data.gov/dataset/police-dispatch-zones
[DATAGOV] DATASETS=1050 | data_html_table | https://catalog.data.gov/dataset/police-dispatch-zones
[DATAGOV] t=3247.8s | pag=1123 | files=3603 | data=1050 | cola=6985 | prio=10 | https://catalog.data.gov/dataset/2016-2020-citations-data
[DATAGOV] t=3248.7s | pag=1124 | files=3606 | data=1051 | cola=6985 | prio=10 | https://catalog.data.gov/dataset/zoning-districts
[DATAGOV] t=3249.8s | pag=1125 | files=3609 | data=1052 | cola=6987 | prio=10 | https://catalog.data.gov/dataset/bikeways
[DATAGOV] t=3251.0s | pag=1126 | files=3612 | data=1053 | cola=6991 | prio=10 | https://catalog.data.gov/dataset/uav-flight-log
[DATAGOV] t=3251.9s | pag=1127 | files=3615 | data=1054 | cola=6994 | prio=10 | https://catalog.data.gov/dataset/community-survey
[DATAGOV] t=3252.9s | pag=1128 | files=3615 | data=1055 | cola=6994 | prio=10 | https://catalog.data.gov/dataset/registered-electric-vehicles
[DATAGOV] t=3253.7s | pag=1129 | files=3615 | data=1056 | cola=6995 | prio=10 | https://catalog.data.gov/dataset/treekeeper-inventory
[DATAGOV] t=3254.4s | pag=1130 | files=3618 | data=1057 | cola=6997 | prio=10 | https://catalog.data.gov/dataset/fire-hydrants
[DATAGOV] t=3255.3s | pag=1131 | files=3621 | data=1058 | cola=6999 | prio=10 | https://catalog.data.gov/dataset/traffic-calming
[DATAGOV] t=3256.1s | pag=1132 | files=3624 | data=1059 | cola=7001 | prio=10 | https://catalog.data.gov/dataset/sanitation-route-areas
[DATAGOV] t=3259.6s | pag=1133 | files=3627 | data=1060 | cola=7002 | prio=10 | https://catalog.data.gov/dataset/gis-map-panel-boundaries
[DATAGOV] t=3260.6s | pag=1134 | files=3630 | data=1061 | cola=7004 | prio=10 | https://catalog.data.gov/dataset/public-contracts
[DATAGOV] t=3261.6s | pag=1135 | files=3633 | data=1062 | cola=7005 | prio=10 | https://catalog.data.gov/dataset/waterbodies
[DATAGOV] t=3262.5s | pag=1136 | files=3636 | data=1063 | cola=7006 | prio=10 | https://catalog.data.gov/dataset/bloomington-entertainment-arts-district
[DATAGOV] t=3263.7s | pag=1137 | files=3639 | data=1064 | cola=7010 | prio=10 | https://catalog.data.gov/dataset/2019-public-fire-education-activity-summary
[DATAGOV] t=3264.3s | pag=1138 | files=3642 | data=1065 | cola=7010 | prio=10 | https://catalog.data.gov/dataset/cemeteries
[DATAGOV] t=3265.4s | pag=1139 | files=3642 | data=1066 | cola=7015 | prio=10 | https://catalog.data.gov/dataset/city-boundary
[DATAGOV] t=3265.8s | pag=1140 | files=3642 | data=1067 | cola=7015 | prio=10 | https://catalog.data.gov/dataset/level-of-service
[DATAGOV] t=3266.6s | pag=1141 | files=3642 | data=1068 | cola=7018 | prio=10 | https://catalog.data.gov/dataset/chesapeake-bay-preservation-act
[DATAGOV] t=3267.8s | pag=1142 | files=3642 | data=1069 | cola=7020 | prio=10 | https://catalog.data.gov/dataset/polling-places-536d9
[DATAGOV] t=3268.4s | pag=1143 | files=3642 | data=1070 | cola=7022 | prio=10 | https://catalog.data.gov/dataset/addresses-96db6
[DATAGOV] t=3269.1s | pag=1144 | files=3642 | data=1071 | cola=7023 | prio=10 | https://catalog.data.gov/dataset/development-tracking
[DATAGOV] t=3269.7s | pag=1145 | files=3642 | data=1072 | cola=7023 | prio=10 | https://catalog.data.gov/dataset/streets-18650
[DATAGOV] t=3270.7s | pag=1146 | files=3642 | data=1073 | cola=7023 | prio=10 | https://catalog.data.gov/dataset/neighborhoods-188ea
[DATAGOV] t=3271.8s | pag=1147 | files=3642 | data=1074 | cola=7024 | prio=10 | https://catalog.data.gov/dataset/city-facilities-4ed90
[DATAGOV] DATASETS=1075 | data_html_table | https://catalog.data.gov/dataset/city-facilities-4ed90
[DATAGOV] t=3272.9s | pag=1148 | files=3642 | data=1075 | cola=7024 | prio=10 | https://catalog.data.gov/dataset/watersheds-e7a3b
[DATAGOV] t=3273.5s | pag=1149 | files=3642 | data=1076 | cola=7025 | prio=10 | https://catalog.data.gov/dataset/crimes-2001-to-present
[DATAGOV] t=3274.5s | pag=1150 | files=3645 | data=1077 | cola=7025 | prio=10 | https://catalog.data.gov/dataset/traffic-crashes-crashes
[DATAGOV] t=3275.2s | pag=1151 | files=3648 | data=1078 | cola=7027 | prio=10 | https://catalog.data.gov/dataset/current-employee-names-salaries-and-position-titles
[DATAGOV] t=3275.8s | pag=1152 | files=3651 | data=1079 | cola=7028 | prio=10 | https://catalog.data.gov/dataset/cta-ridership-l-station-entries-monthly-day-type-averages-totals
[DATAGOV] t=3276.6s | pag=1153 | files=3654 | data=1080 | cola=7031 | prio=10 | https://catalog.data.gov/dataset/food-inspections
[DATAGOV] t=3277.4s | pag=1154 | files=3657 | data=1081 | cola=7032 | prio=10 | https://catalog.data.gov/dataset/parking-permit-zones
[DATAGOV] t=3278.1s | pag=1155 | files=3660 | data=1082 | cola=7033 | prio=10 | https://catalog.data.gov/dataset/inpatient-emergency-department-and-outpatient-visits-for-respiratory-illnesses
[DATAGOV] t=3278.7s | pag=1156 | files=3663 | data=1083 | cola=7036 | prio=10 | https://catalog.data.gov/dataset/business-licenses
[DATAGOV] t=3279.6s | pag=1157 | files=3666 | data=1084 | cola=7036 | prio=10 | https://catalog.data.gov/dataset/taxi-trips-2024
[DATAGOV] t=3280.4s | pag=1158 | files=3669 | data=1085 | cola=7037 | prio=10 | https://catalog.data.gov/dataset/acs-5-year-data-by-community-area
[DATAGOV] t=3281.1s | pag=1159 | files=3672 | data=1086 | cola=7038 | prio=10 | https://catalog.data.gov/dataset/arrests
[DATAGOV] t=3281.8s | pag=1160 | files=3675 | data=1087 | cola=7038 | prio=10 | https://catalog.data.gov/dataset/budget-2026-budget-recommendations-positions-and-salaries
[DATAGOV] t=3282.7s | pag=1161 | files=3678 | data=1088 | cola=7039 | prio=10 | https://catalog.data.gov/dataset/cta-ridership-bus-routes-monthly-day-type-averages-totals
[DATAGOV] t=3283.9s | pag=1162 | files=3681 | data=1089 | cola=7039 | prio=10 | https://catalog.data.gov/dataset/employee-payroll-data-fmps-payroll-costing
[DATAGOV] t=3284.7s | pag=1163 | files=3684 | data=1090 | cola=7042 | prio=10 | https://catalog.data.gov/dataset/transportation-network-providers-trips-2025
[DATAGOV] t=3285.8s | pag=1164 | files=3687 | data=1091 | cola=7047 | prio=10 | https://catalog.data.gov/dataset/chicago-traffic-tracker-congestion-estimates-by-segments
[DATAGOV] t=3286.8s | pag=1165 | files=3690 | data=1092 | cola=7049 | prio=10 | https://catalog.data.gov/dataset/311-service-requests
[DATAGOV] t=3287.5s | pag=1166 | files=3693 | data=1093 | cola=7051 | prio=10 | https://catalog.data.gov/dataset/chicago-police-department-illinois-uniform-crime-reporting-iucr-codes
[DATAGOV] t=3288.7s | pag=1167 | files=3696 | data=1094 | cola=7051 | prio=10 | https://catalog.data.gov/dataset/divvy-trips
[DATAGOV] t=3289.5s | pag=1168 | files=3699 | data=1095 | cola=7053 | prio=10 | https://catalog.data.gov/dataset/traffic-crashes-vehicles
[DATAGOV] t=3290.4s | pag=1169 | files=3702 | data=1096 | cola=7053 | prio=10 | https://catalog.data.gov/dataset/hardest-hit-fund-areas-with-expansion
[DATAGOV] t=3291.1s | pag=1170 | files=3702 | data=1097 | cola=7061 | prio=10 | https://catalog.data.gov/dataset/michigan-house-of-representatives-electoral-districts-2010
[DATAGOV] t=3292.3s | pag=1171 | files=3702 | data=1098 | cola=7067 | prio=10 | https://catalog.data.gov/dataset/downtown-detroit-parking-lots-decks-2012
[DATAGOV] t=3292.9s | pag=1172 | files=3702 | data=1099 | cola=7073 | prio=10 | https://catalog.data.gov/dataset/likely-public-ownership-2013-14
[DATAGOV] DATASETS=1100 | data_html_table | https://catalog.data.gov/dataset/likely-public-ownership-2013-14
[DATAGOV] t=3293.7s | pag=1173 | files=3702 | data=1100 | cola=7078 | prio=10 | https://catalog.data.gov/dataset/births-byzip-2013-93945
[DATAGOV] t=3294.7s | pag=1174 | files=3702 | data=1101 | cola=7084 | prio=10 | https://catalog.data.gov/dataset/ferndale-fleet-fuel-enconomy
[DATAGOV] t=3295.5s | pag=1175 | files=3702 | data=1102 | cola=7086 | prio=10 | https://catalog.data.gov/dataset/income-to-poverty-ratios-in-michigan-by-census-tract-2013
[DATAGOV] t=3296.4s | pag=1176 | files=3702 | data=1103 | cola=7093 | prio=10 | https://catalog.data.gov/dataset/dlba-side-lot-sales-as-of-march-2015
[DATAGOV] t=3297.7s | pag=1177 | files=3702 | data=1104 | cola=7097 | prio=10 | https://catalog.data.gov/dataset/elementary-schools-by-top-to-bottom-percentile-2013-14
[DATAGOV] t=3298.2s | pag=1178 | files=3702 | data=1105 | cola=7104 | prio=10 | https://catalog.data.gov/dataset/graduationrates-bytract-08312017
[DATAGOV] t=3299.2s | pag=1179 | files=3702 | data=1106 | cola=7112 | prio=10 | https://catalog.data.gov/dataset/vacancy-index-november-2014-aggregated
[DATAGOV] t=3300.4s | pag=1180 | files=3702 | data=1107 | cola=7114 | prio=10 | https://catalog.data.gov/dataset/archival-tax-foreclosures-in-detroit-2002-2013
[DATAGOV] t=3301.4s | pag=1181 | files=3702 | data=1108 | cola=7116 | prio=10 | https://catalog.data.gov/dataset/detroit-hospitals
[DATAGOV] t=3302.6s | pag=1182 | files=3702 | data=1109 | cola=7120 | prio=10 | https://catalog.data.gov/dataset/brownfields
[DATAGOV] t=3303.5s | pag=1183 | files=3702 | data=1110 | cola=7125 | prio=10 | https://catalog.data.gov/dataset/income-to-poverty-ratios-in-michigan-by-zip-code-tabulation-area-2013
[DATAGOV] t=3304.2s | pag=1184 | files=3702 | data=1111 | cola=7127 | prio=10 | https://catalog.data.gov/dataset/acs-14-5yr-b01001
[DATAGOV] t=3305.4s | pag=1185 | files=3702 | data=1112 | cola=7134 | prio=10 | https://catalog.data.gov/dataset/restaurants-greaterdowntown
[DATAGOV] t=3306.2s | pag=1186 | files=3702 | data=1113 | cola=7138 | prio=10 | https://catalog.data.gov/dataset/percent-household-income-100000-or-more
[DATAGOV] t=3306.8s | pag=1187 | files=3702 | data=1114 | cola=7141 | prio=10 | https://catalog.data.gov/dataset/land-survey-parcels-2017
[DATAGOV] t=3308.1s | pag=1188 | files=3702 | data=1115 | cola=7147 | prio=10 | https://catalog.data.gov/dataset/greater-detroit-foreign-trade-zone-sites
[DATAGOV] t=3308.8s | pag=1189 | files=3702 | data=1116 | cola=7147 | prio=10 | https://catalog.data.gov/dataset/real-estate-sales-10012020-to-current
[DATAGOV] t=3309.8s | pag=1190 | files=3702 | data=1117 | cola=7149 | prio=10 | https://catalog.data.gov/dataset/city-owned-property
[DATAGOV] t=3310.4s | pag=1191 | files=3702 | data=1118 | cola=7152 | prio=10 | https://catalog.data.gov/dataset/police-incidents-current-year-to-10-days-before-the-current-date
[DATAGOV] t=3311.2s | pag=1192 | files=3702 | data=1119 | cola=7153 | prio=10 | https://catalog.data.gov/dataset/curb
[DATAGOV] t=3312.3s | pag=1193 | files=3702 | data=1120 | cola=7156 | prio=10 | https://catalog.data.gov/dataset/parcel-lines
[DATAGOV] t=3313.2s | pag=1194 | files=3702 | data=1121 | cola=7157 | prio=10 | https://catalog.data.gov/dataset/town-line-city
[DATAGOV] t=3314.1s | pag=1195 | files=3702 | data=1122 | cola=7159 | prio=10 | https://catalog.data.gov/dataset/business-improvement-district
[DATAGOV] t=3314.9s | pag=1196 | files=3702 | data=1123 | cola=7161 | prio=10 | https://catalog.data.gov/dataset/census-2010-block-group
[DATAGOV] t=3315.5s | pag=1197 | files=3702 | data=1124 | cola=7162 | prio=10 | https://catalog.data.gov/dataset/golf-course
[DATAGOV] DATASETS=1125 | data_html_table | https://catalog.data.gov/dataset/golf-course
[DATAGOV] t=3316.1s | pag=1198 | files=3702 | data=1125 | cola=7164 | prio=10 | https://catalog.data.gov/dataset/parcels-with-property-owners
[DATAGOV] t=3317.2s | pag=1199 | files=3702 | data=1126 | cola=7165 | prio=10 | https://catalog.data.gov/dataset/police-911-calls-for-service-05122021-to-12312021
[DATAGOV] t=3318.3s | pag=1200 | files=3702 | data=1127 | cola=7165 | prio=10 | https://catalog.data.gov/dataset/zoning-districts-60ed0
[DATAGOV] t=3319.4s | pag=1201 | files=3702 | data=1128 | cola=7165 | prio=10 | https://catalog.data.gov/dataset/fema-flood-zones
[DATAGOV] t=3320.2s | pag=1202 | files=3702 | data=1129 | cola=7167 | prio=10 | https://catalog.data.gov/dataset/police-911-call-for-service-01012021-to-05112021
[DATAGOV] t=3320.9s | pag=1203 | files=3702 | data=1130 | cola=7167 | prio=10 | https://catalog.data.gov/dataset/neighborhood-districts
[DATAGOV] t=3322.0s | pag=1204 | files=3702 | data=1131 | cola=7168 | prio=10 | https://catalog.data.gov/dataset/police-incidents-01012024-to-12312024
[DATAGOV] t=3322.8s | pag=1205 | files=3702 | data=1132 | cola=7168 | prio=10 | https://catalog.data.gov/dataset/police-calls-for-service-01012024-to-12312024
[DATAGOV] t=3323.6s | pag=1206 | files=3702 | data=1133 | cola=7168 | prio=10 | https://catalog.data.gov/dataset/police-911-calls-for-service-01012023-to-12312023
[DATAGOV] t=3324.7s | pag=1207 | files=3702 | data=1134 | cola=7168 | prio=10 | https://catalog.data.gov/dataset/code-enforcement-20200101-to-current
[DATAGOV] t=3325.6s | pag=1208 | files=3702 | data=1135 | cola=7169 | prio=10 | https://catalog.data.gov/dataset/5-foot-contours
[DATAGOV] t=3326.7s | pag=1209 | files=3702 | data=1136 | cola=7171 | prio=10 | https://catalog.data.gov/dataset/hawaii-business-registration
[DATAGOV] t=3327.8s | pag=1210 | files=3705 | data=1137 | cola=7171 | prio=10 | https://catalog.data.gov/dataset/basemap-for-city-and-county-of-honolulu
[DATAGOV] t=3328.6s | pag=1211 | files=3705 | data=1138 | cola=7171 | prio=10 | https://catalog.data.gov/dataset/road-repaving-rehabilitation
[DATAGOV] t=3329.7s | pag=1212 | files=3705 | data=1139 | cola=7172 | prio=10 | https://catalog.data.gov/dataset/adopted-fy15-budget
[DATAGOV] t=3330.5s | pag=1213 | files=3708 | data=1140 | cola=7175 | prio=10 | https://catalog.data.gov/dataset/proposed-fy17-budget
[DATAGOV] t=3331.8s | pag=1214 | files=3711 | data=1141 | cola=7177 | prio=10 | https://catalog.data.gov/dataset/proposed-fy23-budget
[DATAGOV] t=3332.5s | pag=1215 | files=3714 | data=1142 | cola=7179 | prio=10 | https://catalog.data.gov/dataset/adopted-fy25-budget
[DATAGOV] t=3333.5s | pag=1216 | files=3717 | data=1143 | cola=7181 | prio=10 | https://catalog.data.gov/dataset/exceptional-trees-on-oahu
[DATAGOV] t=3334.4s | pag=1217 | files=3720 | data=1144 | cola=7182 | prio=10 | https://catalog.data.gov/dataset/bike-rack-locations-by-area
[DATAGOV] t=3335.3s | pag=1218 | files=3723 | data=1145 | cola=7184 | prio=10 | https://catalog.data.gov/dataset/adopted-fy18-budget
[DATAGOV] t=3336.4s | pag=1219 | files=3726 | data=1146 | cola=7185 | prio=10 | https://catalog.data.gov/dataset/adopted-fy19-budget
[DATAGOV] t=3337.4s | pag=1220 | files=3729 | data=1147 | cola=7186 | prio=10 | https://catalog.data.gov/dataset/abandoned-vehicles
[DATAGOV] t=3338.5s | pag=1221 | files=3732 | data=1148 | cola=7186 | prio=10 | https://catalog.data.gov/dataset/adopted-fy21-budget
[DATAGOV] t=3339.3s | pag=1222 | files=3735 | data=1149 | cola=7188 | prio=10 | https://catalog.data.gov/dataset/proposed-fy26-budget
[DATAGOV] DATASETS=1150 | data_html_table | https://catalog.data.gov/dataset/proposed-fy26-budget
[DATAGOV] t=3340.1s | pag=1223 | files=3738 | data=1150 | cola=7190 | prio=10 | https://catalog.data.gov/dataset/hnl-311-reports
[DATAGOV] t=3341.2s | pag=1224 | files=3741 | data=1151 | cola=7190 | prio=10 | https://catalog.data.gov/dataset/storm-water-system
[DATAGOV] t=3342.3s | pag=1225 | files=3741 | data=1152 | cola=7190 | prio=10 | https://catalog.data.gov/dataset/proposed-fy24-budget
[DATAGOV] t=3342.9s | pag=1226 | files=3744 | data=1153 | cola=7191 | prio=10 | https://catalog.data.gov/dataset/hanauma-bay-expenditures-fy16-2016-01-08
[DATAGOV] t=3343.7s | pag=1227 | files=3744 | data=1154 | cola=7192 | prio=10 | https://catalog.data.gov/dataset/proposed-fy27-budget
[DATAGOV] t=3344.4s | pag=1228 | files=3747 | data=1155 | cola=7194 | prio=10 | https://catalog.data.gov/dataset/adopted-fy20-budget
[DATAGOV] t=3345.6s | pag=1229 | files=3750 | data=1156 | cola=7196 | prio=10 | https://catalog.data.gov/dataset/motor-vehicle-collisions-crashes
[DATAGOV] t=3346.2s | pag=1230 | files=3753 | data=1157 | cola=7200 | prio=10 | https://catalog.data.gov/dataset/nyc-historical-vital-records-index-to-digitized-death-certificates
[DATAGOV] t=3346.9s | pag=1231 | files=3756 | data=1158 | cola=7205 | prio=10 | https://catalog.data.gov/dataset/graduation-results-for-cohorts-2012-to-2019-classes-of-2016-to-2023
[DATAGOV] t=3347.5s | pag=1232 | files=3759 | data=1159 | cola=7210 | prio=10 | https://catalog.data.gov/dataset/air-quality
[DATAGOV] t=3348.2s | pag=1233 | files=3762 | data=1160 | cola=7214 | prio=10 | https://catalog.data.gov/dataset/311-service-requests-from-2010-to-present
[DATAGOV] t=3348.9s | pag=1234 | files=3765 | data=1161 | cola=7220 | prio=10 | https://catalog.data.gov/dataset/nyc-historical-vital-records-index-to-digitized-birth-certificates
[DATAGOV] t=3350.2s | pag=1235 | files=3768 | data=1162 | cola=7221 | prio=10 | https://catalog.data.gov/dataset/nypd-arrest-data-year-to-date
[DATAGOV] t=3351.3s | pag=1236 | files=3771 | data=1163 | cola=7222 | prio=10 | https://catalog.data.gov/dataset/dohmh-new-york-city-restaurant-inspection-results
[DATAGOV] t=3352.2s | pag=1237 | files=3774 | data=1164 | cola=7226 | prio=10 | https://catalog.data.gov/dataset/2023-yellow-taxi-trip-data
[DATAGOV] t=3353.2s | pag=1238 | files=3777 | data=1165 | cola=7234 | prio=10 | https://catalog.data.gov/dataset/new-york-city-leading-causes-of-death
[DATAGOV] t=3354.1s | pag=1239 | files=3780 | data=1166 | cola=7237 | prio=10 | https://catalog.data.gov/dataset/nyc-climate-budgeting-report-climate-alignment-assessment-and-capital-climate-investments
[DATAGOV] t=3355.1s | pag=1240 | files=3783 | data=1167 | cola=7241 | prio=10 | https://catalog.data.gov/dataset/nyc-cooling-tower-registrations
[DATAGOV] t=3356.2s | pag=1241 | files=3786 | data=1168 | cola=7243 | prio=10 | https://catalog.data.gov/dataset/ems-incident-dispatch-data
[DATAGOV] t=3357.1s | pag=1242 | files=3789 | data=1169 | cola=7244 | prio=10 | https://catalog.data.gov/dataset/primary-land-use-tax-lot-output-pluto
[DATAGOV] t=3357.8s | pag=1243 | files=3792 | data=1170 | cola=7250 | prio=10 | https://catalog.data.gov/dataset/cool-it-nyc-2020-drinking-fountains
[DATAGOV] t=3358.9s | pag=1244 | files=3795 | data=1171 | cola=7253 | prio=10 | https://catalog.data.gov/dataset/tax-lien-sale-lists
[DATAGOV] t=3360.1s | pag=1245 | files=3798 | data=1172 | cola=7258 | prio=10 | https://catalog.data.gov/dataset/nypd-officer-profile-members-of-service
[DATAGOV] t=3361.1s | pag=1246 | files=3801 | data=1173 | cola=7264 | prio=10 | https://catalog.data.gov/dataset/civil-service-list-active
[DATAGOV] t=3361.9s | pag=1247 | files=3804 | data=1174 | cola=7272 | prio=10 | https://catalog.data.gov/dataset/nypd-arrests-data-historic
[DATAGOV] DATASETS=1175 | data_html_table | https://catalog.data.gov/dataset/nypd-arrests-data-historic
[DATAGOV] t=3362.9s | pag=1248 | files=3807 | data=1175 | cola=7272 | prio=10 | https://catalog.data.gov/dataset/electric-vehicle-ev-charging-data-municipal-lots-and-garages
[DATAGOV] t=3364.0s | pag=1249 | files=3810 | data=1176 | cola=7276 | prio=10 | https://catalog.data.gov/dataset/crime-incidents
[DATAGOV] t=3365.0s | pag=1250 | files=3810 | data=1177 | cola=7277 | prio=10 | https://catalog.data.gov/dataset/census-acs-5-year-estimates-philadelphia
[DATAGOV] t=3365.9s | pag=1251 | files=3810 | data=1178 | cola=7279 | prio=10 | https://catalog.data.gov/dataset/septa-ridership-statistics
[DATAGOV] t=3366.8s | pag=1252 | files=3810 | data=1179 | cola=7280 | prio=10 | https://catalog.data.gov/dataset/school-performance
[DATAGOV] t=3445.9s | pag=1253 | files=3853 | data=1180 | cola=7284 | prio=10 | https://catalog.data.gov/dataset/licenses-and-inspections-business-licenses
[DATAGOV] t=3447.0s | pag=1254 | files=3853 | data=1181 | cola=7287 | prio=10 | https://catalog.data.gov/dataset/philadelphia-neighborhoods
[DATAGOV] t=3449.1s | pag=1255 | files=3854 | data=1182 | cola=7287 | prio=10 | https://catalog.data.gov/dataset/school-district-pssa-keystone-performance
[DATAGOV] t=3684.1s | pag=1256 | files=3869 | data=1183 | cola=7292 | prio=10 | https://catalog.data.gov/dataset/school-enrollment-and-demographics
[DATAGOV] t=3716.2s | pag=1257 | files=3900 | data=1184 | cola=7293 | prio=10 | https://catalog.data.gov/dataset/school-district-school-lists
[DATAGOV] t=3716.8s | pag=1258 | files=3912 | data=1185 | cola=7293 | prio=10 | https://catalog.data.gov/dataset/pennypack-park-trail-map
[DATAGOV] t=3719.1s | pag=1259 | files=3913 | data=1186 | cola=7296 | prio=10 | https://catalog.data.gov/dataset/school-selection-information
[DATAGOV] t=3719.9s | pag=1260 | files=3928 | data=1187 | cola=7297 | prio=10 | https://catalog.data.gov/dataset/311-service-and-information-requests
[DATAGOV] t=3720.9s | pag=1261 | files=3928 | data=1188 | cola=7300 | prio=10 | https://catalog.data.gov/dataset/school-district-school-progress-report-data
[DATAGOV] t=3737.6s | pag=1262 | files=3943 | data=1189 | cola=7300 | prio=10 | https://catalog.data.gov/dataset/licenses-and-inspections-building-and-zoning-permits
[DATAGOV] t=3738.4s | pag=1263 | files=3943 | data=1190 | cola=7300 | prio=10 | https://catalog.data.gov/dataset/licenses-and-inspections-code-violations
[DATAGOV] t=3739.2s | pag=1264 | files=3943 | data=1191 | cola=7303 | prio=10 | https://catalog.data.gov/dataset/septa-metro-apis
[DATAGOV] t=3739.8s | pag=1265 | files=3943 | data=1192 | cola=7304 | prio=10 | https://catalog.data.gov/dataset/school-meals-and-nutrition
[DATAGOV] t=3740.7s | pag=1266 | files=3950 | data=1193 | cola=7306 | prio=10 | https://catalog.data.gov/dataset/licenses-and-inspections-bee-case-inspections
[DATAGOV] t=3741.3s | pag=1267 | files=3950 | data=1194 | cola=7306 | prio=10 | https://catalog.data.gov/dataset/septa-real-time-map
[DATAGOV] t=3742.1s | pag=1268 | files=3950 | data=1195 | cola=7306 | prio=10 | https://catalog.data.gov/dataset/youth-risk-behavior-survey-yrbs
[DATAGOV] t=3742.8s | pag=1269 | files=3956 | data=1196 | cola=7307 | prio=10 | https://catalog.data.gov/dataset/providence-police-case-log-past-180-days
[DATAGOV] t=3743.3s | pag=1270 | files=3959 | data=1197 | cola=7307 | prio=10 | https://catalog.data.gov/dataset/2025-property-tax-roll
[DATAGOV] t=3744.3s | pag=1271 | files=3962 | data=1198 | cola=7308 | prio=10 | https://catalog.data.gov/dataset/providence-home-directories-1895-1935
[DATAGOV] t=3745.0s | pag=1272 | files=3986 | data=1199 | cola=7310 | prio=10 | https://catalog.data.gov/dataset/providence-police-department-arrests-and-citations-past-60-days
[DATAGOV] DATASETS=1200 | data_html_table | https://catalog.data.gov/dataset/providence-police-department-arrests-and-citations-past-60-days
[DATAGOV] t=3746.0s | pag=1273 | files=3989 | data=1200 | cola=7310 | prio=10 | https://catalog.data.gov/dataset/city-of-providence-pension-payroll
[DATAGOV] t=3746.9s | pag=1274 | files=3992 | data=1201 | cola=7310 | prio=10 | https://catalog.data.gov/dataset/2018-property-tax-roll
[DATAGOV] t=3747.9s | pag=1275 | files=3995 | data=1202 | cola=7310 | prio=10 | https://catalog.data.gov/dataset/snap-vendor-list
[DATAGOV] t=3748.6s | pag=1276 | files=3998 | data=1203 | cola=7312 | prio=10 | https://catalog.data.gov/dataset/2024-property-tax-roll
[DATAGOV] t=3749.5s | pag=1277 | files=4001 | data=1204 | cola=7312 | prio=10 | https://catalog.data.gov/dataset/2019-property-tax-roll
[DATAGOV] t=3750.8s | pag=1278 | files=4004 | data=1205 | cola=7312 | prio=10 | https://catalog.data.gov/dataset/pvd-enterprise-zones
[DATAGOV] t=3751.9s | pag=1279 | files=4007 | data=1206 | cola=7315 | prio=10 | https://catalog.data.gov/dataset/2021-property-tax-roll
[DATAGOV] t=3752.9s | pag=1280 | files=4010 | data=1207 | cola=7315 | prio=10 | https://catalog.data.gov/dataset/2015-property-tax-roll
[DATAGOV] t=3753.9s | pag=1281 | files=4013 | data=1208 | cola=7315 | prio=10 | https://catalog.data.gov/dataset/2023-property-tax-roll
[DATAGOV] t=3754.7s | pag=1282 | files=4016 | data=1209 | cola=7315 | prio=10 | https://catalog.data.gov/dataset/mobile-food-establishments
[DATAGOV] t=3755.5s | pag=1283 | files=4019 | data=1210 | cola=7317 | prio=10 | https://catalog.data.gov/dataset/zip-codes
[DATAGOV] t=3756.7s | pag=1284 | files=4022 | data=1211 | cola=7320 | prio=10 | https://catalog.data.gov/dataset/fy2022-proposed-city-budget-book
[DATAGOV] t=3757.5s | pag=1285 | files=4025 | data=1212 | cola=7321 | prio=10 | https://catalog.data.gov/dataset/providence-tree-inventory
[DATAGOV] t=3758.2s | pag=1286 | files=4028 | data=1213 | cola=7321 | prio=10 | https://catalog.data.gov/dataset/city-of-providence-revenue-budget
[DATAGOV] t=3759.0s | pag=1287 | files=4031 | data=1214 | cola=7321 | prio=10 | https://catalog.data.gov/dataset/2008-property-tax-roll
[DATAGOV] t=3759.9s | pag=1288 | files=4034 | data=1215 | cola=7321 | prio=10 | https://catalog.data.gov/dataset/providence-food-system-snapshot-2018
[DATAGOV] t=3760.5s | pag=1289 | files=4037 | data=1216 | cola=7321 | prio=10 | https://catalog.data.gov/dataset/air-traffic-passenger-statistics
[DATAGOV] t=3761.5s | pag=1290 | files=4040 | data=1217 | cola=7323 | prio=10 | https://catalog.data.gov/dataset/employee-compensation
[DATAGOV] t=3762.2s | pag=1291 | files=4043 | data=1218 | cola=7327 | prio=10 | https://catalog.data.gov/dataset/supplier-contracts
[DATAGOV] t=3763.0s | pag=1292 | files=4046 | data=1219 | cola=7333 | prio=10 | https://catalog.data.gov/dataset/fire-department-and-emergency-medical-services-dispatched-calls-for-service
[DATAGOV] t=3763.8s | pag=1293 | files=4049 | data=1220 | cola=7335 | prio=10 | https://catalog.data.gov/dataset/police-department-incident-reports-2018-to-present
[DATAGOV] t=3764.5s | pag=1294 | files=4052 | data=1221 | cola=7338 | prio=10 | https://catalog.data.gov/dataset/air-traffic-landings-statistics
[DATAGOV] t=3765.2s | pag=1295 | files=4055 | data=1222 | cola=7342 | prio=10 | https://catalog.data.gov/dataset/registered-business-locations-san-francisco
[DATAGOV] t=3766.3s | pag=1296 | files=4058 | data=1223 | cola=7342 | prio=10 | https://catalog.data.gov/dataset/san-francisco-property-information-map
[DATAGOV] t=3767.4s | pag=1297 | files=4058 | data=1224 | cola=7343 | prio=10 | https://catalog.data.gov/dataset/film-locations-in-san-francisco
[DATAGOV] DATASETS=1225 | data_html_table | https://catalog.data.gov/dataset/film-locations-in-san-francisco
[DATAGOV] t=3768.2s | pag=1298 | files=4061 | data=1225 | cola=7348 | prio=10 | https://catalog.data.gov/dataset/speed-limits-per-street-segment
[DATAGOV] t=3768.9s | pag=1299 | files=4064 | data=1226 | cola=7351 | prio=10 | https://catalog.data.gov/dataset/call-center-metrics-for-the-health-service-system
[DATAGOV] t=3769.7s | pag=1300 | files=4067 | data=1227 | cola=7353 | prio=10 | https://catalog.data.gov/dataset/vendor-payments-purchase-order-summary
[DATAGOV] t=3770.4s | pag=1301 | files=4070 | data=1228 | cola=7359 | prio=10 | https://catalog.data.gov/dataset/san-francisco-development-pipeline
[DATAGOV] t=3771.4s | pag=1302 | files=4073 | data=1229 | cola=7360 | prio=10 | https://catalog.data.gov/dataset/purchasing-commodity-data
[DATAGOV] t=3772.2s | pag=1303 | files=4076 | data=1230 | cola=7360 | prio=10 | https://catalog.data.gov/dataset/311-cases
[DATAGOV] t=3773.1s | pag=1304 | files=4079 | data=1231 | cola=7363 | prio=10 | https://catalog.data.gov/dataset/petitions-to-the-rent-board
[DATAGOV] t=3773.9s | pag=1305 | files=4082 | data=1232 | cola=7364 | prio=10 | https://catalog.data.gov/dataset/street-sweeping-schedule
[DATAGOV] t=3774.8s | pag=1306 | files=4085 | data=1233 | cola=7368 | prio=10 | https://catalog.data.gov/dataset/library-usage
[DATAGOV] t=3775.4s | pag=1307 | files=4088 | data=1234 | cola=7369 | prio=10 | https://catalog.data.gov/dataset/vendor-payments-vouchers
[DATAGOV] t=3776.3s | pag=1308 | files=4091 | data=1235 | cola=7370 | prio=10 | https://catalog.data.gov/dataset/police-department-incident-reports-historical-2003-to-may-2018
[DATAGOV] t=3777.3s | pag=1309 | files=4094 | data=1236 | cola=7370 | prio=10 | https://catalog.data.gov/dataset/call-data
[DATAGOV] t=3778.0s | pag=1310 | files=4097 | data=1237 | cola=7371 | prio=10 | https://catalog.data.gov/dataset/apartment-market-rent-prices-by-census-tract
[DATAGOV] t=3778.6s | pag=1311 | files=4097 | data=1238 | cola=7373 | prio=10 | https://catalog.data.gov/dataset/seattle-real-time-fire-911-calls
[DATAGOV] t=3779.7s | pag=1312 | files=4100 | data=1239 | cola=7376 | prio=10 | https://catalog.data.gov/dataset/building-energy-benchmarking-data-2015-present
[DATAGOV] t=3780.5s | pag=1313 | files=4103 | data=1240 | cola=7380 | prio=10 | https://catalog.data.gov/dataset/underground-storage-tank-ust-records-residential
[DATAGOV] t=3781.6s | pag=1314 | files=4106 | data=1241 | cola=7385 | prio=10 | https://catalog.data.gov/dataset/city-of-seattle-wage-data
[DATAGOV] t=3782.7s | pag=1315 | files=4109 | data=1242 | cola=7389 | prio=10 | https://catalog.data.gov/dataset/football-fields
[DATAGOV] t=3783.5s | pag=1316 | files=4109 | data=1243 | cola=7393 | prio=10 | https://catalog.data.gov/dataset/seattle-neighborhoods-top-50-american-community-survey-data
[DATAGOV] t=3784.5s | pag=1317 | files=4109 | data=1244 | cola=7398 | prio=10 | https://catalog.data.gov/dataset/building-permits
[DATAGOV] t=3785.3s | pag=1318 | files=4112 | data=1245 | cola=7403 | prio=10 | https://catalog.data.gov/dataset/king-county-assessor-residential-unit-types-and-sizes
[DATAGOV] t=3786.5s | pag=1319 | files=4112 | data=1246 | cola=7405 | prio=10 | https://catalog.data.gov/dataset/spray-parks
[DATAGOV] t=3787.4s | pag=1320 | files=4112 | data=1247 | cola=7407 | prio=10 | https://catalog.data.gov/dataset/play-area
[DATAGOV] t=3788.3s | pag=1321 | files=4112 | data=1248 | cola=7408 | prio=10 | https://catalog.data.gov/dataset/spd-arrest-data
[DATAGOV] t=3789.5s | pag=1322 | files=4115 | data=1249 | cola=7410 | prio=10 | https://catalog.data.gov/dataset/discrimination-case-settlements-by-month-2017-present
[DATAGOV] DATASETS=1250 | data_html_table | https://catalog.data.gov/dataset/discrimination-case-settlements-by-month-2017-present
[DATAGOV] t=3790.5s | pag=1323 | files=4118 | data=1250 | cola=7411 | prio=10 | https://catalog.data.gov/dataset/basketball-court-points
[DATAGOV] t=3791.8s | pag=1324 | files=4118 | data=1251 | cola=7413 | prio=10 | https://catalog.data.gov/dataset/neighborhood-map-atlas-neighborhoods
[DATAGOV] t=3792.4s | pag=1325 | files=4118 | data=1252 | cola=7413 | prio=10 | https://catalog.data.gov/dataset/spu-solid-waste-tons-and-trips-data
[DATAGOV] t=3793.4s | pag=1326 | files=4121 | data=1253 | cola=7420 | prio=10 | https://catalog.data.gov/dataset/paid-parking-transaction-data
[DATAGOV] t=3794.5s | pag=1327 | files=4124 | data=1254 | cola=7424 | prio=10 | https://catalog.data.gov/dataset/light-rail-stations
[DATAGOV] t=3795.4s | pag=1328 | files=4124 | data=1255 | cola=7428 | prio=10 | https://catalog.data.gov/dataset/technology-access-and-adoption-survey-2023
[DATAGOV] t=3796.6s | pag=1329 | files=4127 | data=1256 | cola=7431 | prio=10 | https://catalog.data.gov/dataset/city-of-sioux-falls-traffic-camera-viewer
[DATAGOV] t=3797.5s | pag=1330 | files=4127 | data=1257 | cola=7439 | prio=10 | https://catalog.data.gov/dataset/city-limits-a1ea8
[DATAGOV] t=3798.4s | pag=1331 | files=4127 | data=1258 | cola=7441 | prio=10 | https://catalog.data.gov/dataset/restaurant-sites
[DATAGOV] t=3799.2s | pag=1332 | files=4127 | data=1259 | cola=7443 | prio=10 | https://catalog.data.gov/dataset/fire-incidents
[DATAGOV] t=3799.9s | pag=1333 | files=4127 | data=1260 | cola=7445 | prio=10 | https://catalog.data.gov/dataset/city-of-sioux-falls-mosquito-spray-zone-tracker
[DATAGOV] t=3800.8s | pag=1334 | files=4127 | data=1261 | cola=7446 | prio=10 | https://catalog.data.gov/dataset/city-of-sioux-falls-crime-viewer
[DATAGOV] t=3801.6s | pag=1335 | files=4127 | data=1262 | cola=7446 | prio=10 | https://catalog.data.gov/dataset/city-of-sioux-falls-pavement-condition-index-pci
[DATAGOV] t=3802.3s | pag=1336 | files=4127 | data=1263 | cola=7450 | prio=10 | https://catalog.data.gov/dataset/surface-water-quality-monitoring-data
[DATAGOV] t=3802.9s | pag=1337 | files=4127 | data=1264 | cola=7453 | prio=10 | https://catalog.data.gov/dataset/water-pressure-2021
[DATAGOV] t=3803.8s | pag=1338 | files=4127 | data=1265 | cola=7454 | prio=10 | https://catalog.data.gov/dataset/traffic-counts
[DATAGOV] t=3804.9s | pag=1339 | files=4127 | data=1266 | cola=7455 | prio=10 | https://catalog.data.gov/dataset/city-of-sioux-falls-historic-imagery-viewer
[DATAGOV] t=3805.7s | pag=1340 | files=4127 | data=1267 | cola=7457 | prio=10 | https://catalog.data.gov/dataset/css
[DATAGOV] t=3806.4s | pag=1341 | files=4127 | data=1268 | cola=7461 | prio=10 | https://catalog.data.gov/dataset/city-of-sioux-falls-project-nice-and-keep
[DATAGOV] t=3807.3s | pag=1342 | files=4127 | data=1269 | cola=7463 | prio=10 | https://catalog.data.gov/dataset/violent-crimes-by-year
[DATAGOV] t=3807.9s | pag=1343 | files=4127 | data=1270 | cola=7463 | prio=10 | https://catalog.data.gov/dataset/state-of-south-dakota-gis-data
[DATAGOV] t=3809.0s | pag=1344 | files=4127 | data=1271 | cola=7465 | prio=10 | https://catalog.data.gov/dataset/minnehaha-county-gis-open-data
[DATAGOV] t=3809.7s | pag=1345 | files=4127 | data=1272 | cola=7465 | prio=10 | https://catalog.data.gov/dataset/preliminary-parcels
[DATAGOV] t=3810.8s | pag=1346 | files=4127 | data=1273 | cola=7466 | prio=10 | https://catalog.data.gov/dataset/benchmarks
[DATAGOV] t=3811.7s | pag=1347 | files=4127 | data=1274 | cola=7467 | prio=10 | https://catalog.data.gov/dataset/city-of-sioux-falls-utility-viewer
[DATAGOV] DATASETS=1275 | data_html_table | https://catalog.data.gov/dataset/city-of-sioux-falls-utility-viewer
[DATAGOV] t=3812.8s | pag=1348 | files=4127 | data=1275 | cola=7470 | prio=10 | https://catalog.data.gov/dataset/city-of-sioux-falls-sam-transit
[DATAGOV] t=3813.9s | pag=1349 | files=4127 | data=1276 | cola=7472 | prio=10 | https://catalog.data.gov/dataset/wards-0dc36
[DATAGOV] t=3814.7s | pag=1350 | files=4127 | data=1277 | cola=7475 | prio=10 | https://catalog.data.gov/dataset/bicycle-pedestrian-counts
[DATAGOV] t=3815.8s | pag=1351 | files=4130 | data=1278 | cola=7475 | prio=10 | https://catalog.data.gov/dataset/police-data-traffic-citations
[DATAGOV] t=3816.6s | pag=1352 | files=4133 | data=1279 | cola=7475 | prio=10 | https://catalog.data.gov/dataset/somerville-happiness-survey-responses
[DATAGOV] t=3817.6s | pag=1353 | files=4136 | data=1280 | cola=7475 | prio=10 | https://catalog.data.gov/dataset/participatory-budgeting-submissions
[DATAGOV] t=3818.7s | pag=1354 | files=4139 | data=1281 | cola=7476 | prio=10 | https://catalog.data.gov/dataset/capital-investment-plan-projects-fy16-26
[DATAGOV] t=3819.6s | pag=1355 | files=4142 | data=1282 | cola=7477 | prio=10 | https://catalog.data.gov/dataset/parks-and-recreation-program-feedback-survey-results
[DATAGOV] t=3820.3s | pag=1356 | files=4145 | data=1283 | cola=7477 | prio=10 | https://catalog.data.gov/dataset/motor-vehicle-crash-reports-2010-2018
[DATAGOV] t=3821.0s | pag=1357 | files=4148 | data=1284 | cola=7478 | prio=10 | https://catalog.data.gov/dataset/afterschool-needs-assessment-survey-responses
[DATAGOV] t=3821.9s | pag=1358 | files=4151 | data=1285 | cola=7478 | prio=10 | https://catalog.data.gov/dataset/open-space-and-recreation-plan-survey
[DATAGOV] t=3822.5s | pag=1359 | files=4154 | data=1286 | cola=7478 | prio=10 | https://catalog.data.gov/dataset/somerville-public-school-staff-mbta-pass-pilot-travel-survey-data
[DATAGOV] t=3823.4s | pag=1360 | files=4157 | data=1287 | cola=7479 | prio=10 | https://catalog.data.gov/dataset/americans-with-disabilities-act-community-survey-results
[DATAGOV] t=3824.3s | pag=1361 | files=4160 | data=1288 | cola=7479 | prio=10 | https://catalog.data.gov/dataset/contours-1-ft
[DATAGOV] t=3825.3s | pag=1362 | files=4160 | data=1289 | cola=7480 | prio=10 | https://catalog.data.gov/dataset/somerville-school-building-project-community-survey-responses
[DATAGOV] t=3826.0s | pag=1363 | files=4163 | data=1290 | cola=7480 | prio=10 | https://catalog.data.gov/dataset/winter-warming-center-2024-2025-resident-feedback-survey-responses
[DATAGOV] t=3826.7s | pag=1364 | files=4166 | data=1291 | cola=7480 | prio=10 | https://catalog.data.gov/dataset/impervious-surfaces
[DATAGOV] t=3827.6s | pag=1365 | files=4166 | data=1292 | cola=7481 | prio=10 | https://catalog.data.gov/dataset/city-of-somerville-parking-permits
[DATAGOV] t=3828.3s | pag=1366 | files=4169 | data=1293 | cola=7481 | prio=10 | https://catalog.data.gov/dataset/permits
[DATAGOV] t=3828.9s | pag=1367 | files=4172 | data=1294 | cola=7481 | prio=10 | https://catalog.data.gov/dataset/streets
[DATAGOV] t=3829.5s | pag=1368 | files=4172 | data=1295 | cola=7482 | prio=10 | https://catalog.data.gov/dataset/zoning-overlay-districts
[DATAGOV] t=3830.3s | pag=1369 | files=4172 | data=1296 | cola=7483 | prio=10 | https://catalog.data.gov/dataset/hate-crime-incident-open-data
[DATAGOV] t=3832.0s | pag=1370 | files=4172 | data=1297 | cola=7488 | prio=10 | https://catalog.data.gov/dataset/5-12-cybersecurity-detail
[DATAGOV] t=3833.2s | pag=1371 | files=4172 | data=1298 | cola=7496 | prio=10 | https://catalog.data.gov/dataset/1-08-crash-data-report-detail
[DATAGOV] t=3834.4s | pag=1372 | files=4172 | data=1299 | cola=7503 | prio=10 | https://catalog.data.gov/dataset/police-transparency-arrests-all-data-main-table-denormalized
[DATAGOV] DATASETS=1300 | data_html_table | https://catalog.data.gov/dataset/police-transparency-arrests-all-data-main-table-denormalized
[DATAGOV] t=3835.0s | pag=1373 | files=4172 | data=1300 | cola=7503 | prio=10 | https://catalog.data.gov/dataset/5-12-cybersecurity-summary-archived
[DATAGOV] t=3835.8s | pag=1374 | files=4172 | data=1301 | cola=7503 | prio=10 | https://catalog.data.gov/dataset/race-and-ethnicity-acs-2018-2022-tempe-tracts
[DATAGOV] t=3836.9s | pag=1375 | files=4172 | data=1302 | cola=7508 | prio=10 | https://catalog.data.gov/dataset/2-13-employee-engagement
[DATAGOV] t=3837.8s | pag=1376 | files=4172 | data=1303 | cola=7511 | prio=10 | https://catalog.data.gov/dataset/police-transparency-calls-for-service-all-data-dataset
[DATAGOV] t=3838.6s | pag=1377 | files=4172 | data=1304 | cola=7512 | prio=10 | https://catalog.data.gov/dataset/5-12-cybersecurity-dashboard
[DATAGOV] t=3839.1s | pag=1378 | files=4172 | data=1305 | cola=7512 | prio=10 | https://catalog.data.gov/dataset/age-and-sex-acs-2019-2023-tempe-zip-codes
[DATAGOV] t=3840.4s | pag=1379 | files=4172 | data=1306 | cola=7514 | prio=10 | https://catalog.data.gov/dataset/zoning-and-overlay-districts-map
[DATAGOV] t=3841.5s | pag=1380 | files=4172 | data=1307 | cola=7518 | prio=10 | https://catalog.data.gov/dataset/2024-aerial-imagery
[DATAGOV] t=3842.3s | pag=1381 | files=4172 | data=1308 | cola=7522 | prio=10 | https://catalog.data.gov/dataset/3-20-dementia-friendly-community-designation
[DATAGOV] t=3843.0s | pag=1382 | files=4172 | data=1309 | cola=7524 | prio=10 | https://catalog.data.gov/dataset/5-10-revenue-forecast-variance-summary
[DATAGOV] t=3843.6s | pag=1383 | files=4172 | data=1310 | cola=7528 | prio=10 | https://catalog.data.gov/dataset/technology-and-race-acs-2018-2022-tempe-tracts
[DATAGOV] t=3844.4s | pag=1384 | files=4172 | data=1311 | cola=7531 | prio=10 | https://catalog.data.gov/dataset/data-policy-and-governance-guide
[DATAGOV] t=3845.2s | pag=1385 | files=4172 | data=1312 | cola=7539 | prio=10 | https://catalog.data.gov/dataset/3-21-veteran-supportive-designation-dashboard
[DATAGOV] t=3845.8s | pag=1386 | files=4172 | data=1313 | cola=7543 | prio=10 | https://catalog.data.gov/dataset/police-transparency-arrests-last-90-days-dataset
[DATAGOV] t=3846.8s | pag=1387 | files=4172 | data=1314 | cola=7543 | prio=10 | https://catalog.data.gov/dataset/3-20-dementia-friendly-community-designation-summary
[DATAGOV] t=3847.8s | pag=1388 | files=4172 | data=1315 | cola=7543 | prio=10 | https://catalog.data.gov/dataset/2-04-city-website-satisfaction-dashboard
[DATAGOV] t=3848.9s | pag=1389 | files=4172 | data=1316 | cola=7547 | prio=10 | https://catalog.data.gov/dataset/commitment-of-traders-cot
[DATAGOV] t=3849.6s | pag=1390 | files=4172 | data=1317 | cola=7550 | prio=10 | https://catalog.data.gov/dataset/weekly-swaps-report
[DATAGOV] t=3850.6s | pag=1391 | files=4172 | data=1318 | cola=7552 | prio=10 | https://catalog.data.gov/dataset/net-positions-changes-data
[DATAGOV] t=3851.4s | pag=1392 | files=4172 | data=1319 | cola=7555 | prio=10 | https://catalog.data.gov/dataset/financial-data-for-fcms
[DATAGOV] t=3852.5s | pag=1393 | files=4172 | data=1320 | cola=7561 | prio=10 | https://catalog.data.gov/dataset/bank-participation-reports
[DATAGOV] t=3853.6s | pag=1394 | files=4172 | data=1321 | cola=7564 | prio=10 | https://catalog.data.gov/dataset/cotton-on-call
[DATAGOV] t=3854.6s | pag=1395 | files=4172 | data=1322 | cola=7566 | prio=10 | https://catalog.data.gov/dataset/cleared-margin-reports
[DATAGOV] t=3855.5s | pag=1396 | files=4172 | data=1323 | cola=7568 | prio=10 | https://catalog.data.gov/dataset/credit-card-agreements-database
[DATAGOV] t=3856.2s | pag=1397 | files=4172 | data=1324 | cola=7570 | prio=10 | https://catalog.data.gov/dataset/hmda-public-data-starting-in-2017
[DATAGOV] DATASETS=1325 | data_html_table | https://catalog.data.gov/dataset/hmda-public-data-starting-in-2017
[DATAGOV] t=3856.9s | pag=1398 | files=4172 | data=1325 | cola=7574 | prio=10 | https://catalog.data.gov/dataset/financial-well-being-in-america-2017
[DATAGOV] t=3857.7s | pag=1399 | files=4172 | data=1326 | cola=7578 | prio=10 | https://catalog.data.gov/dataset/tuition-payment-plans-in-higher-education
[DATAGOV] t=3858.3s | pag=1400 | files=4172 | data=1327 | cola=7582 | prio=10 | https://catalog.data.gov/dataset/home-mortgage-disclosure-act-hmda-public-data-from-2007-2017
[DATAGOV] t=3859.6s | pag=1401 | files=4172 | data=1328 | cola=7582 | prio=10 | https://catalog.data.gov/dataset/costs-of-electronic-payments-in-k-12-schools
[DATAGOV] t=3860.2s | pag=1402 | files=4172 | data=1329 | cola=7584 | prio=10 | https://catalog.data.gov/dataset/prepaid-product-agreements-database
[DATAGOV] t=3861.4s | pag=1403 | files=4172 | data=1330 | cola=7587 | prio=10 | https://catalog.data.gov/dataset/college-credit-card-marketing-agreements-data
[DATAGOV] t=3862.0s | pag=1404 | files=4172 | data=1331 | cola=7587 | prio=10 | https://catalog.data.gov/dataset/terms-of-credit-card-plans-tccp-survey
[DATAGOV] t=3863.1s | pag=1405 | files=4172 | data=1332 | cola=7589 | prio=10 | https://catalog.data.gov/dataset/college-banking-agreements-and-related-data
[DATAGOV] t=3864.0s | pag=1406 | files=4172 | data=1333 | cola=7591 | prio=10 | https://catalog.data.gov/dataset/employee-payroll
[DATAGOV] t=3864.8s | pag=1407 | files=4175 | data=1334 | cola=7592 | prio=10 | https://catalog.data.gov/dataset/medical-examiner-case-archive
[DATAGOV] t=3866.0s | pag=1408 | files=4178 | data=1335 | cola=7594 | prio=10 | https://catalog.data.gov/dataset/medical-examiner-unclaimed-persons
[DATAGOV] t=3867.2s | pag=1409 | files=4181 | data=1336 | cola=7595 | prio=10 | https://catalog.data.gov/dataset/cook-county-address-points
[DATAGOV] t=3868.3s | pag=1410 | files=4184 | data=1337 | cola=7596 | prio=10 | https://catalog.data.gov/dataset/assessor-parcel-universe-current-year-only
[DATAGOV] t=3869.1s | pag=1411 | files=4187 | data=1338 | cola=7597 | prio=10 | https://catalog.data.gov/dataset/assessor-parcel-sales
[DATAGOV] t=3870.0s | pag=1412 | files=4190 | data=1339 | cola=7597 | prio=10 | https://catalog.data.gov/dataset/assessor-parcel-addresses
[DATAGOV] t=3870.9s | pag=1413 | files=4193 | data=1340 | cola=7597 | prio=10 | https://catalog.data.gov/dataset/public-health-birth-data-pregnancy-health-and-risk-factors
[DATAGOV] t=3871.9s | pag=1414 | files=4196 | data=1341 | cola=7600 | prio=10 | https://catalog.data.gov/dataset/procurement-awarded-contracts-amendments
[DATAGOV] t=3872.8s | pag=1415 | files=4199 | data=1342 | cola=7607 | prio=10 | https://catalog.data.gov/dataset/assessor-single-and-multi-family-improvement-characteristics
[DATAGOV] t=3873.5s | pag=1416 | files=4202 | data=1343 | cola=7607 | prio=10 | https://catalog.data.gov/dataset/public-health-causes-of-death
[DATAGOV] t=3874.5s | pag=1417 | files=4205 | data=1344 | cola=7607 | prio=10 | https://catalog.data.gov/dataset/treasurer-annual-tax-sale
[DATAGOV] t=3875.2s | pag=1418 | files=4208 | data=1345 | cola=7607 | prio=10 | https://catalog.data.gov/dataset/human-resources-compliance-officers-quarterly-employment-action-reports
[DATAGOV] t=3875.8s | pag=1419 | files=4211 | data=1346 | cola=7607 | prio=10 | https://catalog.data.gov/dataset/historical-ccgismap-area-28-bloom-township
[DATAGOV] t=3877.0s | pag=1420 | files=4211 | data=1347 | cola=7610 | prio=10 | https://catalog.data.gov/dataset/assessor-parcel-universe
[DATAGOV] t=3877.8s | pag=1421 | files=4214 | data=1348 | cola=7610 | prio=10 | https://catalog.data.gov/dataset/assessor-property-tax-exempt-parcels
[DATAGOV] t=3878.7s | pag=1422 | files=4217 | data=1349 | cola=7610 | prio=10 | https://catalog.data.gov/dataset/assessor-residential-condominium-unit-characteristics
[DATAGOV] DATASETS=1350 | data_html_table | https://catalog.data.gov/dataset/assessor-residential-condominium-unit-characteristics
[DATAGOV] t=3879.4s | pag=1423 | files=4220 | data=1350 | cola=7610 | prio=10 | https://catalog.data.gov/dataset/health-hospitals-system-outpatient-registrations-by-facility-zip-code-month-fiscal-ye-2011
[DATAGOV] t=3880.5s | pag=1424 | files=4223 | data=1351 | cola=7610 | prio=10 | https://catalog.data.gov/dataset/procurement-buying-plan-fiscal-year-2023
[DATAGOV] t=3881.4s | pag=1425 | files=4226 | data=1352 | cola=7610 | prio=10 | https://catalog.data.gov/dataset/medical-examiner-indigent-cremations
[DATAGOV] t=3882.3s | pag=1426 | files=4229 | data=1353 | cola=7611 | prio=10 | https://catalog.data.gov/dataset/quick-stats-agricultural-database-api
[DATAGOV] t=3883.2s | pag=1427 | files=4229 | data=1354 | cola=7610 | prio=10 | https://catalog.data.gov/dataset/quick-stats-agricultural-database
[DATAGOV] t=3884.4s | pag=1428 | files=4229 | data=1355 | cola=7609 | prio=10 | https://catalog.data.gov/dataset/fooddata-central
[DATAGOV] t=3885.3s | pag=1429 | files=4229 | data=1356 | cola=7614 | prio=10 | https://catalog.data.gov/dataset/soil-survey-geographic-database-ssurgo
[DATAGOV] t=3886.0s | pag=1430 | files=4230 | data=1357 | cola=7620 | prio=10 | https://catalog.data.gov/dataset/fsis-foodkeeper-data
[DATAGOV] t=3887.0s | pag=1431 | files=4236 | data=1358 | cola=7627 | prio=10 | https://catalog.data.gov/dataset/usda-rural-development-resale-properties-foreclosure
[DATAGOV] t=3887.9s | pag=1432 | files=4237 | data=1359 | cola=7631 | prio=10 | https://catalog.data.gov/dataset/state-export-data
[DATAGOV] t=3888.5s | pag=1433 | files=4237 | data=1360 | cola=7633 | prio=10 | https://catalog.data.gov/dataset/farm-programs-payments
[DATAGOV] t=3889.3s | pag=1434 | files=4237 | data=1361 | cola=7635 | prio=10 | https://catalog.data.gov/dataset/food-price-outlook
[DATAGOV] t=3890.5s | pag=1435 | files=4237 | data=1362 | cola=7642 | prio=10 | https://catalog.data.gov/dataset/county-level-data-sets
[DATAGOV] t=3891.1s | pag=1436 | files=4237 | data=1363 | cola=7645 | prio=10 | https://catalog.data.gov/dataset/production-supply-and-distribution-database
[DATAGOV] t=3892.3s | pag=1437 | files=4237 | data=1364 | cola=7652 | prio=10 | https://catalog.data.gov/dataset/usda-rural-development-property-eligibility-sfh-mfh
[DATAGOV] t=3897.9s | pag=1438 | files=4238 | data=1365 | cola=7656 | prio=10 | https://catalog.data.gov/dataset/dr-dukes-phytochemical-and-ethnobotanical-databases
[DATAGOV] t=3898.6s | pag=1439 | files=4238 | data=1366 | cola=7657 | prio=10 | https://catalog.data.gov/dataset/rural-urban-commuting-area-codes
[DATAGOV] t=3899.2s | pag=1440 | files=4238 | data=1367 | cola=7659 | prio=10 | https://catalog.data.gov/dataset/u-s-general-soil-map-statsgo2
[DATAGOV] t=3900.4s | pag=1441 | files=4239 | data=1368 | cola=7662 | prio=10 | https://catalog.data.gov/dataset/wheat-data
[DATAGOV] t=3901.3s | pag=1442 | files=4239 | data=1369 | cola=7665 | prio=10 | https://catalog.data.gov/dataset/feed-grains-database
[DATAGOV] t=3902.0s | pag=1443 | files=4239 | data=1370 | cola=7672 | prio=10 | https://catalog.data.gov/dataset/usda-service-center-locator
[DATAGOV] t=3902.8s | pag=1444 | files=4239 | data=1371 | cola=7677 | prio=10 | https://catalog.data.gov/organization/commerce
[DATAGOV] t=3903.5s | pag=1445 | files=4239 | data=1372 | cola=7696 | prio=10 | https://catalog.data.gov/organization/dhs
[DATAGOV] t=3904.8s | pag=1446 | files=4239 | data=1373 | cola=7715 | prio=10 | https://catalog.data.gov/organization/hud
[DATAGOV] t=3906.2s | pag=1447 | files=4239 | data=1374 | cola=7733 | prio=10 | https://catalog.data.gov/organization/dol
[DATAGOV] DATASETS=1375 | exportable_data_page | https://catalog.data.gov/organization/dol
[DATAGOV] t=3907.3s | pag=1448 | files=4239 | data=1375 | cola=7752 | prio=10 | https://catalog.data.gov/organization/treasury
[DATAGOV] t=3908.0s | pag=1449 | files=4239 | data=1376 | cola=7771 | prio=10 | https://catalog.data.gov/organization/district-of-columbia
[DATAGOV] t=3909.3s | pag=1450 | files=4239 | data=1377 | cola=7785 | prio=10 | https://catalog.data.gov/organization/eac
[DATAGOV] t=3910.5s | pag=1451 | files=4239 | data=1378 | cola=7793 | prio=10 | https://catalog.data.gov/organization/exim
[DATAGOV] t=3911.9s | pag=1452 | files=4239 | data=1379 | cola=7793 | prio=10 | https://catalog.data.gov/organization/fairfax-county-va
[DATAGOV] t=3913.0s | pag=1453 | files=4239 | data=1380 | cola=7793 | prio=10 | https://catalog.data.gov/organization/fcc
[DATAGOV] t=3914.1s | pag=1454 | files=4239 | data=1381 | cola=7801 | prio=10 | https://catalog.data.gov/organization/fdic
[DATAGOV] t=3915.5s | pag=1455 | files=4239 | data=1382 | cola=7820 | prio=10 | https://catalog.data.gov/organization/fec
[DATAGOV] t=3916.8s | pag=1456 | files=4239 | data=1383 | cola=7820 | prio=10 | https://catalog.data.gov/organization/fgdc
[DATAGOV] t=3917.9s | pag=1457 | files=4239 | data=1384 | cola=7839 | prio=10 | https://catalog.data.gov/organization/fhfa
[DATAGOV] t=3918.9s | pag=1458 | files=4240 | data=1385 | cola=7858 | prio=10 | https://catalog.data.gov/organization/flc
[DATAGOV] t=3919.9s | pag=1459 | files=4240 | data=1386 | cola=7858 | prio=10 | https://catalog.data.gov/organization/frtib
[DATAGOV] t=3920.8s | pag=1460 | files=4240 | data=1387 | cola=7863 | prio=10 | https://catalog.data.gov/organization/ftc
[DATAGOV] t=3921.9s | pag=1461 | files=4240 | data=1388 | cola=7882 | prio=10 | https://catalog.data.gov/organization?page=1&per_page=24
[DATAGOV] t=3923.8s | pag=1462 | files=4240 | data=1388 | cola=7881 | prio=10 | https://catalog.data.gov/organization?page=4&per_page=24
[DATAGOV] t=3925.4s | pag=1463 | files=4240 | data=1388 | cola=7888 | prio=10 | https://catalog.data.gov/organization/fl-dep
[DATAGOV] t=3926.8s | pag=1464 | files=4240 | data=1389 | cola=7890 | prio=10 | https://catalog.data.gov/organization/gpo
[DATAGOV] t=3927.8s | pag=1465 | files=4240 | data=1390 | cola=7899 | prio=10 | https://catalog.data.gov/organization/imls
[DATAGOV] t=3928.7s | pag=1466 | files=4240 | data=1391 | cola=7918 | prio=10 | https://catalog.data.gov/organization/king-county-wa
[DATAGOV] t=3929.4s | pag=1467 | files=4240 | data=1392 | cola=7937 | prio=10 | https://catalog.data.gov/organization/lake-county-il
[DATAGOV] t=3930.8s | pag=1468 | files=4244 | data=1393 | cola=7956 | prio=10 | https://catalog.data.gov/organization/loc
[DATAGOV] t=3932.1s | pag=1469 | files=4244 | data=1394 | cola=7964 | prio=10 | https://catalog.data.gov/organization/loudoun-county-va
[DATAGOV] t=3933.6s | pag=1470 | files=4244 | data=1395 | cola=7983 | prio=10 | https://catalog.data.gov/organization/louisville-ky
[DATAGOV] t=3935.0s | pag=1471 | files=4244 | data=1396 | cola=8000 | prio=10 | https://catalog.data.gov/organization/mspb
[DATAGOV] t=3936.1s | pag=1472 | files=4244 | data=1397 | cola=8001 | prio=10 | https://catalog.data.gov/organization/mcc
[DATAGOV] t=3937.7s | pag=1473 | files=4244 | data=1398 | cola=8020 | prio=10 | https://catalog.data.gov/organization/nara
[DATAGOV] t=3938.8s | pag=1474 | files=4244 | data=1399 | cola=8028 | prio=10 | https://catalog.data.gov/organization/ncua
[DATAGOV] DATASETS=1400 | exportable_data_page | https://catalog.data.gov/organization/ncua
[DATAGOV] t=3944.3s | pag=1475 | files=4245 | data=1400 | cola=8047 | prio=10 | https://catalog.data.gov/organization/nea
[DATAGOV] t=3945.4s | pag=1476 | files=4245 | data=1401 | cola=8066 | prio=10 | https://catalog.data.gov/organization/neh
[DATAGOV] t=3946.4s | pag=1477 | files=4245 | data=1402 | cola=8085 | prio=10 | https://catalog.data.gov/organization/nist
[DATAGOV] t=3947.5s | pag=1478 | files=4246 | data=1403 | cola=8104 | prio=10 | https://catalog.data.gov/organization/noaa
[DATAGOV] t=3948.5s | pag=1479 | files=4246 | data=1404 | cola=8110 | prio=10 | https://catalog.data.gov/organization/nsf
[DATAGOV] t=3952.1s | pag=1480 | files=4247 | data=1405 | cola=8129 | prio=10 | https://catalog.data.gov/organization/ntia
[DATAGOV] t=3953.2s | pag=1481 | files=4247 | data=1406 | cola=8130 | prio=10 | https://catalog.data.gov/organization/ntsb
[DATAGOV] t=3954.5s | pag=1482 | files=4247 | data=1407 | cola=8130 | prio=10 | https://catalog.data.gov/organization/nitrd
[DATAGOV] t=3955.3s | pag=1483 | files=4247 | data=1408 | cola=8149 | prio=10 | https://catalog.data.gov/organization/nrc
[DATAGOV] t=3956.8s | pag=1484 | files=4247 | data=1409 | cola=8168 | prio=10 | https://catalog.data.gov/organization/dol-bls
[DATAGOV] t=3958.0s | pag=1485 | files=4247 | data=1410 | cola=8187 | prio=10 | https://catalog.data.gov/organization/eeoc
[DATAGOV] t=3958.9s | pag=1486 | files=4251 | data=1411 | cola=8206 | prio=10 | https://catalog.data.gov/organization/vermont-geo
[DATAGOV] t=3965.4s | pag=1487 | files=4253 | data=1412 | cola=8225 | prio=10 | https://catalog.data.gov/organization/wake-county-nc
[DATAGOV] t=3967.1s | pag=1488 | files=4253 | data=1413 | cola=8243 | prio=10 | https://catalog.data.gov/dataset/fy-2025-disability-compensation-recipients-by-county?from_hint=eyJxIjoiIiwic29ydCI6InJlbGV2YW5jZSJ9
[DATAGOV] t=3967.9s | pag=1489 | files=4253 | data=1414 | cola=8242 | prio=10 | https://catalog.data.gov/dataset/2015-16-harassment-or-bullying-by-basis-category-civil-rights-data-collection?from_hint=eyJxIjoiIiwic29ydCI6InJlbGV2YW5jZSJ9
[DATAGOV] t=3968.8s | pag=1490 | files=4253 | data=1415 | cola=8241 | prio=10 | https://catalog.data.gov/dataset/supply-chain-greenhouse-gas-emission-factors-v1-3-by-naics-6?from_hint=eyJxIjoiIiwic29ydCI6InJlbGV2YW5jZSJ9
[DATAGOV] t=3969.5s | pag=1491 | files=4253 | data=1416 | cola=8240 | prio=10 | https://catalog.data.gov/dataset/2017-18-arrests-civil-rights-data-collection?from_hint=eyJxIjoiIiwic29ydCI6InJlbGV2YW5jZSJ9
[DATAGOV] t=3970.2s | pag=1492 | files=4253 | data=1417 | cola=8239 | prio=10 | https://catalog.data.gov/dataset/electric-vehicle-population-data?from_hint=eyJxIjoiIiwic29ydCI6InJlbGV2YW5jZSJ9
[DATAGOV] t=3971.3s | pag=1493 | files=4253 | data=1418 | cola=8238 | prio=10 | https://catalog.data.gov/dataset/jpl-small-body-database-browser?from_hint=eyJxIjoiIiwic29ydCI6InJlbGV2YW5jZSJ9
[DATAGOV] t=3971.8s | pag=1494 | files=4253 | data=1419 | cola=8237 | prio=10 | https://catalog.data.gov/dataset/civil-rights-data-collection-crdc-for-the-2017-18-school-year?from_hint=eyJxIjoiIiwic29ydCI6InJlbGV2YW5jZSJ9
[DATAGOV] t=3972.7s | pag=1495 | files=4253 | data=1420 | cola=8236 | prio=10 | https://catalog.data.gov/dataset/lottery-powerball-winning-numbers-beginning-2010?from_hint=eyJxIjoiIiwic29ydCI6InJlbGV2YW5jZSJ9
[DATAGOV] t=3973.4s | pag=1496 | files=4253 | data=1421 | cola=8235 | prio=10 | https://catalog.data.gov/dataset/form-n-port-data-sets?from_hint=eyJxIjoiIiwic29ydCI6InJlbGV2YW5jZSJ9
[DATAGOV] t=3974.4s | pag=1497 | files=4253 | data=1422 | cola=8234 | prio=10 | https://catalog.data.gov/dataset/baby-names-from-social-security-card-applications-national-data?from_hint=eyJxIjoiIiwic29ydCI6InJlbGV2YW5jZSJ9
[DATAGOV] t=3975.0s | pag=1498 | files=4253 | data=1423 | cola=8233 | prio=10 | https://catalog.data.gov/dataset/crime-data-from-2020-to-present?from_hint=eyJxIjoiIiwic29ydCI6InJlbGV2YW5jZSJ9
[DATAGOV] t=3975.8s | pag=1499 | files=4253 | data=1424 | cola=8232 | prio=10 | https://catalog.data.gov/dataset/2013-14-mathematics-and-science-civil-rights-data-collection?from_hint=eyJxIjoiIiwic29ydCI6InJlbGV2YW5jZSJ9
[DATAGOV] DATASETS=1425 | data_html_table | https://catalog.data.gov/dataset/2013-14-mathematics-and-science-civil-rights-data-collection?from_hint=eyJxIjoiIiwic29ydCI6InJlbGV2YW5jZSJ9
[DATAGOV] t=3977.0s | pag=1500 | files=4253 | data=1425 | cola=8231 | prio=10 | https://catalog.data.gov/dataset/business-lookup?from_hint=eyJxIjoiIiwic29ydCI6InJlbGV2YW5jZSJ9
[DATAGOV] t=3977.8s | pag=1501 | files=4253 | data=1426 | cola=8230 | prio=10 | https://catalog.data.gov/dataset/civil-rights-data-collection-crdc-for-the-2015-16-school-year?from_hint=eyJxIjoiIiwic29ydCI6InJlbGV2YW5jZSJ9
[DATAGOV] t=3978.9s | pag=1502 | files=4253 | data=1427 | cola=8229 | prio=10 | https://catalog.data.gov/dataset/2017-18-harassment-or-bullying-civil-rights-data-collection?from_hint=eyJxIjoiIiwic29ydCI6InJlbGV2YW5jZSJ9
[DATAGOV] t=3979.6s | pag=1503 | files=4253 | data=1428 | cola=8228 | prio=10 | https://catalog.data.gov/dataset/civil-rights-data-collection-crdc?from_hint=eyJxIjoiIiwic29ydCI6InJlbGV2YW5jZSJ9
[DATAGOV] t=3980.3s | pag=1504 | files=4253 | data=1429 | cola=8227 | prio=10 | https://catalog.data.gov/dataset/warehouse-and-retail-sales?from_hint=eyJxIjoiIiwic29ydCI6InJlbGV2YW5jZSJ9
[DATAGOV] t=3981.2s | pag=1505 | files=4253 | data=1430 | cola=8226 | prio=10 | https://catalog.data.gov/dataset/nps-visitor-use-statistics-data-package-2024?from_hint=eyJxIjoiIiwic29ydCI6InJlbGV2YW5jZSJ9
[DATAGOV] t=3982.1s | pag=1506 | files=4253 | data=1431 | cola=8225 | prio=10 | https://catalog.data.gov/dataset/2017-18-student-enrollment-civil-rights-data-collection?from_hint=eyJxIjoiIiwic29ydCI6InJlbGV2YW5jZSJ9
[DATAGOV] t=3982.7s | pag=1507 | files=4253 | data=1432 | cola=8224 | prio=10 | https://catalog.data.gov/dataset/inventory-of-owned-and-leased-properties-iolp?from_hint=eyJxIjoiIiwic29ydCI6InJlbGV2YW5jZSJ9
[DATAGOV] t=3983.4s | pag=1508 | files=4253 | data=1433 | cola=8223 | prio=10 | https://catalog.data.gov/?keyword=HTS
[DATAGOV] t=3984.5s | pag=1509 | files=4253 | data=1434 | cola=8233 | prio=10 | https://catalog.data.gov/?keyword=product+classification
[DATAGOV] t=3985.4s | pag=1510 | files=4253 | data=1435 | cola=8240 | prio=10 | https://catalog.data.gov/?keyword=tariff+schedule
[DATAGOV] t=3986.0s | pag=1511 | files=4253 | data=1436 | cola=8248 | prio=10 | https://catalog.data.gov/harvest_record/90b38e03-8382-48f7-94af-344266627aa2/raw
[DATAGOV] t=3986.8s | pag=1511 | files=4254 | data=1436 | cola=8247 | prio=10 | https://catalog.data.gov/dataset/investigations-database-system
[DATAGOV] t=3988.8s | pag=1512 | files=4255 | data=1437 | cola=8252 | prio=10 | https://catalog.data.gov/dataset/dataweb
[DATAGOV] t=3989.4s | pag=1513 | files=4255 | data=1438 | cola=8254 | prio=10 | https://catalog.data.gov/dataset/harmonized-tariff-schedule-hts-archive
[DATAGOV] t=3990.5s | pag=1514 | files=4255 | data=1439 | cola=8258 | prio=10 | https://catalog.data.gov/dataset/harmonized-tariff-schedule-of-the-united-states-2025-03c87
[DATAGOV] t=3991.8s | pag=1515 | files=4353 | data=1440 | cola=8258 | prio=10 | https://catalog.data.gov/dataset/domestic-and-international-common-language-database-dicl
[DATAGOV] t=3992.7s | pag=1516 | files=4354 | data=1441 | cola=8261 | prio=10 | https://catalog.data.gov/dataset/harmonized-tariff-schedule-of-the-united-states-2023
[DATAGOV] t=3993.4s | pag=1517 | files=4390 | data=1442 | cola=8261 | prio=10 | https://catalog.data.gov/dataset/dynamic-gravity-dataset-1948-2016
[DATAGOV] t=3993.9s | pag=1518 | files=4395 | data=1443 | cola=8266 | prio=10 | https://catalog.data.gov/dataset/harmonized-tariff-schedule-of-the-united-states-2019
[DATAGOV] t=3994.7s | pag=1519 | files=4458 | data=1444 | cola=8266 | prio=10 | https://catalog.data.gov/dataset/harmonized-tariff-schedule-of-the-united-states-2021
[DATAGOV] t=3995.7s | pag=1520 | files=4509 | data=1445 | cola=8266 | prio=10 | https://catalog.data.gov/dataset/commission-publications-library
[DATAGOV] t=3996.4s | pag=1521 | files=4510 | data=1446 | cola=8269 | prio=10 | https://catalog.data.gov/dataset/multinational-revenue-employment-and-investment-database-mreid
[DATAGOV] t=3997.4s | pag=1522 | files=4511 | data=1447 | cola=8272 | prio=10 | https://catalog.data.gov/dataset/harmonized-tariff-schedule-of-the-united-states-2020
[DATAGOV] t=3998.6s | pag=1523 | files=4567 | data=1448 | cola=8272 | prio=10 | https://catalog.data.gov/dataset/harmonized-tariff-schedule-of-the-united-states-2022
[DATAGOV] t=3999.2s | pag=1524 | files=4609 | data=1449 | cola=8272 | prio=10 | https://catalog.data.gov/dataset/economic-impact-of-section-232-and-301-tariffs-on-u-s-industries
[DATAGOV] DATASETS=1450 | data_html_table | https://catalog.data.gov/dataset/economic-impact-of-section-232-and-301-tariffs-on-u-s-industries
[DATAGOV] t=4000.9s | pag=1525 | files=4611 | data=1450 | cola=8276 | prio=10 | https://catalog.data.gov/dataset/edis-investigation-filing-information
[DATAGOV] t=4002.3s | pag=1526 | files=4612 | data=1451 | cola=8281 | prio=10 | https://catalog.data.gov/dataset/shifts-in-u-s-merchandise-trade-2023
[DATAGOV] t=4002.9s | pag=1527 | files=4613 | data=1452 | cola=8283 | prio=10 | https://catalog.data.gov/dataset/international-trade-and-production-database-for-estimation-itpd-e
[DATAGOV] t=4004.8s | pag=1528 | files=4614 | data=1453 | cola=8285 | prio=10 | https://catalog.data.gov/dataset/covid-19-related-goods-u-s-imports-and-tariffs-updated
[DATAGOV] t=4005.7s | pag=1529 | files=4615 | data=1454 | cola=8288 | prio=10 | https://catalog.data.gov/harvest_record/205e73c5-7c57-470f-9dd4-84d3d7a1f4f2/raw
[DATAGOV] t=4006.3s | pag=1529 | files=4616 | data=1454 | cola=8287 | prio=10 | https://catalog.data.gov/?keyword=African+American+operators
[DATAGOV] t=4008.2s | pag=1530 | files=4616 | data=1455 | cola=8288 | prio=10 | https://catalog.data.gov/?keyword=Agriculture
[DATAGOV] t=4009.2s | pag=1531 | files=4616 | data=1456 | cola=8317 | prio=10 | https://catalog.data.gov/?keyword=American+Indian+Reservation+farms
[DATAGOV] t=4009.9s | pag=1532 | files=4616 | data=1457 | cola=8318 | prio=10 | https://catalog.data.gov/?keyword=Asian+operators
[DATAGOV] t=4010.5s | pag=1533 | files=4616 | data=1458 | cola=8319 | prio=10 | https://catalog.data.gov/?keyword=Brussels+sprouts
[DATAGOV] t=4011.3s | pag=1534 | files=4616 | data=1459 | cola=8320 | prio=10 | https://catalog.data.gov/?keyword=CCC
[DATAGOV] t=4012.1s | pag=1535 | files=4616 | data=1460 | cola=8327 | prio=10 | https://catalog.data.gov/?keyword=CRP
[DATAGOV] t=4023.4s | pag=1536 | files=4619 | data=1461 | cola=8364 | prio=10 | https://catalog.data.gov/?keyword=Chinese+cabbage
[DATAGOV] t=4024.4s | pag=1537 | files=4619 | data=1462 | cola=8365 | prio=10 | https://catalog.data.gov/harvest_record/1cf0b9ed-0a03-4656-9811-b8bb8a08f236/raw
[DATAGOV] t=4025.3s | pag=1537 | files=4620 | data=1462 | cola=8364 | prio=10 | https://catalog.data.gov/?keyword=NSN
[DATAGOV] t=4027.0s | pag=1538 | files=4620 | data=1463 | cola=8364 | prio=10 | https://catalog.data.gov/?keyword=National+Stock+Number
[DATAGOV] t=4028.1s | pag=1539 | files=4620 | data=1464 | cola=8364 | prio=10 | https://catalog.data.gov/?keyword=Part+Number
[DATAGOV] t=4028.8s | pag=1540 | files=4620 | data=1465 | cola=8364 | prio=10 | https://catalog.data.gov/?keyword=Product
[DATAGOV] t=4029.5s | pag=1541 | files=4620 | data=1466 | cola=8395 | prio=10 | https://catalog.data.gov/?keyword=Vendor
[DATAGOV] t=4030.6s | pag=1542 | files=4620 | data=1467 | cola=8422 | prio=10 | https://catalog.data.gov/harvest_record/3f23b71e-4547-4ab9-a4f6-6ccbca4ff657/raw
[DATAGOV] t=4031.1s | pag=1542 | files=4621 | data=1467 | cola=8421 | prio=10 | https://catalog.data.gov/dataset/{'title': 'Baby Names from Social Security Card Applications - State and District of Columbia Data landing page', 'accessURL': 'https:/www.ssa.gov/oact/babynames/index.html'}
[DATAGOV] t=4032.8s | pag=1542 | files=4621 | data=1467 | cola=8420 | prio=10 | https://catalog.data.gov/harvest_record/bd85e7fc-88ce-47ba-a216-c971710c6b2e/raw
[DATAGOV] t=4034.3s | pag=1542 | files=4622 | data=1467 | cola=8419 | prio=10 | https://catalog.data.gov/?keyword=Crime+in+the+United+States
[DATAGOV] t=4035.9s | pag=1543 | files=4622 | data=1468 | cola=8419 | prio=10 | https://catalog.data.gov/?keyword=LEOKA
[DATAGOV] t=4037.0s | pag=1544 | files=4622 | data=1469 | cola=8420 | prio=10 | https://catalog.data.gov/?keyword=Law+Enforcement+Officers+Killed+and+Assaulted
[DATAGOV] t=4038.2s | pag=1545 | files=4622 | data=1470 | cola=8421 | prio=10 | https://catalog.data.gov/?keyword=NIBRS
[DATAGOV] t=4038.9s | pag=1546 | files=4622 | data=1471 | cola=8444 | prio=10 | https://catalog.data.gov/?keyword=arrested+person
[DATAGOV] t=4039.5s | pag=1547 | files=4622 | data=1472 | cola=8444 | prio=10 | https://catalog.data.gov/?keyword=arson
[DATAGOV] t=4040.7s | pag=1548 | files=4622 | data=1473 | cola=8463 | prio=10 | https://catalog.data.gov/?keyword=crime+report
[DATAGOV] t=4041.7s | pag=1549 | files=4622 | data=1474 | cola=8463 | prio=10 | https://catalog.data.gov/?keyword=crime+statistics
[DATAGOV] DATASETS=1475 | exportable_data_page | https://catalog.data.gov/?keyword=crime+statistics
[DATAGOV] t=4042.4s | pag=1550 | files=4622 | data=1475 | cola=8482 | prio=10 | https://catalog.data.gov/harvest_record/2a72cfa9-b485-411c-b49b-7108fb9c0cfc/raw
[DATAGOV] t=4043.1s | pag=1550 | files=4623 | data=1475 | cola=8481 | prio=10 | https://catalog.data.gov/dataset/federal-firearms-licensees
[DATAGOV] t=4045.0s | pag=1551 | files=4623 | data=1476 | cola=8483 | prio=10 | https://catalog.data.gov/dataset/atf-office-locations
[DATAGOV] t=4046.1s | pag=1552 | files=4623 | data=1477 | cola=8485 | prio=10 | https://catalog.data.gov/dataset/law-enforcement-officers-killed-and-assaulted-leoka
[DATAGOV] t=4046.8s | pag=1553 | files=4623 | data=1478 | cola=8491 | prio=10 | https://catalog.data.gov/dataset/technology-teen-dating-violence-and-abuse-and-bullying-in-three-states-2011-2012
[DATAGOV] t=4047.5s | pag=1554 | files=4623 | data=1479 | cola=8497 | prio=10 | https://catalog.data.gov/dataset/national-crime-victimization-survey-school-crime-supplement-2007
[DATAGOV] t=4048.5s | pag=1555 | files=4623 | data=1480 | cola=8503 | prio=10 | https://catalog.data.gov/dataset/national-use-of-force-data-collection
[DATAGOV] t=4049.5s | pag=1556 | files=4623 | data=1481 | cola=8505 | prio=10 | https://catalog.data.gov/dataset/ag-bia-precedent-decisions
[DATAGOV] t=4050.7s | pag=1557 | files=4623 | data=1482 | cola=8507 | prio=10 | https://catalog.data.gov/dataset/federal-justice-statistics-program-offenders-admitted-to-prison-2010
[DATAGOV] t=4051.7s | pag=1558 | files=4623 | data=1483 | cola=8507 | prio=10 | https://catalog.data.gov/?keyword=Nation
[DATAGOV] t=4052.9s | pag=1559 | files=4623 | data=1484 | cola=8534 | prio=10 | https://catalog.data.gov/?keyword=Polygon
[DATAGOV] t=4053.9s | pag=1560 | files=4623 | data=1485 | cola=8553 | prio=10 | https://catalog.data.gov/?keyword=ZIP+Code+Tabulation+Area
[DATAGOV] t=4054.9s | pag=1561 | files=4623 | data=1486 | cola=8585 | prio=10 | https://catalog.data.gov/?keyword=ZCTA
[DATAGOV] t=4055.9s | pag=1562 | files=4623 | data=1487 | cola=8613 | prio=10 | https://catalog.data.gov/?keyword=Zip+Code
[DATAGOV] t=4158.3s | pag=1563 | files=4627 | data=1488 | cola=8639 | prio=10 | https://catalog.data.gov/?keyword=United+States
[DATAGOV] t=4159.3s | pag=1564 | files=4627 | data=1489 | cola=8658 | prio=10 | https://catalog.data.gov/?keyword=U.S.
[DATAGOV] t=4160.2s | pag=1565 | files=4627 | data=1490 | cola=8677 | prio=10 | https://catalog.data.gov/harvest_record/d810c0d2-e53e-42de-b8e1-b830bca64e7c/raw
[DATAGOV] t=4160.7s | pag=1565 | files=4627 | data=1490 | cola=8676 | prio=10 | https://catalog.data.gov/dataset/tiger-line-shapefile-2023-nation-u-s-2020-census-5-digit-zip-code-tabulation-area-zcta5
[DATAGOV] t=4165.1s | pag=1566 | files=4629 | data=1491 | cola=8676 | prio=10 | https://catalog.data.gov/dataset/tiger-line-shapefile-2023-nation-u-s-international-boundaries-national
[DATAGOV] t=4167.5s | pag=1567 | files=4631 | data=1492 | cola=8678 | prio=10 | https://catalog.data.gov/dataset/tiger-line-shapefile-current-county-los-angeles-county-ca-all-roads
[DATAGOV] t=4170.2s | pag=1568 | files=4633 | data=1493 | cola=8682 | prio=10 | https://catalog.data.gov/dataset/tiger-line-shapefile-current-state-ohio-county-subdivision
[DATAGOV] t=4172.6s | pag=1569 | files=4634 | data=1494 | cola=8682 | prio=10 | https://catalog.data.gov/dataset/tiger-line-shapefile-2019-nation-u-s-coastline-national-shapefile
[DATAGOV] t=4175.4s | pag=1570 | files=4635 | data=1495 | cola=8684 | prio=10 | https://catalog.data.gov/dataset/tiger-line-shapefile-current-state-illinois-census-tract
[DATAGOV] t=4177.4s | pag=1571 | files=4637 | data=1496 | cola=8689 | prio=10 | https://catalog.data.gov/dataset/tiger-line-shapefile-current-state-illinois-county-subdivision
[DATAGOV] t=4180.1s | pag=1572 | files=4638 | data=1497 | cola=8689 | prio=10 | https://catalog.data.gov/dataset/tiger-line-shapefile-2022-state-new-mexico-nm-county-subdivision
[DATAGOV] t=4182.4s | pag=1573 | files=4640 | data=1498 | cola=8689 | prio=10 | https://catalog.data.gov/dataset/tiger-line-shapefile-2022-nation-u-s-military-installation
[DATAGOV] t=4184.3s | pag=1574 | files=4642 | data=1499 | cola=8689 | prio=10 | https://catalog.data.gov/dataset/2022-cartographic-boundary-file-shp-current-census-tract-for-united-states-1-500000
[DATAGOV] DATASETS=1500 | data_html_table | https://catalog.data.gov/dataset/2022-cartographic-boundary-file-shp-current-census-tract-for-united-states-1-500000
[DATAGOV] t=4188.2s | pag=1575 | files=4646 | data=1500 | cola=8693 | prio=10 | https://catalog.data.gov/?keyword=Imagery+Theme
[DATAGOV] t=4189.5s | pag=1576 | files=4646 | data=1501 | cola=8707 | prio=10 | https://catalog.data.gov/?keyword=NGDA
[DATAGOV] t=4190.5s | pag=1577 | files=4646 | data=1502 | cola=8727 | prio=10 | https://catalog.data.gov/?keyword=NGDA+Imagery+Theme
[DATAGOV] t=4191.6s | pag=1578 | files=4646 | data=1503 | cola=8737 | prio=10 | https://catalog.data.gov/?keyword=NGDAID106
[DATAGOV] t=4192.6s | pag=1579 | files=4646 | data=1504 | cola=8737 | prio=10 | https://catalog.data.gov/?keyword=National+Geospatial+Data+Asset
[DATAGOV] t=4193.6s | pag=1580 | files=4646 | data=1505 | cola=8760 | prio=10 | https://catalog.data.gov/?keyword=North+America
[DATAGOV] t=4194.5s | pag=1581 | files=4646 | data=1506 | cola=8793 | prio=10 | https://catalog.data.gov/?keyword=State
[DATAGOV] t=4195.5s | pag=1582 | files=4646 | data=1507 | cola=8816 | prio=10 | https://catalog.data.gov/?keyword=US
[DATAGOV] t=4196.3s | pag=1583 | files=4646 | data=1508 | cola=8842 | prio=10 | https://catalog.data.gov/harvest_record/7e139ebb-0e02-4c67-b833-ee119b33a1d6/raw
[DATAGOV] t=4196.8s | pag=1583 | files=4647 | data=1508 | cola=8841 | prio=10 | https://catalog.data.gov/?keyword=english-language-learners
[DATAGOV] t=4198.4s | pag=1584 | files=4647 | data=1509 | cola=8874 | prio=10 | https://catalog.data.gov/?keyword=k-12
[DATAGOV] t=4199.3s | pag=1585 | files=4647 | data=1510 | cola=8900 | prio=10 | https://catalog.data.gov/?keyword=safety-bullying
[DATAGOV] t=4200.3s | pag=1586 | files=4647 | data=1511 | cola=8919 | prio=10 | https://catalog.data.gov/?keyword=special-education
[DATAGOV] t=4201.0s | pag=1587 | files=4647 | data=1512 | cola=8942 | prio=10 | https://catalog.data.gov/?keyword=stem
[DATAGOV] t=4202.1s | pag=1588 | files=4647 | data=1513 | cola=8964 | prio=10 | https://catalog.data.gov/?keyword=student-demographics
[DATAGOV] t=4203.0s | pag=1589 | files=4647 | data=1514 | cola=8983 | prio=10 | https://catalog.data.gov/harvest_record/afb86eb1-22f5-41e7-a299-44d404636944/raw
[DATAGOV] t=4203.7s | pag=1589 | files=4648 | data=1514 | cola=8982 | prio=10 | https://catalog.data.gov/?keyword=Black+out
[DATAGOV] t=4205.2s | pag=1590 | files=4648 | data=1515 | cola=8982 | prio=10 | https://catalog.data.gov/?keyword=DOE-147
[DATAGOV] t=4206.0s | pag=1591 | files=4648 | data=1516 | cola=8982 | prio=10 | https://catalog.data.gov/?keyword=EAGLE-I
[DATAGOV] t=4207.3s | pag=1592 | files=4648 | data=1517 | cola=8982 | prio=10 | https://catalog.data.gov/?keyword=Events
[DATAGOV] t=4208.1s | pag=1593 | files=4648 | data=1518 | cola=9019 | prio=10 | https://catalog.data.gov/?keyword=Power+outage
[DATAGOV] t=4208.9s | pag=1594 | files=4648 | data=1519 | cola=9029 | prio=10 | https://catalog.data.gov/?keyword=Power+system
[DATAGOV] t=4209.4s | pag=1595 | files=4648 | data=1520 | cola=9029 | prio=10 | https://catalog.data.gov/?keyword=Reliability
[DATAGOV] t=4210.1s | pag=1596 | files=4650 | data=1521 | cola=9062 | prio=10 | https://catalog.data.gov/?keyword=Renewables
[DATAGOV] t=4215.6s | pag=1597 | files=4664 | data=1522 | cola=9088 | prio=10 | https://catalog.data.gov/harvest_record/d98fcfb8-e2ab-4e1c-bf23-58367cec2243/raw
[DATAGOV] t=4216.5s | pag=1597 | files=4665 | data=1522 | cola=9087 | prio=10 | https://catalog.data.gov/dataset/petroleum-data-prices-application-programming-interface-api
[DATAGOV] t=4218.2s | pag=1598 | files=4665 | data=1523 | cola=9092 | prio=10 | https://catalog.data.gov/dataset/dynamically-downscaled-hourly-future-weather-data-with-12-km-resolution-covering-most-of-n
[DATAGOV] t=4223.9s | pag=1599 | files=4673 | data=1524 | cola=9097 | prio=10 | https://catalog.data.gov/dataset/monthly-and-annual-energy-consumption-by-sector
[DATAGOV] DATASETS=1525 | data_html_table | https://catalog.data.gov/dataset/monthly-and-annual-energy-consumption-by-sector
[DATAGOV] t=4224.4s | pag=1600 | files=4673 | data=1525 | cola=9104 | prio=10 | https://catalog.data.gov/dataset/low-income-energy-affordability-data-lead-tool-2022-update
[DATAGOV] t=4314.1s | pag=1601 | files=4733 | data=1526 | cola=9112 | prio=10 | https://catalog.data.gov/dataset/international-energy-data-application-programming-interface-api
[DATAGOV] t=4315.4s | pag=1602 | files=4733 | data=1527 | cola=9120 | prio=10 | https://catalog.data.gov/dataset/u-s-electric-utility-companies-and-rates-look-up-by-zip-code-2024
[DATAGOV] t=4316.3s | pag=1603 | files=4735 | data=1528 | cola=9127 | prio=10 | https://catalog.data.gov/dataset/lbnl-fault-detection-and-diagnostics-datasets
[DATAGOV] t=4317.1s | pag=1604 | files=4736 | data=1529 | cola=9135 | prio=10 | https://catalog.data.gov/dataset/osti-gov
[DATAGOV] t=4317.8s | pag=1605 | files=4736 | data=1530 | cola=9142 | prio=10 | https://catalog.data.gov/dataset/international-energy-statistics
[DATAGOV] t=4318.9s | pag=1606 | files=4736 | data=1531 | cola=9149 | prio=10 | https://catalog.data.gov/?keyword=DuraMAT
[DATAGOV] t=4319.5s | pag=1607 | files=4736 | data=1532 | cola=9149 | prio=10 | https://catalog.data.gov/?keyword=PV
[DATAGOV] t=4320.4s | pag=1608 | files=4741 | data=1533 | cola=9178 | prio=10 | https://catalog.data.gov/?keyword=PV+Fleets
[DATAGOV] t=4321.1s | pag=1609 | files=4741 | data=1534 | cola=9178 | prio=10 | https://catalog.data.gov/?keyword=PV+performance
[DATAGOV] t=4321.9s | pag=1610 | files=4741 | data=1535 | cola=9178 | prio=10 | https://catalog.data.gov/?keyword=PVDAQ
[DATAGOV] t=4322.6s | pag=1611 | files=4741 | data=1536 | cola=9178 | prio=10 | https://catalog.data.gov/?keyword=climate
[DATAGOV] t=4323.7s | pag=1612 | files=4741 | data=1537 | cola=9205 | prio=10 | https://catalog.data.gov/?keyword=degradation
[DATAGOV] t=4330.6s | pag=1613 | files=4745 | data=1538 | cola=9239 | prio=10 | https://catalog.data.gov/harvest_record/4951fc3c-5005-4735-a723-5558854a8493/raw
[DATAGOV] t=4331.2s | pag=1613 | files=4746 | data=1538 | cola=9238 | prio=10 | https://catalog.data.gov/?keyword=Christmas+trees
[DATAGOV] t=4333.0s | pag=1614 | files=4746 | data=1539 | cola=9239 | prio=10 | https://catalog.data.gov/harvest_record/a55fa809-9e58-443c-a7bf-85eb9130a14b/raw
[DATAGOV] t=4334.0s | pag=1614 | files=4747 | data=1539 | cola=9238 | prio=10 | https://catalog.data.gov/harvest_record/6e353703-8fa1-4558-8540-0eb634e2a802/raw
[DATAGOV] t=4335.6s | pag=1614 | files=4747 | data=1539 | cola=9237 | prio=10 | https://catalog.data.gov/?keyword=CCS
[DATAGOV] t=4337.4s | pag=1615 | files=4748 | data=1540 | cola=9250 | prio=10 | https://catalog.data.gov/?keyword=CSP
[DATAGOV] t=4338.4s | pag=1616 | files=4749 | data=1541 | cola=9269 | prio=10 | https://catalog.data.gov/?keyword=LCOE
[DATAGOV] t=4344.5s | pag=1617 | files=4787 | data=1542 | cola=9291 | prio=10 | https://catalog.data.gov/?keyword=battery+storage
[DATAGOV] t=4345.1s | pag=1618 | files=4787 | data=1543 | cola=9295 | prio=10 | https://catalog.data.gov/?keyword=capacity+factor
[DATAGOV] t=4347.6s | pag=1619 | files=4790 | data=1544 | cola=9314 | prio=10 | https://catalog.data.gov/?keyword=capital+expenditures
[DATAGOV] t=4354.4s | pag=1620 | files=4794 | data=1545 | cola=9322 | prio=10 | https://catalog.data.gov/harvest_record/8e16be16-d413-4ec5-9533-65a54a33954f/raw
[DATAGOV] t=4355.1s | pag=1620 | files=4795 | data=1545 | cola=9321 | prio=10 | https://catalog.data.gov/?keyword=age
[DATAGOV] t=4357.0s | pag=1621 | files=4795 | data=1546 | cola=9349 | prio=10 | https://catalog.data.gov/?keyword=age+group
[DATAGOV] t=4357.9s | pag=1622 | files=4795 | data=1547 | cola=9382 | prio=10 | https://catalog.data.gov/?keyword=coronavirus
[DATAGOV] t=4358.9s | pag=1623 | files=4795 | data=1548 | cola=9401 | prio=10 | https://catalog.data.gov/?keyword=death+rate
[DATAGOV] t=4359.6s | pag=1624 | files=4795 | data=1549 | cola=9412 | prio=10 | https://catalog.data.gov/?keyword=deaths
[DATAGOV] DATASETS=1550 | exportable_data_page | https://catalog.data.gov/?keyword=deaths
[DATAGOV] t=4360.7s | pag=1625 | files=4795 | data=1550 | cola=9437 | prio=10 | https://catalog.data.gov/?keyword=hhs+region
[DATAGOV] t=4361.4s | pag=1626 | files=4795 | data=1551 | cola=9452 | prio=10 | https://catalog.data.gov/?keyword=hispanic+origin
[DATAGOV] t=4362.2s | pag=1627 | files=4795 | data=1552 | cola=9481 | prio=10 | https://catalog.data.gov/harvest_record/574247d3-2540-4522-832d-4847b9790f33/raw
[DATAGOV] t=4362.9s | pag=1627 | files=4796 | data=1552 | cola=9480 | prio=10 | https://catalog.data.gov/?keyword=Linear
[DATAGOV] t=4364.7s | pag=1628 | files=4796 | data=1553 | cola=9513 | prio=10 | https://catalog.data.gov/?keyword=Feature
[DATAGOV] t=4365.5s | pag=1629 | files=4796 | data=1554 | cola=9533 | prio=10 | https://catalog.data.gov/?keyword=Address+Range
[DATAGOV] t=4366.6s | pag=1630 | files=4796 | data=1555 | cola=9565 | prio=10 | https://catalog.data.gov/?keyword=Street+Centerline
[DATAGOV] t=4367.9s | pag=1631 | files=4796 | data=1556 | cola=9584 | prio=10 | https://catalog.data.gov/?keyword=Road+Feature
[DATAGOV] t=4368.7s | pag=1632 | files=4796 | data=1557 | cola=9603 | prio=10 | https://catalog.data.gov/?keyword=Roads
[DATAGOV] t=4369.6s | pag=1633 | files=4796 | data=1558 | cola=9622 | prio=10 | https://catalog.data.gov/harvest_record/98be5daa-eee6-414a-ac0d-81fff184bea5/raw
[DATAGOV] t=4370.6s | pag=1633 | files=4796 | data=1558 | cola=9621 | prio=10 | https://resources.data.gov/resources/podm-field-mapping/
[DATAGOV] t=4372.6s | pag=1634 | files=4806 | data=1559 | cola=9621 | prio=10 | https://catalog.data.gov/dataset/farmers-markets-directory-and-geographic-data
[DATAGOV] t=4374.3s | pag=1635 | files=4806 | data=1560 | cola=9629 | prio=10 | https://resources.data.gov/open-licenses/
[DATAGOV] t=4375.1s | pag=1636 | files=4806 | data=1560 | cola=9629 | prio=10 | https://resources.data.gov/schemas/dcat-us/v1.1/iso8601_guidance
[DATAGOV] t=4376.1s | pag=1637 | files=4806 | data=1561 | cola=9628 | prio=10 | https://resources.data.gov/categories/skills-development
[DATAGOV] t=4377.6s | pag=1637 | files=4806 | data=1561 | cola=9627 | prio=10 | https://resources.data.gov/standards
[DATAGOV] t=4379.3s | pag=1638 | files=4806 | data=1561 | cola=9626 | prio=10 | https://resources.data.gov/standards/catalog
[DATAGOV] t=4383.9s | pag=1639 | files=4807 | data=1561 | cola=9628 | prio=10 | https://resources.data.gov/standards/communities
[DATAGOV] t=4385.3s | pag=1640 | files=4807 | data=1561 | cola=9627 | prio=10 | https://resources.data.gov/standards/guidance
[DATAGOV] t=4386.6s | pag=1641 | files=4807 | data=1561 | cola=9626 | prio=10 | https://resources.data.gov/standards/concepts
[DATAGOV] t=4387.7s | pag=1642 | files=4807 | data=1561 | cola=9624 | prio=10 | https://inventory.data.gov/dataset/
[DATAGOV] t=4389.4s | pag=1642 | files=4807 | data=1561 | cola=9623 | prio=10 | https://inventory.data.gov/organization/
[DATAGOV] t=4391.0s | pag=1642 | files=4807 | data=1561 | cola=9622 | prio=10 | https://inventory.data.gov/group/
[DATAGOV] t=4392.7s | pag=1642 | files=4807 | data=1561 | cola=9621 | prio=10 | https://inventory.data.gov/about
[DATAGOV] t=4394.8s | pag=1643 | files=4807 | data=1561 | cola=9620 | prio=10 | https://catalog.data.gov/dataset
[DATAGOV] t=4395.5s | pag=1643 | files=4807 | data=1561 | cola=9619 | prio=10 | https://resources.data.gov/orientation/
[DATAGOV] t=4396.6s | pag=1644 | files=4807 | data=1561 | cola=9618 | prio=10 | https://resources.data.gov/data-federation/
[DATAGOV] t=4397.6s | pag=1645 | files=4807 | data=1561 | cola=9617 | prio=10 | https://resources.data.gov/resources/dcat-us-3-catalog/
[DATAGOV] t=4398.7s | pag=1646 | files=4807 | data=1561 | cola=9615 | prio=10 | https://resources.data.gov/open-data
[DATAGOV] t=4399.8s | pag=1647 | files=4807 | data=1561 | cola=9614 | prio=10 | https://resources.data.gov/categories/communities/
[DATAGOV] t=4401.0s | pag=1648 | files=4807 | data=1562 | cola=9613 | prio=10 | https://www.data.gov/events
[DATAGOV] t=4404.3s | pag=1648 | files=4807 | data=1562 | cola=9612 | prio=10 | https://data.gov/events
[DATAGOV] t=4405.7s | pag=1648 | files=4807 | data=1562 | cola=9611 | prio=10 | https://resources.data.gov/PoD/IDC/
[DATAGOV] t=4406.7s | pag=1649 | files=4807 | data=1563 | cola=9610 | prio=10 | https://resources.data.gov/resources/dcat-us
[DATAGOV] t=4407.8s | pag=1649 | files=4807 | data=1563 | cola=9609 | prio=10 | https://resources.data.gov/PoD/principles/
[DATAGOV] t=4409.2s | pag=1650 | files=4807 | data=1563 | cola=9609 | prio=10 | https://resources.data.gov/guidance_tags/m-13-13
[DATAGOV] t=4410.3s | pag=1651 | files=4807 | data=1563 | cola=9608 | prio=10 | https://resources.data.gov/categories/case-studies-examples
[DATAGOV] t=4411.2s | pag=1651 | files=4807 | data=1563 | cola=9607 | prio=10 | https://resources.data.gov/guidance_tags/fds-practice-03-champion-data-use
[DATAGOV] t=4413.5s | pag=1652 | files=4807 | data=1563 | cola=9606 | prio=10 | https://resources.data.gov/guidance_tags/fds-practice-05-prepare-to-share
[DATAGOV] t=4414.4s | pag=1653 | files=4807 | data=1563 | cola=9605 | prio=10 | https://resources.data.gov/guidance_tags/fds-practice-10-provide-resources-explicitly-to-leverage-data-assets
[DATAGOV] t=4415.3s | pag=1654 | files=4807 | data=1563 | cola=9604 | prio=10 | https://resources.data.gov/guidance_tags/fds-practice-17-recognize-the-value-of-data-assets
[DATAGOV] t=4416.3s | pag=1655 | files=4807 | data=1563 | cola=9603 | prio=10 | https://resources.data.gov/guidance_tags/fds-practice-25-coordinate-federal-data-assets
[DATAGOV] t=4417.4s | pag=1656 | files=4807 | data=1563 | cola=9602 | prio=10 | https://resources.data.gov/guidance_tags/fds-practice-26-share-data-between-state-local-and-tribal-governments-and-federal-agencies
[DATAGOV] t=4418.8s | pag=1657 | files=4807 | data=1563 | cola=9601 | prio=10 | https://resources.data.gov/guidance_tags/fds-practice-33-promote-wide-access
[DATAGOV] t=4419.7s | pag=1658 | files=4807 | data=1563 | cola=9600 | prio=10 | https://resources.data.gov/guidance_tags/fds-practice-36-leverage-partnerships
[DATAGOV] t=4421.0s | pag=1659 | files=4807 | data=1563 | cola=9599 | prio=10 | https://resources.data.gov/guidance_tags/fds-practice-38-leverage-collaborative-computing-platforms
[DATAGOV] t=4422.0s | pag=1660 | files=4807 | data=1563 | cola=9598 | prio=10 | https://resources.data.gov/guidance_tags/fds-principle-05-harness-existing-data
[DATAGOV] t=4423.2s | pag=1661 | files=4807 | data=1563 | cola=9597 | prio=10 | https://strategy.data.gov/overview
[DATAGOV] t=4425.0s | pag=1661 | files=4807 | data=1563 | cola=9596 | prio=10 | https://strategy.data.gov/action-plan
[DATAGOV] t=4426.5s | pag=1661 | files=4807 | data=1563 | cola=9595 | prio=10 | https://strategy.data.gov/news/2020/12/01/data-skills-catalog-and-data-ethics-framework/
[DATAGOV] t=4428.0s | pag=1662 | files=4807 | data=1563 | cola=9594 | prio=10 | https://strategy.data.gov/news/2020/11/30/agencies-continue-progress-on-fds-q3/
[DATAGOV] t=4429.1s | pag=1663 | files=4809 | data=1563 | cola=9594 | prio=10 | https://strategy.data.gov/news/2020/08/06/Agencies-Overcome-COVID-19-Challenges-to-Progress-on-FDS-2020AP/
[DATAGOV] t=4430.2s | pag=1664 | files=4809 | data=1563 | cola=9593 | prio=10 | https://strategy.data.gov/news/2020/07/23/Agencies-Continue-Progress-on-FDS-2020-Action-Plan/
[DATAGOV] t=4431.3s | pag=1665 | files=4809 | data=1563 | cola=9592 | prio=10 | https://strategy.data.gov/news/2020/06/22/fds-team-offers-detail-opportunity/
[DATAGOV] t=4432.4s | pag=1666 | files=4809 | data=1563 | cola=9591 | prio=10 | https://strategy.data.gov/news/2020/06/10/new-federal-cdo-council-chair/
[DATAGOV] t=4433.4s | pag=1667 | files=4809 | data=1563 | cola=9590 | prio=10 | https://strategy.data.gov/news/2020/06/08/fds-publishes-data-skills-assessment-playbook/
[DATAGOV] t=4434.1s | pag=1668 | files=4809 | data=1563 | cola=9589 | prio=10 | https://strategy.data.gov/news/2020/06/03/omb-accepting-applications-for-chief-statistician/
[DATAGOV] t=4435.2s | pag=1669 | files=4809 | data=1563 | cola=9588 | prio=10 | https://strategy.data.gov/news/2020/05/14/due-to-covid19-response-2020-action-plan-june-target-dates-are-extended/
[DATAGOV] t=4436.3s | pag=1670 | files=4809 | data=1563 | cola=9587 | prio=10 | https://strategy.data.gov/news/2020/04/24/agencies-make-progress-on-the-fds-2020-action-plan/
[DATAGOV] t=4437.2s | pag=1671 | files=4809 | data=1563 | cola=9587 | prio=10 | https://strategy.data.gov/news/2020/02/28/federal-data-strategy-publishes-new-playbook/
[DATAGOV] t=4437.9s | pag=1672 | files=4809 | data=1563 | cola=9586 | prio=10 | https://strategy.data.gov/news/2020/02/28/agencies-continue-progress-on-fds/
[DATAGOV] t=4438.8s | pag=1673 | files=4809 | data=1563 | cola=9585 | prio=10 | https://strategy.data.gov/news/2020/01/31/federal-chief-data-officers-council-holds-inaugural-meeting/
[DATAGOV] t=4439.8s | pag=1674 | files=4809 | data=1563 | cola=9584 | prio=10 | https://strategy.data.gov/news/2019/12/23/administration-releases-federa-data-strategy-2020-action-plan/
[DATAGOV] t=4440.6s | pag=1675 | files=4809 | data=1563 | cola=9583 | prio=10 | https://strategy.data.gov/news/2019/07/18/call-for-federal-data-strategy-detailees/
[DATAGOV] t=4441.6s | pag=1676 | files=4809 | data=1563 | cola=9582 | prio=10 | https://strategy.data.gov/news/2019/07/03/comment-on-2019-2020-federal-data-strategy-action-plan-by-july-8/
[DATAGOV] t=4442.4s | pag=1677 | files=4809 | data=1563 | cola=9581 | prio=10 | https://strategy.data.gov/news/2019/07/02/call-for-federal-data-strategy-working-members/
[DATAGOV] t=4443.6s | pag=1678 | files=4809 | data=1563 | cola=9580 | prio=10 | https://strategy.data.gov/news/2019/06/04/comment-on-federal-data-strategy-action-plan/
[DATAGOV] t=4444.5s | pag=1679 | files=4809 | data=1563 | cola=9579 | prio=10 | https://strategy.data.gov/news/2019/01/28/january-deliverables-delayed/
[DATAGOV] t=4445.6s | pag=1680 | files=4809 | data=1563 | cola=9578 | prio=10 | https://strategy.data.gov/news/2018/10/03/meet-working-group-leaders/
[DATAGOV] t=4446.4s | pag=1681 | files=4809 | data=1563 | cola=9577 | prio=10 | https://strategy.data.gov/news/2018/09/04/whats-new-with-the-federal-data-strategy/
[DATAGOV] t=4447.4s | pag=1682 | files=4809 | data=1563 | cola=9579 | prio=10 | https://www.data.gov/labs
[DATAGOV] t=4449.6s | pag=1682 | files=4809 | data=1563 | cola=9578 | prio=10 | https://strategy.data.gov/team/
[DATAGOV] t=4450.6s | pag=1683 | files=4809 | data=1563 | cola=9577 | prio=10 | https://catalog.data.gov/dataset/fy-2025-disability-compensation-recipients-by-county?from_hint=eyJrZXl3b3JkIjoiY29tcGVuc2F0aW9uIn0%3D
[DATAGOV] t=4452.0s | pag=1684 | files=4809 | data=1564 | cola=9576 | prio=10 | https://catalog.data.gov/dataset/fy-2024-disability-compensation-recipients-by-county?from_hint=eyJrZXl3b3JkIjoiY29tcGVuc2F0aW9uIn0%3D
[DATAGOV] t=4453.0s | pag=1685 | files=4809 | data=1565 | cola=9575 | prio=10 | https://catalog.data.gov/dataset/fy-2014-disability-compensation-and-pension-recipients-by-county-report-cp-by-county?from_hint=eyJrZXl3b3JkIjoiY29tcGVuc2F0aW9uIn0%3D
[DATAGOV] t=4453.9s | pag=1686 | files=4809 | data=1566 | cola=9574 | prio=10 | https://catalog.data.gov/dataset/fy-2023-disability-compensation-recipients-by-county?from_hint=eyJrZXl3b3JkIjoiY29tcGVuc2F0aW9uIn0%3D
[DATAGOV] t=4454.7s | pag=1687 | files=4809 | data=1567 | cola=9573 | prio=10 | https://catalog.data.gov/dataset/employee-compensation?from_hint=eyJrZXl3b3JkIjoiY29tcGVuc2F0aW9uIn0%3D
[DATAGOV] t=4455.6s | pag=1688 | files=4809 | data=1568 | cola=9572 | prio=10 | https://catalog.data.gov/dataset/consent-decrees?from_hint=eyJrZXl3b3JkIjoiY29tcGVuc2F0aW9uIn0%3D
[DATAGOV] t=4456.3s | pag=1689 | files=4809 | data=1569 | cola=9577 | prio=10 | https://catalog.data.gov/dataset/compensation-and-pension-by-county-2015?from_hint=eyJrZXl3b3JkIjoiY29tcGVuc2F0aW9uIn0%3D
[DATAGOV] t=4457.3s | pag=1690 | files=4809 | data=1570 | cola=9577 | prio=10 | https://catalog.data.gov/dataset/title-and-salary-listing?from_hint=eyJrZXl3b3JkIjoiY29tcGVuc2F0aW9uIn0%3D
[DATAGOV] t=4458.1s | pag=1691 | files=4812 | data=1571 | cola=9578 | prio=10 | https://catalog.data.gov/dataset/title-and-salary-listing
[DATAGOV] t=4458.8s | pag=1692 | files=4812 | data=1572 | cola=9577 | prio=10 | https://catalog.data.gov/dataset/fy2017-compensation-and-pension-recipients-by-county?from_hint=eyJrZXl3b3JkIjoiY29tcGVuc2F0aW9uIn0%3D
[DATAGOV] t=4459.6s | pag=1693 | files=4812 | data=1573 | cola=9578 | prio=10 | https://catalog.data.gov/dataset/fy2017-compensation-and-pension-recipients-by-county
[DATAGOV] t=4460.2s | pag=1694 | files=4812 | data=1574 | cola=9577 | prio=10 | https://catalog.data.gov/dataset/fy-2020-disability-compensation-recipients-by-county?from_hint=eyJrZXl3b3JkIjoiY29tcGVuc2F0aW9uIn0%3D
[DATAGOV] DATASETS=1575 | data_html_table | https://catalog.data.gov/dataset/fy-2020-disability-compensation-recipients-by-county?from_hint=eyJrZXl3b3JkIjoiY29tcGVuc2F0aW9uIn0%3D
[DATAGOV] t=4461.0s | pag=1695 | files=4815 | data=1575 | cola=9581 | prio=10 | https://catalog.data.gov/dataset/fy-2020-disability-compensation-recipients-by-county
[DATAGOV] t=4461.8s | pag=1696 | files=4815 | data=1576 | cola=9580 | prio=10 | https://catalog.data.gov/dataset/annual-compensation?from_hint=eyJrZXl3b3JkIjoiY29tcGVuc2F0aW9uIn0%3D
[DATAGOV] t=4462.8s | pag=1697 | files=4815 | data=1577 | cola=9579 | prio=10 | https://catalog.data.gov/dataset/fy-2019-disability-compensation-recipients-by-county?from_hint=eyJrZXl3b3JkIjoiY29tcGVuc2F0aW9uIn0%3D
[DATAGOV] t=4463.6s | pag=1698 | files=4818 | data=1578 | cola=9583 | prio=10 | https://catalog.data.gov/dataset/fy-2019-disability-compensation-recipients-by-county
[DATAGOV] t=4464.7s | pag=1699 | files=4818 | data=1579 | cola=9582 | prio=10 | https://catalog.data.gov/dataset/complaint-indexes-and-policy-counts-for-insurance-companies?from_hint=eyJrZXl3b3JkIjoiY29tcGVuc2F0aW9uIn0%3D
[DATAGOV] t=4465.5s | pag=1700 | files=4821 | data=1580 | cola=9583 | prio=10 | https://catalog.data.gov/dataset/complaint-indexes-and-policy-counts-for-insurance-companies
[DATAGOV] t=4466.2s | pag=1701 | files=4821 | data=1581 | cola=9582 | prio=10 | https://catalog.data.gov/dataset/salary-information-for-local-authorities?from_hint=eyJrZXl3b3JkIjoiY29tcGVuc2F0aW9uIn0%3D
[DATAGOV] t=4466.9s | pag=1702 | files=4824 | data=1582 | cola=9586 | prio=10 | https://catalog.data.gov/dataset/salary-information-for-local-authorities
[DATAGOV] t=4468.0s | pag=1703 | files=4824 | data=1583 | cola=9585 | prio=10 | https://catalog.data.gov/dataset/compensation-and-pension-by-county-2012?from_hint=eyJrZXl3b3JkIjoiY29tcGVuc2F0aW9uIn0%3D
[DATAGOV] t=4468.8s | pag=1704 | files=4824 | data=1584 | cola=9585 | prio=10 | https://catalog.data.gov/dataset/compensation-and-pension-by-county-2012
[DATAGOV] t=4469.8s | pag=1705 | files=4824 | data=1585 | cola=9584 | prio=10 | https://catalog.data.gov/dataset/public-corporation-statement-of-registration-beginning-2019?from_hint=eyJrZXl3b3JkIjoiY29tcGVuc2F0aW9uIn0%3D
[DATAGOV] t=4470.9s | pag=1706 | files=4827 | data=1586 | cola=9591 | prio=10 | https://catalog.data.gov/dataset/public-corporation-statement-of-registration-beginning-2019
[DATAGOV] t=4472.0s | pag=1707 | files=4827 | data=1587 | cola=9590 | prio=10 | https://catalog.data.gov/dataset/disbursement-of-public-monies-bi-monthly-report-beginning-2019?from_hint=eyJrZXl3b3JkIjoiY29tcGVuc2F0aW9uIn0%3D
[DATAGOV] t=4472.5s | pag=1708 | files=4830 | data=1588 | cola=9592 | prio=10 | https://catalog.data.gov/dataset/disbursement-of-public-monies-bi-monthly-report-beginning-2019
[DATAGOV] t=4473.6s | pag=1709 | files=4830 | data=1589 | cola=9591 | prio=10 | https://catalog.data.gov/dataset/lobbyist-statement-of-registration-beginning-2019?from_hint=eyJrZXl3b3JkIjoiY29tcGVuc2F0aW9uIn0%3D
[DATAGOV] t=4474.6s | pag=1710 | files=4833 | data=1590 | cola=9591 | prio=10 | https://catalog.data.gov/dataset/lobbyist-statement-of-registration-beginning-2019
[DATAGOV] t=4475.3s | pag=1711 | files=4833 | data=1591 | cola=9590 | prio=10 | https://catalog.data.gov/dataset/lobbyist-bi-monthly-reports-beginning-2019?from_hint=eyJrZXl3b3JkIjoiY29tcGVuc2F0aW9uIn0%3D
[DATAGOV] t=4475.9s | pag=1712 | files=4836 | data=1592 | cola=9590 | prio=10 | https://catalog.data.gov/dataset/lobbyist-bi-monthly-reports-beginning-2019
[DATAGOV] t=4476.8s | pag=1713 | files=4836 | data=1593 | cola=9589 | prio=10 | https://catalog.data.gov/dataset/public-corporation-bi-monthly-report-beginning-2019?from_hint=eyJrZXl3b3JkIjoiY29tcGVuc2F0aW9uIn0%3D
[DATAGOV] t=4477.9s | pag=1714 | files=4839 | data=1594 | cola=9589 | prio=10 | https://catalog.data.gov/dataset/public-corporation-bi-monthly-report-beginning-2019
[DATAGOV] t=4478.7s | pag=1715 | files=4839 | data=1595 | cola=9588 | prio=10 | https://catalog.data.gov/dataset/fy-2025-disability-compensation-recipients-by-county?from_hint=eyJrZXl3b3JkIjoiZGlzYWJpbGl0eSBjb21wZW5zYXRpb24ifQ%3D%3D
[DATAGOV] t=4479.7s | pag=1716 | files=4839 | data=1596 | cola=9587 | prio=10 | https://catalog.data.gov/dataset/fy-2024-disability-compensation-recipients-by-county?from_hint=eyJrZXl3b3JkIjoiZGlzYWJpbGl0eSBjb21wZW5zYXRpb24ifQ%3D%3D
[DATAGOV] t=4480.6s | pag=1717 | files=4839 | data=1597 | cola=9586 | prio=10 | https://catalog.data.gov/dataset/fy-2023-disability-compensation-recipients-by-county?from_hint=eyJrZXl3b3JkIjoiZGlzYWJpbGl0eSBjb21wZW5zYXRpb24ifQ%3D%3D
[DATAGOV] t=4481.7s | pag=1718 | files=4839 | data=1598 | cola=9585 | prio=10 | https://catalog.data.gov/dataset/veterans-who-used-disability-compensation-benefits?from_hint=eyJrZXl3b3JkIjoiZGlzYWJpbGl0eSBjb21wZW5zYXRpb24ifQ%3D%3D
[DATAGOV] t=4482.9s | pag=1719 | files=4842 | data=1599 | cola=9585 | prio=10 | https://catalog.data.gov/dataset/veterans-who-used-disability-compensation-benefits
[DATAGOV] DATASETS=1600 | data_html_table | https://catalog.data.gov/dataset/veterans-who-used-disability-compensation-benefits
[DATAGOV] t=4483.6s | pag=1720 | files=4842 | data=1600 | cola=9584 | prio=10 | https://catalog.data.gov/dataset/fy08-veterans-compensation-and-pension-by-county?from_hint=eyJrZXl3b3JkIjoiZGlzYWJpbGl0eSBjb21wZW5zYXRpb24ifQ%3D%3D
[DATAGOV] t=4484.2s | pag=1721 | files=4843 | data=1601 | cola=9585 | prio=10 | https://catalog.data.gov/dataset/fy08-veterans-compensation-and-pension-by-county
[DATAGOV] t=4485.4s | pag=1722 | files=4843 | data=1602 | cola=9584 | prio=10 | https://catalog.data.gov/dataset/veteran-compensation-expenditures-by-state-of-residence-and-age-group-fy-2024?from_hint=eyJrZXl3b3JkIjoiZGlzYWJpbGl0eSBjb21wZW5zYXRpb24ifQ%3D%3D
[DATAGOV] t=4486.5s | pag=1723 | files=4846 | data=1603 | cola=9585 | prio=10 | https://catalog.data.gov/dataset/veteran-compensation-expenditures-by-state-of-residence-and-age-group-fy-2024
[DATAGOV] t=4487.6s | pag=1724 | files=4846 | data=1604 | cola=9584 | prio=10 | https://catalog.data.gov/dataset/fy07-veterans-compensation-and-pension-by-county?from_hint=eyJrZXl3b3JkIjoiZGlzYWJpbGl0eSBjb21wZW5zYXRpb24ifQ%3D%3D
[DATAGOV] t=4488.4s | pag=1725 | files=4846 | data=1605 | cola=9584 | prio=10 | https://catalog.data.gov/dataset/fy07-veterans-compensation-and-pension-by-county
[DATAGOV] t=4489.5s | pag=1726 | files=4846 | data=1606 | cola=9583 | prio=10 | https://catalog.data.gov/dataset/gulf-war-pre-9-11-veterans-trends-in-cumulative-users-by-va-program?from_hint=eyJrZXl3b3JkIjoiZGlzYWJpbGl0eSBjb21wZW5zYXRpb24ifQ%3D%3D
[DATAGOV] t=4490.7s | pag=1727 | files=4849 | data=1607 | cola=9588 | prio=10 | https://catalog.data.gov/dataset/gulf-war-pre-9-11-veterans-trends-in-cumulative-users-by-va-program
[DATAGOV] t=4491.8s | pag=1728 | files=4849 | data=1608 | cola=9587 | prio=10 | https://catalog.data.gov/dataset/fy09-compensation-and-pension-recipients-by-county?from_hint=eyJrZXl3b3JkIjoiZGlzYWJpbGl0eSBjb21wZW5zYXRpb24ifQ%3D%3D
[DATAGOV] t=4492.5s | pag=1729 | files=4853 | data=1609 | cola=9587 | prio=10 | https://catalog.data.gov/dataset/fy09-compensation-and-pension-recipients-by-county
[DATAGOV] t=4493.6s | pag=1730 | files=4853 | data=1610 | cola=9586 | prio=10 | https://catalog.data.gov/dataset/gulf-war-pre-9-11-veterans-trends-in-users-by-va-program?from_hint=eyJrZXl3b3JkIjoiZGlzYWJpbGl0eSBjb21wZW5zYXRpb24ifQ%3D%3D
[DATAGOV] t=4494.7s | pag=1731 | files=4856 | data=1611 | cola=9587 | prio=10 | https://catalog.data.gov/dataset/gulf-war-pre-9-11-veterans-trends-in-users-by-va-program
[DATAGOV] t=4498.0s | pag=1732 | files=4856 | data=1612 | cola=9586 | prio=10 | https://catalog.data.gov/dataset/pre-9-11-gulf-war-cohort?from_hint=eyJrZXl3b3JkIjoiZGlzYWJpbGl0eSBjb21wZW5zYXRpb24ifQ%3D%3D
[DATAGOV] t=4499.1s | pag=1733 | files=4856 | data=1613 | cola=9586 | prio=10 | https://catalog.data.gov/dataset/pact-act-performance-dashboard?from_hint=eyJrZXl3b3JkIjoiZGlzYWJpbGl0eSBjb21wZW5zYXRpb24ifQ%3D%3D
[DATAGOV] t=4499.9s | pag=1734 | files=4856 | data=1614 | cola=9588 | prio=10 | https://catalog.data.gov/dataset/fy-2025-disability-compensation-recipients-by-county?from_hint=eyJrZXl3b3JkIjoiZnkgMjAyNSJ9
[DATAGOV] t=4500.7s | pag=1735 | files=4856 | data=1615 | cola=9587 | prio=10 | https://catalog.data.gov/dataset/fy-2025-pension-recipients-by-state?from_hint=eyJrZXl3b3JkIjoiZnkgMjAyNSJ9
[DATAGOV] t=4501.6s | pag=1736 | files=4859 | data=1616 | cola=9592 | prio=10 | https://catalog.data.gov/dataset/fy-2025-pension-recipients-by-state
[DATAGOV] t=4502.7s | pag=1737 | files=4859 | data=1617 | cola=9591 | prio=10 | https://catalog.data.gov/dataset/state-of-iowa-salary-book-fy-2025?from_hint=eyJrZXl3b3JkIjoiZnkgMjAyNSJ9
[DATAGOV] t=4503.8s | pag=1738 | files=4861 | data=1618 | cola=9595 | prio=10 | https://catalog.data.gov/organization/iowa
[DATAGOV] t=4505.2s | pag=1739 | files=4861 | data=1619 | cola=9612 | prio=10 | https://catalog.data.gov/dataset/state-of-iowa-salary-book-fy-2025
[DATAGOV] t=4506.5s | pag=1740 | files=4861 | data=1620 | cola=9611 | prio=10 | https://catalog.data.gov/dataset/fy-2025-disability-compensation-recipients-by-county?from_hint=eyJrZXl3b3JkIjoiZnkgMjAyNSBjb21wIn0%3D
[DATAGOV] t=4507.1s | pag=1741 | files=4861 | data=1621 | cola=9610 | prio=10 | https://catalog.data.gov/dataset/fy-2025-disability-compensation-recipients-by-county?from_hint=eyJrZXl3b3JkIjoiZnkgMjAyNSBjb21wZW5zYXRpb24ifQ%3D%3D
[DATAGOV] t=4508.0s | pag=1742 | files=4861 | data=1622 | cola=9609 | prio=10 | https://catalog.data.gov/dataset/fy-2025-disability-compensation-recipients-by-county?from_hint=eyJrZXl3b3JkIjoiZnkgMjAyNSBkaXNhYmlsaXR5IGNvbXAifQ%3D%3D
[DATAGOV] t=4508.5s | pag=1743 | files=4861 | data=1623 | cola=9608 | prio=10 | https://catalog.data.gov/dataset/fy-2025-disability-compensation-recipients-by-county?from_hint=eyJrZXl3b3JkIjoiZnkgMjAyNSBkaXNhYmlsaXR5IGNvbXBlbnNhdGlvbiJ9
[DATAGOV] t=4509.3s | pag=1744 | files=4861 | data=1624 | cola=9607 | prio=10 | https://catalog.data.gov/dataset/fy-2025-disability-compensation-recipients-by-county?from_hint=eyJrZXl3b3JkIjoiZnkgMjUifQ%3D%3D
[DATAGOV] DATASETS=1625 | data_html_table | https://catalog.data.gov/dataset/fy-2025-disability-compensation-recipients-by-county?from_hint=eyJrZXl3b3JkIjoiZnkgMjUifQ%3D%3D
[DATAGOV] t=4510.5s | pag=1745 | files=4861 | data=1625 | cola=9606 | prio=10 | https://catalog.data.gov/dataset/fy-2025-pension-recipients-by-state?from_hint=eyJrZXl3b3JkIjoiZnkgMjUifQ%3D%3D
[DATAGOV] t=4511.5s | pag=1746 | files=4861 | data=1626 | cola=9605 | prio=10 | https://catalog.data.gov/dataset/fy-2025-disability-compensation-recipients-by-county?from_hint=eyJrZXl3b3JkIjoiIn0%3D
[DATAGOV] t=4512.5s | pag=1747 | files=4861 | data=1627 | cola=9604 | prio=10 | https://catalog.data.gov/dataset/2015-16-harassment-or-bullying-by-basis-category-civil-rights-data-collection?from_hint=eyJrZXl3b3JkIjoiIn0%3D
[DATAGOV] t=4513.4s | pag=1748 | files=4861 | data=1628 | cola=9603 | prio=10 | https://catalog.data.gov/dataset/supply-chain-greenhouse-gas-emission-factors-v1-3-by-naics-6?from_hint=eyJrZXl3b3JkIjoiIn0%3D
[DATAGOV] t=4514.4s | pag=1749 | files=4861 | data=1629 | cola=9602 | prio=10 | https://catalog.data.gov/dataset/2017-18-arrests-civil-rights-data-collection?from_hint=eyJrZXl3b3JkIjoiIn0%3D
[DATAGOV] t=4515.3s | pag=1750 | files=4861 | data=1630 | cola=9601 | prio=10 | https://catalog.data.gov/dataset/electric-vehicle-population-data?from_hint=eyJrZXl3b3JkIjoiIn0%3D
[DATAGOV] t=4516.4s | pag=1751 | files=4861 | data=1631 | cola=9600 | prio=10 | https://catalog.data.gov/dataset/jpl-small-body-database-browser?from_hint=eyJrZXl3b3JkIjoiIn0%3D
[DATAGOV] t=4517.1s | pag=1752 | files=4861 | data=1632 | cola=9599 | prio=10 | https://catalog.data.gov/dataset/civil-rights-data-collection-crdc-for-the-2017-18-school-year?from_hint=eyJrZXl3b3JkIjoiIn0%3D
[DATAGOV] t=4517.9s | pag=1753 | files=4861 | data=1633 | cola=9598 | prio=10 | https://catalog.data.gov/dataset/lottery-powerball-winning-numbers-beginning-2010?from_hint=eyJrZXl3b3JkIjoiIn0%3D
[DATAGOV] t=4519.0s | pag=1754 | files=4861 | data=1634 | cola=9597 | prio=10 | https://catalog.data.gov/dataset/form-n-port-data-sets?from_hint=eyJrZXl3b3JkIjoiIn0%3D
[DATAGOV] t=4520.1s | pag=1755 | files=4861 | data=1635 | cola=9596 | prio=10 | https://catalog.data.gov/dataset/baby-names-from-social-security-card-applications-national-data?from_hint=eyJrZXl3b3JkIjoiIn0%3D
[DATAGOV] t=4520.9s | pag=1756 | files=4861 | data=1636 | cola=9595 | prio=10 | https://catalog.data.gov/dataset/crime-data-from-2020-to-present?from_hint=eyJrZXl3b3JkIjoiIn0%3D
[DATAGOV] t=4521.9s | pag=1757 | files=4861 | data=1637 | cola=9594 | prio=10 | https://catalog.data.gov/dataset/2013-14-mathematics-and-science-civil-rights-data-collection?from_hint=eyJrZXl3b3JkIjoiIn0%3D
[DATAGOV] t=4523.0s | pag=1758 | files=4861 | data=1638 | cola=9593 | prio=10 | https://catalog.data.gov/dataset/business-lookup?from_hint=eyJrZXl3b3JkIjoiIn0%3D
[DATAGOV] t=4523.8s | pag=1759 | files=4861 | data=1639 | cola=9592 | prio=10 | https://catalog.data.gov/dataset/civil-rights-data-collection-crdc-for-the-2015-16-school-year?from_hint=eyJrZXl3b3JkIjoiIn0%3D
[DATAGOV] t=4524.8s | pag=1760 | files=4861 | data=1640 | cola=9591 | prio=10 | https://catalog.data.gov/dataset/2017-18-harassment-or-bullying-civil-rights-data-collection?from_hint=eyJrZXl3b3JkIjoiIn0%3D
[DATAGOV] t=4525.5s | pag=1761 | files=4861 | data=1641 | cola=9590 | prio=10 | https://catalog.data.gov/dataset/civil-rights-data-collection-crdc?from_hint=eyJrZXl3b3JkIjoiIn0%3D
[DATAGOV] t=4526.4s | pag=1762 | files=4861 | data=1642 | cola=9589 | prio=10 | https://catalog.data.gov/dataset/warehouse-and-retail-sales?from_hint=eyJrZXl3b3JkIjoiIn0%3D
[DATAGOV] t=4527.5s | pag=1763 | files=4861 | data=1643 | cola=9588 | prio=10 | https://catalog.data.gov/dataset/nps-visitor-use-statistics-data-package-2024?from_hint=eyJrZXl3b3JkIjoiIn0%3D
[DATAGOV] t=4528.6s | pag=1764 | files=4861 | data=1644 | cola=9587 | prio=10 | https://catalog.data.gov/dataset/2017-18-student-enrollment-civil-rights-data-collection?from_hint=eyJrZXl3b3JkIjoiIn0%3D
[DATAGOV] t=4529.3s | pag=1765 | files=4861 | data=1645 | cola=9586 | prio=10 | https://catalog.data.gov/dataset/inventory-of-owned-and-leased-properties-iolp?from_hint=eyJrZXl3b3JkIjoiIn0%3D
[DATAGOV] t=4530.0s | pag=1766 | files=4861 | data=1646 | cola=9585 | prio=10 | https://catalog.data.gov/?keyword=2024
[DATAGOV] t=4531.2s | pag=1767 | files=4865 | data=1647 | cola=9614 | prio=10 | https://catalog.data.gov/?keyword=2024+comp
[DATAGOV] t=4531.9s | pag=1768 | files=4865 | data=1648 | cola=9614 | prio=10 | https://catalog.data.gov/?keyword=2024+compensation
[DATAGOV] t=4532.9s | pag=1769 | files=4865 | data=1649 | cola=9614 | prio=10 | https://catalog.data.gov/?keyword=2024+disability+comp
[DATAGOV] DATASETS=1650 | exportable_data_page | https://catalog.data.gov/?keyword=2024+disability+comp
[DATAGOV] t=4533.8s | pag=1770 | files=4865 | data=1650 | cola=9614 | prio=10 | https://catalog.data.gov/?keyword=2024+disability+compensation
[DATAGOV] t=4534.8s | pag=1771 | files=4865 | data=1651 | cola=9614 | prio=10 | https://catalog.data.gov/?keyword=comp
[DATAGOV] t=4535.8s | pag=1772 | files=4865 | data=1652 | cola=9615 | prio=10 | https://catalog.data.gov/?keyword=disability+comp
[DATAGOV] t=4537.0s | pag=1773 | files=4865 | data=1653 | cola=9615 | prio=10 | https://catalog.data.gov/harvest_record/f074a48d-1466-4a94-afe4-fdd9f53438e9/raw
[DATAGOV] t=4538.0s | pag=1773 | files=4866 | data=1653 | cola=9614 | prio=10 | https://catalog.data.gov/?keyword=drug
[DATAGOV] t=4539.6s | pag=1774 | files=4866 | data=1654 | cola=9647 | prio=10 | https://catalog.data.gov/?keyword=fda
[DATAGOV] t=4540.4s | pag=1775 | files=4866 | data=1655 | cola=9679 | prio=10 | https://catalog.data.gov/?keyword=health
[DATAGOV] t=4541.3s | pag=1776 | files=4866 | data=1656 | cola=9704 | prio=10 | https://catalog.data.gov/?keyword=medication
[DATAGOV] t=4542.0s | pag=1777 | files=4866 | data=1657 | cola=9721 | prio=10 | https://catalog.data.gov/?keyword=pbm
[DATAGOV] t=4542.9s | pag=1778 | files=4866 | data=1658 | cola=9724 | prio=10 | https://catalog.data.gov/?keyword=products
[DATAGOV] t=4544.0s | pag=1779 | files=4866 | data=1659 | cola=9751 | prio=10 | https://catalog.data.gov/?keyword=va
[DATAGOV] t=4545.3s | pag=1780 | files=4866 | data=1660 | cola=9771 | prio=10 | https://catalog.data.gov/?keyword=vanf
[DATAGOV] t=4546.3s | pag=1781 | files=4866 | data=1661 | cola=9771 | prio=10 | https://catalog.data.gov/?collection=VA-VHA-PBM-008
[DATAGOV] t=4547.9s | pag=1782 | files=4866 | data=1662 | cola=9774 | prio=10 | https://catalog.data.gov/harvest_record/c864ef7c-86a3-4ee7-b77b-56ed862596d4/raw
[DATAGOV] t=4548.8s | pag=1782 | files=4867 | data=1662 | cola=9773 | prio=10 | https://catalog.data.gov/?keyword=appeals
[DATAGOV] t=4550.7s | pag=1783 | files=4867 | data=1663 | cola=9800 | prio=10 | https://catalog.data.gov/?keyword=board+of+veterans+appeals
[DATAGOV] t=4551.7s | pag=1784 | files=4867 | data=1664 | cola=9802 | prio=10 | https://catalog.data.gov/harvest_record/6f38d880-8b83-4c65-b606-8e54e14e85f1/raw
[DATAGOV] t=4552.3s | pag=1784 | files=4868 | data=1664 | cola=9801 | prio=10 | https://catalog.data.gov/?keyword=county
[DATAGOV] t=4554.1s | pag=1785 | files=4868 | data=1665 | cola=9822 | prio=10 | https://catalog.data.gov/?keyword=department+of+veterans+affairs
[DATAGOV] t=4554.5s | pag=1786 | files=4868 | data=1666 | cola=9829 | prio=10 | https://catalog.data.gov/?keyword=pension
[DATAGOV] t=4555.3s | pag=1787 | files=4868 | data=1667 | cola=9856 | prio=10 | https://catalog.data.gov/?keyword=veterans
[DATAGOV] t=4556.2s | pag=1788 | files=4868 | data=1668 | cola=9886 | prio=10 | https://catalog.data.gov/harvest_record/49e5ff0d-9911-4f74-952b-7d6ca22e1d93/raw
[DATAGOV] t=4557.1s | pag=1788 | files=4869 | data=1668 | cola=9885 | prio=10 | https://catalog.data.gov/?keyword=2023
[DATAGOV] t=4559.1s | pag=1789 | files=4869 | data=1669 | cola=9913 | prio=10 | https://catalog.data.gov/?keyword=2023+compensation
[DATAGOV] t=4559.5s | pag=1790 | files=4869 | data=1670 | cola=9913 | prio=10 | https://catalog.data.gov/?keyword=2023+disability+compensation
[DATAGOV] t=4560.5s | pag=1791 | files=4869 | data=1671 | cola=9913 | prio=10 | https://catalog.data.gov/?keyword=fy+2023
[DATAGOV] t=4561.8s | pag=1792 | files=4869 | data=1672 | cola=9924 | prio=10 | https://catalog.data.gov/harvest_record/87a3dac7-117d-4572-b708-6fe5e8ff0e9f/raw
[DATAGOV] t=4562.6s | pag=1792 | files=4870 | data=1672 | cola=9923 | prio=10 | https://catalog.data.gov/?keyword=abr
[DATAGOV] t=4564.5s | pag=1793 | files=4870 | data=1673 | cola=9961 | prio=10 | https://catalog.data.gov/?keyword=abr2012
[DATAGOV] t=4565.3s | pag=1794 | files=4870 | data=1674 | cola=9980 | prio=10 | https://catalog.data.gov/?keyword=compensation+benefits+fy12
[DATAGOV] DATASETS=1675 | exportable_data_page | https://catalog.data.gov/?keyword=compensation+benefits+fy12
[DATAGOV] t=4566.4s | pag=1795 | files=4870 | data=1675 | cola=10006 | prio=10 | https://catalog.data.gov/?keyword=dic+benefits
[DATAGOV] t=4567.5s | pag=1796 | files=4870 | data=1676 | cola=10028 | prio=10 | https://catalog.data.gov/?keyword=vba+benefits
[DATAGOV] t=4568.3s | pag=1797 | files=4870 | data=1677 | cola=10052 | prio=10 | https://catalog.data.gov/?collection=VA-VBA-MASTER-2012ABR-001
[DATAGOV] t=4572.3s | pag=1798 | files=4870 | data=1678 | cola=10072 | prio=10 | https://catalog.data.gov/harvest_record/a69ba6b3-3563-48ae-bf6a-7ed81b7822cf/raw
[DATAGOV] t=4573.2s | pag=1798 | files=4871 | data=1678 | cola=10071 | prio=10 | https://catalog.data.gov/?keyword=102-585
[DATAGOV] t=4574.6s | pag=1799 | files=4871 | data=1679 | cola=10071 | prio=10 | https://catalog.data.gov/?keyword=acquistion
[DATAGOV] t=4577.6s | pag=1800 | files=4872 | data=1680 | cola=10073 | prio=10 | https://catalog.data.gov/?keyword=federal
[DATAGOV] t=4578.8s | pag=1801 | files=4872 | data=1681 | cola=10103 | prio=10 | https://catalog.data.gov/?keyword=fss
[DATAGOV] t=4579.4s | pag=1802 | files=4872 | data=1682 | cola=10105 | prio=10 | https://catalog.data.gov/?keyword=law
[DATAGOV] t=4580.2s | pag=1803 | files=4872 | data=1683 | cola=10133 | prio=10 | https://catalog.data.gov/?keyword=pharmaceuticals
[DATAGOV] t=4581.4s | pag=1804 | files=4872 | data=1684 | cola=10162 | prio=10 | https://catalog.data.gov/?keyword=pl
[DATAGOV] t=4581.9s | pag=1805 | files=4872 | data=1685 | cola=10172 | prio=10 | https://catalog.data.gov/harvest_record/480f893f-3a12-46a2-b30c-2dfe3f6f50f6/raw
[DATAGOV] t=4582.9s | pag=1805 | files=4873 | data=1685 | cola=10171 | prio=10 | https://catalog.data.gov/?keyword=disability+pension
[DATAGOV] t=4584.5s | pag=1806 | files=4873 | data=1686 | cola=10174 | prio=10 | https://catalog.data.gov/?keyword=veteran
[DATAGOV] t=4585.4s | pag=1807 | files=4873 | data=1687 | cola=10193 | prio=10 | https://catalog.data.gov/?keyword=veteran+benefits
[DATAGOV] t=4586.1s | pag=1808 | files=4873 | data=1688 | cola=10226 | prio=10 | https://catalog.data.gov/harvest_record/00399f13-2b90-4a21-beef-c615e928f606/raw
[DATAGOV] t=4586.8s | pag=1808 | files=4874 | data=1688 | cola=10225 | prio=10 | https://catalog.data.gov/?keyword=domain
[DATAGOV] t=4588.4s | pag=1809 | files=4874 | data=1689 | cola=10243 | prio=10 | https://catalog.data.gov/?keyword=sql
[DATAGOV] t=4590.8s | pag=1810 | files=4875 | data=1690 | cola=10249 | prio=10 | https://catalog.data.gov/?keyword=visn
[DATAGOV] t=4591.5s | pag=1811 | files=4875 | data=1691 | cola=10255 | prio=10 | https://catalog.data.gov/?keyword=vista
[DATAGOV] t=4592.6s | pag=1812 | files=4875 | data=1692 | cola=10264 | prio=10 | https://catalog.data.gov/?keyword=warehouse
[DATAGOV] t=4593.6s | pag=1813 | files=4876 | data=1693 | cola=10295 | prio=10 | https://catalog.data.gov/harvest_record/9ec5445a-96ac-418a-ac4e-a5ddb2681f75/raw
[DATAGOV] t=4594.1s | pag=1813 | files=4877 | data=1693 | cola=10294 | prio=10 | https://catalog.data.gov/?keyword=assets
[DATAGOV] t=4595.8s | pag=1814 | files=4883 | data=1694 | cola=10318 | prio=10 | https://catalog.data.gov/?keyword=capital
[DATAGOV] t=4596.5s | pag=1815 | files=4883 | data=1695 | cola=10352 | prio=10 | https://catalog.data.gov/?keyword=cost
[DATAGOV] t=4597.6s | pag=1816 | files=4883 | data=1696 | cola=10378 | prio=10 | https://catalog.data.gov/?keyword=maintenance
[DATAGOV] t=4598.6s | pag=1817 | files=4896 | data=1697 | cola=10403 | prio=10 | https://catalog.data.gov/?keyword=non-recurring
[DATAGOV] t=4599.4s | pag=1818 | files=4896 | data=1698 | cola=10403 | prio=10 | https://catalog.data.gov/?keyword=tracking
[DATAGOV] t=4610.8s | pag=1819 | files=4902 | data=1699 | cola=10428 | prio=10 | https://catalog.data.gov/harvest_record/19342d3d-75ac-433f-8a74-02baea77f8c5/raw
[DATAGOV] t=4611.3s | pag=1819 | files=4903 | data=1699 | cola=10427 | prio=10 | https://catalog.data.gov/?keyword=2015
[DATAGOV] DATASETS=1700 | exportable_data_page | https://catalog.data.gov/?keyword=2015
[DATAGOV] t=4616.6s | pag=1820 | files=4904 | data=1700 | cola=10453 | prio=10 | https://catalog.data.gov/?keyword=diagnosis
[DATAGOV] t=4617.5s | pag=1821 | files=4904 | data=1701 | cola=10484 | prio=10 | https://catalog.data.gov/?keyword=disorder
[DATAGOV] t=4618.8s | pag=1822 | files=4904 | data=1702 | cola=10489 | prio=10 | https://catalog.data.gov/?keyword=mental+health
[DATAGOV] t=4619.9s | pag=1823 | files=4904 | data=1703 | cola=10519 | prio=10 | https://catalog.data.gov/?keyword=nepec
[DATAGOV] t=4620.7s | pag=1824 | files=4904 | data=1704 | cola=10523 | prio=10 | https://catalog.data.gov/?keyword=post
[DATAGOV] t=4621.5s | pag=1825 | files=4904 | data=1705 | cola=10533 | prio=10 | https://catalog.data.gov/?keyword=ptsd
[DATAGOV] t=4622.3s | pag=1826 | files=4904 | data=1706 | cola=10555 | prio=10 | https://catalog.data.gov/?collection=VA-VHA-10N-014
[DATAGOV] t=4626.0s | pag=1827 | files=4904 | data=1707 | cola=10557 | prio=10 | https://catalog.data.gov/harvest_record/09b8e943-624c-457d-be97-e79efc5d8ca0/raw
[DATAGOV] t=4627.1s | pag=1827 | files=4905 | data=1707 | cola=10556 | prio=10 | https://catalog.data.gov/?keyword=allocation
[DATAGOV] t=4628.9s | pag=1828 | files=4905 | data=1708 | cola=10577 | prio=10 | https://catalog.data.gov/?keyword=budget
[DATAGOV] t=4630.0s | pag=1829 | files=4905 | data=1709 | cola=10609 | prio=10 | https://catalog.data.gov/?keyword=equitable
[DATAGOV] t=4630.7s | pag=1830 | files=4905 | data=1710 | cola=10609 | prio=10 | https://catalog.data.gov/?keyword=resource
[DATAGOV] t=4650.2s | pag=1831 | files=4928 | data=1711 | cola=10635 | prio=10 | https://catalog.data.gov/?keyword=vamc
[DATAGOV] t=4651.4s | pag=1832 | files=4928 | data=1712 | cola=10638 | prio=10 | https://catalog.data.gov/?keyword=vera
[DATAGOV] t=4652.3s | pag=1833 | files=4928 | data=1713 | cola=10639 | prio=10 | https://catalog.data.gov/harvest_record/069a106e-c1e2-455e-ac98-f9be31242953/raw
[DATAGOV] t=4653.1s | pag=1833 | files=4929 | data=1713 | cola=10638 | prio=10 | https://catalog.data.gov/?keyword=fy2024
[DATAGOV] t=4655.1s | pag=1834 | files=4929 | data=1714 | cola=10664 | prio=10 | https://catalog.data.gov/?keyword=hai
[DATAGOV] t=4656.3s | pag=1835 | files=4929 | data=1715 | cola=10699 | prio=10 | https://catalog.data.gov/?keyword=hcahps
[DATAGOV] t=4657.4s | pag=1836 | files=4929 | data=1716 | cola=10710 | prio=10 | https://catalog.data.gov/?keyword=healthcare
[DATAGOV] t=4658.5s | pag=1837 | files=4929 | data=1717 | cola=10737 | prio=10 | https://catalog.data.gov/?keyword=hedis
[DATAGOV] t=4659.7s | pag=1838 | files=4929 | data=1718 | cola=10759 | prio=10 | https://catalog.data.gov/?keyword=hospital
[DATAGOV] t=4660.5s | pag=1839 | files=4929 | data=1719 | cola=10787 | prio=10 | https://catalog.data.gov/harvest_record/6a34474d-9f34-4fea-a6f4-c0b6c8a71cfe/raw
[DATAGOV] t=4661.0s | pag=1839 | files=4930 | data=1719 | cola=10786 | prio=10 | https://catalog.data.gov/?keyword=construction
[DATAGOV] t=4664.5s | pag=1840 | files=4932 | data=1720 | cola=10818 | prio=10 | https://catalog.data.gov/?keyword=environmental
[DATAGOV] t=4665.7s | pag=1841 | files=4932 | data=1721 | cola=10846 | prio=10 | https://catalog.data.gov/harvest_record/9780659a-2125-47b2-af91-14eb935220d2/raw
[DATAGOV] t=4666.5s | pag=1841 | files=4933 | data=1721 | cola=10845 | prio=10 | https://catalog.data.gov/?keyword=rural
[DATAGOV] t=4668.3s | pag=1842 | files=4934 | data=1722 | cola=10876 | prio=10 | https://catalog.data.gov/?keyword=urban
[DATAGOV] t=4679.5s | pag=1843 | files=4940 | data=1723 | cola=10903 | prio=10 | https://catalog.data.gov/?keyword=veteran+population
[DATAGOV] t=4680.6s | pag=1844 | files=4940 | data=1724 | cola=10934 | prio=10 | https://catalog.data.gov/?keyword=vetpop2023
[DATAGOV] DATASETS=1725 | exportable_data_page | https://catalog.data.gov/?keyword=vetpop2023
[DATAGOV] t=4681.6s | pag=1845 | files=4940 | data=1725 | cola=10963 | prio=10 | https://catalog.data.gov/harvest_record/a12f5029-7374-42e0-8f91-37cd86e44cdc/raw
[DATAGOV] t=4682.6s | pag=1845 | files=4941 | data=1725 | cola=10962 | prio=10 | https://catalog.data.gov/?keyword=aids
[DATAGOV] t=4684.5s | pag=1846 | files=4941 | data=1726 | cola=10988 | prio=10 | https://catalog.data.gov/?keyword=batteries
[DATAGOV] t=4685.1s | pag=1847 | files=4941 | data=1727 | cola=11008 | prio=10 | https://catalog.data.gov/?keyword=battery
[DATAGOV] t=4688.1s | pag=1848 | files=4944 | data=1728 | cola=11026 | prio=10 | https://catalog.data.gov/?keyword=cochlear
[DATAGOV] t=4688.9s | pag=1849 | files=4944 | data=1729 | cola=11026 | prio=10 | https://catalog.data.gov/?keyword=denver
[DATAGOV] t=4689.5s | pag=1850 | files=4944 | data=1730 | cola=11064 | prio=10 | https://catalog.data.gov/?keyword=hearing
[DATAGOV] t=4690.4s | pag=1851 | files=4944 | data=1731 | cola=11098 | prio=10 | https://catalog.data.gov/?keyword=impaired
[DATAGOV] t=4691.6s | pag=1852 | files=4944 | data=1732 | cola=11135 | prio=10 | https://catalog.data.gov/harvest_record/52d4aab3-3935-4d41-a5b6-e7a965bc1558/raw
[DATAGOV] t=4692.2s | pag=1852 | files=4945 | data=1732 | cola=11134 | prio=10 | https://catalog.data.gov/?keyword=cancer
[DATAGOV] t=4694.1s | pag=1853 | files=4945 | data=1733 | cola=11161 | prio=10 | https://catalog.data.gov/?keyword=disease
[DATAGOV] t=4697.8s | pag=1854 | files=4947 | data=1734 | cola=11193 | prio=10 | https://catalog.data.gov/?keyword=patient
[DATAGOV] t=4698.9s | pag=1855 | files=4947 | data=1735 | cola=11212 | prio=10 | https://catalog.data.gov/?keyword=registry
[DATAGOV] t=4699.8s | pag=1856 | files=4947 | data=1736 | cola=11238 | prio=10 | https://catalog.data.gov/?keyword=stage
[DATAGOV] t=4700.4s | pag=1857 | files=4947 | data=1737 | cola=11276 | prio=10 | https://catalog.data.gov/?keyword=treatment
[DATAGOV] t=4701.7s | pag=1858 | files=4948 | data=1738 | cola=11308 | prio=10 | https://catalog.data.gov/harvest_record/6de3f293-2446-49a5-b5ee-d74b078c6121/raw
[DATAGOV] t=4702.1s | pag=1858 | files=4949 | data=1738 | cola=11307 | prio=10 | https://catalog.data.gov/?keyword=bar+code
[DATAGOV] t=4703.3s | pag=1859 | files=4949 | data=1739 | cola=11307 | prio=10 | https://catalog.data.gov/?keyword=item
[DATAGOV] t=4704.1s | pag=1860 | files=4949 | data=1740 | cola=11307 | prio=10 | https://catalog.data.gov/?keyword=product
[DATAGOV] t=4704.9s | pag=1861 | files=4949 | data=1741 | cola=11326 | prio=10 | https://catalog.data.gov/?keyword=supply+chain
[DATAGOV] t=4706.0s | pag=1862 | files=4951 | data=1742 | cola=11352 | prio=10 | https://catalog.data.gov/?keyword=unique
[DATAGOV] t=4706.7s | pag=1863 | files=4951 | data=1743 | cola=11353 | prio=10 | https://catalog.data.gov/harvest_record/7d0ad2b3-4f50-44d9-941d-34b9a76c91e4/raw
[DATAGOV] t=4707.4s | pag=1863 | files=4952 | data=1743 | cola=11352 | prio=10 | https://catalog.data.gov/?keyword=benefits+summary
[DATAGOV] t=4709.0s | pag=1864 | files=4952 | data=1744 | cola=11353 | prio=10 | https://catalog.data.gov/?keyword=va+benefits
[DATAGOV] t=4709.7s | pag=1865 | files=4952 | data=1745 | cola=11375 | prio=10 | https://catalog.data.gov/?keyword=va+benefits+summary
[DATAGOV] t=4710.6s | pag=1866 | files=4952 | data=1746 | cola=11376 | prio=10 | https://catalog.data.gov/?collection=VA-VBA-MASTER-MEDIAPUBLICATIONS-001
[DATAGOV] t=4714.0s | pag=1867 | files=4952 | data=1747 | cola=11392 | prio=10 | https://catalog.data.gov/harvest_record/8815c519-6195-400c-acf9-f70942c454da/raw
[DATAGOV] t=4715.0s | pag=1867 | files=4953 | data=1747 | cola=11391 | prio=10 | https://catalog.data.gov/dataset/2015-16-harassment-or-bullying-by-basis-category-civil-rights-data-collection?from_hint=eyJrZXl3b3JkIjoiRWxlbWVudGFyeS1hbmQtc2Vjb25kYXJ5In0%3D
[DATAGOV] t=4716.6s | pag=1868 | files=4953 | data=1748 | cola=11390 | prio=10 | https://catalog.data.gov/dataset/2017-18-arrests-civil-rights-data-collection?from_hint=eyJrZXl3b3JkIjoiRWxlbWVudGFyeS1hbmQtc2Vjb25kYXJ5In0%3D
[DATAGOV] t=4717.7s | pag=1869 | files=4953 | data=1749 | cola=11389 | prio=10 | https://catalog.data.gov/dataset/civil-rights-data-collection-crdc-for-the-2017-18-school-year?from_hint=eyJrZXl3b3JkIjoiRWxlbWVudGFyeS1hbmQtc2Vjb25kYXJ5In0%3D
[DATAGOV] DATASETS=1750 | data_html_table | https://catalog.data.gov/dataset/civil-rights-data-collection-crdc-for-the-2017-18-school-year?from_hint=eyJrZXl3b3JkIjoiRWxlbWVudGFyeS1hbmQtc2Vjb25kYXJ5In0%3D
[DATAGOV] t=4718.6s | pag=1870 | files=4953 | data=1750 | cola=11388 | prio=10 | https://catalog.data.gov/dataset/2013-14-mathematics-and-science-civil-rights-data-collection?from_hint=eyJrZXl3b3JkIjoiRWxlbWVudGFyeS1hbmQtc2Vjb25kYXJ5In0%3D
[DATAGOV] t=4721.3s | pag=1871 | files=4953 | data=1751 | cola=11387 | prio=10 | https://catalog.data.gov/dataset/civil-rights-data-collection-crdc-for-the-2015-16-school-year?from_hint=eyJrZXl3b3JkIjoiRWxlbWVudGFyeS1hbmQtc2Vjb25kYXJ5In0%3D
[DATAGOV] t=4721.9s | pag=1872 | files=4953 | data=1752 | cola=11386 | prio=10 | https://catalog.data.gov/dataset/2017-18-harassment-or-bullying-civil-rights-data-collection?from_hint=eyJrZXl3b3JkIjoiRWxlbWVudGFyeS1hbmQtc2Vjb25kYXJ5In0%3D
[DATAGOV] t=4722.7s | pag=1873 | files=4953 | data=1753 | cola=11385 | prio=10 | https://catalog.data.gov/dataset/civil-rights-data-collection-crdc?from_hint=eyJrZXl3b3JkIjoiRWxlbWVudGFyeS1hbmQtc2Vjb25kYXJ5In0%3D
[DATAGOV] t=4723.8s | pag=1874 | files=4953 | data=1754 | cola=11384 | prio=10 | https://catalog.data.gov/dataset/2017-18-student-enrollment-civil-rights-data-collection?from_hint=eyJrZXl3b3JkIjoiRWxlbWVudGFyeS1hbmQtc2Vjb25kYXJ5In0%3D
[DATAGOV] t=4724.5s | pag=1875 | files=4953 | data=1755 | cola=11383 | prio=10 | https://catalog.data.gov/dataset/2015-16-student-retention-civil-rights-data-collection?from_hint=eyJrZXl3b3JkIjoiRWxlbWVudGFyeS1hbmQtc2Vjb25kYXJ5In0%3D
[DATAGOV] t=4725.6s | pag=1876 | files=4953 | data=1756 | cola=11382 | prio=10 | https://catalog.data.gov/dataset/2013-14-advanced-placement-civil-rights-data-collection?from_hint=eyJrZXl3b3JkIjoiRWxlbWVudGFyeS1hbmQtc2Vjb25kYXJ5In0%3D
[DATAGOV] t=4726.5s | pag=1877 | files=4953 | data=1757 | cola=11381 | prio=10 | https://catalog.data.gov/dataset/2013-14-discipline-civil-rights-data-collection?from_hint=eyJrZXl3b3JkIjoiRWxlbWVudGFyeS1hbmQtc2Vjb25kYXJ5In0%3D
[DATAGOV] t=4727.3s | pag=1878 | files=4953 | data=1758 | cola=11380 | prio=10 | https://catalog.data.gov/dataset/2017-18-discipline-civil-rights-data-collection?from_hint=eyJrZXl3b3JkIjoiRWxlbWVudGFyeS1hbmQtc2Vjb25kYXJ5In0%3D
[DATAGOV] t=4728.3s | pag=1879 | files=4953 | data=1759 | cola=11379 | prio=10 | https://catalog.data.gov/dataset/2015-16-student-enrollment-civil-rights-data-collection?from_hint=eyJrZXl3b3JkIjoiRWxlbWVudGFyeS1hbmQtc2Vjb25kYXJ5In0%3D
[DATAGOV] t=4729.0s | pag=1880 | files=4953 | data=1760 | cola=11378 | prio=10 | https://catalog.data.gov/dataset/2017-18-school-staff-civil-rights-data-collection?from_hint=eyJrZXl3b3JkIjoiRWxlbWVudGFyeS1hbmQtc2Vjb25kYXJ5In0%3D
[DATAGOV] t=4729.6s | pag=1881 | files=4953 | data=1761 | cola=11377 | prio=10 | https://catalog.data.gov/dataset/2017-18-mathematics-and-science-civil-rights-data-collection?from_hint=eyJrZXl3b3JkIjoiRWxlbWVudGFyeS1hbmQtc2Vjb25kYXJ5In0%3D
[DATAGOV] t=4730.7s | pag=1882 | files=4967 | data=1762 | cola=11378 | prio=10 | https://catalog.data.gov/dataset/2017-18-mathematics-and-science-civil-rights-data-collection
[DATAGOV] t=4731.5s | pag=1883 | files=4967 | data=1763 | cola=11377 | prio=10 | https://catalog.data.gov/dataset/2013-14-harassment-or-bullying-by-basis-category?from_hint=eyJrZXl3b3JkIjoiRWxlbWVudGFyeS1hbmQtc2Vjb25kYXJ5In0%3D
[DATAGOV] t=4732.3s | pag=1884 | files=4974 | data=1764 | cola=11377 | prio=10 | https://catalog.data.gov/dataset/2013-14-harassment-or-bullying-by-basis-category
[DATAGOV] t=4733.1s | pag=1885 | files=4974 | data=1765 | cola=11376 | prio=10 | https://catalog.data.gov/dataset/2017-18-advanced-placement-courses-civil-rights-data-collection?from_hint=eyJrZXl3b3JkIjoiRWxlbWVudGFyeS1hbmQtc2Vjb25kYXJ5In0%3D
[DATAGOV] t=4733.9s | pag=1886 | files=4978 | data=1766 | cola=11377 | prio=10 | https://catalog.data.gov/dataset/2017-18-advanced-placement-courses-civil-rights-data-collection
[DATAGOV] t=4734.9s | pag=1887 | files=4978 | data=1767 | cola=11376 | prio=10 | https://catalog.data.gov/dataset/2013-14-enrollment-civil-rights-data-collection?from_hint=eyJrZXl3b3JkIjoiRWxlbWVudGFyeS1hbmQtc2Vjb25kYXJ5In0%3D
[DATAGOV] t=4735.9s | pag=1888 | files=4982 | data=1768 | cola=11376 | prio=10 | https://catalog.data.gov/dataset/2013-14-enrollment-civil-rights-data-collection
[DATAGOV] t=4736.7s | pag=1889 | files=4982 | data=1769 | cola=11375 | prio=10 | https://catalog.data.gov/dataset/2015-16-discipline-civil-rights-data-collection?from_hint=eyJrZXl3b3JkIjoiRWxlbWVudGFyeS1hbmQtc2Vjb25kYXJ5In0%3D
[DATAGOV] t=4737.9s | pag=1890 | files=5001 | data=1770 | cola=11375 | prio=10 | https://catalog.data.gov/dataset/2015-16-discipline-civil-rights-data-collection
[DATAGOV] t=4739.0s | pag=1891 | files=5001 | data=1771 | cola=11374 | prio=10 | https://catalog.data.gov/dataset/2015-16-mathematics-and-science-civil-rights-data-collection?from_hint=eyJrZXl3b3JkIjoiRWxlbWVudGFyeS1hbmQtc2Vjb25kYXJ5In0%3D
[DATAGOV] t=4739.7s | pag=1892 | files=5019 | data=1772 | cola=11375 | prio=10 | https://catalog.data.gov/dataset/2015-16-mathematics-and-science-civil-rights-data-collection
[DATAGOV] t=4740.8s | pag=1893 | files=5019 | data=1773 | cola=11374 | prio=10 | https://catalog.data.gov/dataset/2015-16-harassment-or-bullying-by-basis-category-civil-rights-data-collection?from_hint=eyJrZXl3b3JkIjoiTGFuZ3VhZ2UifQ%3D%3D
[DATAGOV] t=4741.4s | pag=1894 | files=5019 | data=1774 | cola=11373 | prio=10 | https://catalog.data.gov/dataset/2017-18-arrests-civil-rights-data-collection?from_hint=eyJrZXl3b3JkIjoiTGFuZ3VhZ2UifQ%3D%3D
[DATAGOV] DATASETS=1775 | data_html_table | https://catalog.data.gov/dataset/2017-18-arrests-civil-rights-data-collection?from_hint=eyJrZXl3b3JkIjoiTGFuZ3VhZ2UifQ%3D%3D
[DATAGOV] t=4742.3s | pag=1895 | files=5019 | data=1775 | cola=11372 | prio=10 | https://catalog.data.gov/dataset/civil-rights-data-collection-crdc-for-the-2017-18-school-year?from_hint=eyJrZXl3b3JkIjoiTGFuZ3VhZ2UifQ%3D%3D
[DATAGOV] t=4743.1s | pag=1896 | files=5019 | data=1776 | cola=11371 | prio=10 | https://catalog.data.gov/dataset/2013-14-mathematics-and-science-civil-rights-data-collection?from_hint=eyJrZXl3b3JkIjoiTGFuZ3VhZ2UifQ%3D%3D
[DATAGOV] t=4743.9s | pag=1897 | files=5019 | data=1777 | cola=11370 | prio=10 | https://catalog.data.gov/dataset/civil-rights-data-collection-crdc-for-the-2015-16-school-year?from_hint=eyJrZXl3b3JkIjoiTGFuZ3VhZ2UifQ%3D%3D
[DATAGOV] t=4744.9s | pag=1898 | files=5019 | data=1778 | cola=11369 | prio=10 | https://catalog.data.gov/dataset/2017-18-harassment-or-bullying-civil-rights-data-collection?from_hint=eyJrZXl3b3JkIjoiTGFuZ3VhZ2UifQ%3D%3D
[DATAGOV] t=4745.7s | pag=1899 | files=5019 | data=1779 | cola=11368 | prio=10 | https://catalog.data.gov/dataset/2017-18-student-enrollment-civil-rights-data-collection?from_hint=eyJrZXl3b3JkIjoiTGFuZ3VhZ2UifQ%3D%3D
[DATAGOV] t=4746.4s | pag=1900 | files=5019 | data=1780 | cola=11367 | prio=10 | https://catalog.data.gov/dataset/2015-16-student-retention-civil-rights-data-collection?from_hint=eyJrZXl3b3JkIjoiTGFuZ3VhZ2UifQ%3D%3D
[DATAGOV] t=4747.2s | pag=1901 | files=5019 | data=1781 | cola=11366 | prio=10 | https://catalog.data.gov/dataset/2013-14-advanced-placement-civil-rights-data-collection?from_hint=eyJrZXl3b3JkIjoiTGFuZ3VhZ2UifQ%3D%3D
[DATAGOV] t=4748.3s | pag=1902 | files=5019 | data=1782 | cola=11365 | prio=10 | https://catalog.data.gov/dataset/2013-14-discipline-civil-rights-data-collection?from_hint=eyJrZXl3b3JkIjoiTGFuZ3VhZ2UifQ%3D%3D
[DATAGOV] t=4749.4s | pag=1903 | files=5019 | data=1783 | cola=11364 | prio=10 | https://catalog.data.gov/dataset/2017-18-discipline-civil-rights-data-collection?from_hint=eyJrZXl3b3JkIjoiTGFuZ3VhZ2UifQ%3D%3D
[DATAGOV] t=4750.1s | pag=1904 | files=5019 | data=1784 | cola=11363 | prio=10 | https://catalog.data.gov/dataset/2015-16-student-enrollment-civil-rights-data-collection?from_hint=eyJrZXl3b3JkIjoiTGFuZ3VhZ2UifQ%3D%3D
[DATAGOV] t=4751.1s | pag=1905 | files=5019 | data=1785 | cola=11362 | prio=10 | https://catalog.data.gov/dataset/2017-18-school-staff-civil-rights-data-collection?from_hint=eyJrZXl3b3JkIjoiTGFuZ3VhZ2UifQ%3D%3D
[DATAGOV] t=4752.2s | pag=1906 | files=5019 | data=1786 | cola=11361 | prio=10 | https://catalog.data.gov/dataset/2017-18-mathematics-and-science-civil-rights-data-collection?from_hint=eyJrZXl3b3JkIjoiTGFuZ3VhZ2UifQ%3D%3D
[DATAGOV] t=4753.1s | pag=1907 | files=5019 | data=1787 | cola=11360 | prio=10 | https://catalog.data.gov/dataset/2013-14-harassment-or-bullying-by-basis-category?from_hint=eyJrZXl3b3JkIjoiTGFuZ3VhZ2UifQ%3D%3D
[DATAGOV] t=4754.2s | pag=1908 | files=5019 | data=1788 | cola=11359 | prio=10 | https://catalog.data.gov/dataset/2017-18-advanced-placement-courses-civil-rights-data-collection?from_hint=eyJrZXl3b3JkIjoiTGFuZ3VhZ2UifQ%3D%3D
[DATAGOV] t=4755.0s | pag=1909 | files=5019 | data=1789 | cola=11358 | prio=10 | https://catalog.data.gov/dataset/2013-14-enrollment-civil-rights-data-collection?from_hint=eyJrZXl3b3JkIjoiTGFuZ3VhZ2UifQ%3D%3D
[DATAGOV] t=4756.2s | pag=1910 | files=5019 | data=1790 | cola=11357 | prio=10 | https://catalog.data.gov/dataset/2015-16-discipline-civil-rights-data-collection?from_hint=eyJrZXl3b3JkIjoiTGFuZ3VhZ2UifQ%3D%3D
[DATAGOV] t=4757.3s | pag=1911 | files=5019 | data=1791 | cola=11356 | prio=10 | https://catalog.data.gov/dataset/2015-16-mathematics-and-science-civil-rights-data-collection?from_hint=eyJrZXl3b3JkIjoiTGFuZ3VhZ2UifQ%3D%3D
[DATAGOV] t=4758.1s | pag=1912 | files=5019 | data=1792 | cola=11355 | prio=10 | https://catalog.data.gov/dataset/2017-18-preschool-discipline-civil-rights-data-collection?from_hint=eyJrZXl3b3JkIjoiTGFuZ3VhZ2UifQ%3D%3D
[DATAGOV] t=4758.9s | pag=1913 | files=5025 | data=1793 | cola=11356 | prio=10 | https://catalog.data.gov/dataset/2017-18-preschool-discipline-civil-rights-data-collection
[DATAGOV] t=4759.7s | pag=1914 | files=5025 | data=1794 | cola=11355 | prio=10 | https://catalog.data.gov/dataset/2015-16-harassment-or-bullying-by-basis-category-civil-rights-data-collection?from_hint=eyJrZXl3b3JkIjoiY2l2aWwtcmlnaHRzIn0%3D
[DATAGOV] t=4760.6s | pag=1915 | files=5025 | data=1795 | cola=11354 | prio=10 | https://catalog.data.gov/dataset/2017-18-arrests-civil-rights-data-collection?from_hint=eyJrZXl3b3JkIjoiY2l2aWwtcmlnaHRzIn0%3D
[DATAGOV] t=4761.8s | pag=1916 | files=5025 | data=1796 | cola=11353 | prio=10 | https://catalog.data.gov/dataset/civil-rights-data-collection-crdc-for-the-2017-18-school-year?from_hint=eyJrZXl3b3JkIjoiY2l2aWwtcmlnaHRzIn0%3D
[DATAGOV] t=4762.9s | pag=1917 | files=5025 | data=1797 | cola=11352 | prio=10 | https://catalog.data.gov/dataset/2013-14-mathematics-and-science-civil-rights-data-collection?from_hint=eyJrZXl3b3JkIjoiY2l2aWwtcmlnaHRzIn0%3D
[DATAGOV] t=4764.1s | pag=1918 | files=5025 | data=1798 | cola=11351 | prio=10 | https://catalog.data.gov/dataset/civil-rights-data-collection-crdc-for-the-2015-16-school-year?from_hint=eyJrZXl3b3JkIjoiY2l2aWwtcmlnaHRzIn0%3D
[DATAGOV] t=4764.6s | pag=1919 | files=5025 | data=1799 | cola=11350 | prio=10 | https://catalog.data.gov/dataset/2017-18-harassment-or-bullying-civil-rights-data-collection?from_hint=eyJrZXl3b3JkIjoiY2l2aWwtcmlnaHRzIn0%3D
[DATAGOV] DATASETS=1800 | data_html_table | https://catalog.data.gov/dataset/2017-18-harassment-or-bullying-civil-rights-data-collection?from_hint=eyJrZXl3b3JkIjoiY2l2aWwtcmlnaHRzIn0%3D
[DATAGOV] t=4765.3s | pag=1920 | files=5025 | data=1800 | cola=11349 | prio=10 | https://catalog.data.gov/dataset/civil-rights-data-collection-crdc?from_hint=eyJrZXl3b3JkIjoiY2l2aWwtcmlnaHRzIn0%3D
[DATAGOV] t=4766.2s | pag=1921 | files=5025 | data=1801 | cola=11348 | prio=10 | https://catalog.data.gov/dataset/2017-18-student-enrollment-civil-rights-data-collection?from_hint=eyJrZXl3b3JkIjoiY2l2aWwtcmlnaHRzIn0%3D
[DATAGOV] t=4767.2s | pag=1922 | files=5025 | data=1802 | cola=11347 | prio=10 | https://catalog.data.gov/dataset/2015-16-student-retention-civil-rights-data-collection?from_hint=eyJrZXl3b3JkIjoiY2l2aWwtcmlnaHRzIn0%3D
[DATAGOV] t=4768.2s | pag=1923 | files=5025 | data=1803 | cola=11346 | prio=10 | https://catalog.data.gov/dataset/2013-14-advanced-placement-civil-rights-data-collection?from_hint=eyJrZXl3b3JkIjoiY2l2aWwtcmlnaHRzIn0%3D
[DATAGOV] t=4768.9s | pag=1924 | files=5025 | data=1804 | cola=11345 | prio=10 | https://catalog.data.gov/dataset/2013-14-discipline-civil-rights-data-collection?from_hint=eyJrZXl3b3JkIjoiY2l2aWwtcmlnaHRzIn0%3D
[DATAGOV] t=4769.8s | pag=1925 | files=5025 | data=1805 | cola=11344 | prio=10 | https://catalog.data.gov/dataset/civil-rights-data-collection-2011-12?from_hint=eyJrZXl3b3JkIjoiY2l2aWwtcmlnaHRzIn0%3D
[DATAGOV] t=4770.4s | pag=1926 | files=5025 | data=1806 | cola=11343 | prio=10 | https://catalog.data.gov/dataset/2017-18-discipline-civil-rights-data-collection?from_hint=eyJrZXl3b3JkIjoiY2l2aWwtcmlnaHRzIn0%3D
[DATAGOV] t=4771.2s | pag=1927 | files=5025 | data=1807 | cola=11342 | prio=10 | https://catalog.data.gov/dataset/2015-16-student-enrollment-civil-rights-data-collection?from_hint=eyJrZXl3b3JkIjoiY2l2aWwtcmlnaHRzIn0%3D
[DATAGOV] t=4771.9s | pag=1928 | files=5025 | data=1808 | cola=11341 | prio=10 | https://catalog.data.gov/dataset/2011-12-estimations-for-enrollment-civil-rights-data-collection?from_hint=eyJrZXl3b3JkIjoiY2l2aWwtcmlnaHRzIn0%3D
[DATAGOV] t=4772.9s | pag=1929 | files=5025 | data=1809 | cola=11340 | prio=10 | https://catalog.data.gov/dataset/2017-18-school-staff-civil-rights-data-collection?from_hint=eyJrZXl3b3JkIjoiY2l2aWwtcmlnaHRzIn0%3D
[DATAGOV] t=4773.5s | pag=1930 | files=5025 | data=1810 | cola=11339 | prio=10 | https://catalog.data.gov/dataset/2017-18-mathematics-and-science-civil-rights-data-collection?from_hint=eyJrZXl3b3JkIjoiY2l2aWwtcmlnaHRzIn0%3D
[DATAGOV] t=4774.4s | pag=1931 | files=5025 | data=1811 | cola=11338 | prio=10 | https://catalog.data.gov/dataset/2013-14-harassment-or-bullying-by-basis-category?from_hint=eyJrZXl3b3JkIjoiY2l2aWwtcmlnaHRzIn0%3D
[DATAGOV] t=4775.1s | pag=1932 | files=5025 | data=1812 | cola=11337 | prio=10 | https://catalog.data.gov/dataset/2017-18-advanced-placement-courses-civil-rights-data-collection?from_hint=eyJrZXl3b3JkIjoiY2l2aWwtcmlnaHRzIn0%3D
[DATAGOV] t=4776.1s | pag=1933 | files=5025 | data=1813 | cola=11336 | prio=10 | https://catalog.data.gov/dataset/2013-14-enrollment-civil-rights-data-collection?from_hint=eyJrZXl3b3JkIjoiY2l2aWwtcmlnaHRzIn0%3D
[DATAGOV] t=4777.1s | pag=1934 | files=5025 | data=1814 | cola=11335 | prio=10 | https://catalog.data.gov/dataset/2015-16-harassment-or-bullying-by-basis-category-civil-rights-data-collection?from_hint=eyJrZXl3b3JkIjoibWlub3JpdHkifQ%3D%3D
[DATAGOV] t=4777.9s | pag=1935 | files=5025 | data=1815 | cola=11334 | prio=10 | https://catalog.data.gov/dataset/2017-18-arrests-civil-rights-data-collection?from_hint=eyJrZXl3b3JkIjoibWlub3JpdHkifQ%3D%3D
[DATAGOV] t=4778.5s | pag=1936 | files=5025 | data=1816 | cola=11333 | prio=10 | https://catalog.data.gov/dataset/2013-14-mathematics-and-science-civil-rights-data-collection?from_hint=eyJrZXl3b3JkIjoibWlub3JpdHkifQ%3D%3D
[DATAGOV] t=4779.1s | pag=1937 | files=5025 | data=1817 | cola=11332 | prio=10 | https://catalog.data.gov/dataset/civil-rights-data-collection-crdc-for-the-2015-16-school-year?from_hint=eyJrZXl3b3JkIjoibWlub3JpdHkifQ%3D%3D
[DATAGOV] t=4780.0s | pag=1938 | files=5025 | data=1818 | cola=11331 | prio=10 | https://catalog.data.gov/dataset/2017-18-harassment-or-bullying-civil-rights-data-collection?from_hint=eyJrZXl3b3JkIjoibWlub3JpdHkifQ%3D%3D
[DATAGOV] t=4780.8s | pag=1939 | files=5025 | data=1819 | cola=11330 | prio=10 | https://catalog.data.gov/dataset/2017-18-student-enrollment-civil-rights-data-collection?from_hint=eyJrZXl3b3JkIjoibWlub3JpdHkifQ%3D%3D
[DATAGOV] t=4781.6s | pag=1940 | files=5025 | data=1820 | cola=11329 | prio=10 | https://catalog.data.gov/dataset/2015-16-student-retention-civil-rights-data-collection?from_hint=eyJrZXl3b3JkIjoibWlub3JpdHkifQ%3D%3D
[DATAGOV] t=4782.5s | pag=1941 | files=5025 | data=1821 | cola=11328 | prio=10 | https://catalog.data.gov/dataset/2013-14-advanced-placement-civil-rights-data-collection?from_hint=eyJrZXl3b3JkIjoibWlub3JpdHkifQ%3D%3D
[DATAGOV] t=4783.1s | pag=1942 | files=5025 | data=1822 | cola=11327 | prio=10 | https://catalog.data.gov/dataset/2013-14-discipline-civil-rights-data-collection?from_hint=eyJrZXl3b3JkIjoibWlub3JpdHkifQ%3D%3D
[DATAGOV] t=4784.2s | pag=1943 | files=5025 | data=1823 | cola=11326 | prio=10 | https://catalog.data.gov/dataset/2017-18-discipline-civil-rights-data-collection?from_hint=eyJrZXl3b3JkIjoibWlub3JpdHkifQ%3D%3D
[DATAGOV] t=4785.3s | pag=1944 | files=5025 | data=1824 | cola=11325 | prio=10 | https://catalog.data.gov/dataset/2015-16-student-enrollment-civil-rights-data-collection?from_hint=eyJrZXl3b3JkIjoibWlub3JpdHkifQ%3D%3D
[DATAGOV] DATASETS=1825 | data_html_table | https://catalog.data.gov/dataset/2015-16-student-enrollment-civil-rights-data-collection?from_hint=eyJrZXl3b3JkIjoibWlub3JpdHkifQ%3D%3D
[DATAGOV] t=4786.0s | pag=1945 | files=5025 | data=1825 | cola=11324 | prio=10 | https://catalog.data.gov/dataset/2017-18-school-staff-civil-rights-data-collection?from_hint=eyJrZXl3b3JkIjoibWlub3JpdHkifQ%3D%3D
[DATAGOV] t=4786.9s | pag=1946 | files=5025 | data=1826 | cola=11323 | prio=10 | https://catalog.data.gov/dataset/2017-18-mathematics-and-science-civil-rights-data-collection?from_hint=eyJrZXl3b3JkIjoibWlub3JpdHkifQ%3D%3D
[DATAGOV] t=4787.9s | pag=1947 | files=5025 | data=1827 | cola=11322 | prio=10 | https://catalog.data.gov/dataset/2013-14-harassment-or-bullying-by-basis-category?from_hint=eyJrZXl3b3JkIjoibWlub3JpdHkifQ%3D%3D
[DATAGOV] t=4789.0s | pag=1948 | files=5025 | data=1828 | cola=11321 | prio=10 | https://catalog.data.gov/dataset/2017-18-advanced-placement-courses-civil-rights-data-collection?from_hint=eyJrZXl3b3JkIjoibWlub3JpdHkifQ%3D%3D
[DATAGOV] t=4790.0s | pag=1949 | files=5025 | data=1829 | cola=11320 | prio=10 | https://catalog.data.gov/dataset/2013-14-enrollment-civil-rights-data-collection?from_hint=eyJrZXl3b3JkIjoibWlub3JpdHkifQ%3D%3D
[DATAGOV] t=4791.0s | pag=1950 | files=5025 | data=1830 | cola=11319 | prio=10 | https://catalog.data.gov/dataset/2015-16-discipline-civil-rights-data-collection?from_hint=eyJrZXl3b3JkIjoibWlub3JpdHkifQ%3D%3D
[DATAGOV] t=4791.7s | pag=1951 | files=5025 | data=1831 | cola=11318 | prio=10 | https://catalog.data.gov/dataset/2015-16-mathematics-and-science-civil-rights-data-collection?from_hint=eyJrZXl3b3JkIjoibWlub3JpdHkifQ%3D%3D
[DATAGOV] t=4792.9s | pag=1952 | files=5025 | data=1832 | cola=11317 | prio=10 | https://catalog.data.gov/dataset/2017-18-preschool-discipline-civil-rights-data-collection?from_hint=eyJrZXl3b3JkIjoibWlub3JpdHkifQ%3D%3D
[DATAGOV] t=4793.6s | pag=1953 | files=5025 | data=1833 | cola=11316 | prio=10 | https://catalog.data.gov/dataset/2017-18-student-retention-civil-rights-data-collection?from_hint=eyJrZXl3b3JkIjoibWlub3JpdHkifQ%3D%3D
[DATAGOV] t=4794.5s | pag=1954 | files=5038 | data=1834 | cola=11316 | prio=10 | https://catalog.data.gov/dataset/2017-18-student-retention-civil-rights-data-collection
[DATAGOV] t=4795.5s | pag=1955 | files=5038 | data=1835 | cola=11315 | prio=10 | https://catalog.data.gov/dataset/2015-16-harassment-or-bullying-by-basis-category-civil-rights-data-collection?from_hint=eyJrZXl3b3JkIjoibmF0aW9uYWwifQ%3D%3D
[DATAGOV] t=4796.5s | pag=1956 | files=5038 | data=1836 | cola=11314 | prio=10 | https://catalog.data.gov/dataset/2017-18-arrests-civil-rights-data-collection?from_hint=eyJrZXl3b3JkIjoibmF0aW9uYWwifQ%3D%3D
[DATAGOV] t=4797.3s | pag=1957 | files=5038 | data=1837 | cola=11313 | prio=10 | https://catalog.data.gov/dataset/civil-rights-data-collection-crdc-for-the-2017-18-school-year?from_hint=eyJrZXl3b3JkIjoibmF0aW9uYWwifQ%3D%3D
[DATAGOV] t=4798.5s | pag=1958 | files=5038 | data=1838 | cola=11312 | prio=10 | https://catalog.data.gov/dataset/2013-14-mathematics-and-science-civil-rights-data-collection?from_hint=eyJrZXl3b3JkIjoibmF0aW9uYWwifQ%3D%3D
[DATAGOV] t=4799.6s | pag=1959 | files=5038 | data=1839 | cola=11311 | prio=10 | https://catalog.data.gov/dataset/civil-rights-data-collection-crdc-for-the-2015-16-school-year?from_hint=eyJrZXl3b3JkIjoibmF0aW9uYWwifQ%3D%3D
[DATAGOV] t=4800.2s | pag=1960 | files=5038 | data=1840 | cola=11310 | prio=10 | https://catalog.data.gov/dataset/2017-18-harassment-or-bullying-civil-rights-data-collection?from_hint=eyJrZXl3b3JkIjoibmF0aW9uYWwifQ%3D%3D
[DATAGOV] t=4801.3s | pag=1961 | files=5038 | data=1841 | cola=11309 | prio=10 | https://catalog.data.gov/dataset/civil-rights-data-collection-crdc?from_hint=eyJrZXl3b3JkIjoibmF0aW9uYWwifQ%3D%3D
[DATAGOV] t=4802.3s | pag=1962 | files=5038 | data=1842 | cola=11308 | prio=10 | https://catalog.data.gov/dataset/2017-18-student-enrollment-civil-rights-data-collection?from_hint=eyJrZXl3b3JkIjoibmF0aW9uYWwifQ%3D%3D
[DATAGOV] t=4803.1s | pag=1963 | files=5038 | data=1843 | cola=11307 | prio=10 | https://catalog.data.gov/dataset/2015-16-student-retention-civil-rights-data-collection?from_hint=eyJrZXl3b3JkIjoibmF0aW9uYWwifQ%3D%3D
[DATAGOV] t=4804.1s | pag=1964 | files=5038 | data=1844 | cola=11306 | prio=10 | https://catalog.data.gov/dataset/2013-14-advanced-placement-civil-rights-data-collection?from_hint=eyJrZXl3b3JkIjoibmF0aW9uYWwifQ%3D%3D
[DATAGOV] t=4804.9s | pag=1965 | files=5038 | data=1845 | cola=11305 | prio=10 | https://catalog.data.gov/dataset/2013-14-discipline-civil-rights-data-collection?from_hint=eyJrZXl3b3JkIjoibmF0aW9uYWwifQ%3D%3D
[DATAGOV] t=4805.6s | pag=1966 | files=5038 | data=1846 | cola=11304 | prio=10 | https://catalog.data.gov/dataset/2017-18-discipline-civil-rights-data-collection?from_hint=eyJrZXl3b3JkIjoibmF0aW9uYWwifQ%3D%3D
[DATAGOV] t=4806.6s | pag=1967 | files=5038 | data=1847 | cola=11303 | prio=10 | https://catalog.data.gov/dataset/fatality-analysis-reporting-system-fars-final-release-person-auxiliary-file?from_hint=eyJrZXl3b3JkIjoibmF0aW9uYWwifQ%3D%3D
[DATAGOV] t=4807.2s | pag=1968 | files=5038 | data=1848 | cola=11311 | prio=10 | https://catalog.data.gov/dataset/2015-16-student-enrollment-civil-rights-data-collection?from_hint=eyJrZXl3b3JkIjoibmF0aW9uYWwifQ%3D%3D
[DATAGOV] t=4808.0s | pag=1969 | files=5038 | data=1849 | cola=11310 | prio=10 | https://catalog.data.gov/dataset/medicare-monthly-enrollment?from_hint=eyJrZXl3b3JkIjoibmF0aW9uYWwifQ%3D%3D
[DATAGOV] DATASETS=1850 | data_html_table | https://catalog.data.gov/dataset/medicare-monthly-enrollment?from_hint=eyJrZXl3b3JkIjoibmF0aW9uYWwifQ%3D%3D
[DATAGOV] t=4808.9s | pag=1970 | files=5039 | data=1850 | cola=11312 | prio=10 | https://catalog.data.gov/dataset/medicare-monthly-enrollment
[DATAGOV] t=4809.5s | pag=1971 | files=5039 | data=1851 | cola=11311 | prio=10 | https://catalog.data.gov/dataset/2011-12-estimations-for-enrollment-civil-rights-data-collection?from_hint=eyJrZXl3b3JkIjoibmF0aW9uYWwifQ%3D%3D
[DATAGOV] t=4810.6s | pag=1972 | files=5039 | data=1852 | cola=11310 | prio=10 | https://catalog.data.gov/dataset/fatality-analysis-reporting-system-fars-final-release-accidents?from_hint=eyJrZXl3b3JkIjoibmF0aW9uYWwifQ%3D%3D
[DATAGOV] t=4811.6s | pag=1973 | files=5039 | data=1853 | cola=11312 | prio=10 | https://catalog.data.gov/dataset/2017-18-school-staff-civil-rights-data-collection?from_hint=eyJrZXl3b3JkIjoibmF0aW9uYWwifQ%3D%3D
[DATAGOV] t=4812.7s | pag=1974 | files=5039 | data=1854 | cola=11311 | prio=10 | https://catalog.data.gov/dataset/2017-18-mathematics-and-science-civil-rights-data-collection?from_hint=eyJrZXl3b3JkIjoibmF0aW9uYWwifQ%3D%3D
[DATAGOV] t=4813.5s | pag=1975 | files=5039 | data=1855 | cola=11310 | prio=10 | https://catalog.data.gov/dataset/fatality-analysis-reporting-system-fars-initial-release-accidents?from_hint=eyJrZXl3b3JkIjoibmF0aW9uYWwifQ%3D%3D
[DATAGOV] t=4814.5s | pag=1976 | files=5039 | data=1856 | cola=11310 | prio=10 | https://catalog.data.gov/dataset/2015-16-harassment-or-bullying-by-basis-category-civil-rights-data-collection?from_hint=eyJrZXl3b3JkIjoib2NyIn0%3D
[DATAGOV] t=4815.2s | pag=1977 | files=5039 | data=1857 | cola=11309 | prio=10 | https://catalog.data.gov/dataset/2017-18-arrests-civil-rights-data-collection?from_hint=eyJrZXl3b3JkIjoib2NyIn0%3D
[DATAGOV] t=4816.1s | pag=1978 | files=5039 | data=1858 | cola=11308 | prio=10 | https://catalog.data.gov/dataset/2013-14-mathematics-and-science-civil-rights-data-collection?from_hint=eyJrZXl3b3JkIjoib2NyIn0%3D
[DATAGOV] t=4816.9s | pag=1979 | files=5039 | data=1859 | cola=11307 | prio=10 | https://catalog.data.gov/dataset/civil-rights-data-collection-crdc-for-the-2015-16-school-year?from_hint=eyJrZXl3b3JkIjoib2NyIn0%3D
[DATAGOV] t=4817.6s | pag=1980 | files=5039 | data=1860 | cola=11306 | prio=10 | https://catalog.data.gov/dataset/2017-18-harassment-or-bullying-civil-rights-data-collection?from_hint=eyJrZXl3b3JkIjoib2NyIn0%3D
[DATAGOV] t=4818.5s | pag=1981 | files=5039 | data=1861 | cola=11305 | prio=10 | https://catalog.data.gov/dataset/civil-rights-data-collection-crdc?from_hint=eyJrZXl3b3JkIjoib2NyIn0%3D
[DATAGOV] t=4819.3s | pag=1982 | files=5039 | data=1862 | cola=11304 | prio=10 | https://catalog.data.gov/dataset/2017-18-student-enrollment-civil-rights-data-collection?from_hint=eyJrZXl3b3JkIjoib2NyIn0%3D
[DATAGOV] t=4820.4s | pag=1983 | files=5039 | data=1863 | cola=11303 | prio=10 | https://catalog.data.gov/dataset/2015-16-student-retention-civil-rights-data-collection?from_hint=eyJrZXl3b3JkIjoib2NyIn0%3D
[DATAGOV] t=4821.6s | pag=1984 | files=5039 | data=1864 | cola=11302 | prio=10 | https://catalog.data.gov/dataset/2013-14-advanced-placement-civil-rights-data-collection?from_hint=eyJrZXl3b3JkIjoib2NyIn0%3D
[DATAGOV] t=4822.5s | pag=1985 | files=5039 | data=1865 | cola=11301 | prio=10 | https://catalog.data.gov/dataset/2013-14-discipline-civil-rights-data-collection?from_hint=eyJrZXl3b3JkIjoib2NyIn0%3D
[DATAGOV] t=4823.5s | pag=1986 | files=5039 | data=1866 | cola=11300 | prio=10 | https://catalog.data.gov/dataset/2015-16-harassment-or-bullying-estimations-by-basis-category?from_hint=eyJrZXl3b3JkIjoib2NyIn0%3D
[DATAGOV] t=4824.3s | pag=1987 | files=5039 | data=1867 | cola=11299 | prio=10 | https://catalog.data.gov/dataset/2017-18-discipline-civil-rights-data-collection?from_hint=eyJrZXl3b3JkIjoib2NyIn0%3D
[DATAGOV] t=4825.0s | pag=1988 | files=5039 | data=1868 | cola=11298 | prio=10 | https://catalog.data.gov/dataset/civil-rights-data-collection-state-files-2015-16?from_hint=eyJrZXl3b3JkIjoib2NyIn0%3D
[DATAGOV] t=4826.5s | pag=1989 | files=5039 | data=1869 | cola=11297 | prio=10 | https://catalog.data.gov/dataset/2015-16-student-enrollment-civil-rights-data-collection?from_hint=eyJrZXl3b3JkIjoib2NyIn0%3D
[DATAGOV] t=4827.0s | pag=1990 | files=5039 | data=1870 | cola=11296 | prio=10 | https://catalog.data.gov/dataset/2011-12-estimations-for-enrollment-civil-rights-data-collection?from_hint=eyJrZXl3b3JkIjoib2NyIn0%3D
[DATAGOV] t=4827.9s | pag=1991 | files=5039 | data=1871 | cola=11295 | prio=10 | https://catalog.data.gov/dataset/2017-18-school-staff-civil-rights-data-collection?from_hint=eyJrZXl3b3JkIjoib2NyIn0%3D
[DATAGOV] t=4828.8s | pag=1992 | files=5039 | data=1872 | cola=11294 | prio=10 | https://catalog.data.gov/dataset/2011-12-gifted-and-talented-enrollment-estimations?from_hint=eyJrZXl3b3JkIjoib2NyIn0%3D
[DATAGOV] t=4829.6s | pag=1993 | files=5040 | data=1873 | cola=11294 | prio=10 | https://catalog.data.gov/dataset/2011-12-gifted-and-talented-enrollment-estimations
[DATAGOV] t=4830.7s | pag=1994 | files=5040 | data=1874 | cola=11293 | prio=10 | https://catalog.data.gov/dataset/2017-18-mathematics-and-science-civil-rights-data-collection?from_hint=eyJrZXl3b3JkIjoib2NyIn0%3D
[DATAGOV] DATASETS=1875 | data_html_table | https://catalog.data.gov/dataset/2017-18-mathematics-and-science-civil-rights-data-collection?from_hint=eyJrZXl3b3JkIjoib2NyIn0%3D
[DATAGOV] t=4831.7s | pag=1995 | files=5040 | data=1875 | cola=11292 | prio=10 | https://catalog.data.gov/dataset/2015-16-retention-estimations-by-grade?from_hint=eyJrZXl3b3JkIjoib2NyIn0%3D
[DATAGOV] t=4832.4s | pag=1996 | files=5053 | data=1876 | cola=11292 | prio=10 | https://catalog.data.gov/dataset/2015-16-retention-estimations-by-grade
[DATAGOV] t=4833.2s | pag=1997 | files=5053 | data=1877 | cola=11291 | prio=10 | https://catalog.data.gov/dataset/2013-14-harassment-or-bullying-by-basis-category?from_hint=eyJrZXl3b3JkIjoib2NyIn0%3D
[DATAGOV] t=4833.8s | pag=1998 | files=5053 | data=1878 | cola=11290 | prio=10 | https://catalog.data.gov/dataset/2015-16-harassment-or-bullying-by-basis-category-civil-rights-data-collection?from_hint=eyJrZXl3b3JkIjoib2ZmaWNlLWZvci1jaXZpbC1yaWdodHMtb2NyIn0%3D
[DATAGOV] t=4834.9s | pag=1999 | files=5053 | data=1879 | cola=11289 | prio=10 | https://catalog.data.gov/dataset/civil-rights-data-collection-crdc-for-the-2017-18-school-year?from_hint=eyJrZXl3b3JkIjoib2ZmaWNlLWZvci1jaXZpbC1yaWdodHMtb2NyIn0%3D
[DATAGOV] t=4835.9s | pag=2000 | files=5053 | data=1880 | cola=11288 | prio=10 | https://catalog.data.gov/dataset/2013-14-mathematics-and-science-civil-rights-data-collection?from_hint=eyJrZXl3b3JkIjoib2ZmaWNlLWZvci1jaXZpbC1yaWdodHMtb2NyIn0%3D
[DATAGOV] t=4836.7s | pag=2001 | files=5053 | data=1881 | cola=11287 | prio=10 | https://catalog.data.gov/dataset/civil-rights-data-collection-crdc-for-the-2015-16-school-year?from_hint=eyJrZXl3b3JkIjoib2ZmaWNlLWZvci1jaXZpbC1yaWdodHMtb2NyIn0%3D
[DATAGOV] t=4837.6s | pag=2002 | files=5053 | data=1882 | cola=11286 | prio=10 | https://catalog.data.gov/dataset/civil-rights-data-collection-crdc?from_hint=eyJrZXl3b3JkIjoib2ZmaWNlLWZvci1jaXZpbC1yaWdodHMtb2NyIn0%3D
[DATAGOV] t=4838.2s | pag=2003 | files=5053 | data=1883 | cola=11285 | prio=10 | https://catalog.data.gov/dataset/2017-18-student-enrollment-civil-rights-data-collection?from_hint=eyJrZXl3b3JkIjoib2ZmaWNlLWZvci1jaXZpbC1yaWdodHMtb2NyIn0%3D
[DATAGOV] t=4839.2s | pag=2004 | files=5053 | data=1884 | cola=11284 | prio=10 | https://catalog.data.gov/dataset/2015-16-student-retention-civil-rights-data-collection?from_hint=eyJrZXl3b3JkIjoib2ZmaWNlLWZvci1jaXZpbC1yaWdodHMtb2NyIn0%3D
[DATAGOV] t=4840.2s | pag=2005 | files=5053 | data=1885 | cola=11283 | prio=10 | https://catalog.data.gov/dataset/2013-14-advanced-placement-civil-rights-data-collection?from_hint=eyJrZXl3b3JkIjoib2ZmaWNlLWZvci1jaXZpbC1yaWdodHMtb2NyIn0%3D
[DATAGOV] t=4841.2s | pag=2006 | files=5053 | data=1886 | cola=11282 | prio=10 | https://catalog.data.gov/dataset/2013-14-discipline-civil-rights-data-collection?from_hint=eyJrZXl3b3JkIjoib2ZmaWNlLWZvci1jaXZpbC1yaWdodHMtb2NyIn0%3D
[DATAGOV] t=4842.3s | pag=2007 | files=5053 | data=1887 | cola=11281 | prio=10 | https://catalog.data.gov/dataset/2017-18-discipline-civil-rights-data-collection?from_hint=eyJrZXl3b3JkIjoib2ZmaWNlLWZvci1jaXZpbC1yaWdodHMtb2NyIn0%3D
[DATAGOV] t=4843.5s | pag=2008 | files=5053 | data=1888 | cola=11280 | prio=10 | https://catalog.data.gov/dataset/2015-16-student-enrollment-civil-rights-data-collection?from_hint=eyJrZXl3b3JkIjoib2ZmaWNlLWZvci1jaXZpbC1yaWdodHMtb2NyIn0%3D
[DATAGOV] t=4844.2s | pag=2009 | files=5053 | data=1889 | cola=11279 | prio=10 | https://catalog.data.gov/dataset/2017-18-school-staff-civil-rights-data-collection?from_hint=eyJrZXl3b3JkIjoib2ZmaWNlLWZvci1jaXZpbC1yaWdodHMtb2NyIn0%3D
[DATAGOV] t=4844.9s | pag=2010 | files=5053 | data=1890 | cola=11278 | prio=10 | https://catalog.data.gov/dataset/2017-18-mathematics-and-science-civil-rights-data-collection?from_hint=eyJrZXl3b3JkIjoib2ZmaWNlLWZvci1jaXZpbC1yaWdodHMtb2NyIn0%3D
[DATAGOV] t=4846.1s | pag=2011 | files=5053 | data=1891 | cola=11277 | prio=10 | https://catalog.data.gov/dataset/2013-14-harassment-or-bullying-by-basis-category?from_hint=eyJrZXl3b3JkIjoib2ZmaWNlLWZvci1jaXZpbC1yaWdodHMtb2NyIn0%3D
[DATAGOV] t=4847.0s | pag=2012 | files=5053 | data=1892 | cola=11276 | prio=10 | https://catalog.data.gov/dataset/2017-18-advanced-placement-courses-civil-rights-data-collection?from_hint=eyJrZXl3b3JkIjoib2ZmaWNlLWZvci1jaXZpbC1yaWdodHMtb2NyIn0%3D
[DATAGOV] t=4848.1s | pag=2013 | files=5053 | data=1893 | cola=11275 | prio=10 | https://catalog.data.gov/dataset/2013-14-enrollment-civil-rights-data-collection?from_hint=eyJrZXl3b3JkIjoib2ZmaWNlLWZvci1jaXZpbC1yaWdodHMtb2NyIn0%3D
[DATAGOV] t=4849.1s | pag=2014 | files=5053 | data=1894 | cola=11274 | prio=10 | https://catalog.data.gov/dataset/2015-16-discipline-civil-rights-data-collection?from_hint=eyJrZXl3b3JkIjoib2ZmaWNlLWZvci1jaXZpbC1yaWdodHMtb2NyIn0%3D
[DATAGOV] t=4850.1s | pag=2015 | files=5053 | data=1895 | cola=11273 | prio=10 | https://catalog.data.gov/dataset/2015-16-mathematics-and-science-civil-rights-data-collection?from_hint=eyJrZXl3b3JkIjoib2ZmaWNlLWZvci1jaXZpbC1yaWdodHMtb2NyIn0%3D
[DATAGOV] t=4851.0s | pag=2016 | files=5053 | data=1896 | cola=11272 | prio=10 | https://catalog.data.gov/dataset/2017-18-preschool-discipline-civil-rights-data-collection?from_hint=eyJrZXl3b3JkIjoib2ZmaWNlLWZvci1jaXZpbC1yaWdodHMtb2NyIn0%3D
[DATAGOV] t=4851.8s | pag=2017 | files=5053 | data=1897 | cola=11271 | prio=10 | https://catalog.data.gov/dataset/2017-18-student-retention-civil-rights-data-collection?from_hint=eyJrZXl3b3JkIjoib2ZmaWNlLWZvci1jaXZpbC1yaWdodHMtb2NyIn0%3D
[DATAGOV] t=4852.9s | pag=2018 | files=5053 | data=1898 | cola=11270 | prio=10 | https://catalog.data.gov/dataset/2015-16-harassment-or-bullying-by-basis-category-civil-rights-data-collection?from_hint=eyJrZXl3b3JkIjoicmFjZSJ9
[DATAGOV] t=4853.6s | pag=2019 | files=5053 | data=1899 | cola=11269 | prio=10 | https://catalog.data.gov/dataset/2017-18-arrests-civil-rights-data-collection?from_hint=eyJrZXl3b3JkIjoicmFjZSJ9
[DATAGOV] DATASETS=1900 | data_html_table | https://catalog.data.gov/dataset/2017-18-arrests-civil-rights-data-collection?from_hint=eyJrZXl3b3JkIjoicmFjZSJ9
[DATAGOV] t=4854.2s | pag=2020 | files=5053 | data=1900 | cola=11268 | prio=10 | https://catalog.data.gov/dataset/civil-rights-data-collection-crdc-for-the-2017-18-school-year?from_hint=eyJrZXl3b3JkIjoicmFjZSJ9
[DATAGOV] t=4855.3s | pag=2021 | files=5053 | data=1901 | cola=11267 | prio=10 | https://catalog.data.gov/dataset/2013-14-mathematics-and-science-civil-rights-data-collection?from_hint=eyJrZXl3b3JkIjoicmFjZSJ9
[DATAGOV] t=4856.3s | pag=2022 | files=5053 | data=1902 | cola=11266 | prio=10 | https://catalog.data.gov/dataset/civil-rights-data-collection-crdc-for-the-2015-16-school-year?from_hint=eyJrZXl3b3JkIjoicmFjZSJ9
[DATAGOV] t=4856.9s | pag=2023 | files=5053 | data=1903 | cola=11265 | prio=10 | https://catalog.data.gov/dataset/2017-18-harassment-or-bullying-civil-rights-data-collection?from_hint=eyJrZXl3b3JkIjoicmFjZSJ9
[DATAGOV] t=4858.0s | pag=2024 | files=5053 | data=1904 | cola=11264 | prio=10 | https://catalog.data.gov/dataset/civil-rights-data-collection-crdc?from_hint=eyJrZXl3b3JkIjoicmFjZSJ9
[DATAGOV] t=4858.8s | pag=2025 | files=5053 | data=1905 | cola=11263 | prio=10 | https://catalog.data.gov/dataset/2017-18-student-enrollment-civil-rights-data-collection?from_hint=eyJrZXl3b3JkIjoicmFjZSJ9
[DATAGOV] t=4860.1s | pag=2026 | files=5053 | data=1906 | cola=11262 | prio=10 | https://catalog.data.gov/dataset/2015-16-student-retention-civil-rights-data-collection?from_hint=eyJrZXl3b3JkIjoicmFjZSJ9
[DATAGOV] t=4861.0s | pag=2027 | files=5053 | data=1907 | cola=11261 | prio=10 | https://catalog.data.gov/dataset/2013-14-advanced-placement-civil-rights-data-collection?from_hint=eyJrZXl3b3JkIjoicmFjZSJ9
[DATAGOV] t=4861.7s | pag=2028 | files=5053 | data=1908 | cola=11260 | prio=10 | https://catalog.data.gov/dataset/2013-14-discipline-civil-rights-data-collection?from_hint=eyJrZXl3b3JkIjoicmFjZSJ9
[DATAGOV] t=4862.7s | pag=2029 | files=5053 | data=1909 | cola=11259 | prio=10 | https://catalog.data.gov/dataset/provisional-covid-19-death-counts-and-rates-by-month-jurisdiction-of-residence-and-demogra?from_hint=eyJrZXl3b3JkIjoicmFjZSJ9
[DATAGOV] t=4863.7s | pag=2030 | files=5053 | data=1910 | cola=11258 | prio=10 | https://catalog.data.gov/dataset/2017-18-discipline-civil-rights-data-collection?from_hint=eyJrZXl3b3JkIjoicmFjZSJ9
[DATAGOV] t=4864.4s | pag=2031 | files=5053 | data=1911 | cola=11257 | prio=10 | https://catalog.data.gov/dataset/cdc-wonder-cancer-statistics?from_hint=eyJrZXl3b3JkIjoicmFjZSJ9
[DATAGOV] t=4865.4s | pag=2032 | files=5053 | data=1912 | cola=11256 | prio=10 | https://catalog.data.gov/dataset/2015-16-student-enrollment-civil-rights-data-collection?from_hint=eyJrZXl3b3JkIjoicmFjZSJ9
[DATAGOV] t=4866.3s | pag=2033 | files=5053 | data=1913 | cola=11255 | prio=10 | https://catalog.data.gov/dataset/2017-18-school-staff-civil-rights-data-collection?from_hint=eyJrZXl3b3JkIjoicmFjZSJ9
[DATAGOV] t=4866.9s | pag=2034 | files=5053 | data=1914 | cola=11254 | prio=10 | https://catalog.data.gov/dataset/2017-18-mathematics-and-science-civil-rights-data-collection?from_hint=eyJrZXl3b3JkIjoicmFjZSJ9
[DATAGOV] t=4867.7s | pag=2035 | files=5053 | data=1915 | cola=11253 | prio=10 | https://catalog.data.gov/dataset/2013-14-harassment-or-bullying-by-basis-category?from_hint=eyJrZXl3b3JkIjoicmFjZSJ9
[DATAGOV] t=4868.6s | pag=2036 | files=5053 | data=1916 | cola=11252 | prio=10 | https://catalog.data.gov/dataset/popular-baby-names?from_hint=eyJrZXl3b3JkIjoicmFjZSJ9
[DATAGOV] t=4869.4s | pag=2037 | files=5056 | data=1917 | cola=11257 | prio=10 | https://catalog.data.gov/dataset/popular-baby-names
[DATAGOV] t=4870.0s | pag=2038 | files=5056 | data=1918 | cola=11256 | prio=10 | https://catalog.data.gov/dataset/cdc-wonder-births?from_hint=eyJrZXl3b3JkIjoicmFjZSJ9
[DATAGOV] t=4871.1s | pag=2039 | files=5056 | data=1919 | cola=11255 | prio=10 | https://catalog.data.gov/harvest_record/7b1c2fb7-6497-4aac-8fb6-2bed6297ac03/raw
[DATAGOV] t=4871.6s | pag=2039 | files=5057 | data=1919 | cola=11254 | prio=10 | https://catalog.data.gov/harvest_record/962c8f91-7aa2-43c0-a0b9-a7aa271cebb1/raw
[DATAGOV] t=4873.2s | pag=2039 | files=5058 | data=1919 | cola=11253 | prio=10 | https://catalog.data.gov/harvest_record/a574435e-efcd-475c-b455-b8fa964e328a/raw
[DATAGOV] t=4875.1s | pag=2039 | files=5059 | data=1919 | cola=11252 | prio=10 | https://catalog.data.gov/?keyword=519e6cdf-3011-4b75-9e12-34a45cb17fd8
[DATAGOV] t=4877.4s | pag=2040 | files=5059 | data=1920 | cola=11263 | prio=10 | https://catalog.data.gov/?keyword=education-of-students-with-disabilities
[DATAGOV] t=4878.6s | pag=2041 | files=5059 | data=1921 | cola=11269 | prio=10 | https://catalog.data.gov/?keyword=elementary-and-secondary-education
[DATAGOV] t=4879.7s | pag=2042 | files=5059 | data=1922 | cola=11295 | prio=10 | https://catalog.data.gov/harvest_record/15688300-ed73-4cf0-b53f-cbdd1596e988/raw
[DATAGOV] t=4880.4s | pag=2042 | files=5060 | data=1922 | cola=11294 | prio=10 | https://catalog.data.gov/?keyword=disabilities
[DATAGOV] t=4881.7s | pag=2043 | files=5060 | data=1923 | cola=11322 | prio=10 | https://catalog.data.gov/harvest_record/13acff4f-faff-468a-9ff9-9324a250a831/raw
[DATAGOV] t=4882.6s | pag=2043 | files=5061 | data=1923 | cola=11321 | prio=10 | https://catalog.data.gov/?keyword=5474ef49-ba39-40d2-8f39-47bf2a766902
[DATAGOV] t=4884.6s | pag=2044 | files=5061 | data=1924 | cola=11353 | prio=10 | https://catalog.data.gov/?keyword=data-system
[DATAGOV] DATASETS=1925 | exportable_data_page | https://catalog.data.gov/?keyword=data-system
[DATAGOV] t=4885.4s | pag=2045 | files=5061 | data=1925 | cola=11354 | prio=10 | https://catalog.data.gov/?keyword=database
[DATAGOV] t=4890.8s | pag=2046 | files=5062 | data=1926 | cola=11375 | prio=10 | https://catalog.data.gov/?keyword=direct-loan
[DATAGOV] t=4892.1s | pag=2047 | files=5062 | data=1927 | cola=11378 | prio=10 | https://catalog.data.gov/?keyword=federal-family-education-loan-program
[DATAGOV] t=4892.7s | pag=2048 | files=5062 | data=1928 | cola=11381 | prio=10 | https://catalog.data.gov/?keyword=federal-perkins-loan-program
[DATAGOV] t=4893.5s | pag=2049 | files=5062 | data=1929 | cola=11384 | prio=10 | https://catalog.data.gov/?keyword=ffel
[DATAGOV] t=4894.5s | pag=2050 | files=5062 | data=1930 | cola=11395 | prio=10 | https://catalog.data.gov/harvest_record/63a019a4-741c-4cbe-9035-b9d9934ac6e1/raw
[DATAGOV] t=4895.2s | pag=2050 | files=5063 | data=1930 | cola=11394 | prio=10 | https://catalog.data.gov/?keyword=evaluation
[DATAGOV] t=4897.0s | pag=2051 | files=5067 | data=1931 | cola=11422 | prio=10 | https://catalog.data.gov/?keyword=performance
[DATAGOV] t=4897.9s | pag=2052 | files=5068 | data=1932 | cola=11442 | prio=10 | https://catalog.data.gov/?keyword=policy-analysis
[DATAGOV] t=4898.8s | pag=2053 | files=5068 | data=1933 | cola=11442 | prio=10 | https://catalog.data.gov/?keyword=state
[DATAGOV] t=4900.0s | pag=2054 | files=5068 | data=1934 | cola=11461 | prio=10 | https://catalog.data.gov/?keyword=trend-analysis
[DATAGOV] t=4901.3s | pag=2055 | files=5068 | data=1935 | cola=11469 | prio=10 | https://catalog.data.gov/harvest_record/7ecfcc67-2c7a-4ef5-b444-6b73aa6050b4/raw
[DATAGOV] t=4902.1s | pag=2055 | files=5069 | data=1935 | cola=11468 | prio=10 | https://catalog.data.gov/?keyword=colleges
[DATAGOV] t=4903.7s | pag=2056 | files=5069 | data=1936 | cola=11488 | prio=10 | https://catalog.data.gov/?keyword=institution-of-higher-education
[DATAGOV] t=4904.5s | pag=2057 | files=5069 | data=1937 | cola=11519 | prio=10 | https://catalog.data.gov/?keyword=opepd
[DATAGOV] t=4905.7s | pag=2058 | files=5069 | data=1938 | cola=11526 | prio=10 | https://catalog.data.gov/?keyword=scorecard
[DATAGOV] t=4906.5s | pag=2059 | files=5069 | data=1939 | cola=11563 | prio=10 | https://catalog.data.gov/?keyword=student-financial-aid
[DATAGOV] t=4907.2s | pag=2060 | files=5069 | data=1940 | cola=11591 | prio=10 | https://catalog.data.gov/harvest_record/96196d39-48bf-4fd3-a518-5e92125a670b/raw
[DATAGOV] t=4907.9s | pag=2060 | files=5070 | data=1940 | cola=11590 | prio=10 | https://catalog.data.gov/harvest_record/b0f5617b-8eeb-451a-a3e7-1b70fff6cbe7/raw
[DATAGOV] t=4909.3s | pag=2060 | files=5071 | data=1940 | cola=11589 | prio=10 | https://catalog.data.gov/?keyword=united-states
[DATAGOV] t=4910.9s | pag=2061 | files=5071 | data=1941 | cola=11616 | prio=10 | https://catalog.data.gov/harvest_record/33ca603f-3d43-4215-82ed-7a5b8ee42234/raw
[DATAGOV] t=4911.7s | pag=2061 | files=5072 | data=1941 | cola=11615 | prio=10 | https://catalog.data.gov/?keyword=classroom-teachers
[DATAGOV] t=4913.4s | pag=2062 | files=5072 | data=1942 | cola=11617 | prio=10 | https://catalog.data.gov/harvest_record/fa48e226-1542-4df3-948d-a63dd732351a/raw
[DATAGOV] t=4914.1s | pag=2062 | files=5073 | data=1942 | cola=11616 | prio=10 | https://catalog.data.gov/dataset/supply-chain-greenhouse-gas-emission-factors-v1-3-by-naics-6?from_hint=eyJrZXl3b3JkIjoiR0hHIHJlcG9ydGluZyJ9
[DATAGOV] t=4916.0s | pag=2063 | files=5073 | data=1943 | cola=11615 | prio=10 | https://catalog.data.gov/dataset/supply-chain-greenhouse-gas-emission-factors-v1-3-by-naics-6?from_hint=eyJrZXl3b3JkIjoiVVNFRUlPIn0%3D
[DATAGOV] t=4916.8s | pag=2064 | files=5073 | data=1944 | cola=11614 | prio=10 | https://catalog.data.gov/dataset/useeio-v2-5-models?from_hint=eyJrZXl3b3JkIjoiVVNFRUlPIn0%3D
[DATAGOV] t=4917.9s | pag=2065 | files=5073 | data=1945 | cola=11613 | prio=10 | https://catalog.data.gov/dataset/supply-chain-greenhouse-gas-emission-factors-v1-2-by-naics-6?from_hint=eyJrZXl3b3JkIjoiVVNFRUlPIn0%3D
[DATAGOV] t=4918.6s | pag=2066 | files=5073 | data=1946 | cola=11612 | prio=10 | https://catalog.data.gov/dataset/supply-chain-ghg-emission-factors-for-us-commodities-and-industries-v1-1-1?from_hint=eyJrZXl3b3JkIjoiVVNFRUlPIn0%3D
[DATAGOV] t=4919.2s | pag=2067 | files=5073 | data=1947 | cola=11611 | prio=10 | https://catalog.data.gov/dataset/supply-chain-ghg-emission-factors-for-us-commodities-and-industries-v1-1?from_hint=eyJrZXl3b3JkIjoiVVNFRUlPIn0%3D
[DATAGOV] t=4920.0s | pag=2068 | files=5073 | data=1948 | cola=11610 | prio=10 | https://catalog.data.gov/dataset/useeio-models-with-import-emission-factors-for-greenhouse-gases-for-2017-2022-from-exiobas?from_hint=eyJrZXl3b3JkIjoiVVNFRUlPIn0%3D
[DATAGOV] t=4920.8s | pag=2069 | files=5073 | data=1949 | cola=11609 | prio=10 | https://catalog.data.gov/dataset/useeio-models-with-import-emission-factors-for-greenhouse-gases-for-2022-from-ceda-coupled?from_hint=eyJrZXl3b3JkIjoiVVNFRUlPIn0%3D
[DATAGOV] DATASETS=1950 | data_html_table | https://catalog.data.gov/dataset/useeio-models-with-import-emission-factors-for-greenhouse-gases-for-2022-from-ceda-coupled?from_hint=eyJrZXl3b3JkIjoiVVNFRUlPIn0%3D
[DATAGOV] t=4921.8s | pag=2070 | files=5075 | data=1950 | cola=11609 | prio=10 | https://catalog.data.gov/dataset/useeio-models-with-import-emission-factors-for-greenhouse-gases-for-2022-from-ceda-coupled
[DATAGOV] t=4922.5s | pag=2071 | files=5075 | data=1951 | cola=11608 | prio=10 | https://catalog.data.gov/dataset/useeio-v2-5-1-waxwing-model?from_hint=eyJrZXl3b3JkIjoiVVNFRUlPIn0%3D
[DATAGOV] t=4923.6s | pag=2072 | files=5076 | data=1952 | cola=11609 | prio=10 | https://catalog.data.gov/dataset/useeio-v2-5-1-waxwing-model
[DATAGOV] t=4924.7s | pag=2073 | files=5076 | data=1953 | cola=11608 | prio=10 | https://catalog.data.gov/dataset/consumption-based-emissions-inventory-summaries-for-selected-u-s-states-2012-2019?from_hint=eyJrZXl3b3JkIjoiVVNFRUlPIn0%3D
[DATAGOV] t=4925.8s | pag=2074 | files=5076 | data=1954 | cola=11611 | prio=10 | https://catalog.data.gov/dataset/consumption-based-emissions-inventory-summaries-for-selected-u-s-states-2012-2019
[DATAGOV] t=4926.7s | pag=2075 | files=5076 | data=1955 | cola=11610 | prio=10 | https://catalog.data.gov/dataset/useeiov1-1-openlca?from_hint=eyJrZXl3b3JkIjoiVVNFRUlPIn0%3D
[DATAGOV] t=4930.8s | pag=2076 | files=5077 | data=1956 | cola=11612 | prio=10 | https://catalog.data.gov/dataset/useeiov1-1-openlca
[DATAGOV] t=4931.2s | pag=2077 | files=5077 | data=1957 | cola=11611 | prio=10 | https://catalog.data.gov/dataset/embodied-material-flow-and-ghg-emission-factors-for-u-s-imports-derived-from-the-2017-2022?from_hint=eyJrZXl3b3JkIjoiVVNFRUlPIn0%3D
[DATAGOV] t=4932.1s | pag=2078 | files=5089 | data=1958 | cola=11613 | prio=10 | https://catalog.data.gov/dataset/embodied-material-flow-and-ghg-emission-factors-for-u-s-imports-derived-from-the-2017-2022
[DATAGOV] t=4933.0s | pag=2079 | files=5089 | data=1959 | cola=11612 | prio=10 | https://catalog.data.gov/dataset/northeastern-u-s-state-consumption-based-emission-inventories-2012-2020-supporting-files?from_hint=eyJrZXl3b3JkIjoiVVNFRUlPIn0%3D
[DATAGOV] t=4945.4s | pag=2080 | files=5098 | data=1960 | cola=11620 | prio=10 | https://catalog.data.gov/dataset/northeastern-u-s-state-consumption-based-emission-inventories-2012-2020-supporting-files
[DATAGOV] t=4946.5s | pag=2081 | files=5098 | data=1961 | cola=11619 | prio=10 | https://catalog.data.gov/dataset/dio-v2-0?from_hint=eyJrZXl3b3JkIjoiVVNFRUlPIn0%3D
[DATAGOV] t=4947.3s | pag=2082 | files=5099 | data=1962 | cola=11619 | prio=10 | https://catalog.data.gov/dataset/dio-v2-0
[DATAGOV] t=4948.0s | pag=2083 | files=5099 | data=1963 | cola=11618 | prio=10 | https://catalog.data.gov/dataset/colorado-2020-input-output-model-with-extensions-for-jobs-greenhouse-gases-and-value-added?from_hint=eyJrZXl3b3JkIjoiVVNFRUlPIn0%3D
[DATAGOV] t=4948.9s | pag=2084 | files=5099 | data=1964 | cola=11621 | prio=10 | https://catalog.data.gov/dataset/life-cycle-data-interoperability-improvements-through-implementation-of-the-federal-lca-co?from_hint=eyJrZXl3b3JkIjoiVVNFRUlPIn0%3D
[DATAGOV] t=4949.8s | pag=2085 | files=5100 | data=1965 | cola=11627 | prio=10 | https://catalog.data.gov/dataset/life-cycle-data-interoperability-improvements-through-implementation-of-the-federal-lca-co
[DATAGOV] t=4950.8s | pag=2086 | files=5100 | data=1966 | cola=11626 | prio=10 | https://catalog.data.gov/dataset/useeior-v1-0-0-supporting-data?from_hint=eyJrZXl3b3JkIjoiVVNFRUlPIn0%3D
[DATAGOV] t=4951.7s | pag=2087 | files=5100 | data=1967 | cola=11630 | prio=10 | https://catalog.data.gov/dataset/supply-chain-greenhouse-gas-emission-factors-v1-3-by-naics-6?from_hint=eyJrZXl3b3JkIjoiY2xpbWF0ZSBjaGFuZ2UifQ%3D%3D
[DATAGOV] t=4952.4s | pag=2088 | files=5100 | data=1968 | cola=11629 | prio=10 | https://catalog.data.gov/dataset/dynamically-downscaled-hourly-future-weather-data-with-12-km-resolution-covering-most-of-n?from_hint=eyJrZXl3b3JkIjoiY2xpbWF0ZSBjaGFuZ2UifQ%3D%3D
[DATAGOV] t=4953.3s | pag=2089 | files=5100 | data=1969 | cola=11628 | prio=10 | https://catalog.data.gov/dataset/useeio-models-with-import-emission-factors-for-greenhouse-gases-for-2017-2022-from-exiobas?from_hint=eyJrZXl3b3JkIjoiY2xpbWF0ZSBjaGFuZ2UifQ%3D%3D
[DATAGOV] t=4954.5s | pag=2090 | files=5100 | data=1970 | cola=11627 | prio=10 | https://catalog.data.gov/dataset/data-for-modeled-spatiotemporal-distributions-of-airborne-allergenic-pollen-conus?from_hint=eyJrZXl3b3JkIjoiY2xpbWF0ZSBjaGFuZ2UifQ%3D%3D
[DATAGOV] t=4955.2s | pag=2091 | files=5100 | data=1971 | cola=11626 | prio=10 | https://catalog.data.gov/dataset/ambient-air-quality-data-inventory?from_hint=eyJrZXl3b3JkIjoiY2xpbWF0ZSBjaGFuZ2UifQ%3D%3D
[DATAGOV] t=4956.1s | pag=2092 | files=5100 | data=1972 | cola=11625 | prio=10 | https://catalog.data.gov/dataset/air-quality-data?from_hint=eyJrZXl3b3JkIjoiY2xpbWF0ZSBjaGFuZ2UifQ%3D%3D
[DATAGOV] t=4957.0s | pag=2093 | files=5100 | data=1973 | cola=11624 | prio=10 | https://catalog.data.gov/dataset/heat-vulnerability-index-rankings?from_hint=eyJrZXl3b3JkIjoiY2xpbWF0ZSBjaGFuZ2UifQ%3D%3D
[DATAGOV] t=4957.9s | pag=2094 | files=5103 | data=1974 | cola=11628 | prio=10 | https://catalog.data.gov/dataset/heat-vulnerability-index-rankings
[DATAGOV] DATASETS=1975 | data_html_table | https://catalog.data.gov/dataset/heat-vulnerability-index-rankings
[DATAGOV] t=4958.9s | pag=2095 | files=5103 | data=1975 | cola=11627 | prio=10 | https://catalog.data.gov/dataset/useeio-models-with-import-emission-factors-for-greenhouse-gases-for-2022-from-ceda-coupled?from_hint=eyJrZXl3b3JkIjoiY2xpbWF0ZSBjaGFuZ2UifQ%3D%3D
[DATAGOV] t=4959.9s | pag=2096 | files=5103 | data=1976 | cola=11626 | prio=10 | https://catalog.data.gov/dataset/building-energy-benchmarking-data-2015-present?from_hint=eyJrZXl3b3JkIjoiY2xpbWF0ZSBjaGFuZ2UifQ%3D%3D
[DATAGOV] t=4960.8s | pag=2097 | files=5103 | data=1977 | cola=11625 | prio=10 | https://catalog.data.gov/dataset/aqs-data-mart?from_hint=eyJrZXl3b3JkIjoiY2xpbWF0ZSBjaGFuZ2UifQ%3D%3D
[DATAGOV] t=4961.8s | pag=2098 | files=5103 | data=1978 | cola=11626 | prio=10 | https://catalog.data.gov/dataset/aqs-data-mart
[DATAGOV] t=4962.8s | pag=2099 | files=5103 | data=1979 | cola=11625 | prio=10 | https://catalog.data.gov/dataset/projected-groundwater-emergence-and-shoaling-along-the-u-s-north-eastern-coasts?from_hint=eyJrZXl3b3JkIjoiY2xpbWF0ZSBjaGFuZ2UifQ%3D%3D
[DATAGOV] t=4963.7s | pag=2100 | files=5103 | data=1980 | cola=11633 | prio=10 | https://catalog.data.gov/dataset/2070-extreme-climate-change-scenarios-for-water-supply-planning?from_hint=eyJrZXl3b3JkIjoiY2xpbWF0ZSBjaGFuZ2UifQ%3D%3D
[DATAGOV] t=4976.3s | pag=2101 | files=5108 | data=1981 | cola=11634 | prio=10 | https://catalog.data.gov/organization/california
[DATAGOV] t=4976.9s | pag=2102 | files=5108 | data=1982 | cola=11642 | prio=10 | https://catalog.data.gov/dataset/2070-extreme-climate-change-scenarios-for-water-supply-planning
[DATAGOV] t=4977.5s | pag=2103 | files=5108 | data=1983 | cola=11641 | prio=10 | https://catalog.data.gov/dataset/cosmos-3-2-northern-california-tier-1-flow-wave-model-input-files?from_hint=eyJrZXl3b3JkIjoiY2xpbWF0ZSBjaGFuZ2UifQ%3D%3D
[DATAGOV] t=4978.4s | pag=2104 | files=5109 | data=1984 | cola=11645 | prio=10 | https://catalog.data.gov/dataset/cosmos-3-2-northern-california-tier-1-flow-wave-model-input-files
[DATAGOV] t=4979.2s | pag=2105 | files=5109 | data=1985 | cola=11644 | prio=10 | https://catalog.data.gov/dataset/2012-2022-national-level-greenhouse-gas-emission-totals-by-industry?from_hint=eyJrZXl3b3JkIjoiY2xpbWF0ZSBjaGFuZ2UifQ%3D%3D
[DATAGOV] t=4980.0s | pag=2106 | files=5111 | data=1986 | cola=11649 | prio=10 | https://catalog.data.gov/dataset/2012-2022-national-level-greenhouse-gas-emission-totals-by-industry
[DATAGOV] t=4980.7s | pag=2107 | files=5111 | data=1987 | cola=11648 | prio=10 | https://catalog.data.gov/dataset/temperature-ozone-and-pm2-5-data-for-associations-between-simulated-future-changes-in-2021?from_hint=eyJrZXl3b3JkIjoiY2xpbWF0ZSBjaGFuZ2UifQ%3D%3D
[DATAGOV] t=4981.6s | pag=2108 | files=5117 | data=1988 | cola=11650 | prio=10 | https://catalog.data.gov/dataset/temperature-ozone-and-pm2-5-data-for-associations-between-simulated-future-changes-in-2021
[DATAGOV] t=4982.1s | pag=2109 | files=5117 | data=1989 | cola=11649 | prio=10 | https://catalog.data.gov/dataset/u-s-wind-and-solar-pv-supply-curves-with-future-land-use-change?from_hint=eyJrZXl3b3JkIjoiY2xpbWF0ZSBjaGFuZ2UifQ%3D%3D
[DATAGOV] t=4986.5s | pag=2110 | files=5119 | data=1990 | cola=11651 | prio=10 | https://catalog.data.gov/dataset/u-s-wind-and-solar-pv-supply-curves-with-future-land-use-change
[DATAGOV] t=4987.3s | pag=2111 | files=5119 | data=1991 | cola=11650 | prio=10 | https://catalog.data.gov/dataset/climate-change-impacts-on-air-quality-and-human-health?from_hint=eyJrZXl3b3JkIjoiY2xpbWF0ZSBjaGFuZ2UifQ%3D%3D
[DATAGOV] t=4988.3s | pag=2112 | files=5119 | data=1992 | cola=11650 | prio=10 | https://catalog.data.gov/dataset/nys-climate-impacts-assessment-climate-change-projections?from_hint=eyJrZXl3b3JkIjoiY2xpbWF0ZSBjaGFuZ2UifQ%3D%3D
[DATAGOV] t=4989.3s | pag=2113 | files=5122 | data=1993 | cola=11657 | prio=10 | https://catalog.data.gov/dataset/nys-climate-impacts-assessment-climate-change-projections
[DATAGOV] t=4989.9s | pag=2114 | files=5122 | data=1994 | cola=11656 | prio=10 | https://catalog.data.gov/dataset/noaa-monthly-u-s-climate-gridded-dataset-nclimgrid?from_hint=eyJrZXl3b3JkIjoiY2xpbWF0ZSBjaGFuZ2UifQ%3D%3D
[DATAGOV] t=4990.9s | pag=2115 | files=5123 | data=1995 | cola=11664 | prio=10 | https://catalog.data.gov/dataset/noaa-monthly-u-s-climate-gridded-dataset-nclimgrid
[DATAGOV] t=4991.8s | pag=2116 | files=5123 | data=1996 | cola=11663 | prio=10 | https://catalog.data.gov/dataset/model-input-files-for-the-lower-nooksack-river-and-delta-western-washington-state?from_hint=eyJrZXl3b3JkIjoiY2xpbWF0ZSBjaGFuZ2UifQ%3D%3D
[DATAGOV] t=4992.6s | pag=2117 | files=5124 | data=1997 | cola=11666 | prio=10 | https://catalog.data.gov/dataset/model-input-files-for-the-lower-nooksack-river-and-delta-western-washington-state
[DATAGOV] t=4993.2s | pag=2118 | files=5124 | data=1998 | cola=11665 | prio=10 | https://catalog.data.gov/dataset/supply-chain-greenhouse-gas-emission-factors-v1-3-by-naics-6?from_hint=eyJrZXl3b3JkIjoiaW5kdXN0cnkgZ2hncyJ9
[DATAGOV] t=4994.2s | pag=2119 | files=5124 | data=1999 | cola=11664 | prio=10 | https://catalog.data.gov/dataset/supply-chain-greenhouse-gas-emission-factors-v1-3-by-naics-6?from_hint=eyJrZXl3b3JkIjoic2NvcGUgMyJ9
[DATAGOV] DATASETS=2000 | data_html_table | https://catalog.data.gov/dataset/supply-chain-greenhouse-gas-emission-factors-v1-3-by-naics-6?from_hint=eyJrZXl3b3JkIjoic2NvcGUgMyJ9
[DATAGOV] t=4995.1s | pag=2120 | files=5124 | data=2000 | cola=11663 | prio=10 | https://catalog.data.gov/dataset/supply-chain-greenhouse-gas-emission-factors-v1-2-by-naics-6?from_hint=eyJrZXl3b3JkIjoic2NvcGUgMyJ9
[DATAGOV] t=4995.8s | pag=2121 | files=5124 | data=2001 | cola=11662 | prio=10 | https://catalog.data.gov/dataset/supply-chain-ghg-emission-factors-for-us-commodities-and-industries-v1-1-1?from_hint=eyJrZXl3b3JkIjoic2NvcGUgMyJ9
[DATAGOV] t=4996.5s | pag=2122 | files=5124 | data=2002 | cola=11661 | prio=10 | https://catalog.data.gov/dataset/supply-chain-ghg-emission-factors-for-us-commodities-and-industries-v1-1?from_hint=eyJrZXl3b3JkIjoic2NvcGUgMyJ9
[DATAGOV] t=4997.3s | pag=2123 | files=5124 | data=2003 | cola=11660 | prio=10 | https://catalog.data.gov/?keyword=EEIO
[DATAGOV] t=4998.2s | pag=2124 | files=5124 | data=2004 | cola=11676 | prio=10 | https://catalog.data.gov/?keyword=GHGs
[DATAGOV] t=4998.9s | pag=2125 | files=5124 | data=2005 | cola=11685 | prio=10 | https://catalog.data.gov/harvest_record/4d7c22ae-8a10-467f-8f8c-4fff646aaebd/raw
[DATAGOV] t=4999.6s | pag=2125 | files=5125 | data=2005 | cola=11684 | prio=10 | https://catalog.data.gov/?keyword=GHG+emission+factors
[DATAGOV] t=5001.6s | pag=2126 | files=5125 | data=2006 | cola=11684 | prio=10 | https://catalog.data.gov/?keyword=carbon+footprint
[DATAGOV] t=5002.2s | pag=2127 | files=5125 | data=2007 | cola=11689 | prio=10 | https://catalog.data.gov/harvest_record/e980d7fb-1d0a-4e5d-9d82-ee2608af1c77/raw
[DATAGOV] t=5002.9s | pag=2127 | files=5126 | data=2007 | cola=11688 | prio=10 | https://catalog.data.gov/?keyword=AR4
[DATAGOV] t=5004.5s | pag=2128 | files=5126 | data=2008 | cola=11688 | prio=10 | https://catalog.data.gov/?keyword=AR5
[DATAGOV] t=5005.3s | pag=2129 | files=5126 | data=2009 | cola=11690 | prio=10 | https://catalog.data.gov/?keyword=AR6
[DATAGOV] t=5006.0s | pag=2130 | files=5126 | data=2010 | cola=11690 | prio=10 | https://catalog.data.gov/?keyword=FEDEFL
[DATAGOV] t=5007.1s | pag=2131 | files=5126 | data=2011 | cola=11690 | prio=10 | https://catalog.data.gov/?keyword=Global+Warming+Potential
[DATAGOV] t=5008.2s | pag=2132 | files=5126 | data=2012 | cola=11690 | prio=10 | https://catalog.data.gov/?keyword=Greenhouse+gas
[DATAGOV] t=5009.4s | pag=2133 | files=5127 | data=2013 | cola=11721 | prio=10 | https://catalog.data.gov/?keyword=International+Panel+for+Climate+Change
[DATAGOV] t=5010.2s | pag=2134 | files=5127 | data=2014 | cola=11721 | prio=10 | https://catalog.data.gov/?keyword=openLCA
[DATAGOV] t=5011.0s | pag=2135 | files=5127 | data=2015 | cola=11725 | prio=10 | https://catalog.data.gov/harvest_record/c899919a-3603-4426-9e52-e1f5fa60b80d/raw
[DATAGOV] t=5011.9s | pag=2135 | files=5128 | data=2015 | cola=11724 | prio=10 | https://catalog.data.gov/?keyword=input-output+data
[DATAGOV] t=5013.9s | pag=2136 | files=5128 | data=2016 | cola=11758 | prio=10 | https://catalog.data.gov/?keyword=life+cycle+assessment
[DATAGOV] t=5014.6s | pag=2137 | files=5135 | data=2017 | cola=11781 | prio=10 | https://catalog.data.gov/?keyword=life+cycle+inventory+data
[DATAGOV] t=5015.7s | pag=2138 | files=5135 | data=2018 | cola=11801 | prio=10 | https://catalog.data.gov/?keyword=sustainability
[DATAGOV] t=5016.7s | pag=2139 | files=5135 | data=2019 | cola=11831 | prio=10 | https://catalog.data.gov/harvest_record/5a52355c-65d9-429d-ad37-0eee7b3507fa/raw
[DATAGOV] t=5017.3s | pag=2139 | files=5136 | data=2019 | cola=11830 | prio=10 | https://catalog.data.gov/?keyword=dicamba
[DATAGOV] t=5019.3s | pag=2140 | files=5136 | data=2020 | cola=11834 | prio=10 | https://catalog.data.gov/?keyword=glyphosate
[DATAGOV] t=5020.4s | pag=2141 | files=5136 | data=2021 | cola=11852 | prio=10 | https://catalog.data.gov/?keyword=herbicides
[DATAGOV] t=5021.1s | pag=2142 | files=5136 | data=2022 | cola=11890 | prio=10 | https://catalog.data.gov/?keyword=native+plants
[DATAGOV] t=5022.2s | pag=2143 | files=5136 | data=2023 | cola=11902 | prio=10 | https://catalog.data.gov/?keyword=phytotoxicology
[DATAGOV] t=5023.2s | pag=2144 | files=5136 | data=2024 | cola=11902 | prio=10 | https://catalog.data.gov/harvest_record/3b301b7c-68d9-4366-a937-b226b11b9a84/raw
[DATAGOV] t=5024.1s | pag=2144 | files=5137 | data=2024 | cola=11901 | prio=10 | https://catalog.data.gov/?keyword=US+industry+GHGs
[DATAGOV] DATASETS=2025 | exportable_data_page | https://catalog.data.gov/?keyword=US+industry+GHGs
[DATAGOV] t=5026.1s | pag=2145 | files=5137 | data=2025 | cola=11902 | prio=10 | https://catalog.data.gov/?keyword=dollar-based+emissions
[DATAGOV] t=5026.9s | pag=2146 | files=5137 | data=2026 | cola=11902 | prio=10 | https://catalog.data.gov/?keyword=life+cycle+GHG+emissions
[DATAGOV] t=5027.7s | pag=2147 | files=5137 | data=2027 | cola=11903 | prio=10 | https://catalog.data.gov/harvest_record/32309ae7-eb14-454c-9cf8-3d9de6fd6cf2/raw
[DATAGOV] t=5028.6s | pag=2147 | files=5138 | data=2027 | cola=11902 | prio=10 | https://catalog.data.gov/?keyword=alternative
[DATAGOV] t=5030.2s | pag=2148 | files=5138 | data=2028 | cola=11916 | prio=10 | https://catalog.data.gov/?keyword=auto
[DATAGOV] t=5030.9s | pag=2149 | files=5138 | data=2029 | cola=11942 | prio=10 | https://catalog.data.gov/?keyword=automobile
[DATAGOV] t=5032.0s | pag=2150 | files=5138 | data=2030 | cola=11958 | prio=10 | https://catalog.data.gov/?keyword=best+and+worst
[DATAGOV] t=5032.9s | pag=2151 | files=5138 | data=2031 | cola=11958 | prio=10 | https://catalog.data.gov/?keyword=buy
[DATAGOV] t=5033.6s | pag=2152 | files=5138 | data=2032 | cola=11961 | prio=10 | https://catalog.data.gov/?keyword=buyer
[DATAGOV] t=5034.5s | pag=2153 | files=5138 | data=2033 | cola=11961 | prio=10 | https://catalog.data.gov/?keyword=calculate
[DATAGOV] t=5035.5s | pag=2154 | files=5138 | data=2034 | cola=11962 | prio=10 | https://catalog.data.gov/harvest_record/0c816580-8e7f-43a0-be43-08c9f60e7e0c/raw
[DATAGOV] t=5036.3s | pag=2154 | files=5139 | data=2034 | cola=11961 | prio=10 | https://catalog.data.gov/?keyword=consumer+refrigeration
[DATAGOV] t=5037.9s | pag=2155 | files=5139 | data=2035 | cola=11961 | prio=10 | https://catalog.data.gov/?keyword=refrigerators
[DATAGOV] t=5039.0s | pag=2156 | files=5139 | data=2036 | cola=11961 | prio=10 | https://catalog.data.gov/?keyword=residential+refrigerators
[DATAGOV] t=5040.0s | pag=2157 | files=5139 | data=2037 | cola=11961 | prio=10 | https://catalog.data.gov/harvest_record/aead0862-ae42-43c2-9c26-e047e9ff148b/raw
[DATAGOV] t=5040.7s | pag=2157 | files=5140 | data=2037 | cola=11960 | prio=10 | https://catalog.data.gov/?keyword=life+cycle+models
[DATAGOV] t=5042.0s | pag=2158 | files=5140 | data=2038 | cola=11960 | prio=10 | https://catalog.data.gov/harvest_record/6b2aef80-5580-41b0-91f0-110bdb9ea0f8/raw
[DATAGOV] t=5042.5s | pag=2158 | files=5141 | data=2038 | cola=11959 | prio=10 | https://catalog.data.gov/?keyword=Drinking+Water
[DATAGOV] t=5044.6s | pag=2159 | files=5141 | data=2039 | cola=11986 | prio=10 | https://catalog.data.gov/?keyword=Water
[DATAGOV] t=5045.5s | pag=2160 | files=5141 | data=2040 | cola=12008 | prio=10 | https://catalog.data.gov/harvest_record/80f10036-e01a-44b2-b368-ac71db3e2cc0/raw
[DATAGOV] t=5046.1s | pag=2160 | files=5141 | data=2040 | cola=12007 | prio=10 | https://catalog.data.gov/?keyword=U.S.+imports
[DATAGOV] t=5047.9s | pag=2161 | files=5141 | data=2041 | cola=12009 | prio=10 | https://catalog.data.gov/?keyword=embodied+carbon
[DATAGOV] t=5048.7s | pag=2162 | files=5141 | data=2042 | cola=12014 | prio=10 | https://catalog.data.gov/?keyword=international+trade
[DATAGOV] t=5049.4s | pag=2163 | files=5141 | data=2043 | cola=12035 | prio=10 | https://catalog.data.gov/harvest_record/3eaf062c-1b82-47ac-9562-d8898d4c7e7b/raw
[DATAGOV] t=5050.2s | pag=2163 | files=5142 | data=2043 | cola=12034 | prio=10 | https://catalog.data.gov/?keyword=Ecosystem
[DATAGOV] t=5051.8s | pag=2164 | files=5142 | data=2044 | cola=12065 | prio=10 | https://catalog.data.gov/?keyword=Environment
[DATAGOV] t=5052.7s | pag=2165 | files=5142 | data=2045 | cola=12087 | prio=10 | https://catalog.data.gov/?keyword=Estuary
[DATAGOV] t=5053.6s | pag=2166 | files=5142 | data=2046 | cola=12119 | prio=10 | https://catalog.data.gov/?keyword=Natural+Resources
[DATAGOV] t=5054.3s | pag=2167 | files=5142 | data=2047 | cola=12146 | prio=10 | https://catalog.data.gov/?keyword=Surface+Water
[DATAGOV] t=5056.4s | pag=2168 | files=5142 | data=2048 | cola=12172 | prio=10 | https://catalog.data.gov/?keyword=Ecosystem+Services
[DATAGOV] t=5057.0s | pag=2169 | files=5142 | data=2049 | cola=12200 | prio=10 | https://catalog.data.gov/harvest_record/8d011d5c-5f7a-4f49-8abf-8b2142212c72/raw
[DATAGOV] t=5057.8s | pag=2169 | files=5142 | data=2049 | cola=12199 | prio=10 | https://catalog.data.gov/?keyword=EIO
[DATAGOV] DATASETS=2050 | exportable_data_page | https://catalog.data.gov/?keyword=EIO
[DATAGOV] t=5059.4s | pag=2170 | files=5142 | data=2050 | cola=12206 | prio=10 | https://catalog.data.gov/?keyword=US+consumption
[DATAGOV] t=5060.1s | pag=2171 | files=5142 | data=2051 | cola=12206 | prio=10 | https://catalog.data.gov/?keyword=US+production
[DATAGOV] t=5061.2s | pag=2172 | files=5142 | data=2052 | cola=12206 | prio=10 | https://catalog.data.gov/?keyword=carbon+footprint+tool
[DATAGOV] t=5061.9s | pag=2173 | files=5142 | data=2053 | cola=12206 | prio=10 | https://catalog.data.gov/?keyword=environmental+input-output
[DATAGOV] t=5063.0s | pag=2174 | files=5142 | data=2054 | cola=12207 | prio=10 | https://catalog.data.gov/?keyword=input-output
[DATAGOV] t=5063.8s | pag=2175 | files=5142 | data=2055 | cola=12213 | prio=10 | https://catalog.data.gov/harvest_record/215868ab-a6d6-4d1f-9f2e-acbbb086b066/raw
[DATAGOV] t=5064.6s | pag=2175 | files=5143 | data=2055 | cola=12212 | prio=10 | https://catalog.data.gov/?keyword=assessment+grant
[DATAGOV] t=5066.2s | pag=2176 | files=5143 | data=2056 | cola=12212 | prio=10 | https://catalog.data.gov/?keyword=brownfields
[DATAGOV] t=5066.9s | pag=2177 | files=5143 | data=2057 | cola=12235 | prio=10 | https://catalog.data.gov/?keyword=contaminated
[DATAGOV] t=5068.0s | pag=2178 | files=5143 | data=2058 | cola=12237 | prio=10 | https://catalog.data.gov/?keyword=environment
[DATAGOV] t=5068.9s | pag=2179 | files=5143 | data=2059 | cola=12256 | prio=10 | https://catalog.data.gov/?keyword=epa
[DATAGOV] t=5069.5s | pag=2180 | files=5143 | data=2060 | cola=12279 | prio=10 | https://catalog.data.gov/?keyword=federal+data+download
[DATAGOV] t=5070.6s | pag=2181 | files=5143 | data=2061 | cola=12297 | prio=10 | https://catalog.data.gov/harvest_record/86206783-15c2-4ebe-8bdf-06c2e7e9d639/raw
[DATAGOV] t=5071.2s | pag=2181 | files=5144 | data=2061 | cola=12296 | prio=10 | https://catalog.data.gov/?keyword=CMAQ
[DATAGOV] t=5073.0s | pag=2182 | files=5144 | data=2062 | cola=12325 | prio=10 | https://catalog.data.gov/?keyword=Mesoscale+meteorology
[DATAGOV] t=5074.1s | pag=2183 | files=5144 | data=2063 | cola=12325 | prio=10 | https://catalog.data.gov/harvest_record/805d977e-12ad-4f90-8d01-0d7f804ccb47/raw
[DATAGOV] t=5074.8s | pag=2183 | files=5145 | data=2063 | cola=12324 | prio=10 | https://catalog.data.gov/?keyword=air+quality+system
[DATAGOV] t=5076.6s | pag=2184 | files=5145 | data=2064 | cola=12325 | prio=10 | https://catalog.data.gov/?keyword=ambient+air+quality+data
[DATAGOV] t=5077.5s | pag=2185 | files=5145 | data=2065 | cola=12326 | prio=10 | https://catalog.data.gov/?keyword=aqs
[DATAGOV] t=5078.1s | pag=2186 | files=5145 | data=2066 | cola=12327 | prio=10 | https://catalog.data.gov/?keyword=caps
[DATAGOV] t=5078.8s | pag=2187 | files=5145 | data=2067 | cola=12344 | prio=10 | https://catalog.data.gov/?keyword=clean+air+act
[DATAGOV] t=5079.7s | pag=2188 | files=5145 | data=2068 | cola=12366 | prio=10 | https://catalog.data.gov/?keyword=cmaq
[DATAGOV] t=5080.4s | pag=2189 | files=5145 | data=2069 | cola=12385 | prio=10 | https://catalog.data.gov/?keyword=community+multi-scale+air+quality+model+outputs
[DATAGOV] t=5081.1s | pag=2190 | files=5145 | data=2070 | cola=12386 | prio=10 | https://catalog.data.gov/harvest_record/916f60a0-7325-4943-a392-0a5416aa2200/raw
[DATAGOV] t=5082.2s | pag=2190 | files=5146 | data=2070 | cola=12385 | prio=10 | https://catalog.data.gov/?keyword=data+quality+scores
[DATAGOV] t=5085.4s | pag=2191 | files=5146 | data=2071 | cola=12385 | prio=10 | https://catalog.data.gov/?keyword=life+cycle+impacts
[DATAGOV] t=5086.3s | pag=2192 | files=5146 | data=2072 | cola=12385 | prio=10 | https://catalog.data.gov/?keyword=life+cycle+results
[DATAGOV] t=5087.2s | pag=2193 | files=5146 | data=2073 | cola=12385 | prio=10 | https://catalog.data.gov/?keyword=total+requirements+matrix
[DATAGOV] t=5088.4s | pag=2194 | files=5146 | data=2074 | cola=12385 | prio=10 | https://catalog.data.gov/harvest_record/d22eb5f7-f622-46d7-8144-09058232ad69/raw
[DATAGOV] t=5088.9s | pag=2194 | files=5147 | data=2074 | cola=12384 | prio=10 | https://catalog.data.gov/?keyword=compliance+%26+enforcement
[DATAGOV] DATASETS=2075 | exportable_data_page | https://catalog.data.gov/?keyword=compliance+%26+enforcement
[DATAGOV] t=5090.6s | pag=2195 | files=5147 | data=2075 | cola=12384 | prio=10 | https://catalog.data.gov/?keyword=datafinder
[DATAGOV] t=5091.7s | pag=2196 | files=5147 | data=2076 | cola=12405 | prio=10 | https://catalog.data.gov/?keyword=drinking+water
[DATAGOV] t=5092.8s | pag=2197 | files=5147 | data=2077 | cola=12424 | prio=10 | https://catalog.data.gov/?keyword=environmental+media+topics
[DATAGOV] t=5093.4s | pag=2198 | files=5148 | data=2078 | cola=12443 | prio=10 | https://catalog.data.gov/?keyword=regulatory+%26+industrial+topics
[DATAGOV] t=5094.1s | pag=2199 | files=5148 | data=2079 | cola=12445 | prio=10 | https://catalog.data.gov/harvest_record/ea0e3e55-01ed-4d3e-9aba-62f59e4fc833/raw
[DATAGOV] t=5094.8s | pag=2199 | files=5149 | data=2079 | cola=12444 | prio=10 | https://catalog.data.gov/?keyword=afs+modernization
[DATAGOV] t=5097.0s | pag=2200 | files=5149 | data=2080 | cola=12444 | prio=10 | https://catalog.data.gov/?keyword=icis
[DATAGOV] t=5098.0s | pag=2201 | files=5149 | data=2081 | cola=12445 | prio=10 | https://catalog.data.gov/?keyword=pcs+modernization
[DATAGOV] t=5098.8s | pag=2202 | files=5149 | data=2082 | cola=12445 | prio=10 | https://catalog.data.gov/harvest_record/348ba4f4-9672-46bc-bfaf-c29b686df1c6/raw
[DATAGOV] t=5099.5s | pag=2202 | files=5150 | data=2082 | cola=12444 | prio=10 | https://catalog.data.gov/dataset/2017-18-arrests-civil-rights-data-collection?from_hint=eyJrZXl3b3JkIjoiYXJyZXN0cyJ9
[DATAGOV] t=5101.1s | pag=2203 | files=5150 | data=2083 | cola=12443 | prio=10 | https://catalog.data.gov/dataset/crime-in-the-united-states?from_hint=eyJrZXl3b3JkIjoiYXJyZXN0cyJ9
[DATAGOV] t=5102.0s | pag=2204 | files=5150 | data=2084 | cola=12442 | prio=10 | https://catalog.data.gov/dataset/national-incident-based-reporting-system-nibrs?from_hint=eyJrZXl3b3JkIjoiYXJyZXN0cyJ9
[DATAGOV] t=5102.6s | pag=2205 | files=5150 | data=2085 | cola=12441 | prio=10 | https://catalog.data.gov/dataset/arrest-data-from-2010-to-2019?from_hint=eyJrZXl3b3JkIjoiYXJyZXN0cyJ9
[DATAGOV] t=5103.4s | pag=2206 | files=5150 | data=2086 | cola=12440 | prio=10 | https://catalog.data.gov/dataset/apd-arrests?from_hint=eyJrZXl3b3JkIjoiYXJyZXN0cyJ9
[DATAGOV] t=5104.0s | pag=2207 | files=5150 | data=2087 | cola=12439 | prio=10 | https://catalog.data.gov/dataset/washington-state-criminal-justice-data-book?from_hint=eyJrZXl3b3JkIjoiYXJyZXN0cyJ9
[DATAGOV] t=5104.9s | pag=2208 | files=5151 | data=2088 | cola=12441 | prio=10 | https://catalog.data.gov/dataset/washington-state-criminal-justice-data-book
[DATAGOV] t=5105.7s | pag=2209 | files=5151 | data=2089 | cola=12440 | prio=10 | https://catalog.data.gov/dataset/arrest-data-from-2020-to-present?from_hint=eyJrZXl3b3JkIjoiYXJyZXN0cyJ9
[DATAGOV] t=5106.6s | pag=2210 | files=5151 | data=2090 | cola=12439 | prio=10 | https://catalog.data.gov/dataset/arrests?from_hint=eyJrZXl3b3JkIjoiYXJyZXN0cyJ9
[DATAGOV] t=5107.2s | pag=2211 | files=5151 | data=2091 | cola=12438 | prio=10 | https://catalog.data.gov/dataset/washington-state-uniform-crime-reporting-national-incident-based-reporting-system?from_hint=eyJrZXl3b3JkIjoiYXJyZXN0cyJ9
[DATAGOV] t=5107.8s | pag=2212 | files=5154 | data=2092 | cola=12438 | prio=10 | https://catalog.data.gov/dataset/washington-state-uniform-crime-reporting-national-incident-based-reporting-system
[DATAGOV] t=5108.4s | pag=2213 | files=5154 | data=2093 | cola=12437 | prio=10 | https://catalog.data.gov/dataset/police-transparency-arrests-all-data-main-table-denormalized?from_hint=eyJrZXl3b3JkIjoiYXJyZXN0cyJ9
[DATAGOV] t=5109.0s | pag=2214 | files=5154 | data=2094 | cola=12436 | prio=10 | https://catalog.data.gov/dataset/mta-summonses-and-arrests-beginning-2019?from_hint=eyJrZXl3b3JkIjoiYXJyZXN0cyJ9
[DATAGOV] t=5109.8s | pag=2215 | files=5157 | data=2095 | cola=12439 | prio=10 | https://catalog.data.gov/dataset/mta-summonses-and-arrests-beginning-2019
[DATAGOV] t=5110.5s | pag=2216 | files=5157 | data=2096 | cola=12438 | prio=10 | https://catalog.data.gov/dataset/bpd-arrests?from_hint=eyJrZXl3b3JkIjoiYXJyZXN0cyJ9
[DATAGOV] t=5111.6s | pag=2217 | files=5157 | data=2097 | cola=12437 | prio=10 | https://catalog.data.gov/dataset/age-by-race-specific-crime-rates-1965-1985-united-states?from_hint=eyJrZXl3b3JkIjoiYXJyZXN0cyJ9
[DATAGOV] t=5112.6s | pag=2218 | files=5157 | data=2098 | cola=12441 | prio=10 | https://catalog.data.gov/dataset/uniform-crime-reports-united-states-1930-1959?from_hint=eyJrZXl3b3JkIjoiYXJyZXN0cyJ9
[DATAGOV] t=5113.3s | pag=2219 | files=5157 | data=2099 | cola=12443 | prio=10 | https://catalog.data.gov/dataset/national-incident-based-reporting-system-2000-extract-files?from_hint=eyJrZXl3b3JkIjoiYXJyZXN0cyJ9
[DATAGOV] DATASETS=2100 | data_html_table | https://catalog.data.gov/dataset/national-incident-based-reporting-system-2000-extract-files?from_hint=eyJrZXl3b3JkIjoiYXJyZXN0cyJ9
[DATAGOV] t=5114.2s | pag=2220 | files=5157 | data=2100 | cola=12446 | prio=10 | https://catalog.data.gov/dataset/uniform-crime-reporting-program-data-arson-united-states-2016?from_hint=eyJrZXl3b3JkIjoiYXJyZXN0cyJ9
[DATAGOV] t=5114.9s | pag=2221 | files=5157 | data=2101 | cola=12447 | prio=10 | https://catalog.data.gov/dataset/washington-state-uniform-crime-reporting-summary-reporting-system-49c49?from_hint=eyJrZXl3b3JkIjoiYXJyZXN0cyJ9
[DATAGOV] t=5115.9s | pag=2222 | files=5158 | data=2102 | cola=12447 | prio=10 | https://catalog.data.gov/dataset/washington-state-uniform-crime-reporting-summary-reporting-system-49c49
[DATAGOV] t=5117.1s | pag=2223 | files=5158 | data=2103 | cola=12446 | prio=10 | https://catalog.data.gov/dataset/federal-justice-statistics-program-arrests-and-bookings-for-federal-offenses-2005-united-s?from_hint=eyJrZXl3b3JkIjoiYXJyZXN0cyJ9
[DATAGOV] t=5118.3s | pag=2224 | files=5158 | data=2104 | cola=12449 | prio=10 | https://catalog.data.gov/dataset/police-transparency-arrests-last-90-days-dataset?from_hint=eyJrZXl3b3JkIjoiYXJyZXN0cyJ9
[DATAGOV] t=5119.3s | pag=2225 | files=5158 | data=2105 | cola=12448 | prio=10 | https://catalog.data.gov/dataset/uniform-crime-reporting-program-data-united-states-hate-crime-data-1999-record-type-files?from_hint=eyJrZXl3b3JkIjoiYXJyZXN0cyJ9
[DATAGOV] t=5119.9s | pag=2226 | files=5158 | data=2106 | cola=12448 | prio=10 | https://catalog.data.gov/dataset/2017-18-arrests-civil-rights-data-collection?from_hint=eyJrZXl3b3JkIjoiY2hpbGRyZW4gd2l0aCBkaXNhYmlsaXRpZXMifQ%3D%3D
[DATAGOV] t=5120.8s | pag=2227 | files=5158 | data=2107 | cola=12447 | prio=10 | https://catalog.data.gov/dataset/2012-idea-parts-b-and-c-formula-grant-funding-tables?from_hint=eyJrZXl3b3JkIjoiY2hpbGRyZW4gd2l0aCBkaXNhYmlsaXRpZXMifQ%3D%3D
[DATAGOV] t=5121.6s | pag=2228 | files=5162 | data=2108 | cola=12453 | prio=10 | https://catalog.data.gov/dataset/2012-idea-parts-b-and-c-formula-grant-funding-tables
[DATAGOV] t=5122.2s | pag=2229 | files=5162 | data=2109 | cola=12452 | prio=10 | https://catalog.data.gov/dataset/2017-18-arrests-civil-rights-data-collection?from_hint=eyJrZXl3b3JkIjoiY3JkYyJ9
[DATAGOV] t=5123.0s | pag=2230 | files=5162 | data=2110 | cola=12451 | prio=10 | https://catalog.data.gov/dataset/2017-18-harassment-or-bullying-civil-rights-data-collection?from_hint=eyJrZXl3b3JkIjoiY3JkYyJ9
[DATAGOV] t=5123.6s | pag=2231 | files=5162 | data=2111 | cola=12450 | prio=10 | https://catalog.data.gov/dataset/2017-18-discipline-civil-rights-data-collection?from_hint=eyJrZXl3b3JkIjoiY3JkYyJ9
[DATAGOV] t=5124.5s | pag=2232 | files=5162 | data=2112 | cola=12449 | prio=10 | https://catalog.data.gov/dataset/2011-12-estimations-for-enrollment-civil-rights-data-collection?from_hint=eyJrZXl3b3JkIjoiY3JkYyJ9
[DATAGOV] t=5125.7s | pag=2233 | files=5162 | data=2113 | cola=12448 | prio=10 | https://catalog.data.gov/dataset/2020-21-washington-state-crdc-data-pre-k-enrollment?from_hint=eyJrZXl3b3JkIjoiY3JkYyJ9
[DATAGOV] t=5126.7s | pag=2234 | files=5162 | data=2114 | cola=12447 | prio=10 | https://catalog.data.gov/dataset/2020-21-washington-state-crdc-data-school-behavior-and-climate?from_hint=eyJrZXl3b3JkIjoiY3JkYyJ9
[DATAGOV] t=5127.7s | pag=2235 | files=5165 | data=2115 | cola=12448 | prio=10 | https://catalog.data.gov/dataset/2020-21-washington-state-crdc-data-school-behavior-and-climate
[DATAGOV] t=5128.8s | pag=2236 | files=5165 | data=2116 | cola=12447 | prio=10 | https://catalog.data.gov/dataset/2017-18-preschool-discipline-civil-rights-data-collection?from_hint=eyJrZXl3b3JkIjoiY3JkYyJ9
[DATAGOV] t=5129.9s | pag=2237 | files=5165 | data=2117 | cola=12446 | prio=10 | https://catalog.data.gov/dataset/2020-21-washington-state-crdc-data-dual-credit?from_hint=eyJrZXl3b3JkIjoiY3JkYyJ9
[DATAGOV] t=5131.0s | pag=2238 | files=5168 | data=2118 | cola=12448 | prio=10 | https://catalog.data.gov/dataset/2020-21-washington-state-crdc-data-dual-credit
[DATAGOV] t=5131.6s | pag=2239 | files=5168 | data=2119 | cola=12447 | prio=10 | https://catalog.data.gov/dataset/2017-18-washington-state-crdc-data-harassment-and-violence?from_hint=eyJrZXl3b3JkIjoiY3JkYyJ9
[DATAGOV] t=5132.8s | pag=2240 | files=5171 | data=2120 | cola=12447 | prio=10 | https://catalog.data.gov/dataset/2017-18-washington-state-crdc-data-harassment-and-violence
[DATAGOV] t=5133.7s | pag=2241 | files=5171 | data=2121 | cola=12446 | prio=10 | https://catalog.data.gov/dataset/2011-12-discipline-estimations-for-nation-and-by-state-civil-rights-data-collection-3dc32?from_hint=eyJrZXl3b3JkIjoiY3JkYyJ9
[DATAGOV] t=5136.2s | pag=2242 | files=5299 | data=2122 | cola=12446 | prio=10 | https://catalog.data.gov/dataset/2011-12-discipline-estimations-for-nation-and-by-state-civil-rights-data-collection-3dc32
[DATAGOV] t=5138.3s | pag=2243 | files=5299 | data=2123 | cola=12445 | prio=10 | https://catalog.data.gov/dataset/2004-national-and-state-estimations-civil-rights-data-collection?from_hint=eyJrZXl3b3JkIjoiY3JkYyJ9
[DATAGOV] t=5138.9s | pag=2244 | files=5351 | data=2124 | cola=12446 | prio=10 | https://catalog.data.gov/dataset/2004-national-and-state-estimations-civil-rights-data-collection
[DATAGOV] DATASETS=2125 | data_html_table | https://catalog.data.gov/dataset/2004-national-and-state-estimations-civil-rights-data-collection
[DATAGOV] t=5139.9s | pag=2245 | files=5351 | data=2125 | cola=12445 | prio=10 | https://catalog.data.gov/dataset/2011-12-english-language-instruction-program-enrollment-estimations-for-nation-and-by-stat?from_hint=eyJrZXl3b3JkIjoiY3JkYyJ9
[DATAGOV] t=5140.6s | pag=2246 | files=5404 | data=2126 | cola=12445 | prio=10 | https://catalog.data.gov/dataset/2011-12-english-language-instruction-program-enrollment-estimations-for-nation-and-by-stat
[DATAGOV] t=5141.5s | pag=2247 | files=5404 | data=2127 | cola=12444 | prio=10 | https://catalog.data.gov/dataset/2017-18-washington-state-crdc-data-pre-k-enrollment?from_hint=eyJrZXl3b3JkIjoiY3JkYyJ9
[DATAGOV] t=5142.0s | pag=2248 | files=5407 | data=2128 | cola=12444 | prio=10 | https://catalog.data.gov/dataset/2017-18-washington-state-crdc-data-pre-k-enrollment
[DATAGOV] t=5142.9s | pag=2249 | files=5407 | data=2129 | cola=12443 | prio=10 | https://catalog.data.gov/dataset/2017-18-washington-state-crdc-data-school-behavior-and-climate?from_hint=eyJrZXl3b3JkIjoiY3JkYyJ9
[DATAGOV] t=5143.8s | pag=2250 | files=5410 | data=2130 | cola=12443 | prio=10 | https://catalog.data.gov/dataset/2017-18-washington-state-crdc-data-school-behavior-and-climate
[DATAGOV] t=5144.9s | pag=2251 | files=5410 | data=2131 | cola=12442 | prio=10 | https://catalog.data.gov/dataset/2011-12-advanced-placement-and-international-baccalaureate-estimations-for-nation-and-by-s-d0a3e?from_hint=eyJrZXl3b3JkIjoiY3JkYyJ9
[DATAGOV] t=5146.1s | pag=2252 | files=5467 | data=2132 | cola=12442 | prio=10 | https://catalog.data.gov/dataset/2011-12-advanced-placement-and-international-baccalaureate-estimations-for-nation-and-by-s-d0a3e
[DATAGOV] t=5147.5s | pag=2253 | files=5467 | data=2133 | cola=12441 | prio=10 | https://catalog.data.gov/dataset/2009-10-national-and-state-estimations-civil-rights-data-collection?from_hint=eyJrZXl3b3JkIjoiY3JkYyJ9
[DATAGOV] t=5148.1s | pag=2254 | files=5519 | data=2134 | cola=12441 | prio=10 | https://catalog.data.gov/dataset/2009-10-national-and-state-estimations-civil-rights-data-collection
[DATAGOV] t=5149.4s | pag=2255 | files=5519 | data=2135 | cola=12440 | prio=10 | https://catalog.data.gov/dataset/2017-18-restraint-and-seclusion-civil-rights-data-collection?from_hint=eyJrZXl3b3JkIjoiY3JkYyJ9
[DATAGOV] t=5150.2s | pag=2256 | files=5528 | data=2136 | cola=12442 | prio=10 | https://catalog.data.gov/dataset/2017-18-restraint-and-seclusion-civil-rights-data-collection
[DATAGOV] t=5150.9s | pag=2257 | files=5528 | data=2137 | cola=12441 | prio=10 | https://catalog.data.gov/dataset/2011-12-early-childhood-and-prekindergarten-enrollment-estimations-civil-rights-data-colle-f1edf?from_hint=eyJrZXl3b3JkIjoiY3JkYyJ9
[DATAGOV] t=5151.8s | pag=2258 | files=5529 | data=2138 | cola=12441 | prio=10 | https://catalog.data.gov/dataset/2011-12-early-childhood-and-prekindergarten-enrollment-estimations-civil-rights-data-colle-f1edf
[DATAGOV] t=5152.6s | pag=2259 | files=5529 | data=2139 | cola=12440 | prio=10 | https://catalog.data.gov/dataset/2006-national-and-state-estimations-civil-rights-data-collection?from_hint=eyJrZXl3b3JkIjoiY3JkYyJ9
[DATAGOV] t=5153.8s | pag=2260 | files=5581 | data=2140 | cola=12440 | prio=10 | https://catalog.data.gov/dataset/2006-national-and-state-estimations-civil-rights-data-collection
[DATAGOV] t=5154.4s | pag=2261 | files=5581 | data=2141 | cola=12439 | prio=10 | https://catalog.data.gov/dataset/2017-18-washington-state-crdc-data-dual-credit?from_hint=eyJrZXl3b3JkIjoiY3JkYyJ9
[DATAGOV] t=5155.0s | pag=2262 | files=5584 | data=2142 | cola=12439 | prio=10 | https://catalog.data.gov/dataset/2017-18-washington-state-crdc-data-dual-credit
[DATAGOV] t=5156.1s | pag=2263 | files=5584 | data=2143 | cola=12438 | prio=10 | https://catalog.data.gov/dataset/2017-18-arrests-civil-rights-data-collection?from_hint=eyJrZXl3b3JkIjoiZGlzYWJpbGl0eSJ9
[DATAGOV] t=5157.1s | pag=2264 | files=5584 | data=2144 | cola=12437 | prio=10 | https://catalog.data.gov/dataset/fy-2014-disability-compensation-and-pension-recipients-by-county-report-cp-by-county?from_hint=eyJrZXl3b3JkIjoiZGlzYWJpbGl0eSJ9
[DATAGOV] t=5158.0s | pag=2265 | files=5584 | data=2145 | cola=12436 | prio=10 | https://catalog.data.gov/dataset/fy-2023-disability-compensation-recipients-by-county?from_hint=eyJrZXl3b3JkIjoiZGlzYWJpbGl0eSJ9
[DATAGOV] t=5158.6s | pag=2266 | files=5584 | data=2146 | cola=12435 | prio=10 | https://catalog.data.gov/dataset/ssa-disability-claim-data?from_hint=eyJrZXl3b3JkIjoiZGlzYWJpbGl0eSJ9
[DATAGOV] t=5159.4s | pag=2267 | files=5584 | data=2147 | cola=12434 | prio=10 | https://catalog.data.gov/dataset/national-epidemiologic-survey-on-alcohol-and-related-conditions-nesarc-iii?from_hint=eyJrZXl3b3JkIjoiZGlzYWJpbGl0eSJ9
[DATAGOV] t=5160.1s | pag=2268 | files=5584 | data=2148 | cola=12437 | prio=10 | https://catalog.data.gov/dataset/national-epidemiologic-survey-on-alcohol-and-related-conditions-nesarc-iii
[DATAGOV] t=5160.7s | pag=2269 | files=5584 | data=2149 | cola=12436 | prio=10 | https://catalog.data.gov/dataset/places-local-data-for-better-health-county-data-2024-release?from_hint=eyJrZXl3b3JkIjoiZGlzYWJpbGl0eSJ9
[DATAGOV] DATASETS=2150 | data_html_table | https://catalog.data.gov/dataset/places-local-data-for-better-health-county-data-2024-release?from_hint=eyJrZXl3b3JkIjoiZGlzYWJpbGl0eSJ9
[DATAGOV] t=5161.8s | pag=2270 | files=5587 | data=2150 | cola=12436 | prio=10 | https://catalog.data.gov/dataset/places-local-data-for-better-health-county-data-2024-release
[DATAGOV] t=5162.7s | pag=2271 | files=5587 | data=2151 | cola=12435 | prio=10 | https://catalog.data.gov/dataset/places-local-data-for-better-health-county-data-2023-release?from_hint=eyJrZXl3b3JkIjoiZGlzYWJpbGl0eSJ9
[DATAGOV] t=5163.8s | pag=2272 | files=5590 | data=2152 | cola=12435 | prio=10 | https://catalog.data.gov/dataset/places-local-data-for-better-health-county-data-2023-release
[DATAGOV] t=5164.4s | pag=2273 | files=5590 | data=2153 | cola=12434 | prio=10 | https://catalog.data.gov/dataset/national-epidemiologic-survey-on-alcohol-and-related-conditions-nesarcwave-1-20012002-and-?from_hint=eyJrZXl3b3JkIjoiZGlzYWJpbGl0eSJ9
[DATAGOV] t=5165.1s | pag=2274 | files=5590 | data=2154 | cola=12435 | prio=10 | https://catalog.data.gov/dataset/national-epidemiologic-survey-on-alcohol-and-related-conditions-nesarcwave-1-20012002-and-
[DATAGOV] t=5165.8s | pag=2275 | files=5590 | data=2155 | cola=12434 | prio=10 | https://catalog.data.gov/dataset/places-local-data-for-better-health-place-data-2024-release?from_hint=eyJrZXl3b3JkIjoiZGlzYWJpbGl0eSJ9
[DATAGOV] t=5166.9s | pag=2276 | files=5593 | data=2156 | cola=12435 | prio=10 | https://catalog.data.gov/dataset/places-local-data-for-better-health-place-data-2024-release
[DATAGOV] t=5167.5s | pag=2277 | files=5593 | data=2157 | cola=12434 | prio=10 | https://catalog.data.gov/dataset/combined-title-ii-disability-and-title-xvi-blind-and-disabled-average-processing-time-fy-2?from_hint=eyJrZXl3b3JkIjoiZGlzYWJpbGl0eSJ9
[DATAGOV] t=5168.1s | pag=2278 | files=5593 | data=2158 | cola=12433 | prio=10 | https://catalog.data.gov/dataset/social-security-hearing-office-location-information?from_hint=eyJrZXl3b3JkIjoiZGlzYWJpbGl0eSJ9
[DATAGOV] t=5168.8s | pag=2279 | files=5593 | data=2159 | cola=12432 | prio=10 | https://catalog.data.gov/dataset/places-county-data-gis-friendly-format-2024-release?from_hint=eyJrZXl3b3JkIjoiZGlzYWJpbGl0eSJ9
[DATAGOV] t=5169.8s | pag=2280 | files=5596 | data=2160 | cola=12432 | prio=10 | https://catalog.data.gov/dataset/places-county-data-gis-friendly-format-2024-release
[DATAGOV] t=5171.0s | pag=2281 | files=5596 | data=2161 | cola=12431 | prio=10 | https://catalog.data.gov/dataset/seattle-neighborhoods-top-50-american-community-survey-data?from_hint=eyJrZXl3b3JkIjoiZGlzYWJpbGl0eSJ9
[DATAGOV] t=5171.7s | pag=2282 | files=5596 | data=2162 | cola=12430 | prio=10 | https://catalog.data.gov/dataset/disability-analysis-file-daf-public-use-file-puf-data-collection?from_hint=eyJrZXl3b3JkIjoiZGlzYWJpbGl0eSJ9
[DATAGOV] t=5172.5s | pag=2283 | files=5596 | data=2163 | cola=12435 | prio=10 | https://catalog.data.gov/dataset/ssa-state-agency-workload-data?from_hint=eyJrZXl3b3JkIjoiZGlzYWJpbGl0eSJ9
[DATAGOV] t=5173.7s | pag=2284 | files=5597 | data=2164 | cola=12438 | prio=10 | https://catalog.data.gov/dataset/ssa-state-agency-workload-data
[DATAGOV] t=5174.5s | pag=2285 | files=5597 | data=2165 | cola=12437 | prio=10 | https://catalog.data.gov/dataset/places-local-data-for-better-health-zcta-data-2024-release?from_hint=eyJrZXl3b3JkIjoiZGlzYWJpbGl0eSJ9
[DATAGOV] t=5175.6s | pag=2286 | files=5600 | data=2166 | cola=12437 | prio=10 | https://catalog.data.gov/dataset/places-local-data-for-better-health-zcta-data-2024-release
[DATAGOV] t=5176.3s | pag=2287 | files=5600 | data=2167 | cola=12436 | prio=10 | https://catalog.data.gov/dataset/places-local-data-for-better-health-county-data-2024-release-cb149?from_hint=eyJrZXl3b3JkIjoiZGlzYWJpbGl0eSJ9
[DATAGOV] t=5176.9s | pag=2288 | files=5603 | data=2168 | cola=12436 | prio=10 | https://catalog.data.gov/dataset/places-local-data-for-better-health-county-data-2024-release-cb149
[DATAGOV] t=5177.8s | pag=2289 | files=5603 | data=2169 | cola=12435 | prio=10 | https://catalog.data.gov/dataset/disability-analysis-file-daf-annual-public-use-file-puf-2021?from_hint=eyJrZXl3b3JkIjoiZGlzYWJpbGl0eSJ9
[DATAGOV] t=5178.4s | pag=2290 | files=5603 | data=2170 | cola=12435 | prio=10 | https://catalog.data.gov/dataset/places-census-tract-data-gis-friendly-format-2024-release?from_hint=eyJrZXl3b3JkIjoiZGlzYWJpbGl0eSJ9
[DATAGOV] t=5179.2s | pag=2291 | files=5606 | data=2171 | cola=12436 | prio=10 | https://catalog.data.gov/dataset/places-census-tract-data-gis-friendly-format-2024-release
[DATAGOV] t=5180.0s | pag=2292 | files=5606 | data=2172 | cola=12435 | prio=10 | https://catalog.data.gov/dataset/fy-2019-disability-compensation-recipients-by-county?from_hint=eyJrZXl3b3JkIjoiZGlzYWJpbGl0eSJ9
[DATAGOV] t=5180.7s | pag=2293 | files=5606 | data=2173 | cola=12434 | prio=10 | https://catalog.data.gov/dataset/2017-18-arrests-civil-rights-data-collection?from_hint=eyJrZXl3b3JkIjoibGF3LWVuZm9yY2VtZW50In0%3D
[DATAGOV] t=5181.7s | pag=2294 | files=5606 | data=2174 | cola=12433 | prio=10 | https://catalog.data.gov/dataset/electric-vehicle-population-data?from_hint=eyJrZXl3b3JkIjoiYmV2In0%3D
[DATAGOV] DATASETS=2175 | data_html_table | https://catalog.data.gov/dataset/electric-vehicle-population-data?from_hint=eyJrZXl3b3JkIjoiYmV2In0%3D
[DATAGOV] t=5182.9s | pag=2295 | files=5606 | data=2175 | cola=12432 | prio=10 | https://catalog.data.gov/dataset/electric-vehicle-population-size-history?from_hint=eyJrZXl3b3JkIjoiYmV2In0%3D
[DATAGOV] t=5183.6s | pag=2296 | files=5606 | data=2176 | cola=12431 | prio=10 | https://catalog.data.gov/dataset/electric-vehicle-population-size-history-by-county?from_hint=eyJrZXl3b3JkIjoiYmV2In0%3D
[DATAGOV] t=5184.3s | pag=2297 | files=5606 | data=2177 | cola=12430 | prio=10 | https://catalog.data.gov/dataset/electric-vehicle-title-and-registration-activity?from_hint=eyJrZXl3b3JkIjoiYmV2In0%3D
[DATAGOV] t=5184.9s | pag=2298 | files=5606 | data=2178 | cola=12429 | prio=10 | https://catalog.data.gov/dataset/wa-tax-exemptions-potential-eligibility-by-make-model-excluding-vehicle-price-criteria?from_hint=eyJrZXl3b3JkIjoiYmV2In0%3D
[DATAGOV] t=5185.7s | pag=2299 | files=5609 | data=2179 | cola=12432 | prio=10 | https://catalog.data.gov/dataset/wa-tax-exemptions-potential-eligibility-by-make-model-excluding-vehicle-price-criteria
[DATAGOV] t=5186.5s | pag=2300 | files=5609 | data=2180 | cola=12431 | prio=10 | https://catalog.data.gov/dataset/nyserda-electric-vehicle-drive-clean-rebate-data-beginning-2017?from_hint=eyJrZXl3b3JkIjoiYmV2In0%3D
[DATAGOV] t=5187.5s | pag=2301 | files=5612 | data=2181 | cola=12435 | prio=10 | https://catalog.data.gov/dataset/nyserda-electric-vehicle-drive-clean-rebate-data-beginning-2017
[DATAGOV] t=5188.5s | pag=2302 | files=5612 | data=2182 | cola=12434 | prio=10 | https://catalog.data.gov/dataset/electric-vehicle-population-data?from_hint=eyJrZXl3b3JkIjoiYmV2cyJ9
[DATAGOV] t=5189.2s | pag=2303 | files=5612 | data=2183 | cola=12433 | prio=10 | https://catalog.data.gov/dataset/electric-vehicle-title-and-registration-activity?from_hint=eyJrZXl3b3JkIjoiYmV2cyJ9
[DATAGOV] t=5190.0s | pag=2304 | files=5612 | data=2184 | cola=12432 | prio=10 | https://catalog.data.gov/dataset/electric-vehicle-population-data?from_hint=eyJrZXl3b3JkIjoiYm9sdCJ9
[DATAGOV] t=5191.0s | pag=2305 | files=5612 | data=2185 | cola=12431 | prio=10 | https://catalog.data.gov/dataset/electric-vehicle-title-and-registration-activity?from_hint=eyJrZXl3b3JkIjoiYm9sdCJ9
[DATAGOV] t=5191.7s | pag=2306 | files=5612 | data=2186 | cola=12430 | prio=10 | https://catalog.data.gov/dataset/rv-manta-fgbnms-fgbnms-17-05-ubolt_install-nc-29-23n-94-61w-2017-05-31?from_hint=eyJrZXl3b3JkIjoiYm9sdCJ9
[DATAGOV] t=5192.9s | pag=2307 | files=5612 | data=2187 | cola=12437 | prio=10 | https://catalog.data.gov/dataset/rv-manta-fgbnms-fgbnms-17-05-ubolt_install-nc-29-23n-94-61w-2017-05-31
[DATAGOV] t=5193.7s | pag=2308 | files=5612 | data=2188 | cola=12436 | prio=10 | https://catalog.data.gov/dataset/electric-vehicle-population-data?from_hint=eyJrZXl3b3JkIjoiY2FyIn0%3D
[DATAGOV] t=5194.4s | pag=2309 | files=5612 | data=2189 | cola=12435 | prio=10 | https://catalog.data.gov/dataset/recalls-data?from_hint=eyJrZXl3b3JkIjoiY2FyIn0%3D
[DATAGOV] t=5195.2s | pag=2310 | files=5615 | data=2190 | cola=12439 | prio=10 | https://catalog.data.gov/dataset/recalls-data
[DATAGOV] t=5195.8s | pag=2311 | files=5615 | data=2191 | cola=12438 | prio=10 | https://catalog.data.gov/dataset/www-fueleconomy-gov?from_hint=eyJrZXl3b3JkIjoiY2FyIn0%3D
[DATAGOV] t=5196.4s | pag=2312 | files=5615 | data=2192 | cola=12437 | prio=10 | https://catalog.data.gov/dataset/crash-reporting-drivers-data?from_hint=eyJrZXl3b3JkIjoiY2FyIn0%3D
[DATAGOV] t=5197.1s | pag=2313 | files=5615 | data=2193 | cola=12436 | prio=10 | https://catalog.data.gov/dataset/electric-vehicle-title-and-registration-activity?from_hint=eyJrZXl3b3JkIjoiY2FyIn0%3D
[DATAGOV] t=5198.0s | pag=2314 | files=5615 | data=2194 | cola=12435 | prio=10 | https://catalog.data.gov/dataset/traffic-violations?from_hint=eyJrZXl3b3JkIjoiY2FyIn0%3D
[DATAGOV] t=5198.7s | pag=2315 | files=5615 | data=2195 | cola=12434 | prio=10 | https://catalog.data.gov/dataset/city-and-county-vehicle-inventories?from_hint=eyJrZXl3b3JkIjoiY2FyIn0%3D
[DATAGOV] t=5199.5s | pag=2316 | files=5615 | data=2196 | cola=12439 | prio=10 | https://catalog.data.gov/dataset/city-and-county-vehicle-inventories
[DATAGOV] t=5200.5s | pag=2317 | files=5615 | data=2197 | cola=12438 | prio=10 | https://catalog.data.gov/dataset/mva-vehicle-sales-counts-by-month-for-calendar-year-2002-through-august-2025?from_hint=eyJrZXl3b3JkIjoiY2FyIn0%3D
[DATAGOV] t=5201.5s | pag=2318 | files=5618 | data=2198 | cola=12443 | prio=10 | https://catalog.data.gov/organization/maryland
[DATAGOV] t=5203.0s | pag=2319 | files=5618 | data=2199 | cola=12458 | prio=10 | https://catalog.data.gov/dataset/mva-vehicle-sales-counts-by-month-for-calendar-year-2002-through-august-2025
[DATAGOV] DATASETS=2200 | data_html_table | https://catalog.data.gov/dataset/mva-vehicle-sales-counts-by-month-for-calendar-year-2002-through-august-2025
[DATAGOV] t=5204.0s | pag=2320 | files=5618 | data=2200 | cola=12457 | prio=10 | https://catalog.data.gov/dataset/nhtsas-office-of-defects-investigation-odi-recalls-recalls-lookup-by-vin?from_hint=eyJrZXl3b3JkIjoiY2FyIn0%3D
[DATAGOV] t=5204.6s | pag=2321 | files=5618 | data=2201 | cola=12459 | prio=10 | https://catalog.data.gov/dataset/nhtsas-office-of-defects-investigation-odi-recalls-recalls-lookup-by-vin
[DATAGOV] t=5205.5s | pag=2322 | files=5618 | data=2202 | cola=12458 | prio=10 | https://catalog.data.gov/dataset/fleet-fuel-consumption?from_hint=eyJrZXl3b3JkIjoiY2FyIn0%3D
[DATAGOV] t=5206.5s | pag=2323 | files=5618 | data=2203 | cola=12457 | prio=10 | https://catalog.data.gov/dataset/motor-vehicle-repair-and-towing?from_hint=eyJrZXl3b3JkIjoiY2FyIn0%3D
[DATAGOV] t=5207.6s | pag=2324 | files=5618 | data=2204 | cola=12456 | prio=10 | https://catalog.data.gov/dataset/investigations-data?from_hint=eyJrZXl3b3JkIjoiY2FyIn0%3D
[DATAGOV] t=5208.3s | pag=2325 | files=5621 | data=2205 | cola=12456 | prio=10 | https://catalog.data.gov/dataset/investigations-data
[DATAGOV] t=5209.0s | pag=2326 | files=5621 | data=2206 | cola=12455 | prio=10 | https://catalog.data.gov/dataset/mdot-mva-electric-and-plug-in-hybrid-vehicle-registrations-by-county-as-of-each-month-end?from_hint=eyJrZXl3b3JkIjoiY2FyIn0%3D
[DATAGOV] t=5209.9s | pag=2327 | files=5624 | data=2207 | cola=12456 | prio=10 | https://catalog.data.gov/dataset/mdot-mva-electric-and-plug-in-hybrid-vehicle-registrations-by-county-as-of-each-month-end
[DATAGOV] t=5210.8s | pag=2328 | files=5624 | data=2208 | cola=12455 | prio=10 | https://catalog.data.gov/dataset/crash-reporting-incidents-data?from_hint=eyJrZXl3b3JkIjoiY2FyIn0%3D
[DATAGOV] t=5211.5s | pag=2329 | files=5624 | data=2209 | cola=12454 | prio=10 | https://catalog.data.gov/dataset/fleet-equipment-inventory?from_hint=eyJrZXl3b3JkIjoiY2FyIn0%3D
[DATAGOV] t=5212.3s | pag=2330 | files=5624 | data=2210 | cola=12453 | prio=10 | https://catalog.data.gov/dataset/new-car-assessment-program-ncap-5-star-safety-ratings?from_hint=eyJrZXl3b3JkIjoiY2FyIn0%3D
[DATAGOV] t=5213.3s | pag=2331 | files=5624 | data=2211 | cola=12458 | prio=10 | https://catalog.data.gov/dataset/new-car-assessment-program-ncap-5-star-safety-ratings
[DATAGOV] t=5213.9s | pag=2332 | files=5624 | data=2212 | cola=12457 | prio=10 | https://catalog.data.gov/dataset/nhtsas-office-of-defects-investigation-odi-recalls-recalls-flat-file?from_hint=eyJrZXl3b3JkIjoiY2FyIn0%3D
[DATAGOV] t=5215.2s | pag=2333 | files=5625 | data=2213 | cola=12457 | prio=10 | https://catalog.data.gov/dataset/nhtsas-office-of-defects-investigation-odi-recalls-recalls-flat-file
[DATAGOV] t=5216.0s | pag=2334 | files=5625 | data=2214 | cola=12456 | prio=10 | https://catalog.data.gov/dataset/used-motor-vehicle-and-parts-commission-dealer-license-search?from_hint=eyJrZXl3b3JkIjoiY2FyIn0%3D
[DATAGOV] t=5217.0s | pag=2335 | files=5626 | data=2215 | cola=12459 | prio=10 | https://catalog.data.gov/organization/oklahoma
[DATAGOV] t=5218.5s | pag=2336 | files=5626 | data=2216 | cola=12472 | prio=10 | https://catalog.data.gov/dataset/used-motor-vehicle-and-parts-commission-dealer-license-search
[DATAGOV] t=5219.5s | pag=2337 | files=5626 | data=2217 | cola=12471 | prio=10 | https://catalog.data.gov/dataset/automobile-insurance-company-complaint-rankings-beginning-2009?from_hint=eyJrZXl3b3JkIjoiY2FyIn0%3D
[DATAGOV] t=5220.6s | pag=2338 | files=5629 | data=2218 | cola=12472 | prio=10 | https://catalog.data.gov/dataset/automobile-insurance-company-complaint-rankings-beginning-2009
[DATAGOV] t=5221.5s | pag=2339 | files=5629 | data=2219 | cola=12471 | prio=10 | https://catalog.data.gov/dataset/annual-on-street-parking-permit-aospp?from_hint=eyJrZXl3b3JkIjoiY2FyIn0%3D
[DATAGOV] t=5222.6s | pag=2340 | files=5632 | data=2220 | cola=12472 | prio=10 | https://catalog.data.gov/dataset/annual-on-street-parking-permit-aospp
[DATAGOV] t=5223.5s | pag=2341 | files=5632 | data=2221 | cola=12471 | prio=10 | https://catalog.data.gov/dataset/electric-vehicle-population-data?from_hint=eyJrZXl3b3JkIjoiY2FycyJ9
[DATAGOV] t=5224.6s | pag=2342 | files=5632 | data=2222 | cola=12470 | prio=10 | https://catalog.data.gov/dataset/recalls-data?from_hint=eyJrZXl3b3JkIjoiY2FycyJ9
[DATAGOV] t=5225.4s | pag=2343 | files=5632 | data=2223 | cola=12469 | prio=10 | https://catalog.data.gov/dataset/electric-vehicle-title-and-registration-activity?from_hint=eyJrZXl3b3JkIjoiY2FycyJ9
[DATAGOV] t=5226.6s | pag=2344 | files=5632 | data=2224 | cola=12468 | prio=10 | https://catalog.data.gov/dataset/dot-parking-tickets?from_hint=eyJrZXl3b3JkIjoiY2FycyJ9
[DATAGOV] DATASETS=2225 | data_html_table | https://catalog.data.gov/dataset/dot-parking-tickets?from_hint=eyJrZXl3b3JkIjoiY2FycyJ9
[DATAGOV] t=5227.3s | pag=2345 | files=5632 | data=2225 | cola=12467 | prio=10 | https://catalog.data.gov/dataset/car-allowance-rebate-system-cars-trade-in-vehicles-consumer-survey-csv-file?from_hint=eyJrZXl3b3JkIjoiY2FycyJ9
[DATAGOV] t=5228.1s | pag=2346 | files=5633 | data=2226 | cola=12469 | prio=10 | https://catalog.data.gov/dataset/car-allowance-rebate-system-cars-trade-in-vehicles-consumer-survey-csv-file
[DATAGOV] t=5229.2s | pag=2347 | files=5633 | data=2227 | cola=12468 | prio=10 | https://catalog.data.gov/dataset/nhtsas-office-of-defects-investigation-odi-recalls-recalls-lookup-by-vin?from_hint=eyJrZXl3b3JkIjoiY2FycyJ9
[DATAGOV] t=5230.0s | pag=2348 | files=5633 | data=2228 | cola=12467 | prio=10 | https://catalog.data.gov/dataset/real-world-fuel-efficiency?from_hint=eyJrZXl3b3JkIjoiY2FycyJ9
[DATAGOV] t=5230.8s | pag=2349 | files=5636 | data=2229 | cola=12469 | prio=10 | https://catalog.data.gov/dataset/real-world-fuel-efficiency
[DATAGOV] t=5231.9s | pag=2350 | files=5636 | data=2230 | cola=12468 | prio=10 | https://catalog.data.gov/dataset/investigations-data?from_hint=eyJrZXl3b3JkIjoiY2FycyJ9
[DATAGOV] t=5232.6s | pag=2351 | files=5636 | data=2231 | cola=12467 | prio=10 | https://catalog.data.gov/dataset/nhtsas-office-of-defects-investigation-odi-recalls-recalls-flat-file?from_hint=eyJrZXl3b3JkIjoiY2FycyJ9
[DATAGOV] t=5233.6s | pag=2352 | files=5636 | data=2232 | cola=12466 | prio=10 | https://catalog.data.gov/dataset/car-allowance-rebate-system-cars-trade-in-vehicles?from_hint=eyJrZXl3b3JkIjoiY2FycyJ9
[DATAGOV] t=5234.3s | pag=2353 | files=5636 | data=2233 | cola=12466 | prio=10 | https://catalog.data.gov/dataset/car-allowance-rebate-system-cars-trade-in-vehicles
[DATAGOV] t=5235.4s | pag=2354 | files=5636 | data=2234 | cola=12465 | prio=10 | https://catalog.data.gov/dataset/nhtsas-office-of-defects-investigation-odi-recalls?from_hint=eyJrZXl3b3JkIjoiY2FycyJ9
[DATAGOV] t=5236.4s | pag=2355 | files=5636 | data=2235 | cola=12465 | prio=10 | https://catalog.data.gov/dataset/nhtsas-office-of-defects-investigation-odi-recalls
[DATAGOV] t=5237.1s | pag=2356 | files=5636 | data=2236 | cola=12464 | prio=10 | https://catalog.data.gov/dataset/taxi-trips-in-2025?from_hint=eyJrZXl3b3JkIjoiY2FycyJ9
[DATAGOV] t=5238.0s | pag=2357 | files=5636 | data=2237 | cola=12469 | prio=10 | https://catalog.data.gov/dataset/coin-0022-cars-monthly-crs-totals-report-jan-2015?from_hint=eyJrZXl3b3JkIjoiY2FycyJ9
[DATAGOV] t=5238.8s | pag=2358 | files=5636 | data=2238 | cola=12469 | prio=10 | https://catalog.data.gov/dataset/coin-0022-cars-monthly-crs-totals-report-jan-2015
[DATAGOV] t=5239.9s | pag=2359 | files=5636 | data=2239 | cola=12468 | prio=10 | https://catalog.data.gov/dataset/nhtsas-office-of-defects-investigation-odi-recalls-recalls-car-seats?from_hint=eyJrZXl3b3JkIjoiY2FycyJ9
[DATAGOV] t=5240.8s | pag=2360 | files=5636 | data=2240 | cola=12468 | prio=10 | https://catalog.data.gov/dataset/nhtsas-office-of-defects-investigation-odi-recalls-recalls-car-seats
[DATAGOV] t=5241.6s | pag=2361 | files=5636 | data=2241 | cola=12467 | prio=10 | https://catalog.data.gov/dataset/nhtsas-office-of-defects-investigation-odi-recalls-recalls-equipment-bae16?from_hint=eyJrZXl3b3JkIjoiY2FycyJ9
[DATAGOV] t=5242.3s | pag=2362 | files=5636 | data=2242 | cola=12467 | prio=10 | https://catalog.data.gov/dataset/nhtsas-office-of-defects-investigation-odi-recalls-recalls-equipment-bae16
[DATAGOV] t=5243.3s | pag=2363 | files=5636 | data=2243 | cola=12466 | prio=10 | https://catalog.data.gov/dataset/sold-fleet-equipment?from_hint=eyJrZXl3b3JkIjoiY2FycyJ9
[DATAGOV] t=5244.4s | pag=2364 | files=5639 | data=2244 | cola=12469 | prio=10 | https://catalog.data.gov/dataset/sold-fleet-equipment
[DATAGOV] t=5245.3s | pag=2365 | files=5639 | data=2245 | cola=12468 | prio=10 | https://catalog.data.gov/dataset/nhtsas-office-of-defects-investigation-odi-recalls-recalls-car-seats-d9549?from_hint=eyJrZXl3b3JkIjoiY2FycyJ9
[DATAGOV] t=5246.0s | pag=2366 | files=5639 | data=2246 | cola=12468 | prio=10 | https://catalog.data.gov/dataset/nhtsas-office-of-defects-investigation-odi-recalls-recalls-car-seats-d9549
[DATAGOV] t=5246.7s | pag=2367 | files=5639 | data=2247 | cola=12467 | prio=10 | https://catalog.data.gov/dataset/taxi-trips-in-2026?from_hint=eyJrZXl3b3JkIjoiY2FycyJ9
[DATAGOV] t=5247.4s | pag=2368 | files=5639 | data=2248 | cola=12467 | prio=10 | https://catalog.data.gov/dataset/san-francisco-speed-limit-compliance?from_hint=eyJrZXl3b3JkIjoiY2FycyJ9
[DATAGOV] t=5248.1s | pag=2369 | files=5642 | data=2249 | cola=12473 | prio=10 | https://catalog.data.gov/dataset/san-francisco-speed-limit-compliance
[DATAGOV] DATASETS=2250 | data_html_table | https://catalog.data.gov/dataset/san-francisco-speed-limit-compliance
[DATAGOV] t=5249.2s | pag=2370 | files=5642 | data=2250 | cola=12472 | prio=10 | https://catalog.data.gov/dataset/coin-0022-july-2015?from_hint=eyJrZXl3b3JkIjoiY2FycyJ9
[DATAGOV] t=5250.1s | pag=2371 | files=5642 | data=2251 | cola=12472 | prio=10 | https://catalog.data.gov/dataset/coin-0022-july-2015
[DATAGOV] t=5250.8s | pag=2372 | files=5642 | data=2252 | cola=12471 | prio=10 | https://catalog.data.gov/dataset/electric-vehicle-population-data?from_hint=eyJrZXl3b3JkIjoiY2hldnJvbGV0In0%3D
[DATAGOV] t=5252.0s | pag=2373 | files=5642 | data=2253 | cola=12470 | prio=10 | https://catalog.data.gov/dataset/electric-vehicle-title-and-registration-activity?from_hint=eyJrZXl3b3JkIjoiY2hldnJvbGV0In0%3D
[DATAGOV] t=5252.7s | pag=2374 | files=5642 | data=2254 | cola=12469 | prio=10 | https://catalog.data.gov/dataset/electric-vehicle-population-data?from_hint=eyJrZXl3b3JkIjoiY2hldnkifQ%3D%3D
[DATAGOV] t=5253.6s | pag=2375 | files=5642 | data=2255 | cola=12468 | prio=10 | https://catalog.data.gov/dataset/electric-vehicle-title-and-registration-activity?from_hint=eyJrZXl3b3JkIjoiY2hldnkifQ%3D%3D
[DATAGOV] t=5254.7s | pag=2376 | files=5642 | data=2256 | cola=12467 | prio=10 | https://catalog.data.gov/dataset/electric-vehicle-population-data?from_hint=eyJrZXl3b3JkIjoiY2xlYW4gZW5lcmd5In0%3D
[DATAGOV] t=5255.3s | pag=2377 | files=5642 | data=2257 | cola=12466 | prio=10 | https://catalog.data.gov/dataset/electric-vehicle-population-size-history?from_hint=eyJrZXl3b3JkIjoiY2xlYW4gZW5lcmd5In0%3D
[DATAGOV] t=5256.1s | pag=2378 | files=5642 | data=2258 | cola=12465 | prio=10 | https://catalog.data.gov/dataset/electric-vehicle-population-size-history-by-county?from_hint=eyJrZXl3b3JkIjoiY2xlYW4gZW5lcmd5In0%3D
[DATAGOV] t=5257.1s | pag=2379 | files=5642 | data=2259 | cola=12464 | prio=10 | https://catalog.data.gov/dataset/electric-vehicle-title-and-registration-activity?from_hint=eyJrZXl3b3JkIjoiY2xlYW4gZW5lcmd5In0%3D
[DATAGOV] t=5258.0s | pag=2380 | files=5642 | data=2260 | cola=12463 | prio=10 | https://catalog.data.gov/dataset/extramural-research-emission-generation-resource-integrated-database-egrid?from_hint=eyJrZXl3b3JkIjoiY2xlYW4gZW5lcmd5In0%3D
[DATAGOV] t=5258.7s | pag=2381 | files=5642 | data=2261 | cola=12467 | prio=10 | https://catalog.data.gov/dataset/dc-energy-benchmarking?from_hint=eyJrZXl3b3JkIjoiY2xlYW4gZW5lcmd5In0%3D
[DATAGOV] t=5259.6s | pag=2382 | files=5642 | data=2262 | cola=12472 | prio=10 | https://catalog.data.gov/dataset/public-electric-vehicle-charging-stations-and-alternative-fuel-stations-in-maryland?from_hint=eyJrZXl3b3JkIjoiY2xlYW4gZW5lcmd5In0%3D
[DATAGOV] t=5260.3s | pag=2383 | files=5645 | data=2263 | cola=12477 | prio=10 | https://catalog.data.gov/dataset/public-electric-vehicle-charging-stations-and-alternative-fuel-stations-in-maryland
[DATAGOV] t=5261.1s | pag=2384 | files=5645 | data=2264 | cola=12476 | prio=10 | https://catalog.data.gov/dataset/nyserda-clean-energy-dashboard-progress-and-plans-beginning-january-2016?from_hint=eyJrZXl3b3JkIjoiY2xlYW4gZW5lcmd5In0%3D
[DATAGOV] t=5262.2s | pag=2385 | files=5645 | data=2265 | cola=12482 | prio=10 | https://catalog.data.gov/dataset/nyserda-clean-energy-dashboard-progress-and-plans-beginning-january-2016
[DATAGOV] t=5262.9s | pag=2386 | files=5645 | data=2266 | cola=12481 | prio=10 | https://catalog.data.gov/dataset/clean-energy-demonstrations?from_hint=eyJrZXl3b3JkIjoiY2xlYW4gZW5lcmd5In0%3D
[DATAGOV] t=5263.7s | pag=2387 | files=5645 | data=2267 | cola=12481 | prio=10 | https://catalog.data.gov/dataset/historic-clean-energy-grant-awards?from_hint=eyJrZXl3b3JkIjoiY2xlYW4gZW5lcmd5In0%3D
[DATAGOV] t=5264.4s | pag=2388 | files=5648 | data=2268 | cola=12486 | prio=10 | https://catalog.data.gov/dataset/historic-clean-energy-grant-awards
[DATAGOV] t=5265.5s | pag=2389 | files=5648 | data=2269 | cola=12485 | prio=10 | https://catalog.data.gov/dataset/clean-burning-wood-stove-grants?from_hint=eyJrZXl3b3JkIjoiY2xlYW4gZW5lcmd5In0%3D
[DATAGOV] t=5266.4s | pag=2390 | files=5651 | data=2270 | cola=12489 | prio=10 | https://catalog.data.gov/dataset/clean-burning-wood-stove-grants
[DATAGOV] t=5267.1s | pag=2391 | files=5651 | data=2271 | cola=12488 | prio=10 | https://catalog.data.gov/?keyword=collisions
[DATAGOV] t=5268.4s | pag=2392 | files=5651 | data=2272 | cola=12521 | prio=10 | https://catalog.data.gov/?keyword=crash
[DATAGOV] t=5269.0s | pag=2393 | files=5651 | data=2273 | cola=12547 | prio=10 | https://catalog.data.gov/?keyword=highways
[DATAGOV] t=5277.9s | pag=2394 | files=5656 | data=2274 | cola=12574 | prio=10 | https://catalog.data.gov/?keyword=roads
[DATAGOV] DATASETS=2275 | exportable_data_page | https://catalog.data.gov/?keyword=roads
[DATAGOV] t=5279.0s | pag=2395 | files=5656 | data=2275 | cola=12593 | prio=10 | https://catalog.data.gov/harvest_record/f5b9bc47-fb40-427f-a55e-6e72ed3f7e4f/raw
[DATAGOV] t=5279.4s | pag=2395 | files=5657 | data=2275 | cola=12592 | prio=10 | https://catalog.data.gov/?keyword=2022
[DATAGOV] t=5283.0s | pag=2396 | files=5657 | data=2276 | cola=12618 | prio=10 | https://catalog.data.gov/?keyword=k12
[DATAGOV] t=5283.8s | pag=2397 | files=5657 | data=2277 | cola=12653 | prio=10 | https://catalog.data.gov/?keyword=ospi
[DATAGOV] t=5284.6s | pag=2398 | files=5657 | data=2278 | cola=12680 | prio=10 | https://catalog.data.gov/?keyword=reportcard
[DATAGOV] t=5285.3s | pag=2399 | files=5657 | data=2279 | cola=12704 | prio=10 | https://catalog.data.gov/?keyword=sqss
[DATAGOV] t=5286.3s | pag=2400 | files=5657 | data=2280 | cola=12723 | prio=10 | https://catalog.data.gov/?keyword=student
[DATAGOV] t=5287.2s | pag=2401 | files=5657 | data=2281 | cola=12743 | prio=10 | https://catalog.data.gov/harvest_record/78ba6aac-bb16-4bba-b0a0-6df60be132db/raw
[DATAGOV] t=5288.1s | pag=2401 | files=5658 | data=2281 | cola=12742 | prio=10 | https://catalog.data.gov/?keyword=contractor
[DATAGOV] t=5290.4s | pag=2402 | files=5658 | data=2282 | cola=12770 | prio=10 | https://catalog.data.gov/?keyword=l%26i
[DATAGOV] t=5291.0s | pag=2403 | files=5658 | data=2283 | cola=12778 | prio=10 | https://catalog.data.gov/?keyword=labor+%26+industries
[DATAGOV] t=5292.0s | pag=2404 | files=5658 | data=2284 | cola=12787 | prio=10 | https://catalog.data.gov/?keyword=licenses
[DATAGOV] t=5293.3s | pag=2405 | files=5658 | data=2285 | cola=12816 | prio=10 | https://catalog.data.gov/harvest_record/fcfe86e9-8b11-404d-b1c7-f5da5cc87ad3/raw
[DATAGOV] t=5293.7s | pag=2405 | files=5659 | data=2285 | cola=12815 | prio=10 | https://catalog.data.gov/?keyword=battery+electric
[DATAGOV] t=5295.8s | pag=2406 | files=5659 | data=2286 | cola=12819 | prio=10 | https://catalog.data.gov/?keyword=department+of+licensing
[DATAGOV] t=5296.7s | pag=2407 | files=5659 | data=2287 | cola=12848 | prio=10 | https://catalog.data.gov/?keyword=dol
[DATAGOV] t=5297.4s | pag=2408 | files=5659 | data=2288 | cola=12867 | prio=10 | https://catalog.data.gov/?keyword=dol_open_data
[DATAGOV] t=5298.6s | pag=2409 | files=5659 | data=2289 | cola=12886 | prio=10 | https://catalog.data.gov/?keyword=electric
[DATAGOV] t=5299.4s | pag=2410 | files=5659 | data=2290 | cola=12916 | prio=10 | https://catalog.data.gov/?keyword=hybrid
[DATAGOV] t=5313.7s | pag=2411 | files=5678 | data=2291 | cola=12941 | prio=10 | https://catalog.data.gov/harvest_record/e765819d-3bb4-4a0f-bd7d-c8d3e82ed281/raw
[DATAGOV] t=5314.7s | pag=2411 | files=5679 | data=2291 | cola=12940 | prio=10 | https://catalog.data.gov/?keyword=care
[DATAGOV] t=5317.0s | pag=2412 | files=5679 | data=2292 | cola=12968 | prio=10 | https://catalog.data.gov/?keyword=credential
[DATAGOV] t=5320.6s | pag=2413 | files=5680 | data=2293 | cola=12988 | prio=10 | https://catalog.data.gov/?keyword=department
[DATAGOV] t=5322.1s | pag=2414 | files=5680 | data=2294 | cola=13017 | prio=10 | https://catalog.data.gov/?keyword=provider
[DATAGOV] t=5322.8s | pag=2415 | files=5680 | data=2295 | cola=13042 | prio=10 | https://catalog.data.gov/?keyword=public
[DATAGOV] t=5324.0s | pag=2416 | files=5680 | data=2296 | cola=13068 | prio=10 | https://catalog.data.gov/?keyword=washington
[DATAGOV] t=5324.8s | pag=2417 | files=5681 | data=2297 | cola=13092 | prio=10 | https://catalog.data.gov/harvest_record/d1893835-d861-49be-9692-57b275552f43/raw
[DATAGOV] t=5325.5s | pag=2417 | files=5682 | data=2297 | cola=13091 | prio=10 | https://catalog.data.gov/?keyword=incarceration
[DATAGOV] t=5327.3s | pag=2418 | files=5682 | data=2298 | cola=13100 | prio=10 | https://catalog.data.gov/?keyword=jail
[DATAGOV] t=5328.1s | pag=2419 | files=5682 | data=2299 | cola=13121 | prio=10 | https://catalog.data.gov/harvest_record/30b9eeb1-eea9-4d7b-b7a2-a3dd975a7b87/raw
[DATAGOV] t=5328.8s | pag=2419 | files=5683 | data=2299 | cola=13120 | prio=10 | https://catalog.data.gov/harvest_record/366ba335-70d8-42e5-9c47-ffffcd70cd35/raw
[DATAGOV] t=5330.7s | pag=2419 | files=5684 | data=2299 | cola=13119 | prio=10 | https://catalog.data.gov/?keyword=educators
[DATAGOV] DATASETS=2300 | exportable_data_page | https://catalog.data.gov/?keyword=educators
[DATAGOV] t=5332.4s | pag=2420 | files=5684 | data=2300 | cola=13149 | prio=10 | https://catalog.data.gov/?keyword=report+card
[DATAGOV] t=5333.7s | pag=2421 | files=5684 | data=2301 | cola=13169 | prio=10 | https://catalog.data.gov/?keyword=teacher+qualification
[DATAGOV] t=5334.8s | pag=2422 | files=5684 | data=2302 | cola=13178 | prio=10 | https://catalog.data.gov/?keyword=teachers
[DATAGOV] t=5336.0s | pag=2423 | files=5684 | data=2303 | cola=13202 | prio=10 | https://catalog.data.gov/?keyword=title+i
[DATAGOV] t=5336.8s | pag=2424 | files=5684 | data=2304 | cola=13220 | prio=10 | https://catalog.data.gov/harvest_record/20f3ef02-7851-431e-bd97-61529830c44e/raw
[DATAGOV] t=5337.7s | pag=2424 | files=5685 | data=2304 | cola=13219 | prio=10 | https://catalog.data.gov/?keyword=api
[DATAGOV] t=5339.7s | pag=2425 | files=5685 | data=2305 | cola=13241 | prio=10 | https://catalog.data.gov/?keyword=business
[DATAGOV] t=5340.8s | pag=2426 | files=5685 | data=2306 | cola=13266 | prio=10 | https://catalog.data.gov/?keyword=charities
[DATAGOV] t=5341.8s | pag=2427 | files=5685 | data=2307 | cola=13283 | prio=10 | https://catalog.data.gov/harvest_record/8399d4ab-6132-475f-b383-a6db1d11ce04/raw
[DATAGOV] t=5342.6s | pag=2427 | files=5686 | data=2307 | cola=13282 | prio=10 | https://catalog.data.gov/?keyword=2021
[DATAGOV] t=5345.0s | pag=2428 | files=5686 | data=2308 | cola=13301 | prio=10 | https://catalog.data.gov/?keyword=pre-k
[DATAGOV] t=5345.9s | pag=2429 | files=5686 | data=2309 | cola=13315 | prio=10 | https://catalog.data.gov/harvest_record/0ddd67f4-b817-4b5e-80c5-ab6d2964a452/raw
[DATAGOV] t=5346.7s | pag=2429 | files=5687 | data=2309 | cola=13314 | prio=10 | https://catalog.data.gov/?keyword=schools
[DATAGOV] t=5348.6s | pag=2430 | files=5688 | data=2310 | cola=13337 | prio=10 | https://catalog.data.gov/harvest_record/500dd6e5-fffc-4fb5-b919-4d3e4390641e/raw
[DATAGOV] t=5349.2s | pag=2430 | files=5689 | data=2310 | cola=13336 | prio=10 | https://catalog.data.gov/?keyword=count
[DATAGOV] t=5351.4s | pag=2431 | files=5689 | data=2311 | cola=13361 | prio=10 | https://catalog.data.gov/?keyword=fee+distribution
[DATAGOV] t=5352.2s | pag=2432 | files=5689 | data=2312 | cola=13362 | prio=10 | https://catalog.data.gov/?keyword=fuel
[DATAGOV] t=5353.1s | pag=2433 | files=5690 | data=2313 | cola=13389 | prio=10 | https://catalog.data.gov/?keyword=power
[DATAGOV] t=5359.9s | pag=2434 | files=5693 | data=2314 | cola=13409 | prio=10 | https://catalog.data.gov/harvest_record/a6f33bcb-f47f-4322-8526-e2995234515a/raw
[DATAGOV] t=5360.6s | pag=2434 | files=5694 | data=2314 | cola=13408 | prio=10 | https://catalog.data.gov/harvest_record/f60303b1-0d9c-4c3d-8eaa-4a5da711d577/raw
[DATAGOV] t=5362.3s | pag=2434 | files=5695 | data=2314 | cola=13407 | prio=10 | https://catalog.data.gov/?keyword=department+of+health
[DATAGOV] t=5364.1s | pag=2435 | files=5695 | data=2315 | cola=13438 | prio=10 | https://catalog.data.gov/?keyword=public+health
[DATAGOV] t=5364.8s | pag=2436 | files=5695 | data=2316 | cola=13465 | prio=10 | https://catalog.data.gov/harvest_record/9c16afa3-e6a3-411f-8f0c-60379003860e/raw
[DATAGOV] t=5365.5s | pag=2436 | files=5696 | data=2316 | cola=13464 | prio=10 | https://catalog.data.gov/?keyword=new+vehicles
[DATAGOV] t=5367.1s | pag=2437 | files=5696 | data=2317 | cola=13464 | prio=10 | https://catalog.data.gov/harvest_record/5fcffd99-f360-49a2-aeae-72170dced15d/raw
[DATAGOV] t=5368.3s | pag=2437 | files=5697 | data=2317 | cola=13463 | prio=10 | https://catalog.data.gov/?keyword=consumer+complaints
[DATAGOV] t=5370.2s | pag=2438 | files=5697 | data=2318 | cola=13487 | prio=10 | https://catalog.data.gov/?keyword=consumer+issues
[DATAGOV] t=5370.9s | pag=2439 | files=5697 | data=2319 | cola=13487 | prio=10 | https://catalog.data.gov/?keyword=top+consumer+issues
[DATAGOV] t=5372.0s | pag=2440 | files=5697 | data=2320 | cola=13487 | prio=10 | https://catalog.data.gov/?keyword=washington+state+attorney+general
[DATAGOV] t=5372.8s | pag=2441 | files=5697 | data=2321 | cola=13487 | prio=10 | https://catalog.data.gov/harvest_record/0f2b41ee-9aa3-4b4a-bfc2-310e201ec3c7/raw
[DATAGOV] t=5373.7s | pag=2441 | files=5698 | data=2321 | cola=13486 | prio=10 | https://catalog.data.gov/?keyword=child+care
[DATAGOV] t=5375.6s | pag=2442 | files=5698 | data=2322 | cola=13518 | prio=10 | https://catalog.data.gov/?keyword=childcare
[DATAGOV] t=5376.7s | pag=2443 | files=5698 | data=2323 | cola=13544 | prio=10 | https://catalog.data.gov/?keyword=early+learning
[DATAGOV] t=5377.4s | pag=2444 | files=5698 | data=2324 | cola=13563 | prio=10 | https://catalog.data.gov/?keyword=licensed+child+care
[DATAGOV] DATASETS=2325 | exportable_data_page | https://catalog.data.gov/?keyword=licensed+child+care
[DATAGOV] t=5378.5s | pag=2445 | files=5698 | data=2325 | cola=13563 | prio=10 | https://catalog.data.gov/?keyword=licensed+child+care+provider
[DATAGOV] t=5379.3s | pag=2446 | files=5698 | data=2326 | cola=13565 | prio=10 | https://catalog.data.gov/?keyword=providers
[DATAGOV] t=5380.3s | pag=2447 | files=5698 | data=2327 | cola=13598 | prio=10 | https://catalog.data.gov/harvest_record/e37ac8ed-44a6-4b92-a815-6486ea7d285d/raw
[DATAGOV] t=5381.2s | pag=2447 | files=5699 | data=2327 | cola=13597 | prio=10 | https://catalog.data.gov/?keyword=city
[DATAGOV] t=5383.2s | pag=2448 | files=5699 | data=2328 | cola=13616 | prio=10 | https://catalog.data.gov/?keyword=towns
[DATAGOV] t=5384.2s | pag=2449 | files=5699 | data=2329 | cola=13654 | prio=10 | https://catalog.data.gov/?keyword=wa
[DATAGOV] t=5385.3s | pag=2450 | files=5701 | data=2330 | cola=13689 | prio=10 | https://catalog.data.gov/harvest_record/d0e11a2e-869d-4483-aee8-677eacb45747/raw
[DATAGOV] t=5386.1s | pag=2450 | files=5702 | data=2330 | cola=13688 | prio=10 | https://catalog.data.gov/dataset/jpl-small-body-database-browser?from_hint=eyJrZXl3b3JkIjoiYXN0ZXJvaWQifQ%3D%3D
[DATAGOV] t=5387.6s | pag=2451 | files=5702 | data=2331 | cola=13687 | prio=10 | https://catalog.data.gov/dataset/jpl-small-body-database-search-engine?from_hint=eyJrZXl3b3JkIjoiYXN0ZXJvaWQifQ%3D%3D
[DATAGOV] t=5388.4s | pag=2452 | files=5702 | data=2332 | cola=13687 | prio=10 | https://catalog.data.gov/dataset/jpl-small-body-database-search-engine
[DATAGOV] t=5389.0s | pag=2453 | files=5702 | data=2333 | cola=13686 | prio=10 | https://catalog.data.gov/dataset/asteroids-neows-api?from_hint=eyJrZXl3b3JkIjoiYXN0ZXJvaWQifQ%3D%3D
[DATAGOV] t=5390.0s | pag=2454 | files=5702 | data=2334 | cola=13687 | prio=10 | https://catalog.data.gov/dataset/geoclaw-model-output-and-flood-depth-data-for-downstream-flood-hazards-post-hypoth-22-2036?from_hint=eyJrZXl3b3JkIjoiYXN0ZXJvaWQifQ%3D%3D
[DATAGOV] t=5390.9s | pag=2455 | files=5703 | data=2335 | cola=13694 | prio=10 | https://catalog.data.gov/dataset/geoclaw-model-output-and-flood-depth-data-for-downstream-flood-hazards-post-hypoth-22-2036
[DATAGOV] t=5391.8s | pag=2456 | files=5703 | data=2336 | cola=13693 | prio=10 | https://catalog.data.gov/dataset/gaskell-eros-shape-model-v1-0-a5c80?from_hint=eyJrZXl3b3JkIjoiYXN0ZXJvaWQifQ%3D%3D
[DATAGOV] t=5392.9s | pag=2457 | files=5703 | data=2337 | cola=13695 | prio=10 | https://catalog.data.gov/dataset/near-earth-object-human-space-flight-accessible-targets-study-nhats?from_hint=eyJrZXl3b3JkIjoiYXN0ZXJvaWQifQ%3D%3D
[DATAGOV] t=5393.8s | pag=2458 | files=5703 | data=2338 | cola=13695 | prio=10 | https://catalog.data.gov/dataset/near-earth-object-human-space-flight-accessible-targets-study-nhats
[DATAGOV] t=5394.2s | pag=2459 | files=5703 | data=2339 | cola=13694 | prio=10 | https://catalog.data.gov/dataset/asteroid-names-and-discovery-v9-0-127dd?from_hint=eyJrZXl3b3JkIjoiYXN0ZXJvaWQifQ%3D%3D
[DATAGOV] t=5395.3s | pag=2460 | files=5703 | data=2340 | cola=13695 | prio=10 | https://catalog.data.gov/dataset/nesvorny-hcm-asteroid-families-v3-0?from_hint=eyJrZXl3b3JkIjoiYXN0ZXJvaWQifQ%3D%3D
[DATAGOV] t=5396.4s | pag=2461 | files=5703 | data=2341 | cola=13695 | prio=10 | https://catalog.data.gov/dataset/asteroid-names-and-discovery-v4-0?from_hint=eyJrZXl3b3JkIjoiYXN0ZXJvaWQifQ%3D%3D
[DATAGOV] t=5397.1s | pag=2462 | files=5703 | data=2342 | cola=13695 | prio=10 | https://catalog.data.gov/dataset/asteroid-family-identifications-v1-0?from_hint=eyJrZXl3b3JkIjoiYXN0ZXJvaWQifQ%3D%3D
[DATAGOV] t=5398.4s | pag=2463 | files=5703 | data=2343 | cola=13695 | prio=10 | https://catalog.data.gov/dataset/asteroid-polarimetric-database-v6-0?from_hint=eyJrZXl3b3JkIjoiYXN0ZXJvaWQifQ%3D%3D
[DATAGOV] t=5399.1s | pag=2464 | files=5703 | data=2344 | cola=13695 | prio=10 | https://catalog.data.gov/dataset/asteroid-photometric-catalog-v1-1?from_hint=eyJrZXl3b3JkIjoiYXN0ZXJvaWQifQ%3D%3D
[DATAGOV] t=5400.1s | pag=2465 | files=5703 | data=2345 | cola=13703 | prio=10 | https://catalog.data.gov/dataset/24-color-asteroid-survey?from_hint=eyJrZXl3b3JkIjoiYXN0ZXJvaWQifQ%3D%3D
[DATAGOV] t=5400.9s | pag=2466 | files=5703 | data=2346 | cola=13709 | prio=10 | https://catalog.data.gov/dataset/asteroid-absolute-magnitudes-v4-0-a7163?from_hint=eyJrZXl3b3JkIjoiYXN0ZXJvaWQifQ%3D%3D
[DATAGOV] t=5401.7s | pag=2467 | files=5703 | data=2347 | cola=13709 | prio=10 | https://catalog.data.gov/dataset/asteroid-names-and-discovery-v7-0?from_hint=eyJrZXl3b3JkIjoiYXN0ZXJvaWQifQ%3D%3D
[DATAGOV] t=5402.6s | pag=2468 | files=5703 | data=2348 | cola=13709 | prio=10 | https://catalog.data.gov/dataset/sawyer-asteroid-spectra-v1-1?from_hint=eyJrZXl3b3JkIjoiYXN0ZXJvaWQifQ%3D%3D
[DATAGOV] t=5403.6s | pag=2469 | files=5703 | data=2349 | cola=13716 | prio=10 | https://catalog.data.gov/dataset/smass-asteroid-survey-v2-1-3fe4c?from_hint=eyJrZXl3b3JkIjoiYXN0ZXJvaWQifQ%3D%3D
[DATAGOV] DATASETS=2350 | data_html_table | https://catalog.data.gov/dataset/smass-asteroid-survey-v2-1-3fe4c?from_hint=eyJrZXl3b3JkIjoiYXN0ZXJvaWQifQ%3D%3D
[DATAGOV] t=5404.9s | pag=2470 | files=5703 | data=2350 | cola=13722 | prio=10 | https://catalog.data.gov/dataset/sdss-moving-object-catalog-v3-0-bb68c?from_hint=eyJrZXl3b3JkIjoiYXN0ZXJvaWQifQ%3D%3D
[DATAGOV] t=5405.4s | pag=2471 | files=5703 | data=2351 | cola=13723 | prio=10 | https://catalog.data.gov/dataset/asteroid-names-and-discovery-v6-0?from_hint=eyJrZXl3b3JkIjoiYXN0ZXJvaWQifQ%3D%3D
[DATAGOV] t=5406.0s | pag=2472 | files=5703 | data=2352 | cola=13723 | prio=10 | https://catalog.data.gov/dataset/sdss-moving-object-catalog-v3-0?from_hint=eyJrZXl3b3JkIjoiYXN0ZXJvaWQifQ%3D%3D
[DATAGOV] t=5407.1s | pag=2473 | files=5703 | data=2353 | cola=13723 | prio=10 | https://catalog.data.gov/dataset/jpl-small-body-database-browser?from_hint=eyJrZXl3b3JkIjoiY29tZXQifQ%3D%3D
[DATAGOV] t=5408.3s | pag=2474 | files=5703 | data=2354 | cola=13722 | prio=10 | https://catalog.data.gov/dataset/jpl-small-body-database-search-engine?from_hint=eyJrZXl3b3JkIjoiY29tZXQifQ%3D%3D
[DATAGOV] t=5408.9s | pag=2475 | files=5703 | data=2355 | cola=13721 | prio=10 | https://catalog.data.gov/dataset/generative-comet-v0-0-0?from_hint=eyJrZXl3b3JkIjoiY29tZXQifQ%3D%3D
[DATAGOV] t=5412.6s | pag=2476 | files=5705 | data=2356 | cola=13725 | prio=10 | https://catalog.data.gov/dataset/generative-comet-v0-0-0
[DATAGOV] t=5413.9s | pag=2477 | files=5705 | data=2357 | cola=13724 | prio=10 | https://catalog.data.gov/dataset/comet-nyc-v15-0-9-and-v16-0-1-background-data?from_hint=eyJrZXl3b3JkIjoiY29tZXQifQ%3D%3D
[DATAGOV] t=5419.0s | pag=2478 | files=5717 | data=2358 | cola=13726 | prio=10 | https://catalog.data.gov/dataset/comet-nyc-v15-0-9-and-v16-0-1-background-data
[DATAGOV] t=5419.6s | pag=2479 | files=5717 | data=2359 | cola=13725 | prio=10 | https://catalog.data.gov/dataset/near-earth-object-human-space-flight-accessible-targets-study-nhats?from_hint=eyJrZXl3b3JkIjoiY29tZXQifQ%3D%3D
[DATAGOV] t=5420.3s | pag=2480 | files=5717 | data=2360 | cola=13724 | prio=10 | https://catalog.data.gov/dataset/recreation-and-park-departments-facility-conditions-assessment?from_hint=eyJrZXl3b3JkIjoiY29tZXQifQ%3D%3D
[DATAGOV] t=5421.3s | pag=2481 | files=5720 | data=2361 | cola=13726 | prio=10 | https://catalog.data.gov/dataset/recreation-and-park-departments-facility-conditions-assessment
[DATAGOV] t=5422.1s | pag=2482 | files=5720 | data=2362 | cola=13725 | prio=10 | https://catalog.data.gov/dataset/water-temperature-and-other-data-from-comet-from-1964-03-26-to-1964-03-28-ncei-accession-6?from_hint=eyJrZXl3b3JkIjoiY29tZXQifQ%3D%3D
[DATAGOV] t=5423.0s | pag=2483 | files=5720 | data=2363 | cola=13731 | prio=10 | https://catalog.data.gov/dataset/water-temperature-and-other-data-from-comet-from-1964-03-26-to-1964-03-28-ncei-accession-6
[DATAGOV] t=5423.7s | pag=2484 | files=5720 | data=2364 | cola=13730 | prio=10 | https://catalog.data.gov/dataset/stardust-sample-catalog?from_hint=eyJrZXl3b3JkIjoiY29tZXQifQ%3D%3D
[DATAGOV] t=5424.6s | pag=2485 | files=5720 | data=2365 | cola=13732 | prio=10 | https://catalog.data.gov/dataset/stardust-sample-catalog
[DATAGOV] t=5425.8s | pag=2486 | files=5720 | data=2366 | cola=13731 | prio=10 | https://catalog.data.gov/dataset/water-temperature-and-other-data-from-comet-from-1964-01-13-to-1964-03-26-ncei-accession-6?from_hint=eyJrZXl3b3JkIjoiY29tZXQifQ%3D%3D
[DATAGOV] t=5426.8s | pag=2487 | files=5720 | data=2367 | cola=13732 | prio=10 | https://catalog.data.gov/dataset/water-temperature-and-other-data-from-comet-from-1964-01-13-to-1964-03-26-ncei-accession-6
[DATAGOV] t=5428.0s | pag=2488 | files=5720 | data=2368 | cola=13731 | prio=10 | https://catalog.data.gov/dataset/physical-characteristics-of-comets?from_hint=eyJrZXl3b3JkIjoiY29tZXQifQ%3D%3D
[DATAGOV] t=5428.6s | pag=2489 | files=5720 | data=2369 | cola=13731 | prio=10 | https://catalog.data.gov/dataset/temperature-salinity-chlorophyll-and-oxygen-profiles-from-various-gliders-deployed-by-seve?from_hint=eyJrZXl3b3JkIjoiY29tZXQifQ%3D%3D
[DATAGOV] t=5429.8s | pag=2490 | files=5720 | data=2370 | cola=13738 | prio=10 | https://catalog.data.gov/dataset/water-temperature-and-other-data-from-comet-from-1960-11-14-to-1961-03-03-ncei-accession-7?from_hint=eyJrZXl3b3JkIjoiY29tZXQifQ%3D%3D
[DATAGOV] t=5430.4s | pag=2491 | files=5720 | data=2371 | cola=13739 | prio=10 | https://catalog.data.gov/dataset/water-temperature-and-other-data-from-comet-from-1960-11-14-to-1961-03-03-ncei-accession-7
[DATAGOV] t=5431.1s | pag=2492 | files=5720 | data=2372 | cola=13738 | prio=10 | https://catalog.data.gov/dataset/mex-ext2-spicam-mars-cleaned-ir-rdr-v1-0?from_hint=eyJrZXl3b3JkIjoiY29tZXQifQ%3D%3D
[DATAGOV] t=5431.7s | pag=2493 | files=5720 | data=2373 | cola=13744 | prio=10 | https://catalog.data.gov/dataset/iue-lwr-data-of-comets?from_hint=eyJrZXl3b3JkIjoiY29tZXQifQ%3D%3D
[DATAGOV] t=5432.5s | pag=2494 | files=5720 | data=2374 | cola=13752 | prio=10 | https://catalog.data.gov/dataset/mex_ext3_spicam_mars_cleaned_uv_rdr_v1-0?from_hint=eyJrZXl3b3JkIjoiY29tZXQifQ%3D%3D
[DATAGOV] DATASETS=2375 | data_html_table | https://catalog.data.gov/dataset/mex_ext3_spicam_mars_cleaned_uv_rdr_v1-0?from_hint=eyJrZXl3b3JkIjoiY29tZXQifQ%3D%3D
[DATAGOV] t=5433.4s | pag=2495 | files=5720 | data=2375 | cola=13752 | prio=10 | https://catalog.data.gov/dataset/ihw-comet-halley-reduced-spectroscopic-observations-v1-0?from_hint=eyJrZXl3b3JkIjoiY29tZXQifQ%3D%3D
[DATAGOV] t=5434.1s | pag=2496 | files=5720 | data=2376 | cola=13759 | prio=10 | https://catalog.data.gov/dataset/properties-of-comet-nuclei-e8912?from_hint=eyJrZXl3b3JkIjoiY29tZXQifQ%3D%3D
[DATAGOV] t=5435.1s | pag=2497 | files=5720 | data=2377 | cola=13759 | prio=10 | https://catalog.data.gov/dataset/tno-and-centaur-colors-v9-0?from_hint=eyJrZXl3b3JkIjoiY29tZXQifQ%3D%3D
[DATAGOV] t=5435.9s | pag=2498 | files=5720 | data=2378 | cola=13759 | prio=10 | https://catalog.data.gov/dataset/database-of-comet-polarimetry-v1-0-6fd13?from_hint=eyJrZXl3b3JkIjoiY29tZXQifQ%3D%3D
[DATAGOV] t=5437.5s | pag=2499 | files=5720 | data=2379 | cola=13759 | prio=10 | https://catalog.data.gov/dataset/neowise-diameters-and-albedos-v2-0?from_hint=eyJrZXl3b3JkIjoiY29tZXQifQ%3D%3D
[DATAGOV] t=5438.3s | pag=2500 | files=5720 | data=2380 | cola=13762 | prio=10 | https://catalog.data.gov/dataset/jpl-small-body-database-browser?from_hint=eyJrZXl3b3JkIjoiZGlzY292ZXJ5In0%3D
[DATAGOV] t=5439.5s | pag=2501 | files=5720 | data=2381 | cola=13761 | prio=10 | https://catalog.data.gov/dataset/the-noaa-ncei-global-marine-microplastics-harmonized-database-during-1972-04-20-to-present?from_hint=eyJrZXl3b3JkIjoiZGlzY292ZXJ5In0%3D
[DATAGOV] t=5440.8s | pag=2502 | files=5720 | data=2382 | cola=13768 | prio=10 | https://catalog.data.gov/dataset/the-noaa-ncei-global-marine-microplastics-harmonized-database-during-1972-04-20-to-present
[DATAGOV] t=5441.5s | pag=2503 | files=5720 | data=2383 | cola=13767 | prio=10 | https://catalog.data.gov/dataset/jpl-small-body-database-search-engine?from_hint=eyJrZXl3b3JkIjoiZGlzY292ZXJ5In0%3D
[DATAGOV] t=5442.0s | pag=2504 | files=5720 | data=2384 | cola=13766 | prio=10 | https://catalog.data.gov/dataset/ingenious-great-basin-regional-dataset-compilation?from_hint=eyJrZXl3b3JkIjoiZGlzY292ZXJ5In0%3D
[DATAGOV] t=5459.0s | pag=2505 | files=5729 | data=2385 | cola=13772 | prio=10 | https://catalog.data.gov/dataset/ingenious-great-basin-regional-dataset-compilation
[DATAGOV] t=5459.9s | pag=2506 | files=5729 | data=2386 | cola=13771 | prio=10 | https://catalog.data.gov/dataset/ocean-currents-measured-by-shipboard-acoustic-doppler-current-profilers-sadcp-from-gl-1985?from_hint=eyJrZXl3b3JkIjoiZGlzY292ZXJ5In0%3D
[DATAGOV] t=5461.2s | pag=2507 | files=5729 | data=2387 | cola=13779 | prio=10 | https://catalog.data.gov/dataset/ocean-currents-measured-by-shipboard-acoustic-doppler-current-profilers-sadcp-from-gl-1985
[DATAGOV] t=5462.3s | pag=2508 | files=5729 | data=2388 | cola=13778 | prio=10 | https://catalog.data.gov/dataset/current-direction-and-other-data-from-unknown-from-world-wide-distribution-from-1939-04-16?from_hint=eyJrZXl3b3JkIjoiZGlzY292ZXJ5In0%3D
[DATAGOV] t=5463.0s | pag=2509 | files=5729 | data=2389 | cola=13785 | prio=10 | https://catalog.data.gov/dataset/nutrients-other-data-from-ctd-bottle-and-xbt-casts-in-the-southern-ocean-from-1999-01-01-t?from_hint=eyJrZXl3b3JkIjoiZGlzY292ZXJ5In0%3D
[DATAGOV] t=5463.8s | pag=2510 | files=5729 | data=2390 | cola=13789 | prio=10 | https://catalog.data.gov/dataset/delayed-mode-xbt-data-assembled-for-the-global-temperature-salinity-profile-programm-01-02?from_hint=eyJrZXl3b3JkIjoiZGlzY292ZXJ5In0%3D
[DATAGOV] t=5465.0s | pag=2511 | files=5729 | data=2391 | cola=13797 | prio=10 | https://catalog.data.gov/dataset/cloud-amount-frequency-salinity-and-other-data-from-discovery-from-1977-01-13-to-1983-07-3?from_hint=eyJrZXl3b3JkIjoiZGlzY292ZXJ5In0%3D
[DATAGOV] t=5465.5s | pag=2512 | files=5729 | data=2392 | cola=13802 | prio=10 | https://catalog.data.gov/dataset/cloud-amount-frequency-salinity-and-other-data-from-discovery-from-1977-01-13-to-1983-07-3
[DATAGOV] t=5466.7s | pag=2513 | files=5729 | data=2393 | cola=13801 | prio=10 | https://catalog.data.gov/dataset/dissolved-inorganic-carbon-total-alkalinity-ph-water-temperature-salinity-dissolved-oxygen-bd744?from_hint=eyJrZXl3b3JkIjoiZGlzY292ZXJ5In0%3D
[DATAGOV] t=5467.4s | pag=2514 | files=5729 | data=2394 | cola=13806 | prio=10 | https://catalog.data.gov/dataset/dissolved-inorganic-carbon-total-alkalinity-ph-water-temperature-salinity-dissolved-oxygen-bd744
[DATAGOV] t=5468.2s | pag=2515 | files=5729 | data=2395 | cola=13805 | prio=10 | https://catalog.data.gov/dataset/geothermalcloud-cloud-fusion-of-big-data-and-multi-physics-models-using-machine-learning-f?from_hint=eyJrZXl3b3JkIjoiZGlzY292ZXJ5In0%3D
[DATAGOV] t=5469.2s | pag=2516 | files=5729 | data=2396 | cola=13809 | prio=10 | https://catalog.data.gov/dataset/water-temperature-and-other-data-from-discovery-charles-darwin-and-other-platforms-from-19?from_hint=eyJrZXl3b3JkIjoiZGlzY292ZXJ5In0%3D
[DATAGOV] t=5470.1s | pag=2517 | files=5729 | data=2397 | cola=13811 | prio=10 | https://catalog.data.gov/dataset/global-ocean-data-analysis-project-glodap-version-1-1-ncei-accession-0001644?from_hint=eyJrZXl3b3JkIjoiZGlzY292ZXJ5In0%3D
[DATAGOV] t=5471.0s | pag=2518 | files=5730 | data=2398 | cola=13817 | prio=10 | https://catalog.data.gov/dataset/global-ocean-data-analysis-project-glodap-version-1-1-ncei-accession-0001644
[DATAGOV] t=5471.8s | pag=2519 | files=5730 | data=2399 | cola=13816 | prio=10 | https://catalog.data.gov/dataset/temperature-salinity-and-other-variables-collected-from-discrete-sample-and-profile-observ-b1a0e?from_hint=eyJrZXl3b3JkIjoiZGlzY292ZXJ5In0%3D
[DATAGOV] DATASETS=2400 | data_html_table | https://catalog.data.gov/dataset/temperature-salinity-and-other-variables-collected-from-discrete-sample-and-profile-observ-b1a0e?from_hint=eyJrZXl3b3JkIjoiZGlzY292ZXJ5In0%3D
[DATAGOV] t=5472.5s | pag=2520 | files=5730 | data=2400 | cola=13820 | prio=10 | https://catalog.data.gov/dataset/temperature-salinity-and-other-variables-collected-from-discrete-sample-and-profile-observ-b1a0e
[DATAGOV] t=5473.3s | pag=2521 | files=5730 | data=2401 | cola=13819 | prio=10 | https://catalog.data.gov/dataset/temperature-salinity-and-other-profile-data-collected-from-ctd-and-bottle-casts-from-the-c?from_hint=eyJrZXl3b3JkIjoiZGlzY292ZXJ5In0%3D
[DATAGOV] t=5474.5s | pag=2522 | files=5730 | data=2402 | cola=13825 | prio=10 | https://catalog.data.gov/dataset/water-temperature-and-other-data-from-discovery-duchess-and-other-platforms-from-1943-08-1?from_hint=eyJrZXl3b3JkIjoiZGlzY292ZXJ5In0%3D
[DATAGOV] t=5475.4s | pag=2523 | files=5730 | data=2403 | cola=13826 | prio=10 | https://catalog.data.gov/dataset/water-temperature-and-other-data-from-discovery-duchess-and-other-platforms-from-1943-08-1
[DATAGOV] t=5476.3s | pag=2524 | files=5730 | data=2404 | cola=13825 | prio=10 | https://catalog.data.gov/dataset/near-earth-object-human-space-flight-accessible-targets-study-nhats?from_hint=eyJrZXl3b3JkIjoiZGlzY292ZXJ5In0%3D
[DATAGOV] t=5477.5s | pag=2525 | files=5730 | data=2405 | cola=13824 | prio=10 | https://catalog.data.gov/dataset/dissolved-inorganic-carbon-alkalinity-temperature-salinity-and-other-variables-collected-f-d2179?from_hint=eyJrZXl3b3JkIjoiZGlzY292ZXJ5In0%3D
[DATAGOV] t=5478.5s | pag=2526 | files=5730 | data=2406 | cola=13827 | prio=10 | https://catalog.data.gov/dataset/dissolved-inorganic-carbon-alkalinity-temperature-salinity-and-other-variables-collected-f-d2179
[DATAGOV] t=5479.8s | pag=2527 | files=5730 | data=2407 | cola=13826 | prio=10 | https://catalog.data.gov/dataset/dissolved-inorganic-carbon-alkalinity-temperature-salinity-and-other-variables-collected-f-b06a3?from_hint=eyJrZXl3b3JkIjoiZGlzY292ZXJ5In0%3D
[DATAGOV] t=5480.5s | pag=2528 | files=5730 | data=2408 | cola=13828 | prio=10 | https://catalog.data.gov/dataset/dissolved-inorganic-carbon-alkalinity-temperature-salinity-and-other-variables-collected-f-b06a3
[DATAGOV] t=5481.7s | pag=2529 | files=5730 | data=2409 | cola=13827 | prio=10 | https://catalog.data.gov/dataset/water-temperature-and-other-data-from-discovery-from-1979-05-11-to-1979-07-04-ncei-accessi?from_hint=eyJrZXl3b3JkIjoiZGlzY292ZXJ5In0%3D
[DATAGOV] t=5482.5s | pag=2530 | files=5730 | data=2410 | cola=13829 | prio=10 | https://catalog.data.gov/dataset/jpl-small-body-database-browser?from_hint=eyJrZXl3b3JkIjoianBsIn0%3D
[DATAGOV] t=5483.4s | pag=2531 | files=5730 | data=2411 | cola=13828 | prio=10 | https://catalog.data.gov/dataset/eyes-on-the-solar-system?from_hint=eyJrZXl3b3JkIjoianBsIn0%3D
[DATAGOV] t=5484.5s | pag=2532 | files=5730 | data=2412 | cola=13827 | prio=10 | https://catalog.data.gov/dataset/jpl-small-body-database-search-engine?from_hint=eyJrZXl3b3JkIjoianBsIn0%3D
[DATAGOV] t=5485.3s | pag=2533 | files=5730 | data=2413 | cola=13826 | prio=10 | https://catalog.data.gov/dataset/multi-scale-ultra-high-resolution-mur-sst-analysis-fv04-1-global-0-01-2002-present-monthly?from_hint=eyJrZXl3b3JkIjoianBsIn0%3D
[DATAGOV] t=5486.2s | pag=2534 | files=5730 | data=2414 | cola=13834 | prio=10 | https://catalog.data.gov/dataset/multi-scale-ultra-high-resolution-mur-sst-analysis-fv04-1-global-0-01-2002-present-monthly
[DATAGOV] t=5487.0s | pag=2535 | files=5730 | data=2415 | cola=13833 | prio=10 | https://catalog.data.gov/dataset/multi-scale-ultra-high-resolution-mur-sst-analysis-fv04-1-global-0-01-2002-present-daily-l?from_hint=eyJrZXl3b3JkIjoianBsIn0%3D
[DATAGOV] t=5488.1s | pag=2536 | files=5730 | data=2416 | cola=13838 | prio=10 | https://catalog.data.gov/dataset/multi-scale-ultra-high-resolution-mur-sst-analysis-fv04-1-global-0-01-2002-present-daily-l
[DATAGOV] t=5488.7s | pag=2537 | files=5730 | data=2417 | cola=13837 | prio=10 | https://catalog.data.gov/dataset/near-earth-object-human-space-flight-accessible-targets-study-nhats?from_hint=eyJrZXl3b3JkIjoianBsIn0%3D
[DATAGOV] t=5489.2s | pag=2538 | files=5730 | data=2418 | cola=13836 | prio=10 | https://catalog.data.gov/dataset/multi-scale-ultra-high-resolution-mur-sst-analysis-fv04-1-global-0-01-2002-present-daily?from_hint=eyJrZXl3b3JkIjoianBsIn0%3D
[DATAGOV] t=5490.4s | pag=2539 | files=5730 | data=2419 | cola=13836 | prio=10 | https://catalog.data.gov/dataset/multi-scale-ultra-high-resolution-mur-sst-analysis-fv04-1-global-0-01-2002-present-daily
[DATAGOV] t=5491.1s | pag=2540 | files=5730 | data=2420 | cola=13835 | prio=10 | https://catalog.data.gov/dataset/quikscat-model-output-obs4mips-nasa-jpl-global-1-degree-1999-2009-monthly-lon-180?from_hint=eyJrZXl3b3JkIjoianBsIn0%3D
[DATAGOV] t=5491.7s | pag=2541 | files=5730 | data=2421 | cola=13843 | prio=10 | https://catalog.data.gov/dataset/quikscat-model-output-obs4mips-nasa-jpl-global-1-degree-1999-2009-monthly-lon-180
[DATAGOV] t=5492.6s | pag=2542 | files=5730 | data=2422 | cola=13842 | prio=10 | https://catalog.data.gov/dataset/ccmp-winds-atlas-flk-v1-1-derived-surface-winds-level-3-5a-global-0-25-degree-1987-201-180?from_hint=eyJrZXl3b3JkIjoianBsIn0%3D
[DATAGOV] t=5493.9s | pag=2543 | files=5730 | data=2423 | cola=13846 | prio=10 | https://catalog.data.gov/dataset/ccmp-winds-atlas-flk-v1-1-derived-surface-winds-level-3-5a-global-0-25-degree-1987-201-180
[DATAGOV] t=5494.7s | pag=2544 | files=5730 | data=2424 | cola=13845 | prio=10 | https://catalog.data.gov/dataset/wind-quikscat-seawinds-0-125-global-science-quality-2007-2007-4-day?from_hint=eyJrZXl3b3JkIjoianBsIn0%3D
[DATAGOV] DATASETS=2425 | data_html_table | https://catalog.data.gov/dataset/wind-quikscat-seawinds-0-125-global-science-quality-2007-2007-4-day?from_hint=eyJrZXl3b3JkIjoianBsIn0%3D
[DATAGOV] t=5495.3s | pag=2545 | files=5730 | data=2425 | cola=13850 | prio=10 | https://catalog.data.gov/dataset/wind-quikscat-seawinds-0-125-global-science-quality-2007-2007-4-day
[DATAGOV] t=5496.3s | pag=2546 | files=5730 | data=2426 | cola=13849 | prio=10 | https://catalog.data.gov/dataset/amsre-model-output-obs4mips-nasa-jpl-global-1-degree-2002-2010-monthly-lon-180?from_hint=eyJrZXl3b3JkIjoianBsIn0%3D
[DATAGOV] t=5497.2s | pag=2547 | files=5730 | data=2427 | cola=13854 | prio=10 | https://catalog.data.gov/dataset/amsre-model-output-obs4mips-nasa-jpl-global-1-degree-2002-2010-monthly-lon-180
[DATAGOV] t=5498.4s | pag=2548 | files=5730 | data=2428 | cola=13853 | prio=10 | https://catalog.data.gov/dataset/wind-quikscat-seawinds-0-125-global-science-quality-2007-2007-4-day-lon-180?from_hint=eyJrZXl3b3JkIjoianBsIn0%3D
[DATAGOV] t=5499.5s | pag=2549 | files=5730 | data=2429 | cola=13853 | prio=10 | https://catalog.data.gov/dataset/wind-quikscat-seawinds-0-125-global-science-quality-2007-2007-4-day-lon-180
[DATAGOV] t=5500.5s | pag=2550 | files=5730 | data=2430 | cola=13852 | prio=10 | https://catalog.data.gov/dataset/planetquest-historic-timeline?from_hint=eyJrZXl3b3JkIjoianBsIn0%3D
[DATAGOV] t=5501.2s | pag=2551 | files=5730 | data=2431 | cola=13857 | prio=10 | https://catalog.data.gov/dataset/amsre-model-output-obs4mips-nasa-jpl-global-1-degree-2002-2010-monthly?from_hint=eyJrZXl3b3JkIjoianBsIn0%3D
[DATAGOV] t=5501.8s | pag=2552 | files=5730 | data=2432 | cola=13857 | prio=10 | https://catalog.data.gov/dataset/amsre-model-output-obs4mips-nasa-jpl-global-1-degree-2002-2010-monthly
[DATAGOV] t=5502.5s | pag=2553 | files=5730 | data=2433 | cola=13856 | prio=10 | https://catalog.data.gov/dataset/aviso-model-output-obs4mips-nasa-jpl-global-1-degree-1992-2010-monthly?from_hint=eyJrZXl3b3JkIjoianBsIn0%3D
[DATAGOV] t=5503.3s | pag=2554 | files=5730 | data=2434 | cola=13864 | prio=10 | https://catalog.data.gov/dataset/aviso-model-output-obs4mips-nasa-jpl-global-1-degree-1992-2010-monthly
[DATAGOV] t=5504.0s | pag=2555 | files=5730 | data=2435 | cola=13863 | prio=10 | https://catalog.data.gov/dataset/ccmp-winds-atlas-flk-v1-1-derived-surface-winds-level-3-5a-global-0-25-degree-1987-2011-5-?from_hint=eyJrZXl3b3JkIjoianBsIn0%3D
[DATAGOV] t=5505.2s | pag=2556 | files=5730 | data=2436 | cola=13863 | prio=10 | https://catalog.data.gov/dataset/ccmp-winds-atlas-flk-v1-1-derived-surface-winds-level-3-5a-global-0-25-degree-1987-2011-5-
[DATAGOV] t=5506.4s | pag=2557 | files=5730 | data=2437 | cola=13862 | prio=10 | https://catalog.data.gov/dataset/quikscat-model-output-obs4mips-nasa-jpl-global-1-degree-1999-2009-monthly?from_hint=eyJrZXl3b3JkIjoianBsIn0%3D
[DATAGOV] t=5507.4s | pag=2558 | files=5730 | data=2438 | cola=13862 | prio=10 | https://catalog.data.gov/dataset/quikscat-model-output-obs4mips-nasa-jpl-global-1-degree-1999-2009-monthly
[DATAGOV] t=5508.6s | pag=2559 | files=5730 | data=2439 | cola=13861 | prio=10 | https://catalog.data.gov/dataset/aviso-model-output-obs4mips-nasa-jpl-global-1-degree-1992-2010-monthly-lon-180?from_hint=eyJrZXl3b3JkIjoianBsIn0%3D
[DATAGOV] t=5509.8s | pag=2560 | files=5730 | data=2440 | cola=13861 | prio=10 | https://catalog.data.gov/dataset/aviso-model-output-obs4mips-nasa-jpl-global-1-degree-1992-2010-monthly-lon-180
[DATAGOV] t=5511.0s | pag=2561 | files=5730 | data=2441 | cola=13860 | prio=10 | https://catalog.data.gov/dataset/multi-scale-ultra-high-resolution-mur-sst-analysis-fv04-1-global-0-01-2002-present-daily-d?from_hint=eyJrZXl3b3JkIjoianBsIn0%3D
[DATAGOV] t=5511.8s | pag=2562 | files=5730 | data=2442 | cola=13860 | prio=10 | https://catalog.data.gov/dataset/multi-scale-ultra-high-resolution-mur-sst-analysis-fv04-1-global-0-01-2002-present-daily-d
[DATAGOV] t=5512.9s | pag=2563 | files=5730 | data=2443 | cola=13859 | prio=10 | https://catalog.data.gov/dataset/ccmp-winds-atlas-flk-v1-1-derived-surface-winds-level-3-5a-global-0-25-degree-1987-2011-mo?from_hint=eyJrZXl3b3JkIjoianBsIn0%3D
[DATAGOV] t=5513.3s | pag=2564 | files=5730 | data=2444 | cola=13860 | prio=10 | https://catalog.data.gov/dataset/ccmp-winds-atlas-flk-v1-1-derived-surface-winds-level-3-5a-global-0-25-degree-1987-2011-mo
[DATAGOV] t=5514.5s | pag=2565 | files=5730 | data=2445 | cola=13859 | prio=10 | https://catalog.data.gov/dataset/jpl-small-body-database-browser?from_hint=eyJrZXl3b3JkIjoibmVhIn0%3D
[DATAGOV] t=5515.5s | pag=2566 | files=5730 | data=2446 | cola=13858 | prio=10 | https://catalog.data.gov/dataset/jpl-small-body-database-search-engine?from_hint=eyJrZXl3b3JkIjoibmVhIn0%3D
[DATAGOV] t=5516.3s | pag=2567 | files=5730 | data=2447 | cola=13857 | prio=10 | https://catalog.data.gov/dataset/asteroids-neows-api?from_hint=eyJrZXl3b3JkIjoibmVhIn0%3D
[DATAGOV] t=5516.8s | pag=2568 | files=5730 | data=2448 | cola=13856 | prio=10 | https://catalog.data.gov/dataset/near-earth-object-human-space-flight-accessible-targets-study-nhats?from_hint=eyJrZXl3b3JkIjoibmVhIn0%3D
[DATAGOV] t=5517.5s | pag=2569 | files=5730 | data=2449 | cola=13855 | prio=10 | https://catalog.data.gov/dataset/jpl-small-body-database-browser?from_hint=eyJrZXl3b3JkIjoibmVhci1lYXJ0aC1vYmplY3QifQ%3D%3D
[DATAGOV] DATASETS=2450 | data_html_table | https://catalog.data.gov/dataset/jpl-small-body-database-browser?from_hint=eyJrZXl3b3JkIjoibmVhci1lYXJ0aC1vYmplY3QifQ%3D%3D
[DATAGOV] t=5518.3s | pag=2570 | files=5730 | data=2450 | cola=13854 | prio=10 | https://catalog.data.gov/dataset/jpl-small-body-database-search-engine?from_hint=eyJrZXl3b3JkIjoibmVhci1lYXJ0aC1vYmplY3QifQ%3D%3D
[DATAGOV] t=5519.0s | pag=2571 | files=5730 | data=2451 | cola=13853 | prio=10 | https://catalog.data.gov/dataset/near-earth-object-human-space-flight-accessible-targets-study-nhats?from_hint=eyJrZXl3b3JkIjoibmVhci1lYXJ0aC1vYmplY3QifQ%3D%3D
[DATAGOV] t=5519.6s | pag=2572 | files=5730 | data=2452 | cola=13852 | prio=10 | https://catalog.data.gov/dataset/jpl-small-body-database-browser?from_hint=eyJrZXl3b3JkIjoibmVvIn0%3D
[DATAGOV] t=5520.5s | pag=2573 | files=5730 | data=2453 | cola=13851 | prio=10 | https://catalog.data.gov/dataset/jpl-small-body-database-search-engine?from_hint=eyJrZXl3b3JkIjoibmVvIn0%3D
[DATAGOV] t=5521.3s | pag=2574 | files=5730 | data=2454 | cola=13850 | prio=10 | https://catalog.data.gov/dataset/asteroids-neows-api?from_hint=eyJrZXl3b3JkIjoibmVvIn0%3D
[DATAGOV] t=5522.0s | pag=2575 | files=5730 | data=2455 | cola=13849 | prio=10 | https://catalog.data.gov/dataset/near-earth-comets-orbital-elements-api?from_hint=eyJrZXl3b3JkIjoibmVvIn0%3D
[DATAGOV] t=5523.0s | pag=2576 | files=5731 | data=2456 | cola=13852 | prio=10 | https://catalog.data.gov/dataset/near-earth-comets-orbital-elements-api
[DATAGOV] t=5524.2s | pag=2577 | files=5731 | data=2457 | cola=13851 | prio=10 | https://catalog.data.gov/dataset/near-earth-object-human-space-flight-accessible-targets-study-nhats?from_hint=eyJrZXl3b3JkIjoibmVvIn0%3D
[DATAGOV] t=5525.0s | pag=2578 | files=5731 | data=2458 | cola=13850 | prio=10 | https://catalog.data.gov/dataset/jpl-small-body-database-browser?from_hint=eyJrZXl3b3JkIjoib3JiaXQifQ%3D%3D
[DATAGOV] t=5525.6s | pag=2579 | files=5731 | data=2459 | cola=13849 | prio=10 | https://catalog.data.gov/dataset/jpl-small-body-database-search-engine?from_hint=eyJrZXl3b3JkIjoib3JiaXQifQ%3D%3D
[DATAGOV] t=5526.5s | pag=2580 | files=5731 | data=2460 | cola=13848 | prio=10 | https://catalog.data.gov/dataset/ostm-jason-2-ancillary-data-files-2008-to-2019?from_hint=eyJrZXl3b3JkIjoib3JiaXQifQ%3D%3D
[DATAGOV] t=5527.4s | pag=2581 | files=5731 | data=2461 | cola=13856 | prio=10 | https://catalog.data.gov/dataset/ostm-jason-2-ancillary-data-files-2008-to-2019
[DATAGOV] t=5528.0s | pag=2582 | files=5731 | data=2462 | cola=13855 | prio=10 | https://catalog.data.gov/dataset/near-earth-object-human-space-flight-accessible-targets-study-nhats?from_hint=eyJrZXl3b3JkIjoib3JiaXQifQ%3D%3D
[DATAGOV] t=5528.9s | pag=2583 | files=5731 | data=2463 | cola=13854 | prio=10 | https://catalog.data.gov/dataset/space-physics-data-facility-spdf?from_hint=eyJrZXl3b3JkIjoib3JiaXQifQ%3D%3D
[DATAGOV] t=5529.5s | pag=2584 | files=5731 | data=2464 | cola=13858 | prio=10 | https://catalog.data.gov/dataset/space-physics-data-facility-spdf
[DATAGOV] t=5530.1s | pag=2585 | files=5731 | data=2465 | cola=13857 | prio=10 | https://catalog.data.gov/dataset/ostm-jason-2-orbital-information-2008-to-2019?from_hint=eyJrZXl3b3JkIjoib3JiaXQifQ%3D%3D
[DATAGOV] t=5531.2s | pag=2586 | files=5731 | data=2466 | cola=13860 | prio=10 | https://catalog.data.gov/dataset/ostm-jason-2-orbital-information-2008-to-2019
[DATAGOV] t=5532.3s | pag=2587 | files=5731 | data=2467 | cola=13859 | prio=10 | https://catalog.data.gov/dataset/space-physics-data-facility-spdf-38a78?from_hint=eyJrZXl3b3JkIjoib3JiaXQifQ%3D%3D
[DATAGOV] t=5533.3s | pag=2588 | files=5731 | data=2468 | cola=13859 | prio=10 | https://catalog.data.gov/dataset/space-physics-data-facility-spdf-38a78
[DATAGOV] t=5534.4s | pag=2589 | files=5731 | data=2469 | cola=13858 | prio=10 | https://catalog.data.gov/?keyword=airburstvisual
[DATAGOV] t=5535.4s | pag=2590 | files=5731 | data=2470 | cola=13863 | prio=10 | https://catalog.data.gov/?keyword=data-visualization
[DATAGOV] t=5536.4s | pag=2591 | files=5731 | data=2471 | cola=13872 | prio=10 | https://catalog.data.gov/?keyword=intermediate
[DATAGOV] t=5538.1s | pag=2592 | files=5731 | data=2472 | cola=13885 | prio=10 | https://catalog.data.gov/?keyword=model
[DATAGOV] t=5540.3s | pag=2593 | files=5735 | data=2473 | cola=13912 | prio=10 | https://catalog.data.gov/?keyword=outerspace
[DATAGOV] t=5541.5s | pag=2594 | files=5735 | data=2474 | cola=13915 | prio=10 | https://catalog.data.gov/?keyword=platform
[DATAGOV] DATASETS=2475 | exportable_data_page | https://catalog.data.gov/?keyword=platform
[DATAGOV] t=5542.5s | pag=2595 | files=5735 | data=2475 | cola=13948 | prio=10 | https://catalog.data.gov/?keyword=spaceapps
[DATAGOV] t=5543.2s | pag=2596 | files=5735 | data=2476 | cola=13954 | prio=10 | https://catalog.data.gov/harvest_record/0601f811-9880-4925-9a3b-513ce0c0e245/raw
[DATAGOV] t=5544.3s | pag=2596 | files=5736 | data=2476 | cola=13953 | prio=10 | https://catalog.data.gov/?keyword=citizen-science
[DATAGOV] t=5546.0s | pag=2597 | files=5736 | data=2477 | cola=13957 | prio=10 | https://catalog.data.gov/?keyword=earth
[DATAGOV] t=5548.1s | pag=2598 | files=5736 | data=2478 | cola=13978 | prio=10 | https://catalog.data.gov/?keyword=hazards
[DATAGOV] t=5548.8s | pag=2599 | files=5736 | data=2479 | cola=14007 | prio=10 | https://catalog.data.gov/?keyword=landslide
[DATAGOV] t=5549.7s | pag=2600 | files=5736 | data=2480 | cola=14041 | prio=10 | https://catalog.data.gov/?keyword=mudslide
[DATAGOV] t=5550.8s | pag=2601 | files=5736 | data=2481 | cola=14042 | prio=10 | https://catalog.data.gov/harvest_record/d23ce599-d904-4dcc-86b6-20a2efe1c816/raw
[DATAGOV] t=5551.8s | pag=2601 | files=5737 | data=2481 | cola=14041 | prio=10 | https://catalog.data.gov/?keyword=ames
[DATAGOV] t=5553.9s | pag=2602 | files=5737 | data=2482 | cola=14076 | prio=10 | https://catalog.data.gov/?keyword=dashlink
[DATAGOV] t=5555.8s | pag=2603 | files=5737 | data=2483 | cola=14098 | prio=10 | https://catalog.data.gov/?keyword=nasa
[DATAGOV] t=5556.4s | pag=2604 | files=5737 | data=2484 | cola=14124 | prio=10 | https://catalog.data.gov/harvest_record/df2345db-a93b-4cc8-9ebd-8ed3bf0947af/raw
[DATAGOV] t=5557.3s | pag=2604 | files=5738 | data=2484 | cola=14123 | prio=10 | https://catalog.data.gov/?keyword=aeronautics
[DATAGOV] t=5559.0s | pag=2605 | files=5738 | data=2485 | cola=14134 | prio=10 | https://catalog.data.gov/?keyword=biodiversity
[DATAGOV] t=5560.1s | pag=2606 | files=5738 | data=2486 | cola=14161 | prio=10 | https://catalog.data.gov/?keyword=deployment
[DATAGOV] t=5563.9s | pag=2607 | files=5755 | data=2487 | cola=14191 | prio=10 | https://catalog.data.gov/?keyword=disasters
[DATAGOV] t=5564.5s | pag=2608 | files=5755 | data=2488 | cola=14200 | prio=10 | https://catalog.data.gov/?keyword=east-africa
[DATAGOV] t=5565.5s | pag=2609 | files=5755 | data=2489 | cola=14200 | prio=10 | https://catalog.data.gov/?keyword=pollution
[DATAGOV] t=5566.3s | pag=2610 | files=5755 | data=2490 | cola=14227 | prio=10 | https://catalog.data.gov/?keyword=retirement
[DATAGOV] t=5567.4s | pag=2611 | files=5755 | data=2491 | cola=14256 | prio=10 | https://catalog.data.gov/?keyword=water
[DATAGOV] t=5568.5s | pag=2612 | files=5755 | data=2492 | cola=14275 | prio=10 | https://catalog.data.gov/harvest_record/95d45534-8e84-44ec-adc8-b7d2d70f45ee/raw
[DATAGOV] t=5569.5s | pag=2612 | files=5756 | data=2492 | cola=14274 | prio=10 | https://catalog.data.gov/?keyword=earth-science
[DATAGOV] t=5571.6s | pag=2613 | files=5756 | data=2493 | cola=14303 | prio=10 | https://catalog.data.gov/?keyword=infrared-wavelengths
[DATAGOV] t=5572.3s | pag=2614 | files=5756 | data=2494 | cola=14338 | prio=10 | https://catalog.data.gov/?keyword=spectral-engineering
[DATAGOV] t=5573.2s | pag=2615 | files=5756 | data=2495 | cola=14363 | prio=10 | https://catalog.data.gov/?keyword=visible-wavelengths
[DATAGOV] t=5574.1s | pag=2616 | files=5756 | data=2496 | cola=14388 | prio=10 | https://catalog.data.gov/harvest_record/cb8b1416-13c8-46eb-aa55-c6b0e209da43/raw
[DATAGOV] t=5574.9s | pag=2616 | files=5757 | data=2496 | cola=14387 | prio=10 | https://catalog.data.gov/?keyword=geomorphic-landforms-processes
[DATAGOV] t=5577.1s | pag=2617 | files=5757 | data=2497 | cola=14422 | prio=10 | https://catalog.data.gov/?keyword=land-surface
[DATAGOV] t=5578.0s | pag=2618 | files=5757 | data=2498 | cola=14450 | prio=10 | https://catalog.data.gov/?keyword=land-use-land-cover
[DATAGOV] t=5578.8s | pag=2619 | files=5757 | data=2499 | cola=14476 | prio=10 | https://catalog.data.gov/?keyword=landscape
[DATAGOV] DATASETS=2500 | exportable_data_page | https://catalog.data.gov/?keyword=landscape
[DATAGOV] t=5579.9s | pag=2620 | files=5758 | data=2500 | cola=14503 | prio=10 | https://catalog.data.gov/?keyword=sensor-characteristics
[DATAGOV] t=5580.9s | pag=2621 | files=5758 | data=2501 | cola=14538 | prio=10 | https://catalog.data.gov/harvest_record/ac64f5b5-5f96-4ac1-a8fb-fa78830b27ae/raw
[DATAGOV] t=5581.8s | pag=2621 | files=5759 | data=2501 | cola=14537 | prio=10 | https://catalog.data.gov/?keyword=national-geospatial-data-asset
[DATAGOV] t=5583.7s | pag=2622 | files=5759 | data=2502 | cola=14569 | prio=10 | https://catalog.data.gov/?keyword=ngda
[DATAGOV] t=5584.6s | pag=2623 | files=5759 | data=2503 | cola=14588 | prio=10 | https://catalog.data.gov/?keyword=surface-radiative-properties
[DATAGOV] t=5585.7s | pag=2624 | files=5759 | data=2504 | cola=14613 | prio=10 | https://catalog.data.gov/?keyword=topography
[DATAGOV] t=5586.5s | pag=2625 | files=5759 | data=2505 | cola=14638 | prio=10 | https://catalog.data.gov/harvest_record/68e548ff-1946-4a8a-a810-39ab7d9e8272/raw
[DATAGOV] t=5587.0s | pag=2625 | files=5760 | data=2505 | cola=14637 | prio=10 | https://catalog.data.gov/?keyword=apollo
[DATAGOV] t=5588.8s | pag=2626 | files=5760 | data=2506 | cola=14675 | prio=10 | https://catalog.data.gov/?keyword=google
[DATAGOV] t=5589.7s | pag=2627 | files=5760 | data=2507 | cola=14678 | prio=10 | https://catalog.data.gov/?keyword=imagery
[DATAGOV] t=5591.0s | pag=2628 | files=5761 | data=2508 | cola=14706 | prio=10 | https://catalog.data.gov/?keyword=institutional
[DATAGOV] t=5591.6s | pag=2629 | files=5761 | data=2509 | cola=14710 | prio=10 | https://catalog.data.gov/?keyword=journal-papers
[DATAGOV] t=5592.4s | pag=2630 | files=5761 | data=2510 | cola=14712 | prio=10 | https://catalog.data.gov/harvest_record/7555e814-1227-4f88-adfb-11e4b0b2723e/raw
[DATAGOV] t=5593.3s | pag=2630 | files=5762 | data=2510 | cola=14711 | prio=10 | https://catalog.data.gov/?keyword=earth-science-soils-land-surface-soil-texture
[DATAGOV] t=5595.1s | pag=2631 | files=5762 | data=2511 | cola=14749 | prio=10 | https://catalog.data.gov/?keyword=earth-science-surface-water-terrestrial-hydrosphere-surface-water-processes-measurements
[DATAGOV] t=5596.0s | pag=2632 | files=5762 | data=2512 | cola=14786 | prio=10 | https://catalog.data.gov/harvest_record/3a196964-20e5-44fa-a38b-d5e65c7e0b8e/raw
[DATAGOV] t=5597.0s | pag=2632 | files=5763 | data=2512 | cola=14785 | prio=10 | https://catalog.data.gov/?keyword=3d
[DATAGOV] t=5644.7s | pag=2633 | files=5801 | data=2513 | cola=14815 | prio=10 | https://catalog.data.gov/?keyword=eoss
[DATAGOV] t=5645.4s | pag=2634 | files=5801 | data=2514 | cola=14825 | prio=10 | https://catalog.data.gov/?keyword=mission-data
[DATAGOV] t=5646.2s | pag=2635 | files=5801 | data=2515 | cola=14825 | prio=10 | https://catalog.data.gov/?keyword=nair
[DATAGOV] t=5647.4s | pag=2636 | files=5801 | data=2516 | cola=14825 | prio=10 | https://catalog.data.gov/?keyword=rcs
[DATAGOV] t=5648.5s | pag=2637 | files=5801 | data=2517 | cola=14825 | prio=10 | https://catalog.data.gov/harvest_record/b03b314b-0c34-425c-8dd2-b8ccf200fbc5/raw
[DATAGOV] t=5649.2s | pag=2637 | files=5802 | data=2517 | cola=14824 | prio=10 | https://catalog.data.gov/?keyword=atmospheric-science
[DATAGOV] t=5651.0s | pag=2638 | files=5802 | data=2518 | cola=14843 | prio=10 | https://catalog.data.gov/?keyword=environmental-science
[DATAGOV] t=5651.9s | pag=2639 | files=5802 | data=2519 | cola=14843 | prio=10 | https://catalog.data.gov/?keyword=hydrology
[DATAGOV] t=5652.7s | pag=2640 | files=5802 | data=2520 | cola=14874 | prio=10 | https://catalog.data.gov/?keyword=ocean-science
[DATAGOV] t=5653.7s | pag=2641 | files=5802 | data=2521 | cola=14874 | prio=10 | https://catalog.data.gov/?keyword=remote-sensing
[DATAGOV] t=5655.1s | pag=2642 | files=5802 | data=2522 | cola=14878 | prio=10 | https://catalog.data.gov/harvest_record/bbb26c4f-e9b5-4dd9-8f4a-45af24ec15e7/raw
[DATAGOV] t=5655.8s | pag=2642 | files=5803 | data=2522 | cola=14877 | prio=10 | https://catalog.data.gov/?keyword=human-dimensions
[DATAGOV] t=5657.8s | pag=2643 | files=5803 | data=2523 | cola=14905 | prio=10 | https://catalog.data.gov/?keyword=socioeconomics
[DATAGOV] t=5658.7s | pag=2644 | files=5803 | data=2524 | cola=14926 | prio=10 | https://catalog.data.gov/harvest_record/9dc8d765-b00a-4cea-9234-7b224c6f3318/raw
[DATAGOV] t=5659.5s | pag=2644 | files=5804 | data=2524 | cola=14925 | prio=10 | https://catalog.data.gov/?keyword=fan-degradation
[DATAGOV] DATASETS=2525 | exportable_data_page | https://catalog.data.gov/?keyword=fan-degradation
[DATAGOV] t=5661.2s | pag=2645 | files=5804 | data=2525 | cola=14925 | prio=10 | https://catalog.data.gov/?keyword=ivhm
[DATAGOV] t=5662.0s | pag=2646 | files=5804 | data=2526 | cola=14926 | prio=10 | https://catalog.data.gov/?keyword=phm
[DATAGOV] t=5662.7s | pag=2647 | files=5804 | data=2527 | cola=14941 | prio=10 | https://catalog.data.gov/?keyword=prognostics
[DATAGOV] t=5663.5s | pag=2648 | files=5804 | data=2528 | cola=14958 | prio=10 | https://catalog.data.gov/harvest_record/59261bf5-dc51-4d37-96c2-4f86f12bddf7/raw
[DATAGOV] t=5664.0s | pag=2648 | files=5805 | data=2528 | cola=14957 | prio=10 | https://catalog.data.gov/?keyword=infrastructure
[DATAGOV] t=5666.2s | pag=2649 | files=5807 | data=2529 | cola=14985 | prio=10 | https://catalog.data.gov/harvest_record/68f6e2a1-1854-41b7-b4bb-1293382b2604/raw
[DATAGOV] t=5667.1s | pag=2649 | files=5808 | data=2529 | cola=14984 | prio=10 | https://catalog.data.gov/?keyword=earth-science-aerosols-atmosphere
[DATAGOV] t=5669.2s | pag=2650 | files=5808 | data=2530 | cola=15022 | prio=10 | https://catalog.data.gov/?keyword=earth-science-aerosols-atmosphere-aerosol-extinction
[DATAGOV] t=5670.4s | pag=2651 | files=5808 | data=2531 | cola=15051 | prio=10 | https://catalog.data.gov/?keyword=earth-science-aerosols-atmosphere-aerosol-optical-depth-thickness
[DATAGOV] t=5671.2s | pag=2652 | files=5808 | data=2532 | cola=15075 | prio=10 | https://catalog.data.gov/?keyword=earth-science-aerosols-atmosphere-aerosol-particle-properties
[DATAGOV] t=5672.4s | pag=2653 | files=5808 | data=2533 | cola=15101 | prio=10 | https://catalog.data.gov/?keyword=earth-science-aerosols-atmosphere-black-carbon
[DATAGOV] t=5673.0s | pag=2654 | files=5808 | data=2534 | cola=15136 | prio=10 | https://catalog.data.gov/?keyword=earth-science-aerosols-atmosphere-carbonaceous-aerosols
[DATAGOV] t=5673.7s | pag=2655 | files=5808 | data=2535 | cola=15165 | prio=10 | https://catalog.data.gov/?keyword=earth-science-aerosols-atmosphere-dust-ash-smoke
[DATAGOV] t=5674.5s | pag=2656 | files=5808 | data=2536 | cola=15189 | prio=10 | https://catalog.data.gov/?keyword=earth-science-aerosols-atmosphere-organic-particles
[DATAGOV] t=5675.4s | pag=2657 | files=5808 | data=2537 | cola=15213 | prio=10 | https://catalog.data.gov/harvest_record/2f582fa5-e2d6-4f38-b028-1a73a5c040c4/raw
[DATAGOV] t=5675.9s | pag=2657 | files=5809 | data=2537 | cola=15212 | prio=10 | https://catalog.data.gov/harvest_record/6210a69e-76fb-436d-a1cd-369f01efe63c/raw
[DATAGOV] t=5677.4s | pag=2657 | files=5810 | data=2537 | cola=15211 | prio=10 | https://catalog.data.gov/?keyword=earth-science-atmospheric-electricity-atmosphere-lightning
[DATAGOV] t=5680.8s | pag=2658 | files=5810 | data=2538 | cola=15249 | prio=10 | https://catalog.data.gov/harvest_record/f1d487b7-e1f9-42b7-9729-bf77660e68ae/raw
[DATAGOV] t=5681.5s | pag=2658 | files=5811 | data=2538 | cola=15248 | prio=10 | https://catalog.data.gov/?keyword=economic-resources
[DATAGOV] t=5683.4s | pag=2659 | files=5811 | data=2539 | cola=15275 | prio=10 | https://catalog.data.gov/?keyword=human-settlements
[DATAGOV] t=5684.5s | pag=2660 | files=5811 | data=2540 | cola=15292 | prio=10 | https://catalog.data.gov/?keyword=population
[DATAGOV] t=5685.5s | pag=2661 | files=5811 | data=2541 | cola=15314 | prio=10 | https://catalog.data.gov/harvest_record/398f3be9-8a70-4a00-bf9c-1e71a24b575d/raw
[DATAGOV] t=5686.4s | pag=2661 | files=5812 | data=2541 | cola=15313 | prio=10 | https://catalog.data.gov/?keyword=__
[DATAGOV] t=5688.4s | pag=2662 | files=5812 | data=2542 | cola=15349 | prio=10 | https://catalog.data.gov/harvest_record/d93e7b34-a715-40f4-9c9f-f0d6ab891994/raw
[DATAGOV] t=5689.2s | pag=2662 | files=5813 | data=2542 | cola=15348 | prio=10 | https://catalog.data.gov/dataset/civil-rights-data-collection-crdc-for-the-2017-18-school-year?from_hint=eyJrZXl3b3JkIjoiZGlzY3JpbWluYXRpb24ifQ%3D%3D
[DATAGOV] t=5691.2s | pag=2663 | files=5813 | data=2543 | cola=15347 | prio=10 | https://catalog.data.gov/dataset/civil-rights-data-collection-crdc?from_hint=eyJrZXl3b3JkIjoiZGlzY3JpbWluYXRpb24ifQ%3D%3D
[DATAGOV] t=5692.2s | pag=2664 | files=5813 | data=2544 | cola=15346 | prio=10 | https://catalog.data.gov/dataset/civil-rights-data-collection-2011-12?from_hint=eyJrZXl3b3JkIjoiZGlzY3JpbWluYXRpb24ifQ%3D%3D
[DATAGOV] t=5693.0s | pag=2665 | files=5813 | data=2545 | cola=15345 | prio=10 | https://catalog.data.gov/dataset/civil-rights-data-collection-2013-14?from_hint=eyJrZXl3b3JkIjoiZGlzY3JpbWluYXRpb24ifQ%3D%3D
[DATAGOV] t=5698.9s | pag=2666 | files=5814 | data=2546 | cola=15345 | prio=10 | https://catalog.data.gov/dataset/civil-rights-data-collection-2013-14
[DATAGOV] t=5700.0s | pag=2667 | files=5814 | data=2547 | cola=15344 | prio=10 | https://catalog.data.gov/dataset/civil-rights-data-collection-crdc-for-the-2013-14-school-year?from_hint=eyJrZXl3b3JkIjoiZGlzY3JpbWluYXRpb24ifQ%3D%3D
[DATAGOV] t=5703.2s | pag=2668 | files=5815 | data=2548 | cola=15344 | prio=10 | https://catalog.data.gov/dataset/civil-rights-data-collection-crdc-for-the-2013-14-school-year
[DATAGOV] t=5704.3s | pag=2669 | files=5815 | data=2549 | cola=15343 | prio=10 | https://catalog.data.gov/dataset/discrimination-case-settlements-by-month-2017-present?from_hint=eyJrZXl3b3JkIjoiZGlzY3JpbWluYXRpb24ifQ%3D%3D
[DATAGOV] DATASETS=2550 | data_html_table | https://catalog.data.gov/dataset/discrimination-case-settlements-by-month-2017-present?from_hint=eyJrZXl3b3JkIjoiZGlzY3JpbWluYXRpb24ifQ%3D%3D
[DATAGOV] t=5705.3s | pag=2670 | files=5815 | data=2550 | cola=15342 | prio=10 | https://catalog.data.gov/dataset/departmental-appeals-board-decisions?from_hint=eyJrZXl3b3JkIjoiZGlzY3JpbWluYXRpb24ifQ%3D%3D
[DATAGOV] t=5706.1s | pag=2671 | files=5815 | data=2551 | cola=15348 | prio=10 | https://catalog.data.gov/dataset/departmental-appeals-board-decisions
[DATAGOV] t=5706.9s | pag=2672 | files=5815 | data=2552 | cola=15347 | prio=10 | https://catalog.data.gov/dataset/uniform-crime-reporting-program-data-united-states-hate-crime-data-1999-record-type-files?from_hint=eyJrZXl3b3JkIjoiZGlzY3JpbWluYXRpb24ifQ%3D%3D
[DATAGOV] t=5707.9s | pag=2673 | files=5815 | data=2553 | cola=15346 | prio=10 | https://catalog.data.gov/dataset/2004-national-and-state-estimations-civil-rights-data-collection?from_hint=eyJrZXl3b3JkIjoiZGlzY3JpbWluYXRpb24ifQ%3D%3D
[DATAGOV] t=5708.8s | pag=2674 | files=5815 | data=2554 | cola=15345 | prio=10 | https://catalog.data.gov/dataset/civil-rights-data-collection-2006?from_hint=eyJrZXl3b3JkIjoiZGlzY3JpbWluYXRpb24ifQ%3D%3D
[DATAGOV] t=5709.7s | pag=2675 | files=5815 | data=2555 | cola=15345 | prio=10 | https://catalog.data.gov/dataset/uniform-crime-reporting-program-data-united-states-hate-crime-data-2006-record-type-files?from_hint=eyJrZXl3b3JkIjoiZGlzY3JpbWluYXRpb24ifQ%3D%3D
[DATAGOV] t=5710.3s | pag=2676 | files=5815 | data=2556 | cola=15345 | prio=10 | https://catalog.data.gov/dataset/civil-rights-customer-inquiries-by-month?from_hint=eyJrZXl3b3JkIjoiZGlzY3JpbWluYXRpb24ifQ%3D%3D
[DATAGOV] t=5711.3s | pag=2677 | files=5818 | data=2557 | cola=15345 | prio=10 | https://catalog.data.gov/dataset/civil-rights-customer-inquiries-by-month
[DATAGOV] t=5712.2s | pag=2678 | files=5818 | data=2558 | cola=15344 | prio=10 | https://catalog.data.gov/dataset/discrimination-complaints-filed-by-month-and-type-2017-present?from_hint=eyJrZXl3b3JkIjoiZGlzY3JpbWluYXRpb24ifQ%3D%3D
[DATAGOV] t=5713.4s | pag=2679 | files=5821 | data=2559 | cola=15346 | prio=10 | https://catalog.data.gov/dataset/discrimination-complaints-filed-by-month-and-type-2017-present
[DATAGOV] t=5714.2s | pag=2680 | files=5821 | data=2560 | cola=15345 | prio=10 | https://catalog.data.gov/dataset/civil-remedies-division-administrative-law-judge-decisions?from_hint=eyJrZXl3b3JkIjoiZGlzY3JpbWluYXRpb24ifQ%3D%3D
[DATAGOV] t=5715.4s | pag=2681 | files=5821 | data=2561 | cola=15348 | prio=10 | https://catalog.data.gov/dataset/civil-remedies-division-administrative-law-judge-decisions
[DATAGOV] t=5716.2s | pag=2682 | files=5821 | data=2562 | cola=15347 | prio=10 | https://catalog.data.gov/dataset/understanding-and-measuring-bias-victimization-against-latinos-san-diego-ca-galv-2018-2019?from_hint=eyJrZXl3b3JkIjoiZGlzY3JpbWluYXRpb24ifQ%3D%3D
[DATAGOV] t=5717.3s | pag=2683 | files=5821 | data=2563 | cola=15353 | prio=10 | https://catalog.data.gov/dataset/elementary-and-secondary-school-civil-rights-compliance-report-2002?from_hint=eyJrZXl3b3JkIjoiZGlzY3JpbWluYXRpb24ifQ%3D%3D
[DATAGOV] t=5718.4s | pag=2684 | files=5822 | data=2564 | cola=15353 | prio=10 | https://catalog.data.gov/dataset/elementary-and-secondary-school-civil-rights-compliance-report-2002
[DATAGOV] t=5719.2s | pag=2685 | files=5822 | data=2565 | cola=15352 | prio=10 | https://catalog.data.gov/dataset/2000-national-and-state-estimations-civil-rights-data-collection?from_hint=eyJrZXl3b3JkIjoiZGlzY3JpbWluYXRpb24ifQ%3D%3D
[DATAGOV] t=5720.4s | pag=2686 | files=5874 | data=2566 | cola=15354 | prio=10 | https://catalog.data.gov/dataset/2000-national-and-state-estimations-civil-rights-data-collection
[DATAGOV] t=5721.1s | pag=2687 | files=5874 | data=2567 | cola=15353 | prio=10 | https://catalog.data.gov/dataset/prejudice-and-violence-in-the-american-workplace-1988-1991-survey-of-an-eastern-corporatio?from_hint=eyJrZXl3b3JkIjoiZGlzY3JpbWluYXRpb24ifQ%3D%3D
[DATAGOV] t=5722.1s | pag=2688 | files=5874 | data=2568 | cola=15358 | prio=10 | https://catalog.data.gov/dataset/office-of-hearings-case-tracking-data?from_hint=eyJrZXl3b3JkIjoiZGlzY3JpbWluYXRpb24ifQ%3D%3D
[DATAGOV] t=5723.2s | pag=2689 | files=5874 | data=2569 | cola=15363 | prio=10 | https://catalog.data.gov/dataset/office-of-hearings-case-tracking-data
[DATAGOV] t=5723.9s | pag=2690 | files=5874 | data=2570 | cola=15362 | prio=10 | https://catalog.data.gov/dataset/uniform-crime-reporting-program-data-united-states-hate-crime-data-1994-record-type-files?from_hint=eyJrZXl3b3JkIjoiZGlzY3JpbWluYXRpb24ifQ%3D%3D
[DATAGOV] t=5724.8s | pag=2691 | files=5874 | data=2571 | cola=15362 | prio=10 | https://catalog.data.gov/dataset/civil-rights-data-collection-crdc-for-the-2017-18-school-year?from_hint=eyJrZXl3b3JkIjoiZW5yb2xsbWVudC1kZW1vZ3JhcGhpY3MifQ%3D%3D
[DATAGOV] t=5725.7s | pag=2692 | files=5874 | data=2572 | cola=15361 | prio=10 | https://catalog.data.gov/dataset/civil-rights-data-collection-2011-12?from_hint=eyJrZXl3b3JkIjoiZW5yb2xsbWVudC1kZW1vZ3JhcGhpY3MifQ%3D%3D
[DATAGOV] t=5726.4s | pag=2693 | files=5874 | data=2573 | cola=15360 | prio=10 | https://catalog.data.gov/dataset/civil-rights-data-collection-2013-14?from_hint=eyJrZXl3b3JkIjoiZW5yb2xsbWVudC1kZW1vZ3JhcGhpY3MifQ%3D%3D
[DATAGOV] t=5727.4s | pag=2694 | files=5874 | data=2574 | cola=15359 | prio=10 | https://catalog.data.gov/dataset/civil-rights-data-collection-crdc-for-the-2013-14-school-year?from_hint=eyJrZXl3b3JkIjoiZW5yb2xsbWVudC1kZW1vZ3JhcGhpY3MifQ%3D%3D
[DATAGOV] DATASETS=2575 | data_html_table | https://catalog.data.gov/dataset/civil-rights-data-collection-crdc-for-the-2013-14-school-year?from_hint=eyJrZXl3b3JkIjoiZW5yb2xsbWVudC1kZW1vZ3JhcGhpY3MifQ%3D%3D
[DATAGOV] t=5728.3s | pag=2695 | files=5874 | data=2575 | cola=15358 | prio=10 | https://catalog.data.gov/dataset/2004-national-and-state-estimations-civil-rights-data-collection?from_hint=eyJrZXl3b3JkIjoiZW5yb2xsbWVudC1kZW1vZ3JhcGhpY3MifQ%3D%3D
[DATAGOV] t=5729.2s | pag=2696 | files=5874 | data=2576 | cola=15357 | prio=10 | https://catalog.data.gov/dataset/civil-rights-data-collection-2006?from_hint=eyJrZXl3b3JkIjoiZW5yb2xsbWVudC1kZW1vZ3JhcGhpY3MifQ%3D%3D
[DATAGOV] t=5729.8s | pag=2697 | files=5874 | data=2577 | cola=15356 | prio=10 | https://catalog.data.gov/dataset/elementary-and-secondary-school-civil-rights-compliance-report-2002?from_hint=eyJrZXl3b3JkIjoiZW5yb2xsbWVudC1kZW1vZ3JhcGhpY3MifQ%3D%3D
[DATAGOV] t=5730.4s | pag=2698 | files=5874 | data=2578 | cola=15355 | prio=10 | https://catalog.data.gov/dataset/2000-national-and-state-estimations-civil-rights-data-collection?from_hint=eyJrZXl3b3JkIjoiZW5yb2xsbWVudC1kZW1vZ3JhcGhpY3MifQ%3D%3D
[DATAGOV] t=5731.6s | pag=2699 | files=5874 | data=2579 | cola=15354 | prio=10 | https://catalog.data.gov/dataset/civil-rights-data-collection-2009-10?from_hint=eyJrZXl3b3JkIjoiZW5yb2xsbWVudC1kZW1vZ3JhcGhpY3MifQ%3D%3D
[DATAGOV] t=5732.1s | pag=2700 | files=5874 | data=2580 | cola=15354 | prio=10 | https://catalog.data.gov/dataset/civil-rights-data-collection-2004?from_hint=eyJrZXl3b3JkIjoiZW5yb2xsbWVudC1kZW1vZ3JhcGhpY3MifQ%3D%3D
[DATAGOV] t=5732.8s | pag=2701 | files=5874 | data=2581 | cola=15354 | prio=10 | https://catalog.data.gov/dataset/civil-rights-data-collection-crdc-for-the-2017-18-school-year?from_hint=eyJrZXl3b3JkIjoibWlub3JpdHktZ3JvdXBzIn0%3D
[DATAGOV] t=5733.9s | pag=2702 | files=5874 | data=2582 | cola=15353 | prio=10 | https://catalog.data.gov/dataset/civil-rights-data-collection-crdc?from_hint=eyJrZXl3b3JkIjoibWlub3JpdHktZ3JvdXBzIn0%3D
[DATAGOV] t=5734.9s | pag=2703 | files=5874 | data=2583 | cola=15352 | prio=10 | https://catalog.data.gov/dataset/civil-rights-data-collection-2011-12?from_hint=eyJrZXl3b3JkIjoibWlub3JpdHktZ3JvdXBzIn0%3D
[DATAGOV] t=5735.9s | pag=2704 | files=5874 | data=2584 | cola=15351 | prio=10 | https://catalog.data.gov/dataset/civil-rights-data-collection-2013-14?from_hint=eyJrZXl3b3JkIjoibWlub3JpdHktZ3JvdXBzIn0%3D
[DATAGOV] t=5736.8s | pag=2705 | files=5874 | data=2585 | cola=15350 | prio=10 | https://catalog.data.gov/dataset/civil-rights-data-collection-crdc-for-the-2013-14-school-year?from_hint=eyJrZXl3b3JkIjoibWlub3JpdHktZ3JvdXBzIn0%3D
[DATAGOV] t=5737.4s | pag=2706 | files=5874 | data=2586 | cola=15349 | prio=10 | https://catalog.data.gov/dataset/awards-asian-american-and-native-american-pacific-islander-serving-institution-program-par?from_hint=eyJrZXl3b3JkIjoibWlub3JpdHktZ3JvdXBzIn0%3D
[DATAGOV] t=5738.2s | pag=2707 | files=5875 | data=2587 | cola=15352 | prio=10 | https://catalog.data.gov/dataset/awards-asian-american-and-native-american-pacific-islander-serving-institution-program-par
[DATAGOV] t=5739.4s | pag=2708 | files=5875 | data=2588 | cola=15351 | prio=10 | https://catalog.data.gov/dataset/awards-hispanic-serving-institutions-program-ccraa-485e7?from_hint=eyJrZXl3b3JkIjoibWlub3JpdHktZ3JvdXBzIn0%3D
[DATAGOV] t=5740.4s | pag=2709 | files=5876 | data=2589 | cola=15356 | prio=10 | https://catalog.data.gov/dataset/awards-hispanic-serving-institutions-program-ccraa-485e7
[DATAGOV] t=5741.2s | pag=2710 | files=5876 | data=2590 | cola=15355 | prio=10 | https://catalog.data.gov/dataset/awards-native-american-serving-non-tribal-institutions-program-ccraa?from_hint=eyJrZXl3b3JkIjoibWlub3JpdHktZ3JvdXBzIn0%3D
[DATAGOV] t=5741.9s | pag=2711 | files=5877 | data=2591 | cola=15358 | prio=10 | https://catalog.data.gov/dataset/awards-native-american-serving-non-tribal-institutions-program-ccraa
[DATAGOV] t=5743.1s | pag=2712 | files=5877 | data=2592 | cola=15357 | prio=10 | https://catalog.data.gov/dataset/civil-rights-data-collection-2006?from_hint=eyJrZXl3b3JkIjoibWlub3JpdHktZ3JvdXBzIn0%3D
[DATAGOV] t=5743.7s | pag=2713 | files=5877 | data=2593 | cola=15356 | prio=10 | https://catalog.data.gov/dataset/awards-historically-black-colleges-and-universities-program-ccraa?from_hint=eyJrZXl3b3JkIjoibWlub3JpdHktZ3JvdXBzIn0%3D
[DATAGOV] t=5744.6s | pag=2714 | files=5879 | data=2594 | cola=15358 | prio=10 | https://catalog.data.gov/dataset/awards-historically-black-colleges-and-universities-program-ccraa
[DATAGOV] t=5745.4s | pag=2715 | files=5879 | data=2595 | cola=15357 | prio=10 | https://catalog.data.gov/dataset/performance-minorities-and-retirement-security-program?from_hint=eyJrZXl3b3JkIjoibWlub3JpdHktZ3JvdXBzIn0%3D
[DATAGOV] t=5746.4s | pag=2716 | files=5883 | data=2596 | cola=15360 | prio=10 | https://catalog.data.gov/dataset/performance-minorities-and-retirement-security-program
[DATAGOV] t=5747.3s | pag=2717 | files=5883 | data=2597 | cola=15359 | prio=10 | https://catalog.data.gov/dataset/awards-strengthening-institutions-program-title-iii-part-a-programs-eb5a9?from_hint=eyJrZXl3b3JkIjoibWlub3JpdHktZ3JvdXBzIn0%3D
[DATAGOV] t=5748.2s | pag=2718 | files=5891 | data=2598 | cola=15360 | prio=10 | https://catalog.data.gov/dataset/awards-strengthening-institutions-program-title-iii-part-a-programs-eb5a9
[DATAGOV] t=5749.0s | pag=2719 | files=5891 | data=2599 | cola=15359 | prio=10 | https://catalog.data.gov/dataset/elementary-and-secondary-school-civil-rights-compliance-report-2002?from_hint=eyJrZXl3b3JkIjoibWlub3JpdHktZ3JvdXBzIn0%3D
[DATAGOV] DATASETS=2600 | data_html_table | https://catalog.data.gov/dataset/elementary-and-secondary-school-civil-rights-compliance-report-2002?from_hint=eyJrZXl3b3JkIjoibWlub3JpdHktZ3JvdXBzIn0%3D
[DATAGOV] t=5750.1s | pag=2720 | files=5891 | data=2600 | cola=15358 | prio=10 | https://catalog.data.gov/dataset/civil-rights-data-collection-2009-10?from_hint=eyJrZXl3b3JkIjoibWlub3JpdHktZ3JvdXBzIn0%3D
[DATAGOV] t=5751.4s | pag=2721 | files=5891 | data=2601 | cola=15357 | prio=10 | https://catalog.data.gov/dataset/legislation-minorities-and-retirement-security-program?from_hint=eyJrZXl3b3JkIjoibWlub3JpdHktZ3JvdXBzIn0%3D
[DATAGOV] t=5752.5s | pag=2722 | files=5892 | data=2602 | cola=15357 | prio=10 | https://catalog.data.gov/dataset/legislation-minorities-and-retirement-security-program
[DATAGOV] t=5753.3s | pag=2723 | files=5892 | data=2603 | cola=15356 | prio=10 | https://catalog.data.gov/dataset/civil-rights-data-collection-2004?from_hint=eyJrZXl3b3JkIjoibWlub3JpdHktZ3JvdXBzIn0%3D
[DATAGOV] t=5754.3s | pag=2724 | files=5892 | data=2604 | cola=15355 | prio=10 | https://catalog.data.gov/dataset/awards-minority-science-and-engineering-improvement-program?from_hint=eyJrZXl3b3JkIjoibWlub3JpdHktZ3JvdXBzIn0%3D
[DATAGOV] t=5755.1s | pag=2725 | files=5903 | data=2605 | cola=15359 | prio=10 | https://catalog.data.gov/dataset/awards-minority-science-and-engineering-improvement-program
[DATAGOV] t=5756.2s | pag=2726 | files=5903 | data=2606 | cola=15358 | prio=10 | https://catalog.data.gov/dataset/awards-hispanic-serving-institutions-science-technology-engineering-or-mathematics-and-art-24515?from_hint=eyJrZXl3b3JkIjoibWlub3JpdHktZ3JvdXBzIn0%3D
[DATAGOV] t=5757.0s | pag=2727 | files=5904 | data=2607 | cola=15360 | prio=10 | https://catalog.data.gov/dataset/awards-hispanic-serving-institutions-science-technology-engineering-or-mathematics-and-art-24515
[DATAGOV] t=5758.1s | pag=2728 | files=5904 | data=2608 | cola=15359 | prio=10 | https://catalog.data.gov/dataset/awards-predominantly-black-institutions-program-formula-grants?from_hint=eyJrZXl3b3JkIjoibWlub3JpdHktZ3JvdXBzIn0%3D
[DATAGOV] t=5758.7s | pag=2729 | files=5906 | data=2609 | cola=15361 | prio=10 | https://catalog.data.gov/dataset/awards-predominantly-black-institutions-program-formula-grants
[DATAGOV] t=5759.6s | pag=2730 | files=5906 | data=2610 | cola=15360 | prio=10 | https://catalog.data.gov/dataset/awards-asian-american-and-native-american-pacific-islander-serving-institutions-program?from_hint=eyJrZXl3b3JkIjoibWlub3JpdHktZ3JvdXBzIn0%3D
[DATAGOV] t=5760.7s | pag=2731 | files=5907 | data=2611 | cola=15361 | prio=10 | https://catalog.data.gov/dataset/awards-asian-american-and-native-american-pacific-islander-serving-institutions-program
[DATAGOV] t=5761.9s | pag=2732 | files=5907 | data=2612 | cola=15360 | prio=10 | https://catalog.data.gov/dataset/lottery-powerball-winning-numbers-beginning-2010?from_hint=eyJrZXl3b3JkIjoibmV3IHlvcmsgbG90dGVyeSJ9
[DATAGOV] t=5762.7s | pag=2733 | files=5907 | data=2613 | cola=15359 | prio=10 | https://catalog.data.gov/dataset/lottery-mega-millions-winning-numbers-beginning-2002?from_hint=eyJrZXl3b3JkIjoibmV3IHlvcmsgbG90dGVyeSJ9
[DATAGOV] t=5763.4s | pag=2734 | files=5907 | data=2614 | cola=15358 | prio=10 | https://catalog.data.gov/dataset/lottery-daily-numbers-win-4-winning-numbers-beginning-1980?from_hint=eyJrZXl3b3JkIjoibmV3IHlvcmsgbG90dGVyeSJ9
[DATAGOV] t=5764.1s | pag=2735 | files=5907 | data=2615 | cola=15357 | prio=10 | https://catalog.data.gov/dataset/lottery-ny-lotto-winning-numbers-beginning-2001?from_hint=eyJrZXl3b3JkIjoibmV3IHlvcmsgbG90dGVyeSJ9
[DATAGOV] t=5765.1s | pag=2736 | files=5910 | data=2616 | cola=15359 | prio=10 | https://catalog.data.gov/dataset/lottery-ny-lotto-winning-numbers-beginning-2001
[DATAGOV] t=5766.1s | pag=2737 | files=5910 | data=2617 | cola=15358 | prio=10 | https://catalog.data.gov/dataset/lottery-cash-4-life-winning-numbers-beginning-2014?from_hint=eyJrZXl3b3JkIjoibmV3IHlvcmsgbG90dGVyeSJ9
[DATAGOV] t=5767.2s | pag=2738 | files=5913 | data=2618 | cola=15359 | prio=10 | https://catalog.data.gov/dataset/lottery-cash-4-life-winning-numbers-beginning-2014
[DATAGOV] t=5768.1s | pag=2739 | files=5913 | data=2619 | cola=15358 | prio=10 | https://catalog.data.gov/dataset/nys-lottery-retailers?from_hint=eyJrZXl3b3JkIjoibmV3IHlvcmsgbG90dGVyeSJ9
[DATAGOV] t=5769.5s | pag=2740 | files=5916 | data=2620 | cola=15360 | prio=10 | https://catalog.data.gov/dataset/nys-lottery-retailers
[DATAGOV] t=5770.3s | pag=2741 | files=5916 | data=2621 | cola=15359 | prio=10 | https://catalog.data.gov/dataset/lottery-quick-draw-winning-numbers-beginning-2013?from_hint=eyJrZXl3b3JkIjoibmV3IHlvcmsgbG90dGVyeSJ9
[DATAGOV] t=5770.9s | pag=2742 | files=5919 | data=2622 | cola=15359 | prio=10 | https://catalog.data.gov/dataset/lottery-quick-draw-winning-numbers-beginning-2013
[DATAGOV] t=5772.1s | pag=2743 | files=5919 | data=2623 | cola=15358 | prio=10 | https://catalog.data.gov/dataset/scratch-off-game-daily-prize-status-report?from_hint=eyJrZXl3b3JkIjoibmV3IHlvcmsgbG90dGVyeSJ9
[DATAGOV] t=5772.9s | pag=2744 | files=5922 | data=2624 | cola=15362 | prio=10 | https://catalog.data.gov/dataset/scratch-off-game-daily-prize-status-report
[DATAGOV] DATASETS=2625 | data_html_table | https://catalog.data.gov/dataset/scratch-off-game-daily-prize-status-report
[DATAGOV] t=5773.9s | pag=2745 | files=5922 | data=2625 | cola=15361 | prio=10 | https://catalog.data.gov/dataset/lottery-pick-10-winning-numbers-beginning-1987?from_hint=eyJrZXl3b3JkIjoibmV3IHlvcmsgbG90dGVyeSJ9
[DATAGOV] t=5775.1s | pag=2746 | files=5925 | data=2626 | cola=15362 | prio=10 | https://catalog.data.gov/dataset/lottery-pick-10-winning-numbers-beginning-1987
[DATAGOV] t=5775.7s | pag=2747 | files=5925 | data=2627 | cola=15361 | prio=10 | https://catalog.data.gov/dataset/lottery-take-5-winning-numbers-beginning-1992?from_hint=eyJrZXl3b3JkIjoibmV3IHlvcmsgbG90dGVyeSJ9
[DATAGOV] t=5776.3s | pag=2748 | files=5928 | data=2628 | cola=15362 | prio=10 | https://catalog.data.gov/dataset/lottery-take-5-winning-numbers-beginning-1992
[DATAGOV] t=5777.1s | pag=2749 | files=5928 | data=2629 | cola=15361 | prio=10 | https://catalog.data.gov/dataset/lottery-sweet-million-winning-numbers-2009-2014-retired-game?from_hint=eyJrZXl3b3JkIjoibmV3IHlvcmsgbG90dGVyeSJ9
[DATAGOV] t=5778.1s | pag=2750 | files=5931 | data=2630 | cola=15362 | prio=10 | https://catalog.data.gov/dataset/lottery-sweet-million-winning-numbers-2009-2014-retired-game
[DATAGOV] t=5779.0s | pag=2751 | files=5931 | data=2631 | cola=15361 | prio=10 | https://catalog.data.gov/dataset/lottery-aid-to-education-beginning-2002?from_hint=eyJrZXl3b3JkIjoibmV3IHlvcmsgbG90dGVyeSJ9
[DATAGOV] t=5779.9s | pag=2752 | files=5934 | data=2632 | cola=15363 | prio=10 | https://catalog.data.gov/dataset/lottery-aid-to-education-beginning-2002
[DATAGOV] t=5780.7s | pag=2753 | files=5934 | data=2633 | cola=15362 | prio=10 | https://catalog.data.gov/dataset/lottery-powerball-winning-numbers-beginning-2010?from_hint=eyJrZXl3b3JkIjoicG93ZXJiYWxsIn0%3D
[DATAGOV] t=5781.7s | pag=2754 | files=5934 | data=2634 | cola=15361 | prio=10 | https://catalog.data.gov/dataset/winners-list-of-texas-lottery-prizes?from_hint=eyJrZXl3b3JkIjoicG93ZXJiYWxsIn0%3D
[DATAGOV] t=5782.5s | pag=2755 | files=5934 | data=2635 | cola=15360 | prio=10 | https://catalog.data.gov/dataset/texas-lottery-sales-by-fiscal-month-year-game-and-retailer?from_hint=eyJrZXl3b3JkIjoicG93ZXJiYWxsIn0%3D
[DATAGOV] t=5783.3s | pag=2756 | files=5937 | data=2636 | cola=15360 | prio=10 | https://catalog.data.gov/dataset/texas-lottery-sales-by-fiscal-month-year-game-and-retailer
[DATAGOV] t=5784.5s | pag=2757 | files=5937 | data=2637 | cola=15359 | prio=10 | https://catalog.data.gov/dataset/important-update-about-texas-lottery-open-data?from_hint=eyJrZXl3b3JkIjoicG93ZXJiYWxsIn0%3D
[DATAGOV] t=5785.5s | pag=2758 | files=5937 | data=2638 | cola=15359 | prio=10 | https://catalog.data.gov/dataset/lottery-and-charitable-bingo-employees?from_hint=eyJrZXl3b3JkIjoicG93ZXJiYWxsIn0%3D
[DATAGOV] t=5786.5s | pag=2759 | files=5940 | data=2639 | cola=15359 | prio=10 | https://catalog.data.gov/dataset/lottery-and-charitable-bingo-employees
[DATAGOV] t=5787.7s | pag=2760 | files=5940 | data=2640 | cola=15358 | prio=10 | https://catalog.data.gov/dataset/lottery-powerball-winning-numbers-beginning-2010?from_hint=eyJrZXl3b3JkIjoicmVzdWx0cyJ9
[DATAGOV] t=5788.7s | pag=2761 | files=5940 | data=2641 | cola=15357 | prio=10 | https://catalog.data.gov/dataset/lottery-mega-millions-winning-numbers-beginning-2002?from_hint=eyJrZXl3b3JkIjoicmVzdWx0cyJ9
[DATAGOV] t=5789.4s | pag=2762 | files=5940 | data=2642 | cola=15356 | prio=10 | https://catalog.data.gov/dataset/lottery-daily-numbers-win-4-winning-numbers-beginning-1980?from_hint=eyJrZXl3b3JkIjoicmVzdWx0cyJ9
[DATAGOV] t=5790.0s | pag=2763 | files=5940 | data=2643 | cola=15355 | prio=10 | https://catalog.data.gov/dataset/lottery-ny-lotto-winning-numbers-beginning-2001?from_hint=eyJrZXl3b3JkIjoicmVzdWx0cyJ9
[DATAGOV] t=5791.0s | pag=2764 | files=5940 | data=2644 | cola=15354 | prio=10 | https://catalog.data.gov/dataset/lottery-cash-4-life-winning-numbers-beginning-2014?from_hint=eyJrZXl3b3JkIjoicmVzdWx0cyJ9
[DATAGOV] t=5792.0s | pag=2765 | files=5940 | data=2645 | cola=15353 | prio=10 | https://catalog.data.gov/dataset/2020-presidential-general-election-results?from_hint=eyJrZXl3b3JkIjoicmVzdWx0cyJ9
[DATAGOV] t=5792.9s | pag=2766 | files=5940 | data=2646 | cola=15352 | prio=10 | https://catalog.data.gov/dataset/newberry-egs-demonstration-well-55-29-stimulation-data-2014?from_hint=eyJrZXl3b3JkIjoicmVzdWx0cyJ9
[DATAGOV] t=5795.4s | pag=2767 | files=5978 | data=2647 | cola=15360 | prio=10 | https://catalog.data.gov/dataset/newberry-egs-demonstration-well-55-29-stimulation-data-2014
[DATAGOV] t=5796.7s | pag=2768 | files=5978 | data=2648 | cola=15359 | prio=10 | https://catalog.data.gov/dataset/lottery-quick-draw-winning-numbers-beginning-2013?from_hint=eyJrZXl3b3JkIjoicmVzdWx0cyJ9
[DATAGOV] t=5797.5s | pag=2769 | files=5978 | data=2649 | cola=15358 | prio=10 | https://catalog.data.gov/dataset/lottery-pick-10-winning-numbers-beginning-1987?from_hint=eyJrZXl3b3JkIjoicmVzdWx0cyJ9
[DATAGOV] DATASETS=2650 | data_html_table | https://catalog.data.gov/dataset/lottery-pick-10-winning-numbers-beginning-1987?from_hint=eyJrZXl3b3JkIjoicmVzdWx0cyJ9
[DATAGOV] t=5798.4s | pag=2770 | files=5978 | data=2650 | cola=15357 | prio=10 | https://catalog.data.gov/dataset/lottery-take-5-winning-numbers-beginning-1992?from_hint=eyJrZXl3b3JkIjoicmVzdWx0cyJ9
[DATAGOV] t=5799.1s | pag=2771 | files=5978 | data=2651 | cola=15356 | prio=10 | https://catalog.data.gov/dataset/aquantis-2-5-mw-ocean-current-generation-device-scaled-tank-test-design-and-results?from_hint=eyJrZXl3b3JkIjoicmVzdWx0cyJ9
[DATAGOV] t=5802.8s | pag=2772 | files=5995 | data=2652 | cola=15363 | prio=10 | https://catalog.data.gov/dataset/aquantis-2-5-mw-ocean-current-generation-device-scaled-tank-test-design-and-results
[DATAGOV] t=5804.1s | pag=2773 | files=5995 | data=2653 | cola=15362 | prio=10 | https://catalog.data.gov/dataset/national-laboratory-workload-and-laboratory-management-index-program?from_hint=eyJrZXl3b3JkIjoicmVzdWx0cyJ9
[DATAGOV] t=5804.8s | pag=2774 | files=5995 | data=2654 | cola=15366 | prio=10 | https://catalog.data.gov/dataset/2024-presidential-general-election-results?from_hint=eyJrZXl3b3JkIjoicmVzdWx0cyJ9
[DATAGOV] t=5805.6s | pag=2775 | files=5998 | data=2655 | cola=15367 | prio=10 | https://catalog.data.gov/dataset/2024-presidential-general-election-results
[DATAGOV] t=5806.2s | pag=2776 | files=5998 | data=2656 | cola=15366 | prio=10 | https://catalog.data.gov/dataset/november-2020-general-final-precinct-results?from_hint=eyJrZXl3b3JkIjoicmVzdWx0cyJ9
[DATAGOV] t=5807.1s | pag=2777 | files=6001 | data=2657 | cola=15370 | prio=10 | https://catalog.data.gov/dataset/november-2020-general-final-precinct-results
[DATAGOV] t=5808.0s | pag=2778 | files=6001 | data=2658 | cola=15369 | prio=10 | https://catalog.data.gov/dataset/wave-energy-prize-1-50th-testing-mcnatt-ocean-energy-hinged-raft-attenuator?from_hint=eyJrZXl3b3JkIjoicmVzdWx0cyJ9
[DATAGOV] t=5808.8s | pag=2779 | files=6001 | data=2659 | cola=15374 | prio=10 | https://catalog.data.gov/dataset/wave-energy-prize-1-20th-testing-waveswing-america-submerged-pressure-differential-wec?from_hint=eyJrZXl3b3JkIjoicmVzdWx0cyJ9
[DATAGOV] t=5810.2s | pag=2780 | files=6002 | data=2660 | cola=15380 | prio=10 | https://catalog.data.gov/dataset/wave-energy-prize-1-20th-testing-waveswing-america-submerged-pressure-differential-wec
[DATAGOV] t=5810.8s | pag=2781 | files=6002 | data=2661 | cola=15379 | prio=10 | https://catalog.data.gov/dataset/wave-energy-prize-1-20th-testing-m3-wave-submerged-mid-column-pressure-differential?from_hint=eyJrZXl3b3JkIjoicmVzdWx0cyJ9
[DATAGOV] t=5811.3s | pag=2782 | files=6002 | data=2662 | cola=15380 | prio=10 | https://catalog.data.gov/dataset/wave-energy-prize-1-20th-testing-m3-wave-submerged-mid-column-pressure-differential
[DATAGOV] t=5812.1s | pag=2783 | files=6002 | data=2663 | cola=15379 | prio=10 | https://catalog.data.gov/dataset/wave-energy-prize-1-20th-testing-rti-wave-power-oscillating-wave-surge-converter?from_hint=eyJrZXl3b3JkIjoicmVzdWx0cyJ9
[DATAGOV] t=5818.3s | pag=2784 | files=6006 | data=2664 | cola=15380 | prio=10 | https://catalog.data.gov/dataset/wave-energy-prize-1-20th-testing-rti-wave-power-oscillating-wave-surge-converter
[DATAGOV] t=5819.2s | pag=2785 | files=6006 | data=2665 | cola=15379 | prio=10 | https://catalog.data.gov/dataset/2016-presidential-primary-election-night-results-abstract-by-precinct?from_hint=eyJrZXl3b3JkIjoicmVzdWx0cyJ9
[DATAGOV] t=5819.6s | pag=2786 | files=6009 | data=2666 | cola=15380 | prio=10 | https://catalog.data.gov/dataset/2016-presidential-primary-election-night-results-abstract-by-precinct
[DATAGOV] t=5820.5s | pag=2787 | files=6009 | data=2667 | cola=15379 | prio=10 | https://catalog.data.gov/dataset/wave-energy-prize-1-20th-testing-calwave-submerged-pressure-differential-wec?from_hint=eyJrZXl3b3JkIjoicmVzdWx0cyJ9
[DATAGOV] t=5824.7s | pag=2788 | files=6012 | data=2668 | cola=15381 | prio=10 | https://catalog.data.gov/dataset/wave-energy-prize-1-20th-testing-calwave-submerged-pressure-differential-wec
[DATAGOV] t=5826.0s | pag=2789 | files=6012 | data=2669 | cola=15380 | prio=10 | https://catalog.data.gov/dataset/lottery-powerball-winning-numbers-beginning-2010?from_hint=eyJrZXl3b3JkIjoid2lubmluZyJ9
[DATAGOV] t=5826.7s | pag=2790 | files=6012 | data=2670 | cola=15379 | prio=10 | https://catalog.data.gov/dataset/lottery-mega-millions-winning-numbers-beginning-2002?from_hint=eyJrZXl3b3JkIjoid2lubmluZyJ9
[DATAGOV] t=5827.4s | pag=2791 | files=6012 | data=2671 | cola=15378 | prio=10 | https://catalog.data.gov/dataset/lottery-daily-numbers-win-4-winning-numbers-beginning-1980?from_hint=eyJrZXl3b3JkIjoid2lubmluZyJ9
[DATAGOV] t=5828.0s | pag=2792 | files=6012 | data=2672 | cola=15377 | prio=10 | https://catalog.data.gov/dataset/lottery-ny-lotto-winning-numbers-beginning-2001?from_hint=eyJrZXl3b3JkIjoid2lubmluZyJ9
[DATAGOV] t=5829.1s | pag=2793 | files=6012 | data=2673 | cola=15376 | prio=10 | https://catalog.data.gov/dataset/lottery-cash-4-life-winning-numbers-beginning-2014?from_hint=eyJrZXl3b3JkIjoid2lubmluZyJ9
[DATAGOV] t=5830.0s | pag=2794 | files=6012 | data=2674 | cola=15375 | prio=10 | https://catalog.data.gov/dataset/lottery-quick-draw-winning-numbers-beginning-2013?from_hint=eyJrZXl3b3JkIjoid2lubmluZyJ9
[DATAGOV] DATASETS=2675 | data_html_table | https://catalog.data.gov/dataset/lottery-quick-draw-winning-numbers-beginning-2013?from_hint=eyJrZXl3b3JkIjoid2lubmluZyJ9
[DATAGOV] t=5830.8s | pag=2795 | files=6012 | data=2675 | cola=15374 | prio=10 | https://catalog.data.gov/dataset/lottery-pick-10-winning-numbers-beginning-1987?from_hint=eyJrZXl3b3JkIjoid2lubmluZyJ9
[DATAGOV] t=5831.9s | pag=2796 | files=6012 | data=2676 | cola=15373 | prio=10 | https://catalog.data.gov/dataset/lottery-take-5-winning-numbers-beginning-1992?from_hint=eyJrZXl3b3JkIjoid2lubmluZyJ9
[DATAGOV] t=5832.9s | pag=2797 | files=6012 | data=2677 | cola=15372 | prio=10 | https://catalog.data.gov/dataset/lottery-sweet-million-winning-numbers-2009-2014-retired-game?from_hint=eyJrZXl3b3JkIjoid2lubmluZyJ9
[DATAGOV] t=5834.0s | pag=2798 | files=6012 | data=2678 | cola=15371 | prio=10 | https://catalog.data.gov/?keyword=mega+millions
[DATAGOV] t=5835.1s | pag=2799 | files=6012 | data=2679 | cola=15375 | prio=10 | https://catalog.data.gov/harvest_record/7b55d2ba-cd4b-4024-82ea-b21f9d38de5e/raw
[DATAGOV] t=5835.9s | pag=2799 | files=6013 | data=2679 | cola=15374 | prio=10 | https://catalog.data.gov/?keyword=commission
[DATAGOV] t=5837.6s | pag=2800 | files=6013 | data=2680 | cola=15388 | prio=10 | https://catalog.data.gov/?keyword=notary
[DATAGOV] t=5838.7s | pag=2801 | files=6013 | data=2681 | cola=15397 | prio=10 | https://catalog.data.gov/harvest_record/c275112b-d590-498b-9a42-db1730ba497f/raw
[DATAGOV] t=5839.4s | pag=2801 | files=6014 | data=2681 | cola=15396 | prio=10 | https://catalog.data.gov/?keyword=delays
[DATAGOV] t=5841.5s | pag=2802 | files=6014 | data=2682 | cola=15422 | prio=10 | https://catalog.data.gov/?keyword=incidents
[DATAGOV] t=5842.6s | pag=2803 | files=6014 | data=2683 | cola=15443 | prio=10 | https://catalog.data.gov/?keyword=line
[DATAGOV] t=5843.7s | pag=2804 | files=6014 | data=2684 | cola=15463 | prio=10 | https://catalog.data.gov/?keyword=monthly
[DATAGOV] t=5844.5s | pag=2805 | files=6014 | data=2685 | cola=15485 | prio=10 | https://catalog.data.gov/?keyword=new+york+city+transit
[DATAGOV] t=5845.3s | pag=2806 | files=6014 | data=2686 | cola=15510 | prio=10 | https://catalog.data.gov/?keyword=nyct
[DATAGOV] t=5846.2s | pag=2807 | files=6014 | data=2687 | cola=15529 | prio=10 | https://catalog.data.gov/?keyword=reliability
[DATAGOV] t=5847.1s | pag=2808 | files=6014 | data=2688 | cola=15548 | prio=10 | https://catalog.data.gov/harvest_record/e2f574e1-6964-4248-9bbd-11c1a27e1a93/raw
[DATAGOV] t=5847.9s | pag=2808 | files=6015 | data=2688 | cola=15547 | prio=10 | https://catalog.data.gov/?keyword=business+entity
[DATAGOV] t=5849.9s | pag=2809 | files=6015 | data=2689 | cola=15554 | prio=10 | https://catalog.data.gov/?keyword=business+filings
[DATAGOV] t=5850.6s | pag=2810 | files=6015 | data=2690 | cola=15554 | prio=10 | https://catalog.data.gov/?keyword=limited+liability+company+%28llc%29
[DATAGOV] t=5851.7s | pag=2811 | files=6015 | data=2691 | cola=15558 | prio=10 | https://catalog.data.gov/?keyword=limited+liability+partnership
[DATAGOV] t=5852.9s | pag=2812 | files=6015 | data=2692 | cola=15564 | prio=10 | https://catalog.data.gov/?keyword=limited+partnership
[DATAGOV] t=5853.6s | pag=2813 | files=6015 | data=2693 | cola=15572 | prio=10 | https://catalog.data.gov/?keyword=not-for-profit+corporation
[DATAGOV] t=5854.2s | pag=2814 | files=6015 | data=2694 | cola=15577 | prio=10 | https://catalog.data.gov/harvest_record/17744cbe-834d-4164-aed4-083103521ad3/raw
[DATAGOV] t=5854.6s | pag=2814 | files=6016 | data=2694 | cola=15576 | prio=10 | https://catalog.data.gov/?keyword=coordinates
[DATAGOV] t=5856.6s | pag=2815 | files=6017 | data=2695 | cola=15608 | prio=10 | https://catalog.data.gov/?keyword=sir
[DATAGOV] t=5857.3s | pag=2816 | files=6017 | data=2696 | cola=15632 | prio=10 | https://catalog.data.gov/?keyword=staten+island+railway
[DATAGOV] t=5858.2s | pag=2817 | files=6017 | data=2697 | cola=15653 | prio=10 | https://catalog.data.gov/?keyword=stations
[DATAGOV] t=5859.3s | pag=2818 | files=6017 | data=2698 | cola=15674 | prio=10 | https://catalog.data.gov/?keyword=subway
[DATAGOV] t=5860.0s | pag=2819 | files=6017 | data=2699 | cola=15694 | prio=10 | https://catalog.data.gov/?keyword=subway+stations
[DATAGOV] DATASETS=2700 | exportable_data_page | https://catalog.data.gov/?keyword=subway+stations
[DATAGOV] t=5860.7s | pag=2820 | files=6017 | data=2700 | cola=15721 | prio=10 | https://catalog.data.gov/harvest_record/e9d887e1-fa5f-4a15-8173-86aa0f60c93b/raw
[DATAGOV] t=5861.2s | pag=2820 | files=6018 | data=2700 | cola=15720 | prio=10 | https://catalog.data.gov/?keyword=corporation
[DATAGOV] t=5863.2s | pag=2821 | files=6018 | data=2701 | cola=15743 | prio=10 | https://catalog.data.gov/?keyword=integrity
[DATAGOV] t=5864.4s | pag=2822 | files=6041 | data=2702 | cola=15777 | prio=10 | https://catalog.data.gov/?keyword=limited+liability+company
[DATAGOV] t=5865.1s | pag=2823 | files=6041 | data=2703 | cola=15779 | prio=10 | https://catalog.data.gov/harvest_record/93405ad2-54c7-415d-9905-32e450696d65/raw
[DATAGOV] t=5865.9s | pag=2823 | files=6042 | data=2703 | cola=15778 | prio=10 | https://catalog.data.gov/?keyword=cannabis
[DATAGOV] t=5868.3s | pag=2824 | files=6042 | data=2704 | cola=15814 | prio=10 | https://catalog.data.gov/?keyword=ocm
[DATAGOV] t=5869.7s | pag=2825 | files=6042 | data=2705 | cola=15818 | prio=10 | https://catalog.data.gov/?keyword=office+of+cannabis+management
[DATAGOV] t=5870.6s | pag=2826 | files=6042 | data=2706 | cola=15820 | prio=10 | https://catalog.data.gov/harvest_record/95c25522-22b5-49d4-b4e6-b462d300fb98/raw
[DATAGOV] t=5871.3s | pag=2826 | files=6043 | data=2706 | cola=15819 | prio=10 | https://catalog.data.gov/?keyword=customers
[DATAGOV] t=5873.2s | pag=2827 | files=6043 | data=2707 | cola=15840 | prio=10 | https://catalog.data.gov/?keyword=fare
[DATAGOV] t=5874.0s | pag=2828 | files=6043 | data=2708 | cola=15845 | prio=10 | https://catalog.data.gov/?keyword=hourly
[DATAGOV] t=5874.8s | pag=2829 | files=6046 | data=2709 | cola=15867 | prio=10 | https://catalog.data.gov/?keyword=metrocard
[DATAGOV] t=5875.6s | pag=2830 | files=6046 | data=2710 | cola=15887 | prio=10 | https://catalog.data.gov/?keyword=omny
[DATAGOV] t=5876.7s | pag=2831 | files=6046 | data=2711 | cola=15902 | prio=10 | https://catalog.data.gov/?keyword=passengers
[DATAGOV] t=5877.5s | pag=2832 | files=6046 | data=2712 | cola=15923 | prio=10 | https://catalog.data.gov/harvest_record/a117080e-ea5f-4745-8238-7a0fe047965e/raw
[DATAGOV] t=5878.3s | pag=2832 | files=6047 | data=2712 | cola=15922 | prio=10 | https://catalog.data.gov/?keyword=numbers
[DATAGOV] t=5880.5s | pag=2833 | files=6047 | data=2713 | cola=15925 | prio=10 | https://catalog.data.gov/?keyword=win-4
[DATAGOV] t=5881.5s | pag=2834 | files=6047 | data=2714 | cola=15925 | prio=10 | https://catalog.data.gov/harvest_record/1d4723dd-7ee9-4d30-8742-e7df51d60018/raw
[DATAGOV] t=5882.6s | pag=2834 | files=6048 | data=2714 | cola=15924 | prio=10 | https://catalog.data.gov/?keyword=ai
[DATAGOV] t=5886.0s | pag=2835 | files=6050 | data=2715 | cola=15950 | prio=10 | https://catalog.data.gov/?keyword=artificial+intelligence
[DATAGOV] t=5887.1s | pag=2836 | files=6050 | data=2716 | cola=15972 | prio=10 | https://catalog.data.gov/?keyword=data+governance
[DATAGOV] t=5888.1s | pag=2837 | files=6050 | data=2717 | cola=15974 | prio=10 | https://catalog.data.gov/?keyword=machine+learning
[DATAGOV] t=5891.9s | pag=2838 | files=6051 | data=2718 | cola=15997 | prio=10 | https://catalog.data.gov/?keyword=new+york
[DATAGOV] t=5892.8s | pag=2839 | files=6051 | data=2719 | cola=16021 | prio=10 | https://catalog.data.gov/?keyword=public+services
[DATAGOV] t=5893.8s | pag=2840 | files=6051 | data=2720 | cola=16028 | prio=10 | https://catalog.data.gov/?keyword=state+agencies
[DATAGOV] t=5894.5s | pag=2841 | files=6051 | data=2721 | cola=16052 | prio=10 | https://catalog.data.gov/harvest_record/1350cac3-4820-4005-a01e-991bd7cbe843/raw
[DATAGOV] t=5895.1s | pag=2841 | files=6052 | data=2721 | cola=16051 | prio=10 | https://catalog.data.gov/?keyword=assessment+roll
[DATAGOV] t=5897.1s | pag=2842 | files=6052 | data=2722 | cola=16051 | prio=10 | https://catalog.data.gov/?keyword=municipal
[DATAGOV] t=5898.1s | pag=2843 | files=6052 | data=2723 | cola=16080 | prio=10 | https://catalog.data.gov/?keyword=parcels
[DATAGOV] t=5898.8s | pag=2844 | files=6053 | data=2724 | cola=16111 | prio=10 | https://catalog.data.gov/?keyword=real+property
[DATAGOV] DATASETS=2725 | exportable_data_page | https://catalog.data.gov/?keyword=real+property
[DATAGOV] t=5899.7s | pag=2845 | files=6053 | data=2725 | cola=16138 | prio=10 | https://catalog.data.gov/?keyword=roll+data
[DATAGOV] t=5900.8s | pag=2846 | files=6053 | data=2726 | cola=16138 | prio=10 | https://catalog.data.gov/?keyword=t%26f+property+tax+and+school+tax+relief
[DATAGOV] t=5901.6s | pag=2847 | files=6053 | data=2727 | cola=16159 | prio=10 | https://catalog.data.gov/harvest_record/5cd2181d-4d56-4577-943a-754de2447697/raw
[DATAGOV] t=5902.8s | pag=2847 | files=6054 | data=2727 | cola=16158 | prio=10 | https://catalog.data.gov/?keyword=accessibility
[DATAGOV] t=5904.8s | pag=2848 | files=6056 | data=2728 | cola=16186 | prio=10 | https://catalog.data.gov/?keyword=elevator
[DATAGOV] t=5905.7s | pag=2849 | files=6056 | data=2729 | cola=16199 | prio=10 | https://catalog.data.gov/?keyword=inspector
[DATAGOV] t=5906.6s | pag=2850 | files=6056 | data=2730 | cola=16201 | prio=10 | https://catalog.data.gov/?keyword=license
[DATAGOV] t=5907.5s | pag=2851 | files=6056 | data=2731 | cola=16226 | prio=10 | https://catalog.data.gov/?keyword=lift
[DATAGOV] t=5910.0s | pag=2852 | files=6060 | data=2732 | cola=16231 | prio=10 | https://catalog.data.gov/?keyword=mechanic
[DATAGOV] t=5911.3s | pag=2853 | files=6060 | data=2733 | cola=16232 | prio=10 | https://catalog.data.gov/?keyword=technician
[DATAGOV] t=5912.4s | pag=2854 | files=6060 | data=2734 | cola=16232 | prio=10 | https://catalog.data.gov/harvest_record/a72c6d47-74f4-4afd-a7cd-f5fed9dd95a0/raw
[DATAGOV] t=5913.0s | pag=2854 | files=6061 | data=2734 | cola=16231 | prio=10 | https://catalog.data.gov/?keyword=employee
[DATAGOV] t=5915.1s | pag=2855 | files=6061 | data=2735 | cola=16257 | prio=10 | https://catalog.data.gov/?keyword=ingen
[DATAGOV] t=5915.7s | pag=2856 | files=6061 | data=2736 | cola=16263 | prio=10 | https://catalog.data.gov/?keyword=lirr
[DATAGOV] t=5916.9s | pag=2857 | files=6061 | data=2737 | cola=16284 | prio=10 | https://catalog.data.gov/?keyword=long+island+rail+road
[DATAGOV] t=5917.4s | pag=2858 | files=6061 | data=2738 | cola=16303 | prio=10 | https://catalog.data.gov/?keyword=metro-north
[DATAGOV] t=5918.1s | pag=2859 | files=6061 | data=2739 | cola=16323 | prio=10 | https://catalog.data.gov/?keyword=metro-north+railroad
[DATAGOV] t=5918.8s | pag=2860 | files=6061 | data=2740 | cola=16342 | prio=10 | https://catalog.data.gov/?keyword=mnr
[DATAGOV] t=5919.8s | pag=2861 | files=6061 | data=2741 | cola=16361 | prio=10 | https://catalog.data.gov/?keyword=mta
[DATAGOV] t=5921.1s | pag=2862 | files=6061 | data=2742 | cola=16397 | prio=10 | https://catalog.data.gov/harvest_record/2212d661-cac7-421f-87b6-b5cf0b558ed0/raw
[DATAGOV] t=5922.0s | pag=2862 | files=6062 | data=2742 | cola=16396 | prio=10 | https://catalog.data.gov/?keyword=food+safety
[DATAGOV] t=5923.8s | pag=2863 | files=6063 | data=2743 | cola=16421 | prio=10 | https://catalog.data.gov/?keyword=retail+food+store
[DATAGOV] t=5924.7s | pag=2864 | files=6063 | data=2744 | cola=16421 | prio=10 | https://catalog.data.gov/harvest_record/b544eb1e-0b97-488d-818c-0f9b754363ca/raw
[DATAGOV] t=5925.2s | pag=2864 | files=6064 | data=2744 | cola=16420 | prio=10 | https://catalog.data.gov/?keyword=aadt
[DATAGOV] t=5927.4s | pag=2865 | files=6064 | data=2745 | cola=16457 | prio=10 | https://catalog.data.gov/?keyword=bridges
[DATAGOV] t=5928.6s | pag=2866 | files=6064 | data=2746 | cola=16488 | prio=10 | https://catalog.data.gov/?keyword=grade+crossings
[DATAGOV] t=5929.3s | pag=2867 | files=6064 | data=2747 | cola=16501 | prio=10 | https://catalog.data.gov/?keyword=nhs
[DATAGOV] t=5930.7s | pag=2868 | files=6064 | data=2748 | cola=16519 | prio=10 | https://catalog.data.gov/?keyword=traffic+data
[DATAGOV] t=5931.7s | pag=2869 | files=6064 | data=2749 | cola=16526 | prio=10 | https://catalog.data.gov/harvest_record/9f91c5d5-87f2-4afe-a326-fc0ae20af8ef/raw
[DATAGOV] t=5932.7s | pag=2869 | files=6065 | data=2749 | cola=16525 | prio=10 | https://catalog.data.gov/?keyword=dmv+eye+test
[DATAGOV] DATASETS=2750 | exportable_data_page | https://catalog.data.gov/?keyword=dmv+eye+test
[DATAGOV] t=5934.4s | pag=2870 | files=6065 | data=2750 | cola=16525 | prio=10 | https://catalog.data.gov/?keyword=eye+test
[DATAGOV] t=5935.3s | pag=2871 | files=6065 | data=2751 | cola=16525 | prio=10 | https://catalog.data.gov/?keyword=vision
[DATAGOV] t=5936.4s | pag=2872 | files=6065 | data=2752 | cola=16538 | prio=10 | https://catalog.data.gov/?keyword=vision+providers
[DATAGOV] t=5937.3s | pag=2873 | files=6065 | data=2753 | cola=16538 | prio=10 | https://catalog.data.gov/?keyword=vision+registry
[DATAGOV] t=5937.9s | pag=2874 | files=6065 | data=2754 | cola=16538 | prio=10 | https://catalog.data.gov/?keyword=vision+test+report
[DATAGOV] t=5938.8s | pag=2875 | files=6065 | data=2755 | cola=16538 | prio=10 | https://catalog.data.gov/harvest_record/9389ac55-d260-40ca-ad89-5bb3835729c7/raw
[DATAGOV] t=5939.7s | pag=2875 | files=6066 | data=2755 | cola=16537 | prio=10 | https://catalog.data.gov/?keyword=judgment
[DATAGOV] t=5941.2s | pag=2876 | files=6066 | data=2756 | cola=16541 | prio=10 | https://catalog.data.gov/?keyword=lien
[DATAGOV] t=5942.3s | pag=2877 | files=6066 | data=2757 | cola=16549 | prio=10 | https://catalog.data.gov/?keyword=warrant
[DATAGOV] t=5943.0s | pag=2878 | files=6066 | data=2758 | cola=16550 | prio=10 | https://catalog.data.gov/harvest_record/7361ed0b-2222-41a4-88c7-02204c909bd1/raw
[DATAGOV] t=5943.8s | pag=2878 | files=6067 | data=2758 | cola=16549 | prio=10 | https://catalog.data.gov/?keyword=bus+fleet
[DATAGOV] t=5945.3s | pag=2879 | files=6067 | data=2759 | cola=16549 | prio=10 | https://catalog.data.gov/?keyword=mdbf
[DATAGOV] t=5946.1s | pag=2880 | files=6067 | data=2760 | cola=16556 | prio=10 | https://catalog.data.gov/?keyword=mean+distance+between+failures
[DATAGOV] t=5946.8s | pag=2881 | files=6067 | data=2761 | cola=16561 | prio=10 | https://catalog.data.gov/?keyword=mta+bus
[DATAGOV] t=5947.9s | pag=2882 | files=6067 | data=2762 | cola=16581 | prio=10 | https://catalog.data.gov/?keyword=mtabc
[DATAGOV] t=5948.6s | pag=2883 | files=6067 | data=2763 | cola=16600 | prio=10 | https://catalog.data.gov/harvest_record/e377fb07-7ff4-419e-9ce5-12ee48f06d57/raw
[DATAGOV] t=5949.2s | pag=2883 | files=6068 | data=2763 | cola=16599 | prio=10 | https://catalog.data.gov/?keyword=accidents
[DATAGOV] t=5951.2s | pag=2884 | files=6068 | data=2764 | cola=16620 | prio=10 | https://catalog.data.gov/?keyword=employees
[DATAGOV] t=5951.7s | pag=2885 | files=6068 | data=2765 | cola=16644 | prio=10 | https://catalog.data.gov/?keyword=lost+time+accident+rate
[DATAGOV] t=5952.5s | pag=2886 | files=6068 | data=2766 | cola=16647 | prio=10 | https://catalog.data.gov/?keyword=lost+time+accidents
[DATAGOV] t=5953.2s | pag=2887 | files=6068 | data=2767 | cola=16651 | prio=10 | https://catalog.data.gov/harvest_record/6a663177-c45e-463d-ad42-0d924973fccb/raw
[DATAGOV] t=5953.8s | pag=2887 | files=6069 | data=2767 | cola=16650 | prio=10 | https://catalog.data.gov/dataset/form-n-port-data-sets?from_hint=eyJrZXl3b3JkIjoiREVSQSBXaGF0J3MgbmV3In0%3D
[DATAGOV] t=5955.6s | pag=2888 | files=6069 | data=2768 | cola=16649 | prio=10 | https://catalog.data.gov/dataset/form-n-port-data-sets?from_hint=eyJrZXl3b3JkIjoiRGF0YSBTZXRzIn0%3D
[DATAGOV] t=5956.8s | pag=2889 | files=6069 | data=2769 | cola=16648 | prio=10 | https://catalog.data.gov/dataset/form-n-mfp-data-sets?from_hint=eyJrZXl3b3JkIjoiRGF0YSBTZXRzIn0%3D
[DATAGOV] t=5957.7s | pag=2890 | files=6069 | data=2770 | cola=16647 | prio=10 | https://catalog.data.gov/dataset/form-13f-data-sets?from_hint=eyJrZXl3b3JkIjoiRGF0YSBTZXRzIn0%3D
[DATAGOV] t=5958.4s | pag=2891 | files=6069 | data=2771 | cola=16646 | prio=10 | https://catalog.data.gov/dataset/form-n-cen-data-sets?from_hint=eyJrZXl3b3JkIjoiRGF0YSBTZXRzIn0%3D
[DATAGOV] t=5959.1s | pag=2892 | files=6069 | data=2772 | cola=16645 | prio=10 | https://catalog.data.gov/dataset/mutual-fund-prospectus-risk-return-summary-data-sets?from_hint=eyJrZXl3b3JkIjoiRGF0YSBTZXRzIn0%3D
[DATAGOV] t=5960.0s | pag=2893 | files=6069 | data=2773 | cola=16644 | prio=10 | https://catalog.data.gov/dataset/insider-transactions-data-sets?from_hint=eyJrZXl3b3JkIjoiRGF0YSBTZXRzIn0%3D
[DATAGOV] t=5960.7s | pag=2894 | files=6069 | data=2774 | cola=16643 | prio=10 | https://catalog.data.gov/dataset/information-about-registered-investment-advisers-and-exempt-reporting-advisers?from_hint=eyJrZXl3b3JkIjoiRGF0YSBTZXRzIn0%3D
[DATAGOV] DATASETS=2775 | data_html_table | https://catalog.data.gov/dataset/information-about-registered-investment-advisers-and-exempt-reporting-advisers?from_hint=eyJrZXl3b3JkIjoiRGF0YSBTZXRzIn0%3D
[DATAGOV] t=5962.4s | pag=2895 | files=6069 | data=2775 | cola=16642 | prio=10 | https://catalog.data.gov/dataset/crowdfunding-offerings-data-sets?from_hint=eyJrZXl3b3JkIjoiRGF0YSBTZXRzIn0%3D
[DATAGOV] t=5962.9s | pag=2896 | files=6069 | data=2776 | cola=16641 | prio=10 | https://catalog.data.gov/dataset/business-development-company-bdc-data-sets?from_hint=eyJrZXl3b3JkIjoiRGF0YSBTZXRzIn0%3D
[DATAGOV] t=5964.0s | pag=2897 | files=6069 | data=2777 | cola=16640 | prio=10 | https://catalog.data.gov/dataset/form-d-data-sets?from_hint=eyJrZXl3b3JkIjoiRGF0YSBTZXRzIn0%3D
[DATAGOV] t=5964.8s | pag=2898 | files=6069 | data=2778 | cola=16639 | prio=10 | https://catalog.data.gov/dataset/transfer-agent-data-sets?from_hint=eyJrZXl3b3JkIjoiRGF0YSBTZXRzIn0%3D
[DATAGOV] t=5965.5s | pag=2899 | files=6069 | data=2779 | cola=16638 | prio=10 | https://catalog.data.gov/dataset/summary-metrics-by-decile-and-quartile?from_hint=eyJrZXl3b3JkIjoiRGF0YSBTZXRzIn0%3D
[DATAGOV] t=5966.4s | pag=2900 | files=6069 | data=2780 | cola=16637 | prio=10 | https://catalog.data.gov/dataset/regulation-a-data-sets?from_hint=eyJrZXl3b3JkIjoiRGF0YSBTZXRzIn0%3D
[DATAGOV] t=5967.4s | pag=2901 | files=6069 | data=2781 | cola=16636 | prio=10 | https://catalog.data.gov/dataset/number-of-edgar-filings-by-form-type?from_hint=eyJrZXl3b3JkIjoiRGF0YSBTZXRzIn0%3D
[DATAGOV] t=5968.2s | pag=2902 | files=6070 | data=2782 | cola=16636 | prio=10 | https://catalog.data.gov/dataset/number-of-edgar-filings-by-form-type
[DATAGOV] t=5969.0s | pag=2903 | files=6070 | data=2783 | cola=16635 | prio=10 | https://catalog.data.gov/dataset/closed-end-fund-information?from_hint=eyJrZXl3b3JkIjoiRGF0YSBTZXRzIn0%3D
[DATAGOV] t=5970.1s | pag=2904 | files=6099 | data=2784 | cola=16635 | prio=10 | https://catalog.data.gov/dataset/closed-end-fund-information
[DATAGOV] t=5971.0s | pag=2905 | files=6099 | data=2785 | cola=16634 | prio=10 | https://catalog.data.gov/dataset/earth-system-research-laboratory-carbon-cycle-and-greenhouse-gases-group-continuous-insitu?from_hint=eyJrZXl3b3JkIjoiRGF0YSBTZXRzIn0%3D
[DATAGOV] t=5971.8s | pag=2906 | files=6100 | data=2786 | cola=16643 | prio=10 | https://catalog.data.gov/dataset/earth-system-research-laboratory-carbon-cycle-and-greenhouse-gases-group-continuous-insitu
[DATAGOV] t=5972.7s | pag=2907 | files=6100 | data=2787 | cola=16642 | prio=10 | https://catalog.data.gov/dataset/edgar-log-file-data-sets?from_hint=eyJrZXl3b3JkIjoiRGF0YSBTZXRzIn0%3D
[DATAGOV] t=5973.6s | pag=2908 | files=6100 | data=2788 | cola=16643 | prio=10 | https://catalog.data.gov/dataset/spreads-and-depth-by-individual-security?from_hint=eyJrZXl3b3JkIjoiRGF0YSBTZXRzIn0%3D
[DATAGOV] t=5979.2s | pag=2909 | files=6103 | data=2789 | cola=16643 | prio=10 | https://catalog.data.gov/dataset/spreads-and-depth-by-individual-security
[DATAGOV] t=5980.1s | pag=2910 | files=6103 | data=2790 | cola=16642 | prio=10 | https://catalog.data.gov/dataset/earth-system-research-laboratory-carbon-cycle-and-greenhouse-gases-group-flask-air-sample-?from_hint=eyJrZXl3b3JkIjoiRGF0YSBTZXRzIn0%3D
[DATAGOV] t=5981.1s | pag=2911 | files=6103 | data=2791 | cola=16646 | prio=10 | https://catalog.data.gov/dataset/earth-system-research-laboratory-carbon-cycle-and-greenhouse-gases-group-flask-air-sample-
[DATAGOV] t=5982.1s | pag=2912 | files=6103 | data=2792 | cola=16645 | prio=10 | https://catalog.data.gov/dataset/earth-system-research-laboratory-carbon-cycle-and-greenhouse-gases-group-continuous-measur?from_hint=eyJrZXl3b3JkIjoiRGF0YSBTZXRzIn0%3D
[DATAGOV] t=5983.3s | pag=2913 | files=6104 | data=2793 | cola=16649 | prio=10 | https://catalog.data.gov/dataset/earth-system-research-laboratory-carbon-cycle-and-greenhouse-gases-group-continuous-measur
[DATAGOV] t=5984.0s | pag=2914 | files=6104 | data=2794 | cola=16648 | prio=10 | https://catalog.data.gov/dataset/form-n-port-data-sets?from_hint=eyJrZXl3b3JkIjoiRm9ybSBOLVBPUlQifQ%3D%3D
[DATAGOV] t=5984.9s | pag=2915 | files=6104 | data=2795 | cola=16647 | prio=10 | https://catalog.data.gov/?keyword=Form+N-MFP
[DATAGOV] t=5985.5s | pag=2916 | files=6104 | data=2796 | cola=16647 | prio=10 | https://catalog.data.gov/?keyword=SEC+Markets+and+Data
[DATAGOV] t=5986.7s | pag=2917 | files=6104 | data=2797 | cola=16667 | prio=10 | https://catalog.data.gov/harvest_record/8b24b43a-4c92-46bf-9025-37e4700c4b46/raw
[DATAGOV] t=5987.7s | pag=2917 | files=6105 | data=2797 | cola=16666 | prio=10 | https://catalog.data.gov/?keyword=foiafreqdocs
[DATAGOV] t=5993.3s | pag=2918 | files=6105 | data=2798 | cola=16672 | prio=10 | https://catalog.data.gov/?keyword=market+structure
[DATAGOV] t=5994.4s | pag=2919 | files=6105 | data=2799 | cola=16681 | prio=10 | https://catalog.data.gov/harvest_record/736d2658-d904-4335-9ded-0c35ce15b33c/raw
[DATAGOV] t=5995.0s | pag=2919 | files=6106 | data=2799 | cola=16680 | prio=10 | https://catalog.data.gov/?keyword=Form+13F
[DATAGOV] DATASETS=2800 | exportable_data_page | https://catalog.data.gov/?keyword=Form+13F
[DATAGOV] t=5996.6s | pag=2920 | files=6106 | data=2800 | cola=16680 | prio=10 | https://catalog.data.gov/harvest_record/acf32337-3c08-4003-8228-550982573842/raw
[DATAGOV] t=5997.6s | pag=2920 | files=6107 | data=2800 | cola=16679 | prio=10 | https://catalog.data.gov/?keyword=Form+N-CEN
[DATAGOV] t=5999.3s | pag=2921 | files=6107 | data=2801 | cola=16679 | prio=10 | https://catalog.data.gov/harvest_record/f0f3ad4a-2cc4-4c8e-b61c-87ae064c1f28/raw
[DATAGOV] t=6000.1s | pag=2921 | files=6108 | data=2801 | cola=16678 | prio=10 | https://catalog.data.gov/harvest_record/afb9327b-6882-42f7-b509-a59dd4845c76/raw
[DATAGOV] t=6001.6s | pag=2921 | files=6109 | data=2801 | cola=16677 | prio=10 | https://catalog.data.gov/?keyword=Form+345
[DATAGOV] t=6003.6s | pag=2922 | files=6109 | data=2802 | cola=16677 | prio=10 | https://catalog.data.gov/harvest_record/87fa9249-7a04-458d-a1af-935b354089ce/raw
[DATAGOV] t=6004.1s | pag=2922 | files=6110 | data=2802 | cola=16676 | prio=10 | https://catalog.data.gov/?keyword=foia-freq-doc
[DATAGOV] t=6005.9s | pag=2923 | files=6110 | data=2803 | cola=16680 | prio=10 | https://catalog.data.gov/harvest_record/51761326-faa8-438f-a98e-a5ebd3f7bcd4/raw
[DATAGOV] t=6006.7s | pag=2923 | files=6111 | data=2803 | cola=16679 | prio=10 | https://catalog.data.gov/harvest_record/c20592fb-f707-4dfc-ae5e-77e7ddc9f77a/raw
[DATAGOV] t=6008.7s | pag=2923 | files=6112 | data=2803 | cola=16678 | prio=10 | https://catalog.data.gov/?keyword=BDC
[DATAGOV] t=6010.1s | pag=2924 | files=6112 | data=2804 | cola=16678 | prio=10 | https://catalog.data.gov/?keyword=XBRL
[DATAGOV] t=6011.1s | pag=2925 | files=6112 | data=2805 | cola=16680 | prio=10 | https://catalog.data.gov/?keyword=business+development+companies
[DATAGOV] t=6011.9s | pag=2926 | files=6112 | data=2806 | cola=16680 | prio=10 | https://catalog.data.gov/harvest_record/9d1ecc69-5e4d-4106-a958-4212c9cfe8e7/raw
[DATAGOV] t=6012.9s | pag=2926 | files=6113 | data=2806 | cola=16679 | prio=10 | https://catalog.data.gov/?keyword=Form+D
[DATAGOV] t=6014.6s | pag=2927 | files=6113 | data=2807 | cola=16679 | prio=10 | https://catalog.data.gov/harvest_record/b2edabe3-15ab-427a-92a1-904579040618/raw
[DATAGOV] t=6015.4s | pag=2927 | files=6114 | data=2807 | cola=16678 | prio=10 | https://catalog.data.gov/?keyword=XBRL+filings
[DATAGOV] t=6017.0s | pag=2928 | files=6114 | data=2808 | cola=16680 | prio=10 | https://catalog.data.gov/harvest_record/91329ed2-2ded-4b5f-a5f9-273b0220b9e9/raw
[DATAGOV] t=6018.0s | pag=2928 | files=6115 | data=2808 | cola=16679 | prio=10 | https://catalog.data.gov/?keyword=Money+Market+Funds
[DATAGOV] t=6020.0s | pag=2929 | files=6115 | data=2809 | cola=16679 | prio=10 | https://catalog.data.gov/harvest_record/d3400776-26d6-434b-8be9-b17344584909/raw
[DATAGOV] t=6020.7s | pag=2929 | files=6116 | data=2809 | cola=16678 | prio=10 | https://catalog.data.gov/harvest_record/03691615-f72c-4818-b0c7-9b7379111347/raw
[DATAGOV] t=6022.6s | pag=2929 | files=6117 | data=2809 | cola=16677 | prio=10 | https://catalog.data.gov/harvest_record/e9265b5e-80c6-4d57-a40b-3ab41a4d2681/raw
[DATAGOV] t=6024.2s | pag=2929 | files=6118 | data=2809 | cola=16676 | prio=10 | https://catalog.data.gov/harvest_record/de90cb7b-1f7b-4b26-aac1-e6a881bfce35/raw
[DATAGOV] t=6025.5s | pag=2929 | files=6119 | data=2809 | cola=16675 | prio=10 | https://catalog.data.gov/?keyword=Bankruptcy
[DATAGOV] t=6027.4s | pag=2930 | files=6119 | data=2810 | cola=16709 | prio=10 | https://catalog.data.gov/harvest_record/ef1b2637-2bfc-4e6c-9b72-cc2ab73e77f1/raw
[DATAGOV] t=6028.3s | pag=2930 | files=6120 | data=2810 | cola=16708 | prio=10 | https://catalog.data.gov/harvest_record/91064ca6-832c-4d01-9020-86323a940d8d/raw
[DATAGOV] t=6030.1s | pag=2930 | files=6121 | data=2810 | cola=16707 | prio=10 | https://catalog.data.gov/harvest_record/1ce7128c-1473-4c63-9383-35d30780a05a/raw
[DATAGOV] t=6031.8s | pag=2930 | files=6122 | data=2810 | cola=16706 | prio=10 | https://catalog.data.gov/?keyword=Regulation+A
[DATAGOV] t=6033.4s | pag=2931 | files=6122 | data=2811 | cola=16706 | prio=10 | https://catalog.data.gov/harvest_record/ab21607c-b557-4316-a695-0271a16cf0d9/raw
[DATAGOV] t=6034.3s | pag=2931 | files=6123 | data=2811 | cola=16705 | prio=10 | https://catalog.data.gov/dataset/baby-names-from-social-security-card-applications-national-data?from_hint=eyJrZXl3b3JkIjoiMTk5OCJ9
[DATAGOV] t=6036.2s | pag=2932 | files=6123 | data=2812 | cola=16704 | prio=10 | https://catalog.data.gov/dataset/baby-names-from-social-security-card-applications-state-and-district-of-columbia-data?from_hint=eyJrZXl3b3JkIjoiMTk5OCJ9
[DATAGOV] t=6037.3s | pag=2933 | files=6123 | data=2813 | cola=16703 | prio=10 | https://catalog.data.gov/dataset/baby-names-from-social-security-card-applications-territory-data?from_hint=eyJrZXl3b3JkIjoiMTk5OCJ9
[DATAGOV] t=6038.1s | pag=2934 | files=6123 | data=2814 | cola=16702 | prio=10 | https://catalog.data.gov/dataset/global-compilation-of-published-gas-hydrate-related-bottom-simulating-reflections?from_hint=eyJrZXl3b3JkIjoiMTk5OCJ9
[DATAGOV] t=6038.5s | pag=2935 | files=6124 | data=2815 | cola=16705 | prio=10 | https://catalog.data.gov/dataset/global-compilation-of-published-gas-hydrate-related-bottom-simulating-reflections
[DATAGOV] t=6039.2s | pag=2936 | files=6124 | data=2816 | cola=16704 | prio=10 | https://catalog.data.gov/dataset/shorelines-extracted-from-1984-2015-landsat-imagery-ship-island-mississippi-polyline-combi?from_hint=eyJrZXl3b3JkIjoiMTk5OCJ9
[DATAGOV] t=6040.1s | pag=2937 | files=6125 | data=2817 | cola=16710 | prio=10 | https://catalog.data.gov/dataset/shorelines-extracted-from-1984-2015-landsat-imagery-ship-island-mississippi-polyline-combi
[DATAGOV] t=6040.9s | pag=2938 | files=6125 | data=2818 | cola=16709 | prio=10 | https://catalog.data.gov/dataset/shorelines-extracted-from-1984-2015-landsat-imagery-petit-bois-island-mississippi-polygon-?from_hint=eyJrZXl3b3JkIjoiMTk5OCJ9
[DATAGOV] t=6041.9s | pag=2939 | files=6126 | data=2819 | cola=16709 | prio=10 | https://catalog.data.gov/dataset/shorelines-extracted-from-1984-2015-landsat-imagery-petit-bois-island-mississippi-polygon-
[DATAGOV] t=6042.9s | pag=2940 | files=6126 | data=2820 | cola=16708 | prio=10 | https://catalog.data.gov/dataset/shorelines-extracted-from-1984-2015-landsat-imagery-ship-island-mississippi-polygon-combin?from_hint=eyJrZXl3b3JkIjoiMTk5OCJ9
[DATAGOV] t=6043.8s | pag=2941 | files=6127 | data=2821 | cola=16708 | prio=10 | https://catalog.data.gov/dataset/shorelines-extracted-from-1984-2015-landsat-imagery-ship-island-mississippi-polygon-combin
[DATAGOV] t=6044.5s | pag=2942 | files=6127 | data=2822 | cola=16707 | prio=10 | https://catalog.data.gov/dataset/national-land-cover-database-nlcd-tree-canopy-cover-tcc-conterminous-united-states?from_hint=eyJrZXl3b3JkIjoiMTk5OCJ9
[DATAGOV] t=6045.6s | pag=2943 | files=6127 | data=2823 | cola=16708 | prio=10 | https://catalog.data.gov/dataset/vineyard-and-nantucket-sounds-southern-coast-of-cape-cod-including-marthas-vineyard-and-83?from_hint=eyJrZXl3b3JkIjoiMTk5OCJ9
[DATAGOV] t=6046.7s | pag=2944 | files=6128 | data=2824 | cola=16716 | prio=10 | https://catalog.data.gov/dataset/vineyard-and-nantucket-sounds-southern-coast-of-cape-cod-including-marthas-vineyard-and-83
[DATAGOV] DATASETS=2825 | data_html_table | https://catalog.data.gov/dataset/vineyard-and-nantucket-sounds-southern-coast-of-cape-cod-including-marthas-vineyard-and-83
[DATAGOV] t=6047.8s | pag=2945 | files=6128 | data=2825 | cola=16715 | prio=10 | https://catalog.data.gov/dataset/cape-cod-bay-continuous-bathymetry-and-topography-terrain-model-of-the-massachusetts-coast?from_hint=eyJrZXl3b3JkIjoiMTk5OCJ9
[DATAGOV] t=6048.7s | pag=2946 | files=6129 | data=2826 | cola=16720 | prio=10 | https://catalog.data.gov/dataset/cape-cod-bay-continuous-bathymetry-and-topography-terrain-model-of-the-massachusetts-coast
[DATAGOV] t=6049.8s | pag=2947 | files=6129 | data=2827 | cola=16719 | prio=10 | https://catalog.data.gov/dataset/productivity-of-u-s-rangelands-annual-data-lbs-acre-image-service?from_hint=eyJrZXl3b3JkIjoiMTk5OCJ9
[DATAGOV] t=6050.7s | pag=2948 | files=6129 | data=2828 | cola=16719 | prio=10 | https://catalog.data.gov/dataset/shorelines-extracted-from-1984-2015-landsat-imagery-cat-island-mississippi-polyline-combin?from_hint=eyJrZXl3b3JkIjoiMTk5OCJ9
[DATAGOV] t=6051.3s | pag=2949 | files=6130 | data=2829 | cola=16719 | prio=10 | https://catalog.data.gov/dataset/shorelines-extracted-from-1984-2015-landsat-imagery-cat-island-mississippi-polyline-combin
[DATAGOV] t=6052.3s | pag=2950 | files=6130 | data=2830 | cola=16718 | prio=10 | https://catalog.data.gov/dataset/vineyard-and-nantucket-sounds-southern-coast-of-cape-cod-including-marthas-vineyard-and-na?from_hint=eyJrZXl3b3JkIjoiMTk5OCJ9
[DATAGOV] t=6053.2s | pag=2951 | files=6131 | data=2831 | cola=16718 | prio=10 | https://catalog.data.gov/dataset/vineyard-and-nantucket-sounds-southern-coast-of-cape-cod-including-marthas-vineyard-and-na
[DATAGOV] t=6054.3s | pag=2952 | files=6131 | data=2832 | cola=16717 | prio=10 | https://catalog.data.gov/dataset/tree-canopy-cover-tcc-science-standard-error-se-conterminous-united-states?from_hint=eyJrZXl3b3JkIjoiMTk5OCJ9
[DATAGOV] t=6055.2s | pag=2953 | files=6131 | data=2833 | cola=16717 | prio=10 | https://catalog.data.gov/dataset/shorelines-extracted-from-1984-2015-landsat-imagery-petit-bois-island-mississippi-polyline?from_hint=eyJrZXl3b3JkIjoiMTk5OCJ9
[DATAGOV] t=6056.0s | pag=2954 | files=6132 | data=2834 | cola=16717 | prio=10 | https://catalog.data.gov/dataset/shorelines-extracted-from-1984-2015-landsat-imagery-petit-bois-island-mississippi-polyline
[DATAGOV] t=6056.9s | pag=2955 | files=6132 | data=2835 | cola=16716 | prio=10 | https://catalog.data.gov/dataset/shorelines-extracted-from-1984-2015-landsat-imagery-dauphin-island-alabama-polygon-individ?from_hint=eyJrZXl3b3JkIjoiMTk5OCJ9
[DATAGOV] t=6058.0s | pag=2956 | files=6133 | data=2836 | cola=16716 | prio=10 | https://catalog.data.gov/dataset/shorelines-extracted-from-1984-2015-landsat-imagery-dauphin-island-alabama-polygon-individ
[DATAGOV] t=6058.8s | pag=2957 | files=6133 | data=2837 | cola=16715 | prio=10 | https://catalog.data.gov/dataset/shorelines-extracted-from-1984-2015-landsat-imagery-petit-bois-island-mississippi-polygon--84dcc?from_hint=eyJrZXl3b3JkIjoiMTk5OCJ9
[DATAGOV] t=6059.5s | pag=2958 | files=6134 | data=2838 | cola=16715 | prio=10 | https://catalog.data.gov/dataset/shorelines-extracted-from-1984-2015-landsat-imagery-petit-bois-island-mississippi-polygon--84dcc
[DATAGOV] t=6060.3s | pag=2959 | files=6134 | data=2839 | cola=16714 | prio=10 | https://catalog.data.gov/dataset/hearing-receipts-and-closing-pending-fy-1985-2009?from_hint=eyJrZXl3b3JkIjoiMTk5OCJ9
[DATAGOV] t=6061.4s | pag=2960 | files=6135 | data=2840 | cola=16715 | prio=10 | https://catalog.data.gov/dataset/hearing-receipts-and-closing-pending-fy-1985-2009
[DATAGOV] t=6062.6s | pag=2961 | files=6135 | data=2841 | cola=16714 | prio=10 | https://catalog.data.gov/dataset/shorelines-extracted-from-1984-2015-landsat-imagery-dauphin-island-alabama-polyline-combin?from_hint=eyJrZXl3b3JkIjoiMTk5OCJ9
[DATAGOV] t=6063.4s | pag=2962 | files=6136 | data=2842 | cola=16714 | prio=10 | https://catalog.data.gov/dataset/shorelines-extracted-from-1984-2015-landsat-imagery-dauphin-island-alabama-polyline-combin
[DATAGOV] t=6064.4s | pag=2963 | files=6136 | data=2843 | cola=16713 | prio=10 | https://catalog.data.gov/dataset/national-land-cover-database-nlcd-tree-canopy-cover-tcc-puerto-rico-usvi?from_hint=eyJrZXl3b3JkIjoiMTk5OCJ9
[DATAGOV] t=6065.4s | pag=2964 | files=6136 | data=2844 | cola=16713 | prio=10 | https://catalog.data.gov/dataset/baby-names-from-social-security-card-applications-national-data?from_hint=eyJrZXl3b3JkIjoiMTk5OSJ9
[DATAGOV] t=6066.4s | pag=2965 | files=6136 | data=2845 | cola=16712 | prio=10 | https://catalog.data.gov/dataset/baby-names-from-social-security-card-applications-state-and-district-of-columbia-data?from_hint=eyJrZXl3b3JkIjoiMTk5OSJ9
[DATAGOV] t=6067.3s | pag=2966 | files=6136 | data=2846 | cola=16711 | prio=10 | https://catalog.data.gov/dataset/baby-names-from-social-security-card-applications-territory-data?from_hint=eyJrZXl3b3JkIjoiMTk5OSJ9
[DATAGOV] t=6068.4s | pag=2967 | files=6136 | data=2847 | cola=16710 | prio=10 | https://catalog.data.gov/dataset/surface-water-drinking-water-source-areas?from_hint=eyJrZXl3b3JkIjoiMTk5OSJ9
[DATAGOV] t=6069.4s | pag=2968 | files=6136 | data=2848 | cola=16716 | prio=10 | https://catalog.data.gov/organization/oregon
[DATAGOV] t=6070.3s | pag=2969 | files=6136 | data=2849 | cola=16732 | prio=10 | https://catalog.data.gov/dataset/surface-water-drinking-water-source-areas
[DATAGOV] DATASETS=2850 | data_html_table | https://catalog.data.gov/dataset/surface-water-drinking-water-source-areas
[DATAGOV] t=6071.2s | pag=2970 | files=6136 | data=2850 | cola=16731 | prio=10 | https://catalog.data.gov/dataset/shorelines-extracted-from-1984-2015-landsat-imagery-ship-island-mississippi-polyline-combi?from_hint=eyJrZXl3b3JkIjoiMTk5OSJ9
[DATAGOV] t=6072.3s | pag=2971 | files=6136 | data=2851 | cola=16730 | prio=10 | https://catalog.data.gov/dataset/shorelines-extracted-from-1984-2015-landsat-imagery-petit-bois-island-mississippi-polygon-?from_hint=eyJrZXl3b3JkIjoiMTk5OSJ9
[DATAGOV] t=6073.4s | pag=2972 | files=6136 | data=2852 | cola=16729 | prio=10 | https://catalog.data.gov/dataset/shorelines-extracted-from-1984-2015-landsat-imagery-ship-island-mississippi-polygon-combin?from_hint=eyJrZXl3b3JkIjoiMTk5OSJ9
[DATAGOV] t=6074.0s | pag=2973 | files=6136 | data=2853 | cola=16728 | prio=10 | https://catalog.data.gov/dataset/national-land-cover-database-nlcd-tree-canopy-cover-tcc-conterminous-united-states?from_hint=eyJrZXl3b3JkIjoiMTk5OSJ9
[DATAGOV] t=6074.7s | pag=2974 | files=6136 | data=2854 | cola=16727 | prio=10 | https://catalog.data.gov/dataset/precious-coral-logbook?from_hint=eyJrZXl3b3JkIjoiMTk5OSJ9
[DATAGOV] t=6075.3s | pag=2975 | files=6136 | data=2855 | cola=16735 | prio=10 | https://catalog.data.gov/dataset/productivity-of-u-s-rangelands-annual-data-lbs-acre-image-service?from_hint=eyJrZXl3b3JkIjoiMTk5OSJ9
[DATAGOV] t=6076.5s | pag=2976 | files=6136 | data=2856 | cola=16734 | prio=10 | https://catalog.data.gov/dataset/shorelines-extracted-from-1984-2015-landsat-imagery-cat-island-mississippi-polyline-combin?from_hint=eyJrZXl3b3JkIjoiMTk5OSJ9
[DATAGOV] t=6077.5s | pag=2977 | files=6136 | data=2857 | cola=16733 | prio=10 | https://catalog.data.gov/dataset/bathymetric-terrain-model-of-the-u-s-atlantic-margin-100-meter-resolution-compiled-by-t-84?from_hint=eyJrZXl3b3JkIjoiMTk5OSJ9
[DATAGOV] t=6078.6s | pag=2978 | files=6137 | data=2858 | cola=16735 | prio=10 | https://catalog.data.gov/dataset/bathymetric-terrain-model-of-the-u-s-atlantic-margin-100-meter-resolution-compiled-by-t-84
[DATAGOV] t=6079.2s | pag=2979 | files=6137 | data=2859 | cola=16734 | prio=10 | https://catalog.data.gov/dataset/tree-canopy-cover-tcc-science-standard-error-se-conterminous-united-states?from_hint=eyJrZXl3b3JkIjoiMTk5OSJ9
[DATAGOV] t=6080.2s | pag=2980 | files=6137 | data=2860 | cola=16733 | prio=10 | https://catalog.data.gov/dataset/shorelines-extracted-from-1984-2015-landsat-imagery-petit-bois-island-mississippi-polyline?from_hint=eyJrZXl3b3JkIjoiMTk5OSJ9
[DATAGOV] t=6081.1s | pag=2981 | files=6137 | data=2861 | cola=16732 | prio=10 | https://catalog.data.gov/dataset/shorelines-extracted-from-1984-2015-landsat-imagery-dauphin-island-alabama-polygon-individ?from_hint=eyJrZXl3b3JkIjoiMTk5OSJ9
[DATAGOV] t=6081.8s | pag=2982 | files=6137 | data=2862 | cola=16731 | prio=10 | https://catalog.data.gov/dataset/shorelines-extracted-from-1984-2015-landsat-imagery-petit-bois-island-mississippi-polygon--84dcc?from_hint=eyJrZXl3b3JkIjoiMTk5OSJ9
[DATAGOV] t=6082.7s | pag=2983 | files=6137 | data=2863 | cola=16730 | prio=10 | https://catalog.data.gov/dataset/hearing-receipts-and-closing-pending-fy-1985-2009?from_hint=eyJrZXl3b3JkIjoiMTk5OSJ9
[DATAGOV] t=6083.5s | pag=2984 | files=6137 | data=2864 | cola=16729 | prio=10 | https://catalog.data.gov/dataset/shorelines-extracted-from-1984-2015-landsat-imagery-dauphin-island-alabama-polyline-combin?from_hint=eyJrZXl3b3JkIjoiMTk5OSJ9
[DATAGOV] t=6084.3s | pag=2985 | files=6137 | data=2865 | cola=16728 | prio=10 | https://catalog.data.gov/dataset/department-of-veterans-affairs-freedom-of-information-act-foia-report-for-fiscal-year-1999?from_hint=eyJrZXl3b3JkIjoiMTk5OSJ9
[DATAGOV] t=6085.0s | pag=2986 | files=6138 | data=2866 | cola=16732 | prio=10 | https://catalog.data.gov/dataset/department-of-veterans-affairs-freedom-of-information-act-foia-report-for-fiscal-year-1999
[DATAGOV] t=6086.1s | pag=2987 | files=6138 | data=2867 | cola=16731 | prio=10 | https://catalog.data.gov/dataset/national-land-cover-database-nlcd-tree-canopy-cover-tcc-puerto-rico-usvi?from_hint=eyJrZXl3b3JkIjoiMTk5OSJ9
[DATAGOV] t=6086.9s | pag=2988 | files=6138 | data=2868 | cola=16730 | prio=10 | https://catalog.data.gov/dataset/baby-names-from-social-security-card-applications-national-data?from_hint=eyJrZXl3b3JkIjoiMjAwMCJ9
[DATAGOV] t=6088.0s | pag=2989 | files=6138 | data=2869 | cola=16729 | prio=10 | https://catalog.data.gov/dataset/baby-names-from-social-security-card-applications-state-and-district-of-columbia-data?from_hint=eyJrZXl3b3JkIjoiMjAwMCJ9
[DATAGOV] t=6088.5s | pag=2990 | files=6138 | data=2870 | cola=16728 | prio=10 | https://catalog.data.gov/dataset/baby-names-from-social-security-card-applications-territory-data?from_hint=eyJrZXl3b3JkIjoiMjAwMCJ9
[DATAGOV] t=6089.2s | pag=2991 | files=6138 | data=2871 | cola=16727 | prio=10 | https://catalog.data.gov/dataset/massachusetts-bay-and-adjacent-land-polygon-boundaries-for-source-data-of-a-continuous--83?from_hint=eyJrZXl3b3JkIjoiMjAwMCJ9
[DATAGOV] t=6090.3s | pag=2992 | files=6139 | data=2872 | cola=16732 | prio=10 | https://catalog.data.gov/dataset/massachusetts-bay-and-adjacent-land-polygon-boundaries-for-source-data-of-a-continuous--83
[DATAGOV] t=6091.3s | pag=2993 | files=6139 | data=2873 | cola=16731 | prio=10 | https://catalog.data.gov/dataset/global-compilation-of-published-gas-hydrate-related-bottom-simulating-reflections?from_hint=eyJrZXl3b3JkIjoiMjAwMCJ9
[DATAGOV] t=6093.6s | pag=2994 | files=6139 | data=2874 | cola=16730 | prio=10 | https://catalog.data.gov/dataset/new-york-city-population-by-borough-1950-2040?from_hint=eyJrZXl3b3JkIjoiMjAwMCJ9
[DATAGOV] DATASETS=2875 | data_html_table | https://catalog.data.gov/dataset/new-york-city-population-by-borough-1950-2040?from_hint=eyJrZXl3b3JkIjoiMjAwMCJ9
[DATAGOV] t=6094.2s | pag=2995 | files=6142 | data=2875 | cola=16732 | prio=10 | https://catalog.data.gov/dataset/new-york-city-population-by-borough-1950-2040
[DATAGOV] t=6095.3s | pag=2996 | files=6142 | data=2876 | cola=16731 | prio=10 | https://catalog.data.gov/dataset/shorelines-extracted-from-1984-2015-landsat-imagery-ship-island-mississippi-polyline-combi?from_hint=eyJrZXl3b3JkIjoiMjAwMCJ9
[DATAGOV] t=6096.3s | pag=2997 | files=6142 | data=2877 | cola=16730 | prio=10 | https://catalog.data.gov/dataset/shorelines-extracted-from-1984-2015-landsat-imagery-petit-bois-island-mississippi-polygon-?from_hint=eyJrZXl3b3JkIjoiMjAwMCJ9
[DATAGOV] t=6097.3s | pag=2998 | files=6142 | data=2878 | cola=16729 | prio=10 | https://catalog.data.gov/dataset/shorelines-extracted-from-1984-2015-landsat-imagery-ship-island-mississippi-polygon-combin?from_hint=eyJrZXl3b3JkIjoiMjAwMCJ9
[DATAGOV] t=6098.1s | pag=2999 | files=6142 | data=2879 | cola=16728 | prio=10 | https://catalog.data.gov/dataset/national-land-cover-database-nlcd-tree-canopy-cover-tcc-conterminous-united-states?from_hint=eyJrZXl3b3JkIjoiMjAwMCJ9
[DATAGOV] t=6099.1s | pag=3000 | files=6142 | data=2880 | cola=16727 | prio=10 | https://catalog.data.gov/dataset/cost-earnings-data-2000-hawaii-longline?from_hint=eyJrZXl3b3JkIjoiMjAwMCJ9
[DATAGOV] t=6100.1s | pag=3001 | files=6142 | data=2881 | cola=16734 | prio=10 | https://catalog.data.gov/dataset/precious-coral-logbook?from_hint=eyJrZXl3b3JkIjoiMjAwMCJ9
[DATAGOV] t=6100.9s | pag=3002 | files=6142 | data=2882 | cola=16733 | prio=10 | https://catalog.data.gov/dataset/oceanographic-data-from-winter-and-spring-circulation-and-sediment-transport-studies--2006?from_hint=eyJrZXl3b3JkIjoiMjAwMCJ9
[DATAGOV] t=6102.0s | pag=3003 | files=6143 | data=2883 | cola=16739 | prio=10 | https://catalog.data.gov/dataset/oceanographic-data-from-winter-and-spring-circulation-and-sediment-transport-studies--2006
[DATAGOV] t=6102.8s | pag=3004 | files=6143 | data=2884 | cola=16738 | prio=10 | https://catalog.data.gov/dataset/productivity-of-u-s-rangelands-annual-data-lbs-acre-image-service?from_hint=eyJrZXl3b3JkIjoiMjAwMCJ9
[DATAGOV] t=6104.0s | pag=3005 | files=6143 | data=2885 | cola=16737 | prio=10 | https://catalog.data.gov/dataset/shorelines-extracted-from-1984-2015-landsat-imagery-cat-island-mississippi-polyline-combin?from_hint=eyJrZXl3b3JkIjoiMjAwMCJ9
[DATAGOV] t=6104.9s | pag=3006 | files=6143 | data=2886 | cola=16736 | prio=10 | https://catalog.data.gov/dataset/waofm-census-population-and-housing-2000-and-2010?from_hint=eyJrZXl3b3JkIjoiMjAwMCJ9
[DATAGOV] t=6105.8s | pag=3007 | files=6146 | data=2887 | cola=16738 | prio=10 | https://catalog.data.gov/dataset/waofm-census-population-and-housing-2000-and-2010
[DATAGOV] t=6106.6s | pag=3008 | files=6146 | data=2888 | cola=16737 | prio=10 | https://catalog.data.gov/dataset/tidal-creek-sentinel-habitat-database?from_hint=eyJrZXl3b3JkIjoiMjAwMCJ9
[DATAGOV] t=6107.4s | pag=3009 | files=6146 | data=2889 | cola=16743 | prio=10 | https://catalog.data.gov/dataset/tree-canopy-cover-tcc-science-standard-error-se-conterminous-united-states?from_hint=eyJrZXl3b3JkIjoiMjAwMCJ9
[DATAGOV] t=6108.6s | pag=3010 | files=6146 | data=2890 | cola=16742 | prio=10 | https://catalog.data.gov/dataset/shorelines-extracted-from-1984-2015-landsat-imagery-petit-bois-island-mississippi-polyline?from_hint=eyJrZXl3b3JkIjoiMjAwMCJ9
[DATAGOV] t=6109.7s | pag=3011 | files=6146 | data=2891 | cola=16741 | prio=10 | https://catalog.data.gov/dataset/shorelines-extracted-from-1984-2015-landsat-imagery-dauphin-island-alabama-polygon-individ?from_hint=eyJrZXl3b3JkIjoiMjAwMCJ9
[DATAGOV] t=6110.4s | pag=3012 | files=6146 | data=2892 | cola=16740 | prio=10 | https://catalog.data.gov/dataset/baby-names-from-social-security-card-applications-national-data?from_hint=eyJrZXl3b3JkIjoiMjAwMSJ9
[DATAGOV] t=6111.1s | pag=3013 | files=6146 | data=2893 | cola=16739 | prio=10 | https://catalog.data.gov/dataset/baby-names-from-social-security-card-applications-state-and-district-of-columbia-data?from_hint=eyJrZXl3b3JkIjoiMjAwMSJ9
[DATAGOV] t=6112.1s | pag=3014 | files=6146 | data=2894 | cola=16738 | prio=10 | https://catalog.data.gov/dataset/ssa-disability-claim-data?from_hint=eyJrZXl3b3JkIjoiMjAwMSJ9
[DATAGOV] t=6113.1s | pag=3015 | files=6146 | data=2895 | cola=16737 | prio=10 | https://catalog.data.gov/dataset/baby-names-from-social-security-card-applications-territory-data?from_hint=eyJrZXl3b3JkIjoiMjAwMSJ9
[DATAGOV] t=6114.2s | pag=3016 | files=6146 | data=2896 | cola=16736 | prio=10 | https://catalog.data.gov/dataset/early-season-invasives-mapping-2001-2010-washington-county-utah-usa?from_hint=eyJrZXl3b3JkIjoiMjAwMSJ9
[DATAGOV] t=6115.1s | pag=3017 | files=6147 | data=2897 | cola=16736 | prio=10 | https://catalog.data.gov/dataset/early-season-invasives-mapping-2001-2010-washington-county-utah-usa
[DATAGOV] t=6115.9s | pag=3018 | files=6147 | data=2898 | cola=16735 | prio=10 | https://catalog.data.gov/dataset/buzzards-bay-polygon-boundaries-for-source-data-of-a-continuous-bathymetry-and-topograp-83?from_hint=eyJrZXl3b3JkIjoiMjAwMSJ9
[DATAGOV] t=6116.6s | pag=3019 | files=6148 | data=2899 | cola=16740 | prio=10 | https://catalog.data.gov/dataset/buzzards-bay-polygon-boundaries-for-source-data-of-a-continuous-bathymetry-and-topograp-83
[DATAGOV] DATASETS=2900 | data_html_table | https://catalog.data.gov/dataset/buzzards-bay-polygon-boundaries-for-source-data-of-a-continuous-bathymetry-and-topograp-83
[DATAGOV] t=6117.6s | pag=3020 | files=6148 | data=2900 | cola=16739 | prio=10 | https://catalog.data.gov/dataset/loggerhead-oral-cavity-morphometry-study-ncei-accession-0164321?from_hint=eyJrZXl3b3JkIjoiMjAwMSJ9
[DATAGOV] t=6118.4s | pag=3021 | files=6148 | data=2901 | cola=16746 | prio=10 | https://catalog.data.gov/dataset/massachusetts-bay-and-adjacent-land-polygon-boundaries-for-source-data-of-a-continuous--83?from_hint=eyJrZXl3b3JkIjoiMjAwMSJ9
[DATAGOV] t=6119.4s | pag=3022 | files=6148 | data=2902 | cola=16745 | prio=10 | https://catalog.data.gov/dataset/cost-earnings-data-2001-american-samoa-longline?from_hint=eyJrZXl3b3JkIjoiMjAwMSJ9
[DATAGOV] t=6120.5s | pag=3023 | files=6148 | data=2903 | cola=16747 | prio=10 | https://catalog.data.gov/dataset/shorelines-extracted-from-1984-2015-landsat-imagery-ship-island-mississippi-polyline-combi?from_hint=eyJrZXl3b3JkIjoiMjAwMSJ9
[DATAGOV] t=6121.5s | pag=3024 | files=6148 | data=2904 | cola=16746 | prio=10 | https://catalog.data.gov/dataset/shorelines-extracted-from-1984-2015-landsat-imagery-petit-bois-island-mississippi-polygon-?from_hint=eyJrZXl3b3JkIjoiMjAwMSJ9
[DATAGOV] t=6122.2s | pag=3025 | files=6148 | data=2905 | cola=16745 | prio=10 | https://catalog.data.gov/dataset/shorelines-extracted-from-1984-2015-landsat-imagery-ship-island-mississippi-polygon-combin?from_hint=eyJrZXl3b3JkIjoiMjAwMSJ9
[DATAGOV] t=6123.0s | pag=3026 | files=6148 | data=2906 | cola=16744 | prio=10 | https://catalog.data.gov/dataset/national-land-cover-database-nlcd-tree-canopy-cover-tcc-conterminous-united-states?from_hint=eyJrZXl3b3JkIjoiMjAwMSJ9
[DATAGOV] t=6123.8s | pag=3027 | files=6148 | data=2907 | cola=16743 | prio=10 | https://catalog.data.gov/dataset/productivity-of-u-s-rangelands-annual-data-lbs-acre-image-service?from_hint=eyJrZXl3b3JkIjoiMjAwMSJ9
[DATAGOV] t=6124.7s | pag=3028 | files=6148 | data=2908 | cola=16742 | prio=10 | https://catalog.data.gov/dataset/shorelines-extracted-from-1984-2015-landsat-imagery-cat-island-mississippi-polyline-combin?from_hint=eyJrZXl3b3JkIjoiMjAwMSJ9
[DATAGOV] t=6125.7s | pag=3029 | files=6148 | data=2909 | cola=16741 | prio=10 | https://catalog.data.gov/dataset/tidal-creek-sentinel-habitat-database?from_hint=eyJrZXl3b3JkIjoiMjAwMSJ9
[DATAGOV] t=6126.3s | pag=3030 | files=6148 | data=2910 | cola=16740 | prio=10 | https://catalog.data.gov/dataset/tree-canopy-cover-tcc-science-standard-error-se-conterminous-united-states?from_hint=eyJrZXl3b3JkIjoiMjAwMSJ9
[DATAGOV] t=6127.0s | pag=3031 | files=6148 | data=2911 | cola=16739 | prio=10 | https://catalog.data.gov/dataset/old-age-survivors-and-disability-insurance-oasdi-public-use-microdata-file-2001?from_hint=eyJrZXl3b3JkIjoiMjAwMSJ9
[DATAGOV] t=6130.3s | pag=3032 | files=6150 | data=2912 | cola=16742 | prio=10 | https://catalog.data.gov/dataset/old-age-survivors-and-disability-insurance-oasdi-public-use-microdata-file-2001
[DATAGOV] t=6131.2s | pag=3033 | files=6150 | data=2913 | cola=16741 | prio=10 | https://catalog.data.gov/dataset/industry-based-monkfish-survey?from_hint=eyJrZXl3b3JkIjoiMjAwMSJ9
[DATAGOV] t=6134.8s | pag=3034 | files=6151 | data=2914 | cola=16746 | prio=10 | https://catalog.data.gov/dataset/industry-based-monkfish-survey
[DATAGOV] t=6135.8s | pag=3035 | files=6151 | data=2915 | cola=16745 | prio=10 | https://catalog.data.gov/dataset/shorelines-extracted-from-1984-2015-landsat-imagery-petit-bois-island-mississippi-polyline?from_hint=eyJrZXl3b3JkIjoiMjAwMSJ9
[DATAGOV] t=6136.6s | pag=3036 | files=6151 | data=2916 | cola=16744 | prio=10 | https://catalog.data.gov/dataset/baby-names-from-social-security-card-applications-national-data?from_hint=eyJrZXl3b3JkIjoiMjAwMiJ9
[DATAGOV] t=6137.6s | pag=3037 | files=6151 | data=2917 | cola=16743 | prio=10 | https://catalog.data.gov/dataset/baby-names-from-social-security-card-applications-state-and-district-of-columbia-data?from_hint=eyJrZXl3b3JkIjoiMjAwMiJ9
[DATAGOV] t=6138.6s | pag=3038 | files=6151 | data=2918 | cola=16742 | prio=10 | https://catalog.data.gov/dataset/ssa-disability-claim-data?from_hint=eyJrZXl3b3JkIjoiMjAwMiJ9
[DATAGOV] t=6139.2s | pag=3039 | files=6151 | data=2919 | cola=16741 | prio=10 | https://catalog.data.gov/dataset/baby-names-from-social-security-card-applications-territory-data?from_hint=eyJrZXl3b3JkIjoiMjAwMiJ9
[DATAGOV] t=6140.1s | pag=3040 | files=6151 | data=2920 | cola=16740 | prio=10 | https://catalog.data.gov/dataset/early-season-invasives-mapping-2001-2010-washington-county-utah-usa?from_hint=eyJrZXl3b3JkIjoiMjAwMiJ9
[DATAGOV] t=6141.0s | pag=3041 | files=6151 | data=2921 | cola=16739 | prio=10 | https://catalog.data.gov/dataset/sand-lines-for-the-undeveloped-areas-of-new-jerseys-barrier-islands-extracted-from-30-2013?from_hint=eyJrZXl3b3JkIjoiMjAwMiJ9
[DATAGOV] t=6142.1s | pag=3042 | files=6152 | data=2922 | cola=16740 | prio=10 | https://catalog.data.gov/dataset/sand-lines-for-the-undeveloped-areas-of-new-jerseys-barrier-islands-extracted-from-30-2013
[DATAGOV] t=6143.2s | pag=3043 | files=6152 | data=2923 | cola=16739 | prio=10 | https://catalog.data.gov/dataset/global-compilation-of-published-gas-hydrate-related-bottom-simulating-reflections?from_hint=eyJrZXl3b3JkIjoiMjAwMiJ9
[DATAGOV] t=6144.1s | pag=3044 | files=6152 | data=2924 | cola=16738 | prio=10 | https://catalog.data.gov/dataset/location-of-septic-sewer-systems-in-the-pacific-northwest?from_hint=eyJrZXl3b3JkIjoiMjAwMiJ9
[DATAGOV] DATASETS=2925 | data_html_table | https://catalog.data.gov/dataset/location-of-septic-sewer-systems-in-the-pacific-northwest?from_hint=eyJrZXl3b3JkIjoiMjAwMiJ9
[DATAGOV] t=6145.2s | pag=3045 | files=6153 | data=2925 | cola=16742 | prio=10 | https://catalog.data.gov/dataset/location-of-septic-sewer-systems-in-the-pacific-northwest
[DATAGOV] t=6146.0s | pag=3046 | files=6153 | data=2926 | cola=16741 | prio=10 | https://catalog.data.gov/dataset/shorelines-extracted-from-1984-2015-landsat-imagery-ship-island-mississippi-polyline-combi?from_hint=eyJrZXl3b3JkIjoiMjAwMiJ9
[DATAGOV] t=6146.8s | pag=3047 | files=6153 | data=2927 | cola=16740 | prio=10 | https://catalog.data.gov/dataset/shorelines-extracted-from-1984-2015-landsat-imagery-petit-bois-island-mississippi-polygon-?from_hint=eyJrZXl3b3JkIjoiMjAwMiJ9
[DATAGOV] t=6147.8s | pag=3048 | files=6153 | data=2928 | cola=16739 | prio=10 | https://catalog.data.gov/dataset/shorelines-extracted-from-1984-2015-landsat-imagery-ship-island-mississippi-polygon-combin?from_hint=eyJrZXl3b3JkIjoiMjAwMiJ9
[DATAGOV] t=6149.0s | pag=3049 | files=6153 | data=2929 | cola=16738 | prio=10 | https://catalog.data.gov/dataset/national-land-cover-database-nlcd-tree-canopy-cover-tcc-conterminous-united-states?from_hint=eyJrZXl3b3JkIjoiMjAwMiJ9
[DATAGOV] t=6149.9s | pag=3050 | files=6153 | data=2930 | cola=16737 | prio=10 | https://catalog.data.gov/dataset/productivity-of-u-s-rangelands-annual-data-lbs-acre-image-service?from_hint=eyJrZXl3b3JkIjoiMjAwMiJ9
[DATAGOV] t=6150.7s | pag=3051 | files=6153 | data=2931 | cola=16736 | prio=10 | https://catalog.data.gov/dataset/back-island-shorelines-for-the-undeveloped-areas-of-new-jerseys-barrier-islands-ex-30-2013?from_hint=eyJrZXl3b3JkIjoiMjAwMiJ9
[DATAGOV] t=6151.6s | pag=3052 | files=6154 | data=2932 | cola=16736 | prio=10 | https://catalog.data.gov/dataset/back-island-shorelines-for-the-undeveloped-areas-of-new-jerseys-barrier-islands-ex-30-2013
[DATAGOV] t=6152.8s | pag=3053 | files=6154 | data=2933 | cola=16735 | prio=10 | https://catalog.data.gov/dataset/shorelines-extracted-from-1984-2015-landsat-imagery-cat-island-mississippi-polyline-combin?from_hint=eyJrZXl3b3JkIjoiMjAwMiJ9
[DATAGOV] t=6153.6s | pag=3054 | files=6154 | data=2934 | cola=16734 | prio=10 | https://catalog.data.gov/dataset/sand-areas-for-the-undeveloped-areas-of-new-jerseys-barrier-islands-extracted-from-30-2013?from_hint=eyJrZXl3b3JkIjoiMjAwMiJ9
[DATAGOV] t=6154.5s | pag=3055 | files=6155 | data=2935 | cola=16734 | prio=10 | https://catalog.data.gov/dataset/sand-areas-for-the-undeveloped-areas-of-new-jerseys-barrier-islands-extracted-from-30-2013
[DATAGOV] t=6155.4s | pag=3056 | files=6155 | data=2936 | cola=16733 | prio=10 | https://catalog.data.gov/dataset/polygon-boundary-describing-the-source-surveys-used-to-build-the-bathymetric-terrain-mo-84?from_hint=eyJrZXl3b3JkIjoiMjAwMiJ9
[DATAGOV] t=6156.3s | pag=3057 | files=6156 | data=2937 | cola=16736 | prio=10 | https://catalog.data.gov/dataset/polygon-boundary-describing-the-source-surveys-used-to-build-the-bathymetric-terrain-mo-84
[DATAGOV] t=6157.0s | pag=3058 | files=6156 | data=2938 | cola=16735 | prio=10 | https://catalog.data.gov/dataset/tidal-creek-sentinel-habitat-database?from_hint=eyJrZXl3b3JkIjoiMjAwMiJ9
[DATAGOV] t=6157.9s | pag=3059 | files=6156 | data=2939 | cola=16734 | prio=10 | https://catalog.data.gov/dataset/tree-canopy-cover-tcc-science-standard-error-se-conterminous-united-states?from_hint=eyJrZXl3b3JkIjoiMjAwMiJ9
[DATAGOV] t=6158.7s | pag=3060 | files=6156 | data=2940 | cola=16733 | prio=10 | https://catalog.data.gov/dataset/shorelines-extracted-from-1984-2015-landsat-imagery-petit-bois-island-mississippi-polyline?from_hint=eyJrZXl3b3JkIjoiMjAwMiJ9
[DATAGOV] t=6159.7s | pag=3061 | files=6156 | data=2941 | cola=16732 | prio=10 | https://catalog.data.gov/dataset/baby-names-from-social-security-card-applications-national-data?from_hint=eyJrZXl3b3JkIjoiMjAwMyJ9
[DATAGOV] t=6160.6s | pag=3062 | files=6156 | data=2942 | cola=16731 | prio=10 | https://catalog.data.gov/dataset/baby-names-from-social-security-card-applications-state-and-district-of-columbia-data?from_hint=eyJrZXl3b3JkIjoiMjAwMyJ9
[DATAGOV] t=6161.4s | pag=3063 | files=6156 | data=2943 | cola=16730 | prio=10 | https://catalog.data.gov/dataset/ssa-disability-claim-data?from_hint=eyJrZXl3b3JkIjoiMjAwMyJ9
[DATAGOV] t=6162.3s | pag=3064 | files=6156 | data=2944 | cola=16729 | prio=10 | https://catalog.data.gov/dataset/baby-names-from-social-security-card-applications-territory-data?from_hint=eyJrZXl3b3JkIjoiMjAwMyJ9
[DATAGOV] t=6163.3s | pag=3065 | files=6156 | data=2945 | cola=16728 | prio=10 | https://catalog.data.gov/dataset/early-season-invasives-mapping-2001-2010-washington-county-utah-usa?from_hint=eyJrZXl3b3JkIjoiMjAwMyJ9
[DATAGOV] t=6163.9s | pag=3066 | files=6156 | data=2946 | cola=16727 | prio=10 | https://catalog.data.gov/dataset/nahant-to-gloucester-massachusets-depth-to-bedrock-bedrock_depth?from_hint=eyJrZXl3b3JkIjoiMjAwMyJ9
[DATAGOV] t=6165.0s | pag=3067 | files=6157 | data=2947 | cola=16733 | prio=10 | https://catalog.data.gov/dataset/nahant-to-gloucester-massachusets-depth-to-bedrock-bedrock_depth
[DATAGOV] t=6165.9s | pag=3068 | files=6157 | data=2948 | cola=16732 | prio=10 | https://catalog.data.gov/dataset/polygon-boundaries-for-source-data-of-a-continuous-terrain-model-for-water-circulation--84?from_hint=eyJrZXl3b3JkIjoiMjAwMyJ9
[DATAGOV] t=6167.0s | pag=3069 | files=6158 | data=2949 | cola=16734 | prio=10 | https://catalog.data.gov/dataset/polygon-boundaries-for-source-data-of-a-continuous-terrain-model-for-water-circulation--84
[DATAGOV] DATASETS=2950 | data_html_table | https://catalog.data.gov/dataset/polygon-boundaries-for-source-data-of-a-continuous-terrain-model-for-water-circulation--84
[DATAGOV] t=6168.1s | pag=3070 | files=6158 | data=2950 | cola=16733 | prio=10 | https://catalog.data.gov/dataset/massachusetts-bay-and-adjacent-land-polygon-boundaries-for-source-data-of-a-continuous--83?from_hint=eyJrZXl3b3JkIjoiMjAwMyJ9
[DATAGOV] t=6168.7s | pag=3071 | files=6158 | data=2951 | cola=16732 | prio=10 | https://catalog.data.gov/dataset/survey-lines-along-which-interferometric-and-multibeam-bathymetric-sonar-data-were-collect?from_hint=eyJrZXl3b3JkIjoiMjAwMyJ9
[DATAGOV] t=6169.6s | pag=3072 | files=6159 | data=2952 | cola=16735 | prio=10 | https://catalog.data.gov/dataset/survey-lines-along-which-interferometric-and-multibeam-bathymetric-sonar-data-were-collect
[DATAGOV] t=6170.3s | pag=3073 | files=6159 | data=2953 | cola=16734 | prio=10 | https://catalog.data.gov/dataset/global-compilation-of-published-gas-hydrate-related-bottom-simulating-reflections?from_hint=eyJrZXl3b3JkIjoiMjAwMyJ9
[DATAGOV] t=6171.4s | pag=3074 | files=6159 | data=2954 | cola=16733 | prio=10 | https://catalog.data.gov/dataset/us-forest-atlas-fia-forest-type-groups-image-service?from_hint=eyJrZXl3b3JkIjoiMjAwMyJ9
[DATAGOV] t=6172.4s | pag=3075 | files=6159 | data=2955 | cola=16740 | prio=10 | https://catalog.data.gov/dataset/gate-1-meter-2003-raster-bathymetry-data?from_hint=eyJrZXl3b3JkIjoiMjAwMyJ9
[DATAGOV] t=6173.2s | pag=3076 | files=6159 | data=2956 | cola=16745 | prio=10 | https://catalog.data.gov/dataset/gate-1-meter-2003-raster-bathymetry-data
[DATAGOV] t=6174.4s | pag=3077 | files=6159 | data=2957 | cola=16744 | prio=10 | https://catalog.data.gov/dataset/shorelines-extracted-from-1984-2015-landsat-imagery-ship-island-mississippi-polyline-combi?from_hint=eyJrZXl3b3JkIjoiMjAwMyJ9
[DATAGOV] t=6175.4s | pag=3078 | files=6159 | data=2958 | cola=16743 | prio=10 | https://catalog.data.gov/dataset/shorelines-extracted-from-1984-2015-landsat-imagery-petit-bois-island-mississippi-polygon-?from_hint=eyJrZXl3b3JkIjoiMjAwMyJ9
[DATAGOV] t=6176.1s | pag=3079 | files=6159 | data=2959 | cola=16742 | prio=10 | https://catalog.data.gov/dataset/shorelines-extracted-from-1984-2015-landsat-imagery-ship-island-mississippi-polygon-combin?from_hint=eyJrZXl3b3JkIjoiMjAwMyJ9
[DATAGOV] t=6177.0s | pag=3080 | files=6159 | data=2960 | cola=16741 | prio=10 | https://catalog.data.gov/dataset/national-land-cover-database-nlcd-tree-canopy-cover-tcc-conterminous-united-states?from_hint=eyJrZXl3b3JkIjoiMjAwMyJ9
[DATAGOV] t=6178.1s | pag=3081 | files=6159 | data=2961 | cola=16740 | prio=10 | https://catalog.data.gov/dataset/noaa-tiff-image-30m-backscatter-south-atlantic-bight-deep-coral-priority-areas-navy-pathfi?from_hint=eyJrZXl3b3JkIjoiMjAwMyJ9
[DATAGOV] t=6184.7s | pag=3082 | files=6160 | data=2962 | cola=16747 | prio=10 | https://catalog.data.gov/dataset/noaa-tiff-image-30m-backscatter-south-atlantic-bight-deep-coral-priority-areas-navy-pathfi
[DATAGOV] t=6185.7s | pag=3083 | files=6160 | data=2963 | cola=16746 | prio=10 | https://catalog.data.gov/dataset/cape-cod-bay-continuous-bathymetry-and-topography-terrain-model-of-the-massachusetts-coast?from_hint=eyJrZXl3b3JkIjoiMjAwMyJ9
[DATAGOV] t=6186.7s | pag=3084 | files=6160 | data=2964 | cola=16745 | prio=10 | https://catalog.data.gov/dataset/productivity-of-u-s-rangelands-annual-data-lbs-acre-image-service?from_hint=eyJrZXl3b3JkIjoiMjAwMyJ9
[DATAGOV] t=6187.8s | pag=3085 | files=6160 | data=2965 | cola=16744 | prio=10 | https://catalog.data.gov/dataset/noaa-tiff-image-30m-slope-south-atlantic-bight-deep-coral-priority-areas-usns-pathfinder-2-0f800?from_hint=eyJrZXl3b3JkIjoiMjAwMyJ9
[DATAGOV] t=6188.4s | pag=3086 | files=6160 | data=2966 | cola=16750 | prio=10 | https://catalog.data.gov/dataset/baby-names-from-social-security-card-applications-national-data?from_hint=eyJrZXl3b3JkIjoiMjAwNCJ9
[DATAGOV] t=6189.3s | pag=3087 | files=6160 | data=2967 | cola=16749 | prio=10 | https://catalog.data.gov/dataset/baby-names-from-social-security-card-applications-state-and-district-of-columbia-data?from_hint=eyJrZXl3b3JkIjoiMjAwNCJ9
[DATAGOV] t=6190.2s | pag=3088 | files=6160 | data=2968 | cola=16748 | prio=10 | https://catalog.data.gov/dataset/ssa-disability-claim-data?from_hint=eyJrZXl3b3JkIjoiMjAwNCJ9
[DATAGOV] t=6191.0s | pag=3089 | files=6160 | data=2969 | cola=16747 | prio=10 | https://catalog.data.gov/dataset/baby-names-from-social-security-card-applications-territory-data?from_hint=eyJrZXl3b3JkIjoiMjAwNCJ9
[DATAGOV] t=6192.1s | pag=3090 | files=6160 | data=2970 | cola=16746 | prio=10 | https://catalog.data.gov/dataset/survey-lines-along-which-swath-bathymetry-data-were-collected-in-buzzards-bay-by-the-u-s-g?from_hint=eyJrZXl3b3JkIjoiMjAwNCJ9
[DATAGOV] t=6193.3s | pag=3091 | files=6161 | data=2971 | cola=16748 | prio=10 | https://catalog.data.gov/dataset/survey-lines-along-which-swath-bathymetry-data-were-collected-in-buzzards-bay-by-the-u-s-g
[DATAGOV] t=6194.4s | pag=3092 | files=6161 | data=2972 | cola=16747 | prio=10 | https://catalog.data.gov/dataset/early-season-invasives-mapping-2001-2010-washington-county-utah-usa?from_hint=eyJrZXl3b3JkIjoiMjAwNCJ9
[DATAGOV] t=6195.3s | pag=3093 | files=6161 | data=2973 | cola=16746 | prio=10 | https://catalog.data.gov/dataset/benefits-data-from-the-benefits-and-earnings-public-use-file-2020?from_hint=eyJrZXl3b3JkIjoiMjAwNCJ9
[DATAGOV] t=6198.9s | pag=3094 | files=6163 | data=2974 | cola=16749 | prio=10 | https://catalog.data.gov/dataset/benefits-data-from-the-benefits-and-earnings-public-use-file-2020
[DATAGOV] DATASETS=2975 | data_html_table | https://catalog.data.gov/dataset/benefits-data-from-the-benefits-and-earnings-public-use-file-2020
[DATAGOV] t=6199.8s | pag=3095 | files=6163 | data=2975 | cola=16748 | prio=10 | https://catalog.data.gov/dataset/noaa-tiff-graphic-0-5-meter-backscatter-mosaic-of-st-john-u-s-virgin-islands-2004?from_hint=eyJrZXl3b3JkIjoiMjAwNCJ9
[DATAGOV] t=6200.9s | pag=3096 | files=6163 | data=2976 | cola=16752 | prio=10 | https://catalog.data.gov/dataset/buzzards-bay-polygon-boundaries-for-source-data-of-a-continuous-bathymetry-and-topograp-83?from_hint=eyJrZXl3b3JkIjoiMjAwNCJ9
[DATAGOV] t=6201.8s | pag=3097 | files=6163 | data=2977 | cola=16751 | prio=10 | https://catalog.data.gov/dataset/nahant-to-gloucester-massachusets-depth-to-bedrock-bedrock_depth?from_hint=eyJrZXl3b3JkIjoiMjAwNCJ9
[DATAGOV] t=6202.9s | pag=3098 | files=6163 | data=2978 | cola=16750 | prio=10 | https://catalog.data.gov/dataset/loggerhead-oral-cavity-morphometry-study-ncei-accession-0164321?from_hint=eyJrZXl3b3JkIjoiMjAwNCJ9
[DATAGOV] t=6203.8s | pag=3099 | files=6163 | data=2979 | cola=16749 | prio=10 | https://catalog.data.gov/dataset/eaarl-coastal-topography-eastern-florida-post-hurricane-frances-2004-first-surface?from_hint=eyJrZXl3b3JkIjoiMjAwNCJ9
[DATAGOV] t=6204.4s | pag=3100 | files=6164 | data=2980 | cola=16754 | prio=10 | https://catalog.data.gov/dataset/eaarl-coastal-topography-eastern-florida-post-hurricane-frances-2004-first-surface
[DATAGOV] t=6205.7s | pag=3101 | files=6164 | data=2981 | cola=16753 | prio=10 | https://catalog.data.gov/dataset/massachusetts-bay-and-adjacent-land-polygon-boundaries-for-source-data-of-a-continuous--83?from_hint=eyJrZXl3b3JkIjoiMjAwNCJ9
[DATAGOV] t=6206.5s | pag=3102 | files=6164 | data=2982 | cola=16752 | prio=10 | https://catalog.data.gov/dataset/global-compilation-of-published-gas-hydrate-related-bottom-simulating-reflections?from_hint=eyJrZXl3b3JkIjoiMjAwNCJ9
[DATAGOV] t=6207.5s | pag=3103 | files=6164 | data=2983 | cola=16751 | prio=10 | https://catalog.data.gov/dataset/shorelines-extracted-from-1984-2015-landsat-imagery-ship-island-mississippi-polyline-combi?from_hint=eyJrZXl3b3JkIjoiMjAwNCJ9
[DATAGOV] t=6208.2s | pag=3104 | files=6164 | data=2984 | cola=16750 | prio=10 | https://catalog.data.gov/dataset/shorelines-extracted-from-1984-2015-landsat-imagery-petit-bois-island-mississippi-polygon-?from_hint=eyJrZXl3b3JkIjoiMjAwNCJ9
[DATAGOV] t=6208.8s | pag=3105 | files=6164 | data=2985 | cola=16749 | prio=10 | https://catalog.data.gov/dataset/shorelines-extracted-from-1984-2015-landsat-imagery-ship-island-mississippi-polygon-combin?from_hint=eyJrZXl3b3JkIjoiMjAwNCJ9
[DATAGOV] t=6209.5s | pag=3106 | files=6164 | data=2986 | cola=16748 | prio=10 | https://catalog.data.gov/dataset/national-land-cover-database-nlcd-tree-canopy-cover-tcc-conterminous-united-states?from_hint=eyJrZXl3b3JkIjoiMjAwNCJ9
[DATAGOV] t=6210.2s | pag=3107 | files=6164 | data=2987 | cola=16747 | prio=10 | https://catalog.data.gov/dataset/vineyard-and-nantucket-sounds-southern-coast-of-cape-cod-including-marthas-vineyard-and-83?from_hint=eyJrZXl3b3JkIjoiMjAwNCJ9
[DATAGOV] t=6211.1s | pag=3108 | files=6164 | data=2988 | cola=16746 | prio=10 | https://catalog.data.gov/dataset/311-service-requests-for-2004?from_hint=eyJrZXl3b3JkIjoiMjAwNCJ9
[DATAGOV] t=6211.8s | pag=3109 | files=6167 | data=2989 | cola=16746 | prio=10 | https://catalog.data.gov/dataset/311-service-requests-for-2004
[DATAGOV] t=6212.6s | pag=3110 | files=6167 | data=2990 | cola=16745 | prio=10 | https://catalog.data.gov/dataset/baby-names-from-social-security-card-applications-national-data?from_hint=eyJrZXl3b3JkIjoiMjAwNSJ9
[DATAGOV] t=6213.9s | pag=3111 | files=6167 | data=2991 | cola=16744 | prio=10 | https://catalog.data.gov/dataset/baby-names-from-social-security-card-applications-state-and-district-of-columbia-data?from_hint=eyJrZXl3b3JkIjoiMjAwNSJ9
[DATAGOV] t=6215.0s | pag=3112 | files=6167 | data=2992 | cola=16743 | prio=10 | https://catalog.data.gov/dataset/ssa-disability-claim-data?from_hint=eyJrZXl3b3JkIjoiMjAwNSJ9
[DATAGOV] t=6215.9s | pag=3113 | files=6167 | data=2993 | cola=16742 | prio=10 | https://catalog.data.gov/dataset/baby-names-from-social-security-card-applications-territory-data?from_hint=eyJrZXl3b3JkIjoiMjAwNSJ9
[DATAGOV] t=6216.7s | pag=3114 | files=6167 | data=2994 | cola=16741 | prio=10 | https://catalog.data.gov/dataset/protected-areas-database-of-the-united-states-pad-us?from_hint=eyJrZXl3b3JkIjoiMjAwNSJ9
[DATAGOV] t=6217.4s | pag=3115 | files=6168 | data=2995 | cola=16741 | prio=10 | https://catalog.data.gov/dataset/protected-areas-database-of-the-united-states-pad-us
[DATAGOV] t=6218.3s | pag=3116 | files=6168 | data=2996 | cola=16740 | prio=10 | https://catalog.data.gov/dataset/protected-areas-database-of-the-united-states-pad-us-3-0-spatial-analysis-and-statistics?from_hint=eyJrZXl3b3JkIjoiMjAwNSJ9
[DATAGOV] t=6219.4s | pag=3117 | files=6169 | data=2997 | cola=16740 | prio=10 | https://catalog.data.gov/dataset/protected-areas-database-of-the-united-states-pad-us-3-0-spatial-analysis-and-statistics
[DATAGOV] t=6220.4s | pag=3118 | files=6169 | data=2998 | cola=16739 | prio=10 | https://catalog.data.gov/dataset/eaarl-coastal-topography-chandeleur-islands-louisiana-post-hurricane-katrina-2005-first-su?from_hint=eyJrZXl3b3JkIjoiMjAwNSJ9
[DATAGOV] t=6221.1s | pag=3119 | files=6170 | data=2999 | cola=16742 | prio=10 | https://catalog.data.gov/dataset/eaarl-coastal-topography-chandeleur-islands-louisiana-post-hurricane-katrina-2005-first-su
[DATAGOV] DATASETS=3000 | data_html_table | https://catalog.data.gov/dataset/eaarl-coastal-topography-chandeleur-islands-louisiana-post-hurricane-katrina-2005-first-su
[DATAGOV] t=6222.3s | pag=3120 | files=6170 | data=3000 | cola=16741 | prio=10 | https://catalog.data.gov/dataset/early-season-invasives-mapping-2001-2010-washington-county-utah-usa?from_hint=eyJrZXl3b3JkIjoiMjAwNSJ9
[DATAGOV] t=6222.9s | pag=3121 | files=6170 | data=3001 | cola=16740 | prio=10 | https://catalog.data.gov/dataset/protected-areas-database-of-the-united-states-pad-us-2-1?from_hint=eyJrZXl3b3JkIjoiMjAwNSJ9
[DATAGOV] t=6224.0s | pag=3122 | files=6171 | data=3002 | cola=16740 | prio=10 | https://catalog.data.gov/dataset/protected-areas-database-of-the-united-states-pad-us-2-1
[DATAGOV] t=6225.1s | pag=3123 | files=6171 | data=3003 | cola=16739 | prio=10 | https://catalog.data.gov/dataset/protected-areas-database-of-the-united-states-pad-us-2-0?from_hint=eyJrZXl3b3JkIjoiMjAwNSJ9
[DATAGOV] t=6225.9s | pag=3124 | files=6172 | data=3004 | cola=16739 | prio=10 | https://catalog.data.gov/dataset/protected-areas-database-of-the-united-states-pad-us-2-0
[DATAGOV] t=6226.8s | pag=3125 | files=6172 | data=3005 | cola=16738 | prio=10 | https://catalog.data.gov/dataset/eaarl-coastal-topographytexas-post-hurricane-rita-2005-first-return?from_hint=eyJrZXl3b3JkIjoiMjAwNSJ9
[DATAGOV] t=6227.9s | pag=3126 | files=6173 | data=3006 | cola=16739 | prio=10 | https://catalog.data.gov/dataset/eaarl-coastal-topographytexas-post-hurricane-rita-2005-first-return
[DATAGOV] t=6228.7s | pag=3127 | files=6173 | data=3007 | cola=16738 | prio=10 | https://catalog.data.gov/dataset/polygon-boundaries-for-source-data-of-a-continuous-terrain-model-for-water-circulation--84?from_hint=eyJrZXl3b3JkIjoiMjAwNSJ9
[DATAGOV] t=6229.7s | pag=3128 | files=6173 | data=3008 | cola=16737 | prio=10 | https://catalog.data.gov/dataset/cost-earnings-data-2005-hawaii-longline?from_hint=eyJrZXl3b3JkIjoiMjAwNSJ9
[DATAGOV] t=6230.5s | pag=3129 | files=6173 | data=3009 | cola=16737 | prio=10 | https://catalog.data.gov/dataset/massachusetts-bay-and-adjacent-land-polygon-boundaries-for-source-data-of-a-continuous--83?from_hint=eyJrZXl3b3JkIjoiMjAwNSJ9
[DATAGOV] t=6231.6s | pag=3130 | files=6173 | data=3010 | cola=16736 | prio=10 | https://catalog.data.gov/dataset/eaarl-coastal-topography-chandeleur-islands-louisiana-post-hurricane-katrina-2005-bare-ear?from_hint=eyJrZXl3b3JkIjoiMjAwNSJ9
[DATAGOV] t=6232.3s | pag=3131 | files=6174 | data=3011 | cola=16737 | prio=10 | https://catalog.data.gov/dataset/eaarl-coastal-topography-chandeleur-islands-louisiana-post-hurricane-katrina-2005-bare-ear
[DATAGOV] t=6232.9s | pag=3132 | files=6174 | data=3012 | cola=16736 | prio=10 | https://catalog.data.gov/dataset/shorelines-extracted-from-1984-2015-landsat-imagery-ship-island-mississippi-polyline-combi?from_hint=eyJrZXl3b3JkIjoiMjAwNSJ9
[DATAGOV] t=6233.9s | pag=3133 | files=6174 | data=3013 | cola=16735 | prio=10 | https://catalog.data.gov/dataset/protected-areas-database-of-the-united-states-pad-us-3-0-ver-2-0-march-2023?from_hint=eyJrZXl3b3JkIjoiMjAwNSJ9
[DATAGOV] t=6235.1s | pag=3134 | files=6175 | data=3014 | cola=16735 | prio=10 | https://catalog.data.gov/dataset/protected-areas-database-of-the-united-states-pad-us-3-0-ver-2-0-march-2023
[DATAGOV] t=6236.0s | pag=3135 | files=6175 | data=3015 | cola=16734 | prio=10 | https://catalog.data.gov/dataset/shorelines-extracted-from-1984-2015-landsat-imagery-petit-bois-island-mississippi-polygon-?from_hint=eyJrZXl3b3JkIjoiMjAwNSJ9
[DATAGOV] t=6236.7s | pag=3136 | files=6175 | data=3016 | cola=16733 | prio=10 | https://catalog.data.gov/dataset/shorelines-extracted-from-1984-2015-landsat-imagery-ship-island-mississippi-polygon-combin?from_hint=eyJrZXl3b3JkIjoiMjAwNSJ9
[DATAGOV] t=6237.8s | pag=3137 | files=6175 | data=3017 | cola=16732 | prio=10 | https://catalog.data.gov/dataset/national-land-cover-database-nlcd-tree-canopy-cover-tcc-conterminous-united-states?from_hint=eyJrZXl3b3JkIjoiMjAwNSJ9
[DATAGOV] t=6238.9s | pag=3138 | files=6175 | data=3018 | cola=16731 | prio=10 | https://catalog.data.gov/?keyword=JSON+file
[DATAGOV] t=6239.7s | pag=3139 | files=6175 | data=3019 | cola=16731 | prio=10 | https://catalog.data.gov/?keyword=Json
[DATAGOV] t=6240.6s | pag=3140 | files=6176 | data=3020 | cola=16757 | prio=10 | https://catalog.data.gov/?keyword=SSA
[DATAGOV] t=6241.6s | pag=3141 | files=6176 | data=3021 | cola=16777 | prio=10 | https://catalog.data.gov/?keyword=Social+Security
[DATAGOV] t=6242.7s | pag=3142 | files=6176 | data=3022 | cola=16796 | prio=10 | https://catalog.data.gov/?keyword=Social+Security+Administration
[DATAGOV] t=6243.8s | pag=3143 | files=6176 | data=3023 | cola=16816 | prio=10 | https://catalog.data.gov/?keyword=data+asset
[DATAGOV] t=6244.6s | pag=3144 | files=6176 | data=3024 | cola=16824 | prio=10 | https://catalog.data.gov/dataset/None
[DATAGOV] t=6245.6s | pag=3144 | files=6176 | data=3024 | cola=16823 | prio=10 | https://catalog.data.gov/harvest_record/7b99c34f-1cf1-42ae-83d2-a6cb2fc6447d/raw
[DATAGOV] t=6247.6s | pag=3144 | files=6177 | data=3024 | cola=16822 | prio=10 | https://catalog.data.gov/?keyword=Batch+Query+System
[DATAGOV] DATASETS=3025 | exportable_data_page | https://catalog.data.gov/?keyword=Batch+Query+System
[DATAGOV] t=6249.3s | pag=3145 | files=6177 | data=3025 | cola=16822 | prio=10 | https://catalog.data.gov/?keyword=File+Transfer+Management+System
[DATAGOV] t=6250.1s | pag=3146 | files=6177 | data=3026 | cola=16822 | prio=10 | https://catalog.data.gov/?keyword=SSN+Verification
[DATAGOV] t=6250.9s | pag=3147 | files=6177 | data=3027 | cola=16826 | prio=10 | https://catalog.data.gov/?keyword=SVES
[DATAGOV] t=6251.7s | pag=3148 | files=6177 | data=3028 | cola=16836 | prio=10 | https://catalog.data.gov/harvest_record/323b611f-2229-4739-b8d3-7d7384c43998/raw
[DATAGOV] t=6252.3s | pag=3148 | files=6178 | data=3028 | cola=16835 | prio=10 | https://catalog.data.gov/?keyword=SOLQ
[DATAGOV] t=6254.4s | pag=3149 | files=6178 | data=3029 | cola=16838 | prio=10 | https://catalog.data.gov/?keyword=State+Online+Query+System
[DATAGOV] t=6255.4s | pag=3150 | files=6178 | data=3030 | cola=16840 | prio=10 | https://catalog.data.gov/harvest_record/e76bb85e-6fe7-416a-a92a-a14d55beaf4d/raw
[DATAGOV] t=6256.4s | pag=3150 | files=6179 | data=3030 | cola=16839 | prio=10 | https://catalog.data.gov/?keyword=SSN
[DATAGOV] t=6258.2s | pag=3151 | files=6179 | data=3031 | cola=16859 | prio=10 | https://catalog.data.gov/?keyword=social+security+number
[DATAGOV] t=6259.2s | pag=3152 | files=6179 | data=3032 | cola=16861 | prio=10 | https://catalog.data.gov/harvest_record/981f2e9e-14fb-4f12-a2c1-1b99abd7d3a6/raw
[DATAGOV] t=6259.7s | pag=3152 | files=6180 | data=3032 | cola=16860 | prio=10 | https://catalog.data.gov/?keyword=enumeration
[DATAGOV] t=6261.5s | pag=3153 | files=6180 | data=3033 | cola=16869 | prio=10 | https://catalog.data.gov/?keyword=numeric+identification
[DATAGOV] t=6262.4s | pag=3154 | files=6180 | data=3034 | cola=16869 | prio=10 | https://catalog.data.gov/?keyword=numident
[DATAGOV] t=6263.2s | pag=3155 | files=6180 | data=3035 | cola=16878 | prio=10 | https://catalog.data.gov/?keyword=system+of+record
[DATAGOV] t=6263.8s | pag=3156 | files=6180 | data=3036 | cola=16881 | prio=10 | https://catalog.data.gov/harvest_record/e027cd30-852d-41ab-90a5-d8f7d074a8e1/raw
[DATAGOV] t=6264.4s | pag=3156 | files=6181 | data=3036 | cola=16880 | prio=10 | https://catalog.data.gov/?keyword=2006
[DATAGOV] t=6266.3s | pag=3157 | files=6181 | data=3037 | cola=16899 | prio=10 | https://catalog.data.gov/?keyword=2007
[DATAGOV] t=6266.9s | pag=3158 | files=6181 | data=3038 | cola=16919 | prio=10 | https://catalog.data.gov/?keyword=2008
[DATAGOV] t=6267.6s | pag=3159 | files=6181 | data=3039 | cola=16939 | prio=10 | https://catalog.data.gov/harvest_record/7333d2cf-8290-4987-8e56-64f749e3d0c6/raw
[DATAGOV] t=6268.1s | pag=3159 | files=6182 | data=3039 | cola=16938 | prio=10 | https://catalog.data.gov/?keyword=pending+redeterminations
[DATAGOV] t=6269.9s | pag=3160 | files=6182 | data=3040 | cola=16938 | prio=10 | https://catalog.data.gov/?keyword=starz+and+stripes
[DATAGOV] t=6270.7s | pag=3161 | files=6182 | data=3041 | cola=16940 | prio=10 | https://catalog.data.gov/harvest_record/8f8eb1f7-de78-4261-b39b-451a117fd5d6/raw
[DATAGOV] t=6271.6s | pag=3161 | files=6183 | data=3041 | cola=16939 | prio=10 | https://catalog.data.gov/?keyword=API
[DATAGOV] t=6273.6s | pag=3162 | files=6183 | data=3042 | cola=16958 | prio=10 | https://catalog.data.gov/?keyword=Address
[DATAGOV] t=6274.1s | pag=3163 | files=6183 | data=3043 | cola=16977 | prio=10 | https://catalog.data.gov/?keyword=Application+Developers
[DATAGOV] t=6275.0s | pag=3164 | files=6183 | data=3044 | cola=16978 | prio=10 | https://catalog.data.gov/?keyword=FOIA
[DATAGOV] t=6275.7s | pag=3165 | files=6183 | data=3045 | cola=17000 | prio=10 | https://catalog.data.gov/?keyword=Field+Office
[DATAGOV] t=6277.0s | pag=3166 | files=6191 | data=3046 | cola=17035 | prio=10 | https://catalog.data.gov/?keyword=Field+Office+Locations
[DATAGOV] t=6277.9s | pag=3167 | files=6191 | data=3047 | cola=17038 | prio=10 | https://catalog.data.gov/?keyword=Freedom+Of+Information
[DATAGOV] t=6278.5s | pag=3168 | files=6191 | data=3048 | cola=17064 | prio=10 | https://catalog.data.gov/?keyword=Hours+Of+Operation
[DATAGOV] t=6279.5s | pag=3169 | files=6191 | data=3049 | cola=17067 | prio=10 | https://catalog.data.gov/dataset/{'title': 'Field Office Contact Information landing page', 'accessURL': 'https:/www.ssa.gov/data/FO-RS-Address-Open-Close-Time-App-Devs.html'}
[DATAGOV] t=6280.2s | pag=3169 | files=6191 | data=3049 | cola=17066 | prio=10 | https://catalog.data.gov/harvest_record/56271ae1-5068-4f51-b1cb-44d9b3e7221d/raw
[DATAGOV] t=6281.6s | pag=3169 | files=6192 | data=3049 | cola=17065 | prio=10 | https://catalog.data.gov/dataset/{'title': 'Baby Names from Social Security Card Applications - Territory Data landing page', 'accessURL': 'https:/www.ssa.gov/oact/babynames/index.html'}
[DATAGOV] t=6283.2s | pag=3169 | files=6192 | data=3049 | cola=17064 | prio=10 | https://catalog.data.gov/harvest_record/f6d91aad-5c24-4113-b1b9-413aa3dc0c1d/raw
[DATAGOV] t=6285.1s | pag=3169 | files=6193 | data=3049 | cola=17063 | prio=10 | https://catalog.data.gov/?keyword=abuse
[DATAGOV] DATASETS=3050 | exportable_data_page | https://catalog.data.gov/?keyword=abuse
[DATAGOV] t=6286.9s | pag=3170 | files=6193 | data=3050 | cola=17089 | prio=10 | https://catalog.data.gov/?keyword=audit
[DATAGOV] t=6287.8s | pag=3171 | files=6193 | data=3051 | cola=17119 | prio=10 | https://catalog.data.gov/?keyword=enumeration+transactions
[DATAGOV] t=6288.9s | pag=3172 | files=6193 | data=3052 | cola=17119 | prio=10 | https://catalog.data.gov/?keyword=fraud
[DATAGOV] t=6290.1s | pag=3173 | files=6193 | data=3053 | cola=17138 | prio=10 | https://catalog.data.gov/harvest_record/3f0cf63a-ce56-4bdc-9b5e-acd7bd52200d/raw
[DATAGOV] t=6290.5s | pag=3173 | files=6194 | data=3053 | cola=17137 | prio=10 | https://catalog.data.gov/?keyword=County
[DATAGOV] t=6292.6s | pag=3174 | files=6194 | data=3054 | cola=17156 | prio=10 | https://catalog.data.gov/?keyword=Recipients
[DATAGOV] t=6293.3s | pag=3175 | files=6194 | data=3055 | cola=17192 | prio=10 | https://catalog.data.gov/?keyword=SSI
[DATAGOV] t=6294.3s | pag=3176 | files=6194 | data=3056 | cola=17214 | prio=10 | https://catalog.data.gov/?keyword=Supplemental+Security+Income
[DATAGOV] t=6295.0s | pag=3177 | files=6194 | data=3057 | cola=17234 | prio=10 | https://catalog.data.gov/?collection=US-GOV-SSA-3414
[DATAGOV] t=6298.7s | pag=3178 | files=6194 | data=3058 | cola=17258 | prio=10 | https://catalog.data.gov/dataset/{'title': 'SSI Recipients by State and County, 2024 landing page', 'accessURL': 'https:/www.ssa.gov/policy/docs/statcomps/ssi_sc/2024/index.html'}
[DATAGOV] t=6299.6s | pag=3178 | files=6194 | data=3058 | cola=17257 | prio=10 | https://catalog.data.gov/harvest_record/725eb24e-fb2d-4565-bbec-87d7430145c7/raw
[DATAGOV] t=6301.3s | pag=3178 | files=6195 | data=3058 | cola=17256 | prio=10 | https://catalog.data.gov/?keyword=CICS
[DATAGOV] t=6304.7s | pag=3179 | files=6195 | data=3059 | cola=17257 | prio=10 | https://catalog.data.gov/?keyword=GUNSCHIP
[DATAGOV] t=6305.1s | pag=3180 | files=6195 | data=3060 | cola=17258 | prio=10 | https://catalog.data.gov/?keyword=GUVERF02
[DATAGOV] t=6306.4s | pag=3181 | files=6195 | data=3061 | cola=17258 | prio=10 | https://catalog.data.gov/?keyword=Numident+record
[DATAGOV] t=6307.3s | pag=3182 | files=6195 | data=3062 | cola=17258 | prio=10 | https://catalog.data.gov/?keyword=SSN+Verification+Service
[DATAGOV] t=6308.0s | pag=3183 | files=6195 | data=3063 | cola=17258 | prio=10 | https://catalog.data.gov/harvest_record/e18373f4-3279-4816-9077-e4feeca95173/raw
[DATAGOV] t=6309.0s | pag=3183 | files=6196 | data=3063 | cola=17257 | prio=10 | https://catalog.data.gov/?keyword=ALJ
[DATAGOV] t=6311.4s | pag=3184 | files=6196 | data=3064 | cola=17288 | prio=10 | https://catalog.data.gov/?keyword=Administrative+Law+Judge
[DATAGOV] t=6312.1s | pag=3185 | files=6196 | data=3065 | cola=17311 | prio=10 | https://catalog.data.gov/?keyword=Allowances
[DATAGOV] t=6313.1s | pag=3186 | files=6196 | data=3066 | cola=17330 | prio=10 | https://catalog.data.gov/?keyword=Decisions
[DATAGOV] t=6314.1s | pag=3187 | files=6196 | data=3067 | cola=17350 | prio=10 | https://catalog.data.gov/?keyword=Denials
[DATAGOV] t=6314.8s | pag=3188 | files=6196 | data=3068 | cola=17371 | prio=10 | https://catalog.data.gov/?keyword=Dispositions
[DATAGOV] t=6315.5s | pag=3189 | files=6196 | data=3069 | cola=17390 | prio=10 | https://catalog.data.gov/?collection=US-GOV-SSA-1199
[DATAGOV] t=6318.6s | pag=3190 | files=6196 | data=3070 | cola=17413 | prio=10 | https://catalog.data.gov/dataset/{'title': 'ALJ Disposition Data - Current Report landing page', 'accessURL': 'https:/www.ssa.gov/appeals/DataSets/03_ALJ_Disposition_Data.html'}
[DATAGOV] t=6319.2s | pag=3190 | files=6196 | data=3070 | cola=17412 | prio=10 | https://catalog.data.gov/harvest_record/ea06d38c-20bb-4226-9a11-8811937818ad/raw
[DATAGOV] t=6321.1s | pag=3190 | files=6197 | data=3070 | cola=17411 | prio=10 | https://catalog.data.gov/?keyword=PUPS
[DATAGOV] t=6322.9s | pag=3191 | files=6197 | data=3071 | cola=17416 | prio=10 | https://catalog.data.gov/?keyword=Prisoner+Update+Processing+System
[DATAGOV] t=6323.8s | pag=3192 | files=6197 | data=3072 | cola=17418 | prio=10 | https://catalog.data.gov/harvest_record/4d96cf23-f709-4787-9eed-e93d2f7397fc/raw
[DATAGOV] t=6324.8s | pag=3192 | files=6198 | data=3072 | cola=17417 | prio=10 | https://catalog.data.gov/?keyword=2016
[DATAGOV] t=6326.8s | pag=3193 | files=6198 | data=3073 | cola=17438 | prio=10 | https://catalog.data.gov/?keyword=2017
[DATAGOV] t=6327.8s | pag=3194 | files=6198 | data=3074 | cola=17459 | prio=10 | https://catalog.data.gov/?keyword=2018
[DATAGOV] DATASETS=3075 | exportable_data_page | https://catalog.data.gov/?keyword=2018
[DATAGOV] t=6328.6s | pag=3195 | files=6198 | data=3075 | cola=17478 | prio=10 | https://catalog.data.gov/?keyword=2019
[DATAGOV] t=6329.3s | pag=3196 | files=6198 | data=3076 | cola=17497 | prio=10 | https://catalog.data.gov/?keyword=2020
[DATAGOV] t=6330.5s | pag=3197 | files=6198 | data=3077 | cola=17520 | prio=10 | https://catalog.data.gov/?collection=US-GOV-SSA-1406
[DATAGOV] t=6333.7s | pag=3198 | files=6198 | data=3078 | cola=17524 | prio=10 | https://catalog.data.gov/dataset/{'title': 'Combined Title II Disability and Title XVI Blind and Disabled Average Processing Time - FY 2016 On landing page', 'accessURL': 'https:/www.ssa.gov/data/Combined-Disability-Processing-Time.html'}
[DATAGOV] t=6334.7s | pag=3198 | files=6198 | data=3078 | cola=17523 | prio=10 | https://catalog.data.gov/harvest_record/9d05c718-9355-448e-acbb-42c38a1d5d9d/raw
[DATAGOV] t=6336.5s | pag=3198 | files=6199 | data=3078 | cola=17522 | prio=10 | https://catalog.data.gov/?keyword=Benefits+Calculations
[DATAGOV] t=6338.5s | pag=3199 | files=6199 | data=3079 | cola=17560 | prio=10 | https://catalog.data.gov/?keyword=Disability+Insurance
[DATAGOV] t=6339.2s | pag=3200 | files=6199 | data=3080 | cola=17584 | prio=10 | https://catalog.data.gov/?keyword=Hospital+Insurance
[DATAGOV] t=6340.1s | pag=3201 | files=6199 | data=3081 | cola=17603 | prio=10 | https://catalog.data.gov/?keyword=OASDI
[DATAGOV] t=6340.9s | pag=3202 | files=6199 | data=3082 | cola=17623 | prio=10 | https://catalog.data.gov/?keyword=OASDI+Benefit+Award+Data
[DATAGOV] t=6341.8s | pag=3203 | files=6199 | data=3083 | cola=17642 | prio=10 | https://catalog.data.gov/?keyword=OASDI+Coverage
[DATAGOV] t=6342.7s | pag=3204 | files=6199 | data=3084 | cola=17661 | prio=10 | https://catalog.data.gov/?keyword=OASDI+Financing
[DATAGOV] t=6343.5s | pag=3205 | files=6199 | data=3085 | cola=17680 | prio=10 | https://catalog.data.gov/?keyword=OASDI+Insured+Status
[DATAGOV] t=6344.1s | pag=3206 | files=6199 | data=3086 | cola=17699 | prio=10 | https://catalog.data.gov/?collection=US-GOV-SSA-310
[DATAGOV] t=6347.4s | pag=3207 | files=6199 | data=3087 | cola=17718 | prio=10 | https://catalog.data.gov/dataset/{'title': 'Annual Statistical Supplement, 2025 landing page', 'accessURL': 'https:/www.ssa.gov/policy/docs/statcomps/supplement/2025/index.html'}
[DATAGOV] t=6348.1s | pag=3207 | files=6199 | data=3087 | cola=17717 | prio=10 | https://catalog.data.gov/harvest_record/f8628be8-6523-4af8-9977-f768535fcfa2/raw
[DATAGOV] t=6349.7s | pag=3207 | files=6200 | data=3087 | cola=17716 | prio=10 | https://catalog.data.gov/?keyword=Appeals
[DATAGOV] t=6351.7s | pag=3208 | files=6200 | data=3088 | cola=17735 | prio=10 | https://catalog.data.gov/?keyword=Disability
[DATAGOV] t=6352.4s | pag=3209 | files=6200 | data=3089 | cola=17754 | prio=10 | https://catalog.data.gov/?keyword=Hearing+Office
[DATAGOV] t=6353.1s | pag=3210 | files=6200 | data=3090 | cola=17776 | prio=10 | https://catalog.data.gov/?keyword=Hearings
[DATAGOV] t=6354.0s | pag=3211 | files=6200 | data=3091 | cola=17796 | prio=10 | https://catalog.data.gov/?keyword=Region
[DATAGOV] t=6355.0s | pag=3212 | files=6200 | data=3092 | cola=17826 | prio=10 | https://catalog.data.gov/harvest_record/fc192450-9509-433f-86be-ac665a52d6f5/raw
[DATAGOV] t=6355.7s | pag=3212 | files=6201 | data=3092 | cola=17825 | prio=10 | https://catalog.data.gov/?keyword=NOVU
[DATAGOV] t=6357.5s | pag=3213 | files=6201 | data=3093 | cola=17829 | prio=10 | https://catalog.data.gov/?keyword=Numident
[DATAGOV] t=6358.8s | pag=3214 | files=6201 | data=3094 | cola=17838 | prio=10 | https://catalog.data.gov/?keyword=SSN+Verifications
[DATAGOV] t=6359.8s | pag=3215 | files=6201 | data=3095 | cola=17838 | prio=10 | https://catalog.data.gov/?keyword=SSNVS
[DATAGOV] t=6361.0s | pag=3216 | files=6201 | data=3096 | cola=17839 | prio=10 | https://catalog.data.gov/?keyword=SSOLV
[DATAGOV] t=6362.0s | pag=3217 | files=6201 | data=3097 | cola=17840 | prio=10 | https://catalog.data.gov/harvest_record/ad266300-5fe0-4149-b3b4-028263e2a66e/raw
[DATAGOV] t=6362.8s | pag=3217 | files=6202 | data=3097 | cola=17839 | prio=10 | https://catalog.data.gov/dataset/crime-data-from-2020-to-present?from_hint=eyJrZXl3b3JkIjoiY3JpbWUifQ%3D%3D
[DATAGOV] t=6364.8s | pag=3218 | files=6202 | data=3098 | cola=17838 | prio=10 | https://catalog.data.gov/dataset/crimes-2001-to-present?from_hint=eyJrZXl3b3JkIjoiY3JpbWUifQ%3D%3D
[DATAGOV] t=6365.6s | pag=3219 | files=6202 | data=3099 | cola=17837 | prio=10 | https://catalog.data.gov/dataset/nypd-arrest-data-year-to-date?from_hint=eyJrZXl3b3JkIjoiY3JpbWUifQ%3D%3D
[DATAGOV] DATASETS=3100 | data_html_table | https://catalog.data.gov/dataset/nypd-arrest-data-year-to-date?from_hint=eyJrZXl3b3JkIjoiY3JpbWUifQ%3D%3D
[DATAGOV] t=6366.6s | pag=3220 | files=6202 | data=3100 | cola=17836 | prio=10 | https://catalog.data.gov/dataset/crime-incidents-in-the-last-30-days?from_hint=eyJrZXl3b3JkIjoiY3JpbWUifQ%3D%3D
[DATAGOV] t=6367.2s | pag=3221 | files=6202 | data=3101 | cola=17841 | prio=10 | https://catalog.data.gov/dataset/crime-incidents-in-the-last-30-days
[DATAGOV] t=6368.0s | pag=3222 | files=6202 | data=3102 | cola=17840 | prio=10 | https://catalog.data.gov/dataset/crime-incidents-in-2025?from_hint=eyJrZXl3b3JkIjoiY3JpbWUifQ%3D%3D
[DATAGOV] t=6368.9s | pag=3223 | files=6202 | data=3103 | cola=17840 | prio=10 | https://catalog.data.gov/dataset/crime-incidents-in-2025
[DATAGOV] t=6369.6s | pag=3224 | files=6202 | data=3104 | cola=17839 | prio=10 | https://catalog.data.gov/dataset/hate-crime-incident-open-data?from_hint=eyJrZXl3b3JkIjoiY3JpbWUifQ%3D%3D
[DATAGOV] t=6370.7s | pag=3225 | files=6202 | data=3105 | cola=17838 | prio=10 | https://catalog.data.gov/dataset/lapd-nibrs-offenses-dataset?from_hint=eyJrZXl3b3JkIjoiY3JpbWUifQ%3D%3D
[DATAGOV] t=6371.8s | pag=3226 | files=6202 | data=3106 | cola=17837 | prio=10 | https://catalog.data.gov/dataset/providence-police-case-log-past-180-days?from_hint=eyJrZXl3b3JkIjoiY3JpbWUifQ%3D%3D
[DATAGOV] t=6372.9s | pag=3227 | files=6202 | data=3107 | cola=17836 | prio=10 | https://catalog.data.gov/dataset/nypd-arrests-data-historic?from_hint=eyJrZXl3b3JkIjoiY3JpbWUifQ%3D%3D
[DATAGOV] t=6374.1s | pag=3228 | files=6202 | data=3108 | cola=17835 | prio=10 | https://catalog.data.gov/dataset/police-incidents?from_hint=eyJrZXl3b3JkIjoiY3JpbWUifQ%3D%3D
[DATAGOV] t=6374.6s | pag=3229 | files=6202 | data=3109 | cola=17836 | prio=10 | https://catalog.data.gov/organization/cary-nc
[DATAGOV] t=6375.4s | pag=3230 | files=6202 | data=3110 | cola=17852 | prio=10 | https://catalog.data.gov/dataset/police-incidents
[DATAGOV] t=6377.3s | pag=3231 | files=6202 | data=3111 | cola=17851 | prio=10 | https://catalog.data.gov/dataset/sex-offender-registry?from_hint=eyJrZXl3b3JkIjoiY3JpbWUifQ%3D%3D
[DATAGOV] t=6377.8s | pag=3232 | files=6202 | data=3112 | cola=17854 | prio=10 | https://catalog.data.gov/dataset/sex-offender-registry
[DATAGOV] t=6378.7s | pag=3233 | files=6202 | data=3113 | cola=17853 | prio=10 | https://catalog.data.gov/dataset/lapd-nibrs-offenses-dataset-2026-to-present?from_hint=eyJrZXl3b3JkIjoiY3JpbWUifQ%3D%3D
[DATAGOV] t=6379.3s | pag=3234 | files=6202 | data=3114 | cola=17852 | prio=10 | https://catalog.data.gov/dataset/police-department-incident-reports-2018-to-present?from_hint=eyJrZXl3b3JkIjoiY3JpbWUifQ%3D%3D
[DATAGOV] t=6380.3s | pag=3235 | files=6202 | data=3115 | cola=17851 | prio=10 | https://catalog.data.gov/dataset/east-baton-rouge-parish-combined-crime-incidents?from_hint=eyJrZXl3b3JkIjoiY3JpbWUifQ%3D%3D
[DATAGOV] t=6381.0s | pag=3236 | files=6202 | data=3116 | cola=17850 | prio=10 | https://catalog.data.gov/dataset/nypd-shootings?from_hint=eyJrZXl3b3JkIjoiY3JpbWUifQ%3D%3D
[DATAGOV] t=6382.1s | pag=3237 | files=6205 | data=3117 | cola=17852 | prio=10 | https://catalog.data.gov/dataset/nypd-shootings
[DATAGOV] t=6383.2s | pag=3238 | files=6205 | data=3118 | cola=17851 | prio=10 | https://catalog.data.gov/dataset/bias-crime?from_hint=eyJrZXl3b3JkIjoiY3JpbWUifQ%3D%3D
[DATAGOV] t=6385.2s | pag=3239 | files=6205 | data=3119 | cola=17853 | prio=10 | https://catalog.data.gov/dataset/bias-crime
[DATAGOV] t=6385.6s | pag=3240 | files=6205 | data=3120 | cola=17852 | prio=10 | https://catalog.data.gov/dataset/washington-state-criminal-justice-data-book?from_hint=eyJrZXl3b3JkIjoiY3JpbWUifQ%3D%3D
[DATAGOV] t=6386.3s | pag=3241 | files=6205 | data=3121 | cola=17851 | prio=10 | https://catalog.data.gov/dataset/nypd-complaint-data-historic?from_hint=eyJrZXl3b3JkIjoiY3JpbWUifQ%3D%3D
[DATAGOV] t=6387.3s | pag=3242 | files=6208 | data=3122 | cola=17851 | prio=10 | https://catalog.data.gov/dataset/nypd-complaint-data-historic
[DATAGOV] t=6388.2s | pag=3243 | files=6208 | data=3123 | cola=17850 | prio=10 | https://catalog.data.gov/dataset/crime-incidents-in-2024?from_hint=eyJrZXl3b3JkIjoiY3JpbWUifQ%3D%3D
[DATAGOV] t=6388.9s | pag=3244 | files=6208 | data=3124 | cola=17850 | prio=10 | https://catalog.data.gov/dataset/crime-incidents-in-2024
[DATAGOV] DATASETS=3125 | data_html_table | https://catalog.data.gov/dataset/crime-incidents-in-2024
[DATAGOV] t=6389.9s | pag=3245 | files=6208 | data=3125 | cola=17849 | prio=10 | https://catalog.data.gov/dataset/arrests?from_hint=eyJrZXl3b3JkIjoiY3JpbWUifQ%3D%3D
[DATAGOV] t=6390.6s | pag=3246 | files=6208 | data=3126 | cola=17848 | prio=10 | https://catalog.data.gov/dataset/crime-data-from-2020-to-present?from_hint=eyJrZXl3b3JkIjoiY3JpbWUgZGF0YSJ9
[DATAGOV] t=6391.3s | pag=3247 | files=6208 | data=3127 | cola=17847 | prio=10 | https://catalog.data.gov/dataset/lapd-nibrs-offenses-dataset?from_hint=eyJrZXl3b3JkIjoiY3JpbWUgZGF0YSJ9
[DATAGOV] t=6392.0s | pag=3248 | files=6208 | data=3128 | cola=17846 | prio=10 | https://catalog.data.gov/dataset/lapd-nibrs-offenses-dataset-2026-to-present?from_hint=eyJrZXl3b3JkIjoiY3JpbWUgZGF0YSJ9
[DATAGOV] t=6392.9s | pag=3249 | files=6208 | data=3129 | cola=17845 | prio=10 | https://catalog.data.gov/dataset/crime-data-from-2010-to-2019?from_hint=eyJrZXl3b3JkIjoiY3JpbWUgZGF0YSJ9
[DATAGOV] t=6394.0s | pag=3250 | files=6208 | data=3130 | cola=17844 | prio=10 | https://catalog.data.gov/dataset/lapd-nibrs-victims-dataset?from_hint=eyJrZXl3b3JkIjoiY3JpbWUgZGF0YSJ9
[DATAGOV] t=6395.0s | pag=3251 | files=6211 | data=3131 | cola=17844 | prio=10 | https://catalog.data.gov/dataset/lapd-nibrs-victims-dataset
[DATAGOV] t=6395.6s | pag=3252 | files=6211 | data=3132 | cola=17843 | prio=10 | https://catalog.data.gov/dataset/violent-crime-rate?from_hint=eyJrZXl3b3JkIjoiY3JpbWUgZGF0YSJ9
[DATAGOV] t=6404.4s | pag=3253 | files=6215 | data=3133 | cola=17847 | prio=10 | https://catalog.data.gov/dataset/violent-crime-rate
[DATAGOV] t=6405.7s | pag=3254 | files=6215 | data=3134 | cola=17846 | prio=10 | https://catalog.data.gov/dataset/louisville-metro-ky-crime-data-2025?from_hint=eyJrZXl3b3JkIjoiY3JpbWUgZGF0YSJ9
[DATAGOV] t=6406.3s | pag=3255 | files=6215 | data=3135 | cola=17854 | prio=10 | https://catalog.data.gov/dataset/louisville-metro-ky-crime-data-2025
[DATAGOV] t=6407.4s | pag=3256 | files=6215 | data=3136 | cola=17853 | prio=10 | https://catalog.data.gov/dataset/louisville-metro-ky-crime-data-2021?from_hint=eyJrZXl3b3JkIjoiY3JpbWUgZGF0YSJ9
[DATAGOV] t=6408.0s | pag=3257 | files=6215 | data=3137 | cola=17853 | prio=10 | https://catalog.data.gov/dataset/louisville-metro-ky-crime-data-2021
[DATAGOV] t=6409.1s | pag=3258 | files=6215 | data=3138 | cola=17852 | prio=10 | https://catalog.data.gov/dataset/louisville-metro-ky-crime-data-2005?from_hint=eyJrZXl3b3JkIjoiY3JpbWUgZGF0YSJ9
[DATAGOV] t=6409.7s | pag=3259 | files=6215 | data=3139 | cola=17852 | prio=10 | https://catalog.data.gov/dataset/louisville-metro-ky-crime-data-2005
[DATAGOV] t=6410.7s | pag=3260 | files=6215 | data=3140 | cola=17851 | prio=10 | https://catalog.data.gov/dataset/louisville-metro-ky-crime-data-2022?from_hint=eyJrZXl3b3JkIjoiY3JpbWUgZGF0YSJ9
[DATAGOV] t=6411.9s | pag=3261 | files=6215 | data=3141 | cola=17851 | prio=10 | https://catalog.data.gov/dataset/louisville-metro-ky-crime-data-2022
[DATAGOV] t=6412.4s | pag=3262 | files=6215 | data=3142 | cola=17850 | prio=10 | https://catalog.data.gov/dataset/louisville-metro-ky-crime-data-2020?from_hint=eyJrZXl3b3JkIjoiY3JpbWUgZGF0YSJ9
[DATAGOV] t=6413.2s | pag=3263 | files=6215 | data=3143 | cola=17850 | prio=10 | https://catalog.data.gov/dataset/louisville-metro-ky-crime-data-2020
[DATAGOV] t=6414.1s | pag=3264 | files=6215 | data=3144 | cola=17849 | prio=10 | https://catalog.data.gov/dataset/louisville-metro-ky-crime-data-2009?from_hint=eyJrZXl3b3JkIjoiY3JpbWUgZGF0YSJ9
[DATAGOV] t=6414.9s | pag=3265 | files=6215 | data=3145 | cola=17849 | prio=10 | https://catalog.data.gov/dataset/louisville-metro-ky-crime-data-2009
[DATAGOV] t=6415.7s | pag=3266 | files=6215 | data=3146 | cola=17848 | prio=10 | https://catalog.data.gov/dataset/louisville-metro-ky-crime-data-2008?from_hint=eyJrZXl3b3JkIjoiY3JpbWUgZGF0YSJ9
[DATAGOV] t=6416.8s | pag=3267 | files=6215 | data=3147 | cola=17848 | prio=10 | https://catalog.data.gov/dataset/louisville-metro-ky-crime-data-2008
[DATAGOV] t=6417.7s | pag=3268 | files=6215 | data=3148 | cola=17847 | prio=10 | https://catalog.data.gov/dataset/louisville-metro-ky-crime-data-2012?from_hint=eyJrZXl3b3JkIjoiY3JpbWUgZGF0YSJ9
[DATAGOV] t=6418.7s | pag=3269 | files=6215 | data=3149 | cola=17847 | prio=10 | https://catalog.data.gov/dataset/louisville-metro-ky-crime-data-2012
[DATAGOV] DATASETS=3150 | data_html_table | https://catalog.data.gov/dataset/louisville-metro-ky-crime-data-2012
[DATAGOV] t=6419.5s | pag=3270 | files=6215 | data=3150 | cola=17846 | prio=10 | https://catalog.data.gov/dataset/louisville-metro-ky-crime-data-2015?from_hint=eyJrZXl3b3JkIjoiY3JpbWUgZGF0YSJ9
[DATAGOV] t=6420.3s | pag=3271 | files=6215 | data=3151 | cola=17846 | prio=10 | https://catalog.data.gov/dataset/louisville-metro-ky-crime-data-2015
[DATAGOV] t=6421.4s | pag=3272 | files=6215 | data=3152 | cola=17845 | prio=10 | https://catalog.data.gov/dataset/louisville-metro-ky-crime-data-2019?from_hint=eyJrZXl3b3JkIjoiY3JpbWUgZGF0YSJ9
[DATAGOV] t=6422.2s | pag=3273 | files=6215 | data=3153 | cola=17845 | prio=10 | https://catalog.data.gov/dataset/louisville-metro-ky-crime-data-2006?from_hint=eyJrZXl3b3JkIjoiY3JpbWUgZGF0YSJ9
[DATAGOV] t=6423.3s | pag=3274 | files=6215 | data=3154 | cola=17845 | prio=10 | https://catalog.data.gov/dataset/louisville-metro-ky-crime-data-2006
[DATAGOV] t=6424.0s | pag=3275 | files=6215 | data=3155 | cola=17844 | prio=10 | https://catalog.data.gov/dataset/louisville-metro-ky-crime-data-2003?from_hint=eyJrZXl3b3JkIjoiY3JpbWUgZGF0YSJ9
[DATAGOV] t=6424.8s | pag=3276 | files=6215 | data=3156 | cola=17844 | prio=10 | https://catalog.data.gov/dataset/louisville-metro-ky-crime-data-2003
[DATAGOV] t=6425.8s | pag=3277 | files=6215 | data=3157 | cola=17843 | prio=10 | https://catalog.data.gov/dataset/louisville-metro-ky-crime-data-2018?from_hint=eyJrZXl3b3JkIjoiY3JpbWUgZGF0YSJ9
[DATAGOV] t=6426.7s | pag=3278 | files=6215 | data=3158 | cola=17843 | prio=10 | https://catalog.data.gov/dataset/louisville-metro-ky-crime-data-2018
[DATAGOV] t=6427.5s | pag=3279 | files=6215 | data=3159 | cola=17842 | prio=10 | https://catalog.data.gov/dataset/louisville-metro-ky-crime-data-2013?from_hint=eyJrZXl3b3JkIjoiY3JpbWUgZGF0YSJ9
[DATAGOV] t=6428.4s | pag=3280 | files=6215 | data=3160 | cola=17842 | prio=10 | https://catalog.data.gov/dataset/louisville-metro-ky-crime-data-2013
[DATAGOV] t=6429.4s | pag=3281 | files=6215 | data=3161 | cola=17841 | prio=10 | https://catalog.data.gov/dataset/crime-data-from-2020-to-present?from_hint=eyJrZXl3b3JkIjoiY3JpbWVzIn0%3D
[DATAGOV] t=6430.3s | pag=3282 | files=6215 | data=3162 | cola=17840 | prio=10 | https://catalog.data.gov/dataset/lapd-nibrs-offenses-dataset?from_hint=eyJrZXl3b3JkIjoiY3JpbWVzIn0%3D
[DATAGOV] t=6431.2s | pag=3283 | files=6215 | data=3163 | cola=17839 | prio=10 | https://catalog.data.gov/dataset/lapd-nibrs-offenses-dataset-2026-to-present?from_hint=eyJrZXl3b3JkIjoiY3JpbWVzIn0%3D
[DATAGOV] t=6432.2s | pag=3284 | files=6215 | data=3164 | cola=17838 | prio=10 | https://catalog.data.gov/dataset/crime-data-from-2010-to-2019?from_hint=eyJrZXl3b3JkIjoiY3JpbWVzIn0%3D
[DATAGOV] t=6433.2s | pag=3285 | files=6215 | data=3165 | cola=17837 | prio=10 | https://catalog.data.gov/dataset/mta-summonses-and-arrests-beginning-2019?from_hint=eyJrZXl3b3JkIjoiY3JpbWVzIn0%3D
[DATAGOV] t=6434.0s | pag=3286 | files=6215 | data=3166 | cola=17836 | prio=10 | https://catalog.data.gov/dataset/lapd-nibrs-victims-dataset?from_hint=eyJrZXl3b3JkIjoiY3JpbWVzIn0%3D
[DATAGOV] t=6434.8s | pag=3287 | files=6215 | data=3167 | cola=17835 | prio=10 | https://catalog.data.gov/dataset/louisville-metro-ky-crime-data-2025?from_hint=eyJrZXl3b3JkIjoiY3JpbWVzIn0%3D
[DATAGOV] t=6435.5s | pag=3288 | files=6215 | data=3168 | cola=17834 | prio=10 | https://catalog.data.gov/dataset/national-software-reference-library-nsrl-reference-data-set-rds-nist-special-database-28?from_hint=eyJrZXl3b3JkIjoiY3JpbWVzIn0%3D
[DATAGOV] t=6436.4s | pag=3289 | files=6215 | data=3169 | cola=17842 | prio=10 | https://catalog.data.gov/dataset/dhs-cyber-crimes-center?from_hint=eyJrZXl3b3JkIjoiY3JpbWVzIn0%3D
[DATAGOV] t=6437.5s | pag=3290 | files=6215 | data=3170 | cola=17842 | prio=10 | https://catalog.data.gov/dataset/louisville-metro-ky-crime-data-2021?from_hint=eyJrZXl3b3JkIjoiY3JpbWVzIn0%3D
[DATAGOV] t=6438.4s | pag=3291 | files=6215 | data=3171 | cola=17841 | prio=10 | https://catalog.data.gov/dataset/mta-workplace-violence-labor-law-incidents-beginning-2019?from_hint=eyJrZXl3b3JkIjoiY3JpbWVzIn0%3D
[DATAGOV] t=6438.9s | pag=3292 | files=6218 | data=3172 | cola=17843 | prio=10 | https://catalog.data.gov/dataset/mta-workplace-violence-labor-law-incidents-beginning-2019
[DATAGOV] t=6440.1s | pag=3293 | files=6218 | data=3173 | cola=17842 | prio=10 | https://catalog.data.gov/dataset/mta-major-felonies?from_hint=eyJrZXl3b3JkIjoiY3JpbWVzIn0%3D
[DATAGOV] t=6441.1s | pag=3294 | files=6221 | data=3174 | cola=17843 | prio=10 | https://catalog.data.gov/dataset/mta-major-felonies
[DATAGOV] DATASETS=3175 | data_html_table | https://catalog.data.gov/dataset/mta-major-felonies
[DATAGOV] t=6442.3s | pag=3295 | files=6221 | data=3175 | cola=17842 | prio=10 | https://catalog.data.gov/dataset/mcpd-bias-incidents?from_hint=eyJrZXl3b3JkIjoiY3JpbWVzIn0%3D
[DATAGOV] t=6443.0s | pag=3296 | files=6224 | data=3176 | cola=17845 | prio=10 | https://catalog.data.gov/dataset/mcpd-bias-incidents
[DATAGOV] t=6443.9s | pag=3297 | files=6224 | data=3177 | cola=17844 | prio=10 | https://catalog.data.gov/dataset/louisville-metro-ky-crime-data-2005?from_hint=eyJrZXl3b3JkIjoiY3JpbWVzIn0%3D
[DATAGOV] t=6445.0s | pag=3298 | files=6224 | data=3178 | cola=17843 | prio=10 | https://catalog.data.gov/dataset/louisville-metro-ky-crime-data-2022?from_hint=eyJrZXl3b3JkIjoiY3JpbWVzIn0%3D
[DATAGOV] t=6445.7s | pag=3299 | files=6224 | data=3179 | cola=17842 | prio=10 | https://catalog.data.gov/dataset/mta-subway-and-bus-vandalism-beginning-2021?from_hint=eyJrZXl3b3JkIjoiY3JpbWVzIn0%3D
[DATAGOV] t=6446.5s | pag=3300 | files=6227 | data=3180 | cola=17843 | prio=10 | https://catalog.data.gov/dataset/mta-subway-and-bus-vandalism-beginning-2021
[DATAGOV] t=6447.2s | pag=3301 | files=6227 | data=3181 | cola=17842 | prio=10 | https://catalog.data.gov/dataset/louisville-metro-ky-crime-data-2020?from_hint=eyJrZXl3b3JkIjoiY3JpbWVzIn0%3D
[DATAGOV] t=6448.3s | pag=3302 | files=6227 | data=3182 | cola=17841 | prio=10 | https://catalog.data.gov/dataset/domestic-violence-injuries-by-type-clarkston-police-department?from_hint=eyJrZXl3b3JkIjoiY3JpbWVzIn0%3D
[DATAGOV] t=6449.4s | pag=3303 | files=6230 | data=3183 | cola=17845 | prio=10 | https://catalog.data.gov/dataset/domestic-violence-injuries-by-type-clarkston-police-department
[DATAGOV] t=6450.4s | pag=3304 | files=6230 | data=3184 | cola=17844 | prio=10 | https://catalog.data.gov/dataset/louisville-metro-ky-crime-data-2009?from_hint=eyJrZXl3b3JkIjoiY3JpbWVzIn0%3D
[DATAGOV] t=6451.2s | pag=3305 | files=6230 | data=3185 | cola=17843 | prio=10 | https://catalog.data.gov/dataset/louisville-metro-ky-crime-data-2008?from_hint=eyJrZXl3b3JkIjoiY3JpbWVzIn0%3D
[DATAGOV] t=6452.2s | pag=3306 | files=6230 | data=3186 | cola=17842 | prio=10 | https://catalog.data.gov/dataset/crime-data-from-2020-to-present?from_hint=eyJrZXl3b3JkIjoibGFwZCJ9
[DATAGOV] t=6452.8s | pag=3307 | files=6230 | data=3187 | cola=17841 | prio=10 | https://catalog.data.gov/dataset/arrest-data-from-2010-to-2019?from_hint=eyJrZXl3b3JkIjoibGFwZCJ9
[DATAGOV] t=6453.9s | pag=3308 | files=6230 | data=3188 | cola=17840 | prio=10 | https://catalog.data.gov/dataset/lapd-nibrs-offenses-dataset?from_hint=eyJrZXl3b3JkIjoibGFwZCJ9
[DATAGOV] t=6454.7s | pag=3309 | files=6230 | data=3189 | cola=17839 | prio=10 | https://catalog.data.gov/dataset/traffic-collision-data-from-2010-to-present?from_hint=eyJrZXl3b3JkIjoibGFwZCJ9
[DATAGOV] t=6455.8s | pag=3310 | files=6230 | data=3190 | cola=17838 | prio=10 | https://catalog.data.gov/dataset/lapd-nibrs-offenses-dataset-2026-to-present?from_hint=eyJrZXl3b3JkIjoibGFwZCJ9
[DATAGOV] t=6457.0s | pag=3311 | files=6230 | data=3191 | cola=17837 | prio=10 | https://catalog.data.gov/dataset/arrest-data-from-2020-to-present?from_hint=eyJrZXl3b3JkIjoibGFwZCJ9
[DATAGOV] t=6458.2s | pag=3312 | files=6230 | data=3192 | cola=17836 | prio=10 | https://catalog.data.gov/dataset/crime-data-from-2010-to-2019?from_hint=eyJrZXl3b3JkIjoibGFwZCJ9
[DATAGOV] t=6459.0s | pag=3313 | files=6230 | data=3193 | cola=17835 | prio=10 | https://catalog.data.gov/dataset/lapd-nibrs-victims-dataset?from_hint=eyJrZXl3b3JkIjoibGFwZCJ9
[DATAGOV] t=6460.1s | pag=3314 | files=6230 | data=3194 | cola=17834 | prio=10 | https://catalog.data.gov/dataset/lapd-annual-high-level-metrics-govstat-archived?from_hint=eyJrZXl3b3JkIjoibGFwZCJ9
[DATAGOV] t=6461.0s | pag=3315 | files=6233 | data=3195 | cola=17836 | prio=10 | https://catalog.data.gov/dataset/lapd-annual-high-level-metrics-govstat-archived
[DATAGOV] t=6462.0s | pag=3316 | files=6233 | data=3196 | cola=17835 | prio=10 | https://catalog.data.gov/dataset/lapd-calls-for-service-2024-to-present?from_hint=eyJrZXl3b3JkIjoibGFwZCJ9
[DATAGOV] t=6463.2s | pag=3317 | files=6236 | data=3197 | cola=17836 | prio=10 | https://catalog.data.gov/dataset/lapd-calls-for-service-2024-to-present
[DATAGOV] t=6464.3s | pag=3318 | files=6236 | data=3198 | cola=17835 | prio=10 | https://catalog.data.gov/dataset/lapd-ripa-ab-953-stop-incident-details-from-7-1-2018-to-present?from_hint=eyJrZXl3b3JkIjoibGFwZCJ9
[DATAGOV] t=6465.2s | pag=3319 | files=6239 | data=3199 | cola=17838 | prio=10 | https://catalog.data.gov/dataset/lapd-ripa-ab-953-stop-incident-details-from-7-1-2018-to-present
[DATAGOV] DATASETS=3200 | data_html_table | https://catalog.data.gov/dataset/lapd-ripa-ab-953-stop-incident-details-from-7-1-2018-to-present
[DATAGOV] t=6466.2s | pag=3320 | files=6239 | data=3200 | cola=17837 | prio=10 | https://catalog.data.gov/dataset/lapd-calls-for-service-2010?from_hint=eyJrZXl3b3JkIjoibGFwZCJ9
[DATAGOV] t=6467.2s | pag=3321 | files=6242 | data=3201 | cola=17837 | prio=10 | https://catalog.data.gov/dataset/lapd-calls-for-service-2010
[DATAGOV] t=6468.2s | pag=3322 | files=6242 | data=3202 | cola=17836 | prio=10 | https://catalog.data.gov/dataset/lapd-calls-for-service-2019?from_hint=eyJrZXl3b3JkIjoibGFwZCJ9
[DATAGOV] t=6469.1s | pag=3323 | files=6245 | data=3203 | cola=17836 | prio=10 | https://catalog.data.gov/dataset/lapd-calls-for-service-2019
[DATAGOV] t=6470.1s | pag=3324 | files=6245 | data=3204 | cola=17835 | prio=10 | https://catalog.data.gov/dataset/lapd-calls-for-service-2021?from_hint=eyJrZXl3b3JkIjoibGFwZCJ9
[DATAGOV] t=6470.7s | pag=3325 | files=6248 | data=3205 | cola=17835 | prio=10 | https://catalog.data.gov/dataset/lapd-calls-for-service-2021
[DATAGOV] t=6471.6s | pag=3326 | files=6248 | data=3206 | cola=17834 | prio=10 | https://catalog.data.gov/dataset/vehicle-and-pedestrian-stop-data-2010-to-june-30th-2018?from_hint=eyJrZXl3b3JkIjoibGFwZCJ9
[DATAGOV] t=6472.6s | pag=3327 | files=6251 | data=3207 | cola=17834 | prio=10 | https://catalog.data.gov/dataset/vehicle-and-pedestrian-stop-data-2010-to-june-30th-2018
[DATAGOV] t=6473.6s | pag=3328 | files=6251 | data=3208 | cola=17833 | prio=10 | https://catalog.data.gov/dataset/lapd-ripa-ab-953-stop-person-detail-from-7-1-2018-to-present?from_hint=eyJrZXl3b3JkIjoibGFwZCJ9
[DATAGOV] t=6474.8s | pag=3329 | files=6254 | data=3209 | cola=17833 | prio=10 | https://catalog.data.gov/dataset/lapd-ripa-ab-953-stop-person-detail-from-7-1-2018-to-present
[DATAGOV] t=6475.7s | pag=3330 | files=6254 | data=3210 | cola=17832 | prio=10 | https://catalog.data.gov/dataset/lapd-calls-for-service-2023?from_hint=eyJrZXl3b3JkIjoibGFwZCJ9
[DATAGOV] t=6476.4s | pag=3331 | files=6257 | data=3211 | cola=17832 | prio=10 | https://catalog.data.gov/dataset/lapd-calls-for-service-2023
[DATAGOV] t=6477.5s | pag=3332 | files=6257 | data=3212 | cola=17831 | prio=10 | https://catalog.data.gov/dataset/lapd-calls-for-service-2020?from_hint=eyJrZXl3b3JkIjoibGFwZCJ9
[DATAGOV] t=6478.1s | pag=3333 | files=6260 | data=3213 | cola=17831 | prio=10 | https://catalog.data.gov/dataset/lapd-calls-for-service-2020
[DATAGOV] t=6479.0s | pag=3334 | files=6260 | data=3214 | cola=17830 | prio=10 | https://catalog.data.gov/dataset/lapd-calls-for-service-2011?from_hint=eyJrZXl3b3JkIjoibGFwZCJ9
[DATAGOV] t=6479.7s | pag=3335 | files=6263 | data=3215 | cola=17830 | prio=10 | https://catalog.data.gov/dataset/lapd-calls-for-service-2011
[DATAGOV] t=6480.8s | pag=3336 | files=6263 | data=3216 | cola=17829 | prio=10 | https://catalog.data.gov/dataset/lapd-calls-for-service-2022?from_hint=eyJrZXl3b3JkIjoibGFwZCJ9
[DATAGOV] t=6481.8s | pag=3337 | files=6266 | data=3217 | cola=17829 | prio=10 | https://catalog.data.gov/dataset/lapd-calls-for-service-2022
[DATAGOV] t=6482.5s | pag=3338 | files=6266 | data=3218 | cola=17828 | prio=10 | https://catalog.data.gov/dataset/crime-data-from-2020-to-present?from_hint=eyJrZXl3b3JkIjoicG9saWNlIn0%3D
[DATAGOV] t=6483.2s | pag=3339 | files=6266 | data=3219 | cola=17827 | prio=10 | https://catalog.data.gov/dataset/crimes-2001-to-present?from_hint=eyJrZXl3b3JkIjoicG9saWNlIn0%3D
[DATAGOV] t=6484.0s | pag=3340 | files=6266 | data=3220 | cola=17826 | prio=10 | https://catalog.data.gov/dataset/call-data?from_hint=eyJrZXl3b3JkIjoicG9saWNlIn0%3D
[DATAGOV] t=6485.0s | pag=3341 | files=6266 | data=3221 | cola=17825 | prio=10 | https://catalog.data.gov/dataset/hate-crime-incident-open-data?from_hint=eyJrZXl3b3JkIjoicG9saWNlIn0%3D
[DATAGOV] t=6486.1s | pag=3342 | files=6266 | data=3222 | cola=17824 | prio=10 | https://catalog.data.gov/dataset/daily-arrests?from_hint=eyJrZXl3b3JkIjoicG9saWNlIn0%3D
[DATAGOV] t=6487.0s | pag=3343 | files=6266 | data=3223 | cola=17823 | prio=10 | https://catalog.data.gov/dataset/arrest-data-from-2010-to-2019?from_hint=eyJrZXl3b3JkIjoicG9saWNlIn0%3D
[DATAGOV] t=6488.0s | pag=3344 | files=6266 | data=3224 | cola=17822 | prio=10 | https://catalog.data.gov/dataset/nypd-officer-profile-members-of-service?from_hint=eyJrZXl3b3JkIjoicG9saWNlIn0%3D
[DATAGOV] DATASETS=3225 | data_html_table | https://catalog.data.gov/dataset/nypd-officer-profile-members-of-service?from_hint=eyJrZXl3b3JkIjoicG9saWNlIn0%3D
[DATAGOV] t=6488.8s | pag=3345 | files=6266 | data=3225 | cola=17821 | prio=10 | https://catalog.data.gov/dataset/crash-data?from_hint=eyJrZXl3b3JkIjoicG9saWNlIn0%3D
[DATAGOV] t=6489.8s | pag=3346 | files=6266 | data=3226 | cola=17824 | prio=10 | https://catalog.data.gov/dataset/crash-data
[DATAGOV] t=6490.9s | pag=3347 | files=6266 | data=3227 | cola=17823 | prio=10 | https://catalog.data.gov/dataset/lapd-nibrs-offenses-dataset?from_hint=eyJrZXl3b3JkIjoicG9saWNlIn0%3D
[DATAGOV] t=6491.7s | pag=3348 | files=6266 | data=3228 | cola=17822 | prio=10 | https://catalog.data.gov/dataset/providence-police-case-log-past-180-days?from_hint=eyJrZXl3b3JkIjoicG9saWNlIn0%3D
[DATAGOV] t=6492.5s | pag=3349 | files=6266 | data=3229 | cola=17821 | prio=10 | https://catalog.data.gov/dataset/traffic-collision-data-from-2010-to-present?from_hint=eyJrZXl3b3JkIjoicG9saWNlIn0%3D
[DATAGOV] t=6493.6s | pag=3350 | files=6266 | data=3230 | cola=17820 | prio=10 | https://catalog.data.gov/dataset/police-incidents?from_hint=eyJrZXl3b3JkIjoicG9saWNlIn0%3D
[DATAGOV] t=6494.6s | pag=3351 | files=6266 | data=3231 | cola=17819 | prio=10 | https://catalog.data.gov/dataset/apd-arrests?from_hint=eyJrZXl3b3JkIjoicG9saWNlIn0%3D
[DATAGOV] t=6495.2s | pag=3352 | files=6266 | data=3232 | cola=17818 | prio=10 | https://catalog.data.gov/dataset/lapd-nibrs-offenses-dataset-2026-to-present?from_hint=eyJrZXl3b3JkIjoicG9saWNlIn0%3D
[DATAGOV] t=6496.0s | pag=3353 | files=6266 | data=3233 | cola=17817 | prio=10 | https://catalog.data.gov/dataset/east-baton-rouge-parish-combined-crime-incidents?from_hint=eyJrZXl3b3JkIjoicG9saWNlIn0%3D
[DATAGOV] t=6497.0s | pag=3354 | files=6266 | data=3234 | cola=17816 | prio=10 | https://catalog.data.gov/dataset/apd-computer-aided-dispatch-incidents?from_hint=eyJrZXl3b3JkIjoicG9saWNlIn0%3D
[DATAGOV] t=6498.1s | pag=3355 | files=6266 | data=3235 | cola=17815 | prio=10 | https://catalog.data.gov/dataset/arrest-data-from-2020-to-present?from_hint=eyJrZXl3b3JkIjoicG9saWNlIn0%3D
[DATAGOV] t=6498.9s | pag=3356 | files=6266 | data=3236 | cola=17814 | prio=10 | https://catalog.data.gov/dataset/nypd-officer-profile-disciplinary-history-charges?from_hint=eyJrZXl3b3JkIjoicG9saWNlIn0%3D
[DATAGOV] t=6499.8s | pag=3357 | files=6269 | data=3237 | cola=17814 | prio=10 | https://catalog.data.gov/dataset/nypd-officer-profile-disciplinary-history-charges
[DATAGOV] t=6500.8s | pag=3358 | files=6269 | data=3238 | cola=17813 | prio=10 | https://catalog.data.gov/dataset/police-dispatched-incidents?from_hint=eyJrZXl3b3JkIjoicG9saWNlIn0%3D
[DATAGOV] t=6501.6s | pag=3359 | files=6269 | data=3239 | cola=17812 | prio=10 | https://catalog.data.gov/dataset/nypd-officer-profile-title-shield-history?from_hint=eyJrZXl3b3JkIjoicG9saWNlIn0%3D
[DATAGOV] t=6502.6s | pag=3360 | files=6272 | data=3240 | cola=17813 | prio=10 | https://catalog.data.gov/dataset/nypd-officer-profile-title-shield-history
[DATAGOV] t=6503.2s | pag=3361 | files=6272 | data=3241 | cola=17812 | prio=10 | https://catalog.data.gov/dataset/crime-data-from-2020-to-present?from_hint=eyJrZXl3b3JkIjoic2FmZSBjaXR5In0%3D
[DATAGOV] t=6504.2s | pag=3362 | files=6272 | data=3242 | cola=17811 | prio=10 | https://catalog.data.gov/dataset/arrest-data-from-2010-to-2019?from_hint=eyJrZXl3b3JkIjoic2FmZSBjaXR5In0%3D
[DATAGOV] t=6505.1s | pag=3363 | files=6272 | data=3243 | cola=17810 | prio=10 | https://catalog.data.gov/dataset/lapd-nibrs-offenses-dataset?from_hint=eyJrZXl3b3JkIjoic2FmZSBjaXR5In0%3D
[DATAGOV] t=6505.7s | pag=3364 | files=6272 | data=3244 | cola=17809 | prio=10 | https://catalog.data.gov/dataset/traffic-collision-data-from-2010-to-present?from_hint=eyJrZXl3b3JkIjoic2FmZSBjaXR5In0%3D
[DATAGOV] t=6506.7s | pag=3365 | files=6272 | data=3245 | cola=17808 | prio=10 | https://catalog.data.gov/dataset/lapd-nibrs-offenses-dataset-2026-to-present?from_hint=eyJrZXl3b3JkIjoic2FmZSBjaXR5In0%3D
[DATAGOV] t=6507.8s | pag=3366 | files=6272 | data=3246 | cola=17807 | prio=10 | https://catalog.data.gov/dataset/arrest-data-from-2020-to-present?from_hint=eyJrZXl3b3JkIjoic2FmZSBjaXR5In0%3D
[DATAGOV] t=6508.9s | pag=3367 | files=6272 | data=3247 | cola=17806 | prio=10 | https://catalog.data.gov/dataset/crime-data-from-2010-to-2019?from_hint=eyJrZXl3b3JkIjoic2FmZSBjaXR5In0%3D
[DATAGOV] t=6509.5s | pag=3368 | files=6272 | data=3248 | cola=17805 | prio=10 | https://catalog.data.gov/dataset/lapd-nibrs-victims-dataset?from_hint=eyJrZXl3b3JkIjoic2FmZSBjaXR5In0%3D
[DATAGOV] t=6510.1s | pag=3369 | files=6272 | data=3249 | cola=17804 | prio=10 | https://catalog.data.gov/dataset/lapd-ripa-ab-953-stop-incident-details-from-7-1-2018-to-present?from_hint=eyJrZXl3b3JkIjoic2FmZSBjaXR5In0%3D
[DATAGOV] DATASETS=3250 | data_html_table | https://catalog.data.gov/dataset/lapd-ripa-ab-953-stop-incident-details-from-7-1-2018-to-present?from_hint=eyJrZXl3b3JkIjoic2FmZSBjaXR5In0%3D
[DATAGOV] t=6511.0s | pag=3370 | files=6272 | data=3250 | cola=17803 | prio=10 | https://catalog.data.gov/dataset/vehicle-and-pedestrian-stop-data-2010-to-june-30th-2018?from_hint=eyJrZXl3b3JkIjoic2FmZSBjaXR5In0%3D
[DATAGOV] t=6512.0s | pag=3371 | files=6272 | data=3251 | cola=17802 | prio=10 | https://catalog.data.gov/dataset/lapd-ripa-ab-953-stop-person-detail-from-7-1-2018-to-present?from_hint=eyJrZXl3b3JkIjoic2FmZSBjaXR5In0%3D
[DATAGOV] t=6512.8s | pag=3372 | files=6272 | data=3252 | cola=17801 | prio=10 | https://catalog.data.gov/?keyword=arrest
[DATAGOV] t=6513.8s | pag=3373 | files=6272 | data=3253 | cola=17820 | prio=10 | https://catalog.data.gov/?keyword=arrest+data
[DATAGOV] t=6514.5s | pag=3374 | files=6272 | data=3254 | cola=17821 | prio=10 | https://catalog.data.gov/harvest_record/66a8d4ac-4aca-4579-a654-955d5fd9bdfe/raw
[DATAGOV] t=6515.2s | pag=3374 | files=6273 | data=3254 | cola=17820 | prio=10 | https://catalog.data.gov/harvest_record/94d1668e-90a9-489a-b954-4d1f0dc30015/raw
[DATAGOV] t=6518.2s | pag=3374 | files=6274 | data=3254 | cola=17819 | prio=10 | https://catalog.data.gov/?keyword=building+permit
[DATAGOV] t=6520.0s | pag=3375 | files=6274 | data=3255 | cola=17833 | prio=10 | https://catalog.data.gov/harvest_record/495fcdfa-b08c-4ea9-8532-bac39aade480/raw
[DATAGOV] t=6520.9s | pag=3375 | files=6275 | data=3255 | cola=17832 | prio=10 | https://catalog.data.gov/?keyword=traffic
[DATAGOV] t=6523.0s | pag=3376 | files=6275 | data=3256 | cola=17852 | prio=10 | https://catalog.data.gov/?keyword=traffic+collision
[DATAGOV] t=6523.6s | pag=3377 | files=6275 | data=3257 | cola=17852 | prio=10 | https://catalog.data.gov/harvest_record/1ab36905-7b87-460c-acf5-c0bc6221f3c3/raw
[DATAGOV] t=6524.3s | pag=3377 | files=6276 | data=3257 | cola=17851 | prio=10 | https://catalog.data.gov/harvest_record/578584b6-5417-4b1f-9458-713032e8710b/raw
[DATAGOV] t=6526.0s | pag=3377 | files=6277 | data=3257 | cola=17850 | prio=10 | https://catalog.data.gov/harvest_record/86e712c1-df88-4cae-a5cc-50f560a9ad7c/raw
[DATAGOV] t=6527.6s | pag=3377 | files=6278 | data=3257 | cola=17849 | prio=10 | https://catalog.data.gov/?keyword=additional+tenant
[DATAGOV] t=6529.7s | pag=3378 | files=6278 | data=3258 | cola=17849 | prio=10 | https://catalog.data.gov/?keyword=affordable+housing
[DATAGOV] t=6530.4s | pag=3379 | files=6279 | data=3259 | cola=17881 | prio=10 | https://catalog.data.gov/?keyword=affordable+housing+trust+fund+%28ahtf%29
[DATAGOV] t=6531.4s | pag=3380 | files=6279 | data=3260 | cola=17881 | prio=10 | https://catalog.data.gov/?keyword=annual+bill
[DATAGOV] t=6532.3s | pag=3381 | files=6279 | data=3261 | cola=17881 | prio=10 | https://catalog.data.gov/?keyword=at-fault+evictions
[DATAGOV] t=6532.9s | pag=3382 | files=6279 | data=3262 | cola=17881 | prio=10 | https://catalog.data.gov/?keyword=at-risk
[DATAGOV] t=6534.1s | pag=3383 | files=6279 | data=3263 | cola=17889 | prio=10 | https://catalog.data.gov/?keyword=billing+and+collection
[DATAGOV] t=6535.1s | pag=3384 | files=6279 | data=3264 | cola=17889 | prio=10 | https://catalog.data.gov/?keyword=bonds
[DATAGOV] t=6536.0s | pag=3385 | files=6279 | data=3265 | cola=17927 | prio=10 | https://catalog.data.gov/harvest_record/0deb666d-e0e9-43ae-80cb-b48e0da7d3a0/raw
[DATAGOV] t=6536.6s | pag=3385 | files=6280 | data=3265 | cola=17926 | prio=10 | https://catalog.data.gov/?keyword=census
[DATAGOV] t=6538.5s | pag=3386 | files=6280 | data=3266 | cola=17946 | prio=10 | https://catalog.data.gov/?keyword=zip+code
[DATAGOV] t=6539.2s | pag=3387 | files=6280 | data=3267 | cola=17965 | prio=10 | https://catalog.data.gov/harvest_record/1ac060fd-10b9-4635-8d23-0610604af73b/raw
[DATAGOV] t=6540.2s | pag=3387 | files=6281 | data=3267 | cola=17964 | prio=10 | https://catalog.data.gov/?keyword=employment
[DATAGOV] t=6542.1s | pag=3388 | files=6281 | data=3268 | cola=17987 | prio=10 | https://catalog.data.gov/?keyword=equal+opportunity
[DATAGOV] t=6542.7s | pag=3389 | files=6281 | data=3269 | cola=17987 | prio=10 | https://catalog.data.gov/?keyword=equity
[DATAGOV] t=6543.6s | pag=3390 | files=6281 | data=3270 | cola=18016 | prio=10 | https://catalog.data.gov/?keyword=jobs
[DATAGOV] t=6544.5s | pag=3391 | files=6281 | data=3271 | cola=18045 | prio=10 | https://catalog.data.gov/harvest_record/9265cd5a-81ed-44d6-92f4-595fbe207632/raw
[DATAGOV] t=6545.3s | pag=3391 | files=6282 | data=3271 | cola=18044 | prio=10 | https://catalog.data.gov/harvest_record/39145b91-11cb-4634-ab63-9fac96211467/raw
[DATAGOV] t=6546.9s | pag=3391 | files=6283 | data=3271 | cola=18043 | prio=10 | https://catalog.data.gov/?keyword=building
[DATAGOV] t=6548.5s | pag=3392 | files=6283 | data=3272 | cola=18065 | prio=10 | https://catalog.data.gov/?keyword=building+and+safety
[DATAGOV] t=6549.1s | pag=3393 | files=6283 | data=3273 | cola=18073 | prio=10 | https://catalog.data.gov/?keyword=certificate
[DATAGOV] t=6550.3s | pag=3394 | files=6283 | data=3274 | cola=18093 | prio=10 | https://catalog.data.gov/?keyword=certificate+of+occupancy
[DATAGOV] DATASETS=3275 | exportable_data_page | https://catalog.data.gov/?keyword=certificate+of+occupancy
[DATAGOV] t=6550.9s | pag=3395 | files=6283 | data=3275 | cola=18108 | prio=10 | https://catalog.data.gov/?keyword=cofo
[DATAGOV] t=6552.1s | pag=3396 | files=6283 | data=3276 | cola=18109 | prio=10 | https://catalog.data.gov/?keyword=cofo+number
[DATAGOV] t=6552.9s | pag=3397 | files=6283 | data=3277 | cola=18109 | prio=10 | https://catalog.data.gov/harvest_record/99b7d742-c2a4-4f93-816f-0de4afdf4eac/raw
[DATAGOV] t=6553.6s | pag=3397 | files=6284 | data=3277 | cola=18108 | prio=10 | https://catalog.data.gov/?keyword=addresses
[DATAGOV] t=6555.4s | pag=3398 | files=6284 | data=3278 | cola=18135 | prio=10 | https://catalog.data.gov/?keyword=house+number
[DATAGOV] t=6556.1s | pag=3399 | files=6284 | data=3279 | cola=18135 | prio=10 | https://catalog.data.gov/?keyword=street+name
[DATAGOV] t=6557.1s | pag=3400 | files=6284 | data=3280 | cola=18146 | prio=10 | https://catalog.data.gov/harvest_record/3fa45482-3f37-4e01-ac92-d7ab79451752/raw
[DATAGOV] t=6557.6s | pag=3400 | files=6285 | data=3280 | cola=18145 | prio=10 | https://catalog.data.gov/?keyword=covid
[DATAGOV] t=6560.0s | pag=3401 | files=6285 | data=3281 | cola=18172 | prio=10 | https://catalog.data.gov/?keyword=la+county
[DATAGOV] t=6560.9s | pag=3402 | files=6285 | data=3282 | cola=18174 | prio=10 | https://catalog.data.gov/harvest_record/ac886e04-83be-4b45-a85c-4f0229960830/raw
[DATAGOV] t=6561.7s | pag=3402 | files=6286 | data=3282 | cola=18173 | prio=10 | https://catalog.data.gov/harvest_record/4568db43-72dd-41a3-a478-428787c5fe78/raw
[DATAGOV] t=6563.5s | pag=3402 | files=6287 | data=3282 | cola=18172 | prio=10 | https://catalog.data.gov/?keyword=184675
[DATAGOV] t=6565.2s | pag=3403 | files=6287 | data=3283 | cola=18172 | prio=10 | https://catalog.data.gov/?keyword=185198
[DATAGOV] t=6566.3s | pag=3404 | files=6287 | data=3284 | cola=18172 | prio=10 | https://catalog.data.gov/?keyword=benchmark
[DATAGOV] t=6567.1s | pag=3405 | files=6287 | data=3285 | cola=18196 | prio=10 | https://catalog.data.gov/?keyword=carbon+emission
[DATAGOV] t=6567.7s | pag=3406 | files=6287 | data=3286 | cola=18198 | prio=10 | https://catalog.data.gov/?keyword=ebewe
[DATAGOV] t=6568.9s | pag=3407 | files=6287 | data=3287 | cola=18198 | prio=10 | https://catalog.data.gov/?keyword=energy+efficiency
[DATAGOV] t=6570.0s | pag=3408 | files=6287 | data=3288 | cola=18222 | prio=10 | https://catalog.data.gov/?keyword=energy+star+rating
[DATAGOV] t=6570.6s | pag=3409 | files=6287 | data=3289 | cola=18222 | prio=10 | https://catalog.data.gov/?keyword=energy+star+score
[DATAGOV] t=6571.4s | pag=3410 | files=6287 | data=3290 | cola=18222 | prio=10 | https://catalog.data.gov/harvest_record/2a89c0b7-e663-442e-9b6e-b80a9b578675/raw
[DATAGOV] t=6572.4s | pag=3410 | files=6288 | data=3290 | cola=18221 | prio=10 | https://catalog.data.gov/?keyword=open+data
[DATAGOV] t=6574.2s | pag=3411 | files=6289 | data=3291 | cola=18244 | prio=10 | https://catalog.data.gov/?keyword=site+traffic
[DATAGOV] t=6575.0s | pag=3412 | files=6289 | data=3292 | cola=18246 | prio=10 | https://catalog.data.gov/?keyword=transparency
[DATAGOV] t=6575.9s | pag=3413 | files=6289 | data=3293 | cola=18266 | prio=10 | https://catalog.data.gov/?keyword=website
[DATAGOV] t=6576.8s | pag=3414 | files=6289 | data=3294 | cola=18296 | prio=10 | https://catalog.data.gov/harvest_record/8df05629-6a4c-4096-9260-76332c32e72e/raw
[DATAGOV] t=6577.6s | pag=3414 | files=6290 | data=3294 | cola=18295 | prio=10 | https://catalog.data.gov/?keyword=grocery
[DATAGOV] t=6579.8s | pag=3415 | files=6290 | data=3295 | cola=18310 | prio=10 | https://catalog.data.gov/?keyword=inspection
[DATAGOV] t=6580.9s | pag=3416 | files=6290 | data=3296 | cola=18332 | prio=10 | https://catalog.data.gov/?keyword=market
[DATAGOV] t=6581.6s | pag=3417 | files=6295 | data=3297 | cola=18356 | prio=10 | https://catalog.data.gov/?keyword=restaurant
[DATAGOV] t=6582.3s | pag=3418 | files=6295 | data=3298 | cola=18382 | prio=10 | https://catalog.data.gov/harvest_record/9e84aace-542f-4f53-8df0-a0664dab6f23/raw
[DATAGOV] t=6583.1s | pag=3418 | files=6296 | data=3298 | cola=18381 | prio=10 | https://catalog.data.gov/?keyword=automated+counts
[DATAGOV] t=6585.0s | pag=3419 | files=6296 | data=3299 | cola=18382 | prio=10 | https://catalog.data.gov/?keyword=manual+counts
[DATAGOV] DATASETS=3300 | exportable_data_page | https://catalog.data.gov/?keyword=manual+counts
[DATAGOV] t=6586.0s | pag=3420 | files=6296 | data=3300 | cola=18382 | prio=10 | https://catalog.data.gov/?keyword=streets
[DATAGOV] t=6586.8s | pag=3421 | files=6296 | data=3301 | cola=18416 | prio=10 | https://catalog.data.gov/?keyword=traffic+counts
[DATAGOV] t=6587.9s | pag=3422 | files=6296 | data=3302 | cola=18434 | prio=10 | https://catalog.data.gov/?keyword=transportation
[DATAGOV] t=6588.9s | pag=3423 | files=6296 | data=3303 | cola=18453 | prio=10 | https://catalog.data.gov/harvest_record/20b5b395-b4d3-498e-b3d3-29d49ecc372b/raw
[DATAGOV] t=6589.9s | pag=3423 | files=6297 | data=3303 | cola=18452 | prio=10 | https://catalog.data.gov/?keyword=annual
[DATAGOV] t=6591.5s | pag=3424 | files=6298 | data=3304 | cola=18479 | prio=10 | https://catalog.data.gov/?keyword=cargo
[DATAGOV] t=6592.3s | pag=3425 | files=6298 | data=3305 | cola=18496 | prio=10 | https://catalog.data.gov/?keyword=container
[DATAGOV] t=6593.4s | pag=3426 | files=6298 | data=3306 | cola=18515 | prio=10 | https://catalog.data.gov/?keyword=freight
[DATAGOV] t=6594.8s | pag=3427 | files=6298 | data=3307 | cola=18538 | prio=10 | https://catalog.data.gov/?keyword=harbor
[DATAGOV] t=6595.6s | pag=3428 | files=6298 | data=3308 | cola=18548 | prio=10 | https://catalog.data.gov/?keyword=international
[DATAGOV] t=6596.3s | pag=3429 | files=6298 | data=3309 | cola=18582 | prio=10 | https://catalog.data.gov/?keyword=port
[DATAGOV] t=6597.1s | pag=3430 | files=6298 | data=3310 | cola=18607 | prio=10 | https://catalog.data.gov/harvest_record/51687dcc-9ffe-4059-a2f6-68450d43af23/raw
[DATAGOV] t=6597.5s | pag=3430 | files=6299 | data=3310 | cola=18606 | prio=10 | https://catalog.data.gov/dataset/business-lookup?from_hint=eyJrZXl3b3JkIjoiYnVzaW5lc3MgbGljZW5zZXMifQ%3D%3D
[DATAGOV] t=6599.1s | pag=3431 | files=6299 | data=3311 | cola=18605 | prio=10 | https://catalog.data.gov/dataset/department-of-licensing-professional-license-counts?from_hint=eyJrZXl3b3JkIjoiYnVzaW5lc3MgbGljZW5zZXMifQ%3D%3D
[DATAGOV] t=6600.0s | pag=3432 | files=6302 | data=3312 | cola=18611 | prio=10 | https://catalog.data.gov/dataset/department-of-licensing-professional-license-counts
[DATAGOV] t=6600.6s | pag=3433 | files=6302 | data=3313 | cola=18610 | prio=10 | https://catalog.data.gov/dataset/professional-license-transactions-by-department-of-licensing?from_hint=eyJrZXl3b3JkIjoiYnVzaW5lc3MgbGljZW5zZXMifQ%3D%3D
[DATAGOV] t=6601.6s | pag=3434 | files=6305 | data=3314 | cola=18610 | prio=10 | https://catalog.data.gov/dataset/professional-license-transactions-by-department-of-licensing
[DATAGOV] t=6602.3s | pag=3435 | files=6305 | data=3315 | cola=18609 | prio=10 | https://catalog.data.gov/dataset/department-of-licensings-business-licenses-related-to-the-transportation-industry?from_hint=eyJrZXl3b3JkIjoiYnVzaW5lc3MgbGljZW5zZXMifQ%3D%3D
[DATAGOV] t=6603.3s | pag=3436 | files=6308 | data=3316 | cola=18611 | prio=10 | https://catalog.data.gov/dataset/department-of-licensings-business-licenses-related-to-the-transportation-industry
[DATAGOV] t=6604.5s | pag=3437 | files=6308 | data=3317 | cola=18610 | prio=10 | https://catalog.data.gov/dataset/business-lookup?from_hint=eyJrZXl3b3JkIjoiYnVzaW5lc3MgbmFtZXMifQ%3D%3D
[DATAGOV] t=6605.6s | pag=3438 | files=6308 | data=3318 | cola=18609 | prio=10 | https://catalog.data.gov/dataset/business-lookup?from_hint=eyJrZXl3b3JkIjoiYnVzaW5lc3Mgb2ZmaWNlcnMifQ%3D%3D
[DATAGOV] t=6606.2s | pag=3439 | files=6308 | data=3319 | cola=18608 | prio=10 | https://catalog.data.gov/dataset/business-lookup?from_hint=eyJrZXl3b3JkIjoiYnVzaW5lc3Mgb3duZXJzIn0%3D
[DATAGOV] t=6607.2s | pag=3440 | files=6308 | data=3320 | cola=18607 | prio=10 | https://catalog.data.gov/dataset/business-lookup?from_hint=eyJrZXl3b3JkIjoiYnVzaW5lc3MgcmVnaXN0cmF0aW9ucyJ9
[DATAGOV] t=6608.2s | pag=3441 | files=6308 | data=3321 | cola=18606 | prio=10 | https://catalog.data.gov/dataset/ct-business-registrations?from_hint=eyJrZXl3b3JkIjoiYnVzaW5lc3MgcmVnaXN0cmF0aW9ucyJ9
[DATAGOV] t=6609.2s | pag=3442 | files=6308 | data=3322 | cola=18608 | prio=10 | https://catalog.data.gov/organization/connecticut
[DATAGOV] t=6610.0s | pag=3443 | files=6308 | data=3323 | cola=18617 | prio=10 | https://catalog.data.gov/dataset/business-lookup?from_hint=eyJrZXl3b3JkIjoiYnVzaW5lc3NlcyJ9
[DATAGOV] t=6610.7s | pag=3444 | files=6308 | data=3324 | cola=18616 | prio=10 | https://catalog.data.gov/dataset/women-minority-owned-businesses?from_hint=eyJrZXl3b3JkIjoiYnVzaW5lc3NlcyJ9
[DATAGOV] DATASETS=3325 | data_html_table | https://catalog.data.gov/dataset/women-minority-owned-businesses?from_hint=eyJrZXl3b3JkIjoiYnVzaW5lc3NlcyJ9
[DATAGOV] t=6611.6s | pag=3445 | files=6311 | data=3325 | cola=18617 | prio=10 | https://catalog.data.gov/dataset/women-minority-owned-businesses
[DATAGOV] t=6612.5s | pag=3446 | files=6311 | data=3326 | cola=18616 | prio=10 | https://catalog.data.gov/dataset/crime-induced-business-relocations-in-the-austin-texas-metropolitan-area-1995-1996?from_hint=eyJrZXl3b3JkIjoiYnVzaW5lc3NlcyJ9
[DATAGOV] t=6613.3s | pag=3447 | files=6311 | data=3327 | cola=18622 | prio=10 | https://catalog.data.gov/dataset/iowa-certified-organic-farms-and-businesses?from_hint=eyJrZXl3b3JkIjoiYnVzaW5lc3NlcyJ9
[DATAGOV] t=6614.1s | pag=3448 | files=6313 | data=3328 | cola=18623 | prio=10 | https://catalog.data.gov/dataset/iowa-certified-organic-farms-and-businesses
[DATAGOV] t=6614.8s | pag=3449 | files=6313 | data=3329 | cola=18622 | prio=10 | https://catalog.data.gov/dataset/business-source-center-program-performance-objectives-q2-04-18-09-18?from_hint=eyJrZXl3b3JkIjoiYnVzaW5lc3NlcyJ9
[DATAGOV] t=6615.6s | pag=3450 | files=6316 | data=3330 | cola=18626 | prio=10 | https://catalog.data.gov/dataset/business-source-center-program-performance-objectives-q2-04-18-09-18
[DATAGOV] t=6616.3s | pag=3451 | files=6316 | data=3331 | cola=18625 | prio=10 | https://catalog.data.gov/dataset/business-source-center-program-performance-objectives-q3-04-18-12-18?from_hint=eyJrZXl3b3JkIjoiYnVzaW5lc3NlcyJ9
[DATAGOV] t=6617.4s | pag=3452 | files=6319 | data=3332 | cola=18625 | prio=10 | https://catalog.data.gov/dataset/business-source-center-program-performance-objectives-q3-04-18-12-18
[DATAGOV] t=6618.2s | pag=3453 | files=6319 | data=3333 | cola=18624 | prio=10 | https://catalog.data.gov/dataset/business-source-center-program-performance-objectives-q5-04-18-06-19?from_hint=eyJrZXl3b3JkIjoiYnVzaW5lc3NlcyJ9
[DATAGOV] t=6619.0s | pag=3454 | files=6322 | data=3334 | cola=18624 | prio=10 | https://catalog.data.gov/dataset/business-source-center-program-performance-objectives-q5-04-18-06-19
[DATAGOV] t=6619.7s | pag=3455 | files=6322 | data=3335 | cola=18623 | prio=10 | https://catalog.data.gov/dataset/commercial-victimization-surveys-1972-1975-united-states-cities-sample?from_hint=eyJrZXl3b3JkIjoiYnVzaW5lc3NlcyJ9
[DATAGOV] t=6620.8s | pag=3456 | files=6322 | data=3336 | cola=18626 | prio=10 | https://catalog.data.gov/dataset/business-source-center-program-performance-objectives-q4-04-18-03-19?from_hint=eyJrZXl3b3JkIjoiYnVzaW5lc3NlcyJ9
[DATAGOV] t=6621.6s | pag=3457 | files=6325 | data=3337 | cola=18626 | prio=10 | https://catalog.data.gov/dataset/business-source-center-program-performance-objectives-q4-04-18-03-19
[DATAGOV] t=6622.6s | pag=3458 | files=6325 | data=3338 | cola=18625 | prio=10 | https://catalog.data.gov/dataset/business-source-center-program-performance-objectives-q1-04-18-06-18?from_hint=eyJrZXl3b3JkIjoiYnVzaW5lc3NlcyJ9
[DATAGOV] t=6623.4s | pag=3459 | files=6328 | data=3339 | cola=18625 | prio=10 | https://catalog.data.gov/dataset/business-source-center-program-performance-objectives-q1-04-18-06-18
[DATAGOV] t=6624.5s | pag=3460 | files=6328 | data=3340 | cola=18624 | prio=10 | https://catalog.data.gov/dataset/impact-of-neighborhood-structure-crime-and-physical-deterioration-on-residents-a-1970-1982?from_hint=eyJrZXl3b3JkIjoiYnVzaW5lc3NlcyJ9
[DATAGOV] t=6625.1s | pag=3461 | files=6328 | data=3341 | cola=18628 | prio=10 | https://catalog.data.gov/dataset/business-source-center-program-performance-objectives-q1-07-19-09-19?from_hint=eyJrZXl3b3JkIjoiYnVzaW5lc3NlcyJ9
[DATAGOV] t=6626.0s | pag=3462 | files=6331 | data=3342 | cola=18628 | prio=10 | https://catalog.data.gov/dataset/business-source-center-program-performance-objectives-q1-07-19-09-19
[DATAGOV] t=6626.6s | pag=3463 | files=6331 | data=3343 | cola=18627 | prio=10 | https://catalog.data.gov/dataset/austin-green-business-leader-data?from_hint=eyJrZXl3b3JkIjoiYnVzaW5lc3NlcyJ9
[DATAGOV] t=6627.3s | pag=3464 | files=6334 | data=3344 | cola=18628 | prio=10 | https://catalog.data.gov/dataset/austin-green-business-leader-data
[DATAGOV] t=6628.1s | pag=3465 | files=6334 | data=3345 | cola=18627 | prio=10 | https://catalog.data.gov/dataset/business-source-center-program-performance-objectives-q2-10-19-12-19?from_hint=eyJrZXl3b3JkIjoiYnVzaW5lc3NlcyJ9
[DATAGOV] t=6629.3s | pag=3466 | files=6337 | data=3346 | cola=18627 | prio=10 | https://catalog.data.gov/dataset/business-source-center-program-performance-objectives-q2-10-19-12-19
[DATAGOV] t=6630.3s | pag=3467 | files=6337 | data=3347 | cola=18626 | prio=10 | https://catalog.data.gov/dataset/business-source-center-program-performance-objectives-q4-04-17-03-18?from_hint=eyJrZXl3b3JkIjoiYnVzaW5lc3NlcyJ9
[DATAGOV] t=6631.2s | pag=3468 | files=6340 | data=3348 | cola=18626 | prio=10 | https://catalog.data.gov/dataset/business-source-center-program-performance-objectives-q4-04-17-03-18
[DATAGOV] t=6632.0s | pag=3469 | files=6340 | data=3349 | cola=18625 | prio=10 | https://catalog.data.gov/dataset/unified-business-identifiers-for-entities-doing-business-in-asotin-county?from_hint=eyJrZXl3b3JkIjoiYnVzaW5lc3NlcyJ9
[DATAGOV] DATASETS=3350 | data_html_table | https://catalog.data.gov/dataset/unified-business-identifiers-for-entities-doing-business-in-asotin-county?from_hint=eyJrZXl3b3JkIjoiYnVzaW5lc3NlcyJ9
[DATAGOV] t=6633.0s | pag=3470 | files=6343 | data=3350 | cola=18629 | prio=10 | https://catalog.data.gov/dataset/unified-business-identifiers-for-entities-doing-business-in-asotin-county
[DATAGOV] t=6634.1s | pag=3471 | files=6343 | data=3351 | cola=18628 | prio=10 | https://catalog.data.gov/dataset/controlling-fraud-in-small-business-health-benefits-programs-in-the-united-state-1990-1996?from_hint=eyJrZXl3b3JkIjoiYnVzaW5lc3NlcyJ9
[DATAGOV] t=6634.6s | pag=3472 | files=6343 | data=3352 | cola=18631 | prio=10 | https://catalog.data.gov/dataset/ppp-loans-in-the-city-of-los-angeles?from_hint=eyJrZXl3b3JkIjoiYnVzaW5lc3NlcyJ9
[DATAGOV] t=6635.3s | pag=3473 | files=6346 | data=3353 | cola=18633 | prio=10 | https://catalog.data.gov/dataset/ppp-loans-in-the-city-of-los-angeles
[DATAGOV] t=6635.9s | pag=3474 | files=6346 | data=3354 | cola=18632 | prio=10 | https://catalog.data.gov/dataset/iowa-industrial-new-jobs-training-contracts?from_hint=eyJrZXl3b3JkIjoiYnVzaW5lc3NlcyJ9
[DATAGOV] t=6637.1s | pag=3475 | files=6348 | data=3355 | cola=18634 | prio=10 | https://catalog.data.gov/dataset/iowa-industrial-new-jobs-training-contracts
[DATAGOV] t=6638.1s | pag=3476 | files=6348 | data=3356 | cola=18633 | prio=10 | https://catalog.data.gov/dataset/great-streets-pedestrian-survey-2015?from_hint=eyJrZXl3b3JkIjoiYnVzaW5lc3NlcyJ9
[DATAGOV] t=6639.1s | pag=3477 | files=6351 | data=3357 | cola=18636 | prio=10 | https://catalog.data.gov/dataset/great-streets-pedestrian-survey-2015
[DATAGOV] t=6640.1s | pag=3478 | files=6351 | data=3358 | cola=18635 | prio=10 | https://catalog.data.gov/dataset/business-lookup?from_hint=eyJrZXl3b3JkIjoiY29tcGFuaWVzIn0%3D
[DATAGOV] t=6641.0s | pag=3479 | files=6351 | data=3359 | cola=18634 | prio=10 | https://catalog.data.gov/dataset/corporations-search-washington-state?from_hint=eyJrZXl3b3JkIjoiY29tcGFuaWVzIn0%3D
[DATAGOV] t=6642.2s | pag=3480 | files=6351 | data=3360 | cola=18633 | prio=10 | https://catalog.data.gov/dataset/prequalified-firms?from_hint=eyJrZXl3b3JkIjoiY29tcGFuaWVzIn0%3D
[DATAGOV] t=6642.8s | pag=3481 | files=6354 | data=3361 | cola=18636 | prio=10 | https://catalog.data.gov/dataset/prequalified-firms
[DATAGOV] t=6643.8s | pag=3482 | files=6354 | data=3362 | cola=18635 | prio=10 | https://catalog.data.gov/dataset/assessing-punitive-and-cooperative-strategies-of-corporate-crime-control-for-select-compan?from_hint=eyJrZXl3b3JkIjoiY29tcGFuaWVzIn0%3D
[DATAGOV] t=6644.6s | pag=3483 | files=6354 | data=3363 | cola=18641 | prio=10 | https://catalog.data.gov/dataset/sca-disqualified-firms?from_hint=eyJrZXl3b3JkIjoiY29tcGFuaWVzIn0%3D
[DATAGOV] t=6645.8s | pag=3484 | files=6357 | data=3364 | cola=18644 | prio=10 | https://catalog.data.gov/dataset/sca-disqualified-firms
[DATAGOV] t=6646.6s | pag=3485 | files=6357 | data=3365 | cola=18643 | prio=10 | https://catalog.data.gov/dataset/statistics-reported-by-nonbanking-enterprises-in-the-united-states?from_hint=eyJrZXl3b3JkIjoiY29tcGFuaWVzIn0%3D
[DATAGOV] t=6647.6s | pag=3486 | files=6357 | data=3366 | cola=18647 | prio=10 | https://catalog.data.gov/dataset/intermittent-survey-of-businesses?from_hint=eyJrZXl3b3JkIjoiY29tcGFuaWVzIn0%3D
[DATAGOV] t=6648.4s | pag=3487 | files=6357 | data=3367 | cola=18647 | prio=10 | https://catalog.data.gov/dataset/business-lookup?from_hint=eyJrZXl3b3JkIjoiY29ycG9yYXRpb25zIn0%3D
[DATAGOV] t=6649.4s | pag=3488 | files=6357 | data=3368 | cola=18646 | prio=10 | https://catalog.data.gov/dataset/corporations-and-other-entities-all-filings?from_hint=eyJrZXl3b3JkIjoiY29ycG9yYXRpb25zIn0%3D
[DATAGOV] t=6650.6s | pag=3489 | files=6357 | data=3369 | cola=18645 | prio=10 | https://catalog.data.gov/dataset/corporations-search-washington-state?from_hint=eyJrZXl3b3JkIjoiY29ycG9yYXRpb25zIn0%3D
[DATAGOV] t=6651.4s | pag=3490 | files=6357 | data=3370 | cola=18644 | prio=10 | https://catalog.data.gov/dataset/daily-corporation-and-other-entity-filing-data?from_hint=eyJrZXl3b3JkIjoiY29ycG9yYXRpb25zIn0%3D
[DATAGOV] t=6652.0s | pag=3491 | files=6360 | data=3371 | cola=18644 | prio=10 | https://catalog.data.gov/dataset/daily-corporation-and-other-entity-filing-data
[DATAGOV] t=6652.8s | pag=3492 | files=6360 | data=3372 | cola=18643 | prio=10 | https://catalog.data.gov/dataset/corporations-and-other-entities-all-filings-address?from_hint=eyJrZXl3b3JkIjoiY29ycG9yYXRpb25zIn0%3D
[DATAGOV] t=6653.4s | pag=3493 | files=6363 | data=3373 | cola=18644 | prio=10 | https://catalog.data.gov/dataset/corporations-and-other-entities-all-filings-address
[DATAGOV] t=6654.3s | pag=3494 | files=6363 | data=3374 | cola=18643 | prio=10 | https://catalog.data.gov/dataset/corporations-and-other-entities-all-filings-entity-status-history?from_hint=eyJrZXl3b3JkIjoiY29ycG9yYXRpb25zIn0%3D
[DATAGOV] DATASETS=3375 | data_html_table | https://catalog.data.gov/dataset/corporations-and-other-entities-all-filings-entity-status-history?from_hint=eyJrZXl3b3JkIjoiY29ycG9yYXRpb25zIn0%3D
[DATAGOV] t=6655.0s | pag=3495 | files=6366 | data=3375 | cola=18643 | prio=10 | https://catalog.data.gov/dataset/corporations-and-other-entities-all-filings-entity-status-history
[DATAGOV] t=6655.7s | pag=3496 | files=6366 | data=3376 | cola=18642 | prio=10 | https://catalog.data.gov/dataset/assessing-punitive-and-cooperative-strategies-of-corporate-crime-control-for-select-compan?from_hint=eyJrZXl3b3JkIjoiY29ycG9yYXRpb25zIn0%3D
[DATAGOV] t=6656.6s | pag=3497 | files=6366 | data=3377 | cola=18641 | prio=10 | https://catalog.data.gov/dataset/corporations-and-other-entities-all-filings-stock?from_hint=eyJrZXl3b3JkIjoiY29ycG9yYXRpb25zIn0%3D
[DATAGOV] t=6657.3s | pag=3498 | files=6369 | data=3378 | cola=18642 | prio=10 | https://catalog.data.gov/dataset/corporations-and-other-entities-all-filings-stock
[DATAGOV] t=6658.1s | pag=3499 | files=6369 | data=3379 | cola=18641 | prio=10 | https://catalog.data.gov/dataset/corporations-and-other-entities-all-filings-constituent?from_hint=eyJrZXl3b3JkIjoiY29ycG9yYXRpb25zIn0%3D
[DATAGOV] t=6659.3s | pag=3500 | files=6372 | data=3380 | cola=18644 | prio=10 | https://catalog.data.gov/dataset/corporations-and-other-entities-all-filings-constituent
[DATAGOV] t=6660.3s | pag=3501 | files=6372 | data=3381 | cola=18643 | prio=10 | https://catalog.data.gov/dataset/preventing-and-controlling-corporate-crime-the-dual-role-of-corporate-boards-and-1996-2013?from_hint=eyJrZXl3b3JkIjoiY29ycG9yYXRpb25zIn0%3D
[DATAGOV] t=6661.3s | pag=3502 | files=6372 | data=3382 | cola=18648 | prio=10 | https://catalog.data.gov/dataset/articles-of-incorporation-secretary-of-the-state-1837-1945?from_hint=eyJrZXl3b3JkIjoiY29ycG9yYXRpb25zIn0%3D
[DATAGOV] t=6662.1s | pag=3503 | files=6375 | data=3383 | cola=18653 | prio=10 | https://catalog.data.gov/dataset/articles-of-incorporation-secretary-of-the-state-1837-1945
[DATAGOV] t=6662.9s | pag=3504 | files=6375 | data=3384 | cola=18652 | prio=10 | https://catalog.data.gov/dataset/illegal-corporate-behavior-1975-1976?from_hint=eyJrZXl3b3JkIjoiY29ycG9yYXRpb25zIn0%3D
[DATAGOV] t=6664.0s | pag=3505 | files=6375 | data=3385 | cola=18654 | prio=10 | https://catalog.data.gov/dataset/2017-18-harassment-or-bullying-civil-rights-data-collection?from_hint=eyJrZXl3b3JkIjoiYnVsbHlpbmcifQ%3D%3D
[DATAGOV] t=6664.7s | pag=3506 | files=6375 | data=3386 | cola=18653 | prio=10 | https://catalog.data.gov/dataset/2013-14-harassment-or-bullying-by-basis-category?from_hint=eyJrZXl3b3JkIjoiYnVsbHlpbmcifQ%3D%3D
[DATAGOV] t=6665.6s | pag=3507 | files=6375 | data=3387 | cola=18652 | prio=10 | https://catalog.data.gov/dataset/technology-teen-dating-violence-and-abuse-and-bullying-in-three-states-2011-2012?from_hint=eyJrZXl3b3JkIjoiYnVsbHlpbmcifQ%3D%3D
[DATAGOV] t=6666.5s | pag=3508 | files=6375 | data=3388 | cola=18651 | prio=10 | https://catalog.data.gov/dataset/wisconsin-school-violence-and-bullying-prevention-study-2015-2017?from_hint=eyJrZXl3b3JkIjoiYnVsbHlpbmcifQ%3D%3D
[DATAGOV] t=6667.6s | pag=3509 | files=6375 | data=3389 | cola=18656 | prio=10 | https://catalog.data.gov/dataset/2018-2019-bullying-harassment-discrimination-bi-annual-report?from_hint=eyJrZXl3b3JkIjoiYnVsbHlpbmcifQ%3D%3D
[DATAGOV] t=6668.4s | pag=3510 | files=6378 | data=3390 | cola=18656 | prio=10 | https://catalog.data.gov/dataset/2018-2019-bullying-harassment-discrimination-bi-annual-report
[DATAGOV] t=6669.5s | pag=3511 | files=6378 | data=3391 | cola=18655 | prio=10 | https://catalog.data.gov/dataset/systematic-review-of-school-based-programs-to-reduce-bullying-and-victimization-1983-2009?from_hint=eyJrZXl3b3JkIjoiYnVsbHlpbmcifQ%3D%3D
[DATAGOV] t=6670.7s | pag=3512 | files=6378 | data=3392 | cola=18659 | prio=10 | https://catalog.data.gov/dataset/a-group-randomized-trial-of-restorative-justice-programming-to-address-the-schoo-2014-2018?from_hint=eyJrZXl3b3JkIjoiYnVsbHlpbmcifQ%3D%3D
[DATAGOV] t=6671.5s | pag=3513 | files=6378 | data=3393 | cola=18662 | prio=10 | https://catalog.data.gov/dataset/protective-behaviors-of-student-victims-of-bullying-a-rare-events-analysis-of-the-2009-sch?from_hint=eyJrZXl3b3JkIjoiYnVsbHlpbmcifQ%3D%3D
[DATAGOV] t=6672.2s | pag=3514 | files=6378 | data=3394 | cola=18665 | prio=10 | https://catalog.data.gov/dataset/speakout-polyvictimization-prevalence-rates-for-sexual-and-gender-minority-adolescents-onl?from_hint=eyJrZXl3b3JkIjoiYnVsbHlpbmcifQ%3D%3D
[DATAGOV] t=6673.3s | pag=3515 | files=6378 | data=3395 | cola=18669 | prio=10 | https://catalog.data.gov/dataset/contents-and-contexts-of-cyberbullying-an-epidemiologic-study-using-electronic-d-2014-2015?from_hint=eyJrZXl3b3JkIjoiYnVsbHlpbmcifQ%3D%3D
[DATAGOV] t=6674.2s | pag=3516 | files=6378 | data=3396 | cola=18672 | prio=10 | https://catalog.data.gov/dataset/effects-of-a-middle-school-social-emotional-learning-program-on-bullying-teen-da-2010-2016?from_hint=eyJrZXl3b3JkIjoiYnVsbHlpbmcifQ%3D%3D
[DATAGOV] t=6675.1s | pag=3517 | files=6378 | data=3397 | cola=18676 | prio=10 | https://catalog.data.gov/dataset/a-randomized-impact-evaluation-of-the-no-bully-system-california-2015-2017?from_hint=eyJrZXl3b3JkIjoiYnVsbHlpbmcifQ%3D%3D
[DATAGOV] t=6675.8s | pag=3518 | files=6378 | data=3398 | cola=18677 | prio=10 | https://catalog.data.gov/dataset/school-climate-enhancement-and-bullying-prevention-in-southern-illinois-2016-2019?from_hint=eyJrZXl3b3JkIjoiYnVsbHlpbmcifQ%3D%3D
[DATAGOV] t=6676.5s | pag=3519 | files=6378 | data=3399 | cola=18678 | prio=10 | https://catalog.data.gov/dataset/a-randomized-impact-evaluation-of-capturing-kids-hearts-south-carolina-2016-2018?from_hint=eyJrZXl3b3JkIjoiYnVsbHlpbmcifQ%3D%3D
[DATAGOV] DATASETS=3400 | data_html_table | https://catalog.data.gov/dataset/a-randomized-impact-evaluation-of-capturing-kids-hearts-south-carolina-2016-2018?from_hint=eyJrZXl3b3JkIjoiYnVsbHlpbmcifQ%3D%3D
[DATAGOV] t=6677.6s | pag=3520 | files=6378 | data=3400 | cola=18680 | prio=10 | https://catalog.data.gov/dataset/bullying-and-violence-on-the-school-bus-a-mixed-methods-assessment-of-behavioral-2016-2018?from_hint=eyJrZXl3b3JkIjoiYnVsbHlpbmcifQ%3D%3D
[DATAGOV] t=6678.7s | pag=3521 | files=6378 | data=3401 | cola=18683 | prio=10 | https://catalog.data.gov/dataset/2017-2018-bullying-harassment-dicrimination-bi-annual-report?from_hint=eyJrZXl3b3JkIjoiYnVsbHlpbmcifQ%3D%3D
[DATAGOV] t=6679.4s | pag=3522 | files=6381 | data=3402 | cola=18683 | prio=10 | https://catalog.data.gov/dataset/2017-2018-bullying-harassment-dicrimination-bi-annual-report
[DATAGOV] t=6680.3s | pag=3523 | files=6381 | data=3403 | cola=18682 | prio=10 | https://catalog.data.gov/dataset/bullying-sexual-and-dating-violence-trajectories-from-early-to-late-adolescence--2007-2013?from_hint=eyJrZXl3b3JkIjoiYnVsbHlpbmcifQ%3D%3D
[DATAGOV] t=6681.4s | pag=3524 | files=6381 | data=3404 | cola=18683 | prio=10 | https://catalog.data.gov/dataset/building-healthy-relationships-an-evaluation-of-the-fourth-r-curriculum-with-mid-2010-2012?from_hint=eyJrZXl3b3JkIjoiYnVsbHlpbmcifQ%3D%3D
[DATAGOV] t=6682.4s | pag=3525 | files=6381 | data=3405 | cola=18686 | prio=10 | https://catalog.data.gov/dataset/outcome-evaluation-of-the-teens-crime-and-the-community-community-works-tcc-cw-t-2004-2005?from_hint=eyJrZXl3b3JkIjoiYnVsbHlpbmcifQ%3D%3D
[DATAGOV] t=6683.5s | pag=3526 | files=6381 | data=3406 | cola=18686 | prio=10 | https://catalog.data.gov/dataset/testing-integrative-models-to-improve-school-safety-positive-behavior-interventi-2015-2018?from_hint=eyJrZXl3b3JkIjoiYnVsbHlpbmcifQ%3D%3D
[DATAGOV] t=6684.1s | pag=3527 | files=6381 | data=3407 | cola=18689 | prio=10 | https://catalog.data.gov/dataset/2017-18-harassment-or-bullying-civil-rights-data-collection?from_hint=eyJrZXl3b3JkIjoiaGFyYXNzbWVudCJ9
[DATAGOV] t=6685.1s | pag=3528 | files=6381 | data=3408 | cola=18688 | prio=10 | https://catalog.data.gov/dataset/2013-14-harassment-or-bullying-by-basis-category?from_hint=eyJrZXl3b3JkIjoiaGFyYXNzbWVudCJ9
[DATAGOV] t=6686.2s | pag=3529 | files=6381 | data=3409 | cola=18687 | prio=10 | https://catalog.data.gov/dataset/national-crime-victimization-survey-stalking-victimization-supplement-2006?from_hint=eyJrZXl3b3JkIjoiaGFyYXNzbWVudCJ9
[DATAGOV] t=6686.9s | pag=3530 | files=6381 | data=3410 | cola=18688 | prio=10 | https://catalog.data.gov/dataset/exploring-the-drugs-crime-connection-within-the-electronic-dance-music-and-hip-h-2005-2006?from_hint=eyJrZXl3b3JkIjoiaGFyYXNzbWVudCJ9
[DATAGOV] t=6688.0s | pag=3531 | files=6381 | data=3411 | cola=18690 | prio=10 | https://catalog.data.gov/dataset/discrimination-case-closures-by-month-and-type-2017-present?from_hint=eyJrZXl3b3JkIjoiaGFyYXNzbWVudCJ9
[DATAGOV] t=6689.0s | pag=3532 | files=6384 | data=3412 | cola=18690 | prio=10 | https://catalog.data.gov/dataset/discrimination-case-closures-by-month-and-type-2017-present
[DATAGOV] t=6689.9s | pag=3533 | files=6384 | data=3413 | cola=18689 | prio=10 | https://catalog.data.gov/dataset/mentally-disordered-offenders-in-pursuit-of-celebrities-and-politicians?from_hint=eyJrZXl3b3JkIjoiaGFyYXNzbWVudCJ9
[DATAGOV] t=6690.6s | pag=3534 | files=6384 | data=3414 | cola=18695 | prio=10 | https://catalog.data.gov/dataset/bethlehem-pennsylvania-police-family-group-conferencing-project-1993-1997?from_hint=eyJrZXl3b3JkIjoiaGFyYXNzbWVudCJ9
[DATAGOV] t=6691.8s | pag=3535 | files=6384 | data=3415 | cola=18701 | prio=10 | https://catalog.data.gov/dataset/a-randomized-impact-evaluation-of-the-no-bully-system-california-2015-2017?from_hint=eyJrZXl3b3JkIjoiaGFyYXNzbWVudCJ9
[DATAGOV] t=6692.5s | pag=3536 | files=6384 | data=3416 | cola=18700 | prio=10 | https://catalog.data.gov/dataset/incident-report-legacy?from_hint=eyJrZXl3b3JkIjoiaGFyYXNzbWVudCJ9
[DATAGOV] t=6693.5s | pag=3537 | files=6384 | data=3417 | cola=18706 | prio=10 | https://catalog.data.gov/dataset/statewide-profile-of-abuse-of-older-women-and-the-criminal-justice-response-in-rhode--2002?from_hint=eyJrZXl3b3JkIjoiaGFyYXNzbWVudCJ9
[DATAGOV] t=6694.2s | pag=3538 | files=6384 | data=3418 | cola=18711 | prio=10 | https://catalog.data.gov/dataset/national-crime-victimization-survey-supplemental-victimization-survey-united-states-2016?from_hint=eyJrZXl3b3JkIjoiaGFyYXNzbWVudCJ9
[DATAGOV] t=6695.0s | pag=3539 | files=6384 | data=3419 | cola=18712 | prio=10 | https://catalog.data.gov/dataset/incident-report-legacy-6ea07?from_hint=eyJrZXl3b3JkIjoiaGFyYXNzbWVudCJ9
[DATAGOV] t=6696.1s | pag=3540 | files=6384 | data=3420 | cola=18713 | prio=10 | https://catalog.data.gov/dataset/technology-involved-harassment-victimization-placement-in-a-broader-victimization-context-?from_hint=eyJrZXl3b3JkIjoiaGFyYXNzbWVudCJ9
[DATAGOV] t=6696.6s | pag=3541 | files=6384 | data=3421 | cola=18714 | prio=10 | https://catalog.data.gov/dataset/national-crime-victimization-survey-supplemental-victimization-survey-united-states-2019?from_hint=eyJrZXl3b3JkIjoiaGFyYXNzbWVudCJ9
[DATAGOV] t=6697.6s | pag=3542 | files=6384 | data=3422 | cola=18714 | prio=10 | https://catalog.data.gov/dataset/civil-rights-data-collection-crdc?from_hint=eyJrZXl3b3JkIjoiYWR2YW5jZWQtcGxhY2VtZW50In0%3D
[DATAGOV] t=6698.7s | pag=3543 | files=6384 | data=3423 | cola=18713 | prio=10 | https://catalog.data.gov/dataset/civil-rights-data-collection-2011-12?from_hint=eyJrZXl3b3JkIjoiYWR2YW5jZWQtcGxhY2VtZW50In0%3D
[DATAGOV] t=6699.7s | pag=3544 | files=6384 | data=3424 | cola=18712 | prio=10 | https://catalog.data.gov/dataset/2017-18-advanced-placement-courses-civil-rights-data-collection?from_hint=eyJrZXl3b3JkIjoiYWR2YW5jZWQtcGxhY2VtZW50In0%3D
[DATAGOV] DATASETS=3425 | data_html_table | https://catalog.data.gov/dataset/2017-18-advanced-placement-courses-civil-rights-data-collection?from_hint=eyJrZXl3b3JkIjoiYWR2YW5jZWQtcGxhY2VtZW50In0%3D
[DATAGOV] t=6700.6s | pag=3545 | files=6384 | data=3425 | cola=18711 | prio=10 | https://catalog.data.gov/dataset/civil-rights-data-collection-2013-14?from_hint=eyJrZXl3b3JkIjoiYWR2YW5jZWQtcGxhY2VtZW50In0%3D
[DATAGOV] t=6701.3s | pag=3546 | files=6384 | data=3426 | cola=18710 | prio=10 | https://catalog.data.gov/dataset/civil-rights-data-collection-crdc-for-the-2013-14-school-year?from_hint=eyJrZXl3b3JkIjoiYWR2YW5jZWQtcGxhY2VtZW50In0%3D
[DATAGOV] t=6701.9s | pag=3547 | files=6384 | data=3427 | cola=18709 | prio=10 | https://catalog.data.gov/dataset/civil-rights-data-collection-2006?from_hint=eyJrZXl3b3JkIjoiYWR2YW5jZWQtcGxhY2VtZW50In0%3D
[DATAGOV] t=6702.8s | pag=3548 | files=6384 | data=3428 | cola=18708 | prio=10 | https://catalog.data.gov/dataset/elementary-and-secondary-school-civil-rights-compliance-report-2002?from_hint=eyJrZXl3b3JkIjoiYWR2YW5jZWQtcGxhY2VtZW50In0%3D
[DATAGOV] t=6704.0s | pag=3549 | files=6384 | data=3429 | cola=18707 | prio=10 | https://catalog.data.gov/dataset/2000-national-and-state-estimations-civil-rights-data-collection?from_hint=eyJrZXl3b3JkIjoiYWR2YW5jZWQtcGxhY2VtZW50In0%3D
[DATAGOV] t=6704.9s | pag=3550 | files=6384 | data=3430 | cola=18706 | prio=10 | https://catalog.data.gov/dataset/civil-rights-data-collection-2009-10?from_hint=eyJrZXl3b3JkIjoiYWR2YW5jZWQtcGxhY2VtZW50In0%3D
[DATAGOV] t=6706.0s | pag=3551 | files=6384 | data=3431 | cola=18705 | prio=10 | https://catalog.data.gov/dataset/civil-rights-data-collection-2004?from_hint=eyJrZXl3b3JkIjoiYWR2YW5jZWQtcGxhY2VtZW50In0%3D
[DATAGOV] t=6706.8s | pag=3552 | files=6384 | data=3432 | cola=18704 | prio=10 | https://catalog.data.gov/dataset/2017-18-college-preparatory-exams-civil-rights-data-collection?from_hint=eyJrZXl3b3JkIjoiYWR2YW5jZWQtcGxhY2VtZW50In0%3D
[DATAGOV] t=6707.4s | pag=3553 | files=6387 | data=3433 | cola=18704 | prio=10 | https://catalog.data.gov/dataset/2017-18-college-preparatory-exams-civil-rights-data-collection
[DATAGOV] t=6708.5s | pag=3554 | files=6387 | data=3434 | cola=18703 | prio=10 | https://catalog.data.gov/dataset/civil-rights-data-collection-crdc?from_hint=eyJrZXl3b3JkIjoiY291cnNlLXRha2luZyJ9
[DATAGOV] t=6709.2s | pag=3555 | files=6387 | data=3435 | cola=18702 | prio=10 | https://catalog.data.gov/dataset/civil-rights-data-collection-2013-14?from_hint=eyJrZXl3b3JkIjoiY291cnNlLXRha2luZyJ9
[DATAGOV] t=6710.5s | pag=3556 | files=6387 | data=3436 | cola=18701 | prio=10 | https://catalog.data.gov/dataset/civil-rights-data-collection-crdc-for-the-2013-14-school-year?from_hint=eyJrZXl3b3JkIjoiY291cnNlLXRha2luZyJ9
[DATAGOV] t=6711.0s | pag=3557 | files=6387 | data=3437 | cola=18700 | prio=10 | https://catalog.data.gov/dataset/civil-rights-data-collection-crdc?from_hint=eyJrZXl3b3JkIjoiZGF0YSJ9
[DATAGOV] t=6711.9s | pag=3558 | files=6387 | data=3438 | cola=18699 | prio=10 | https://catalog.data.gov/dataset/quick-stats-agricultural-database-api?from_hint=eyJrZXl3b3JkIjoiZGF0YSJ9
[DATAGOV] t=6712.9s | pag=3559 | files=6387 | data=3439 | cola=18698 | prio=10 | https://catalog.data.gov/dataset/event-correlated-outage-dataset-in-america?from_hint=eyJrZXl3b3JkIjoiZGF0YSJ9
[DATAGOV] t=6713.6s | pag=3560 | files=6387 | data=3440 | cola=18697 | prio=10 | https://catalog.data.gov/dataset/photovoltaic-data-acquisition-pvdaq-public-datasets?from_hint=eyJrZXl3b3JkIjoiZGF0YSJ9
[DATAGOV] t=6714.6s | pag=3561 | files=6387 | data=3441 | cola=18696 | prio=10 | https://catalog.data.gov/dataset/quick-stats-agricultural-database?from_hint=eyJrZXl3b3JkIjoiZGF0YSJ9
[DATAGOV] t=6715.4s | pag=3562 | files=6387 | data=3442 | cola=18695 | prio=10 | https://catalog.data.gov/dataset/2024-annual-technology-baseline-atb-cost-and-performance-data-for-electricity-generation-t?from_hint=eyJrZXl3b3JkIjoiZGF0YSJ9
[DATAGOV] t=6716.3s | pag=3563 | files=6387 | data=3443 | cola=18694 | prio=10 | https://catalog.data.gov/dataset/fair-lending-data?from_hint=eyJrZXl3b3JkIjoiZGF0YSJ9
[DATAGOV] t=6716.8s | pag=3564 | files=6387 | data=3444 | cola=18695 | prio=10 | https://catalog.data.gov/dataset/national-solar-radiation-database-nsrdb?from_hint=eyJrZXl3b3JkIjoiZGF0YSJ9
[DATAGOV] t=6717.9s | pag=3565 | files=6387 | data=3445 | cola=18694 | prio=10 | https://catalog.data.gov/dataset/photovoltaic-module-current-voltage-and-electroluminescence-image-data-pv-iv-el?from_hint=eyJrZXl3b3JkIjoiZGF0YSJ9
[DATAGOV] t=6718.6s | pag=3566 | files=6387 | data=3446 | cola=18693 | prio=10 | https://catalog.data.gov/dataset/usda-rural-development-resale-properties-foreclosure?from_hint=eyJrZXl3b3JkIjoiZGF0YSJ9
[DATAGOV] t=6719.4s | pag=3567 | files=6387 | data=3447 | cola=18692 | prio=10 | https://catalog.data.gov/dataset/social-security-administration-ssa-public-data-listing-pdl?from_hint=eyJrZXl3b3JkIjoiZGF0YSJ9
[DATAGOV] t=6720.4s | pag=3568 | files=6387 | data=3448 | cola=18691 | prio=10 | https://catalog.data.gov/dataset/usda-rural-development-property-eligibility-sfh-mfh?from_hint=eyJrZXl3b3JkIjoiZGF0YSJ9
[DATAGOV] t=6721.0s | pag=3569 | files=6387 | data=3449 | cola=18690 | prio=10 | https://catalog.data.gov/dataset/hourly-electricity-demand-profiles-for-each-county-in-the-contiguous-united-states?from_hint=eyJrZXl3b3JkIjoiZGF0YSJ9
[DATAGOV] DATASETS=3450 | data_html_table | https://catalog.data.gov/dataset/hourly-electricity-demand-profiles-for-each-county-in-the-contiguous-united-states?from_hint=eyJrZXl3b3JkIjoiZGF0YSJ9
[DATAGOV] t=6722.2s | pag=3570 | files=6387 | data=3450 | cola=18689 | prio=10 | https://catalog.data.gov/dataset/dynamically-downscaled-hourly-future-weather-data-with-12-km-resolution-covering-most-of-n?from_hint=eyJrZXl3b3JkIjoiZGF0YSJ9
[DATAGOV] t=6723.2s | pag=3571 | files=6387 | data=3451 | cola=18688 | prio=10 | https://catalog.data.gov/dataset/data-hrsa-gov-hrsa-data-warehouse?from_hint=eyJrZXl3b3JkIjoiZGF0YSJ9
[DATAGOV] t=6723.9s | pag=3572 | files=6387 | data=3452 | cola=18694 | prio=10 | https://catalog.data.gov/dataset/data-hrsa-gov-hrsa-data-warehouse
[DATAGOV] t=6724.9s | pag=3573 | files=6387 | data=3453 | cola=18693 | prio=10 | https://catalog.data.gov/dataset/chirps-version-2-0-precipitation-global-0-05-monthly-1981-present-lon0360?from_hint=eyJrZXl3b3JkIjoiZGF0YSJ9
[DATAGOV] t=6725.9s | pag=3574 | files=6387 | data=3454 | cola=18692 | prio=10 | https://catalog.data.gov/dataset/airfoil-computational-fluid-dynamics-9k-shapes-2-aoas?from_hint=eyJrZXl3b3JkIjoiZGF0YSJ9
[DATAGOV] t=6726.8s | pag=3575 | files=6387 | data=3455 | cola=18699 | prio=10 | https://catalog.data.gov/dataset/high-resolution-floating-solar-pv-data?from_hint=eyJrZXl3b3JkIjoiZGF0YSJ9
[DATAGOV] t=6727.8s | pag=3576 | files=6407 | data=3456 | cola=18703 | prio=10 | https://catalog.data.gov/dataset/high-resolution-floating-solar-pv-data
[DATAGOV] t=6728.4s | pag=3577 | files=6407 | data=3457 | cola=18702 | prio=10 | https://catalog.data.gov/dataset/chirps-version-2-0-precipitation-global-0-05-daily-1981-present?from_hint=eyJrZXl3b3JkIjoiZGF0YSJ9
[DATAGOV] t=6729.4s | pag=3578 | files=6407 | data=3458 | cola=18701 | prio=10 | https://catalog.data.gov/dataset/g2aero-database-of-airfoils-curated-airfoils?from_hint=eyJrZXl3b3JkIjoiZGF0YSJ9
[DATAGOV] t=6730.1s | pag=3579 | files=6407 | data=3459 | cola=18706 | prio=10 | https://catalog.data.gov/dataset/g2aero-database-of-airfoils-curated-airfoils
[DATAGOV] t=6731.2s | pag=3580 | files=6407 | data=3460 | cola=18705 | prio=10 | https://catalog.data.gov/dataset/civil-rights-data-collection-crdc?from_hint=eyJrZXl3b3JkIjoiZWR1Y2F0aW9uLW9mLWNoaWxkcmVuLXdpdGgtZGlzYWJpbGl0aWVzIn0%3D
[DATAGOV] t=6731.8s | pag=3581 | files=6407 | data=3461 | cola=18704 | prio=10 | https://catalog.data.gov/dataset/civil-rights-data-collection-crdc-for-the-2013-14-school-year?from_hint=eyJrZXl3b3JkIjoiZWR1Y2F0aW9uLW9mLWNoaWxkcmVuLXdpdGgtZGlzYWJpbGl0aWVzIn0%3D
[DATAGOV] t=6732.7s | pag=3582 | files=6407 | data=3462 | cola=18703 | prio=10 | https://catalog.data.gov/dataset/pre-elementary-education-longitudinal-study?from_hint=eyJrZXl3b3JkIjoiZWR1Y2F0aW9uLW9mLWNoaWxkcmVuLXdpdGgtZGlzYWJpbGl0aWVzIn0%3D
[DATAGOV] t=6733.3s | pag=3583 | files=6407 | data=3463 | cola=18709 | prio=10 | https://catalog.data.gov/dataset/2000-national-and-state-estimations-civil-rights-data-collection?from_hint=eyJrZXl3b3JkIjoiZWR1Y2F0aW9uLW9mLWNoaWxkcmVuLXdpdGgtZGlzYWJpbGl0aWVzIn0%3D
[DATAGOV] t=6734.8s | pag=3584 | files=6407 | data=3464 | cola=18708 | prio=10 | https://catalog.data.gov/dataset/2015-16-harassment-or-bullying-by-basis-category-civil-rights-data-collection?from_hint=eyJrZXl3b3JkIjoiZWxlbWVudGFyeS1hbmQtc2Vjb25kYXJ5In0%3D
[DATAGOV] t=6735.5s | pag=3585 | files=6407 | data=3465 | cola=18707 | prio=10 | https://catalog.data.gov/dataset/2017-18-arrests-civil-rights-data-collection?from_hint=eyJrZXl3b3JkIjoiZWxlbWVudGFyeS1hbmQtc2Vjb25kYXJ5In0%3D
[DATAGOV] t=6736.6s | pag=3586 | files=6407 | data=3466 | cola=18706 | prio=10 | https://catalog.data.gov/dataset/civil-rights-data-collection-crdc-for-the-2017-18-school-year?from_hint=eyJrZXl3b3JkIjoiZWxlbWVudGFyeS1hbmQtc2Vjb25kYXJ5In0%3D
[DATAGOV] t=6737.2s | pag=3587 | files=6407 | data=3467 | cola=18705 | prio=10 | https://catalog.data.gov/dataset/2013-14-mathematics-and-science-civil-rights-data-collection?from_hint=eyJrZXl3b3JkIjoiZWxlbWVudGFyeS1hbmQtc2Vjb25kYXJ5In0%3D
[DATAGOV] t=6738.4s | pag=3588 | files=6407 | data=3468 | cola=18704 | prio=10 | https://catalog.data.gov/dataset/civil-rights-data-collection-crdc-for-the-2015-16-school-year?from_hint=eyJrZXl3b3JkIjoiZWxlbWVudGFyeS1hbmQtc2Vjb25kYXJ5In0%3D
[DATAGOV] t=6739.2s | pag=3589 | files=6407 | data=3469 | cola=18703 | prio=10 | https://catalog.data.gov/dataset/2017-18-harassment-or-bullying-civil-rights-data-collection?from_hint=eyJrZXl3b3JkIjoiZWxlbWVudGFyeS1hbmQtc2Vjb25kYXJ5In0%3D
[DATAGOV] t=6740.0s | pag=3590 | files=6407 | data=3470 | cola=18702 | prio=10 | https://catalog.data.gov/dataset/civil-rights-data-collection-crdc?from_hint=eyJrZXl3b3JkIjoiZWxlbWVudGFyeS1hbmQtc2Vjb25kYXJ5In0%3D
[DATAGOV] t=6740.9s | pag=3591 | files=6407 | data=3471 | cola=18701 | prio=10 | https://catalog.data.gov/dataset/2017-18-student-enrollment-civil-rights-data-collection?from_hint=eyJrZXl3b3JkIjoiZWxlbWVudGFyeS1hbmQtc2Vjb25kYXJ5In0%3D
[DATAGOV] t=6741.8s | pag=3592 | files=6407 | data=3472 | cola=18700 | prio=10 | https://catalog.data.gov/dataset/2015-16-student-retention-civil-rights-data-collection?from_hint=eyJrZXl3b3JkIjoiZWxlbWVudGFyeS1hbmQtc2Vjb25kYXJ5In0%3D
[DATAGOV] t=6742.7s | pag=3593 | files=6407 | data=3473 | cola=18699 | prio=10 | https://catalog.data.gov/dataset/2013-14-advanced-placement-civil-rights-data-collection?from_hint=eyJrZXl3b3JkIjoiZWxlbWVudGFyeS1hbmQtc2Vjb25kYXJ5In0%3D
[DATAGOV] t=6743.3s | pag=3594 | files=6407 | data=3474 | cola=18698 | prio=10 | https://catalog.data.gov/dataset/2013-14-discipline-civil-rights-data-collection?from_hint=eyJrZXl3b3JkIjoiZWxlbWVudGFyeS1hbmQtc2Vjb25kYXJ5In0%3D
[DATAGOV] DATASETS=3475 | data_html_table | https://catalog.data.gov/dataset/2013-14-discipline-civil-rights-data-collection?from_hint=eyJrZXl3b3JkIjoiZWxlbWVudGFyeS1hbmQtc2Vjb25kYXJ5In0%3D
[DATAGOV] t=6744.1s | pag=3595 | files=6407 | data=3475 | cola=18697 | prio=10 | https://catalog.data.gov/dataset/2017-18-discipline-civil-rights-data-collection?from_hint=eyJrZXl3b3JkIjoiZWxlbWVudGFyeS1hbmQtc2Vjb25kYXJ5In0%3D
[DATAGOV] t=6745.0s | pag=3596 | files=6407 | data=3476 | cola=18696 | prio=10 | https://catalog.data.gov/dataset/2015-16-student-enrollment-civil-rights-data-collection?from_hint=eyJrZXl3b3JkIjoiZWxlbWVudGFyeS1hbmQtc2Vjb25kYXJ5In0%3D
[DATAGOV] t=6745.7s | pag=3597 | files=6407 | data=3477 | cola=18695 | prio=10 | https://catalog.data.gov/dataset/2017-18-school-staff-civil-rights-data-collection?from_hint=eyJrZXl3b3JkIjoiZWxlbWVudGFyeS1hbmQtc2Vjb25kYXJ5In0%3D
[DATAGOV] t=6746.6s | pag=3598 | files=6407 | data=3478 | cola=18694 | prio=10 | https://catalog.data.gov/dataset/2017-18-mathematics-and-science-civil-rights-data-collection?from_hint=eyJrZXl3b3JkIjoiZWxlbWVudGFyeS1hbmQtc2Vjb25kYXJ5In0%3D
[DATAGOV] t=6747.7s | pag=3599 | files=6407 | data=3479 | cola=18693 | prio=10 | https://catalog.data.gov/dataset/2013-14-harassment-or-bullying-by-basis-category?from_hint=eyJrZXl3b3JkIjoiZWxlbWVudGFyeS1hbmQtc2Vjb25kYXJ5In0%3D
[DATAGOV] t=6748.6s | pag=3600 | files=6407 | data=3480 | cola=18692 | prio=10 | https://catalog.data.gov/dataset/2017-18-advanced-placement-courses-civil-rights-data-collection?from_hint=eyJrZXl3b3JkIjoiZWxlbWVudGFyeS1hbmQtc2Vjb25kYXJ5In0%3D
[DATAGOV] t=6749.5s | pag=3601 | files=6407 | data=3481 | cola=18691 | prio=10 | https://catalog.data.gov/dataset/2013-14-enrollment-civil-rights-data-collection?from_hint=eyJrZXl3b3JkIjoiZWxlbWVudGFyeS1hbmQtc2Vjb25kYXJ5In0%3D
[DATAGOV] t=6750.1s | pag=3602 | files=6407 | data=3482 | cola=18690 | prio=10 | https://catalog.data.gov/dataset/2015-16-discipline-civil-rights-data-collection?from_hint=eyJrZXl3b3JkIjoiZWxlbWVudGFyeS1hbmQtc2Vjb25kYXJ5In0%3D
[DATAGOV] t=6751.2s | pag=3603 | files=6407 | data=3483 | cola=18689 | prio=10 | https://catalog.data.gov/dataset/2015-16-mathematics-and-science-civil-rights-data-collection?from_hint=eyJrZXl3b3JkIjoiZWxlbWVudGFyeS1hbmQtc2Vjb25kYXJ5In0%3D
[DATAGOV] t=6752.2s | pag=3604 | files=6407 | data=3484 | cola=18688 | prio=10 | https://catalog.data.gov/dataset/warehouse-and-retail-sales?from_hint=eyJrZXl3b3JkIjoiYWxjb2hvbCJ9
[DATAGOV] t=6752.9s | pag=3605 | files=6407 | data=3485 | cola=18687 | prio=10 | https://catalog.data.gov/dataset/u-s-chronic-disease-indicators?from_hint=eyJrZXl3b3JkIjoiYWxjb2hvbCJ9
[DATAGOV] t=6753.5s | pag=3606 | files=6407 | data=3486 | cola=18686 | prio=10 | https://catalog.data.gov/dataset/missouri-active-alcohol-license-data?from_hint=eyJrZXl3b3JkIjoiYWxjb2hvbCJ9
[DATAGOV] t=6754.6s | pag=3607 | files=6410 | data=3487 | cola=18692 | prio=10 | https://catalog.data.gov/organization/missouri
[DATAGOV] t=6756.0s | pag=3608 | files=6410 | data=3488 | cola=18704 | prio=10 | https://catalog.data.gov/dataset/missouri-active-alcohol-license-data
[DATAGOV] t=6757.1s | pag=3609 | files=6410 | data=3489 | cola=18703 | prio=10 | https://catalog.data.gov/dataset/alzheimers-disease-and-healthy-aging-data?from_hint=eyJrZXl3b3JkIjoiYWxjb2hvbCJ9
[DATAGOV] t=6757.9s | pag=3610 | files=6413 | data=3490 | cola=18709 | prio=10 | https://catalog.data.gov/dataset/alzheimers-disease-and-healthy-aging-data
[DATAGOV] t=6759.1s | pag=3611 | files=6413 | data=3491 | cola=18708 | prio=10 | https://catalog.data.gov/dataset/national-epidemiologic-survey-on-alcohol-and-related-conditions-nesarc-iii?from_hint=eyJrZXl3b3JkIjoiYWxjb2hvbCJ9
[DATAGOV] t=6759.8s | pag=3612 | files=6413 | data=3492 | cola=18707 | prio=10 | https://catalog.data.gov/dataset/national-survey-on-drug-use-and-health-nsduh-2015?from_hint=eyJrZXl3b3JkIjoiYWxjb2hvbCJ9
[DATAGOV] t=6760.6s | pag=3613 | files=6413 | data=3493 | cola=18713 | prio=10 | https://catalog.data.gov/dataset/national-survey-on-drug-use-and-health-nsduh-2015
[DATAGOV] t=6761.2s | pag=3614 | files=6413 | data=3494 | cola=18712 | prio=10 | https://catalog.data.gov/dataset/national-epidemiologic-survey-on-alcohol-and-related-conditions-nesarcwave-1-20012002-and-?from_hint=eyJrZXl3b3JkIjoiYWxjb2hvbCJ9
[DATAGOV] t=6762.5s | pag=3615 | files=6413 | data=3495 | cola=18711 | prio=10 | https://catalog.data.gov/dataset/abs-store-inventory-and-sale-items?from_hint=eyJrZXl3b3JkIjoiYWxjb2hvbCJ9
[DATAGOV] t=6763.5s | pag=3616 | files=6413 | data=3496 | cola=18710 | prio=10 | https://catalog.data.gov/dataset/iowa-liquor-products?from_hint=eyJrZXl3b3JkIjoiYWxjb2hvbCJ9
[DATAGOV] t=6764.2s | pag=3617 | files=6415 | data=3497 | cola=18710 | prio=10 | https://catalog.data.gov/dataset/iowa-liquor-products
[DATAGOV] t=6765.0s | pag=3618 | files=6415 | data=3498 | cola=18709 | prio=10 | https://catalog.data.gov/dataset/current-liquor-authority-active-licenses?from_hint=eyJrZXl3b3JkIjoiYWxjb2hvbCJ9
[DATAGOV] t=6765.8s | pag=3619 | files=6418 | data=3499 | cola=18711 | prio=10 | https://catalog.data.gov/dataset/current-liquor-authority-active-licenses
[DATAGOV] DATASETS=3500 | data_html_table | https://catalog.data.gov/dataset/current-liquor-authority-active-licenses
[DATAGOV] t=6766.7s | pag=3620 | files=6418 | data=3500 | cola=18710 | prio=10 | https://catalog.data.gov/dataset/dev-dqs-use-of-selected-substances-in-the-past-30-days-among-12th-graders-10th-graders-and?from_hint=eyJrZXl3b3JkIjoiYWxjb2hvbCJ9
[DATAGOV] t=6767.3s | pag=3621 | files=6421 | data=3501 | cola=18716 | prio=10 | https://catalog.data.gov/dataset/dev-dqs-use-of-selected-substances-in-the-past-30-days-among-12th-graders-10th-graders-and
[DATAGOV] t=6768.1s | pag=3622 | files=6421 | data=3502 | cola=18715 | prio=10 | https://catalog.data.gov/dataset/national-survey-on-drug-use-and-health-nsduh-2014?from_hint=eyJrZXl3b3JkIjoiYWxjb2hvbCJ9
[DATAGOV] t=6768.9s | pag=3623 | files=6421 | data=3503 | cola=18715 | prio=10 | https://catalog.data.gov/dataset/national-survey-on-drug-use-and-health-nsduh-2014
[DATAGOV] t=6769.6s | pag=3624 | files=6421 | data=3504 | cola=18714 | prio=10 | https://catalog.data.gov/dataset/frequently-requested-listings?from_hint=eyJrZXl3b3JkIjoiYWxjb2hvbCJ9
[DATAGOV] t=6770.6s | pag=3625 | files=6421 | data=3505 | cola=18720 | prio=10 | https://catalog.data.gov/dataset/current-sla-pending-licenses?from_hint=eyJrZXl3b3JkIjoiYWxjb2hvbCJ9
[DATAGOV] t=6771.3s | pag=3626 | files=6424 | data=3506 | cola=18720 | prio=10 | https://catalog.data.gov/dataset/current-sla-pending-licenses
[DATAGOV] t=6772.3s | pag=3627 | files=6424 | data=3507 | cola=18719 | prio=10 | https://catalog.data.gov/dataset/number-of-drug-and-alcohol-related-intoxication-deaths-by-place-of-occurrence-2007-201612?from_hint=eyJrZXl3b3JkIjoiYWxjb2hvbCJ9
[DATAGOV] t=6773.2s | pag=3628 | files=6427 | data=3508 | cola=18723 | prio=10 | https://catalog.data.gov/dataset/number-of-drug-and-alcohol-related-intoxication-deaths-by-place-of-occurrence-2007-201612
[DATAGOV] t=6773.9s | pag=3629 | files=6427 | data=3509 | cola=18722 | prio=10 | https://catalog.data.gov/dataset/pending-original-new-primary-and-subordinate-license-applications?from_hint=eyJrZXl3b3JkIjoiYWxjb2hvbCJ9
[DATAGOV] t=6774.8s | pag=3630 | files=6430 | data=3510 | cola=18727 | prio=10 | https://catalog.data.gov/dataset/pending-original-new-primary-and-subordinate-license-applications
[DATAGOV] t=6775.5s | pag=3631 | files=6430 | data=3511 | cola=18726 | prio=10 | https://catalog.data.gov/dataset/pittsburgh-youth-study-youngest-sample-1987-2001-pittsburgh-pennsylvania?from_hint=eyJrZXl3b3JkIjoiYWxjb2hvbCJ9
[DATAGOV] t=6776.6s | pag=3632 | files=6430 | data=3512 | cola=18729 | prio=10 | https://catalog.data.gov/dataset/drug-abuse-warning-network-dawn-2010?from_hint=eyJrZXl3b3JkIjoiYWxjb2hvbCJ9
[DATAGOV] t=6777.7s | pag=3633 | files=6430 | data=3513 | cola=18734 | prio=10 | https://catalog.data.gov/dataset/drug-abuse-warning-network-dawn-2010
[DATAGOV] t=6778.7s | pag=3634 | files=6430 | data=3514 | cola=18733 | prio=10 | https://catalog.data.gov/dataset/uniform-crime-reporting-program-data-county-level-detailed-arrest-and-offense-data-un-2016?from_hint=eyJrZXl3b3JkIjoiYWxjb2hvbCJ9
[DATAGOV] t=6779.3s | pag=3635 | files=6430 | data=3515 | cola=18733 | prio=10 | https://catalog.data.gov/dataset/national-survey-on-drug-use-and-health-nsduh-2010?from_hint=eyJrZXl3b3JkIjoiYWxjb2hvbCJ9
[DATAGOV] t=6780.0s | pag=3636 | files=6430 | data=3516 | cola=18733 | prio=10 | https://catalog.data.gov/dataset/national-survey-on-drug-use-and-health-nsduh-2010
[DATAGOV] t=6780.8s | pag=3637 | files=6430 | data=3517 | cola=18732 | prio=10 | https://catalog.data.gov/dataset/warehouse-and-retail-sales?from_hint=eyJrZXl3b3JkIjoibGlxdW9yIn0%3D
[DATAGOV] t=6781.6s | pag=3638 | files=6430 | data=3518 | cola=18731 | prio=10 | https://catalog.data.gov/dataset/abs-store-inventory-and-sale-items?from_hint=eyJrZXl3b3JkIjoibGlxdW9yIn0%3D
[DATAGOV] t=6782.6s | pag=3639 | files=6430 | data=3519 | cola=18730 | prio=10 | https://catalog.data.gov/dataset/iowa-liquor-products?from_hint=eyJrZXl3b3JkIjoibGlxdW9yIn0%3D
[DATAGOV] t=6783.7s | pag=3640 | files=6430 | data=3520 | cola=18729 | prio=10 | https://catalog.data.gov/dataset/olcc-monthly-pricing?from_hint=eyJrZXl3b3JkIjoibGlxdW9yIn0%3D
[DATAGOV] t=6784.4s | pag=3641 | files=6433 | data=3521 | cola=18731 | prio=10 | https://catalog.data.gov/dataset/olcc-monthly-pricing
[DATAGOV] t=6785.4s | pag=3642 | files=6433 | data=3522 | cola=18730 | prio=10 | https://catalog.data.gov/dataset/liquor-brands?from_hint=eyJrZXl3b3JkIjoibGlxdW9yIn0%3D
[DATAGOV] t=6786.4s | pag=3643 | files=6436 | data=3523 | cola=18731 | prio=10 | https://catalog.data.gov/dataset/liquor-brands
[DATAGOV] t=6787.5s | pag=3644 | files=6436 | data=3524 | cola=18730 | prio=10 | https://catalog.data.gov/dataset/washington-state-liquor-and-cannabis-board-lcb-local-authority-letters?from_hint=eyJrZXl3b3JkIjoibGlxdW9yIn0%3D
[DATAGOV] DATASETS=3525 | data_html_table | https://catalog.data.gov/dataset/washington-state-liquor-and-cannabis-board-lcb-local-authority-letters?from_hint=eyJrZXl3b3JkIjoibGlxdW9yIn0%3D
[DATAGOV] t=6788.4s | pag=3645 | files=6439 | data=3525 | cola=18733 | prio=10 | https://catalog.data.gov/dataset/washington-state-liquor-and-cannabis-board-lcb-local-authority-letters
[DATAGOV] t=6789.3s | pag=3646 | files=6439 | data=3526 | cola=18732 | prio=10 | https://catalog.data.gov/dataset/iowa-liquor-stores?from_hint=eyJrZXl3b3JkIjoibGlxdW9yIn0%3D
[DATAGOV] t=6790.5s | pag=3647 | files=6441 | data=3527 | cola=18732 | prio=10 | https://catalog.data.gov/dataset/iowa-liquor-stores
[DATAGOV] t=6791.5s | pag=3648 | files=6441 | data=3528 | cola=18731 | prio=10 | https://catalog.data.gov/dataset/solicitor-product-list-with-assigned-wholesaler?from_hint=eyJrZXl3b3JkIjoibGlxdW9yIn0%3D
[DATAGOV] t=6792.5s | pag=3649 | files=6444 | data=3529 | cola=18732 | prio=10 | https://catalog.data.gov/dataset/solicitor-product-list-with-assigned-wholesaler
[DATAGOV] t=6793.5s | pag=3650 | files=6444 | data=3530 | cola=18731 | prio=10 | https://catalog.data.gov/dataset/missouri-alcohol-licenses-renewed-for-the-new-license-year?from_hint=eyJrZXl3b3JkIjoibGlxdW9yIn0%3D
[DATAGOV] t=6794.0s | pag=3651 | files=6447 | data=3531 | cola=18733 | prio=10 | https://catalog.data.gov/dataset/missouri-alcohol-licenses-renewed-for-the-new-license-year
[DATAGOV] t=6795.2s | pag=3652 | files=6447 | data=3532 | cola=18732 | prio=10 | https://catalog.data.gov/dataset/missouri-beer-wine-and-liquor-wholesaler-list-with-zip-code?from_hint=eyJrZXl3b3JkIjoibGlxdW9yIn0%3D
[DATAGOV] t=6796.0s | pag=3653 | files=6450 | data=3533 | cola=18736 | prio=10 | https://catalog.data.gov/dataset/missouri-beer-wine-and-liquor-wholesaler-list-with-zip-code
[DATAGOV] t=6797.0s | pag=3654 | files=6450 | data=3534 | cola=18735 | prio=10 | https://catalog.data.gov/dataset/washington-state-liquor-and-cannabis-board-lcb-liquor-renewal?from_hint=eyJrZXl3b3JkIjoibGlxdW9yIn0%3D
[DATAGOV] t=6797.6s | pag=3655 | files=6453 | data=3535 | cola=18735 | prio=10 | https://catalog.data.gov/dataset/washington-state-liquor-and-cannabis-board-lcb-liquor-renewal
[DATAGOV] t=6798.4s | pag=3656 | files=6453 | data=3536 | cola=18734 | prio=10 | https://catalog.data.gov/dataset/missouri-alcohol-licenses-not-renewed-for-the-new-license-year?from_hint=eyJrZXl3b3JkIjoibGlxdW9yIn0%3D
[DATAGOV] t=6799.4s | pag=3657 | files=6456 | data=3537 | cola=18735 | prio=10 | https://catalog.data.gov/dataset/missouri-alcohol-licenses-not-renewed-for-the-new-license-year
[DATAGOV] t=6800.1s | pag=3658 | files=6456 | data=3538 | cola=18734 | prio=10 | https://catalog.data.gov/dataset/alcoholic-beverage-license-violations?from_hint=eyJrZXl3b3JkIjoibGlxdW9yIn0%3D
[DATAGOV] t=6801.1s | pag=3659 | files=6459 | data=3539 | cola=18735 | prio=10 | https://catalog.data.gov/dataset/alcoholic-beverage-license-violations
[DATAGOV] t=6802.2s | pag=3660 | files=6459 | data=3540 | cola=18734 | prio=10 | https://catalog.data.gov/dataset/new-liquor-licenses?from_hint=eyJrZXl3b3JkIjoibGlxdW9yIn0%3D
[DATAGOV] t=6803.3s | pag=3661 | files=6462 | data=3541 | cola=18735 | prio=10 | https://catalog.data.gov/dataset/new-liquor-licenses
[DATAGOV] t=6804.4s | pag=3662 | files=6462 | data=3542 | cola=18734 | prio=10 | https://catalog.data.gov/dataset/county-clerk-license-information?from_hint=eyJrZXl3b3JkIjoibGlxdW9yIn0%3D
[DATAGOV] t=6805.1s | pag=3663 | files=6465 | data=3543 | cola=18736 | prio=10 | https://catalog.data.gov/dataset/county-clerk-license-information
[DATAGOV] t=6805.8s | pag=3664 | files=6465 | data=3544 | cola=18735 | prio=10 | https://catalog.data.gov/dataset/missouri-alcohol-licenses-out-of-business?from_hint=eyJrZXl3b3JkIjoibGlxdW9yIn0%3D
[DATAGOV] t=6806.5s | pag=3665 | files=6468 | data=3545 | cola=18736 | prio=10 | https://catalog.data.gov/dataset/missouri-alcohol-licenses-out-of-business
[DATAGOV] t=6807.4s | pag=3666 | files=6468 | data=3546 | cola=18735 | prio=10 | https://catalog.data.gov/dataset/liquor-moratorium-districts-taverns-kml-historical?from_hint=eyJrZXl3b3JkIjoibGlxdW9yIn0%3D
[DATAGOV] t=6808.5s | pag=3667 | files=6468 | data=3547 | cola=18737 | prio=10 | https://catalog.data.gov/dataset/liquor-moratorium-districts-taverns-kml-historical
[DATAGOV] t=6809.3s | pag=3668 | files=6468 | data=3548 | cola=18736 | prio=10 | https://catalog.data.gov/dataset/department-of-alcohol-beverage-services-abs-licensee-data?from_hint=eyJrZXl3b3JkIjoibGlxdW9yIn0%3D
[DATAGOV] t=6810.5s | pag=3669 | files=6471 | data=3549 | cola=18737 | prio=10 | https://catalog.data.gov/dataset/department-of-alcohol-beverage-services-abs-licensee-data
[DATAGOV] DATASETS=3550 | data_html_table | https://catalog.data.gov/dataset/department-of-alcohol-beverage-services-abs-licensee-data
[DATAGOV] t=6811.7s | pag=3670 | files=6471 | data=3550 | cola=18736 | prio=10 | https://catalog.data.gov/dataset/missouri-alcohol-temporary-license-expirations?from_hint=eyJrZXl3b3JkIjoibGlxdW9yIn0%3D
[DATAGOV] t=6812.6s | pag=3671 | files=6474 | data=3551 | cola=18738 | prio=10 | https://catalog.data.gov/dataset/missouri-alcohol-temporary-license-expirations
[DATAGOV] t=6813.4s | pag=3672 | files=6474 | data=3552 | cola=18737 | prio=10 | https://catalog.data.gov/dataset/product-purchases-by-dlc?from_hint=eyJrZXl3b3JkIjoibGlxdW9yIn0%3D
[DATAGOV] t=6814.4s | pag=3673 | files=6477 | data=3553 | cola=18737 | prio=10 | https://catalog.data.gov/dataset/product-purchases-by-dlc
[DATAGOV] t=6815.3s | pag=3674 | files=6477 | data=3554 | cola=18736 | prio=10 | https://catalog.data.gov/dataset/warehouse-and-retail-sales?from_hint=eyJrZXl3b3JkIjoic2FsZSJ9
[DATAGOV] t=6816.3s | pag=3675 | files=6477 | data=3555 | cola=18735 | prio=10 | https://catalog.data.gov/dataset/abs-store-inventory-and-sale-items?from_hint=eyJrZXl3b3JkIjoic2FsZSJ9
[DATAGOV] t=6817.5s | pag=3676 | files=6477 | data=3556 | cola=18734 | prio=10 | https://catalog.data.gov/dataset/blm-co-q2-2026-oil-and-gas-lease-sale?from_hint=eyJrZXl3b3JkIjoic2FsZSJ9
[DATAGOV] t=6818.3s | pag=3677 | files=6477 | data=3557 | cola=18740 | prio=10 | https://catalog.data.gov/dataset/blm-co-q2-2026-oil-and-gas-lease-sale
[DATAGOV] t=6819.2s | pag=3678 | files=6477 | data=3558 | cola=18739 | prio=10 | https://catalog.data.gov/dataset/nyc-citywide-annualized-calendar-sales-update?from_hint=eyJrZXl3b3JkIjoic2FsZSJ9
[DATAGOV] t=6819.9s | pag=3679 | files=6480 | data=3559 | cola=18743 | prio=10 | https://catalog.data.gov/dataset/nyc-citywide-annualized-calendar-sales-update
[DATAGOV] t=6820.9s | pag=3680 | files=6480 | data=3560 | cola=18742 | prio=10 | https://catalog.data.gov/dataset/blm-co-oil-gas-lease-sale-2013-2022?from_hint=eyJrZXl3b3JkIjoic2FsZSJ9
[DATAGOV] t=6821.7s | pag=3681 | files=6480 | data=3561 | cola=18742 | prio=10 | https://catalog.data.gov/dataset/blm-co-oil-gas-lease-sale-2013-2022
[DATAGOV] t=6822.5s | pag=3682 | files=6480 | data=3562 | cola=18741 | prio=10 | https://catalog.data.gov/dataset/blm-co-oil-and-gas-lease-sale-q3-2025?from_hint=eyJrZXl3b3JkIjoic2FsZSJ9
[DATAGOV] t=6823.2s | pag=3683 | files=6480 | data=3563 | cola=18741 | prio=10 | https://catalog.data.gov/dataset/blm-co-oil-and-gas-lease-sale-q3-2025
[DATAGOV] t=6824.2s | pag=3684 | files=6480 | data=3564 | cola=18740 | prio=10 | https://catalog.data.gov/dataset/deed-restriction-database?from_hint=eyJrZXl3b3JkIjoic2FsZSJ9
[DATAGOV] t=6825.0s | pag=3685 | files=6483 | data=3565 | cola=18745 | prio=10 | https://catalog.data.gov/dataset/deed-restriction-database
[DATAGOV] t=6826.0s | pag=3686 | files=6483 | data=3566 | cola=18744 | prio=10 | https://catalog.data.gov/dataset/blm-co-oil-and-gas-lease-sale-q4-december-2026?from_hint=eyJrZXl3b3JkIjoic2FsZSJ9
[DATAGOV] t=6826.8s | pag=3687 | files=6483 | data=3567 | cola=18744 | prio=10 | https://catalog.data.gov/dataset/blm-co-oil-and-gas-lease-sale-q4-december-2026
[DATAGOV] t=6827.5s | pag=3688 | files=6483 | data=3568 | cola=18743 | prio=10 | https://catalog.data.gov/dataset/product-purchases-by-dlc?from_hint=eyJrZXl3b3JkIjoic2FsZSJ9
[DATAGOV] t=6828.5s | pag=3689 | files=6483 | data=3569 | cola=18742 | prio=10 | https://catalog.data.gov/dataset/blm-co-fm-lease-sale-q4-2025?from_hint=eyJrZXl3b3JkIjoic2FsZSJ9
[DATAGOV] t=6829.7s | pag=3690 | files=6483 | data=3570 | cola=18742 | prio=10 | https://catalog.data.gov/dataset/blm-co-fm-lease-sale-q4-2025
[DATAGOV] t=6830.5s | pag=3691 | files=6483 | data=3571 | cola=18741 | prio=10 | https://catalog.data.gov/dataset/blm-co-oil-and-gas-lease-sale-q3-september-2026?from_hint=eyJrZXl3b3JkIjoic2FsZSJ9
[DATAGOV] t=6831.4s | pag=3692 | files=6483 | data=3572 | cola=18741 | prio=10 | https://catalog.data.gov/dataset/blm-co-oil-and-gas-lease-sale-q3-september-2026
[DATAGOV] t=6832.1s | pag=3693 | files=6483 | data=3573 | cola=18740 | prio=10 | https://catalog.data.gov/dataset/blm-co-deferred-removed-closed-sale-parcels?from_hint=eyJrZXl3b3JkIjoic2FsZSJ9
[DATAGOV] t=6833.0s | pag=3694 | files=6483 | data=3574 | cola=18740 | prio=10 | https://catalog.data.gov/dataset/blm-co-deferred-removed-closed-sale-parcels
[DATAGOV] DATASETS=3575 | data_html_table | https://catalog.data.gov/dataset/blm-co-deferred-removed-closed-sale-parcels
[DATAGOV] t=6833.8s | pag=3695 | files=6483 | data=3575 | cola=18739 | prio=10 | https://catalog.data.gov/?keyword=arrestee
[DATAGOV] t=6834.4s | pag=3696 | files=6483 | data=3576 | cola=18739 | prio=10 | https://catalog.data.gov/?keyword=daily
[DATAGOV] t=6835.3s | pag=3697 | files=6483 | data=3577 | cola=18764 | prio=10 | https://catalog.data.gov/?keyword=jails
[DATAGOV] t=6836.3s | pag=3698 | files=6483 | data=3578 | cola=18784 | prio=10 | https://catalog.data.gov/?keyword=prison
[DATAGOV] t=6837.4s | pag=3699 | files=6483 | data=3579 | cola=18814 | prio=10 | https://catalog.data.gov/?keyword=suspect
[DATAGOV] t=6838.0s | pag=3700 | files=6483 | data=3580 | cola=18818 | prio=10 | https://catalog.data.gov/harvest_record/35d39b90-bd0e-46ab-943c-10a5d7d92ae6/raw
[DATAGOV] t=6839.0s | pag=3700 | files=6484 | data=3580 | cola=18817 | prio=10 | https://catalog.data.gov/?keyword=accident
[DATAGOV] t=6843.3s | pag=3701 | files=6484 | data=3581 | cola=18841 | prio=10 | https://catalog.data.gov/?keyword=driver
[DATAGOV] t=6844.1s | pag=3702 | files=6484 | data=3582 | cola=18871 | prio=10 | https://catalog.data.gov/?keyword=pedestrian
[DATAGOV] t=6845.3s | pag=3703 | files=6484 | data=3583 | cola=18897 | prio=10 | https://catalog.data.gov/?keyword=safety
[DATAGOV] t=6845.9s | pag=3704 | files=6484 | data=3584 | cola=18919 | prio=10 | https://catalog.data.gov/?keyword=visionzero
[DATAGOV] t=6847.0s | pag=3705 | files=6484 | data=3585 | cola=18924 | prio=10 | https://catalog.data.gov/harvest_record/5f35c9f2-060b-40ef-aab6-66cbcd313036/raw
[DATAGOV] t=6847.7s | pag=3705 | files=6485 | data=3585 | cola=18923 | prio=10 | https://catalog.data.gov/harvest_record/cbc8ad87-f638-4409-9416-a8540f828f18/raw
[DATAGOV] t=6849.3s | pag=3705 | files=6486 | data=3585 | cola=18922 | prio=10 | https://catalog.data.gov/?keyword=citation
[DATAGOV] t=6851.1s | pag=3706 | files=6486 | data=3586 | cola=18959 | prio=10 | https://catalog.data.gov/?keyword=fee
[DATAGOV] t=6851.7s | pag=3707 | files=6486 | data=3587 | cola=18984 | prio=10 | https://catalog.data.gov/?keyword=noparking
[DATAGOV] t=6852.8s | pag=3708 | files=6486 | data=3588 | cola=18984 | prio=10 | https://catalog.data.gov/?keyword=parking
[DATAGOV] t=6853.8s | pag=3709 | files=6486 | data=3589 | cola=19015 | prio=10 | https://catalog.data.gov/?keyword=ticket
[DATAGOV] t=6854.6s | pag=3710 | files=6486 | data=3590 | cola=19046 | prio=10 | https://catalog.data.gov/harvest_record/1e7a3790-d55d-4cd6-9305-95e2f9b42ae2/raw
[DATAGOV] t=6855.4s | pag=3710 | files=6487 | data=3590 | cola=19045 | prio=10 | https://catalog.data.gov/?keyword=911
[DATAGOV] t=6857.1s | pag=3711 | files=6487 | data=3591 | cola=19070 | prio=10 | https://catalog.data.gov/?keyword=cad
[DATAGOV] t=6885.7s | pag=3712 | files=6521 | data=3592 | cola=19098 | prio=10 | https://catalog.data.gov/?keyword=calls
[DATAGOV] t=6886.8s | pag=3713 | files=6521 | data=3593 | cola=19125 | prio=10 | https://catalog.data.gov/?keyword=dispatched
[DATAGOV] t=6887.7s | pag=3714 | files=6521 | data=3594 | cola=19125 | prio=10 | https://catalog.data.gov/?keyword=services
[DATAGOV] t=6888.5s | pag=3715 | files=6521 | data=3595 | cola=19154 | prio=10 | https://catalog.data.gov/harvest_record/84d1c413-ecb8-4cd3-a38e-40e34b77ec99/raw
[DATAGOV] t=6889.5s | pag=3715 | files=6522 | data=3595 | cola=19153 | prio=10 | https://catalog.data.gov/?keyword=electronic+issued
[DATAGOV] t=6891.3s | pag=3716 | files=6522 | data=3596 | cola=19153 | prio=10 | https://catalog.data.gov/?keyword=injury
[DATAGOV] t=6892.1s | pag=3717 | files=6522 | data=3597 | cola=19179 | prio=10 | https://catalog.data.gov/?keyword=stop
[DATAGOV] t=6893.3s | pag=3718 | files=6522 | data=3598 | cola=19195 | prio=10 | https://catalog.data.gov/?keyword=vehicle
[DATAGOV] t=6894.2s | pag=3719 | files=6522 | data=3599 | cola=19214 | prio=10 | https://catalog.data.gov/?keyword=violations
[DATAGOV] DATASETS=3600 | exportable_data_page | https://catalog.data.gov/?keyword=violations
[DATAGOV] t=6895.4s | pag=3720 | files=6522 | data=3600 | cola=19238 | prio=10 | https://catalog.data.gov/harvest_record/b2c98345-37ae-4f4a-87a7-22bf9a04e331/raw
[DATAGOV] t=6896.1s | pag=3720 | files=6523 | data=3600 | cola=19237 | prio=10 | https://catalog.data.gov/?keyword=assault
[DATAGOV] t=6898.1s | pag=3721 | files=6523 | data=3601 | cola=19259 | prio=10 | https://catalog.data.gov/?keyword=district
[DATAGOV] t=6899.0s | pag=3722 | files=6523 | data=3602 | cola=19285 | prio=10 | https://catalog.data.gov/?keyword=maryland
[DATAGOV] t=6899.7s | pag=3723 | files=6523 | data=3603 | cola=19309 | prio=10 | https://catalog.data.gov/?keyword=mdcoordinationcrime
[DATAGOV] t=6900.2s | pag=3724 | files=6523 | data=3604 | cola=19309 | prio=10 | https://catalog.data.gov/?keyword=montgomery
[DATAGOV] t=6902.0s | pag=3725 | files=6523 | data=3605 | cola=19341 | prio=10 | https://catalog.data.gov/harvest_record/6dff8cb6-bec0-47c7-9fc0-72ee6f2fff90/raw
[DATAGOV] t=6902.4s | pag=3725 | files=6524 | data=3605 | cola=19340 | prio=10 | https://catalog.data.gov/?keyword=election
[DATAGOV] t=6904.8s | pag=3726 | files=6524 | data=3606 | cola=19375 | prio=10 | https://catalog.data.gov/?keyword=general
[DATAGOV] t=6905.5s | pag=3727 | files=6524 | data=3607 | cola=19410 | prio=10 | https://catalog.data.gov/?keyword=presidential
[DATAGOV] t=6906.6s | pag=3728 | files=6525 | data=3608 | cola=19424 | prio=10 | https://catalog.data.gov/harvest_record/ea217bc9-b762-4f7f-baa7-c31757464de1/raw
[DATAGOV] t=6907.5s | pag=3728 | files=6526 | data=3608 | cola=19423 | prio=10 | https://catalog.data.gov/?keyword=consumption
[DATAGOV] t=6909.6s | pag=3729 | files=6526 | data=3609 | cola=19446 | prio=10 | https://catalog.data.gov/?keyword=fleet
[DATAGOV] t=6910.6s | pag=3730 | files=6526 | data=3610 | cola=19473 | prio=10 | https://catalog.data.gov/?keyword=gas
[DATAGOV] t=6911.4s | pag=3731 | files=6526 | data=3611 | cola=19493 | prio=10 | https://catalog.data.gov/harvest_record/6278ce74-d1bd-4b17-8030-0d40dafb8e97/raw
[DATAGOV] t=6911.9s | pag=3731 | files=6527 | data=3611 | cola=19492 | prio=10 | https://catalog.data.gov/?keyword=automotiverepair
[DATAGOV] t=6913.8s | pag=3732 | files=6527 | data=3612 | cola=19492 | prio=10 | https://catalog.data.gov/?keyword=autorepair
[DATAGOV] t=6914.8s | pag=3733 | files=6527 | data=3613 | cola=19492 | prio=10 | https://catalog.data.gov/?keyword=bodyshop
[DATAGOV] t=6915.8s | pag=3734 | files=6527 | data=3614 | cola=19492 | prio=10 | https://catalog.data.gov/?keyword=carrepair
[DATAGOV] t=6916.8s | pag=3735 | files=6527 | data=3615 | cola=19492 | prio=10 | https://catalog.data.gov/?keyword=towing
[DATAGOV] t=6917.4s | pag=3736 | files=6527 | data=3616 | cola=19503 | prio=10 | https://catalog.data.gov/harvest_record/8568f861-b30e-4831-8265-5ae7ebbef54c/raw
[DATAGOV] t=6918.1s | pag=3736 | files=6528 | data=3616 | cola=19502 | prio=10 | https://catalog.data.gov/?keyword=government
[DATAGOV] t=6920.2s | pag=3737 | files=6529 | data=3617 | cola=19523 | prio=10 | https://catalog.data.gov/?keyword=salary
[DATAGOV] t=6920.8s | pag=3738 | files=6529 | data=3618 | cola=19546 | prio=10 | https://catalog.data.gov/harvest_record/7feb0c79-4793-460e-8e7e-85ee295f0886/raw
[DATAGOV] t=6921.2s | pag=3738 | files=6530 | data=3618 | cola=19545 | prio=10 | https://catalog.data.gov/?keyword=closures
[DATAGOV] t=6923.0s | pag=3739 | files=6530 | data=3619 | cola=19563 | prio=10 | https://catalog.data.gov/?keyword=food
[DATAGOV] t=6924.1s | pag=3740 | files=6530 | data=3620 | cola=19586 | prio=10 | https://catalog.data.gov/?keyword=sanitation
[DATAGOV] t=6924.9s | pag=3741 | files=6530 | data=3621 | cola=19615 | prio=10 | https://catalog.data.gov/harvest_record/841c5a82-ad49-41a3-bead-f11d83f64625/raw
[DATAGOV] t=6925.9s | pag=3741 | files=6531 | data=3621 | cola=19614 | prio=10 | https://catalog.data.gov/?keyword=code
[DATAGOV] t=6927.7s | pag=3742 | files=6532 | data=3622 | cola=19636 | prio=10 | https://catalog.data.gov/?keyword=enforcement
[DATAGOV] t=6928.3s | pag=3743 | files=6532 | data=3623 | cola=19656 | prio=10 | https://catalog.data.gov/?keyword=housing
[DATAGOV] t=6929.4s | pag=3744 | files=6532 | data=3624 | cola=19677 | prio=10 | https://catalog.data.gov/?keyword=violation
[DATAGOV] DATASETS=3625 | exportable_data_page | https://catalog.data.gov/?keyword=violation
[DATAGOV] t=6930.3s | pag=3745 | files=6532 | data=3625 | cola=19699 | prio=10 | https://catalog.data.gov/harvest_record/4834abcc-2fbb-44f9-924f-e58828f694d9/raw
[DATAGOV] t=6930.7s | pag=3745 | files=6533 | data=3625 | cola=19698 | prio=10 | https://catalog.data.gov/?keyword=condition
[DATAGOV] t=6932.9s | pag=3746 | files=6533 | data=3626 | cola=19719 | prio=10 | https://catalog.data.gov/?keyword=pavement
[DATAGOV] t=6933.6s | pag=3747 | files=6533 | data=3627 | cola=19751 | prio=10 | https://catalog.data.gov/?keyword=potholes
[DATAGOV] t=6934.7s | pag=3748 | files=6533 | data=3628 | cola=19753 | prio=10 | https://catalog.data.gov/?keyword=road
[DATAGOV] t=6935.6s | pag=3749 | files=6533 | data=3629 | cola=19779 | prio=10 | https://catalog.data.gov/?keyword=roadway
[DATAGOV] t=6936.7s | pag=3750 | files=6533 | data=3630 | cola=19808 | prio=10 | https://catalog.data.gov/harvest_record/9538235d-d0b2-45bc-8b8f-d3c772ea8741/raw
[DATAGOV] t=6937.4s | pag=3750 | files=6534 | data=3630 | cola=19807 | prio=10 | https://catalog.data.gov/?keyword=permits
[DATAGOV] t=6939.4s | pag=3751 | files=6534 | data=3631 | cola=19835 | prio=10 | https://catalog.data.gov/?keyword=residential
[DATAGOV] t=6940.1s | pag=3752 | files=6536 | data=3632 | cola=19858 | prio=10 | https://catalog.data.gov/harvest_record/f940eb35-606f-40ac-bc6a-54dff7f550dd/raw
[DATAGOV] t=6941.0s | pag=3752 | files=6537 | data=3632 | cola=19857 | prio=10 | https://catalog.data.gov/harvest_record/a77b3431-7e45-4783-9a99-da4daa9d918e/raw
[DATAGOV] t=6942.9s | pag=3752 | files=6538 | data=3632 | cola=19856 | prio=10 | https://catalog.data.gov/?keyword=equipment
[DATAGOV] t=6945.0s | pag=3753 | files=6539 | data=3633 | cola=19879 | prio=10 | https://catalog.data.gov/?keyword=inventory
[DATAGOV] t=6946.2s | pag=3754 | files=6539 | data=3634 | cola=19903 | prio=10 | https://catalog.data.gov/harvest_record/3c688020-8db3-48d4-a723-6d39a2321c1b/raw
[DATAGOV] t=6947.0s | pag=3754 | files=6540 | data=3634 | cola=19902 | prio=10 | https://catalog.data.gov/?keyword=average
[DATAGOV] t=6949.1s | pag=3755 | files=6547 | data=3635 | cola=19928 | prio=10 | https://catalog.data.gov/?keyword=human_resources
[DATAGOV] t=6949.8s | pag=3756 | files=6547 | data=3636 | cola=19945 | prio=10 | https://catalog.data.gov/?keyword=job
[DATAGOV] t=6950.8s | pag=3757 | files=6547 | data=3637 | cola=19971 | prio=10 | https://catalog.data.gov/?keyword=position
[DATAGOV] t=6963.0s | pag=3758 | files=6556 | data=3638 | cola=20001 | prio=10 | https://catalog.data.gov/harvest_record/e9302426-69da-4f39-9a8f-c88238badd37/raw
[DATAGOV] t=6963.3s | pag=3758 | files=6557 | data=3638 | cola=20000 | prio=10 | https://catalog.data.gov/?keyword=accommodations
[DATAGOV] t=6965.3s | pag=3759 | files=6557 | data=3639 | cola=20004 | prio=10 | https://catalog.data.gov/?keyword=hotel
[DATAGOV] t=6966.0s | pag=3760 | files=6557 | data=3640 | cola=20027 | prio=10 | https://catalog.data.gov/?keyword=rental
[DATAGOV] t=6966.9s | pag=3761 | files=6558 | data=3641 | cola=20057 | prio=10 | https://catalog.data.gov/?keyword=tax
[DATAGOV] t=6968.0s | pag=3762 | files=6558 | data=3642 | cola=20084 | prio=10 | https://catalog.data.gov/?keyword=transient
[DATAGOV] t=6969.2s | pag=3763 | files=6560 | data=3643 | cola=20087 | prio=10 | https://catalog.data.gov/harvest_record/a55ee00c-6a4e-4438-86c5-f9446e653d82/raw
[DATAGOV] t=6969.5s | pag=3763 | files=6561 | data=3643 | cola=20086 | prio=10 | https://catalog.data.gov/dataset/nps-visitor-use-statistics-data-package-2024?from_hint=eyJrZXl3b3JkIjoiTlBTLmdvdiBTdWJqZWN0IFNpdGU6IFNvY2lhbCBTY2llbmNlIn0%3D
[DATAGOV] t=6971.3s | pag=3764 | files=6561 | data=3644 | cola=20085 | prio=10 | https://catalog.data.gov/dataset/visitor-spending-effects-data-package-2024?from_hint=eyJrZXl3b3JkIjoiTlBTLmdvdiBTdWJqZWN0IFNpdGU6IFNvY2lhbCBTY2llbmNlIn0%3D
[DATAGOV] t=6972.4s | pag=3765 | files=6561 | data=3645 | cola=20084 | prio=10 | https://catalog.data.gov/dataset/nps-visitor-use-statistics-data-package-2024?from_hint=eyJrZXl3b3JkIjoiUHVibGljIFVzZSBTdGF0aXN0aWNzIn0%3D
[DATAGOV] t=6973.5s | pag=3766 | files=6561 | data=3646 | cola=20083 | prio=10 | https://catalog.data.gov/dataset/nps-visitor-use-statistics-data-package-2025?from_hint=eyJrZXl3b3JkIjoiUHVibGljIFVzZSBTdGF0aXN0aWNzIn0%3D
[DATAGOV] t=6974.3s | pag=3767 | files=6561 | data=3647 | cola=20082 | prio=10 | https://catalog.data.gov/dataset/nps-visitor-use-statistics-data-package-2024?from_hint=eyJrZXl3b3JkIjoiU3RhdGlzdGljcyJ9
[DATAGOV] t=6975.1s | pag=3768 | files=6561 | data=3648 | cola=20081 | prio=10 | https://catalog.data.gov/dataset/nps-visitor-use-statistics-data-package-2025?from_hint=eyJrZXl3b3JkIjoiU3RhdGlzdGljcyJ9
[DATAGOV] t=6976.0s | pag=3769 | files=6561 | data=3649 | cola=20080 | prio=10 | https://catalog.data.gov/dataset/interest-rate-statistics-daily-treasury-yield-curve-rates?from_hint=eyJrZXl3b3JkIjoiU3RhdGlzdGljcyJ9
[DATAGOV] DATASETS=3650 | data_html_table | https://catalog.data.gov/dataset/interest-rate-statistics-daily-treasury-yield-curve-rates?from_hint=eyJrZXl3b3JkIjoiU3RhdGlzdGljcyJ9
[DATAGOV] t=6976.6s | pag=3770 | files=6561 | data=3650 | cola=20086 | prio=10 | https://catalog.data.gov/dataset/nist-sematech-e-handbook-of-statistical-methods-nist-handbook-151?from_hint=eyJrZXl3b3JkIjoiU3RhdGlzdGljcyJ9
[DATAGOV] t=6977.6s | pag=3771 | files=6561 | data=3651 | cola=20093 | prio=10 | https://catalog.data.gov/dataset/washington-state-criminal-justice-data-book?from_hint=eyJrZXl3b3JkIjoiU3RhdGlzdGljcyJ9
[DATAGOV] t=6978.8s | pag=3772 | files=6561 | data=3652 | cola=20092 | prio=10 | https://catalog.data.gov/dataset/interest-rate-statistics-daily-treasury-bill-rates?from_hint=eyJrZXl3b3JkIjoiU3RhdGlzdGljcyJ9
[DATAGOV] t=6979.4s | pag=3773 | files=6561 | data=3653 | cola=20092 | prio=10 | https://catalog.data.gov/dataset/residential-energy-consumption-survey-recs-files-all-data-2015?from_hint=eyJrZXl3b3JkIjoiU3RhdGlzdGljcyJ9
[DATAGOV] t=6980.5s | pag=3774 | files=6562 | data=3654 | cola=20097 | prio=10 | https://catalog.data.gov/dataset/residential-energy-consumption-survey-recs-files-all-data-2015
[DATAGOV] t=6981.3s | pag=3775 | files=6562 | data=3655 | cola=20096 | prio=10 | https://catalog.data.gov/dataset/washington-state-uniform-crime-reporting-national-incident-based-reporting-system?from_hint=eyJrZXl3b3JkIjoiU3RhdGlzdGljcyJ9
[DATAGOV] t=6982.5s | pag=3776 | files=6562 | data=3656 | cola=20095 | prio=10 | https://catalog.data.gov/dataset/rutgers-realtime-waves-13mhz-brnt?from_hint=eyJrZXl3b3JkIjoiU3RhdGlzdGljcyJ9
[DATAGOV] t=6983.3s | pag=3777 | files=6562 | data=3657 | cola=20103 | prio=10 | https://catalog.data.gov/dataset/rutgers-realtime-waves-13mhz-brnt
[DATAGOV] t=6984.1s | pag=3778 | files=6562 | data=3658 | cola=20102 | prio=10 | https://catalog.data.gov/dataset/sst-ghrsst-blended-mw-ir-oi-rt-near-real-time-global-2006-2012-1-day-composite-lon0360?from_hint=eyJrZXl3b3JkIjoiU3RhdGlzdGljcyJ9
[DATAGOV] t=6984.8s | pag=3779 | files=6562 | data=3659 | cola=20107 | prio=10 | https://catalog.data.gov/dataset/sst-ghrsst-blended-mw-ir-oi-rt-near-real-time-global-2006-2012-1-day-composite-lon0360
[DATAGOV] t=6985.7s | pag=3780 | files=6562 | data=3660 | cola=20106 | prio=10 | https://catalog.data.gov/dataset/veterans-with-service-connected-disability-using-va-healthcare-by-race-ethnicity?from_hint=eyJrZXl3b3JkIjoiU3RhdGlzdGljcyJ9
[DATAGOV] t=6986.9s | pag=3781 | files=6565 | data=3661 | cola=20108 | prio=10 | https://catalog.data.gov/dataset/veterans-with-service-connected-disability-using-va-healthcare-by-race-ethnicity
[DATAGOV] t=6988.1s | pag=3782 | files=6565 | data=3662 | cola=20107 | prio=10 | https://catalog.data.gov/dataset/nycha-development-data-book?from_hint=eyJrZXl3b3JkIjoiU3RhdGlzdGljcyJ9
[DATAGOV] t=6989.0s | pag=3783 | files=6568 | data=3663 | cola=20113 | prio=10 | https://catalog.data.gov/dataset/nycha-development-data-book
[DATAGOV] t=6990.0s | pag=3784 | files=6568 | data=3664 | cola=20112 | prio=10 | https://catalog.data.gov/dataset/esa-cci-ocean-colour-product-cci-all-v3-1-daily-0-04166666-1997-2018-lon0360?from_hint=eyJrZXl3b3JkIjoiU3RhdGlzdGljcyJ9
[DATAGOV] t=6991.0s | pag=3785 | files=6568 | data=3665 | cola=20119 | prio=10 | https://catalog.data.gov/dataset/esa-cci-ocean-colour-product-cci-all-v3-1-daily-0-04166666-1997-2018-lon0360
[DATAGOV] t=6992.0s | pag=3786 | files=6568 | data=3666 | cola=20118 | prio=10 | https://catalog.data.gov/dataset/yucatan-6km-sea-surface-currents?from_hint=eyJrZXl3b3JkIjoiU3RhdGlzdGljcyJ9
[DATAGOV] t=6992.7s | pag=3787 | files=6568 | data=3667 | cola=20123 | prio=10 | https://catalog.data.gov/dataset/yucatan-6km-sea-surface-currents
[DATAGOV] t=6993.5s | pag=3788 | files=6568 | data=3668 | cola=20122 | prio=10 | https://catalog.data.gov/dataset/washington-state-uniform-crime-reporting-summary-reporting-system-49c49?from_hint=eyJrZXl3b3JkIjoiU3RhdGlzdGljcyJ9
[DATAGOV] t=6994.6s | pag=3789 | files=6568 | data=3669 | cola=20121 | prio=10 | https://catalog.data.gov/dataset/mares-marine-mammal-tagging-and-tracking-eb03-057-15-dives?from_hint=eyJrZXl3b3JkIjoiU3RhdGlzdGljcyJ9
[DATAGOV] t=6999.7s | pag=3790 | files=6569 | data=3670 | cola=20128 | prio=10 | https://catalog.data.gov/dataset/mares-marine-mammal-tagging-and-tracking-eb03-057-15-dives
[DATAGOV] t=7000.9s | pag=3791 | files=6569 | data=3671 | cola=20127 | prio=10 | https://catalog.data.gov/dataset/interpolated-hydrogeologic-framework-and-digitized-datasets-for-upstate-new-york-study-are-87a5c?from_hint=eyJrZXl3b3JkIjoiU3RhdGlzdGljcyJ9
[DATAGOV] t=7001.7s | pag=3792 | files=6570 | data=3672 | cola=20133 | prio=10 | https://catalog.data.gov/dataset/interpolated-hydrogeologic-framework-and-digitized-datasets-for-upstate-new-york-study-are-87a5c
[DATAGOV] t=7002.7s | pag=3793 | files=6570 | data=3673 | cola=20132 | prio=10 | https://catalog.data.gov/dataset/multi-scale-ultra-high-resolution-mur-sst-analysis-fv04-1-global-0-01-2002-present-monthly?from_hint=eyJrZXl3b3JkIjoiU3RhdGlzdGljcyJ9
[DATAGOV] t=7003.3s | pag=3794 | files=6570 | data=3674 | cola=20131 | prio=10 | https://catalog.data.gov/dataset/u-s-bioenergy-statistics?from_hint=eyJrZXl3b3JkIjoiU3RhdGlzdGljcyJ9
[DATAGOV] DATASETS=3675 | data_html_table | https://catalog.data.gov/dataset/u-s-bioenergy-statistics?from_hint=eyJrZXl3b3JkIjoiU3RhdGlzdGljcyJ9
[DATAGOV] t=7004.1s | pag=3795 | files=6570 | data=3675 | cola=20135 | prio=10 | https://catalog.data.gov/dataset/u-s-bioenergy-statistics
[DATAGOV] t=7005.0s | pag=3796 | files=6570 | data=3676 | cola=20134 | prio=10 | https://catalog.data.gov/dataset/interpolated-hydrogeologic-framework-and-digitized-datasets-for-upstate-new-york-study-are-15659?from_hint=eyJrZXl3b3JkIjoiU3RhdGlzdGljcyJ9
[DATAGOV] t=7006.1s | pag=3797 | files=6571 | data=3677 | cola=20136 | prio=10 | https://catalog.data.gov/dataset/interpolated-hydrogeologic-framework-and-digitized-datasets-for-upstate-new-york-study-are-15659
[DATAGOV] t=7007.3s | pag=3798 | files=6571 | data=3678 | cola=20135 | prio=10 | https://catalog.data.gov/dataset/nps-visitor-use-statistics-data-package-2024?from_hint=eyJrZXl3b3JkIjoiVmlzaXRhdGlvbiJ9
[DATAGOV] t=7008.0s | pag=3799 | files=6571 | data=3679 | cola=20134 | prio=10 | https://catalog.data.gov/dataset/nps-visitor-use-statistics-data-package-2025?from_hint=eyJrZXl3b3JkIjoiVmlzaXRhdGlvbiJ9
[DATAGOV] t=7008.6s | pag=3800 | files=6571 | data=3680 | cola=20133 | prio=10 | https://catalog.data.gov/dataset/human-mobility-data-for-nps-visitation-estimation?from_hint=eyJrZXl3b3JkIjoiVmlzaXRhdGlvbiJ9
[DATAGOV] t=7009.6s | pag=3801 | files=6572 | data=3681 | cola=20138 | prio=10 | https://catalog.data.gov/dataset/human-mobility-data-for-nps-visitation-estimation
[DATAGOV] t=7010.4s | pag=3802 | files=6572 | data=3682 | cola=20137 | prio=10 | https://catalog.data.gov/dataset/international-visitation-and-spending-in-the-united-states?from_hint=eyJrZXl3b3JkIjoiVmlzaXRhdGlvbiJ9
[DATAGOV] t=7011.5s | pag=3803 | files=6572 | data=3683 | cola=20139 | prio=10 | https://catalog.data.gov/dataset/sswp-recreation-resources?from_hint=eyJrZXl3b3JkIjoiVmlzaXRhdGlvbiJ9
[DATAGOV] t=7016.9s | pag=3804 | files=6573 | data=3684 | cola=20146 | prio=10 | https://catalog.data.gov/dataset/sswp-recreation-resources
[DATAGOV] t=7017.8s | pag=3805 | files=6573 | data=3685 | cola=20145 | prio=10 | https://catalog.data.gov/dataset/dcp-recreation-facilities-condition-and-demand-assessment?from_hint=eyJrZXl3b3JkIjoiVmlzaXRhdGlvbiJ9
[DATAGOV] t=7022.5s | pag=3806 | files=6574 | data=3686 | cola=20150 | prio=10 | https://catalog.data.gov/dataset/dcp-recreation-facilities-condition-and-demand-assessment
[DATAGOV] t=7022.9s | pag=3807 | files=6574 | data=3687 | cola=20149 | prio=10 | https://catalog.data.gov/dataset/nps-visitor-use-statistics-data-package-2024?from_hint=eyJrZXl3b3JkIjoiVmlzaXRhdGlvbiBTdGF0aXN0aWNzIn0%3D
[DATAGOV] t=7023.9s | pag=3808 | files=6574 | data=3688 | cola=20148 | prio=10 | https://catalog.data.gov/dataset/nps-visitor-use-statistics-data-package-2025?from_hint=eyJrZXl3b3JkIjoiVmlzaXRhdGlvbiBTdGF0aXN0aWNzIn0%3D
[DATAGOV] t=7024.7s | pag=3809 | files=6574 | data=3689 | cola=20147 | prio=10 | https://catalog.data.gov/dataset/nps-visitor-use-statistics-data-package-2024?from_hint=eyJrZXl3b3JkIjoiVmlzaXRvciBVc2UifQ%3D%3D
[DATAGOV] t=7025.6s | pag=3810 | files=6574 | data=3690 | cola=20146 | prio=10 | https://catalog.data.gov/dataset/nps-visitor-use-statistics-data-package-2025?from_hint=eyJrZXl3b3JkIjoiVmlzaXRvciBVc2UifQ%3D%3D
[DATAGOV] t=7026.7s | pag=3811 | files=6574 | data=3691 | cola=20145 | prio=10 | https://catalog.data.gov/dataset/management-zones-for-glacier-national-park-montana?from_hint=eyJrZXl3b3JkIjoiVmlzaXRvciBVc2UifQ%3D%3D
[DATAGOV] t=7027.1s | pag=3812 | files=6574 | data=3692 | cola=20149 | prio=10 | https://catalog.data.gov/dataset/management-zones-for-glacier-national-park-montana
[DATAGOV] t=7027.9s | pag=3813 | files=6574 | data=3693 | cola=20148 | prio=10 | https://catalog.data.gov/dataset/headwater-stream-inventory-at-cuyahoga-valley-national-park-2022-spatial-data-dataset-as-d?from_hint=eyJrZXl3b3JkIjoiVmlzaXRvciBVc2UifQ%3D%3D
[DATAGOV] t=7028.7s | pag=3814 | files=6574 | data=3694 | cola=20154 | prio=10 | https://catalog.data.gov/dataset/headwater-stream-inventory-at-cuyahoga-valley-national-park-2022-spatial-data-dataset-as-d
[DATAGOV] t=7029.7s | pag=3815 | files=6574 | data=3695 | cola=20153 | prio=10 | https://catalog.data.gov/dataset/alaska-native-place-names-public?from_hint=eyJrZXl3b3JkIjoiVmlzaXRvciBVc2UifQ%3D%3D
[DATAGOV] t=7030.6s | pag=3816 | files=6574 | data=3696 | cola=20160 | prio=10 | https://catalog.data.gov/dataset/southwest-alaska-visitor-use-monitoring-areas?from_hint=eyJrZXl3b3JkIjoiVmlzaXRvciBVc2UifQ%3D%3D
[DATAGOV] t=7031.2s | pag=3817 | files=6574 | data=3697 | cola=20167 | prio=10 | https://catalog.data.gov/dataset/southwest-alaska-visitor-use-monitoring-areas
[DATAGOV] t=7032.0s | pag=3818 | files=6574 | data=3698 | cola=20166 | prio=10 | https://catalog.data.gov/dataset/dena-trails?from_hint=eyJrZXl3b3JkIjoiVmlzaXRvciBVc2UifQ%3D%3D
[DATAGOV] t=7033.1s | pag=3819 | files=6574 | data=3699 | cola=20170 | prio=10 | https://catalog.data.gov/dataset/nps-datasets-related-to-the-district-of-columbia-and-vicinity-national-capital-region-nati?from_hint=eyJrZXl3b3JkIjoiVmlzaXRvciBVc2UifQ%3D%3D
[DATAGOV] DATASETS=3700 | data_html_table | https://catalog.data.gov/dataset/nps-datasets-related-to-the-district-of-columbia-and-vicinity-national-capital-region-nati?from_hint=eyJrZXl3b3JkIjoiVmlzaXRvciBVc2UifQ%3D%3D
[DATAGOV] t=7034.0s | pag=3820 | files=6574 | data=3700 | cola=20176 | prio=10 | https://catalog.data.gov/dataset/headwater-stream-inventory-at-cuyahoga-valley-national-park-2022-species-occurrence-datase?from_hint=eyJrZXl3b3JkIjoiVmlzaXRvciBVc2UifQ%3D%3D
[DATAGOV] t=7034.9s | pag=3821 | files=6574 | data=3701 | cola=20176 | prio=10 | https://catalog.data.gov/dataset/headwater-stream-inventory-at-cuyahoga-valley-national-park-2022-species-occurrence-datase
[DATAGOV] t=7035.7s | pag=3822 | files=6574 | data=3702 | cola=20175 | prio=10 | https://catalog.data.gov/dataset/socioeconomic-monitoring-of-effigy-mounds-national-monument-in-2024-data-package?from_hint=eyJrZXl3b3JkIjoiVmlzaXRvciBVc2UifQ%3D%3D
[DATAGOV] t=7036.5s | pag=3823 | files=6574 | data=3703 | cola=20179 | prio=10 | https://catalog.data.gov/dataset/socioeconomic-monitoring-of-effigy-mounds-national-monument-in-2024-data-package
[DATAGOV] t=7037.6s | pag=3824 | files=6574 | data=3704 | cola=20178 | prio=10 | https://catalog.data.gov/dataset/lichens-and-visitor-use-inventory-at-lava-bed-national-monument-open-format-dataset?from_hint=eyJrZXl3b3JkIjoiVmlzaXRvciBVc2UifQ%3D%3D
[DATAGOV] t=7038.3s | pag=3825 | files=6574 | data=3705 | cola=20181 | prio=10 | https://catalog.data.gov/dataset/lichens-and-visitor-use-inventory-at-lava-bed-national-monument-open-format-dataset
[DATAGOV] t=7039.0s | pag=3826 | files=6574 | data=3706 | cola=20180 | prio=10 | https://catalog.data.gov/dataset/socioeconomic-monitoring-of-lincoln-memorial-in-2025-data-package?from_hint=eyJrZXl3b3JkIjoiVmlzaXRvciBVc2UifQ%3D%3D
[DATAGOV] t=7040.2s | pag=3827 | files=6574 | data=3707 | cola=20180 | prio=10 | https://catalog.data.gov/dataset/socioeconomic-monitoring-of-lincoln-memorial-in-2025-data-package
[DATAGOV] t=7041.2s | pag=3828 | files=6574 | data=3708 | cola=20179 | prio=10 | https://catalog.data.gov/dataset/socioeconomic-monitoring-of-gateway-arch-national-park-in-2022-data-package?from_hint=eyJrZXl3b3JkIjoiVmlzaXRvciBVc2UifQ%3D%3D
[DATAGOV] t=7041.9s | pag=3829 | files=6574 | data=3709 | cola=20179 | prio=10 | https://catalog.data.gov/dataset/socioeconomic-monitoring-of-gateway-arch-national-park-in-2022-data-package
[DATAGOV] t=7043.1s | pag=3830 | files=6574 | data=3710 | cola=20178 | prio=10 | https://catalog.data.gov/dataset/socioeconomic-monitoring-of-organ-pipe-cactus-national-monument-in-2024-data-package?from_hint=eyJrZXl3b3JkIjoiVmlzaXRvciBVc2UifQ%3D%3D
[DATAGOV] t=7044.1s | pag=3831 | files=6574 | data=3711 | cola=20178 | prio=10 | https://catalog.data.gov/dataset/socioeconomic-monitoring-of-organ-pipe-cactus-national-monument-in-2024-data-package
[DATAGOV] t=7044.8s | pag=3832 | files=6574 | data=3712 | cola=20177 | prio=10 | https://catalog.data.gov/dataset/socioeconomic-monitoring-of-hopewell-culture-national-historical-park-in-2024-data-package?from_hint=eyJrZXl3b3JkIjoiVmlzaXRvciBVc2UifQ%3D%3D
[DATAGOV] t=7045.4s | pag=3833 | files=6574 | data=3713 | cola=20177 | prio=10 | https://catalog.data.gov/dataset/socioeconomic-monitoring-of-hopewell-culture-national-historical-park-in-2024-data-package
[DATAGOV] t=7046.0s | pag=3834 | files=6574 | data=3714 | cola=20176 | prio=10 | https://catalog.data.gov/dataset/socioeconomic-monitoring-of-lake-meredith-national-recreation-area-in-2022-data-package?from_hint=eyJrZXl3b3JkIjoiVmlzaXRvciBVc2UifQ%3D%3D
[DATAGOV] t=7047.0s | pag=3835 | files=6574 | data=3715 | cola=20176 | prio=10 | https://catalog.data.gov/dataset/socioeconomic-monitoring-of-lake-meredith-national-recreation-area-in-2022-data-package
[DATAGOV] t=7047.7s | pag=3836 | files=6574 | data=3716 | cola=20175 | prio=10 | https://catalog.data.gov/dataset/socioeconomic-monitoring-of-golden-gate-national-recreation-area-in-2023-data-package?from_hint=eyJrZXl3b3JkIjoiVmlzaXRvciBVc2UifQ%3D%3D
[DATAGOV] t=7048.8s | pag=3837 | files=6574 | data=3717 | cola=20175 | prio=10 | https://catalog.data.gov/dataset/socioeconomic-monitoring-of-golden-gate-national-recreation-area-in-2023-data-package
[DATAGOV] t=7049.5s | pag=3838 | files=6574 | data=3718 | cola=20174 | prio=10 | https://catalog.data.gov/dataset/socioeconomic-monitoring-of-grant-kohrs-ranch-national-historic-site-in-2023-data-package?from_hint=eyJrZXl3b3JkIjoiVmlzaXRvciBVc2UifQ%3D%3D
[DATAGOV] t=7050.3s | pag=3839 | files=6574 | data=3719 | cola=20174 | prio=10 | https://catalog.data.gov/dataset/socioeconomic-monitoring-of-grant-kohrs-ranch-national-historic-site-in-2023-data-package
[DATAGOV] t=7050.9s | pag=3840 | files=6574 | data=3720 | cola=20173 | prio=10 | https://catalog.data.gov/dataset/socioeconomic-monitoring-of-dinosaur-national-monument-in-2023-data-package?from_hint=eyJrZXl3b3JkIjoiVmlzaXRvciBVc2UifQ%3D%3D
[DATAGOV] t=7052.0s | pag=3841 | files=6574 | data=3721 | cola=20173 | prio=10 | https://catalog.data.gov/dataset/socioeconomic-monitoring-of-dinosaur-national-monument-in-2023-data-package
[DATAGOV] t=7052.9s | pag=3842 | files=6574 | data=3722 | cola=20172 | prio=10 | https://catalog.data.gov/dataset/socioeconomic-monitoring-of-thomas-edison-national-historical-park-in-2022-data-package?from_hint=eyJrZXl3b3JkIjoiVmlzaXRvciBVc2UifQ%3D%3D
[DATAGOV] t=7053.9s | pag=3843 | files=6574 | data=3723 | cola=20172 | prio=10 | https://catalog.data.gov/dataset/socioeconomic-monitoring-of-thomas-edison-national-historical-park-in-2022-data-package
[DATAGOV] t=7054.8s | pag=3844 | files=6574 | data=3724 | cola=20171 | prio=10 | https://catalog.data.gov/dataset/nps-visitor-use-statistics-data-package-2024?from_hint=eyJrZXl3b3JkIjoiVmlzaXRvciBVc2UgU3RhdGlzdGljcyJ9
[DATAGOV] DATASETS=3725 | data_html_table | https://catalog.data.gov/dataset/nps-visitor-use-statistics-data-package-2024?from_hint=eyJrZXl3b3JkIjoiVmlzaXRvciBVc2UgU3RhdGlzdGljcyJ9
[DATAGOV] t=7055.8s | pag=3845 | files=6574 | data=3725 | cola=20170 | prio=10 | https://catalog.data.gov/dataset/nps-visitor-use-statistics-data-package-2025?from_hint=eyJrZXl3b3JkIjoiVmlzaXRvciBVc2UgU3RhdGlzdGljcyJ9
[DATAGOV] t=7056.5s | pag=3846 | files=6574 | data=3726 | cola=20169 | prio=10 | https://catalog.data.gov/?keyword=Social+Science
[DATAGOV] t=7057.7s | pag=3847 | files=6574 | data=3727 | cola=20196 | prio=10 | https://catalog.data.gov/harvest_record/e8a7aae7-bc99-458d-a769-7045ed02405b/raw
[DATAGOV] t=7058.5s | pag=3847 | files=6575 | data=3727 | cola=20195 | prio=10 | https://catalog.data.gov/?keyword=Economic+Impact
[DATAGOV] t=7060.5s | pag=3848 | files=6575 | data=3728 | cola=20204 | prio=10 | https://catalog.data.gov/?keyword=Natural+Resource+Economics
[DATAGOV] t=7061.2s | pag=3849 | files=6575 | data=3729 | cola=20205 | prio=10 | https://catalog.data.gov/?keyword=Recreation
[DATAGOV] t=7062.4s | pag=3850 | files=6578 | data=3730 | cola=20235 | prio=10 | https://catalog.data.gov/?keyword=Trip+Characteristics
[DATAGOV] t=7063.5s | pag=3851 | files=6578 | data=3731 | cola=20235 | prio=10 | https://catalog.data.gov/?keyword=Visitor+Spending
[DATAGOV] t=7064.4s | pag=3852 | files=6578 | data=3732 | cola=20235 | prio=10 | https://catalog.data.gov/harvest_record/afc17851-cd4f-4b0d-af63-29ede9728857/raw
[DATAGOV] t=7064.9s | pag=3852 | files=6579 | data=3732 | cola=20234 | prio=10 | https://catalog.data.gov/?keyword=1+meter+DEM
[DATAGOV] t=7066.9s | pag=3853 | files=6579 | data=3733 | cola=20234 | prio=10 | https://catalog.data.gov/?keyword=10%2C000+meter+DEM
[DATAGOV] t=7068.0s | pag=3854 | files=6579 | data=3734 | cola=20234 | prio=10 | https://catalog.data.gov/?keyword=3D+Elevation+Program
[DATAGOV] t=7068.9s | pag=3855 | files=6579 | data=3735 | cola=20270 | prio=10 | https://catalog.data.gov/?keyword=3DEP
[DATAGOV] t=7070.0s | pag=3856 | files=6579 | data=3736 | cola=20292 | prio=10 | https://catalog.data.gov/?keyword=Bare+Earth
[DATAGOV] t=7071.3s | pag=3857 | files=6579 | data=3737 | cola=20324 | prio=10 | https://catalog.data.gov/?keyword=Cartography
[DATAGOV] t=7072.1s | pag=3858 | files=6579 | data=3738 | cola=20356 | prio=10 | https://catalog.data.gov/?keyword=DEM
[DATAGOV] t=7072.9s | pag=3859 | files=6579 | data=3739 | cola=20379 | prio=10 | https://catalog.data.gov/?keyword=Digital+Elevation+Model
[DATAGOV] t=7073.8s | pag=3860 | files=6579 | data=3740 | cola=20403 | prio=10 | https://catalog.data.gov/harvest_record/555ed195-562a-4e50-af57-d5fcfed1efe5/raw
[DATAGOV] t=7074.6s | pag=3860 | files=6580 | data=3740 | cola=20402 | prio=10 | https://catalog.data.gov/harvest_record/04c45082-18b7-49c5-97fa-fb0b3ef6f77a/raw
[DATAGOV] t=7076.5s | pag=3860 | files=6581 | data=3740 | cola=20401 | prio=10 | https://catalog.data.gov/?keyword=Air+Temperature
[DATAGOV] t=7078.4s | pag=3861 | files=6581 | data=3741 | cola=20430 | prio=10 | https://catalog.data.gov/?keyword=Dissolved+Oxygen
[DATAGOV] t=7079.0s | pag=3862 | files=6581 | data=3742 | cola=20453 | prio=10 | https://catalog.data.gov/?keyword=General%3A+Water+%7C+Water+Quality+%7C+Water+Chemistry
[DATAGOV] t=7080.0s | pag=3863 | files=6581 | data=3743 | cola=20455 | prio=10 | https://catalog.data.gov/?keyword=Salinity
[DATAGOV] t=7081.1s | pag=3864 | files=6581 | data=3744 | cola=20477 | prio=10 | https://catalog.data.gov/?keyword=Water+Quality
[DATAGOV] t=7082.0s | pag=3865 | files=6581 | data=3745 | cola=20503 | prio=10 | https://catalog.data.gov/?keyword=Water+Temperature
[DATAGOV] t=7082.8s | pag=3866 | files=6581 | data=3746 | cola=20523 | prio=10 | https://catalog.data.gov/?keyword=pH
[DATAGOV] t=7083.9s | pag=3867 | files=6581 | data=3747 | cola=20544 | prio=10 | https://catalog.data.gov/harvest_record/aa0c9394-d1b6-42ca-a3c1-0bdfabbd99d6/raw
[DATAGOV] t=7084.5s | pag=3867 | files=6582 | data=3747 | cola=20543 | prio=10 | https://catalog.data.gov/?keyword=Biodiversity+and+Ecosystems+Theme
[DATAGOV] t=7086.2s | pag=3868 | files=6582 | data=3748 | cola=20579 | prio=10 | https://catalog.data.gov/?keyword=NGDAID6
[DATAGOV] t=7087.0s | pag=3869 | files=6582 | data=3749 | cola=20579 | prio=10 | https://catalog.data.gov/?keyword=USGS%3A5951527de4b062508e3b1e79
[DATAGOV] DATASETS=3750 | exportable_data_page | https://catalog.data.gov/?keyword=USGS%3A5951527de4b062508e3b1e79
[DATAGOV] t=7088.1s | pag=3870 | files=6582 | data=3750 | cola=20579 | prio=10 | https://catalog.data.gov/?keyword=%5BInsertCommonName%5D
[DATAGOV] t=7089.2s | pag=3871 | files=6582 | data=3751 | cola=20579 | prio=10 | https://catalog.data.gov/?keyword=%5BInsertStates%5D
[DATAGOV] t=7089.9s | pag=3872 | files=6582 | data=3752 | cola=20579 | prio=10 | https://catalog.data.gov/harvest_record/37f28e73-22c5-4f9b-9cb4-93542ab87752/raw
[DATAGOV] t=7090.5s | pag=3872 | files=6583 | data=3752 | cola=20578 | prio=10 | https://catalog.data.gov/?keyword=AK
[DATAGOV] t=7092.7s | pag=3873 | files=6584 | data=3753 | cola=20610 | prio=10 | https://catalog.data.gov/?keyword=AL
[DATAGOV] t=7093.7s | pag=3874 | files=6584 | data=3754 | cola=20646 | prio=10 | https://catalog.data.gov/?keyword=AR
[DATAGOV] t=7094.6s | pag=3875 | files=6585 | data=3755 | cola=20680 | prio=10 | https://catalog.data.gov/?keyword=AS
[DATAGOV] t=7095.9s | pag=3876 | files=6585 | data=3756 | cola=20717 | prio=10 | https://catalog.data.gov/?keyword=AZ
[DATAGOV] t=7096.9s | pag=3877 | files=6585 | data=3757 | cola=20745 | prio=10 | https://catalog.data.gov/?keyword=Alabama
[DATAGOV] t=7097.8s | pag=3878 | files=6585 | data=3758 | cola=20765 | prio=10 | https://catalog.data.gov/?keyword=Alaska
[DATAGOV] t=7098.5s | pag=3879 | files=6585 | data=3759 | cola=20784 | prio=10 | https://catalog.data.gov/?keyword=American+Samoa
[DATAGOV] t=7099.7s | pag=3880 | files=6585 | data=3760 | cola=20806 | prio=10 | https://catalog.data.gov/harvest_record/67de60a9-6d8e-412c-8a97-c79e9247d1fa/raw
[DATAGOV] t=7100.3s | pag=3880 | files=6586 | data=3760 | cola=20805 | prio=10 | https://catalog.data.gov/?keyword=Ambulance+Service
[DATAGOV] t=7102.4s | pag=3881 | files=6586 | data=3761 | cola=20807 | prio=10 | https://catalog.data.gov/?keyword=Cabin
[DATAGOV] t=7103.3s | pag=3882 | files=6586 | data=3762 | cola=20811 | prio=10 | https://catalog.data.gov/?keyword=Campground
[DATAGOV] t=7104.1s | pag=3883 | files=6586 | data=3763 | cola=20831 | prio=10 | https://catalog.data.gov/?keyword=Cemetery
[DATAGOV] t=7105.2s | pag=3884 | files=6586 | data=3764 | cola=20861 | prio=10 | https://catalog.data.gov/?keyword=City+%2F+Town+Hall
[DATAGOV] t=7105.8s | pag=3885 | files=6586 | data=3765 | cola=20861 | prio=10 | https://catalog.data.gov/?keyword=College+%2F+University
[DATAGOV] t=7106.7s | pag=3886 | files=6586 | data=3766 | cola=20861 | prio=10 | https://catalog.data.gov/?keyword=Court+House
[DATAGOV] t=7107.3s | pag=3887 | files=6586 | data=3767 | cola=20861 | prio=10 | https://catalog.data.gov/?keyword=Fire+Station+%2F+EMS+Station
[DATAGOV] t=7108.2s | pag=3888 | files=6586 | data=3768 | cola=20861 | prio=10 | https://catalog.data.gov/harvest_record/45d09d20-e9c5-4889-8c2a-46b14b74a3fe/raw
[DATAGOV] t=7109.1s | pag=3888 | files=6587 | data=3768 | cola=20860 | prio=10 | https://catalog.data.gov/?keyword=Ferromanganese
[DATAGOV] t=7111.1s | pag=3889 | files=6587 | data=3769 | cola=20868 | prio=10 | https://catalog.data.gov/?keyword=Manganese
[DATAGOV] t=7112.1s | pag=3890 | files=6587 | data=3770 | cola=20895 | prio=10 | https://catalog.data.gov/?keyword=Manganese+dioxide
[DATAGOV] t=7113.1s | pag=3891 | files=6587 | data=3771 | cola=20901 | prio=10 | https://catalog.data.gov/?keyword=Silicomanganese
[DATAGOV] t=7114.1s | pag=3892 | files=6587 | data=3772 | cola=20905 | prio=10 | https://catalog.data.gov/?keyword=USGS%3A6798fd34d34ea8c18376e8ee
[DATAGOV] t=7114.7s | pag=3893 | files=6587 | data=3773 | cola=20905 | prio=10 | https://catalog.data.gov/?keyword=metallic+mineral+resources
[DATAGOV] t=7115.8s | pag=3894 | files=6587 | data=3774 | cola=20937 | prio=10 | https://catalog.data.gov/harvest_record/171b3343-6374-4a0f-b38a-c9906b00dab5/raw
[DATAGOV] t=7116.3s | pag=3894 | files=6588 | data=3774 | cola=20936 | prio=10 | https://catalog.data.gov/?keyword=Administrative+watershed+units
[DATAGOV] DATASETS=3775 | exportable_data_page | https://catalog.data.gov/?keyword=Administrative+watershed+units
[DATAGOV] t=7118.1s | pag=3895 | files=6588 | data=3775 | cola=20938 | prio=10 | https://catalog.data.gov/?keyword=Boundary
[DATAGOV] t=7119.1s | pag=3896 | files=6588 | data=3776 | cola=20960 | prio=10 | https://catalog.data.gov/?keyword=Drainage+area
[DATAGOV] t=7120.2s | pag=3897 | files=6588 | data=3777 | cola=20994 | prio=10 | https://catalog.data.gov/?keyword=Drainage+areas+for+surface+water
[DATAGOV] t=7121.2s | pag=3898 | files=6588 | data=3778 | cola=20994 | prio=10 | https://catalog.data.gov/?keyword=HU
[DATAGOV] t=7122.5s | pag=3899 | files=6588 | data=3779 | cola=21016 | prio=10 | https://catalog.data.gov/?keyword=HU10
[DATAGOV] t=7123.1s | pag=3900 | files=6588 | data=3780 | cola=21018 | prio=10 | https://catalog.data.gov/?keyword=HU12
[DATAGOV] t=7124.0s | pag=3901 | files=6588 | data=3781 | cola=21020 | prio=10 | https://catalog.data.gov/?keyword=HU14
[DATAGOV] t=7125.1s | pag=3902 | files=6588 | data=3782 | cola=21022 | prio=10 | https://catalog.data.gov/harvest_record/16913d54-d642-415d-9acd-155391eb15f4/raw
[DATAGOV] t=7126.1s | pag=3902 | files=6589 | data=3782 | cola=21021 | prio=10 | https://catalog.data.gov/?keyword=Arizona
[DATAGOV] t=7128.3s | pag=3903 | files=6589 | data=3783 | cola=21040 | prio=10 | https://catalog.data.gov/?keyword=Aztec+Creek
[DATAGOV] t=7128.8s | pag=3904 | files=6589 | data=3784 | cola=21040 | prio=10 | https://catalog.data.gov/?keyword=Bridge+Creek
[DATAGOV] t=7129.8s | pag=3905 | files=6589 | data=3785 | cola=21067 | prio=10 | https://catalog.data.gov/?keyword=Cathedral+Canyon
[DATAGOV] t=7130.5s | pag=3906 | files=6589 | data=3786 | cola=21067 | prio=10 | https://catalog.data.gov/?keyword=Clear+Creek
[DATAGOV] t=7131.7s | pag=3907 | files=6589 | data=3787 | cola=21105 | prio=10 | https://catalog.data.gov/?keyword=Colorado+River
[DATAGOV] t=7132.6s | pag=3908 | files=6589 | data=3788 | cola=21141 | prio=10 | https://catalog.data.gov/?keyword=Dark+Canyon
[DATAGOV] t=7133.3s | pag=3909 | files=6589 | data=3789 | cola=21141 | prio=10 | https://catalog.data.gov/?keyword=Davis+Gulch
[DATAGOV] t=7134.1s | pag=3910 | files=6589 | data=3790 | cola=21141 | prio=10 | https://catalog.data.gov/harvest_record/27816236-693b-4314-821f-4797ce1e662d/raw
[DATAGOV] t=7135.1s | pag=3910 | files=6590 | data=3790 | cola=21140 | prio=10 | https://catalog.data.gov/?keyword=Afghanistan
[DATAGOV] t=7137.1s | pag=3911 | files=6590 | data=3791 | cola=21172 | prio=10 | https://catalog.data.gov/?keyword=Asia
[DATAGOV] t=7137.9s | pag=3912 | files=6590 | data=3792 | cola=21199 | prio=10 | https://catalog.data.gov/?keyword=Cambodia
[DATAGOV] t=7138.6s | pag=3913 | files=6590 | data=3793 | cola=21211 | prio=10 | https://catalog.data.gov/?keyword=India
[DATAGOV] t=7139.6s | pag=3914 | files=6590 | data=3794 | cola=21235 | prio=10 | https://catalog.data.gov/?keyword=Indonesia
[DATAGOV] t=7140.5s | pag=3915 | files=6591 | data=3795 | cola=21260 | prio=10 | https://catalog.data.gov/?keyword=Iran
[DATAGOV] t=7141.3s | pag=3916 | files=6591 | data=3796 | cola=21276 | prio=10 | https://catalog.data.gov/?keyword=LNG
[DATAGOV] t=7142.4s | pag=3917 | files=6591 | data=3797 | cola=21284 | prio=10 | https://catalog.data.gov/?keyword=LNG+terminals
[DATAGOV] t=7143.5s | pag=3918 | files=6591 | data=3798 | cola=21284 | prio=10 | https://catalog.data.gov/harvest_record/4d0e39b9-94f7-4d59-8ab0-45847586fe39/raw
[DATAGOV] t=7144.3s | pag=3918 | files=6592 | data=3798 | cola=21283 | prio=10 | https://catalog.data.gov/?keyword=Afghan%2C+Province+8024
[DATAGOV] t=7146.3s | pag=3919 | files=6592 | data=3799 | cola=21283 | prio=10 | https://catalog.data.gov/?keyword=Assam%2C+Province+8034
[DATAGOV] DATASETS=3800 | exportable_data_page | https://catalog.data.gov/?keyword=Assam%2C+Province+8034
[DATAGOV] t=7147.5s | pag=3920 | files=6592 | data=3800 | cola=21283 | prio=10 | https://catalog.data.gov/?keyword=Baluchistan%2C+Province+8022
[DATAGOV] t=7148.5s | pag=3921 | files=6592 | data=3801 | cola=21286 | prio=10 | https://catalog.data.gov/?keyword=Bangladesh
[DATAGOV] t=7149.4s | pag=3922 | files=6592 | data=3802 | cola=21308 | prio=10 | https://catalog.data.gov/?keyword=Bhutan
[DATAGOV] t=7150.3s | pag=3923 | files=6593 | data=3803 | cola=21315 | prio=10 | https://catalog.data.gov/?keyword=Bombay%2C+Province+8043
[DATAGOV] t=7151.2s | pag=3924 | files=6593 | data=3804 | cola=21315 | prio=10 | https://catalog.data.gov/?keyword=Cauvery%2C+Province+8044
[DATAGOV] t=7151.8s | pag=3925 | files=6593 | data=3805 | cola=21315 | prio=10 | https://catalog.data.gov/harvest_record/4865f28f-ea4e-487c-9d16-59ea9ff72df5/raw
[DATAGOV] t=7152.6s | pag=3925 | files=6594 | data=3805 | cola=21314 | prio=10 | https://catalog.data.gov/?keyword=USGS%3A65b7d7ffd34e36a39045b4e8
[DATAGOV] t=7154.3s | pag=3926 | files=6594 | data=3806 | cola=21314 | prio=10 | https://catalog.data.gov/?keyword=lithium
[DATAGOV] t=7155.4s | pag=3927 | files=6599 | data=3807 | cola=21337 | prio=10 | https://catalog.data.gov/harvest_record/68e8d32a-656f-40b6-998d-706c9dd8062a/raw
[DATAGOV] t=7156.3s | pag=3927 | files=6600 | data=3807 | cola=21336 | prio=10 | https://catalog.data.gov/?keyword=Area+of+Complex+Channels
[DATAGOV] t=7158.3s | pag=3928 | files=6600 | data=3808 | cola=21337 | prio=10 | https://catalog.data.gov/?keyword=Area+to+be+submerged
[DATAGOV] t=7159.1s | pag=3929 | files=6600 | data=3809 | cola=21338 | prio=10 | https://catalog.data.gov/?keyword=Basin
[DATAGOV] t=7173.2s | pag=3930 | files=6610 | data=3810 | cola=21365 | prio=10 | https://catalog.data.gov/?keyword=Bay%2FInlet
[DATAGOV] t=7174.0s | pag=3931 | files=6610 | data=3811 | cola=21366 | prio=10 | https://catalog.data.gov/?keyword=Boundaries
[DATAGOV] t=7175.0s | pag=3932 | files=6610 | data=3812 | cola=21386 | prio=10 | https://catalog.data.gov/?keyword=Bridge
[DATAGOV] t=7175.6s | pag=3933 | files=6610 | data=3813 | cola=21417 | prio=10 | https://catalog.data.gov/harvest_record/490e39f8-9f38-4f25-8621-75df5a1311c4/raw
[DATAGOV] t=7176.1s | pag=3933 | files=6611 | data=3813 | cola=21416 | prio=10 | https://catalog.data.gov/?keyword=Alewife
[DATAGOV] t=7177.7s | pag=3934 | files=6611 | data=3814 | cola=21454 | prio=10 | https://catalog.data.gov/?keyword=Bathythermograph
[DATAGOV] t=7178.6s | pag=3935 | files=6611 | data=3815 | cola=21465 | prio=10 | https://catalog.data.gov/?keyword=Benthos
[DATAGOV] t=7179.6s | pag=3936 | files=6611 | data=3816 | cola=21500 | prio=10 | https://catalog.data.gov/?keyword=Bloater
[DATAGOV] t=7180.3s | pag=3937 | files=6611 | data=3817 | cola=21512 | prio=10 | https://catalog.data.gov/?keyword=Cisco
[DATAGOV] t=7181.0s | pag=3938 | files=6611 | data=3818 | cola=21538 | prio=10 | https://catalog.data.gov/?keyword=Deepwater
[DATAGOV] t=7181.7s | pag=3939 | files=6611 | data=3819 | cola=21566 | prio=10 | https://catalog.data.gov/?keyword=Deepwater+Sculpin
[DATAGOV] t=7182.4s | pag=3940 | files=6611 | data=3820 | cola=21576 | prio=10 | https://catalog.data.gov/?keyword=Detroit+River
[DATAGOV] t=7183.3s | pag=3941 | files=6611 | data=3821 | cola=21601 | prio=10 | https://catalog.data.gov/harvest_record/ce62ba5a-a5a4-4f17-bfbe-133389c8a43d/raw
[DATAGOV] t=7183.8s | pag=3941 | files=6612 | data=3821 | cola=21600 | prio=10 | https://catalog.data.gov/?keyword=Lewis+and+Clark+LECL+Lewis+and+Clark+National+Historic+Trail+Lewis+and+Clark+Trail+national+historic+trail+National+Park+Service+national+trails+system+NPS+auto+route+roads+highways+transportation
[DATAGOV] t=7185.6s | pag=3942 | files=6612 | data=3822 | cola=21600 | prio=10 | https://catalog.data.gov/harvest_record/01041552-e29b-4719-aaa5-f08e079eea56/raw
[DATAGOV] t=7186.2s | pag=3942 | files=6613 | data=3822 | cola=21599 | prio=10 | https://catalog.data.gov/?keyword=BOGS
[DATAGOV] t=7188.4s | pag=3943 | files=6613 | data=3823 | cola=21627 | prio=10 | https://catalog.data.gov/?keyword=Tract+Viewer
[DATAGOV] t=7189.4s | pag=3944 | files=6613 | data=3824 | cola=21627 | prio=10 | https://catalog.data.gov/harvest_record/058a5106-6c81-411d-bc95-dd4957ba222c/raw
[DATAGOV] t=7190.2s | pag=3944 | files=6614 | data=3824 | cola=21626 | prio=10 | https://catalog.data.gov/?keyword=Digital+Mapping
[DATAGOV] DATASETS=3825 | exportable_data_page | https://catalog.data.gov/?keyword=Digital+Mapping
[DATAGOV] t=7192.0s | pag=3945 | files=6614 | data=3825 | cola=21640 | prio=10 | https://catalog.data.gov/?keyword=Digital+Terrain+Model
[DATAGOV] t=7193.0s | pag=3946 | files=6614 | data=3826 | cola=21668 | prio=10 | https://catalog.data.gov/?keyword=Elevation
[DATAGOV] t=7193.8s | pag=3947 | files=6614 | data=3827 | cola=21691 | prio=10 | https://catalog.data.gov/harvest_record/af09bafe-4b63-4489-8aba-4c34675d4ca0/raw
[DATAGOV] t=7194.2s | pag=3947 | files=6615 | data=3827 | cola=21690 | prio=10 | https://catalog.data.gov/dataset/inventory-of-owned-and-leased-properties-iolp?from_hint=eyJrZXl3b3JkIjoiQlVJTERJTkdfU1RBVFVTIn0%3D
[DATAGOV] t=7196.0s | pag=3948 | files=6615 | data=3828 | cola=21689 | prio=10 | https://catalog.data.gov/dataset/inventory-of-owned-and-leased-properties-iolp?from_hint=eyJrZXl3b3JkIjoiQ2l0eSJ9
[DATAGOV] t=7197.3s | pag=3949 | files=6615 | data=3829 | cola=21688 | prio=10 | https://catalog.data.gov/dataset/www-fueleconomy-gov?from_hint=eyJrZXl3b3JkIjoiQ2l0eSJ9
[DATAGOV] t=7198.2s | pag=3950 | files=6615 | data=3830 | cola=21687 | prio=10 | https://catalog.data.gov/dataset/500-cities-city-boundaries?from_hint=eyJrZXl3b3JkIjoiQ2l0eSJ9

[BATCH] TIMEOUT DE FUENTE
